<?xml version="1.0" encoding="UTF-8" ?>
<gpx version="1.1" xmlns:xsi="http://www.w3.org/2001/XMLSchema-instance" 
    xmlns="http://www.topografix.com/GPX/1/1" 
    xsi:schemaLocation="http://www.topografix.com/GPX/1/1 http://www.topografix.com/GPX/1/1/gpx.xsd" 
    creator="Openrunner - https://www.openrunner.com" >	<trk>
						<name>10349608-Circuit n°18 Espace Cyclosport Aude en Pyrénées</name>
						<trkseg>
					<trkpt lat="42.822990" lon="2.021320">
						<ele>896</ele>
						<time>2019-08-09T10:50:07Z</time>
					</trkpt>
					<trkpt lat="42.822670" lon="2.021200">
						<ele>896</ele>
						<time>2019-08-09T10:50:13Z</time>
					</trkpt>
					<trkpt lat="42.822120" lon="2.021080">
						<ele>898</ele>
						<time>2019-08-09T10:50:23Z</time>
					</trkpt>
					<trkpt lat="42.821900" lon="2.021090">
						<ele>898</ele>
						<time>2019-08-09T10:50:27Z</time>
					</trkpt>
					<trkpt lat="42.821380" lon="2.021070">
						<ele>901</ele>
						<time>2019-08-09T10:50:36Z</time>
					</trkpt>
					<trkpt lat="42.821350" lon="2.021130">
						<ele>901</ele>
						<time>2019-08-09T10:50:37Z</time>
					</trkpt>
					<trkpt lat="42.821190" lon="2.022100">
						<ele>902</ele>
						<time>2019-08-09T10:50:50Z</time>
					</trkpt>
					<trkpt lat="42.821160" lon="2.022190">
						<ele>902</ele>
						<time>2019-08-09T10:50:51Z</time>
					</trkpt>
					<trkpt lat="42.821050" lon="2.022380">
						<ele>903</ele>
						<time>2019-08-09T10:50:54Z</time>
					</trkpt>
					<trkpt lat="42.820870" lon="2.023140">
						<ele>901</ele>
						<time>2019-08-09T10:51:05Z</time>
					</trkpt>
					<trkpt lat="42.820840" lon="2.024090">
						<ele>901</ele>
						<time>2019-08-09T10:51:17Z</time>
					</trkpt>
					<trkpt lat="42.820880" lon="2.024980">
						<ele>904</ele>
						<time>2019-08-09T10:51:29Z</time>
					</trkpt>
					<trkpt lat="42.820890" lon="2.025990">
						<ele>904</ele>
						<time>2019-08-09T10:51:42Z</time>
					</trkpt>
					<trkpt lat="42.821020" lon="2.026980">
						<ele>907</ele>
						<time>2019-08-09T10:51:55Z</time>
					</trkpt>
					<trkpt lat="42.821030" lon="2.027420">
						<ele>908</ele>
						<time>2019-08-09T10:52:01Z</time>
					</trkpt>
					<trkpt lat="42.820930" lon="2.028710">
						<ele>906</ele>
						<time>2019-08-09T10:52:18Z</time>
					</trkpt>
					<trkpt lat="42.821190" lon="2.029160">
						<ele>907</ele>
						<time>2019-08-09T10:52:25Z</time>
					</trkpt>
					<trkpt lat="42.821440" lon="2.029400">
						<ele>906</ele>
						<time>2019-08-09T10:52:31Z</time>
					</trkpt>
					<trkpt lat="42.821550" lon="2.029600">
						<ele>906</ele>
						<time>2019-08-09T10:52:34Z</time>
					</trkpt>
					<trkpt lat="42.821710" lon="2.030340">
						<ele>899</ele>
						<time>2019-08-09T10:52:44Z</time>
					</trkpt>
					<trkpt lat="42.821870" lon="2.030560">
						<ele>898</ele>
						<time>2019-08-09T10:52:48Z</time>
					</trkpt>
					<trkpt lat="42.822210" lon="2.030780">
						<ele>899</ele>
						<time>2019-08-09T10:52:55Z</time>
					</trkpt>
					<trkpt lat="42.822410" lon="2.030990">
						<ele>899</ele>
						<time>2019-08-09T10:52:59Z</time>
					</trkpt>
					<trkpt lat="42.822620" lon="2.031240">
						<ele>899</ele>
						<time>2019-08-09T10:53:04Z</time>
					</trkpt>
					<trkpt lat="42.822960" lon="2.031570">
						<ele>899</ele>
						<time>2019-08-09T10:53:12Z</time>
					</trkpt>
					<trkpt lat="42.823050" lon="2.031780">
						<ele>899</ele>
						<time>2019-08-09T10:53:15Z</time>
					</trkpt>
					<trkpt lat="42.823090" lon="2.032040">
						<ele>898</ele>
						<time>2019-08-09T10:53:18Z</time>
					</trkpt>
					<trkpt lat="42.823110" lon="2.033190">
						<ele>887</ele>
						<time>2019-08-09T10:53:33Z</time>
					</trkpt>
					<trkpt lat="42.823180" lon="2.033510">
						<ele>885</ele>
						<time>2019-08-09T10:53:38Z</time>
					</trkpt>
					<trkpt lat="42.823410" lon="2.033770">
						<ele>888</ele>
						<time>2019-08-09T10:53:43Z</time>
					</trkpt>
					<trkpt lat="42.823580" lon="2.034160">
						<ele>886</ele>
						<time>2019-08-09T10:53:49Z</time>
					</trkpt>
					<trkpt lat="42.823580" lon="2.034330">
						<ele>885</ele>
						<time>2019-08-09T10:53:51Z</time>
					</trkpt>
					<trkpt lat="42.823520" lon="2.034440">
						<ele>883</ele>
						<time>2019-08-09T10:53:53Z</time>
					</trkpt>
					<trkpt lat="42.823450" lon="2.034460">
						<ele>881</ele>
						<time>2019-08-09T10:53:54Z</time>
					</trkpt>
					<trkpt lat="42.823340" lon="2.034400">
						<ele>880</ele>
						<time>2019-08-09T10:53:56Z</time>
					</trkpt>
					<trkpt lat="42.823230" lon="2.034120">
						<ele>879</ele>
						<time>2019-08-09T10:54:00Z</time>
					</trkpt>
					<trkpt lat="42.822700" lon="2.033020">
						<ele>877</ele>
						<time>2019-08-09T10:54:18Z</time>
					</trkpt>
					<trkpt lat="42.822580" lon="2.032830">
						<ele>878</ele>
						<time>2019-08-09T10:54:21Z</time>
					</trkpt>
					<trkpt lat="42.822280" lon="2.032540">
						<ele>876</ele>
						<time>2019-08-09T10:54:27Z</time>
					</trkpt>
					<trkpt lat="42.821900" lon="2.032280">
						<ele>869</ele>
						<time>2019-08-09T10:54:35Z</time>
					</trkpt>
					<trkpt lat="42.821580" lon="2.031880">
						<ele>867</ele>
						<time>2019-08-09T10:54:43Z</time>
					</trkpt>
					<trkpt lat="42.821340" lon="2.031710">
						<ele>866</ele>
						<time>2019-08-09T10:54:48Z</time>
					</trkpt>
					<trkpt lat="42.821070" lon="2.031620">
						<ele>862</ele>
						<time>2019-08-09T10:54:52Z</time>
					</trkpt>
					<trkpt lat="42.820640" lon="2.031510">
						<ele>857</ele>
						<time>2019-08-09T10:55:00Z</time>
					</trkpt>
					<trkpt lat="42.820480" lon="2.031370">
						<ele>858</ele>
						<time>2019-08-09T10:55:04Z</time>
					</trkpt>
					<trkpt lat="42.820340" lon="2.031180">
						<ele>860</ele>
						<time>2019-08-09T10:55:07Z</time>
					</trkpt>
					<trkpt lat="42.820210" lon="2.031160">
						<ele>859</ele>
						<time>2019-08-09T10:55:10Z</time>
					</trkpt>
					<trkpt lat="42.820140" lon="2.031260">
						<ele>856</ele>
						<time>2019-08-09T10:55:11Z</time>
					</trkpt>
					<trkpt lat="42.820160" lon="2.031470">
						<ele>851</ele>
						<time>2019-08-09T10:55:14Z</time>
					</trkpt>
					<trkpt lat="42.820250" lon="2.031600">
						<ele>849</ele>
						<time>2019-08-09T10:55:16Z</time>
					</trkpt>
					<trkpt lat="42.820680" lon="2.031860">
						<ele>850</ele>
						<time>2019-08-09T10:55:25Z</time>
					</trkpt>
					<trkpt lat="42.821020" lon="2.032160">
						<ele>850</ele>
						<time>2019-08-09T10:55:32Z</time>
					</trkpt>
					<trkpt lat="42.821180" lon="2.032480">
						<ele>848</ele>
						<time>2019-08-09T10:55:37Z</time>
					</trkpt>
					<trkpt lat="42.821250" lon="2.032910">
						<ele>842</ele>
						<time>2019-08-09T10:55:43Z</time>
					</trkpt>
					<trkpt lat="42.821380" lon="2.033290">
						<ele>839</ele>
						<time>2019-08-09T10:55:48Z</time>
					</trkpt>
					<trkpt lat="42.821550" lon="2.033510">
						<ele>840</ele>
						<time>2019-08-09T10:55:52Z</time>
					</trkpt>
					<trkpt lat="42.821770" lon="2.033700">
						<ele>843</ele>
						<time>2019-08-09T10:55:57Z</time>
					</trkpt>
					<trkpt lat="42.821980" lon="2.034030">
						<ele>843</ele>
						<time>2019-08-09T10:56:03Z</time>
					</trkpt>
					<trkpt lat="42.822080" lon="2.034370">
						<ele>842</ele>
						<time>2019-08-09T10:56:08Z</time>
					</trkpt>
					<trkpt lat="42.822110" lon="2.034670">
						<ele>840</ele>
						<time>2019-08-09T10:56:11Z</time>
					</trkpt>
					<trkpt lat="42.822060" lon="2.034960">
						<ele>836</ele>
						<time>2019-08-09T10:56:15Z</time>
					</trkpt>
					<trkpt lat="42.821990" lon="2.035230">
						<ele>831</ele>
						<time>2019-08-09T10:56:19Z</time>
					</trkpt>
					<trkpt lat="42.821990" lon="2.035720">
						<ele>828</ele>
						<time>2019-08-09T10:56:26Z</time>
					</trkpt>
					<trkpt lat="42.822040" lon="2.035890">
						<ele>828</ele>
						<time>2019-08-09T10:56:28Z</time>
					</trkpt>
					<trkpt lat="42.822040" lon="2.036060">
						<ele>825</ele>
						<time>2019-08-09T10:56:30Z</time>
					</trkpt>
					<trkpt lat="42.821970" lon="2.036130">
						<ele>822</ele>
						<time>2019-08-09T10:56:32Z</time>
					</trkpt>
					<trkpt lat="42.821870" lon="2.036100">
						<ele>820</ele>
						<time>2019-08-09T10:56:33Z</time>
					</trkpt>
					<trkpt lat="42.821830" lon="2.035870">
						<ele>823</ele>
						<time>2019-08-09T10:56:37Z</time>
					</trkpt>
					<trkpt lat="42.821840" lon="2.035430">
						<ele>826</ele>
						<time>2019-08-09T10:56:42Z</time>
					</trkpt>
					<trkpt lat="42.821760" lon="2.034770">
						<ele>828</ele>
						<time>2019-08-09T10:56:51Z</time>
					</trkpt>
					<trkpt lat="42.821670" lon="2.034580">
						<ele>828</ele>
						<time>2019-08-09T10:56:54Z</time>
					</trkpt>
					<trkpt lat="42.821550" lon="2.034430">
						<ele>826</ele>
						<time>2019-08-09T10:56:57Z</time>
					</trkpt>
					<trkpt lat="42.821320" lon="2.034350">
						<ele>821</ele>
						<time>2019-08-09T10:57:01Z</time>
					</trkpt>
					<trkpt lat="42.821090" lon="2.034240">
						<ele>815</ele>
						<time>2019-08-09T10:57:05Z</time>
					</trkpt>
					<trkpt lat="42.820410" lon="2.033410">
						<ele>809</ele>
						<time>2019-08-09T10:57:22Z</time>
					</trkpt>
					<trkpt lat="42.819940" lon="2.033040">
						<ele>806</ele>
						<time>2019-08-09T10:57:31Z</time>
					</trkpt>
					<trkpt lat="42.819590" lon="2.032920">
						<ele>810</ele>
						<time>2019-08-09T10:57:38Z</time>
					</trkpt>
					<trkpt lat="42.819400" lon="2.032900">
						<ele>811</ele>
						<time>2019-08-09T10:57:41Z</time>
					</trkpt>
					<trkpt lat="42.819180" lon="2.032940">
						<ele>810</ele>
						<time>2019-08-09T10:57:45Z</time>
					</trkpt>
					<trkpt lat="42.819030" lon="2.033090">
						<ele>810</ele>
						<time>2019-08-09T10:57:48Z</time>
					</trkpt>
					<trkpt lat="42.818900" lon="2.033350">
						<ele>808</ele>
						<time>2019-08-09T10:57:53Z</time>
					</trkpt>
					<trkpt lat="42.818780" lon="2.033980">
						<ele>804</ele>
						<time>2019-08-09T10:58:01Z</time>
					</trkpt>
					<trkpt lat="42.818680" lon="2.034660">
						<ele>798</ele>
						<time>2019-08-09T10:58:10Z</time>
					</trkpt>
					<trkpt lat="42.818590" lon="2.035050">
						<ele>794</ele>
						<time>2019-08-09T10:58:15Z</time>
					</trkpt>
					<trkpt lat="42.818460" lon="2.035360">
						<ele>790</ele>
						<time>2019-08-09T10:58:20Z</time>
					</trkpt>
					<trkpt lat="42.818240" lon="2.035560">
						<ele>791</ele>
						<time>2019-08-09T10:58:25Z</time>
					</trkpt>
					<trkpt lat="42.818030" lon="2.035860">
						<ele>788</ele>
						<time>2019-08-09T10:58:30Z</time>
					</trkpt>
					<trkpt lat="42.817700" lon="2.036270">
						<ele>784</ele>
						<time>2019-08-09T10:58:38Z</time>
					</trkpt>
					<trkpt lat="42.817540" lon="2.036590">
						<ele>778</ele>
						<time>2019-08-09T10:58:43Z</time>
					</trkpt>
					<trkpt lat="42.817380" lon="2.036720">
						<ele>779</ele>
						<time>2019-08-09T10:58:47Z</time>
					</trkpt>
					<trkpt lat="42.817110" lon="2.037300">
						<ele>770</ele>
						<time>2019-08-09T10:58:55Z</time>
					</trkpt>
					<trkpt lat="42.816790" lon="2.037500">
						<ele>771</ele>
						<time>2019-08-09T10:59:02Z</time>
					</trkpt>
					<trkpt lat="42.816570" lon="2.037440">
						<ele>773</ele>
						<time>2019-08-09T10:59:06Z</time>
					</trkpt>
					<trkpt lat="42.815880" lon="2.037090">
						<ele>773</ele>
						<time>2019-08-09T10:59:19Z</time>
					</trkpt>
					<trkpt lat="42.815450" lon="2.036920">
						<ele>773</ele>
						<time>2019-08-09T10:59:27Z</time>
					</trkpt>
					<trkpt lat="42.814850" lon="2.036900">
						<ele>763</ele>
						<time>2019-08-09T10:59:37Z</time>
					</trkpt>
					<trkpt lat="42.814520" lon="2.036780">
						<ele>759</ele>
						<time>2019-08-09T10:59:44Z</time>
					</trkpt>
					<trkpt lat="42.814040" lon="2.036270">
						<ele>761</ele>
						<time>2019-08-09T10:59:54Z</time>
					</trkpt>
					<trkpt lat="42.813770" lon="2.036010">
						<ele>760</ele>
						<time>2019-08-09T11:00:00Z</time>
					</trkpt>
					<trkpt lat="42.813510" lon="2.035840">
						<ele>755</ele>
						<time>2019-08-09T11:00:05Z</time>
					</trkpt>
					<trkpt lat="42.813340" lon="2.035760">
						<ele>752</ele>
						<time>2019-08-09T11:00:09Z</time>
					</trkpt>
					<trkpt lat="42.813240" lon="2.035760">
						<ele>752</ele>
						<time>2019-08-09T11:00:10Z</time>
					</trkpt>
					<trkpt lat="42.813140" lon="2.035810">
						<ele>751</ele>
						<time>2019-08-09T11:00:12Z</time>
					</trkpt>
					<trkpt lat="42.813130" lon="2.035800">
						<ele>751</ele>
						<time>2019-08-09T11:00:12Z</time>
					</trkpt>
					<trkpt lat="42.813660" lon="2.036330">
						<ele>752</ele>
						<time>2019-08-09T11:00:24Z</time>
					</trkpt>
					<trkpt lat="42.814490" lon="2.037000">
						<ele>753</ele>
						<time>2019-08-09T11:00:41Z</time>
					</trkpt>
					<trkpt lat="42.815570" lon="2.037650">
						<ele>750</ele>
						<time>2019-08-09T11:01:02Z</time>
					</trkpt>
					<trkpt lat="42.816610" lon="2.038080">
						<ele>754</ele>
						<time>2019-08-09T11:01:22Z</time>
					</trkpt>
					<trkpt lat="42.817020" lon="2.038200">
						<ele>747</ele>
						<time>2019-08-09T11:01:29Z</time>
					</trkpt>
					<trkpt lat="42.817300" lon="2.038080">
						<ele>747</ele>
						<time>2019-08-09T11:01:34Z</time>
					</trkpt>
					<trkpt lat="42.817640" lon="2.037460">
						<ele>755</ele>
						<time>2019-08-09T11:01:44Z</time>
					</trkpt>
					<trkpt lat="42.817960" lon="2.037150">
						<ele>752</ele>
						<time>2019-08-09T11:01:51Z</time>
					</trkpt>
					<trkpt lat="42.818750" lon="2.036740">
						<ele>744</ele>
						<time>2019-08-09T11:02:06Z</time>
					</trkpt>
					<trkpt lat="42.819520" lon="2.036670">
						<ele>740</ele>
						<time>2019-08-09T11:02:20Z</time>
					</trkpt>
					<trkpt lat="42.819980" lon="2.036680">
						<ele>744</ele>
						<time>2019-08-09T11:02:28Z</time>
					</trkpt>
					<trkpt lat="42.820230" lon="2.036890">
						<ele>749</ele>
						<time>2019-08-09T11:02:34Z</time>
					</trkpt>
					<trkpt lat="42.820480" lon="2.037500">
						<ele>748</ele>
						<time>2019-08-09T11:02:43Z</time>
					</trkpt>
					<trkpt lat="42.820880" lon="2.038060">
						<ele>745</ele>
						<time>2019-08-09T11:02:53Z</time>
					</trkpt>
					<trkpt lat="42.821610" lon="2.038780">
						<ele>740</ele>
						<time>2019-08-09T11:03:09Z</time>
					</trkpt>
					<trkpt lat="42.822540" lon="2.039780">
						<ele>729</ele>
						<time>2019-08-09T11:03:30Z</time>
					</trkpt>
					<trkpt lat="42.822910" lon="2.040350">
						<ele>728</ele>
						<time>2019-08-09T11:03:40Z</time>
					</trkpt>
					<trkpt lat="42.823850" lon="2.042010">
						<ele>726</ele>
						<time>2019-08-09T11:04:07Z</time>
					</trkpt>
					<trkpt lat="42.824580" lon="2.043040">
						<ele>728</ele>
						<time>2019-08-09T11:04:26Z</time>
					</trkpt>
					<trkpt lat="42.824980" lon="2.043830">
						<ele>724</ele>
						<time>2019-08-09T11:04:39Z</time>
					</trkpt>
					<trkpt lat="42.825110" lon="2.044260">
						<ele>721</ele>
						<time>2019-08-09T11:04:45Z</time>
					</trkpt>
					<trkpt lat="42.825180" lon="2.046400">
						<ele>717</ele>
						<time>2019-08-09T11:05:13Z</time>
					</trkpt>
					<trkpt lat="42.825240" lon="2.047400">
						<ele>715</ele>
						<time>2019-08-09T11:05:26Z</time>
					</trkpt>
					<trkpt lat="42.825350" lon="2.047640">
						<ele>714</ele>
						<time>2019-08-09T11:05:29Z</time>
					</trkpt>
					<trkpt lat="42.825570" lon="2.048040">
						<ele>713</ele>
						<time>2019-08-09T11:05:36Z</time>
					</trkpt>
					<trkpt lat="42.825810" lon="2.048540">
						<ele>712</ele>
						<time>2019-08-09T11:05:44Z</time>
					</trkpt>
					<trkpt lat="42.825860" lon="2.048850">
						<ele>712</ele>
						<time>2019-08-09T11:05:48Z</time>
					</trkpt>
					<trkpt lat="42.826020" lon="2.050700">
						<ele>711</ele>
						<time>2019-08-09T11:06:12Z</time>
					</trkpt>
					<trkpt lat="42.826310" lon="2.053460">
						<ele>715</ele>
						<time>2019-08-09T11:06:49Z</time>
					</trkpt>
					<trkpt lat="42.826510" lon="2.053850">
						<ele>710</ele>
						<time>2019-08-09T11:06:55Z</time>
					</trkpt>
					<trkpt lat="42.826860" lon="2.054060">
						<ele>707</ele>
						<time>2019-08-09T11:07:02Z</time>
					</trkpt>
					<trkpt lat="42.827220" lon="2.054190">
						<ele>708</ele>
						<time>2019-08-09T11:07:08Z</time>
					</trkpt>
					<trkpt lat="42.827530" lon="2.054420">
						<ele>709</ele>
						<time>2019-08-09T11:07:14Z</time>
					</trkpt>
					<trkpt lat="42.827680" lon="2.054750">
						<ele>708</ele>
						<time>2019-08-09T11:07:20Z</time>
					</trkpt>
					<trkpt lat="42.827790" lon="2.055070">
						<ele>706</ele>
						<time>2019-08-09T11:07:24Z</time>
					</trkpt>
					<trkpt lat="42.827950" lon="2.055170">
						<ele>707</ele>
						<time>2019-08-09T11:07:27Z</time>
					</trkpt>
					<trkpt lat="42.828680" lon="2.054850">
						<ele>708</ele>
						<time>2019-08-09T11:07:41Z</time>
					</trkpt>
					<trkpt lat="42.829230" lon="2.054890">
						<ele>708</ele>
						<time>2019-08-09T11:07:51Z</time>
					</trkpt>
					<trkpt lat="42.829800" lon="2.055010">
						<ele>718</ele>
						<time>2019-08-09T11:08:01Z</time>
					</trkpt>
					<trkpt lat="42.830000" lon="2.055120">
						<ele>720</ele>
						<time>2019-08-09T11:08:05Z</time>
					</trkpt>
					<trkpt lat="42.830200" lon="2.055510">
						<ele>719</ele>
						<time>2019-08-09T11:08:11Z</time>
					</trkpt>
					<trkpt lat="42.830410" lon="2.056430">
						<ele>708</ele>
						<time>2019-08-09T11:08:24Z</time>
					</trkpt>
					<trkpt lat="42.830570" lon="2.056670">
						<ele>703</ele>
						<time>2019-08-09T11:08:28Z</time>
					</trkpt>
					<trkpt lat="42.830820" lon="2.056860">
						<ele>703</ele>
						<time>2019-08-09T11:08:33Z</time>
					</trkpt>
					<trkpt lat="42.831010" lon="2.056790">
						<ele>703</ele>
						<time>2019-08-09T11:08:36Z</time>
					</trkpt>
					<trkpt lat="42.831240" lon="2.056560">
						<ele>706</ele>
						<time>2019-08-09T11:08:42Z</time>
					</trkpt>
					<trkpt lat="42.831450" lon="2.056390">
						<ele>712</ele>
						<time>2019-08-09T11:08:46Z</time>
					</trkpt>
					<trkpt lat="42.831710" lon="2.056310">
						<ele>715</ele>
						<time>2019-08-09T11:08:51Z</time>
					</trkpt>
					<trkpt lat="42.832040" lon="2.056320">
						<ele>718</ele>
						<time>2019-08-09T11:08:56Z</time>
					</trkpt>
					<trkpt lat="42.832320" lon="2.056390">
						<ele>718</ele>
						<time>2019-08-09T11:09:02Z</time>
					</trkpt>
					<trkpt lat="42.832590" lon="2.056670">
						<ele>707</ele>
						<time>2019-08-09T11:09:08Z</time>
					</trkpt>
					<trkpt lat="42.832760" lon="2.056790">
						<ele>708</ele>
						<time>2019-08-09T11:09:11Z</time>
					</trkpt>
					<trkpt lat="42.833020" lon="2.056800">
						<ele>707</ele>
						<time>2019-08-09T11:09:16Z</time>
					</trkpt>
					<trkpt lat="42.833340" lon="2.056550">
						<ele>710</ele>
						<time>2019-08-09T11:09:22Z</time>
					</trkpt>
					<trkpt lat="42.833770" lon="2.056290">
						<ele>720</ele>
						<time>2019-08-09T11:09:31Z</time>
					</trkpt>
					<trkpt lat="42.834040" lon="2.056270">
						<ele>720</ele>
						<time>2019-08-09T11:09:35Z</time>
					</trkpt>
					<trkpt lat="42.834340" lon="2.056480">
						<ele>717</ele>
						<time>2019-08-09T11:09:41Z</time>
					</trkpt>
					<trkpt lat="42.834510" lon="2.056750">
						<ele>715</ele>
						<time>2019-08-09T11:09:46Z</time>
					</trkpt>
					<trkpt lat="42.834650" lon="2.057180">
						<ele>714</ele>
						<time>2019-08-09T11:09:52Z</time>
					</trkpt>
					<trkpt lat="42.834670" lon="2.057880">
						<ele>709</ele>
						<time>2019-08-09T11:10:01Z</time>
					</trkpt>
					<trkpt lat="42.834780" lon="2.058850">
						<ele>709</ele>
						<time>2019-08-09T11:10:14Z</time>
					</trkpt>
					<trkpt lat="42.835010" lon="2.059470">
						<ele>703</ele>
						<time>2019-08-09T11:10:23Z</time>
					</trkpt>
					<trkpt lat="42.835780" lon="2.060410">
						<ele>715</ele>
						<time>2019-08-09T11:10:42Z</time>
					</trkpt>
					<trkpt lat="42.836070" lon="2.060880">
						<ele>719</ele>
						<time>2019-08-09T11:10:50Z</time>
					</trkpt>
					<trkpt lat="42.836400" lon="2.061630">
						<ele>732</ele>
						<time>2019-08-09T11:11:01Z</time>
					</trkpt>
					<trkpt lat="42.836410" lon="2.062270">
						<ele>732</ele>
						<time>2019-08-09T11:11:09Z</time>
					</trkpt>
					<trkpt lat="42.836530" lon="2.062750">
						<ele>720</ele>
						<time>2019-08-09T11:11:16Z</time>
					</trkpt>
					<trkpt lat="42.836790" lon="2.063000">
						<ele>708</ele>
						<time>2019-08-09T11:11:22Z</time>
					</trkpt>
					<trkpt lat="42.837030" lon="2.063250">
						<ele>706</ele>
						<time>2019-08-09T11:11:27Z</time>
					</trkpt>
					<trkpt lat="42.837120" lon="2.063630">
						<ele>698</ele>
						<time>2019-08-09T11:11:32Z</time>
					</trkpt>
					<trkpt lat="42.837110" lon="2.064080">
						<ele>688</ele>
						<time>2019-08-09T11:11:38Z</time>
					</trkpt>
					<trkpt lat="42.836990" lon="2.064450">
						<ele>688</ele>
						<time>2019-08-09T11:11:43Z</time>
					</trkpt>
					<trkpt lat="42.836920" lon="2.064530">
						<ele>689</ele>
						<time>2019-08-09T11:11:45Z</time>
					</trkpt>
					<trkpt lat="42.836810" lon="2.064600">
						<ele>689</ele>
						<time>2019-08-09T11:11:47Z</time>
					</trkpt>
					<trkpt lat="42.836720" lon="2.064600">
						<ele>689</ele>
						<time>2019-08-09T11:11:49Z</time>
					</trkpt>
					<trkpt lat="42.836600" lon="2.064540">
						<ele>691</ele>
						<time>2019-08-09T11:11:51Z</time>
					</trkpt>
					<trkpt lat="42.836390" lon="2.064500">
						<ele>697</ele>
						<time>2019-08-09T11:11:55Z</time>
					</trkpt>
					<trkpt lat="42.836230" lon="2.064520">
						<ele>702</ele>
						<time>2019-08-09T11:11:58Z</time>
					</trkpt>
					<trkpt lat="42.835990" lon="2.064650">
						<ele>706</ele>
						<time>2019-08-09T11:12:02Z</time>
					</trkpt>
					<trkpt lat="42.835600" lon="2.065130">
						<ele>706</ele>
						<time>2019-08-09T11:12:12Z</time>
					</trkpt>
					<trkpt lat="42.835510" lon="2.065350">
						<ele>707</ele>
						<time>2019-08-09T11:12:15Z</time>
					</trkpt>
					<trkpt lat="42.835520" lon="2.065480">
						<ele>707</ele>
						<time>2019-08-09T11:12:17Z</time>
					</trkpt>
					<trkpt lat="42.835430" lon="2.065960">
						<ele>703</ele>
						<time>2019-08-09T11:12:23Z</time>
					</trkpt>
					<trkpt lat="42.835150" lon="2.066340">
						<ele>689</ele>
						<time>2019-08-09T11:12:30Z</time>
					</trkpt>
					<trkpt lat="42.834850" lon="2.067380">
						<ele>688</ele>
						<time>2019-08-09T11:12:45Z</time>
					</trkpt>
					<trkpt lat="42.834660" lon="2.067720">
						<ele>693</ele>
						<time>2019-08-09T11:12:50Z</time>
					</trkpt>
					<trkpt lat="42.834600" lon="2.068110">
						<ele>697</ele>
						<time>2019-08-09T11:12:55Z</time>
					</trkpt>
					<trkpt lat="42.834570" lon="2.068720">
						<ele>698</ele>
						<time>2019-08-09T11:13:03Z</time>
					</trkpt>
					<trkpt lat="42.834620" lon="2.069040">
						<ele>702</ele>
						<time>2019-08-09T11:13:08Z</time>
					</trkpt>
					<trkpt lat="42.834530" lon="2.069250">
						<ele>696</ele>
						<time>2019-08-09T11:13:11Z</time>
					</trkpt>
					<trkpt lat="42.834190" lon="2.069560">
						<ele>671</ele>
						<time>2019-08-09T11:13:18Z</time>
					</trkpt>
					<trkpt lat="42.834120" lon="2.069950">
						<ele>677</ele>
						<time>2019-08-09T11:13:23Z</time>
					</trkpt>
					<trkpt lat="42.833970" lon="2.070090">
						<ele>674</ele>
						<time>2019-08-09T11:13:27Z</time>
					</trkpt>
					<trkpt lat="42.833610" lon="2.070360">
						<ele>665</ele>
						<time>2019-08-09T11:13:34Z</time>
					</trkpt>
					<trkpt lat="42.833230" lon="2.070710">
						<ele>655</ele>
						<time>2019-08-09T11:13:42Z</time>
					</trkpt>
					<trkpt lat="42.832830" lon="2.071380">
						<ele>654</ele>
						<time>2019-08-09T11:13:53Z</time>
					</trkpt>
					<trkpt lat="42.831460" lon="2.074700">
						<ele>644</ele>
						<time>2019-08-09T11:14:43Z</time>
					</trkpt>
					<trkpt lat="42.830890" lon="2.076300">
						<ele>632</ele>
						<time>2019-08-09T11:15:06Z</time>
					</trkpt>
					<trkpt lat="42.830650" lon="2.077220">
						<ele>631</ele>
						<time>2019-08-09T11:15:19Z</time>
					</trkpt>
					<trkpt lat="42.830310" lon="2.078150">
						<ele>631</ele>
						<time>2019-08-09T11:15:33Z</time>
					</trkpt>
					<trkpt lat="42.830020" lon="2.078500">
						<ele>622</ele>
						<time>2019-08-09T11:15:39Z</time>
					</trkpt>
					<trkpt lat="42.829820" lon="2.078840">
						<ele>622</ele>
						<time>2019-08-09T11:15:45Z</time>
					</trkpt>
					<trkpt lat="42.829680" lon="2.079390">
						<ele>623</ele>
						<time>2019-08-09T11:15:53Z</time>
					</trkpt>
					<trkpt lat="42.829600" lon="2.080230">
						<ele>626</ele>
						<time>2019-08-09T11:16:04Z</time>
					</trkpt>
					<trkpt lat="42.829220" lon="2.081510">
						<ele>626</ele>
						<time>2019-08-09T11:16:22Z</time>
					</trkpt>
					<trkpt lat="42.828530" lon="2.082450">
						<ele>609</ele>
						<time>2019-08-09T11:16:39Z</time>
					</trkpt>
					<trkpt lat="42.828480" lon="2.082900">
						<ele>608</ele>
						<time>2019-08-09T11:16:45Z</time>
					</trkpt>
					<trkpt lat="42.828460" lon="2.084770">
						<ele>611</ele>
						<time>2019-08-09T11:17:09Z</time>
					</trkpt>
					<trkpt lat="42.828330" lon="2.085200">
						<ele>608</ele>
						<time>2019-08-09T11:17:16Z</time>
					</trkpt>
					<trkpt lat="42.827850" lon="2.085920">
						<ele>603</ele>
						<time>2019-08-09T11:17:28Z</time>
					</trkpt>
					<trkpt lat="42.827390" lon="2.086320">
						<ele>596</ele>
						<time>2019-08-09T11:17:38Z</time>
					</trkpt>
					<trkpt lat="42.827200" lon="2.086590">
						<ele>596</ele>
						<time>2019-08-09T11:17:43Z</time>
					</trkpt>
					<trkpt lat="42.827060" lon="2.087000">
						<ele>594</ele>
						<time>2019-08-09T11:17:49Z</time>
					</trkpt>
					<trkpt lat="42.827020" lon="2.087220">
						<ele>593</ele>
						<time>2019-08-09T11:17:52Z</time>
					</trkpt>
					<trkpt lat="42.827020" lon="2.087410">
						<ele>593</ele>
						<time>2019-08-09T11:17:54Z</time>
					</trkpt>
					<trkpt lat="42.827050" lon="2.087620">
						<ele>594</ele>
						<time>2019-08-09T11:17:57Z</time>
					</trkpt>
					<trkpt lat="42.827360" lon="2.089070">
						<ele>596</ele>
						<time>2019-08-09T11:18:17Z</time>
					</trkpt>
					<trkpt lat="42.827360" lon="2.089270">
						<ele>596</ele>
						<time>2019-08-09T11:18:19Z</time>
					</trkpt>
					<trkpt lat="42.827320" lon="2.089470">
						<ele>595</ele>
						<time>2019-08-09T11:18:22Z</time>
					</trkpt>
					<trkpt lat="42.827020" lon="2.090620">
						<ele>593</ele>
						<time>2019-08-09T11:18:38Z</time>
					</trkpt>
					<trkpt lat="42.826980" lon="2.090850">
						<ele>592</ele>
						<time>2019-08-09T11:18:41Z</time>
					</trkpt>
					<trkpt lat="42.826980" lon="2.091080">
						<ele>593</ele>
						<time>2019-08-09T11:18:44Z</time>
					</trkpt>
					<trkpt lat="42.827010" lon="2.091350">
						<ele>595</ele>
						<time>2019-08-09T11:18:48Z</time>
					</trkpt>
					<trkpt lat="42.827060" lon="2.091680">
						<ele>596</ele>
						<time>2019-08-09T11:18:52Z</time>
					</trkpt>
					<trkpt lat="42.827210" lon="2.092390">
						<ele>599</ele>
						<time>2019-08-09T11:19:02Z</time>
					</trkpt>
					<trkpt lat="42.827240" lon="2.092580">
						<ele>599</ele>
						<time>2019-08-09T11:19:04Z</time>
					</trkpt>
					<trkpt lat="42.827240" lon="2.092750">
						<ele>599</ele>
						<time>2019-08-09T11:19:06Z</time>
					</trkpt>
					<trkpt lat="42.827150" lon="2.093390">
						<ele>599</ele>
						<time>2019-08-09T11:19:15Z</time>
					</trkpt>
					<trkpt lat="42.827130" lon="2.093680">
						<ele>597</ele>
						<time>2019-08-09T11:19:19Z</time>
					</trkpt>
					<trkpt lat="42.827150" lon="2.094030">
						<ele>595</ele>
						<time>2019-08-09T11:19:23Z</time>
					</trkpt>
					<trkpt lat="42.827130" lon="2.094240">
						<ele>594</ele>
						<time>2019-08-09T11:19:26Z</time>
					</trkpt>
					<trkpt lat="42.826960" lon="2.094860">
						<ele>591</ele>
						<time>2019-08-09T11:19:35Z</time>
					</trkpt>
					<trkpt lat="42.826930" lon="2.095050">
						<ele>589</ele>
						<time>2019-08-09T11:19:37Z</time>
					</trkpt>
					<trkpt lat="42.827020" lon="2.095440">
						<ele>587</ele>
						<time>2019-08-09T11:19:43Z</time>
					</trkpt>
					<trkpt lat="42.827330" lon="2.096140">
						<ele>582</ele>
						<time>2019-08-09T11:19:53Z</time>
					</trkpt>
					<trkpt lat="42.827680" lon="2.096450">
						<ele>580</ele>
						<time>2019-08-09T11:20:01Z</time>
					</trkpt>
					<trkpt lat="42.828130" lon="2.097050">
						<ele>576</ele>
						<time>2019-08-09T11:20:12Z</time>
					</trkpt>
					<trkpt lat="42.829000" lon="2.098410">
						<ele>578</ele>
						<time>2019-08-09T11:20:35Z</time>
					</trkpt>
					<trkpt lat="42.829790" lon="2.099730">
						<ele>581</ele>
						<time>2019-08-09T11:20:58Z</time>
					</trkpt>
					<trkpt lat="42.830010" lon="2.100290">
						<ele>574</ele>
						<time>2019-08-09T11:21:06Z</time>
					</trkpt>
					<trkpt lat="42.830110" lon="2.100840">
						<ele>573</ele>
						<time>2019-08-09T11:21:13Z</time>
					</trkpt>
					<trkpt lat="42.830140" lon="2.101600">
						<ele>579</ele>
						<time>2019-08-09T11:21:23Z</time>
					</trkpt>
					<trkpt lat="42.830360" lon="2.102050">
						<ele>584</ele>
						<time>2019-08-09T11:21:30Z</time>
					</trkpt>
					<trkpt lat="42.831620" lon="2.103680">
						<ele>566</ele>
						<time>2019-08-09T11:22:01Z</time>
					</trkpt>
					<trkpt lat="42.831830" lon="2.104290">
						<ele>563</ele>
						<time>2019-08-09T11:22:10Z</time>
					</trkpt>
					<trkpt lat="42.832060" lon="2.105010">
						<ele>569</ele>
						<time>2019-08-09T11:22:20Z</time>
					</trkpt>
					<trkpt lat="42.832630" lon="2.106170">
						<ele>567</ele>
						<time>2019-08-09T11:22:38Z</time>
					</trkpt>
					<trkpt lat="42.832760" lon="2.106640">
						<ele>572</ele>
						<time>2019-08-09T11:22:45Z</time>
					</trkpt>
					<trkpt lat="42.832790" lon="2.107170">
						<ele>574</ele>
						<time>2019-08-09T11:22:52Z</time>
					</trkpt>
					<trkpt lat="42.832720" lon="2.107590">
						<ele>570</ele>
						<time>2019-08-09T11:22:58Z</time>
					</trkpt>
					<trkpt lat="42.832590" lon="2.108090">
						<ele>562</ele>
						<time>2019-08-09T11:23:04Z</time>
					</trkpt>
					<trkpt lat="42.832490" lon="2.108680">
						<ele>561</ele>
						<time>2019-08-09T11:23:12Z</time>
					</trkpt>
					<trkpt lat="42.832380" lon="2.108890">
						<ele>562</ele>
						<time>2019-08-09T11:23:16Z</time>
					</trkpt>
					<trkpt lat="42.832040" lon="2.109400">
						<ele>560</ele>
						<time>2019-08-09T11:23:25Z</time>
					</trkpt>
					<trkpt lat="42.831950" lon="2.109700">
						<ele>561</ele>
						<time>2019-08-09T11:23:29Z</time>
					</trkpt>
					<trkpt lat="42.831800" lon="2.110020">
						<ele>556</ele>
						<time>2019-08-09T11:23:34Z</time>
					</trkpt>
					<trkpt lat="42.831590" lon="2.110850">
						<ele>553</ele>
						<time>2019-08-09T11:23:45Z</time>
					</trkpt>
					<trkpt lat="42.831640" lon="2.111730">
						<ele>558</ele>
						<time>2019-08-09T11:23:57Z</time>
					</trkpt>
					<trkpt lat="42.831500" lon="2.112070">
						<ele>558</ele>
						<time>2019-08-09T11:24:02Z</time>
					</trkpt>
					<trkpt lat="42.831390" lon="2.112720">
						<ele>558</ele>
						<time>2019-08-09T11:24:11Z</time>
					</trkpt>
					<trkpt lat="42.831070" lon="2.115150">
						<ele>549</ele>
						<time>2019-08-09T11:24:43Z</time>
					</trkpt>
					<trkpt lat="42.830920" lon="2.115730">
						<ele>547</ele>
						<time>2019-08-09T11:24:51Z</time>
					</trkpt>
					<trkpt lat="42.830700" lon="2.116330">
						<ele>551</ele>
						<time>2019-08-09T11:25:00Z</time>
					</trkpt>
					<trkpt lat="42.830540" lon="2.116650">
						<ele>552</ele>
						<time>2019-08-09T11:25:05Z</time>
					</trkpt>
					<trkpt lat="42.830480" lon="2.117130">
						<ele>553</ele>
						<time>2019-08-09T11:25:11Z</time>
					</trkpt>
					<trkpt lat="42.830490" lon="2.117620">
						<ele>553</ele>
						<time>2019-08-09T11:25:17Z</time>
					</trkpt>
					<trkpt lat="42.830770" lon="2.118550">
						<ele>559</ele>
						<time>2019-08-09T11:25:31Z</time>
					</trkpt>
					<trkpt lat="42.830760" lon="2.118960">
						<ele>560</ele>
						<time>2019-08-09T11:25:36Z</time>
					</trkpt>
					<trkpt lat="42.830410" lon="2.120400">
						<ele>556</ele>
						<time>2019-08-09T11:25:56Z</time>
					</trkpt>
					<trkpt lat="42.830230" lon="2.120700">
						<ele>550</ele>
						<time>2019-08-09T11:26:01Z</time>
					</trkpt>
					<trkpt lat="42.830020" lon="2.120940">
						<ele>541</ele>
						<time>2019-08-09T11:26:06Z</time>
					</trkpt>
					<trkpt lat="42.829910" lon="2.121240">
						<ele>542</ele>
						<time>2019-08-09T11:26:10Z</time>
					</trkpt>
					<trkpt lat="42.829830" lon="2.122660">
						<ele>552</ele>
						<time>2019-08-09T11:26:29Z</time>
					</trkpt>
					<trkpt lat="42.829750" lon="2.123170">
						<ele>555</ele>
						<time>2019-08-09T11:26:35Z</time>
					</trkpt>
					<trkpt lat="42.829450" lon="2.123810">
						<ele>549</ele>
						<time>2019-08-09T11:26:45Z</time>
					</trkpt>
					<trkpt lat="42.829180" lon="2.124800">
						<ele>539</ele>
						<time>2019-08-09T11:26:59Z</time>
					</trkpt>
					<trkpt lat="42.828750" lon="2.125820">
						<ele>540</ele>
						<time>2019-08-09T11:27:14Z</time>
					</trkpt>
					<trkpt lat="42.828610" lon="2.126390">
						<ele>541</ele>
						<time>2019-08-09T11:27:22Z</time>
					</trkpt>
					<trkpt lat="42.828630" lon="2.127460">
						<ele>546</ele>
						<time>2019-08-09T11:27:36Z</time>
					</trkpt>
					<trkpt lat="42.828670" lon="2.128370">
						<ele>548</ele>
						<time>2019-08-09T11:27:48Z</time>
					</trkpt>
					<trkpt lat="42.828850" lon="2.129220">
						<ele>551</ele>
						<time>2019-08-09T11:28:00Z</time>
					</trkpt>
					<trkpt lat="42.828870" lon="2.129720">
						<ele>551</ele>
						<time>2019-08-09T11:28:06Z</time>
					</trkpt>
					<trkpt lat="42.828760" lon="2.130380">
						<ele>549</ele>
						<time>2019-08-09T11:28:15Z</time>
					</trkpt>
					<trkpt lat="42.828690" lon="2.131900">
						<ele>548</ele>
						<time>2019-08-09T11:28:35Z</time>
					</trkpt>
					<trkpt lat="42.828560" lon="2.132440">
						<ele>543</ele>
						<time>2019-08-09T11:28:42Z</time>
					</trkpt>
					<trkpt lat="42.828280" lon="2.133200">
						<ele>535</ele>
						<time>2019-08-09T11:28:53Z</time>
					</trkpt>
					<trkpt lat="42.828030" lon="2.133770">
						<ele>544</ele>
						<time>2019-08-09T11:29:02Z</time>
					</trkpt>
					<trkpt lat="42.827990" lon="2.134110">
						<ele>547</ele>
						<time>2019-08-09T11:29:07Z</time>
					</trkpt>
					<trkpt lat="42.828020" lon="2.134570">
						<ele>547</ele>
						<time>2019-08-09T11:29:13Z</time>
					</trkpt>
					<trkpt lat="42.828350" lon="2.136070">
						<ele>534</ele>
						<time>2019-08-09T11:29:33Z</time>
					</trkpt>
					<trkpt lat="42.828400" lon="2.136780">
						<ele>531</ele>
						<time>2019-08-09T11:29:42Z</time>
					</trkpt>
					<trkpt lat="42.828300" lon="2.137340">
						<ele>531</ele>
						<time>2019-08-09T11:29:50Z</time>
					</trkpt>
					<trkpt lat="42.827870" lon="2.138550">
						<ele>549</ele>
						<time>2019-08-09T11:30:07Z</time>
					</trkpt>
					<trkpt lat="42.827830" lon="2.138790">
						<ele>548</ele>
						<time>2019-08-09T11:30:11Z</time>
					</trkpt>
					<trkpt lat="42.827840" lon="2.138990">
						<ele>548</ele>
						<time>2019-08-09T11:30:13Z</time>
					</trkpt>
					<trkpt lat="42.827870" lon="2.139220">
						<ele>549</ele>
						<time>2019-08-09T11:30:16Z</time>
					</trkpt>
					<trkpt lat="42.827840" lon="2.140100">
						<ele>548</ele>
						<time>2019-08-09T11:30:28Z</time>
					</trkpt>
					<trkpt lat="42.828060" lon="2.141260">
						<ele>539</ele>
						<time>2019-08-09T11:30:44Z</time>
					</trkpt>
					<trkpt lat="42.828060" lon="2.141570">
						<ele>535</ele>
						<time>2019-08-09T11:30:48Z</time>
					</trkpt>
					<trkpt lat="42.827950" lon="2.142000">
						<ele>537</ele>
						<time>2019-08-09T11:30:53Z</time>
					</trkpt>
					<trkpt lat="42.827840" lon="2.142280">
						<ele>537</ele>
						<time>2019-08-09T11:30:58Z</time>
					</trkpt>
					<trkpt lat="42.827720" lon="2.142460">
						<ele>535</ele>
						<time>2019-08-09T11:31:01Z</time>
					</trkpt>
					<trkpt lat="42.827460" lon="2.142670">
						<ele>534</ele>
						<time>2019-08-09T11:31:06Z</time>
					</trkpt>
					<trkpt lat="42.826980" lon="2.142830">
						<ele>534</ele>
						<time>2019-08-09T11:31:15Z</time>
					</trkpt>
					<trkpt lat="42.826340" lon="2.142890">
						<ele>529</ele>
						<time>2019-08-09T11:31:26Z</time>
					</trkpt>
					<trkpt lat="42.825930" lon="2.143030">
						<ele>527</ele>
						<time>2019-08-09T11:31:34Z</time>
					</trkpt>
					<trkpt lat="42.825510" lon="2.143450">
						<ele>528</ele>
						<time>2019-08-09T11:31:43Z</time>
					</trkpt>
					<trkpt lat="42.825150" lon="2.143740">
						<ele>532</ele>
						<time>2019-08-09T11:31:51Z</time>
					</trkpt>
					<trkpt lat="42.824820" lon="2.143820">
						<ele>529</ele>
						<time>2019-08-09T11:31:57Z</time>
					</trkpt>
					<trkpt lat="42.824430" lon="2.143840">
						<ele>522</ele>
						<time>2019-08-09T11:32:04Z</time>
					</trkpt>
					<trkpt lat="42.824010" lon="2.144040">
						<ele>516</ele>
						<time>2019-08-09T11:32:11Z</time>
					</trkpt>
					<trkpt lat="42.823760" lon="2.144270">
						<ele>515</ele>
						<time>2019-08-09T11:32:17Z</time>
					</trkpt>
					<trkpt lat="42.823620" lon="2.144430">
						<ele>516</ele>
						<time>2019-08-09T11:32:20Z</time>
					</trkpt>
					<trkpt lat="42.823450" lon="2.144740">
						<ele>515</ele>
						<time>2019-08-09T11:32:25Z</time>
					</trkpt>
					<trkpt lat="42.823360" lon="2.145310">
						<ele>516</ele>
						<time>2019-08-09T11:32:33Z</time>
					</trkpt>
					<trkpt lat="42.823420" lon="2.147020">
						<ele>519</ele>
						<time>2019-08-09T11:32:55Z</time>
					</trkpt>
					<trkpt lat="42.823510" lon="2.148040">
						<ele>521</ele>
						<time>2019-08-09T11:33:08Z</time>
					</trkpt>
					<trkpt lat="42.823510" lon="2.148700">
						<ele>521</ele>
						<time>2019-08-09T11:33:17Z</time>
					</trkpt>
					<trkpt lat="42.823360" lon="2.149030">
						<ele>515</ele>
						<time>2019-08-09T11:33:22Z</time>
					</trkpt>
					<trkpt lat="42.822900" lon="2.149840">
						<ele>515</ele>
						<time>2019-08-09T11:33:36Z</time>
					</trkpt>
					<trkpt lat="42.822790" lon="2.150300">
						<ele>513</ele>
						<time>2019-08-09T11:33:42Z</time>
					</trkpt>
					<trkpt lat="42.822600" lon="2.154300">
						<ele>497</ele>
						<time>2019-08-09T11:34:34Z</time>
					</trkpt>
					<trkpt lat="42.822640" lon="2.154520">
						<ele>499</ele>
						<time>2019-08-09T11:34:37Z</time>
					</trkpt>
					<trkpt lat="42.822910" lon="2.154930">
						<ele>507</ele>
						<time>2019-08-09T11:34:44Z</time>
					</trkpt>
					<trkpt lat="42.823020" lon="2.155170">
						<ele>509</ele>
						<time>2019-08-09T11:34:48Z</time>
					</trkpt>
					<trkpt lat="42.823040" lon="2.155430">
						<ele>508</ele>
						<time>2019-08-09T11:34:51Z</time>
					</trkpt>
					<trkpt lat="42.823050" lon="2.156120">
						<ele>505</ele>
						<time>2019-08-09T11:35:00Z</time>
					</trkpt>
					<trkpt lat="42.823070" lon="2.156670">
						<ele>503</ele>
						<time>2019-08-09T11:35:08Z</time>
					</trkpt>
					<trkpt lat="42.823100" lon="2.156980">
						<ele>503</ele>
						<time>2019-08-09T11:35:12Z</time>
					</trkpt>
					<trkpt lat="42.823190" lon="2.157150">
						<ele>502</ele>
						<time>2019-08-09T11:35:14Z</time>
					</trkpt>
					<trkpt lat="42.823280" lon="2.157260">
						<ele>501</ele>
						<time>2019-08-09T11:35:17Z</time>
					</trkpt>
					<trkpt lat="42.823370" lon="2.157400">
						<ele>501</ele>
						<time>2019-08-09T11:35:19Z</time>
					</trkpt>
					<trkpt lat="42.823580" lon="2.158300">
						<ele>508</ele>
						<time>2019-08-09T11:35:31Z</time>
					</trkpt>
					<trkpt lat="42.823680" lon="2.159110">
						<ele>509</ele>
						<time>2019-08-09T11:35:42Z</time>
					</trkpt>
					<trkpt lat="42.823670" lon="2.159330">
						<ele>509</ele>
						<time>2019-08-09T11:35:45Z</time>
					</trkpt>
					<trkpt lat="42.823620" lon="2.159560">
						<ele>508</ele>
						<time>2019-08-09T11:35:48Z</time>
					</trkpt>
					<trkpt lat="42.823420" lon="2.160120">
						<ele>504</ele>
						<time>2019-08-09T11:35:56Z</time>
					</trkpt>
					<trkpt lat="42.823320" lon="2.160450">
						<ele>501</ele>
						<time>2019-08-09T11:36:01Z</time>
					</trkpt>
					<trkpt lat="42.823320" lon="2.160690">
						<ele>499</ele>
						<time>2019-08-09T11:36:04Z</time>
					</trkpt>
					<trkpt lat="42.823390" lon="2.161390">
						<ele>500</ele>
						<time>2019-08-09T11:36:13Z</time>
					</trkpt>
					<trkpt lat="42.823390" lon="2.161520">
						<ele>501</ele>
						<time>2019-08-09T11:36:15Z</time>
					</trkpt>
					<trkpt lat="42.823360" lon="2.161650">
						<ele>500</ele>
						<time>2019-08-09T11:36:17Z</time>
					</trkpt>
					<trkpt lat="42.823050" lon="2.162000">
						<ele>504</ele>
						<time>2019-08-09T11:36:24Z</time>
					</trkpt>
					<trkpt lat="42.822970" lon="2.162150">
						<ele>505</ele>
						<time>2019-08-09T11:36:26Z</time>
					</trkpt>
					<trkpt lat="42.822940" lon="2.162290">
						<ele>505</ele>
						<time>2019-08-09T11:36:28Z</time>
					</trkpt>
					<trkpt lat="42.822930" lon="2.162490">
						<ele>504</ele>
						<time>2019-08-09T11:36:31Z</time>
					</trkpt>
					<trkpt lat="42.822950" lon="2.162750">
						<ele>505</ele>
						<time>2019-08-09T11:36:34Z</time>
					</trkpt>
					<trkpt lat="42.823020" lon="2.162920">
						<ele>503</ele>
						<time>2019-08-09T11:36:37Z</time>
					</trkpt>
					<trkpt lat="42.823350" lon="2.163460">
						<ele>491</ele>
						<time>2019-08-09T11:36:46Z</time>
					</trkpt>
					<trkpt lat="42.823440" lon="2.163730">
						<ele>495</ele>
						<time>2019-08-09T11:36:50Z</time>
					</trkpt>
					<trkpt lat="42.823530" lon="2.164030">
						<ele>498</ele>
						<time>2019-08-09T11:36:54Z</time>
					</trkpt>
					<trkpt lat="42.823700" lon="2.165650">
						<ele>505</ele>
						<time>2019-08-09T11:37:15Z</time>
					</trkpt>
					<trkpt lat="42.823730" lon="2.166520">
						<ele>503</ele>
						<time>2019-08-09T11:37:27Z</time>
					</trkpt>
					<trkpt lat="42.823940" lon="2.167550">
						<ele>500</ele>
						<time>2019-08-09T11:37:41Z</time>
					</trkpt>
					<trkpt lat="42.823990" lon="2.167950">
						<ele>497</ele>
						<time>2019-08-09T11:37:46Z</time>
					</trkpt>
					<trkpt lat="42.824030" lon="2.168960">
						<ele>493</ele>
						<time>2019-08-09T11:37:59Z</time>
					</trkpt>
					<trkpt lat="42.824030" lon="2.169320">
						<ele>491</ele>
						<time>2019-08-09T11:38:04Z</time>
					</trkpt>
					<trkpt lat="42.823990" lon="2.169590">
						<ele>492</ele>
						<time>2019-08-09T11:38:07Z</time>
					</trkpt>
					<trkpt lat="42.823790" lon="2.170300">
						<ele>496</ele>
						<time>2019-08-09T11:38:17Z</time>
					</trkpt>
					<trkpt lat="42.823750" lon="2.170570">
						<ele>496</ele>
						<time>2019-08-09T11:38:21Z</time>
					</trkpt>
					<trkpt lat="42.823740" lon="2.170830">
						<ele>495</ele>
						<time>2019-08-09T11:38:24Z</time>
					</trkpt>
					<trkpt lat="42.823890" lon="2.172430">
						<ele>496</ele>
						<time>2019-08-09T11:38:45Z</time>
					</trkpt>
					<trkpt lat="42.823880" lon="2.172660">
						<ele>495</ele>
						<time>2019-08-09T11:38:48Z</time>
					</trkpt>
					<trkpt lat="42.823840" lon="2.172860">
						<ele>496</ele>
						<time>2019-08-09T11:38:51Z</time>
					</trkpt>
					<trkpt lat="42.823560" lon="2.173790">
						<ele>495</ele>
						<time>2019-08-09T11:39:04Z</time>
					</trkpt>
					<trkpt lat="42.823500" lon="2.174070">
						<ele>494</ele>
						<time>2019-08-09T11:39:08Z</time>
					</trkpt>
					<trkpt lat="42.823450" lon="2.174390">
						<ele>494</ele>
						<time>2019-08-09T11:39:12Z</time>
					</trkpt>
					<trkpt lat="42.823470" lon="2.174690">
						<ele>494</ele>
						<time>2019-08-09T11:39:16Z</time>
					</trkpt>
					<trkpt lat="42.823500" lon="2.174930">
						<ele>494</ele>
						<time>2019-08-09T11:39:19Z</time>
					</trkpt>
					<trkpt lat="42.823560" lon="2.175060">
						<ele>494</ele>
						<time>2019-08-09T11:39:21Z</time>
					</trkpt>
					<trkpt lat="42.823900" lon="2.175510">
						<ele>493</ele>
						<time>2019-08-09T11:39:30Z</time>
					</trkpt>
					<trkpt lat="42.823980" lon="2.175680">
						<ele>492</ele>
						<time>2019-08-09T11:39:33Z</time>
					</trkpt>
					<trkpt lat="42.824010" lon="2.175840">
						<ele>490</ele>
						<time>2019-08-09T11:39:35Z</time>
					</trkpt>
					<trkpt lat="42.824010" lon="2.176010">
						<ele>490</ele>
						<time>2019-08-09T11:39:37Z</time>
					</trkpt>
					<trkpt lat="42.823990" lon="2.176160">
						<ele>490</ele>
						<time>2019-08-09T11:39:39Z</time>
					</trkpt>
					<trkpt lat="42.823790" lon="2.176700">
						<ele>494</ele>
						<time>2019-08-09T11:39:47Z</time>
					</trkpt>
					<trkpt lat="42.823750" lon="2.176960">
						<ele>493</ele>
						<time>2019-08-09T11:39:50Z</time>
					</trkpt>
					<trkpt lat="42.823740" lon="2.177690">
						<ele>490</ele>
						<time>2019-08-09T11:40:00Z</time>
					</trkpt>
					<trkpt lat="42.823720" lon="2.177940">
						<ele>489</ele>
						<time>2019-08-09T11:40:03Z</time>
					</trkpt>
					<trkpt lat="42.823670" lon="2.178090">
						<ele>488</ele>
						<time>2019-08-09T11:40:05Z</time>
					</trkpt>
					<trkpt lat="42.823470" lon="2.178460">
						<ele>484</ele>
						<time>2019-08-09T11:40:11Z</time>
					</trkpt>
					<trkpt lat="42.823320" lon="2.178800">
						<ele>479</ele>
						<time>2019-08-09T11:40:16Z</time>
					</trkpt>
					<trkpt lat="42.823190" lon="2.179180">
						<ele>483</ele>
						<time>2019-08-09T11:40:22Z</time>
					</trkpt>
					<trkpt lat="42.823090" lon="2.179520">
						<ele>489</ele>
						<time>2019-08-09T11:40:27Z</time>
					</trkpt>
					<trkpt lat="42.823060" lon="2.179880">
						<ele>490</ele>
						<time>2019-08-09T11:40:31Z</time>
					</trkpt>
					<trkpt lat="42.823090" lon="2.181150">
						<ele>486</ele>
						<time>2019-08-09T11:40:48Z</time>
					</trkpt>
					<trkpt lat="42.823060" lon="2.181550">
						<ele>486</ele>
						<time>2019-08-09T11:40:53Z</time>
					</trkpt>
					<trkpt lat="42.823010" lon="2.181820">
						<ele>486</ele>
						<time>2019-08-09T11:40:57Z</time>
					</trkpt>
					<trkpt lat="42.822930" lon="2.182090">
						<ele>486</ele>
						<time>2019-08-09T11:41:01Z</time>
					</trkpt>
					<trkpt lat="42.822730" lon="2.182630">
						<ele>481</ele>
						<time>2019-08-09T11:41:09Z</time>
					</trkpt>
					<trkpt lat="42.822650" lon="2.183160">
						<ele>472</ele>
						<time>2019-08-09T11:41:16Z</time>
					</trkpt>
					<trkpt lat="42.822600" lon="2.183300">
						<ele>469</ele>
						<time>2019-08-09T11:41:18Z</time>
					</trkpt>
					<trkpt lat="42.822540" lon="2.183400">
						<ele>467</ele>
						<time>2019-08-09T11:41:19Z</time>
					</trkpt>
					<trkpt lat="42.822100" lon="2.183800">
						<ele>477</ele>
						<time>2019-08-09T11:41:29Z</time>
					</trkpt>
					<trkpt lat="42.821950" lon="2.184020">
						<ele>478</ele>
						<time>2019-08-09T11:41:33Z</time>
					</trkpt>
					<trkpt lat="42.821770" lon="2.184400">
						<ele>476</ele>
						<time>2019-08-09T11:41:39Z</time>
					</trkpt>
					<trkpt lat="42.821650" lon="2.184780">
						<ele>471</ele>
						<time>2019-08-09T11:41:44Z</time>
					</trkpt>
					<trkpt lat="42.821600" lon="2.185060">
						<ele>471</ele>
						<time>2019-08-09T11:41:48Z</time>
					</trkpt>
					<trkpt lat="42.821620" lon="2.185280">
						<ele>471</ele>
						<time>2019-08-09T11:41:51Z</time>
					</trkpt>
					<trkpt lat="42.821910" lon="2.186080">
						<ele>475</ele>
						<time>2019-08-09T11:42:02Z</time>
					</trkpt>
					<trkpt lat="42.821980" lon="2.186490">
						<ele>476</ele>
						<time>2019-08-09T11:42:08Z</time>
					</trkpt>
					<trkpt lat="42.821980" lon="2.186630">
						<ele>477</ele>
						<time>2019-08-09T11:42:10Z</time>
					</trkpt>
					<trkpt lat="42.821960" lon="2.186820">
						<ele>476</ele>
						<time>2019-08-09T11:42:12Z</time>
					</trkpt>
					<trkpt lat="42.821910" lon="2.187020">
						<ele>474</ele>
						<time>2019-08-09T11:42:15Z</time>
					</trkpt>
					<trkpt lat="42.821820" lon="2.187230">
						<ele>472</ele>
						<time>2019-08-09T11:42:18Z</time>
					</trkpt>
					<trkpt lat="42.821720" lon="2.187420">
						<ele>469</ele>
						<time>2019-08-09T11:42:21Z</time>
					</trkpt>
					<trkpt lat="42.821340" lon="2.187920">
						<ele>474</ele>
						<time>2019-08-09T11:42:30Z</time>
					</trkpt>
					<trkpt lat="42.821220" lon="2.188130">
						<ele>475</ele>
						<time>2019-08-09T11:42:34Z</time>
					</trkpt>
					<trkpt lat="42.821160" lon="2.188310">
						<ele>474</ele>
						<time>2019-08-09T11:42:36Z</time>
					</trkpt>
					<trkpt lat="42.821140" lon="2.188490">
						<ele>475</ele>
						<time>2019-08-09T11:42:39Z</time>
					</trkpt>
					<trkpt lat="42.821140" lon="2.188660">
						<ele>476</ele>
						<time>2019-08-09T11:42:41Z</time>
					</trkpt>
					<trkpt lat="42.821180" lon="2.188850">
						<ele>475</ele>
						<time>2019-08-09T11:42:44Z</time>
					</trkpt>
					<trkpt lat="42.821310" lon="2.189180">
						<ele>471</ele>
						<time>2019-08-09T11:42:49Z</time>
					</trkpt>
					<trkpt lat="42.821520" lon="2.189530">
						<ele>460</ele>
						<time>2019-08-09T11:42:54Z</time>
					</trkpt>
					<trkpt lat="42.821790" lon="2.189820">
						<ele>458</ele>
						<time>2019-08-09T11:43:01Z</time>
					</trkpt>
					<trkpt lat="42.821900" lon="2.190000">
						<ele>459</ele>
						<time>2019-08-09T11:43:04Z</time>
					</trkpt>
					<trkpt lat="42.821910" lon="2.190110">
						<ele>460</ele>
						<time>2019-08-09T11:43:05Z</time>
					</trkpt>
					<trkpt lat="42.821880" lon="2.190220">
						<ele>460</ele>
						<time>2019-08-09T11:43:07Z</time>
					</trkpt>
					<trkpt lat="42.821820" lon="2.190330">
						<ele>459</ele>
						<time>2019-08-09T11:43:08Z</time>
					</trkpt>
					<trkpt lat="42.821720" lon="2.190410">
						<ele>457</ele>
						<time>2019-08-09T11:43:10Z</time>
					</trkpt>
					<trkpt lat="42.821500" lon="2.190420">
						<ele>457</ele>
						<time>2019-08-09T11:43:14Z</time>
					</trkpt>
					<trkpt lat="42.821260" lon="2.190330">
						<ele>461</ele>
						<time>2019-08-09T11:43:19Z</time>
					</trkpt>
					<trkpt lat="42.821060" lon="2.190320">
						<ele>464</ele>
						<time>2019-08-09T11:43:22Z</time>
					</trkpt>
					<trkpt lat="42.820880" lon="2.190410">
						<ele>465</ele>
						<time>2019-08-09T11:43:26Z</time>
					</trkpt>
					<trkpt lat="42.820730" lon="2.190550">
						<ele>469</ele>
						<time>2019-08-09T11:43:29Z</time>
					</trkpt>
					<trkpt lat="42.820660" lon="2.190670">
						<ele>471</ele>
						<time>2019-08-09T11:43:31Z</time>
					</trkpt>
					<trkpt lat="42.820620" lon="2.190790">
						<ele>471</ele>
						<time>2019-08-09T11:43:33Z</time>
					</trkpt>
					<trkpt lat="42.820610" lon="2.190920">
						<ele>471</ele>
						<time>2019-08-09T11:43:34Z</time>
					</trkpt>
					<trkpt lat="42.820650" lon="2.191050">
						<ele>468</ele>
						<time>2019-08-09T11:43:36Z</time>
					</trkpt>
					<trkpt lat="42.820750" lon="2.191240">
						<ele>464</ele>
						<time>2019-08-09T11:43:39Z</time>
					</trkpt>
					<trkpt lat="42.821550" lon="2.192290">
						<ele>460</ele>
						<time>2019-08-09T11:43:59Z</time>
					</trkpt>
					<trkpt lat="42.821670" lon="2.192370">
						<ele>458</ele>
						<time>2019-08-09T11:44:01Z</time>
					</trkpt>
					<trkpt lat="42.821740" lon="2.192570">
						<ele>458</ele>
						<time>2019-08-09T11:44:04Z</time>
					</trkpt>
					<trkpt lat="42.821750" lon="2.192710">
						<ele>458</ele>
						<time>2019-08-09T11:44:06Z</time>
					</trkpt>
					<trkpt lat="42.821710" lon="2.193060">
						<ele>454</ele>
						<time>2019-08-09T11:44:11Z</time>
					</trkpt>
					<trkpt lat="42.821660" lon="2.193250">
						<ele>452</ele>
						<time>2019-08-09T11:44:13Z</time>
					</trkpt>
					<trkpt lat="42.821600" lon="2.193360">
						<ele>451</ele>
						<time>2019-08-09T11:44:15Z</time>
					</trkpt>
					<trkpt lat="42.821530" lon="2.193420">
						<ele>452</ele>
						<time>2019-08-09T11:44:17Z</time>
					</trkpt>
					<trkpt lat="42.821410" lon="2.193450">
						<ele>452</ele>
						<time>2019-08-09T11:44:19Z</time>
					</trkpt>
					<trkpt lat="42.821050" lon="2.193410">
						<ele>452</ele>
						<time>2019-08-09T11:44:25Z</time>
					</trkpt>
					<trkpt lat="42.820620" lon="2.193410">
						<ele>449</ele>
						<time>2019-08-09T11:44:33Z</time>
					</trkpt>
					<trkpt lat="42.820450" lon="2.193430">
						<ele>446</ele>
						<time>2019-08-09T11:44:36Z</time>
					</trkpt>
					<trkpt lat="42.820230" lon="2.193510">
						<ele>442</ele>
						<time>2019-08-09T11:44:40Z</time>
					</trkpt>
					<trkpt lat="42.820100" lon="2.193600">
						<ele>440</ele>
						<time>2019-08-09T11:44:43Z</time>
					</trkpt>
					<trkpt lat="42.820000" lon="2.193710">
						<ele>439</ele>
						<time>2019-08-09T11:44:45Z</time>
					</trkpt>
					<trkpt lat="42.819880" lon="2.194000">
						<ele>443</ele>
						<time>2019-08-09T11:44:49Z</time>
					</trkpt>
					<trkpt lat="42.819870" lon="2.194150">
						<ele>443</ele>
						<time>2019-08-09T11:44:51Z</time>
					</trkpt>
					<trkpt lat="42.819910" lon="2.194560">
						<ele>443</ele>
						<time>2019-08-09T11:44:57Z</time>
					</trkpt>
					<trkpt lat="42.819900" lon="2.194710">
						<ele>444</ele>
						<time>2019-08-09T11:44:59Z</time>
					</trkpt>
					<trkpt lat="42.819870" lon="2.194880">
						<ele>446</ele>
						<time>2019-08-09T11:45:01Z</time>
					</trkpt>
					<trkpt lat="42.819810" lon="2.195020">
						<ele>448</ele>
						<time>2019-08-09T11:45:03Z</time>
					</trkpt>
					<trkpt lat="42.819710" lon="2.195200">
						<ele>450</ele>
						<time>2019-08-09T11:45:06Z</time>
					</trkpt>
					<trkpt lat="42.819540" lon="2.195410">
						<ele>451</ele>
						<time>2019-08-09T11:45:10Z</time>
					</trkpt>
					<trkpt lat="42.819250" lon="2.195730">
						<ele>448</ele>
						<time>2019-08-09T11:45:17Z</time>
					</trkpt>
					<trkpt lat="42.818820" lon="2.196100">
						<ele>449</ele>
						<time>2019-08-09T11:45:26Z</time>
					</trkpt>
					<trkpt lat="42.818760" lon="2.196210">
						<ele>451</ele>
						<time>2019-08-09T11:45:27Z</time>
					</trkpt>
					<trkpt lat="42.818690" lon="2.196440">
						<ele>453</ele>
						<time>2019-08-09T11:45:31Z</time>
					</trkpt>
					<trkpt lat="42.818630" lon="2.196690">
						<ele>455</ele>
						<time>2019-08-09T11:45:34Z</time>
					</trkpt>
					<trkpt lat="42.818610" lon="2.196990">
						<ele>458</ele>
						<time>2019-08-09T11:45:38Z</time>
					</trkpt>
					<trkpt lat="42.818650" lon="2.197150">
						<ele>458</ele>
						<time>2019-08-09T11:45:40Z</time>
					</trkpt>
					<trkpt lat="42.818900" lon="2.197740">
						<ele>449</ele>
						<time>2019-08-09T11:45:49Z</time>
					</trkpt>
					<trkpt lat="42.818920" lon="2.197910">
						<ele>447</ele>
						<time>2019-08-09T11:45:51Z</time>
					</trkpt>
					<trkpt lat="42.818920" lon="2.198050">
						<ele>447</ele>
						<time>2019-08-09T11:45:53Z</time>
					</trkpt>
					<trkpt lat="42.818890" lon="2.198170">
						<ele>447</ele>
						<time>2019-08-09T11:45:55Z</time>
					</trkpt>
					<trkpt lat="42.818840" lon="2.198270">
						<ele>448</ele>
						<time>2019-08-09T11:45:57Z</time>
					</trkpt>
					<trkpt lat="42.818750" lon="2.198390">
						<ele>450</ele>
						<time>2019-08-09T11:45:59Z</time>
					</trkpt>
					<trkpt lat="42.818180" lon="2.198950">
						<ele>450</ele>
						<time>2019-08-09T11:46:11Z</time>
					</trkpt>
					<trkpt lat="42.818060" lon="2.199150">
						<ele>448</ele>
						<time>2019-08-09T11:46:15Z</time>
					</trkpt>
					<trkpt lat="42.817790" lon="2.199750">
						<ele>443</ele>
						<time>2019-08-09T11:46:24Z</time>
					</trkpt>
					<trkpt lat="42.817680" lon="2.199930">
						<ele>438</ele>
						<time>2019-08-09T11:46:27Z</time>
					</trkpt>
					<trkpt lat="42.817550" lon="2.200090">
						<ele>435</ele>
						<time>2019-08-09T11:46:30Z</time>
					</trkpt>
					<trkpt lat="42.817470" lon="2.200160">
						<ele>435</ele>
						<time>2019-08-09T11:46:32Z</time>
					</trkpt>
					<trkpt lat="42.817250" lon="2.200160">
						<ele>435</ele>
						<time>2019-08-09T11:46:36Z</time>
					</trkpt>
					<trkpt lat="42.816940" lon="2.200070">
						<ele>437</ele>
						<time>2019-08-09T11:46:41Z</time>
					</trkpt>
					<trkpt lat="42.816780" lon="2.200060">
						<ele>438</ele>
						<time>2019-08-09T11:46:44Z</time>
					</trkpt>
					<trkpt lat="42.816620" lon="2.200110">
						<ele>438</ele>
						<time>2019-08-09T11:46:47Z</time>
					</trkpt>
					<trkpt lat="42.816480" lon="2.200230">
						<ele>440</ele>
						<time>2019-08-09T11:46:50Z</time>
					</trkpt>
					<trkpt lat="42.816370" lon="2.200410">
						<ele>440</ele>
						<time>2019-08-09T11:46:53Z</time>
					</trkpt>
					<trkpt lat="42.816280" lon="2.200620">
						<ele>439</ele>
						<time>2019-08-09T11:46:56Z</time>
					</trkpt>
					<trkpt lat="42.816190" lon="2.200960">
						<ele>438</ele>
						<time>2019-08-09T11:47:01Z</time>
					</trkpt>
					<trkpt lat="42.816150" lon="2.201270">
						<ele>439</ele>
						<time>2019-08-09T11:47:05Z</time>
					</trkpt>
					<trkpt lat="42.816140" lon="2.201580">
						<ele>439</ele>
						<time>2019-08-09T11:47:09Z</time>
					</trkpt>
					<trkpt lat="42.816200" lon="2.201880">
						<ele>439</ele>
						<time>2019-08-09T11:47:13Z</time>
					</trkpt>
					<trkpt lat="42.816270" lon="2.202030">
						<ele>439</ele>
						<time>2019-08-09T11:47:15Z</time>
					</trkpt>
					<trkpt lat="42.816370" lon="2.202190">
						<ele>438</ele>
						<time>2019-08-09T11:47:18Z</time>
					</trkpt>
					<trkpt lat="42.816740" lon="2.202520">
						<ele>434</ele>
						<time>2019-08-09T11:47:26Z</time>
					</trkpt>
					<trkpt lat="42.816790" lon="2.202640">
						<ele>435</ele>
						<time>2019-08-09T11:47:28Z</time>
					</trkpt>
					<trkpt lat="42.816800" lon="2.202770">
						<ele>434</ele>
						<time>2019-08-09T11:47:30Z</time>
					</trkpt>
					<trkpt lat="42.816740" lon="2.202990">
						<ele>432</ele>
						<time>2019-08-09T11:47:33Z</time>
					</trkpt>
					<trkpt lat="42.816570" lon="2.203390">
						<ele>430</ele>
						<time>2019-08-09T11:47:39Z</time>
					</trkpt>
					<trkpt lat="42.816410" lon="2.203820">
						<ele>431</ele>
						<time>2019-08-09T11:47:45Z</time>
					</trkpt>
					<trkpt lat="42.816420" lon="2.203940">
						<ele>430</ele>
						<time>2019-08-09T11:47:47Z</time>
					</trkpt>
					<trkpt lat="42.816510" lon="2.204110">
						<ele>428</ele>
						<time>2019-08-09T11:47:49Z</time>
					</trkpt>
					<trkpt lat="42.816580" lon="2.204200">
						<ele>427</ele>
						<time>2019-08-09T11:47:51Z</time>
					</trkpt>
					<trkpt lat="42.816840" lon="2.204400">
						<ele>432</ele>
						<time>2019-08-09T11:47:56Z</time>
					</trkpt>
					<trkpt lat="42.817010" lon="2.204430">
						<ele>433</ele>
						<time>2019-08-09T11:47:59Z</time>
					</trkpt>
					<trkpt lat="42.817180" lon="2.204410">
						<ele>432</ele>
						<time>2019-08-09T11:48:02Z</time>
					</trkpt>
					<trkpt lat="42.817370" lon="2.204470">
						<ele>432</ele>
						<time>2019-08-09T11:48:06Z</time>
					</trkpt>
					<trkpt lat="42.817440" lon="2.204570">
						<ele>431</ele>
						<time>2019-08-09T11:48:08Z</time>
					</trkpt>
					<trkpt lat="42.817480" lon="2.204670">
						<ele>430</ele>
						<time>2019-08-09T11:48:09Z</time>
					</trkpt>
					<trkpt lat="42.817510" lon="2.204840">
						<ele>429</ele>
						<time>2019-08-09T11:48:11Z</time>
					</trkpt>
					<trkpt lat="42.817500" lon="2.205010">
						<ele>427</ele>
						<time>2019-08-09T11:48:14Z</time>
					</trkpt>
					<trkpt lat="42.817440" lon="2.205250">
						<ele>430</ele>
						<time>2019-08-09T11:48:17Z</time>
					</trkpt>
					<trkpt lat="42.817150" lon="2.206220">
						<ele>444</ele>
						<time>2019-08-09T11:48:31Z</time>
					</trkpt>
					<trkpt lat="42.816860" lon="2.207440">
						<ele>441</ele>
						<time>2019-08-09T11:48:47Z</time>
					</trkpt>
					<trkpt lat="42.816820" lon="2.207710">
						<ele>439</ele>
						<time>2019-08-09T11:48:51Z</time>
					</trkpt>
					<trkpt lat="42.816840" lon="2.208300">
						<ele>435</ele>
						<time>2019-08-09T11:48:59Z</time>
					</trkpt>
					<trkpt lat="42.816830" lon="2.208510">
						<ele>432</ele>
						<time>2019-08-09T11:49:01Z</time>
					</trkpt>
					<trkpt lat="42.816780" lon="2.208700">
						<ele>429</ele>
						<time>2019-08-09T11:49:04Z</time>
					</trkpt>
					<trkpt lat="42.816710" lon="2.208870">
						<ele>425</ele>
						<time>2019-08-09T11:49:07Z</time>
					</trkpt>
					<trkpt lat="42.816610" lon="2.209010">
						<ele>425</ele>
						<time>2019-08-09T11:49:09Z</time>
					</trkpt>
					<trkpt lat="42.816260" lon="2.209320">
						<ele>437</ele>
						<time>2019-08-09T11:49:17Z</time>
					</trkpt>
					<trkpt lat="42.816010" lon="2.209680">
						<ele>440</ele>
						<time>2019-08-09T11:49:23Z</time>
					</trkpt>
					<trkpt lat="42.815880" lon="2.209950">
						<ele>435</ele>
						<time>2019-08-09T11:49:27Z</time>
					</trkpt>
					<trkpt lat="42.815840" lon="2.210380">
						<ele>433</ele>
						<time>2019-08-09T11:49:33Z</time>
					</trkpt>
					<trkpt lat="42.815860" lon="2.210840">
						<ele>432</ele>
						<time>2019-08-09T11:49:39Z</time>
					</trkpt>
					<trkpt lat="42.815930" lon="2.211140">
						<ele>433</ele>
						<time>2019-08-09T11:49:43Z</time>
					</trkpt>
					<trkpt lat="42.816030" lon="2.211380">
						<ele>433</ele>
						<time>2019-08-09T11:49:47Z</time>
					</trkpt>
					<trkpt lat="42.816180" lon="2.211880">
						<ele>432</ele>
						<time>2019-08-09T11:49:54Z</time>
					</trkpt>
					<trkpt lat="42.816230" lon="2.212240">
						<ele>430</ele>
						<time>2019-08-09T11:49:58Z</time>
					</trkpt>
					<trkpt lat="42.816140" lon="2.212800">
						<ele>429</ele>
						<time>2019-08-09T11:50:06Z</time>
					</trkpt>
					<trkpt lat="42.816080" lon="2.213070">
						<ele>428</ele>
						<time>2019-08-09T11:50:10Z</time>
					</trkpt>
					<trkpt lat="42.815940" lon="2.213470">
						<ele>425</ele>
						<time>2019-08-09T11:50:15Z</time>
					</trkpt>
					<trkpt lat="42.815850" lon="2.213890">
						<ele>422</ele>
						<time>2019-08-09T11:50:21Z</time>
					</trkpt>
					<trkpt lat="42.815840" lon="2.214180">
						<ele>421</ele>
						<time>2019-08-09T11:50:25Z</time>
					</trkpt>
					<trkpt lat="42.815850" lon="2.214410">
						<ele>422</ele>
						<time>2019-08-09T11:50:28Z</time>
					</trkpt>
					<trkpt lat="42.816090" lon="2.215630">
						<ele>424</ele>
						<time>2019-08-09T11:50:44Z</time>
					</trkpt>
					<trkpt lat="42.816100" lon="2.215950">
						<ele>423</ele>
						<time>2019-08-09T11:50:49Z</time>
					</trkpt>
					<trkpt lat="42.816100" lon="2.216180">
						<ele>422</ele>
						<time>2019-08-09T11:50:52Z</time>
					</trkpt>
					<trkpt lat="42.816050" lon="2.216370">
						<ele>421</ele>
						<time>2019-08-09T11:50:54Z</time>
					</trkpt>
					<trkpt lat="42.815890" lon="2.216730">
						<ele>415</ele>
						<time>2019-08-09T11:51:00Z</time>
					</trkpt>
					<trkpt lat="42.815570" lon="2.217040">
						<ele>424</ele>
						<time>2019-08-09T11:51:07Z</time>
					</trkpt>
					<trkpt lat="42.815410" lon="2.217270">
						<ele>427</ele>
						<time>2019-08-09T11:51:11Z</time>
					</trkpt>
					<trkpt lat="42.815300" lon="2.217480">
						<ele>428</ele>
						<time>2019-08-09T11:51:14Z</time>
					</trkpt>
					<trkpt lat="42.815230" lon="2.217670">
						<ele>428</ele>
						<time>2019-08-09T11:51:17Z</time>
					</trkpt>
					<trkpt lat="42.815210" lon="2.217940">
						<ele>425</ele>
						<time>2019-08-09T11:51:21Z</time>
					</trkpt>
					<trkpt lat="42.815200" lon="2.218370">
						<ele>420</ele>
						<time>2019-08-09T11:51:26Z</time>
					</trkpt>
					<trkpt lat="42.815210" lon="2.218540">
						<ele>419</ele>
						<time>2019-08-09T11:51:28Z</time>
					</trkpt>
					<trkpt lat="42.815330" lon="2.219080">
						<ele>415</ele>
						<time>2019-08-09T11:51:36Z</time>
					</trkpt>
					<trkpt lat="42.815350" lon="2.219300">
						<ele>414</ele>
						<time>2019-08-09T11:51:39Z</time>
					</trkpt>
					<trkpt lat="42.815330" lon="2.219450">
						<ele>413</ele>
						<time>2019-08-09T11:51:41Z</time>
					</trkpt>
					<trkpt lat="42.815290" lon="2.219600">
						<ele>411</ele>
						<time>2019-08-09T11:51:43Z</time>
					</trkpt>
					<trkpt lat="42.815220" lon="2.219710">
						<ele>409</ele>
						<time>2019-08-09T11:51:45Z</time>
					</trkpt>
					<trkpt lat="42.815090" lon="2.219840">
						<ele>406</ele>
						<time>2019-08-09T11:51:47Z</time>
					</trkpt>
					<trkpt lat="42.814690" lon="2.219980">
						<ele>411</ele>
						<time>2019-08-09T11:51:55Z</time>
					</trkpt>
					<trkpt lat="42.814490" lon="2.220100">
						<ele>415</ele>
						<time>2019-08-09T11:51:59Z</time>
					</trkpt>
					<trkpt lat="42.814390" lon="2.220240">
						<ele>416</ele>
						<time>2019-08-09T11:52:01Z</time>
					</trkpt>
					<trkpt lat="42.814190" lon="2.220710">
						<ele>415</ele>
						<time>2019-08-09T11:52:08Z</time>
					</trkpt>
					<trkpt lat="42.814180" lon="2.221010">
						<ele>415</ele>
						<time>2019-08-09T11:52:12Z</time>
					</trkpt>
					<trkpt lat="42.814220" lon="2.221300">
						<ele>418</ele>
						<time>2019-08-09T11:52:16Z</time>
					</trkpt>
					<trkpt lat="42.814310" lon="2.221520">
						<ele>418</ele>
						<time>2019-08-09T11:52:19Z</time>
					</trkpt>
					<trkpt lat="42.814410" lon="2.221670">
						<ele>417</ele>
						<time>2019-08-09T11:52:22Z</time>
					</trkpt>
					<trkpt lat="42.814550" lon="2.221730">
						<ele>415</ele>
						<time>2019-08-09T11:52:25Z</time>
					</trkpt>
					<trkpt lat="42.814930" lon="2.221770">
						<ele>405</ele>
						<time>2019-08-09T11:52:31Z</time>
					</trkpt>
					<trkpt lat="42.815190" lon="2.221850">
						<ele>406</ele>
						<time>2019-08-09T11:52:36Z</time>
					</trkpt>
					<trkpt lat="42.815330" lon="2.221980">
						<ele>408</ele>
						<time>2019-08-09T11:52:39Z</time>
					</trkpt>
					<trkpt lat="42.815360" lon="2.222130">
						<ele>409</ele>
						<time>2019-08-09T11:52:41Z</time>
					</trkpt>
					<trkpt lat="42.815350" lon="2.222330">
						<ele>410</ele>
						<time>2019-08-09T11:52:44Z</time>
					</trkpt>
					<trkpt lat="42.815240" lon="2.222710">
						<ele>412</ele>
						<time>2019-08-09T11:52:49Z</time>
					</trkpt>
					<trkpt lat="42.815110" lon="2.223310">
						<ele>413</ele>
						<time>2019-08-09T11:52:57Z</time>
					</trkpt>
					<trkpt lat="42.815110" lon="2.223450">
						<ele>411</ele>
						<time>2019-08-09T11:52:59Z</time>
					</trkpt>
					<trkpt lat="42.815120" lon="2.223900">
						<ele>407</ele>
						<time>2019-08-09T11:53:05Z</time>
					</trkpt>
					<trkpt lat="42.815080" lon="2.224080">
						<ele>404</ele>
						<time>2019-08-09T11:53:07Z</time>
					</trkpt>
					<trkpt lat="42.814300" lon="2.225620">
						<ele>408</ele>
						<time>2019-08-09T11:53:32Z</time>
					</trkpt>
					<trkpt lat="42.814190" lon="2.226000">
						<ele>409</ele>
						<time>2019-08-09T11:53:37Z</time>
					</trkpt>
					<trkpt lat="42.814190" lon="2.226210">
						<ele>412</ele>
						<time>2019-08-09T11:53:40Z</time>
					</trkpt>
					<trkpt lat="42.814200" lon="2.226380">
						<ele>413</ele>
						<time>2019-08-09T11:53:42Z</time>
					</trkpt>
					<trkpt lat="42.814280" lon="2.226580">
						<ele>413</ele>
						<time>2019-08-09T11:53:45Z</time>
					</trkpt>
					<trkpt lat="42.814410" lon="2.226760">
						<ele>411</ele>
						<time>2019-08-09T11:53:48Z</time>
					</trkpt>
					<trkpt lat="42.814840" lon="2.227130">
						<ele>399</ele>
						<time>2019-08-09T11:53:58Z</time>
					</trkpt>
					<trkpt lat="42.815400" lon="2.227530">
						<ele>391</ele>
						<time>2019-08-09T11:54:09Z</time>
					</trkpt>
					<trkpt lat="42.815500" lon="2.227660">
						<ele>389</ele>
						<time>2019-08-09T11:54:11Z</time>
					</trkpt>
					<trkpt lat="42.815010" lon="2.227760">
						<ele>392</ele>
						<time>2019-08-09T11:54:20Z</time>
					</trkpt>
					<trkpt lat="42.814920" lon="2.227800">
						<ele>396</ele>
						<time>2019-08-09T11:54:22Z</time>
					</trkpt>
					<trkpt lat="42.814780" lon="2.227930">
						<ele>403</ele>
						<time>2019-08-09T11:54:25Z</time>
					</trkpt>
					<trkpt lat="42.814570" lon="2.228300">
						<ele>412</ele>
						<time>2019-08-09T11:54:31Z</time>
					</trkpt>
					<trkpt lat="42.814420" lon="2.228670">
						<ele>415</ele>
						<time>2019-08-09T11:54:36Z</time>
					</trkpt>
					<trkpt lat="42.814360" lon="2.228960">
						<ele>413</ele>
						<time>2019-08-09T11:54:40Z</time>
					</trkpt>
					<trkpt lat="42.814340" lon="2.229120">
						<ele>411</ele>
						<time>2019-08-09T11:54:42Z</time>
					</trkpt>
					<trkpt lat="42.814310" lon="2.229850">
						<ele>405</ele>
						<time>2019-08-09T11:54:52Z</time>
					</trkpt>
					<trkpt lat="42.814320" lon="2.230980">
						<ele>405</ele>
						<time>2019-08-09T11:55:07Z</time>
					</trkpt>
					<trkpt lat="42.814370" lon="2.232110">
						<ele>402</ele>
						<time>2019-08-09T11:55:21Z</time>
					</trkpt>
					<trkpt lat="42.814340" lon="2.232380">
						<ele>401</ele>
						<time>2019-08-09T11:55:25Z</time>
					</trkpt>
					<trkpt lat="42.814240" lon="2.232650">
						<ele>398</ele>
						<time>2019-08-09T11:55:29Z</time>
					</trkpt>
					<trkpt lat="42.814090" lon="2.232930">
						<ele>398</ele>
						<time>2019-08-09T11:55:34Z</time>
					</trkpt>
					<trkpt lat="42.813900" lon="2.233170">
						<ele>404</ele>
						<time>2019-08-09T11:55:38Z</time>
					</trkpt>
					<trkpt lat="42.813440" lon="2.233680">
						<ele>407</ele>
						<time>2019-08-09T11:55:49Z</time>
					</trkpt>
					<trkpt lat="42.813240" lon="2.233940">
						<ele>409</ele>
						<time>2019-08-09T11:55:54Z</time>
					</trkpt>
					<trkpt lat="42.812850" lon="2.234620">
						<ele>422</ele>
						<time>2019-08-09T11:56:05Z</time>
					</trkpt>
					<trkpt lat="42.812740" lon="2.234870">
						<ele>421</ele>
						<time>2019-08-09T11:56:09Z</time>
					</trkpt>
					<trkpt lat="42.812670" lon="2.235160">
						<ele>419</ele>
						<time>2019-08-09T11:56:13Z</time>
					</trkpt>
					<trkpt lat="42.812630" lon="2.235510">
						<ele>417</ele>
						<time>2019-08-09T11:56:17Z</time>
					</trkpt>
					<trkpt lat="42.812610" lon="2.236920">
						<ele>406</ele>
						<time>2019-08-09T11:56:36Z</time>
					</trkpt>
					<trkpt lat="42.812580" lon="2.237250">
						<ele>403</ele>
						<time>2019-08-09T11:56:40Z</time>
					</trkpt>
					<trkpt lat="42.812480" lon="2.237810">
						<ele>400</ele>
						<time>2019-08-09T11:56:48Z</time>
					</trkpt>
					<trkpt lat="42.812440" lon="2.237930">
						<ele>400</ele>
						<time>2019-08-09T11:56:49Z</time>
					</trkpt>
					<trkpt lat="42.812320" lon="2.238170">
						<ele>398</ele>
						<time>2019-08-09T11:56:53Z</time>
					</trkpt>
					<trkpt lat="42.812230" lon="2.238280">
						<ele>398</ele>
						<time>2019-08-09T11:56:55Z</time>
					</trkpt>
					<trkpt lat="42.812160" lon="2.238250">
						<ele>399</ele>
						<time>2019-08-09T11:56:57Z</time>
					</trkpt>
					<trkpt lat="42.812090" lon="2.238290">
						<ele>399</ele>
						<time>2019-08-09T11:56:58Z</time>
					</trkpt>
					<trkpt lat="42.811770" lon="2.238180">
						<ele>402</ele>
						<time>2019-08-09T11:57:04Z</time>
					</trkpt>
					<trkpt lat="42.811600" lon="2.238070">
						<ele>406</ele>
						<time>2019-08-09T11:57:07Z</time>
					</trkpt>
					<trkpt lat="42.811140" lon="2.237490">
						<ele>409</ele>
						<time>2019-08-09T11:57:18Z</time>
					</trkpt>
					<trkpt lat="42.810940" lon="2.237180">
						<ele>413</ele>
						<time>2019-08-09T11:57:24Z</time>
					</trkpt>
					<trkpt lat="42.810580" lon="2.236570">
						<ele>421</ele>
						<time>2019-08-09T11:57:34Z</time>
					</trkpt>
					<trkpt lat="42.810500" lon="2.236440">
						<ele>424</ele>
						<time>2019-08-09T11:57:36Z</time>
					</trkpt>
					<trkpt lat="42.810410" lon="2.236340">
						<ele>425</ele>
						<time>2019-08-09T11:57:38Z</time>
					</trkpt>
					<trkpt lat="42.809760" lon="2.235780">
						<ele>420</ele>
						<time>2019-08-09T11:57:52Z</time>
					</trkpt>
					<trkpt lat="42.809550" lon="2.235660">
						<ele>423</ele>
						<time>2019-08-09T11:57:56Z</time>
					</trkpt>
					<trkpt lat="42.809430" lon="2.235630">
						<ele>423</ele>
						<time>2019-08-09T11:57:58Z</time>
					</trkpt>
					<trkpt lat="42.809310" lon="2.235610">
						<ele>422</ele>
						<time>2019-08-09T11:58:00Z</time>
					</trkpt>
					<trkpt lat="42.809110" lon="2.235620">
						<ele>421</ele>
						<time>2019-08-09T11:58:04Z</time>
					</trkpt>
					<trkpt lat="42.808860" lon="2.235710">
						<ele>422</ele>
						<time>2019-08-09T11:58:08Z</time>
					</trkpt>
					<trkpt lat="42.808610" lon="2.235820">
						<ele>421</ele>
						<time>2019-08-09T11:58:13Z</time>
					</trkpt>
					<trkpt lat="42.808030" lon="2.236240">
						<ele>428</ele>
						<time>2019-08-09T11:58:25Z</time>
					</trkpt>
					<trkpt lat="42.806910" lon="2.236880">
						<ele>422</ele>
						<time>2019-08-09T11:58:46Z</time>
					</trkpt>
					<trkpt lat="42.806730" lon="2.236900">
						<ele>421</ele>
						<time>2019-08-09T11:58:50Z</time>
					</trkpt>
					<trkpt lat="42.806640" lon="2.236880">
						<ele>421</ele>
						<time>2019-08-09T11:58:51Z</time>
					</trkpt>
					<trkpt lat="42.806430" lon="2.236780">
						<ele>418</ele>
						<time>2019-08-09T11:58:55Z</time>
					</trkpt>
					<trkpt lat="42.806180" lon="2.236620">
						<ele>415</ele>
						<time>2019-08-09T11:59:00Z</time>
					</trkpt>
					<trkpt lat="42.805940" lon="2.236430">
						<ele>415</ele>
						<time>2019-08-09T11:59:05Z</time>
					</trkpt>
					<trkpt lat="42.805590" lon="2.235990">
						<ele>416</ele>
						<time>2019-08-09T11:59:13Z</time>
					</trkpt>
					<trkpt lat="42.805080" lon="2.235190">
						<ele>411</ele>
						<time>2019-08-09T11:59:27Z</time>
					</trkpt>
					<trkpt lat="42.804340" lon="2.233340">
						<ele>412</ele>
						<time>2019-08-09T11:59:55Z</time>
					</trkpt>
					<trkpt lat="42.804280" lon="2.233110">
						<ele>411</ele>
						<time>2019-08-09T11:59:58Z</time>
					</trkpt>
					<trkpt lat="42.804220" lon="2.232740">
						<ele>410</ele>
						<time>2019-08-09T12:00:03Z</time>
					</trkpt>
					<trkpt lat="42.804190" lon="2.232460">
						<ele>409</ele>
						<time>2019-08-09T12:00:07Z</time>
					</trkpt>
					<trkpt lat="42.804180" lon="2.232060">
						<ele>411</ele>
						<time>2019-08-09T12:00:12Z</time>
					</trkpt>
					<trkpt lat="42.804140" lon="2.231800">
						<ele>411</ele>
						<time>2019-08-09T12:00:15Z</time>
					</trkpt>
					<trkpt lat="42.804030" lon="2.231470">
						<ele>412</ele>
						<time>2019-08-09T12:00:20Z</time>
					</trkpt>
					<trkpt lat="42.804060" lon="2.231430">
						<ele>413</ele>
						<time>2019-08-09T12:00:21Z</time>
					</trkpt>
					<trkpt lat="42.804070" lon="2.231360">
						<ele>414</ele>
						<time>2019-08-09T12:00:22Z</time>
					</trkpt>
					<trkpt lat="42.804040" lon="2.231270">
						<ele>414</ele>
						<time>2019-08-09T12:00:23Z</time>
					</trkpt>
					<trkpt lat="42.803440" lon="2.230180">
						<ele>410</ele>
						<time>2019-08-09T12:00:41Z</time>
					</trkpt>
					<trkpt lat="42.802960" lon="2.228800">
						<ele>412</ele>
						<time>2019-08-09T12:01:01Z</time>
					</trkpt>
					<trkpt lat="42.802890" lon="2.228510">
						<ele>413</ele>
						<time>2019-08-09T12:01:05Z</time>
					</trkpt>
					<trkpt lat="42.802860" lon="2.228320">
						<ele>414</ele>
						<time>2019-08-09T12:01:07Z</time>
					</trkpt>
					<trkpt lat="42.802870" lon="2.228020">
						<ele>417</ele>
						<time>2019-08-09T12:01:11Z</time>
					</trkpt>
					<trkpt lat="42.802830" lon="2.227750">
						<ele>419</ele>
						<time>2019-08-09T12:01:15Z</time>
					</trkpt>
					<trkpt lat="42.802790" lon="2.227620">
						<ele>420</ele>
						<time>2019-08-09T12:01:17Z</time>
					</trkpt>
					<trkpt lat="42.802680" lon="2.227410">
						<ele>421</ele>
						<time>2019-08-09T12:01:20Z</time>
					</trkpt>
					<trkpt lat="42.802550" lon="2.227190">
						<ele>421</ele>
						<time>2019-08-09T12:01:24Z</time>
					</trkpt>
					<trkpt lat="42.802440" lon="2.227060">
						<ele>421</ele>
						<time>2019-08-09T12:01:26Z</time>
					</trkpt>
					<trkpt lat="42.802080" lon="2.226700">
						<ele>420</ele>
						<time>2019-08-09T12:01:34Z</time>
					</trkpt>
					<trkpt lat="42.802030" lon="2.226600">
						<ele>421</ele>
						<time>2019-08-09T12:01:36Z</time>
					</trkpt>
					<trkpt lat="42.802030" lon="2.226510">
						<ele>423</ele>
						<time>2019-08-09T12:01:37Z</time>
					</trkpt>
					<trkpt lat="42.802040" lon="2.226440">
						<ele>424</ele>
						<time>2019-08-09T12:01:38Z</time>
					</trkpt>
					<trkpt lat="42.802140" lon="2.226250">
						<ele>428</ele>
						<time>2019-08-09T12:01:41Z</time>
					</trkpt>
					<trkpt lat="42.802240" lon="2.226140">
						<ele>431</ele>
						<time>2019-08-09T12:01:43Z</time>
					</trkpt>
					<trkpt lat="42.802290" lon="2.226140">
						<ele>432</ele>
						<time>2019-08-09T12:01:44Z</time>
					</trkpt>
					<trkpt lat="42.802380" lon="2.226200">
						<ele>432</ele>
						<time>2019-08-09T12:01:46Z</time>
					</trkpt>
					<trkpt lat="42.802650" lon="2.226630">
						<ele>429</ele>
						<time>2019-08-09T12:01:53Z</time>
					</trkpt>
					<trkpt lat="42.802730" lon="2.226680">
						<ele>430</ele>
						<time>2019-08-09T12:01:55Z</time>
					</trkpt>
					<trkpt lat="42.802780" lon="2.226670">
						<ele>432</ele>
						<time>2019-08-09T12:01:56Z</time>
					</trkpt>
					<trkpt lat="42.802830" lon="2.226640">
						<ele>433</ele>
						<time>2019-08-09T12:01:57Z</time>
					</trkpt>
					<trkpt lat="42.802860" lon="2.226570">
						<ele>435</ele>
						<time>2019-08-09T12:01:58Z</time>
					</trkpt>
					<trkpt lat="42.802860" lon="2.226490">
						<ele>436</ele>
						<time>2019-08-09T12:01:59Z</time>
					</trkpt>
					<trkpt lat="42.802850" lon="2.226400">
						<ele>438</ele>
						<time>2019-08-09T12:02:00Z</time>
					</trkpt>
					<trkpt lat="42.802750" lon="2.226190">
						<ele>439</ele>
						<time>2019-08-09T12:02:03Z</time>
					</trkpt>
					<trkpt lat="42.802540" lon="2.225940">
						<ele>438</ele>
						<time>2019-08-09T12:02:08Z</time>
					</trkpt>
					<trkpt lat="42.802410" lon="2.225830">
						<ele>438</ele>
						<time>2019-08-09T12:02:11Z</time>
					</trkpt>
					<trkpt lat="42.801650" lon="2.225460">
						<ele>440</ele>
						<time>2019-08-09T12:02:25Z</time>
					</trkpt>
					<trkpt lat="42.801540" lon="2.225390">
						<ele>441</ele>
						<time>2019-08-09T12:02:27Z</time>
					</trkpt>
					<trkpt lat="42.801430" lon="2.225300">
						<ele>443</ele>
						<time>2019-08-09T12:02:30Z</time>
					</trkpt>
					<trkpt lat="42.801330" lon="2.225160">
						<ele>445</ele>
						<time>2019-08-09T12:02:32Z</time>
					</trkpt>
					<trkpt lat="42.801210" lon="2.224960">
						<ele>449</ele>
						<time>2019-08-09T12:02:36Z</time>
					</trkpt>
					<trkpt lat="42.801070" lon="2.224790">
						<ele>450</ele>
						<time>2019-08-09T12:02:39Z</time>
					</trkpt>
					<trkpt lat="42.800610" lon="2.224530">
						<ele>447</ele>
						<time>2019-08-09T12:02:48Z</time>
					</trkpt>
					<trkpt lat="42.800520" lon="2.224450">
						<ele>446</ele>
						<time>2019-08-09T12:02:50Z</time>
					</trkpt>
					<trkpt lat="42.800440" lon="2.224340">
						<ele>445</ele>
						<time>2019-08-09T12:02:52Z</time>
					</trkpt>
					<trkpt lat="42.800410" lon="2.224240">
						<ele>445</ele>
						<time>2019-08-09T12:02:53Z</time>
					</trkpt>
					<trkpt lat="42.800410" lon="2.224110">
						<ele>446</ele>
						<time>2019-08-09T12:02:55Z</time>
					</trkpt>
					<trkpt lat="42.800440" lon="2.224020">
						<ele>446</ele>
						<time>2019-08-09T12:02:56Z</time>
					</trkpt>
					<trkpt lat="42.800520" lon="2.223930">
						<ele>447</ele>
						<time>2019-08-09T12:02:58Z</time>
					</trkpt>
					<trkpt lat="42.800890" lon="2.223630">
						<ele>453</ele>
						<time>2019-08-09T12:03:06Z</time>
					</trkpt>
					<trkpt lat="42.800960" lon="2.223610">
						<ele>453</ele>
						<time>2019-08-09T12:03:07Z</time>
					</trkpt>
					<trkpt lat="42.801020" lon="2.223610">
						<ele>454</ele>
						<time>2019-08-09T12:03:08Z</time>
					</trkpt>
					<trkpt lat="42.801310" lon="2.223720">
						<ele>458</ele>
						<time>2019-08-09T12:03:13Z</time>
					</trkpt>
					<trkpt lat="42.801440" lon="2.223740">
						<ele>460</ele>
						<time>2019-08-09T12:03:16Z</time>
					</trkpt>
					<trkpt lat="42.801570" lon="2.223730">
						<ele>461</ele>
						<time>2019-08-09T12:03:18Z</time>
					</trkpt>
					<trkpt lat="42.802070" lon="2.223580">
						<ele>470</ele>
						<time>2019-08-09T12:03:27Z</time>
					</trkpt>
					<trkpt lat="42.802300" lon="2.223380">
						<ele>474</ele>
						<time>2019-08-09T12:03:32Z</time>
					</trkpt>
					<trkpt lat="42.802350" lon="2.223300">
						<ele>474</ele>
						<time>2019-08-09T12:03:33Z</time>
					</trkpt>
					<trkpt lat="42.802420" lon="2.223080">
						<ele>473</ele>
						<time>2019-08-09T12:03:37Z</time>
					</trkpt>
					<trkpt lat="42.802490" lon="2.222960">
						<ele>473</ele>
						<time>2019-08-09T12:03:39Z</time>
					</trkpt>
					<trkpt lat="42.802720" lon="2.222670">
						<ele>475</ele>
						<time>2019-08-09T12:03:44Z</time>
					</trkpt>
					<trkpt lat="42.803220" lon="2.222260">
						<ele>482</ele>
						<time>2019-08-09T12:03:54Z</time>
					</trkpt>
					<trkpt lat="42.803310" lon="2.222200">
						<ele>483</ele>
						<time>2019-08-09T12:03:56Z</time>
					</trkpt>
					<trkpt lat="42.803440" lon="2.222160">
						<ele>486</ele>
						<time>2019-08-09T12:03:59Z</time>
					</trkpt>
					<trkpt lat="42.803530" lon="2.222110">
						<ele>489</ele>
						<time>2019-08-09T12:04:00Z</time>
					</trkpt>
					<trkpt lat="42.803580" lon="2.222040">
						<ele>489</ele>
						<time>2019-08-09T12:04:02Z</time>
					</trkpt>
					<trkpt lat="42.803630" lon="2.221940">
						<ele>490</ele>
						<time>2019-08-09T12:04:03Z</time>
					</trkpt>
					<trkpt lat="42.803660" lon="2.221760">
						<ele>489</ele>
						<time>2019-08-09T12:04:06Z</time>
					</trkpt>
					<trkpt lat="42.803670" lon="2.221430">
						<ele>489</ele>
						<time>2019-08-09T12:04:10Z</time>
					</trkpt>
					<trkpt lat="42.803690" lon="2.221290">
						<ele>489</ele>
						<time>2019-08-09T12:04:12Z</time>
					</trkpt>
					<trkpt lat="42.803820" lon="2.221080">
						<ele>492</ele>
						<time>2019-08-09T12:04:15Z</time>
					</trkpt>
					<trkpt lat="42.804030" lon="2.220850">
						<ele>494</ele>
						<time>2019-08-09T12:04:20Z</time>
					</trkpt>
					<trkpt lat="42.804100" lon="2.220730">
						<ele>496</ele>
						<time>2019-08-09T12:04:22Z</time>
					</trkpt>
					<trkpt lat="42.804130" lon="2.220610">
						<ele>498</ele>
						<time>2019-08-09T12:04:24Z</time>
					</trkpt>
					<trkpt lat="42.804150" lon="2.220370">
						<ele>500</ele>
						<time>2019-08-09T12:04:27Z</time>
					</trkpt>
					<trkpt lat="42.804130" lon="2.220250">
						<ele>501</ele>
						<time>2019-08-09T12:04:29Z</time>
					</trkpt>
					<trkpt lat="42.804010" lon="2.220090">
						<ele>503</ele>
						<time>2019-08-09T12:04:32Z</time>
					</trkpt>
					<trkpt lat="42.803780" lon="2.219960">
						<ele>505</ele>
						<time>2019-08-09T12:04:36Z</time>
					</trkpt>
					<trkpt lat="42.803680" lon="2.219940">
						<ele>505</ele>
						<time>2019-08-09T12:04:38Z</time>
					</trkpt>
					<trkpt lat="42.803570" lon="2.219940">
						<ele>505</ele>
						<time>2019-08-09T12:04:40Z</time>
					</trkpt>
					<trkpt lat="42.802830" lon="2.220310">
						<ele>497</ele>
						<time>2019-08-09T12:04:54Z</time>
					</trkpt>
					<trkpt lat="42.802750" lon="2.220310">
						<ele>497</ele>
						<time>2019-08-09T12:04:55Z</time>
					</trkpt>
					<trkpt lat="42.802680" lon="2.220240">
						<ele>499</ele>
						<time>2019-08-09T12:04:57Z</time>
					</trkpt>
					<trkpt lat="42.802540" lon="2.219930">
						<ele>503</ele>
						<time>2019-08-09T12:05:02Z</time>
					</trkpt>
					<trkpt lat="42.802500" lon="2.219770">
						<ele>504</ele>
						<time>2019-08-09T12:05:04Z</time>
					</trkpt>
					<trkpt lat="42.802490" lon="2.219660">
						<ele>504</ele>
						<time>2019-08-09T12:05:05Z</time>
					</trkpt>
					<trkpt lat="42.802510" lon="2.219550">
						<ele>505</ele>
						<time>2019-08-09T12:05:07Z</time>
					</trkpt>
					<trkpt lat="42.802550" lon="2.219460">
						<ele>505</ele>
						<time>2019-08-09T12:05:08Z</time>
					</trkpt>
					<trkpt lat="42.803110" lon="2.218740">
						<ele>514</ele>
						<time>2019-08-09T12:05:22Z</time>
					</trkpt>
					<trkpt lat="42.803260" lon="2.218350">
						<ele>516</ele>
						<time>2019-08-09T12:05:27Z</time>
					</trkpt>
					<trkpt lat="42.803410" lon="2.217850">
						<ele>516</ele>
						<time>2019-08-09T12:05:35Z</time>
					</trkpt>
					<trkpt lat="42.804030" lon="2.216110">
						<ele>527</ele>
						<time>2019-08-09T12:06:00Z</time>
					</trkpt>
					<trkpt lat="42.804060" lon="2.215970">
						<ele>527</ele>
						<time>2019-08-09T12:06:02Z</time>
					</trkpt>
					<trkpt lat="42.804080" lon="2.215820">
						<ele>527</ele>
						<time>2019-08-09T12:06:04Z</time>
					</trkpt>
					<trkpt lat="42.803990" lon="2.214790">
						<ele>530</ele>
						<time>2019-08-09T12:06:17Z</time>
					</trkpt>
					<trkpt lat="42.804020" lon="2.214560">
						<ele>532</ele>
						<time>2019-08-09T12:06:20Z</time>
					</trkpt>
					<trkpt lat="42.804220" lon="2.213890">
						<ele>538</ele>
						<time>2019-08-09T12:06:30Z</time>
					</trkpt>
					<trkpt lat="42.804260" lon="2.213630">
						<ele>540</ele>
						<time>2019-08-09T12:06:33Z</time>
					</trkpt>
					<trkpt lat="42.804250" lon="2.213470">
						<ele>540</ele>
						<time>2019-08-09T12:06:35Z</time>
					</trkpt>
					<trkpt lat="42.804210" lon="2.213280">
						<ele>540</ele>
						<time>2019-08-09T12:06:38Z</time>
					</trkpt>
					<trkpt lat="42.804120" lon="2.213080">
						<ele>541</ele>
						<time>2019-08-09T12:06:41Z</time>
					</trkpt>
					<trkpt lat="42.803880" lon="2.212810">
						<ele>541</ele>
						<time>2019-08-09T12:06:46Z</time>
					</trkpt>
					<trkpt lat="42.803660" lon="2.212640">
						<ele>541</ele>
						<time>2019-08-09T12:06:51Z</time>
					</trkpt>
					<trkpt lat="42.803620" lon="2.212530">
						<ele>542</ele>
						<time>2019-08-09T12:06:53Z</time>
					</trkpt>
					<trkpt lat="42.803600" lon="2.212420">
						<ele>543</ele>
						<time>2019-08-09T12:06:54Z</time>
					</trkpt>
					<trkpt lat="42.803590" lon="2.212150">
						<ele>545</ele>
						<time>2019-08-09T12:06:58Z</time>
					</trkpt>
					<trkpt lat="42.803540" lon="2.211800">
						<ele>546</ele>
						<time>2019-08-09T12:07:02Z</time>
					</trkpt>
					<trkpt lat="42.803030" lon="2.210340">
						<ele>556</ele>
						<time>2019-08-09T12:07:23Z</time>
					</trkpt>
					<trkpt lat="42.802830" lon="2.210150">
						<ele>554</ele>
						<time>2019-08-09T12:07:28Z</time>
					</trkpt>
					<trkpt lat="42.802800" lon="2.210080">
						<ele>554</ele>
						<time>2019-08-09T12:07:29Z</time>
					</trkpt>
					<trkpt lat="42.802780" lon="2.209970">
						<ele>554</ele>
						<time>2019-08-09T12:07:30Z</time>
					</trkpt>
					<trkpt lat="42.802790" lon="2.209870">
						<ele>553</ele>
						<time>2019-08-09T12:07:32Z</time>
					</trkpt>
					<trkpt lat="42.802870" lon="2.209720">
						<ele>555</ele>
						<time>2019-08-09T12:07:34Z</time>
					</trkpt>
					<trkpt lat="42.803030" lon="2.209510">
						<ele>559</ele>
						<time>2019-08-09T12:07:38Z</time>
					</trkpt>
					<trkpt lat="42.803100" lon="2.209380">
						<ele>561</ele>
						<time>2019-08-09T12:07:40Z</time>
					</trkpt>
					<trkpt lat="42.803180" lon="2.209110">
						<ele>564</ele>
						<time>2019-08-09T12:07:44Z</time>
					</trkpt>
					<trkpt lat="42.803370" lon="2.208140">
						<ele>565</ele>
						<time>2019-08-09T12:07:57Z</time>
					</trkpt>
					<trkpt lat="42.803410" lon="2.207480">
						<ele>562</ele>
						<time>2019-08-09T12:08:06Z</time>
					</trkpt>
					<trkpt lat="42.803430" lon="2.207280">
						<ele>561</ele>
						<time>2019-08-09T12:08:08Z</time>
					</trkpt>
					<trkpt lat="42.803620" lon="2.206800">
						<ele>564</ele>
						<time>2019-08-09T12:08:15Z</time>
					</trkpt>
					<trkpt lat="42.803760" lon="2.206200">
						<ele>566</ele>
						<time>2019-08-09T12:08:24Z</time>
					</trkpt>
					<trkpt lat="42.803850" lon="2.205930">
						<ele>567</ele>
						<time>2019-08-09T12:08:27Z</time>
					</trkpt>
					<trkpt lat="42.804070" lon="2.205420">
						<ele>570</ele>
						<time>2019-08-09T12:08:35Z</time>
					</trkpt>
					<trkpt lat="42.804230" lon="2.204790">
						<ele>568</ele>
						<time>2019-08-09T12:08:44Z</time>
					</trkpt>
					<trkpt lat="42.804440" lon="2.204100">
						<ele>566</ele>
						<time>2019-08-09T12:08:54Z</time>
					</trkpt>
					<trkpt lat="42.804480" lon="2.203890">
						<ele>568</ele>
						<time>2019-08-09T12:08:56Z</time>
					</trkpt>
					<trkpt lat="42.804560" lon="2.203210">
						<ele>576</ele>
						<time>2019-08-09T12:09:05Z</time>
					</trkpt>
					<trkpt lat="42.804610" lon="2.203030">
						<ele>577</ele>
						<time>2019-08-09T12:09:08Z</time>
					</trkpt>
					<trkpt lat="42.804740" lon="2.202680">
						<ele>580</ele>
						<time>2019-08-09T12:09:13Z</time>
					</trkpt>
					<trkpt lat="42.804790" lon="2.202450">
						<ele>583</ele>
						<time>2019-08-09T12:09:16Z</time>
					</trkpt>
					<trkpt lat="42.804880" lon="2.201940">
						<ele>593</ele>
						<time>2019-08-09T12:09:23Z</time>
					</trkpt>
					<trkpt lat="42.804940" lon="2.201760">
						<ele>596</ele>
						<time>2019-08-09T12:09:26Z</time>
					</trkpt>
					<trkpt lat="42.805180" lon="2.201300">
						<ele>598</ele>
						<time>2019-08-09T12:09:33Z</time>
					</trkpt>
					<trkpt lat="42.805420" lon="2.200600">
						<ele>602</ele>
						<time>2019-08-09T12:09:43Z</time>
					</trkpt>
					<trkpt lat="42.805790" lon="2.198920">
						<ele>616</ele>
						<time>2019-08-09T12:10:06Z</time>
					</trkpt>
					<trkpt lat="42.805880" lon="2.198730">
						<ele>618</ele>
						<time>2019-08-09T12:10:09Z</time>
					</trkpt>
					<trkpt lat="42.805980" lon="2.198570">
						<ele>620</ele>
						<time>2019-08-09T12:10:12Z</time>
					</trkpt>
					<trkpt lat="42.806080" lon="2.198450">
						<ele>621</ele>
						<time>2019-08-09T12:10:14Z</time>
					</trkpt>
					<trkpt lat="42.806370" lon="2.198240">
						<ele>624</ele>
						<time>2019-08-09T12:10:20Z</time>
					</trkpt>
					<trkpt lat="42.806650" lon="2.198000">
						<ele>629</ele>
						<time>2019-08-09T12:10:26Z</time>
					</trkpt>
					<trkpt lat="42.806700" lon="2.197980">
						<ele>630</ele>
						<time>2019-08-09T12:10:27Z</time>
					</trkpt>
					<trkpt lat="42.806750" lon="2.197990">
						<ele>630</ele>
						<time>2019-08-09T12:10:28Z</time>
					</trkpt>
					<trkpt lat="42.806800" lon="2.198040">
						<ele>630</ele>
						<time>2019-08-09T12:10:29Z</time>
					</trkpt>
					<trkpt lat="42.807080" lon="2.198680">
						<ele>619</ele>
						<time>2019-08-09T12:10:38Z</time>
					</trkpt>
					<trkpt lat="42.807150" lon="2.198790">
						<ele>617</ele>
						<time>2019-08-09T12:10:40Z</time>
					</trkpt>
					<trkpt lat="42.807210" lon="2.198820">
						<ele>617</ele>
						<time>2019-08-09T12:10:41Z</time>
					</trkpt>
					<trkpt lat="42.807280" lon="2.198820">
						<ele>617</ele>
						<time>2019-08-09T12:10:43Z</time>
					</trkpt>
					<trkpt lat="42.807380" lon="2.198740">
						<ele>621</ele>
						<time>2019-08-09T12:10:45Z</time>
					</trkpt>
					<trkpt lat="42.807750" lon="2.198160">
						<ele>631</ele>
						<time>2019-08-09T12:10:55Z</time>
					</trkpt>
					<trkpt lat="42.808360" lon="2.197470">
						<ele>634</ele>
						<time>2019-08-09T12:11:09Z</time>
					</trkpt>
					<trkpt lat="42.808390" lon="2.197360">
						<ele>633</ele>
						<time>2019-08-09T12:11:10Z</time>
					</trkpt>
					<trkpt lat="42.808380" lon="2.197270">
						<ele>633</ele>
						<time>2019-08-09T12:11:12Z</time>
					</trkpt>
					<trkpt lat="42.808340" lon="2.197160">
						<ele>634</ele>
						<time>2019-08-09T12:11:13Z</time>
					</trkpt>
					<trkpt lat="42.808080" lon="2.196950">
						<ele>638</ele>
						<time>2019-08-09T12:11:19Z</time>
					</trkpt>
					<trkpt lat="42.808010" lon="2.196940">
						<ele>639</ele>
						<time>2019-08-09T12:11:20Z</time>
					</trkpt>
					<trkpt lat="42.807940" lon="2.196980">
						<ele>640</ele>
						<time>2019-08-09T12:11:21Z</time>
					</trkpt>
					<trkpt lat="42.807710" lon="2.197300">
						<ele>646</ele>
						<time>2019-08-09T12:11:27Z</time>
					</trkpt>
					<trkpt lat="42.807620" lon="2.197380">
						<ele>649</ele>
						<time>2019-08-09T12:11:29Z</time>
					</trkpt>
					<trkpt lat="42.807520" lon="2.197440">
						<ele>651</ele>
						<time>2019-08-09T12:11:31Z</time>
					</trkpt>
					<trkpt lat="42.807430" lon="2.197460">
						<ele>651</ele>
						<time>2019-08-09T12:11:33Z</time>
					</trkpt>
					<trkpt lat="42.807240" lon="2.197420">
						<ele>649</ele>
						<time>2019-08-09T12:11:36Z</time>
					</trkpt>
					<trkpt lat="42.807140" lon="2.197350">
						<ele>648</ele>
						<time>2019-08-09T12:11:38Z</time>
					</trkpt>
					<trkpt lat="42.807070" lon="2.197250">
						<ele>648</ele>
						<time>2019-08-09T12:11:40Z</time>
					</trkpt>
					<trkpt lat="42.807000" lon="2.197070">
						<ele>650</ele>
						<time>2019-08-09T12:11:42Z</time>
					</trkpt>
					<trkpt lat="42.806850" lon="2.196050">
						<ele>662</ele>
						<time>2019-08-09T12:11:56Z</time>
					</trkpt>
					<trkpt lat="42.806850" lon="2.195260">
						<ele>669</ele>
						<time>2019-08-09T12:12:06Z</time>
					</trkpt>
					<trkpt lat="42.806810" lon="2.194740">
						<ele>672</ele>
						<time>2019-08-09T12:12:13Z</time>
					</trkpt>
					<trkpt lat="42.806770" lon="2.194490">
						<ele>672</ele>
						<time>2019-08-09T12:12:16Z</time>
					</trkpt>
					<trkpt lat="42.806690" lon="2.194340">
						<ele>674</ele>
						<time>2019-08-09T12:12:19Z</time>
					</trkpt>
					<trkpt lat="42.806550" lon="2.194220">
						<ele>678</ele>
						<time>2019-08-09T12:12:22Z</time>
					</trkpt>
					<trkpt lat="42.806000" lon="2.194050">
						<ele>691</ele>
						<time>2019-08-09T12:12:32Z</time>
					</trkpt>
					<trkpt lat="42.805710" lon="2.193860">
						<ele>695</ele>
						<time>2019-08-09T12:12:38Z</time>
					</trkpt>
					<trkpt lat="42.805550" lon="2.193730">
						<ele>697</ele>
						<time>2019-08-09T12:12:41Z</time>
					</trkpt>
					<trkpt lat="42.805330" lon="2.193700">
						<ele>704</ele>
						<time>2019-08-09T12:12:45Z</time>
					</trkpt>
					<trkpt lat="42.805100" lon="2.193650">
						<ele>710</ele>
						<time>2019-08-09T12:12:49Z</time>
					</trkpt>
					<trkpt lat="42.805030" lon="2.193600">
						<ele>711</ele>
						<time>2019-08-09T12:12:50Z</time>
					</trkpt>
					<trkpt lat="42.804980" lon="2.193500">
						<ele>711</ele>
						<time>2019-08-09T12:12:52Z</time>
					</trkpt>
					<trkpt lat="42.804790" lon="2.192690">
						<ele>712</ele>
						<time>2019-08-09T12:13:03Z</time>
					</trkpt>
					<trkpt lat="42.804720" lon="2.192500">
						<ele>713</ele>
						<time>2019-08-09T12:13:06Z</time>
					</trkpt>
					<trkpt lat="42.804710" lon="2.192300">
						<ele>720</ele>
						<time>2019-08-09T12:13:08Z</time>
					</trkpt>
					<trkpt lat="42.804800" lon="2.192150">
						<ele>723</ele>
						<time>2019-08-09T12:13:11Z</time>
					</trkpt>
					<trkpt lat="42.805080" lon="2.192090">
						<ele>719</ele>
						<time>2019-08-09T12:13:16Z</time>
					</trkpt>
					<trkpt lat="42.805290" lon="2.192070">
						<ele>714</ele>
						<time>2019-08-09T12:13:20Z</time>
					</trkpt>
					<trkpt lat="42.805560" lon="2.191950">
						<ele>711</ele>
						<time>2019-08-09T12:13:25Z</time>
					</trkpt>
					<trkpt lat="42.805770" lon="2.191740">
						<ele>713</ele>
						<time>2019-08-09T12:13:29Z</time>
					</trkpt>
					<trkpt lat="42.805820" lon="2.191540">
						<ele>718</ele>
						<time>2019-08-09T12:13:32Z</time>
					</trkpt>
					<trkpt lat="42.805830" lon="2.191240">
						<ele>725</ele>
						<time>2019-08-09T12:13:36Z</time>
					</trkpt>
					<trkpt lat="42.805860" lon="2.190980">
						<ele>730</ele>
						<time>2019-08-09T12:13:40Z</time>
					</trkpt>
					<trkpt lat="42.805920" lon="2.190650">
						<ele>737</ele>
						<time>2019-08-09T12:13:44Z</time>
					</trkpt>
					<trkpt lat="42.806020" lon="2.190510">
						<ele>738</ele>
						<time>2019-08-09T12:13:47Z</time>
					</trkpt>
					<trkpt lat="42.806320" lon="2.190220">
						<ele>738</ele>
						<time>2019-08-09T12:13:53Z</time>
					</trkpt>
					<trkpt lat="42.806720" lon="2.190070">
						<ele>733</ele>
						<time>2019-08-09T12:14:00Z</time>
					</trkpt>
					<trkpt lat="42.806950" lon="2.189940">
						<ele>734</ele>
						<time>2019-08-09T12:14:05Z</time>
					</trkpt>
					<trkpt lat="42.807160" lon="2.189850">
						<ele>733</ele>
						<time>2019-08-09T12:14:09Z</time>
					</trkpt>
					<trkpt lat="42.807270" lon="2.189680">
						<ele>734</ele>
						<time>2019-08-09T12:14:12Z</time>
					</trkpt>
					<trkpt lat="42.807280" lon="2.189510">
						<ele>737</ele>
						<time>2019-08-09T12:14:14Z</time>
					</trkpt>
					<trkpt lat="42.807160" lon="2.188600">
						<ele>749</ele>
						<time>2019-08-09T12:14:26Z</time>
					</trkpt>
					<trkpt lat="42.807130" lon="2.188170">
						<ele>751</ele>
						<time>2019-08-09T12:14:32Z</time>
					</trkpt>
					<trkpt lat="42.806660" lon="2.186990">
						<ele>775</ele>
						<time>2019-08-09T12:14:49Z</time>
					</trkpt>
					<trkpt lat="42.806630" lon="2.186770">
						<ele>777</ele>
						<time>2019-08-09T12:14:52Z</time>
					</trkpt>
					<trkpt lat="42.806620" lon="2.186490">
						<ele>779</ele>
						<time>2019-08-09T12:14:56Z</time>
					</trkpt>
					<trkpt lat="42.806640" lon="2.186110">
						<ele>780</ele>
						<time>2019-08-09T12:15:01Z</time>
					</trkpt>
					<trkpt lat="42.806620" lon="2.184550">
						<ele>784</ele>
						<time>2019-08-09T12:15:21Z</time>
					</trkpt>
					<trkpt lat="42.806540" lon="2.184320">
						<ele>788</ele>
						<time>2019-08-09T12:15:24Z</time>
					</trkpt>
					<trkpt lat="42.806010" lon="2.183660">
						<ele>806</ele>
						<time>2019-08-09T12:15:37Z</time>
					</trkpt>
					<trkpt lat="42.805940" lon="2.183500">
						<ele>807</ele>
						<time>2019-08-09T12:15:40Z</time>
					</trkpt>
					<trkpt lat="42.805920" lon="2.183400">
						<ele>807</ele>
						<time>2019-08-09T12:15:41Z</time>
					</trkpt>
					<trkpt lat="42.805920" lon="2.183000">
						<ele>814</ele>
						<time>2019-08-09T12:15:46Z</time>
					</trkpt>
					<trkpt lat="42.805970" lon="2.182890">
						<ele>815</ele>
						<time>2019-08-09T12:15:48Z</time>
					</trkpt>
					<trkpt lat="42.806090" lon="2.182800">
						<ele>815</ele>
						<time>2019-08-09T12:15:50Z</time>
					</trkpt>
					<trkpt lat="42.806420" lon="2.182650">
						<ele>812</ele>
						<time>2019-08-09T12:15:57Z</time>
					</trkpt>
					<trkpt lat="42.806710" lon="2.182560">
						<ele>810</ele>
						<time>2019-08-09T12:16:02Z</time>
					</trkpt>
					<trkpt lat="42.807040" lon="2.182500">
						<ele>811</ele>
						<time>2019-08-09T12:16:08Z</time>
					</trkpt>
					<trkpt lat="42.807540" lon="2.182520">
						<ele>811</ele>
						<time>2019-08-09T12:16:17Z</time>
					</trkpt>
					<trkpt lat="42.807660" lon="2.182470">
						<ele>811</ele>
						<time>2019-08-09T12:16:19Z</time>
					</trkpt>
					<trkpt lat="42.807840" lon="2.182250">
						<ele>814</ele>
						<time>2019-08-09T12:16:23Z</time>
					</trkpt>
					<trkpt lat="42.807950" lon="2.181930">
						<ele>821</ele>
						<time>2019-08-09T12:16:28Z</time>
					</trkpt>
					<trkpt lat="42.808040" lon="2.181760">
						<ele>824</ele>
						<time>2019-08-09T12:16:31Z</time>
					</trkpt>
					<trkpt lat="42.808250" lon="2.181490">
						<ele>828</ele>
						<time>2019-08-09T12:16:36Z</time>
					</trkpt>
					<trkpt lat="42.808510" lon="2.181100">
						<ele>835</ele>
						<time>2019-08-09T12:16:43Z</time>
					</trkpt>
					<trkpt lat="42.808700" lon="2.180890">
						<ele>839</ele>
						<time>2019-08-09T12:16:47Z</time>
					</trkpt>
					<trkpt lat="42.808900" lon="2.180760">
						<ele>839</ele>
						<time>2019-08-09T12:16:51Z</time>
					</trkpt>
					<trkpt lat="42.808980" lon="2.180650">
						<ele>841</ele>
						<time>2019-08-09T12:16:53Z</time>
					</trkpt>
					<trkpt lat="42.809010" lon="2.180550">
						<ele>843</ele>
						<time>2019-08-09T12:16:54Z</time>
					</trkpt>
					<trkpt lat="42.808980" lon="2.180410">
						<ele>847</ele>
						<time>2019-08-09T12:16:56Z</time>
					</trkpt>
					<trkpt lat="42.808890" lon="2.180340">
						<ele>850</ele>
						<time>2019-08-09T12:16:58Z</time>
					</trkpt>
					<trkpt lat="42.808770" lon="2.180360">
						<ele>851</ele>
						<time>2019-08-09T12:17:00Z</time>
					</trkpt>
					<trkpt lat="42.808670" lon="2.180510">
						<ele>849</ele>
						<time>2019-08-09T12:17:03Z</time>
					</trkpt>
					<trkpt lat="42.808510" lon="2.180810">
						<ele>843</ele>
						<time>2019-08-09T12:17:08Z</time>
					</trkpt>
					<trkpt lat="42.808260" lon="2.181090">
						<ele>839</ele>
						<time>2019-08-09T12:17:13Z</time>
					</trkpt>
					<trkpt lat="42.808100" lon="2.181220">
						<ele>838</ele>
						<time>2019-08-09T12:17:17Z</time>
					</trkpt>
					<trkpt lat="42.807920" lon="2.181260">
						<ele>839</ele>
						<time>2019-08-09T12:17:20Z</time>
					</trkpt>
					<trkpt lat="42.807490" lon="2.181130">
						<ele>848</ele>
						<time>2019-08-09T12:17:28Z</time>
					</trkpt>
					<trkpt lat="42.807160" lon="2.181150">
						<ele>852</ele>
						<time>2019-08-09T12:17:34Z</time>
					</trkpt>
					<trkpt lat="42.806970" lon="2.181120">
						<ele>856</ele>
						<time>2019-08-09T12:17:37Z</time>
					</trkpt>
					<trkpt lat="42.806880" lon="2.181060">
						<ele>859</ele>
						<time>2019-08-09T12:17:39Z</time>
					</trkpt>
					<trkpt lat="42.806840" lon="2.180960">
						<ele>862</ele>
						<time>2019-08-09T12:17:40Z</time>
					</trkpt>
					<trkpt lat="42.806860" lon="2.180820">
						<ele>866</ele>
						<time>2019-08-09T12:17:42Z</time>
					</trkpt>
					<trkpt lat="42.806930" lon="2.180670">
						<ele>872</ele>
						<time>2019-08-09T12:17:45Z</time>
					</trkpt>
					<trkpt lat="42.807050" lon="2.180590">
						<ele>873</ele>
						<time>2019-08-09T12:17:47Z</time>
					</trkpt>
					<trkpt lat="42.807390" lon="2.180520">
						<ele>867</ele>
						<time>2019-08-09T12:17:53Z</time>
					</trkpt>
					<trkpt lat="42.807720" lon="2.180420">
						<ele>864</ele>
						<time>2019-08-09T12:17:59Z</time>
					</trkpt>
					<trkpt lat="42.807910" lon="2.180300">
						<ele>865</ele>
						<time>2019-08-09T12:18:03Z</time>
					</trkpt>
					<trkpt lat="42.808140" lon="2.179980">
						<ele>872</ele>
						<time>2019-08-09T12:18:09Z</time>
					</trkpt>
					<trkpt lat="42.808600" lon="2.179460">
						<ele>885</ele>
						<time>2019-08-09T12:18:19Z</time>
					</trkpt>
					<trkpt lat="42.808920" lon="2.179150">
						<ele>890</ele>
						<time>2019-08-09T12:18:26Z</time>
					</trkpt>
					<trkpt lat="42.809150" lon="2.179110">
						<ele>886</ele>
						<time>2019-08-09T12:18:30Z</time>
					</trkpt>
					<trkpt lat="42.809430" lon="2.179130">
						<ele>891</ele>
						<time>2019-08-09T12:18:35Z</time>
					</trkpt>
					<trkpt lat="42.809940" lon="2.179350">
						<ele>894</ele>
						<time>2019-08-09T12:18:45Z</time>
					</trkpt>
					<trkpt lat="42.810140" lon="2.179500">
						<ele>887</ele>
						<time>2019-08-09T12:18:49Z</time>
					</trkpt>
					<trkpt lat="42.810270" lon="2.179520">
						<ele>886</ele>
						<time>2019-08-09T12:18:51Z</time>
					</trkpt>
					<trkpt lat="42.810400" lon="2.179450">
						<ele>888</ele>
						<time>2019-08-09T12:18:54Z</time>
					</trkpt>
					<trkpt lat="42.810480" lon="2.179310">
						<ele>893</ele>
						<time>2019-08-09T12:18:56Z</time>
					</trkpt>
					<trkpt lat="42.810550" lon="2.179080">
						<ele>901</ele>
						<time>2019-08-09T12:18:59Z</time>
					</trkpt>
					<trkpt lat="42.810640" lon="2.178920">
						<ele>907</ele>
						<time>2019-08-09T12:19:02Z</time>
					</trkpt>
					<trkpt lat="42.810750" lon="2.178810">
						<ele>910</ele>
						<time>2019-08-09T12:19:04Z</time>
					</trkpt>
					<trkpt lat="42.811020" lon="2.178680">
						<ele>911</ele>
						<time>2019-08-09T12:19:10Z</time>
					</trkpt>
					<trkpt lat="42.811360" lon="2.178470">
						<ele>912</ele>
						<time>2019-08-09T12:19:16Z</time>
					</trkpt>
					<trkpt lat="42.811490" lon="2.178330">
						<ele>915</ele>
						<time>2019-08-09T12:19:19Z</time>
					</trkpt>
					<trkpt lat="42.811680" lon="2.178200">
						<ele>916</ele>
						<time>2019-08-09T12:19:23Z</time>
					</trkpt>
					<trkpt lat="42.811920" lon="2.178110">
						<ele>919</ele>
						<time>2019-08-09T12:19:27Z</time>
					</trkpt>
					<trkpt lat="42.812260" lon="2.178090">
						<ele>919</ele>
						<time>2019-08-09T12:19:33Z</time>
					</trkpt>
					<trkpt lat="42.812640" lon="2.178110">
						<ele>918</ele>
						<time>2019-08-09T12:19:40Z</time>
					</trkpt>
					<trkpt lat="42.812770" lon="2.178070">
						<ele>919</ele>
						<time>2019-08-09T12:19:43Z</time>
					</trkpt>
					<trkpt lat="42.812890" lon="2.177980">
						<ele>921</ele>
						<time>2019-08-09T12:19:45Z</time>
					</trkpt>
					<trkpt lat="42.813070" lon="2.177800">
						<ele>924</ele>
						<time>2019-08-09T12:19:49Z</time>
					</trkpt>
					<trkpt lat="42.813160" lon="2.177660">
						<ele>927</ele>
						<time>2019-08-09T12:19:51Z</time>
					</trkpt>
					<trkpt lat="42.813210" lon="2.177500">
						<ele>929</ele>
						<time>2019-08-09T12:19:54Z</time>
					</trkpt>
					<trkpt lat="42.813190" lon="2.177320">
						<ele>930</ele>
						<time>2019-08-09T12:19:56Z</time>
					</trkpt>
					<trkpt lat="42.813230" lon="2.177230">
						<ele>929</ele>
						<time>2019-08-09T12:19:57Z</time>
					</trkpt>
					<trkpt lat="42.813220" lon="2.177160">
						<ele>929</ele>
						<time>2019-08-09T12:19:58Z</time>
					</trkpt>
					<trkpt lat="42.813070" lon="2.176900">
						<ele>933</ele>
						<time>2019-08-09T12:20:03Z</time>
					</trkpt>
					<trkpt lat="42.813220" lon="2.177160">
						<ele>929</ele>
						<time>2019-08-09T12:20:07Z</time>
					</trkpt>
					<trkpt lat="42.813230" lon="2.177230">
						<ele>929</ele>
						<time>2019-08-09T12:20:08Z</time>
					</trkpt>
					<trkpt lat="42.813190" lon="2.177320">
						<ele>930</ele>
						<time>2019-08-09T12:20:09Z</time>
					</trkpt>
					<trkpt lat="42.813030" lon="2.176920">
						<ele>933</ele>
						<time>2019-08-09T12:20:15Z</time>
					</trkpt>
					<trkpt lat="42.812480" lon="2.175420">
						<ele>939</ele>
						<time>2019-08-09T12:20:37Z</time>
					</trkpt>
					<trkpt lat="42.812310" lon="2.175140">
						<ele>943</ele>
						<time>2019-08-09T12:20:42Z</time>
					</trkpt>
					<trkpt lat="42.812150" lon="2.174800">
						<ele>948</ele>
						<time>2019-08-09T12:20:47Z</time>
					</trkpt>
					<trkpt lat="42.812080" lon="2.174490">
						<ele>949</ele>
						<time>2019-08-09T12:20:51Z</time>
					</trkpt>
					<trkpt lat="42.812020" lon="2.174170">
						<ele>950</ele>
						<time>2019-08-09T12:20:56Z</time>
					</trkpt>
					<trkpt lat="42.812070" lon="2.173580">
						<ele>949</ele>
						<time>2019-08-09T12:21:03Z</time>
					</trkpt>
					<trkpt lat="42.812000" lon="2.173130">
						<ele>953</ele>
						<time>2019-08-09T12:21:09Z</time>
					</trkpt>
					<trkpt lat="42.811690" lon="2.172150">
						<ele>967</ele>
						<time>2019-08-09T12:21:23Z</time>
					</trkpt>
					<trkpt lat="42.811570" lon="2.171380">
						<ele>972</ele>
						<time>2019-08-09T12:21:34Z</time>
					</trkpt>
					<trkpt lat="42.811650" lon="2.170880">
						<ele>969</ele>
						<time>2019-08-09T12:21:40Z</time>
					</trkpt>
					<trkpt lat="42.811600" lon="2.170690">
						<ele>972</ele>
						<time>2019-08-09T12:21:43Z</time>
					</trkpt>
					<trkpt lat="42.811490" lon="2.170490">
						<ele>979</ele>
						<time>2019-08-09T12:21:46Z</time>
					</trkpt>
					<trkpt lat="42.811410" lon="2.170260">
						<ele>985</ele>
						<time>2019-08-09T12:21:50Z</time>
					</trkpt>
					<trkpt lat="42.811370" lon="2.169910">
						<ele>990</ele>
						<time>2019-08-09T12:21:54Z</time>
					</trkpt>
					<trkpt lat="42.811490" lon="2.169680">
						<ele>987</ele>
						<time>2019-08-09T12:21:58Z</time>
					</trkpt>
					<trkpt lat="42.811730" lon="2.169410">
						<ele>981</ele>
						<time>2019-08-09T12:22:03Z</time>
					</trkpt>
					<trkpt lat="42.811850" lon="2.169050">
						<ele>979</ele>
						<time>2019-08-09T12:22:09Z</time>
					</trkpt>
					<trkpt lat="42.811850" lon="2.168750">
						<ele>978</ele>
						<time>2019-08-09T12:22:12Z</time>
					</trkpt>
					<trkpt lat="42.811700" lon="2.168490">
						<ele>982</ele>
						<time>2019-08-09T12:22:17Z</time>
					</trkpt>
					<trkpt lat="42.811360" lon="2.168400">
						<ele>990</ele>
						<time>2019-08-09T12:22:23Z</time>
					</trkpt>
					<trkpt lat="42.811200" lon="2.168250">
						<ele>994</ele>
						<time>2019-08-09T12:22:26Z</time>
					</trkpt>
					<trkpt lat="42.811150" lon="2.167950">
						<ele>996</ele>
						<time>2019-08-09T12:22:30Z</time>
					</trkpt>
					<trkpt lat="42.811230" lon="2.167640">
						<ele>994</ele>
						<time>2019-08-09T12:22:35Z</time>
					</trkpt>
					<trkpt lat="42.811420" lon="2.167210">
						<ele>991</ele>
						<time>2019-08-09T12:22:41Z</time>
					</trkpt>
					<trkpt lat="42.811440" lon="2.166840">
						<ele>994</ele>
						<time>2019-08-09T12:22:46Z</time>
					</trkpt>
					<trkpt lat="42.811280" lon="2.166050">
						<ele>1001</ele>
						<time>2019-08-09T12:22:57Z</time>
					</trkpt>
					<trkpt lat="42.811190" lon="2.165450">
						<ele>998</ele>
						<time>2019-08-09T12:23:05Z</time>
					</trkpt>
					<trkpt lat="42.811090" lon="2.165210">
						<ele>998</ele>
						<time>2019-08-09T12:23:08Z</time>
					</trkpt>
					<trkpt lat="42.810670" lon="2.164860">
						<ele>1000</ele>
						<time>2019-08-09T12:23:17Z</time>
					</trkpt>
					<trkpt lat="42.810390" lon="2.164690">
						<ele>997</ele>
						<time>2019-08-09T12:23:23Z</time>
					</trkpt>
					<trkpt lat="42.810200" lon="2.164760">
						<ele>1000</ele>
						<time>2019-08-09T12:23:26Z</time>
					</trkpt>
					<trkpt lat="42.809630" lon="2.165470">
						<ele>1013</ele>
						<time>2019-08-09T12:23:40Z</time>
					</trkpt>
					<trkpt lat="42.808880" lon="2.165860">
						<ele>1013</ele>
						<time>2019-08-09T12:23:54Z</time>
					</trkpt>
					<trkpt lat="42.808690" lon="2.166100">
						<ele>1018</ele>
						<time>2019-08-09T12:23:59Z</time>
					</trkpt>
					<trkpt lat="42.808390" lon="2.166230">
						<ele>1017</ele>
						<time>2019-08-09T12:24:04Z</time>
					</trkpt>
					<trkpt lat="42.807980" lon="2.166900">
						<ele>1021</ele>
						<time>2019-08-09T12:24:16Z</time>
					</trkpt>
					<trkpt lat="42.807960" lon="2.167190">
						<ele>1025</ele>
						<time>2019-08-09T12:24:19Z</time>
					</trkpt>
					<trkpt lat="42.807950" lon="2.167570">
						<ele>1032</ele>
						<time>2019-08-09T12:24:24Z</time>
					</trkpt>
					<trkpt lat="42.807840" lon="2.168070">
						<ele>1037</ele>
						<time>2019-08-09T12:24:31Z</time>
					</trkpt>
					<trkpt lat="42.807600" lon="2.168410">
						<ele>1037</ele>
						<time>2019-08-09T12:24:37Z</time>
					</trkpt>
					<trkpt lat="42.807340" lon="2.168670">
						<ele>1038</ele>
						<time>2019-08-09T12:24:43Z</time>
					</trkpt>
					<trkpt lat="42.806670" lon="2.169000">
						<ele>1035</ele>
						<time>2019-08-09T12:24:56Z</time>
					</trkpt>
					<trkpt lat="42.806340" lon="2.169270">
						<ele>1036</ele>
						<time>2019-08-09T12:25:03Z</time>
					</trkpt>
					<trkpt lat="42.806200" lon="2.169470">
						<ele>1037</ele>
						<time>2019-08-09T12:25:06Z</time>
					</trkpt>
					<trkpt lat="42.806040" lon="2.169790">
						<ele>1039</ele>
						<time>2019-08-09T12:25:11Z</time>
					</trkpt>
					<trkpt lat="42.805990" lon="2.170180">
						<ele>1045</ele>
						<time>2019-08-09T12:25:17Z</time>
					</trkpt>
					<trkpt lat="42.805460" lon="2.171630">
						<ele>1055</ele>
						<time>2019-08-09T12:25:38Z</time>
					</trkpt>
					<trkpt lat="42.805180" lon="2.172650">
						<ele>1060</ele>
						<time>2019-08-09T12:25:52Z</time>
					</trkpt>
					<trkpt lat="42.805050" lon="2.172930">
						<ele>1058</ele>
						<time>2019-08-09T12:25:56Z</time>
					</trkpt>
					<trkpt lat="42.804860" lon="2.173100">
						<ele>1057</ele>
						<time>2019-08-09T12:26:00Z</time>
					</trkpt>
					<trkpt lat="42.804660" lon="2.173230">
						<ele>1058</ele>
						<time>2019-08-09T12:26:04Z</time>
					</trkpt>
					<trkpt lat="42.804450" lon="2.173520">
						<ele>1059</ele>
						<time>2019-08-09T12:26:10Z</time>
					</trkpt>
					<trkpt lat="42.804330" lon="2.173570">
						<ele>1059</ele>
						<time>2019-08-09T12:26:12Z</time>
					</trkpt>
					<trkpt lat="42.804220" lon="2.173550">
						<ele>1058</ele>
						<time>2019-08-09T12:26:14Z</time>
					</trkpt>
					<trkpt lat="42.803970" lon="2.173120">
						<ele>1058</ele>
						<time>2019-08-09T12:26:21Z</time>
					</trkpt>
					<trkpt lat="42.803780" lon="2.172960">
						<ele>1060</ele>
						<time>2019-08-09T12:26:25Z</time>
					</trkpt>
					<trkpt lat="42.803530" lon="2.172870">
						<ele>1064</ele>
						<time>2019-08-09T12:26:29Z</time>
					</trkpt>
					<trkpt lat="42.803420" lon="2.172780">
						<ele>1065</ele>
						<time>2019-08-09T12:26:32Z</time>
					</trkpt>
					<trkpt lat="42.803360" lon="2.172530">
						<ele>1064</ele>
						<time>2019-08-09T12:26:35Z</time>
					</trkpt>
					<trkpt lat="42.803250" lon="2.171670">
						<ele>1073</ele>
						<time>2019-08-09T12:26:47Z</time>
					</trkpt>
					<trkpt lat="42.803230" lon="2.171200">
						<ele>1076</ele>
						<time>2019-08-09T12:26:53Z</time>
					</trkpt>
					<trkpt lat="42.803100" lon="2.170420">
						<ele>1084</ele>
						<time>2019-08-09T12:27:03Z</time>
					</trkpt>
					<trkpt lat="42.803040" lon="2.169450">
						<ele>1087</ele>
						<time>2019-08-09T12:27:16Z</time>
					</trkpt>
					<trkpt lat="42.803020" lon="2.168690">
						<ele>1091</ele>
						<time>2019-08-09T12:27:26Z</time>
					</trkpt>
					<trkpt lat="42.802990" lon="2.168330">
						<ele>1095</ele>
						<time>2019-08-09T12:27:31Z</time>
					</trkpt>
					<trkpt lat="42.802880" lon="2.168000">
						<ele>1104</ele>
						<time>2019-08-09T12:27:35Z</time>
					</trkpt>
					<trkpt lat="42.802940" lon="2.166980">
						<ele>1098</ele>
						<time>2019-08-09T12:27:49Z</time>
					</trkpt>
					<trkpt lat="42.802930" lon="2.166670">
						<ele>1096</ele>
						<time>2019-08-09T12:27:53Z</time>
					</trkpt>
					<trkpt lat="42.802860" lon="2.166450">
						<ele>1097</ele>
						<time>2019-08-09T12:27:56Z</time>
					</trkpt>
					<trkpt lat="42.802690" lon="2.166060">
						<ele>1101</ele>
						<time>2019-08-09T12:28:02Z</time>
					</trkpt>
					<trkpt lat="42.802570" lon="2.165510">
						<ele>1098</ele>
						<time>2019-08-09T12:28:09Z</time>
					</trkpt>
					<trkpt lat="42.802340" lon="2.164750">
						<ele>1102</ele>
						<time>2019-08-09T12:28:20Z</time>
					</trkpt>
					<trkpt lat="42.801910" lon="2.163870">
						<ele>1111</ele>
						<time>2019-08-09T12:28:34Z</time>
					</trkpt>
					<trkpt lat="42.801600" lon="2.163340">
						<ele>1115</ele>
						<time>2019-08-09T12:28:43Z</time>
					</trkpt>
					<trkpt lat="42.801410" lon="2.162820">
						<ele>1117</ele>
						<time>2019-08-09T12:28:50Z</time>
					</trkpt>
					<trkpt lat="42.801170" lon="2.162400">
						<ele>1124</ele>
						<time>2019-08-09T12:28:57Z</time>
					</trkpt>
					<trkpt lat="42.801100" lon="2.162080">
						<ele>1126</ele>
						<time>2019-08-09T12:29:01Z</time>
					</trkpt>
					<trkpt lat="42.801130" lon="2.161400">
						<ele>1125</ele>
						<time>2019-08-09T12:29:10Z</time>
					</trkpt>
					<trkpt lat="42.801210" lon="2.161100">
						<ele>1124</ele>
						<time>2019-08-09T12:29:15Z</time>
					</trkpt>
					<trkpt lat="42.801230" lon="2.160910">
						<ele>1125</ele>
						<time>2019-08-09T12:29:17Z</time>
					</trkpt>
					<trkpt lat="42.801210" lon="2.160060">
						<ele>1130</ele>
						<time>2019-08-09T12:29:28Z</time>
					</trkpt>
					<trkpt lat="42.801220" lon="2.159700">
						<ele>1131</ele>
						<time>2019-08-09T12:29:33Z</time>
					</trkpt>
					<trkpt lat="42.801290" lon="2.159300">
						<ele>1129</ele>
						<time>2019-08-09T12:29:38Z</time>
					</trkpt>
					<trkpt lat="42.801290" lon="2.159000">
						<ele>1130</ele>
						<time>2019-08-09T12:29:42Z</time>
					</trkpt>
					<trkpt lat="42.801270" lon="2.158800">
						<ele>1130</ele>
						<time>2019-08-09T12:29:45Z</time>
					</trkpt>
					<trkpt lat="42.801040" lon="2.158180">
						<ele>1136</ele>
						<time>2019-08-09T12:29:54Z</time>
					</trkpt>
					<trkpt lat="42.801060" lon="2.157710">
						<ele>1132</ele>
						<time>2019-08-09T12:30:00Z</time>
					</trkpt>
					<trkpt lat="42.800980" lon="2.157390">
						<ele>1132</ele>
						<time>2019-08-09T12:30:04Z</time>
					</trkpt>
					<trkpt lat="42.800830" lon="2.157240">
						<ele>1134</ele>
						<time>2019-08-09T12:30:08Z</time>
					</trkpt>
					<trkpt lat="42.800660" lon="2.157300">
						<ele>1133</ele>
						<time>2019-08-09T12:30:11Z</time>
					</trkpt>
					<trkpt lat="42.800430" lon="2.157590">
						<ele>1133</ele>
						<time>2019-08-09T12:30:16Z</time>
					</trkpt>
					<trkpt lat="42.800300" lon="2.157880">
						<ele>1135</ele>
						<time>2019-08-09T12:30:21Z</time>
					</trkpt>
					<trkpt lat="42.799800" lon="2.158730">
						<ele>1140</ele>
						<time>2019-08-09T12:30:35Z</time>
					</trkpt>
					<trkpt lat="42.799690" lon="2.158800">
						<ele>1140</ele>
						<time>2019-08-09T12:30:37Z</time>
					</trkpt>
					<trkpt lat="42.799590" lon="2.158790">
						<ele>1140</ele>
						<time>2019-08-09T12:30:39Z</time>
					</trkpt>
					<trkpt lat="42.799540" lon="2.158760">
						<ele>1139</ele>
						<time>2019-08-09T12:30:40Z</time>
					</trkpt>
					<trkpt lat="42.799510" lon="2.158710">
						<ele>1139</ele>
						<time>2019-08-09T12:30:41Z</time>
					</trkpt>
					<trkpt lat="42.799410" lon="2.158260">
						<ele>1135</ele>
						<time>2019-08-09T12:30:47Z</time>
					</trkpt>
					<trkpt lat="42.799330" lon="2.158180">
						<ele>1134</ele>
						<time>2019-08-09T12:30:49Z</time>
					</trkpt>
					<trkpt lat="42.799140" lon="2.158090">
						<ele>1133</ele>
						<time>2019-08-09T12:30:52Z</time>
					</trkpt>
					<trkpt lat="42.798760" lon="2.158060">
						<ele>1133</ele>
						<time>2019-08-09T12:30:59Z</time>
					</trkpt>
					<trkpt lat="42.798400" lon="2.158090">
						<ele>1133</ele>
						<time>2019-08-09T12:31:06Z</time>
					</trkpt>
					<trkpt lat="42.798390" lon="2.157860">
						<ele>1132</ele>
						<time>2019-08-09T12:31:09Z</time>
					</trkpt>
					<trkpt lat="42.798450" lon="2.157620">
						<ele>1130</ele>
						<time>2019-08-09T12:31:12Z</time>
					</trkpt>
					<trkpt lat="42.798560" lon="2.157330">
						<ele>1130</ele>
						<time>2019-08-09T12:31:16Z</time>
					</trkpt>
					<trkpt lat="42.798770" lon="2.157050">
						<ele>1129</ele>
						<time>2019-08-09T12:31:21Z</time>
					</trkpt>
					<trkpt lat="42.799160" lon="2.156620">
						<ele>1128</ele>
						<time>2019-08-09T12:31:30Z</time>
					</trkpt>
					<trkpt lat="42.799630" lon="2.156270">
						<ele>1127</ele>
						<time>2019-08-09T12:31:40Z</time>
					</trkpt>
					<trkpt lat="42.799970" lon="2.156050">
						<ele>1126</ele>
						<time>2019-08-09T12:31:46Z</time>
					</trkpt>
					<trkpt lat="42.800170" lon="2.155800">
						<ele>1126</ele>
						<time>2019-08-09T12:31:51Z</time>
					</trkpt>
					<trkpt lat="42.800340" lon="2.155420">
						<ele>1126</ele>
						<time>2019-08-09T12:31:57Z</time>
					</trkpt>
					<trkpt lat="42.800600" lon="2.154650">
						<ele>1127</ele>
						<time>2019-08-09T12:32:08Z</time>
					</trkpt>
					<trkpt lat="42.800800" lon="2.153950">
						<ele>1129</ele>
						<time>2019-08-09T12:32:18Z</time>
					</trkpt>
					<trkpt lat="42.801070" lon="2.152280">
						<ele>1146</ele>
						<time>2019-08-09T12:32:40Z</time>
					</trkpt>
					<trkpt lat="42.801150" lon="2.152040">
						<ele>1148</ele>
						<time>2019-08-09T12:32:44Z</time>
					</trkpt>
					<trkpt lat="42.801550" lon="2.151170">
						<ele>1148</ele>
						<time>2019-08-09T12:32:57Z</time>
					</trkpt>
					<trkpt lat="42.801680" lon="2.150670">
						<ele>1151</ele>
						<time>2019-08-09T12:33:04Z</time>
					</trkpt>
					<trkpt lat="42.801760" lon="2.150110">
						<ele>1157</ele>
						<time>2019-08-09T12:33:12Z</time>
					</trkpt>
					<trkpt lat="42.801810" lon="2.149630">
						<ele>1161</ele>
						<time>2019-08-09T12:33:18Z</time>
					</trkpt>
					<trkpt lat="42.801680" lon="2.148090">
						<ele>1179</ele>
						<time>2019-08-09T12:33:38Z</time>
					</trkpt>
					<trkpt lat="42.801650" lon="2.147410">
						<ele>1181</ele>
						<time>2019-08-09T12:33:47Z</time>
					</trkpt>
					<trkpt lat="42.801590" lon="2.147040">
						<ele>1184</ele>
						<time>2019-08-09T12:33:52Z</time>
					</trkpt>
					<trkpt lat="42.801340" lon="2.146370">
						<ele>1193</ele>
						<time>2019-08-09T12:34:02Z</time>
					</trkpt>
					<trkpt lat="42.801280" lon="2.146100">
						<ele>1193</ele>
						<time>2019-08-09T12:34:05Z</time>
					</trkpt>
					<trkpt lat="42.801070" lon="2.145670">
						<ele>1197</ele>
						<time>2019-08-09T12:34:12Z</time>
					</trkpt>
					<trkpt lat="42.800670" lon="2.144970">
						<ele>1206</ele>
						<time>2019-08-09T12:34:24Z</time>
					</trkpt>
					<trkpt lat="42.800570" lon="2.144770">
						<ele>1213</ele>
						<time>2019-08-09T12:34:27Z</time>
					</trkpt>
					<trkpt lat="42.800570" lon="2.144630">
						<ele>1214</ele>
						<time>2019-08-09T12:34:29Z</time>
					</trkpt>
					<trkpt lat="42.800610" lon="2.144520">
						<ele>1212</ele>
						<time>2019-08-09T12:34:30Z</time>
					</trkpt>
					<trkpt lat="42.800850" lon="2.144370">
						<ele>1202</ele>
						<time>2019-08-09T12:34:35Z</time>
					</trkpt>
					<trkpt lat="42.801000" lon="2.143950">
						<ele>1203</ele>
						<time>2019-08-09T12:34:41Z</time>
					</trkpt>
					<trkpt lat="42.801180" lon="2.143280">
						<ele>1210</ele>
						<time>2019-08-09T12:34:50Z</time>
					</trkpt>
					<trkpt lat="42.801270" lon="2.143040">
						<ele>1213</ele>
						<time>2019-08-09T12:34:54Z</time>
					</trkpt>
					<trkpt lat="42.801360" lon="2.142920">
						<ele>1213</ele>
						<time>2019-08-09T12:34:56Z</time>
					</trkpt>
					<trkpt lat="42.801820" lon="2.142560">
						<ele>1211</ele>
						<time>2019-08-09T12:35:06Z</time>
					</trkpt>
					<trkpt lat="42.801920" lon="2.142440">
						<ele>1212</ele>
						<time>2019-08-09T12:35:08Z</time>
					</trkpt>
					<trkpt lat="42.802010" lon="2.142220">
						<ele>1214</ele>
						<time>2019-08-09T12:35:11Z</time>
					</trkpt>
					<trkpt lat="42.802110" lon="2.141670">
						<ele>1222</ele>
						<time>2019-08-09T12:35:19Z</time>
					</trkpt>
					<trkpt lat="42.802110" lon="2.141220">
						<ele>1225</ele>
						<time>2019-08-09T12:35:25Z</time>
					</trkpt>
					<trkpt lat="42.802080" lon="2.140840">
						<ele>1228</ele>
						<time>2019-08-09T12:35:30Z</time>
					</trkpt>
					<trkpt lat="42.801960" lon="2.140390">
						<ele>1230</ele>
						<time>2019-08-09T12:35:36Z</time>
					</trkpt>
					<trkpt lat="42.801730" lon="2.139900">
						<ele>1233</ele>
						<time>2019-08-09T12:35:43Z</time>
					</trkpt>
					<trkpt lat="42.801510" lon="2.139330">
						<ele>1236</ele>
						<time>2019-08-09T12:35:52Z</time>
					</trkpt>
					<trkpt lat="42.801270" lon="2.138800">
						<ele>1234</ele>
						<time>2019-08-09T12:36:00Z</time>
					</trkpt>
					<trkpt lat="42.800970" lon="2.138430">
						<ele>1229</ele>
						<time>2019-08-09T12:36:07Z</time>
					</trkpt>
					<trkpt lat="42.800680" lon="2.138250">
						<ele>1224</ele>
						<time>2019-08-09T12:36:13Z</time>
					</trkpt>
					<trkpt lat="42.800490" lon="2.138230">
						<ele>1221</ele>
						<time>2019-08-09T12:36:16Z</time>
					</trkpt>
					<trkpt lat="42.800320" lon="2.138280">
						<ele>1221</ele>
						<time>2019-08-09T12:36:19Z</time>
					</trkpt>
					<trkpt lat="42.800170" lon="2.138380">
						<ele>1222</ele>
						<time>2019-08-09T12:36:22Z</time>
					</trkpt>
					<trkpt lat="42.800060" lon="2.138350">
						<ele>1220</ele>
						<time>2019-08-09T12:36:24Z</time>
					</trkpt>
					<trkpt lat="42.800040" lon="2.138250">
						<ele>1217</ele>
						<time>2019-08-09T12:36:26Z</time>
					</trkpt>
					<trkpt lat="42.800080" lon="2.138160">
						<ele>1215</ele>
						<time>2019-08-09T12:36:27Z</time>
					</trkpt>
					<trkpt lat="42.800270" lon="2.138070">
						<ele>1215</ele>
						<time>2019-08-09T12:36:31Z</time>
					</trkpt>
					<trkpt lat="42.800630" lon="2.137850">
						<ele>1215</ele>
						<time>2019-08-09T12:36:38Z</time>
					</trkpt>
					<trkpt lat="42.800860" lon="2.137630">
						<ele>1213</ele>
						<time>2019-08-09T12:36:43Z</time>
					</trkpt>
					<trkpt lat="42.801210" lon="2.137070">
						<ele>1209</ele>
						<time>2019-08-09T12:36:52Z</time>
					</trkpt>
					<trkpt lat="42.801320" lon="2.136840">
						<ele>1208</ele>
						<time>2019-08-09T12:36:56Z</time>
					</trkpt>
					<trkpt lat="42.801370" lon="2.136230">
						<ele>1199</ele>
						<time>2019-08-09T12:37:04Z</time>
					</trkpt>
					<trkpt lat="42.801470" lon="2.135820">
						<ele>1195</ele>
						<time>2019-08-09T12:37:09Z</time>
					</trkpt>
					<trkpt lat="42.801660" lon="2.135190">
						<ele>1190</ele>
						<time>2019-08-09T12:37:18Z</time>
					</trkpt>
					<trkpt lat="42.801900" lon="2.134660">
						<ele>1187</ele>
						<time>2019-08-09T12:37:26Z</time>
					</trkpt>
					<trkpt lat="42.802120" lon="2.134020">
						<ele>1182</ele>
						<time>2019-08-09T12:37:36Z</time>
					</trkpt>
					<trkpt lat="42.802310" lon="2.133290">
						<ele>1176</ele>
						<time>2019-08-09T12:37:46Z</time>
					</trkpt>
					<trkpt lat="42.802450" lon="2.132790">
						<ele>1172</ele>
						<time>2019-08-09T12:37:53Z</time>
					</trkpt>
					<trkpt lat="42.802830" lon="2.131650">
						<ele>1165</ele>
						<time>2019-08-09T12:38:09Z</time>
					</trkpt>
					<trkpt lat="42.803030" lon="2.130680">
						<ele>1156</ele>
						<time>2019-08-09T12:38:22Z</time>
					</trkpt>
					<trkpt lat="42.803350" lon="2.129780">
						<ele>1152</ele>
						<time>2019-08-09T12:38:35Z</time>
					</trkpt>
					<trkpt lat="42.803420" lon="2.129450">
						<ele>1151</ele>
						<time>2019-08-09T12:38:40Z</time>
					</trkpt>
					<trkpt lat="42.803430" lon="2.129200">
						<ele>1150</ele>
						<time>2019-08-09T12:38:43Z</time>
					</trkpt>
					<trkpt lat="42.803400" lon="2.128940">
						<ele>1151</ele>
						<time>2019-08-09T12:38:47Z</time>
					</trkpt>
					<trkpt lat="42.803280" lon="2.128410">
						<ele>1155</ele>
						<time>2019-08-09T12:38:54Z</time>
					</trkpt>
					<trkpt lat="42.803230" lon="2.128100">
						<ele>1156</ele>
						<time>2019-08-09T12:38:58Z</time>
					</trkpt>
					<trkpt lat="42.803220" lon="2.127440">
						<ele>1158</ele>
						<time>2019-08-09T12:39:07Z</time>
					</trkpt>
					<trkpt lat="42.803160" lon="2.127150">
						<ele>1158</ele>
						<time>2019-08-09T12:39:10Z</time>
					</trkpt>
					<trkpt lat="42.803090" lon="2.126780">
						<ele>1158</ele>
						<time>2019-08-09T12:39:15Z</time>
					</trkpt>
					<trkpt lat="42.803100" lon="2.126490">
						<ele>1158</ele>
						<time>2019-08-09T12:39:19Z</time>
					</trkpt>
					<trkpt lat="42.803190" lon="2.126170">
						<ele>1157</ele>
						<time>2019-08-09T12:39:24Z</time>
					</trkpt>
					<trkpt lat="42.803190" lon="2.125820">
						<ele>1157</ele>
						<time>2019-08-09T12:39:28Z</time>
					</trkpt>
					<trkpt lat="42.803120" lon="2.125510">
						<ele>1156</ele>
						<time>2019-08-09T12:39:33Z</time>
					</trkpt>
					<trkpt lat="42.802990" lon="2.125090">
						<ele>1154</ele>
						<time>2019-08-09T12:39:38Z</time>
					</trkpt>
					<trkpt lat="42.802560" lon="2.124380">
						<ele>1148</ele>
						<time>2019-08-09T12:39:50Z</time>
					</trkpt>
					<trkpt lat="42.802510" lon="2.124210">
						<ele>1146</ele>
						<time>2019-08-09T12:39:53Z</time>
					</trkpt>
					<trkpt lat="42.802470" lon="2.122290">
						<ele>1128</ele>
						<time>2019-08-09T12:40:18Z</time>
					</trkpt>
					<trkpt lat="42.802490" lon="2.121890">
						<ele>1125</ele>
						<time>2019-08-09T12:40:23Z</time>
					</trkpt>
					<trkpt lat="42.802540" lon="2.121620">
						<ele>1122</ele>
						<time>2019-08-09T12:40:27Z</time>
					</trkpt>
					<trkpt lat="42.803040" lon="2.119950">
						<ele>1109</ele>
						<time>2019-08-09T12:40:50Z</time>
					</trkpt>
					<trkpt lat="42.803180" lon="2.119440">
						<ele>1108</ele>
						<time>2019-08-09T12:40:57Z</time>
					</trkpt>
					<trkpt lat="42.803290" lon="2.118640">
						<ele>1110</ele>
						<time>2019-08-09T12:41:08Z</time>
					</trkpt>
					<trkpt lat="42.803360" lon="2.117330">
						<ele>1110</ele>
						<time>2019-08-09T12:41:25Z</time>
					</trkpt>
					<trkpt lat="42.803460" lon="2.116440">
						<ele>1109</ele>
						<time>2019-08-09T12:41:37Z</time>
					</trkpt>
					<trkpt lat="42.803560" lon="2.115880">
						<ele>1107</ele>
						<time>2019-08-09T12:41:45Z</time>
					</trkpt>
					<trkpt lat="42.803720" lon="2.115350">
						<ele>1105</ele>
						<time>2019-08-09T12:41:52Z</time>
					</trkpt>
					<trkpt lat="42.803960" lon="2.114730">
						<ele>1104</ele>
						<time>2019-08-09T12:42:01Z</time>
					</trkpt>
					<trkpt lat="42.804220" lon="2.114200">
						<ele>1104</ele>
						<time>2019-08-09T12:42:09Z</time>
					</trkpt>
					<trkpt lat="42.804560" lon="2.113580">
						<ele>1101</ele>
						<time>2019-08-09T12:42:20Z</time>
					</trkpt>
					<trkpt lat="42.805040" lon="2.112800">
						<ele>1098</ele>
						<time>2019-08-09T12:42:33Z</time>
					</trkpt>
					<trkpt lat="42.805250" lon="2.112540">
						<ele>1095</ele>
						<time>2019-08-09T12:42:38Z</time>
					</trkpt>
					<trkpt lat="42.805530" lon="2.112400">
						<ele>1095</ele>
						<time>2019-08-09T12:42:43Z</time>
					</trkpt>
					<trkpt lat="42.805910" lon="2.112310">
						<ele>1095</ele>
						<time>2019-08-09T12:42:50Z</time>
					</trkpt>
					<trkpt lat="42.806290" lon="2.112130">
						<ele>1090</ele>
						<time>2019-08-09T12:42:57Z</time>
					</trkpt>
					<trkpt lat="42.806610" lon="2.111850">
						<ele>1086</ele>
						<time>2019-08-09T12:43:04Z</time>
					</trkpt>
					<trkpt lat="42.806680" lon="2.111730">
						<ele>1084</ele>
						<time>2019-08-09T12:43:06Z</time>
					</trkpt>
					<trkpt lat="42.806700" lon="2.111590">
						<ele>1083</ele>
						<time>2019-08-09T12:43:08Z</time>
					</trkpt>
					<trkpt lat="42.806680" lon="2.111410">
						<ele>1082</ele>
						<time>2019-08-09T12:43:10Z</time>
					</trkpt>
					<trkpt lat="42.806570" lon="2.111160">
						<ele>1080</ele>
						<time>2019-08-09T12:43:14Z</time>
					</trkpt>
					<trkpt lat="42.806020" lon="2.110200">
						<ele>1075</ele>
						<time>2019-08-09T12:43:30Z</time>
					</trkpt>
					<trkpt lat="42.805950" lon="2.109880">
						<ele>1075</ele>
						<time>2019-08-09T12:43:34Z</time>
					</trkpt>
					<trkpt lat="42.806040" lon="2.109850">
						<ele>1075</ele>
						<time>2019-08-09T12:43:36Z</time>
					</trkpt>
					<trkpt lat="42.805950" lon="2.109880">
						<ele>1075</ele>
						<time>2019-08-09T12:43:38Z</time>
					</trkpt>
					<trkpt lat="42.805930" lon="2.109510">
						<ele>1077</ele>
						<time>2019-08-09T12:43:42Z</time>
					</trkpt>
					<trkpt lat="42.805940" lon="2.109190">
						<ele>1078</ele>
						<time>2019-08-09T12:43:47Z</time>
					</trkpt>
					<trkpt lat="42.805980" lon="2.108920">
						<ele>1077</ele>
						<time>2019-08-09T12:43:50Z</time>
					</trkpt>
					<trkpt lat="42.806310" lon="2.108380">
						<ele>1075</ele>
						<time>2019-08-09T12:43:59Z</time>
					</trkpt>
					<trkpt lat="42.806980" lon="2.107380">
						<ele>1074</ele>
						<time>2019-08-09T12:44:17Z</time>
					</trkpt>
					<trkpt lat="42.807260" lon="2.106810">
						<ele>1072</ele>
						<time>2019-08-09T12:44:26Z</time>
					</trkpt>
					<trkpt lat="42.807530" lon="2.106230">
						<ele>1069</ele>
						<time>2019-08-09T12:44:35Z</time>
					</trkpt>
					<trkpt lat="42.808540" lon="2.103740">
						<ele>1054</ele>
						<time>2019-08-09T12:45:12Z</time>
					</trkpt>
					<trkpt lat="42.809010" lon="2.102560">
						<ele>1053</ele>
						<time>2019-08-09T12:45:30Z</time>
					</trkpt>
					<trkpt lat="42.809210" lon="2.101980">
						<ele>1054</ele>
						<time>2019-08-09T12:45:38Z</time>
					</trkpt>
					<trkpt lat="42.809650" lon="2.100600">
						<ele>1061</ele>
						<time>2019-08-09T12:45:58Z</time>
					</trkpt>
					<trkpt lat="42.810550" lon="2.097610">
						<ele>1070</ele>
						<time>2019-08-09T12:46:40Z</time>
					</trkpt>
					<trkpt lat="42.811210" lon="2.095640">
						<ele>1068</ele>
						<time>2019-08-09T12:47:08Z</time>
					</trkpt>
					<trkpt lat="42.811320" lon="2.094910">
						<ele>1066</ele>
						<time>2019-08-09T12:47:18Z</time>
					</trkpt>
					<trkpt lat="42.811300" lon="2.094600">
						<ele>1064</ele>
						<time>2019-08-09T12:47:22Z</time>
					</trkpt>
					<trkpt lat="42.811210" lon="2.093860">
						<ele>1061</ele>
						<time>2019-08-09T12:47:32Z</time>
					</trkpt>
					<trkpt lat="42.810880" lon="2.092010">
						<ele>1053</ele>
						<time>2019-08-09T12:47:57Z</time>
					</trkpt>
					<trkpt lat="42.810710" lon="2.091600">
						<ele>1049</ele>
						<time>2019-08-09T12:48:03Z</time>
					</trkpt>
					<trkpt lat="42.810290" lon="2.091180">
						<ele>1046</ele>
						<time>2019-08-09T12:48:12Z</time>
					</trkpt>
					<trkpt lat="42.810170" lon="2.090870">
						<ele>1045</ele>
						<time>2019-08-09T12:48:17Z</time>
					</trkpt>
					<trkpt lat="42.809960" lon="2.090180">
						<ele>1041</ele>
						<time>2019-08-09T12:48:26Z</time>
					</trkpt>
					<trkpt lat="42.809710" lon="2.089780">
						<ele>1037</ele>
						<time>2019-08-09T12:48:33Z</time>
					</trkpt>
					<trkpt lat="42.809210" lon="2.089260">
						<ele>1035</ele>
						<time>2019-08-09T12:48:44Z</time>
					</trkpt>
					<trkpt lat="42.808690" lon="2.088900">
						<ele>1029</ele>
						<time>2019-08-09T12:48:55Z</time>
					</trkpt>
					<trkpt lat="42.807950" lon="2.088750">
						<ele>1022</ele>
						<time>2019-08-09T12:49:08Z</time>
					</trkpt>
					<trkpt lat="42.807570" lon="2.088610">
						<ele>1015</ele>
						<time>2019-08-09T12:49:15Z</time>
					</trkpt>
					<trkpt lat="42.807280" lon="2.088740">
						<ele>1011</ele>
						<time>2019-08-09T12:49:20Z</time>
					</trkpt>
					<trkpt lat="42.806980" lon="2.089210">
						<ele>1011</ele>
						<time>2019-08-09T12:49:29Z</time>
					</trkpt>
					<trkpt lat="42.806590" lon="2.089890">
						<ele>1006</ele>
						<time>2019-08-09T12:49:40Z</time>
					</trkpt>
					<trkpt lat="42.806480" lon="2.090260">
						<ele>1005</ele>
						<time>2019-08-09T12:49:45Z</time>
					</trkpt>
					<trkpt lat="42.806400" lon="2.090330">
						<ele>1004</ele>
						<time>2019-08-09T12:49:47Z</time>
					</trkpt>
					<trkpt lat="42.806340" lon="2.090320">
						<ele>1002</ele>
						<time>2019-08-09T12:49:48Z</time>
					</trkpt>
					<trkpt lat="42.806310" lon="2.090210">
						<ele>1001</ele>
						<time>2019-08-09T12:49:49Z</time>
					</trkpt>
					<trkpt lat="42.806350" lon="2.089850">
						<ele>1001</ele>
						<time>2019-08-09T12:49:54Z</time>
					</trkpt>
					<trkpt lat="42.806360" lon="2.089450">
						<ele>999</ele>
						<time>2019-08-09T12:49:59Z</time>
					</trkpt>
					<trkpt lat="42.806290" lon="2.088230">
						<ele>988</ele>
						<time>2019-08-09T12:50:15Z</time>
					</trkpt>
					<trkpt lat="42.806260" lon="2.087630">
						<ele>981</ele>
						<time>2019-08-09T12:50:23Z</time>
					</trkpt>
					<trkpt lat="42.806160" lon="2.087030">
						<ele>973</ele>
						<time>2019-08-09T12:50:31Z</time>
					</trkpt>
					<trkpt lat="42.805900" lon="2.086160">
						<ele>964</ele>
						<time>2019-08-09T12:50:44Z</time>
					</trkpt>
					<trkpt lat="42.805730" lon="2.085940">
						<ele>961</ele>
						<time>2019-08-09T12:50:48Z</time>
					</trkpt>
					<trkpt lat="42.805530" lon="2.085820">
						<ele>960</ele>
						<time>2019-08-09T12:50:52Z</time>
					</trkpt>
					<trkpt lat="42.805210" lon="2.085800">
						<ele>959</ele>
						<time>2019-08-09T12:50:57Z</time>
					</trkpt>
					<trkpt lat="42.804910" lon="2.085870">
						<ele>957</ele>
						<time>2019-08-09T12:51:03Z</time>
					</trkpt>
					<trkpt lat="42.804680" lon="2.085960">
						<ele>953</ele>
						<time>2019-08-09T12:51:07Z</time>
					</trkpt>
					<trkpt lat="42.804490" lon="2.086110">
						<ele>949</ele>
						<time>2019-08-09T12:51:11Z</time>
					</trkpt>
					<trkpt lat="42.804120" lon="2.086640">
						<ele>946</ele>
						<time>2019-08-09T12:51:20Z</time>
					</trkpt>
					<trkpt lat="42.803940" lon="2.087070">
						<ele>943</ele>
						<time>2019-08-09T12:51:27Z</time>
					</trkpt>
					<trkpt lat="42.803650" lon="2.088260">
						<ele>940</ele>
						<time>2019-08-09T12:51:43Z</time>
					</trkpt>
					<trkpt lat="42.803570" lon="2.088750">
						<ele>939</ele>
						<time>2019-08-09T12:51:50Z</time>
					</trkpt>
					<trkpt lat="42.803480" lon="2.089160">
						<ele>939</ele>
						<time>2019-08-09T12:51:55Z</time>
					</trkpt>
					<trkpt lat="42.803180" lon="2.090080">
						<ele>935</ele>
						<time>2019-08-09T12:52:09Z</time>
					</trkpt>
					<trkpt lat="42.803050" lon="2.090780">
						<ele>931</ele>
						<time>2019-08-09T12:52:18Z</time>
					</trkpt>
					<trkpt lat="42.802900" lon="2.091920">
						<ele>926</ele>
						<time>2019-08-09T12:52:33Z</time>
					</trkpt>
					<trkpt lat="42.802760" lon="2.093140">
						<ele>924</ele>
						<time>2019-08-09T12:52:49Z</time>
					</trkpt>
					<trkpt lat="42.802730" lon="2.093580">
						<ele>923</ele>
						<time>2019-08-09T12:52:55Z</time>
					</trkpt>
					<trkpt lat="42.802760" lon="2.093980">
						<ele>922</ele>
						<time>2019-08-09T12:53:00Z</time>
					</trkpt>
					<trkpt lat="42.802830" lon="2.094600">
						<ele>923</ele>
						<time>2019-08-09T12:53:08Z</time>
					</trkpt>
					<trkpt lat="42.802840" lon="2.094760">
						<ele>924</ele>
						<time>2019-08-09T12:53:10Z</time>
					</trkpt>
					<trkpt lat="42.802810" lon="2.094880">
						<ele>924</ele>
						<time>2019-08-09T12:53:12Z</time>
					</trkpt>
					<trkpt lat="42.802690" lon="2.095080">
						<ele>924</ele>
						<time>2019-08-09T12:53:16Z</time>
					</trkpt>
					<trkpt lat="42.802470" lon="2.095270">
						<ele>922</ele>
						<time>2019-08-09T12:53:20Z</time>
					</trkpt>
					<trkpt lat="42.802190" lon="2.095610">
						<ele>922</ele>
						<time>2019-08-09T12:53:27Z</time>
					</trkpt>
					<trkpt lat="42.801680" lon="2.096480">
						<ele>921</ele>
						<time>2019-08-09T12:53:41Z</time>
					</trkpt>
					<trkpt lat="42.801290" lon="2.097000">
						<ele>923</ele>
						<time>2019-08-09T12:53:51Z</time>
					</trkpt>
					<trkpt lat="42.801050" lon="2.097220">
						<ele>923</ele>
						<time>2019-08-09T12:53:56Z</time>
					</trkpt>
					<trkpt lat="42.800870" lon="2.097220">
						<ele>923</ele>
						<time>2019-08-09T12:53:59Z</time>
					</trkpt>
					<trkpt lat="42.800720" lon="2.097150">
						<ele>926</ele>
						<time>2019-08-09T12:54:02Z</time>
					</trkpt>
					<trkpt lat="42.800610" lon="2.097030">
						<ele>929</ele>
						<time>2019-08-09T12:54:05Z</time>
					</trkpt>
					<trkpt lat="42.800590" lon="2.096900">
						<ele>930</ele>
						<time>2019-08-09T12:54:06Z</time>
					</trkpt>
					<trkpt lat="42.800590" lon="2.096720">
						<ele>930</ele>
						<time>2019-08-09T12:54:09Z</time>
					</trkpt>
					<trkpt lat="42.800740" lon="2.095460">
						<ele>927</ele>
						<time>2019-08-09T12:54:25Z</time>
					</trkpt>
					<trkpt lat="42.800760" lon="2.095010">
						<ele>926</ele>
						<time>2019-08-09T12:54:31Z</time>
					</trkpt>
					<trkpt lat="42.800740" lon="2.094520">
						<ele>928</ele>
						<time>2019-08-09T12:54:38Z</time>
					</trkpt>
					<trkpt lat="42.800650" lon="2.093670">
						<ele>933</ele>
						<time>2019-08-09T12:54:49Z</time>
					</trkpt>
					<trkpt lat="42.800600" lon="2.092650">
						<ele>939</ele>
						<time>2019-08-09T12:55:02Z</time>
					</trkpt>
					<trkpt lat="42.800540" lon="2.091980">
						<ele>939</ele>
						<time>2019-08-09T12:55:11Z</time>
					</trkpt>
					<trkpt lat="42.800480" lon="2.091710">
						<ele>939</ele>
						<time>2019-08-09T12:55:15Z</time>
					</trkpt>
					<trkpt lat="42.800390" lon="2.091530">
						<ele>939</ele>
						<time>2019-08-09T12:55:18Z</time>
					</trkpt>
					<trkpt lat="42.800170" lon="2.091160">
						<ele>940</ele>
						<time>2019-08-09T12:55:24Z</time>
					</trkpt>
					<trkpt lat="42.799910" lon="2.090860">
						<ele>940</ele>
						<time>2019-08-09T12:55:30Z</time>
					</trkpt>
					<trkpt lat="42.799730" lon="2.090730">
						<ele>940</ele>
						<time>2019-08-09T12:55:34Z</time>
					</trkpt>
					<trkpt lat="42.799590" lon="2.090680">
						<ele>939</ele>
						<time>2019-08-09T12:55:36Z</time>
					</trkpt>
					<trkpt lat="42.799480" lon="2.090700">
						<ele>940</ele>
						<time>2019-08-09T12:55:38Z</time>
					</trkpt>
					<trkpt lat="42.799370" lon="2.090780">
						<ele>940</ele>
						<time>2019-08-09T12:55:40Z</time>
					</trkpt>
					<trkpt lat="42.799080" lon="2.091060">
						<ele>943</ele>
						<time>2019-08-09T12:55:47Z</time>
					</trkpt>
					<trkpt lat="42.798770" lon="2.091230">
						<ele>943</ele>
						<time>2019-08-09T12:55:53Z</time>
					</trkpt>
					<trkpt lat="42.798350" lon="2.091410">
						<ele>940</ele>
						<time>2019-08-09T12:56:00Z</time>
					</trkpt>
					<trkpt lat="42.797980" lon="2.091490">
						<ele>939</ele>
						<time>2019-08-09T12:56:07Z</time>
					</trkpt>
					<trkpt lat="42.797500" lon="2.091570">
						<ele>938</ele>
						<time>2019-08-09T12:56:16Z</time>
					</trkpt>
					<trkpt lat="42.797100" lon="2.091550">
						<ele>938</ele>
						<time>2019-08-09T12:56:23Z</time>
					</trkpt>
					<trkpt lat="42.796230" lon="2.091410">
						<ele>943</ele>
						<time>2019-08-09T12:56:38Z</time>
					</trkpt>
					<trkpt lat="42.796060" lon="2.091270">
						<ele>944</ele>
						<time>2019-08-09T12:56:42Z</time>
					</trkpt>
					<trkpt lat="42.795760" lon="2.091090">
						<ele>945</ele>
						<time>2019-08-09T12:56:48Z</time>
					</trkpt>
					<trkpt lat="42.795620" lon="2.090780">
						<ele>945</ele>
						<time>2019-08-09T12:56:53Z</time>
					</trkpt>
					<trkpt lat="42.795420" lon="2.090520">
						<ele>944</ele>
						<time>2019-08-09T12:56:57Z</time>
					</trkpt>
					<trkpt lat="42.795270" lon="2.090410">
						<ele>944</ele>
						<time>2019-08-09T12:57:00Z</time>
					</trkpt>
					<trkpt lat="42.795040" lon="2.090460">
						<ele>945</ele>
						<time>2019-08-09T12:57:05Z</time>
					</trkpt>
					<trkpt lat="42.795090" lon="2.090260">
						<ele>943</ele>
						<time>2019-08-09T12:57:07Z</time>
					</trkpt>
					<trkpt lat="42.795060" lon="2.089980">
						<ele>941</ele>
						<time>2019-08-09T12:57:11Z</time>
					</trkpt>
					<trkpt lat="42.794980" lon="2.089640">
						<ele>939</ele>
						<time>2019-08-09T12:57:16Z</time>
					</trkpt>
					<trkpt lat="42.795010" lon="2.087820">
						<ele>930</ele>
						<time>2019-08-09T12:57:40Z</time>
					</trkpt>
					<trkpt lat="42.795110" lon="2.086950">
						<ele>927</ele>
						<time>2019-08-09T12:57:51Z</time>
					</trkpt>
					<trkpt lat="42.795600" lon="2.084180">
						<ele>917</ele>
						<time>2019-08-09T12:58:28Z</time>
					</trkpt>
					<trkpt lat="42.796460" lon="2.079180">
						<ele>907</ele>
						<time>2019-08-09T12:59:35Z</time>
					</trkpt>
					<trkpt lat="42.796780" lon="2.077780">
						<ele>910</ele>
						<time>2019-08-09T12:59:54Z</time>
					</trkpt>
					<trkpt lat="42.797060" lon="2.076260">
						<ele>912</ele>
						<time>2019-08-09T13:00:15Z</time>
					</trkpt>
					<trkpt lat="42.797730" lon="2.074010">
						<ele>917</ele>
						<time>2019-08-09T13:00:47Z</time>
					</trkpt>
					<trkpt lat="42.797840" lon="2.072940">
						<ele>920</ele>
						<time>2019-08-09T13:01:01Z</time>
					</trkpt>
					<trkpt lat="42.797890" lon="2.072120">
						<ele>923</ele>
						<time>2019-08-09T13:01:11Z</time>
					</trkpt>
					<trkpt lat="42.798100" lon="2.071050">
						<ele>923</ele>
						<time>2019-08-09T13:01:26Z</time>
					</trkpt>
					<trkpt lat="42.798220" lon="2.070310">
						<ele>924</ele>
						<time>2019-08-09T13:01:36Z</time>
					</trkpt>
					<trkpt lat="42.798300" lon="2.069980">
						<ele>924</ele>
						<time>2019-08-09T13:01:40Z</time>
					</trkpt>
					<trkpt lat="42.798420" lon="2.069610">
						<ele>923</ele>
						<time>2019-08-09T13:01:46Z</time>
					</trkpt>
					<trkpt lat="42.798540" lon="2.069140">
						<ele>921</ele>
						<time>2019-08-09T13:01:52Z</time>
					</trkpt>
					<trkpt lat="42.798610" lon="2.068690">
						<ele>918</ele>
						<time>2019-08-09T13:01:58Z</time>
					</trkpt>
					<trkpt lat="42.798650" lon="2.068140">
						<ele>916</ele>
						<time>2019-08-09T13:02:05Z</time>
					</trkpt>
					<trkpt lat="42.798810" lon="2.067820">
						<ele>917</ele>
						<time>2019-08-09T13:02:10Z</time>
					</trkpt>
					<trkpt lat="42.798860" lon="2.067590">
						<ele>917</ele>
						<time>2019-08-09T13:02:13Z</time>
					</trkpt>
					<trkpt lat="42.799480" lon="2.062610">
						<ele>925</ele>
						<time>2019-08-09T13:03:19Z</time>
					</trkpt>
					<trkpt lat="42.799480" lon="2.062040">
						<ele>927</ele>
						<time>2019-08-09T13:03:27Z</time>
					</trkpt>
					<trkpt lat="42.799410" lon="2.061680">
						<ele>928</ele>
						<time>2019-08-09T13:03:32Z</time>
					</trkpt>
					<trkpt lat="42.799230" lon="2.061330">
						<ele>928</ele>
						<time>2019-08-09T13:03:37Z</time>
					</trkpt>
					<trkpt lat="42.799070" lon="2.060210">
						<ele>931</ele>
						<time>2019-08-09T13:03:52Z</time>
					</trkpt>
					<trkpt lat="42.798710" lon="2.059240">
						<ele>933</ele>
						<time>2019-08-09T13:04:06Z</time>
					</trkpt>
					<trkpt lat="42.798640" lon="2.058930">
						<ele>933</ele>
						<time>2019-08-09T13:04:11Z</time>
					</trkpt>
					<trkpt lat="42.798660" lon="2.058060">
						<ele>935</ele>
						<time>2019-08-09T13:04:22Z</time>
					</trkpt>
					<trkpt lat="42.798730" lon="2.057460">
						<ele>936</ele>
						<time>2019-08-09T13:04:30Z</time>
					</trkpt>
					<trkpt lat="42.798940" lon="2.056320">
						<ele>941</ele>
						<time>2019-08-09T13:04:45Z</time>
					</trkpt>
					<trkpt lat="42.799110" lon="2.055500">
						<ele>942</ele>
						<time>2019-08-09T13:04:56Z</time>
					</trkpt>
					<trkpt lat="42.799270" lon="2.053130">
						<ele>948</ele>
						<time>2019-08-09T13:05:27Z</time>
					</trkpt>
					<trkpt lat="42.799140" lon="2.052200">
						<ele>947</ele>
						<time>2019-08-09T13:05:40Z</time>
					</trkpt>
					<trkpt lat="42.799200" lon="2.051230">
						<ele>948</ele>
						<time>2019-08-09T13:05:53Z</time>
					</trkpt>
					<trkpt lat="42.799080" lon="2.050280">
						<ele>946</ele>
						<time>2019-08-09T13:06:05Z</time>
					</trkpt>
					<trkpt lat="42.798890" lon="2.049380">
						<ele>946</ele>
						<time>2019-08-09T13:06:17Z</time>
					</trkpt>
					<trkpt lat="42.798940" lon="2.049050">
						<ele>945</ele>
						<time>2019-08-09T13:06:22Z</time>
					</trkpt>
					<trkpt lat="42.799220" lon="2.048500">
						<ele>940</ele>
						<time>2019-08-09T13:06:31Z</time>
					</trkpt>
					<trkpt lat="42.799560" lon="2.048060">
						<ele>941</ele>
						<time>2019-08-09T13:06:39Z</time>
					</trkpt>
					<trkpt lat="42.799670" lon="2.047560">
						<ele>940</ele>
						<time>2019-08-09T13:06:46Z</time>
					</trkpt>
					<trkpt lat="42.799690" lon="2.046980">
						<ele>936</ele>
						<time>2019-08-09T13:06:53Z</time>
					</trkpt>
					<trkpt lat="42.799830" lon="2.046660">
						<ele>934</ele>
						<time>2019-08-09T13:06:58Z</time>
					</trkpt>
					<trkpt lat="42.800230" lon="2.046070">
						<ele>932</ele>
						<time>2019-08-09T13:07:09Z</time>
					</trkpt>
					<trkpt lat="42.800770" lon="2.045710">
						<ele>928</ele>
						<time>2019-08-09T13:07:19Z</time>
					</trkpt>
					<trkpt lat="42.800820" lon="2.045530">
						<ele>926</ele>
						<time>2019-08-09T13:07:22Z</time>
					</trkpt>
					<trkpt lat="42.800800" lon="2.045190">
						<ele>925</ele>
						<time>2019-08-09T13:07:26Z</time>
					</trkpt>
					<trkpt lat="42.800870" lon="2.044630">
						<ele>921</ele>
						<time>2019-08-09T13:07:34Z</time>
					</trkpt>
					<trkpt lat="42.800980" lon="2.044130">
						<ele>919</ele>
						<time>2019-08-09T13:07:40Z</time>
					</trkpt>
					<trkpt lat="42.800970" lon="2.043650">
						<ele>912</ele>
						<time>2019-08-09T13:07:47Z</time>
					</trkpt>
					<trkpt lat="42.801070" lon="2.043280">
						<ele>911</ele>
						<time>2019-08-09T13:07:52Z</time>
					</trkpt>
					<trkpt lat="42.801380" lon="2.042750">
						<ele>911</ele>
						<time>2019-08-09T13:08:01Z</time>
					</trkpt>
					<trkpt lat="42.801510" lon="2.042200">
						<ele>904</ele>
						<time>2019-08-09T13:08:08Z</time>
					</trkpt>
					<trkpt lat="42.802260" lon="2.041200">
						<ele>899</ele>
						<time>2019-08-09T13:08:27Z</time>
					</trkpt>
					<trkpt lat="42.803040" lon="2.039940">
						<ele>888</ele>
						<time>2019-08-09T13:08:48Z</time>
					</trkpt>
					<trkpt lat="42.803850" lon="2.038430">
						<ele>879</ele>
						<time>2019-08-09T13:09:13Z</time>
					</trkpt>
					<trkpt lat="42.804340" lon="2.037400">
						<ele>863</ele>
						<time>2019-08-09T13:09:29Z</time>
					</trkpt>
					<trkpt lat="42.804460" lon="2.036930">
						<ele>860</ele>
						<time>2019-08-09T13:09:35Z</time>
					</trkpt>
					<trkpt lat="42.804460" lon="2.036500">
						<ele>860</ele>
						<time>2019-08-09T13:09:41Z</time>
					</trkpt>
					<trkpt lat="42.804520" lon="2.036300">
						<ele>863</ele>
						<time>2019-08-09T13:09:44Z</time>
					</trkpt>
					<trkpt lat="42.804700" lon="2.036180">
						<ele>863</ele>
						<time>2019-08-09T13:09:47Z</time>
					</trkpt>
					<trkpt lat="42.805080" lon="2.036000">
						<ele>861</ele>
						<time>2019-08-09T13:09:55Z</time>
					</trkpt>
					<trkpt lat="42.805340" lon="2.035840">
						<ele>859</ele>
						<time>2019-08-09T13:10:00Z</time>
					</trkpt>
					<trkpt lat="42.805880" lon="2.034760">
						<ele>847</ele>
						<time>2019-08-09T13:10:17Z</time>
					</trkpt>
					<trkpt lat="42.806080" lon="2.034640">
						<ele>846</ele>
						<time>2019-08-09T13:10:21Z</time>
					</trkpt>
					<trkpt lat="42.806280" lon="2.034590">
						<ele>842</ele>
						<time>2019-08-09T13:10:24Z</time>
					</trkpt>
					<trkpt lat="42.806530" lon="2.034340">
						<ele>836</ele>
						<time>2019-08-09T13:10:30Z</time>
					</trkpt>
					<trkpt lat="42.807110" lon="2.034060">
						<ele>820</ele>
						<time>2019-08-09T13:10:41Z</time>
					</trkpt>
					<trkpt lat="42.807340" lon="2.033830">
						<ele>819</ele>
						<time>2019-08-09T13:10:46Z</time>
					</trkpt>
					<trkpt lat="42.807970" lon="2.033440">
						<ele>802</ele>
						<time>2019-08-09T13:10:58Z</time>
					</trkpt>
					<trkpt lat="42.808300" lon="2.033300">
						<ele>787</ele>
						<time>2019-08-09T13:11:04Z</time>
					</trkpt>
					<trkpt lat="42.808620" lon="2.033330">
						<ele>777</ele>
						<time>2019-08-09T13:11:10Z</time>
					</trkpt>
					<trkpt lat="42.808940" lon="2.033750">
						<ele>771</ele>
						<time>2019-08-09T13:11:18Z</time>
					</trkpt>
					<trkpt lat="42.809100" lon="2.033810">
						<ele>767</ele>
						<time>2019-08-09T13:11:21Z</time>
					</trkpt>
					<trkpt lat="42.809190" lon="2.033710">
						<ele>764</ele>
						<time>2019-08-09T13:11:23Z</time>
					</trkpt>
					<trkpt lat="42.809240" lon="2.033480">
						<ele>762</ele>
						<time>2019-08-09T13:11:26Z</time>
					</trkpt>
					<trkpt lat="42.809230" lon="2.033290">
						<ele>761</ele>
						<time>2019-08-09T13:11:28Z</time>
					</trkpt>
					<trkpt lat="42.809180" lon="2.033120">
						<ele>763</ele>
						<time>2019-08-09T13:11:31Z</time>
					</trkpt>
					<trkpt lat="42.808850" lon="2.032800">
						<ele>777</ele>
						<time>2019-08-09T13:11:38Z</time>
					</trkpt>
					<trkpt lat="42.808710" lon="2.032590">
						<ele>786</ele>
						<time>2019-08-09T13:11:42Z</time>
					</trkpt>
					<trkpt lat="42.808710" lon="2.032510">
						<ele>787</ele>
						<time>2019-08-09T13:11:43Z</time>
					</trkpt>
					<trkpt lat="42.808750" lon="2.032430">
						<ele>787</ele>
						<time>2019-08-09T13:11:44Z</time>
					</trkpt>
					<trkpt lat="42.808800" lon="2.032380">
						<ele>786</ele>
						<time>2019-08-09T13:11:45Z</time>
					</trkpt>
					<trkpt lat="42.809000" lon="2.032320">
						<ele>780</ele>
						<time>2019-08-09T13:11:49Z</time>
					</trkpt>
					<trkpt lat="42.808990" lon="2.032150">
						<ele>785</ele>
						<time>2019-08-09T13:11:51Z</time>
					</trkpt>
					<trkpt lat="42.809020" lon="2.031980">
						<ele>788</ele>
						<time>2019-08-09T13:11:53Z</time>
					</trkpt>
					<trkpt lat="42.809180" lon="2.031530">
						<ele>795</ele>
						<time>2019-08-09T13:12:00Z</time>
					</trkpt>
					<trkpt lat="42.809210" lon="2.031350">
						<ele>798</ele>
						<time>2019-08-09T13:12:02Z</time>
					</trkpt>
					<trkpt lat="42.809340" lon="2.030750">
						<ele>811</ele>
						<time>2019-08-09T13:12:10Z</time>
					</trkpt>
					<trkpt lat="42.809450" lon="2.030070">
						<ele>813</ele>
						<time>2019-08-09T13:12:20Z</time>
					</trkpt>
					<trkpt lat="42.809470" lon="2.029500">
						<ele>812</ele>
						<time>2019-08-09T13:12:27Z</time>
					</trkpt>
					<trkpt lat="42.809410" lon="2.028990">
						<ele>806</ele>
						<time>2019-08-09T13:12:34Z</time>
					</trkpt>
					<trkpt lat="42.809240" lon="2.028510">
						<ele>792</ele>
						<time>2019-08-09T13:12:41Z</time>
					</trkpt>
					<trkpt lat="42.809070" lon="2.027930">
						<ele>796</ele>
						<time>2019-08-09T13:12:49Z</time>
					</trkpt>
					<trkpt lat="42.808760" lon="2.027520">
						<ele>802</ele>
						<time>2019-08-09T13:12:57Z</time>
					</trkpt>
					<trkpt lat="42.808570" lon="2.027100">
						<ele>803</ele>
						<time>2019-08-09T13:13:03Z</time>
					</trkpt>
					<trkpt lat="42.808240" lon="2.025870">
						<ele>796</ele>
						<time>2019-08-09T13:13:20Z</time>
					</trkpt>
					<trkpt lat="42.808140" lon="2.025310">
						<ele>801</ele>
						<time>2019-08-09T13:13:28Z</time>
					</trkpt>
					<trkpt lat="42.808120" lon="2.024690">
						<ele>802</ele>
						<time>2019-08-09T13:13:36Z</time>
					</trkpt>
					<trkpt lat="42.808040" lon="2.024170">
						<ele>802</ele>
						<time>2019-08-09T13:13:43Z</time>
					</trkpt>
					<trkpt lat="42.808030" lon="2.023720">
						<ele>806</ele>
						<time>2019-08-09T13:13:48Z</time>
					</trkpt>
					<trkpt lat="42.808140" lon="2.023270">
						<ele>810</ele>
						<time>2019-08-09T13:13:55Z</time>
					</trkpt>
					<trkpt lat="42.808170" lon="2.022900">
						<ele>812</ele>
						<time>2019-08-09T13:14:00Z</time>
					</trkpt>
					<trkpt lat="42.807580" lon="2.021560">
						<ele>794</ele>
						<time>2019-08-09T13:14:20Z</time>
					</trkpt>
					<trkpt lat="42.807530" lon="2.020410">
						<ele>794</ele>
						<time>2019-08-09T13:14:35Z</time>
					</trkpt>
					<trkpt lat="42.807480" lon="2.019760">
						<ele>795</ele>
						<time>2019-08-09T13:14:44Z</time>
					</trkpt>
					<trkpt lat="42.807210" lon="2.018310">
						<ele>804</ele>
						<time>2019-08-09T13:15:03Z</time>
					</trkpt>
					<trkpt lat="42.807110" lon="2.017320">
						<ele>808</ele>
						<time>2019-08-09T13:15:16Z</time>
					</trkpt>
					<trkpt lat="42.806860" lon="2.016440">
						<ele>807</ele>
						<time>2019-08-09T13:15:28Z</time>
					</trkpt>
					<trkpt lat="42.806510" lon="2.015940">
						<ele>809</ele>
						<time>2019-08-09T13:15:37Z</time>
					</trkpt>
					<trkpt lat="42.805800" lon="2.015170">
						<ele>813</ele>
						<time>2019-08-09T13:15:54Z</time>
					</trkpt>
					<trkpt lat="42.805720" lon="2.014530">
						<ele>818</ele>
						<time>2019-08-09T13:16:02Z</time>
					</trkpt>
					<trkpt lat="42.805700" lon="2.013670">
						<ele>821</ele>
						<time>2019-08-09T13:16:13Z</time>
					</trkpt>
					<trkpt lat="42.805780" lon="2.013010">
						<ele>820</ele>
						<time>2019-08-09T13:16:22Z</time>
					</trkpt>
					<trkpt lat="42.805800" lon="2.012720">
						<ele>821</ele>
						<time>2019-08-09T13:16:26Z</time>
					</trkpt>
					<trkpt lat="42.805650" lon="2.012340">
						<ele>833</ele>
						<time>2019-08-09T13:16:31Z</time>
					</trkpt>
					<trkpt lat="42.805210" lon="2.012080">
						<ele>843</ele>
						<time>2019-08-09T13:16:40Z</time>
					</trkpt>
					<trkpt lat="42.805030" lon="2.011750">
						<ele>840</ele>
						<time>2019-08-09T13:16:45Z</time>
					</trkpt>
					<trkpt lat="42.804900" lon="2.011350">
						<ele>846</ele>
						<time>2019-08-09T13:16:51Z</time>
					</trkpt>
					<trkpt lat="42.804880" lon="2.010740">
						<ele>852</ele>
						<time>2019-08-09T13:16:59Z</time>
					</trkpt>
					<trkpt lat="42.804980" lon="2.009920">
						<ele>849</ele>
						<time>2019-08-09T13:17:10Z</time>
					</trkpt>
					<trkpt lat="42.805120" lon="2.009080">
						<ele>853</ele>
						<time>2019-08-09T13:17:21Z</time>
					</trkpt>
					<trkpt lat="42.805240" lon="2.008540">
						<ele>851</ele>
						<time>2019-08-09T13:17:28Z</time>
					</trkpt>
					<trkpt lat="42.805270" lon="2.008180">
						<ele>849</ele>
						<time>2019-08-09T13:17:33Z</time>
					</trkpt>
					<trkpt lat="42.805250" lon="2.007930">
						<ele>849</ele>
						<time>2019-08-09T13:17:36Z</time>
					</trkpt>
					<trkpt lat="42.805080" lon="2.007390">
						<ele>848</ele>
						<time>2019-08-09T13:17:44Z</time>
					</trkpt>
					<trkpt lat="42.804810" lon="2.006970">
						<ele>863</ele>
						<time>2019-08-09T13:17:51Z</time>
					</trkpt>
					<trkpt lat="42.804630" lon="2.006620">
						<ele>874</ele>
						<time>2019-08-09T13:17:57Z</time>
					</trkpt>
					<trkpt lat="42.804520" lon="2.006340">
						<ele>877</ele>
						<time>2019-08-09T13:18:01Z</time>
					</trkpt>
					<trkpt lat="42.804460" lon="2.006010">
						<ele>876</ele>
						<time>2019-08-09T13:18:06Z</time>
					</trkpt>
					<trkpt lat="42.804330" lon="2.005880">
						<ele>872</ele>
						<time>2019-08-09T13:18:08Z</time>
					</trkpt>
					<trkpt lat="42.804290" lon="2.005570">
						<ele>874</ele>
						<time>2019-08-09T13:18:13Z</time>
					</trkpt>
					<trkpt lat="42.804040" lon="2.005230">
						<ele>871</ele>
						<time>2019-08-09T13:18:19Z</time>
					</trkpt>
					<trkpt lat="42.803730" lon="2.004930">
						<ele>864</ele>
						<time>2019-08-09T13:18:26Z</time>
					</trkpt>
					<trkpt lat="42.803380" lon="2.004800">
						<ele>853</ele>
						<time>2019-08-09T13:18:32Z</time>
					</trkpt>
					<trkpt lat="42.803240" lon="2.004790">
						<ele>850</ele>
						<time>2019-08-09T13:18:35Z</time>
					</trkpt>
					<trkpt lat="42.802990" lon="2.004920">
						<ele>847</ele>
						<time>2019-08-09T13:18:39Z</time>
					</trkpt>
					<trkpt lat="42.802880" lon="2.004950">
						<ele>845</ele>
						<time>2019-08-09T13:18:41Z</time>
					</trkpt>
					<trkpt lat="42.802770" lon="2.004880">
						<ele>844</ele>
						<time>2019-08-09T13:18:44Z</time>
					</trkpt>
					<trkpt lat="42.802740" lon="2.004790">
						<ele>844</ele>
						<time>2019-08-09T13:18:45Z</time>
					</trkpt>
					<trkpt lat="42.802730" lon="2.004660">
						<ele>844</ele>
						<time>2019-08-09T13:18:47Z</time>
					</trkpt>
					<trkpt lat="42.802420" lon="2.004410">
						<ele>842</ele>
						<time>2019-08-09T13:18:53Z</time>
					</trkpt>
					<trkpt lat="42.802220" lon="2.004100">
						<ele>846</ele>
						<time>2019-08-09T13:18:58Z</time>
					</trkpt>
					<trkpt lat="42.802140" lon="2.003880">
						<ele>848</ele>
						<time>2019-08-09T13:19:02Z</time>
					</trkpt>
					<trkpt lat="42.801960" lon="2.003080">
						<ele>848</ele>
						<time>2019-08-09T13:19:12Z</time>
					</trkpt>
					<trkpt lat="42.801950" lon="2.002980">
						<ele>848</ele>
						<time>2019-08-09T13:19:14Z</time>
					</trkpt>
					<trkpt lat="42.801970" lon="2.002870">
						<ele>848</ele>
						<time>2019-08-09T13:19:15Z</time>
					</trkpt>
					<trkpt lat="42.802030" lon="2.002740">
						<ele>848</ele>
						<time>2019-08-09T13:19:17Z</time>
					</trkpt>
					<trkpt lat="42.802060" lon="2.002620">
						<ele>848</ele>
						<time>2019-08-09T13:19:19Z</time>
					</trkpt>
					<trkpt lat="42.802070" lon="2.002460">
						<ele>849</ele>
						<time>2019-08-09T13:19:21Z</time>
					</trkpt>
					<trkpt lat="42.802050" lon="2.002370">
						<ele>849</ele>
						<time>2019-08-09T13:19:22Z</time>
					</trkpt>
					<trkpt lat="42.801950" lon="2.002150">
						<ele>850</ele>
						<time>2019-08-09T13:19:26Z</time>
					</trkpt>
					<trkpt lat="42.801720" lon="2.001820">
						<ele>848</ele>
						<time>2019-08-09T13:19:32Z</time>
					</trkpt>
					<trkpt lat="42.801580" lon="2.001720">
						<ele>849</ele>
						<time>2019-08-09T13:19:34Z</time>
					</trkpt>
					<trkpt lat="42.801410" lon="2.001640">
						<ele>854</ele>
						<time>2019-08-09T13:19:38Z</time>
					</trkpt>
					<trkpt lat="42.801250" lon="2.001470">
						<ele>859</ele>
						<time>2019-08-09T13:19:41Z</time>
					</trkpt>
					<trkpt lat="42.801200" lon="2.001390">
						<ele>861</ele>
						<time>2019-08-09T13:19:43Z</time>
					</trkpt>
					<trkpt lat="42.801170" lon="2.001290">
						<ele>862</ele>
						<time>2019-08-09T13:19:44Z</time>
					</trkpt>
					<trkpt lat="42.801160" lon="2.001170">
						<ele>863</ele>
						<time>2019-08-09T13:19:46Z</time>
					</trkpt>
					<trkpt lat="42.801240" lon="2.000590">
						<ele>864</ele>
						<time>2019-08-09T13:19:53Z</time>
					</trkpt>
					<trkpt lat="42.801260" lon="1.999970">
						<ele>865</ele>
						<time>2019-08-09T13:20:01Z</time>
					</trkpt>
					<trkpt lat="42.801210" lon="1.999520">
						<ele>865</ele>
						<time>2019-08-09T13:20:07Z</time>
					</trkpt>
					<trkpt lat="42.800840" lon="1.998670">
						<ele>869</ele>
						<time>2019-08-09T13:20:20Z</time>
					</trkpt>
					<trkpt lat="42.800600" lon="1.998480">
						<ele>873</ele>
						<time>2019-08-09T13:20:25Z</time>
					</trkpt>
					<trkpt lat="42.800020" lon="1.998180">
						<ele>874</ele>
						<time>2019-08-09T13:20:36Z</time>
					</trkpt>
					<trkpt lat="42.799630" lon="1.997910">
						<ele>881</ele>
						<time>2019-08-09T13:20:44Z</time>
					</trkpt>
					<trkpt lat="42.799380" lon="1.997550">
						<ele>876</ele>
						<time>2019-08-09T13:20:50Z</time>
					</trkpt>
					<trkpt lat="42.799250" lon="1.996990">
						<ele>876</ele>
						<time>2019-08-09T13:20:58Z</time>
					</trkpt>
					<trkpt lat="42.799050" lon="1.996570">
						<ele>879</ele>
						<time>2019-08-09T13:21:05Z</time>
					</trkpt>
					<trkpt lat="42.798690" lon="1.995930">
						<ele>882</ele>
						<time>2019-08-09T13:21:15Z</time>
					</trkpt>
					<trkpt lat="42.798580" lon="1.995690">
						<ele>881</ele>
						<time>2019-08-09T13:21:19Z</time>
					</trkpt>
					<trkpt lat="42.798500" lon="1.995320">
						<ele>881</ele>
						<time>2019-08-09T13:21:24Z</time>
					</trkpt>
					<trkpt lat="42.798450" lon="1.994740">
						<ele>882</ele>
						<time>2019-08-09T13:21:31Z</time>
					</trkpt>
					<trkpt lat="42.798370" lon="1.994560">
						<ele>879</ele>
						<time>2019-08-09T13:21:34Z</time>
					</trkpt>
					<trkpt lat="42.798260" lon="1.994430">
						<ele>879</ele>
						<time>2019-08-09T13:21:37Z</time>
					</trkpt>
					<trkpt lat="42.798140" lon="1.994370">
						<ele>880</ele>
						<time>2019-08-09T13:21:39Z</time>
					</trkpt>
					<trkpt lat="42.798010" lon="1.994350">
						<ele>881</ele>
						<time>2019-08-09T13:21:41Z</time>
					</trkpt>
					<trkpt lat="42.797450" lon="1.994430">
						<ele>885</ele>
						<time>2019-08-09T13:21:51Z</time>
					</trkpt>
					<trkpt lat="42.797120" lon="1.994320">
						<ele>885</ele>
						<time>2019-08-09T13:21:57Z</time>
					</trkpt>
					<trkpt lat="42.796570" lon="1.993930">
						<ele>888</ele>
						<time>2019-08-09T13:22:09Z</time>
					</trkpt>
					<trkpt lat="42.795870" lon="1.993610">
						<ele>882</ele>
						<time>2019-08-09T13:22:22Z</time>
					</trkpt>
					<trkpt lat="42.795470" lon="1.993360">
						<ele>879</ele>
						<time>2019-08-09T13:22:29Z</time>
					</trkpt>
					<trkpt lat="42.795330" lon="1.992890">
						<ele>883</ele>
						<time>2019-08-09T13:22:36Z</time>
					</trkpt>
					<trkpt lat="42.795330" lon="1.992460">
						<ele>888</ele>
						<time>2019-08-09T13:22:42Z</time>
					</trkpt>
					<trkpt lat="42.795460" lon="1.992770">
						<ele>886</ele>
						<time>2019-08-09T13:22:46Z</time>
					</trkpt>
					<trkpt lat="42.795930" lon="1.993160">
						<ele>885</ele>
						<time>2019-08-09T13:22:56Z</time>
					</trkpt>
					<trkpt lat="42.796190" lon="1.993330">
						<ele>888</ele>
						<time>2019-08-09T13:23:01Z</time>
					</trkpt>
					<trkpt lat="42.797030" lon="1.993680">
						<ele>897</ele>
						<time>2019-08-09T13:23:17Z</time>
					</trkpt>
					<trkpt lat="42.797140" lon="1.993670">
						<ele>898</ele>
						<time>2019-08-09T13:23:19Z</time>
					</trkpt>
					<trkpt lat="42.797600" lon="1.993500">
						<ele>909</ele>
						<time>2019-08-09T13:23:27Z</time>
					</trkpt>
					<trkpt lat="42.797860" lon="1.993480">
						<ele>910</ele>
						<time>2019-08-09T13:23:32Z</time>
					</trkpt>
					<trkpt lat="42.797890" lon="1.993430">
						<ele>913</ele>
						<time>2019-08-09T13:23:33Z</time>
					</trkpt>
					<trkpt lat="42.797950" lon="1.993420">
						<ele>913</ele>
						<time>2019-08-09T13:23:34Z</time>
					</trkpt>
					<trkpt lat="42.798130" lon="1.993550">
						<ele>908</ele>
						<time>2019-08-09T13:23:38Z</time>
					</trkpt>
					<trkpt lat="42.798240" lon="1.993590">
						<ele>906</ele>
						<time>2019-08-09T13:23:40Z</time>
					</trkpt>
					<trkpt lat="42.798340" lon="1.993590">
						<ele>906</ele>
						<time>2019-08-09T13:23:41Z</time>
					</trkpt>
					<trkpt lat="42.798470" lon="1.993480">
						<ele>914</ele>
						<time>2019-08-09T13:23:44Z</time>
					</trkpt>
					<trkpt lat="42.798750" lon="1.992860">
						<ele>937</ele>
						<time>2019-08-09T13:23:54Z</time>
					</trkpt>
					<trkpt lat="42.798860" lon="1.992540">
						<ele>945</ele>
						<time>2019-08-09T13:23:58Z</time>
					</trkpt>
					<trkpt lat="42.798950" lon="1.992490">
						<ele>945</ele>
						<time>2019-08-09T13:24:00Z</time>
					</trkpt>
					<trkpt lat="42.799050" lon="1.992500">
						<ele>944</ele>
						<time>2019-08-09T13:24:02Z</time>
					</trkpt>
					<trkpt lat="42.799100" lon="1.992710">
						<ele>939</ele>
						<time>2019-08-09T13:24:05Z</time>
					</trkpt>
					<trkpt lat="42.799170" lon="1.993300">
						<ele>928</ele>
						<time>2019-08-09T13:24:12Z</time>
					</trkpt>
					<trkpt lat="42.799250" lon="1.993720">
						<ele>926</ele>
						<time>2019-08-09T13:24:18Z</time>
					</trkpt>
					<trkpt lat="42.799290" lon="1.994100">
						<ele>923</ele>
						<time>2019-08-09T13:24:23Z</time>
					</trkpt>
					<trkpt lat="42.799270" lon="1.994770">
						<ele>918</ele>
						<time>2019-08-09T13:24:32Z</time>
					</trkpt>
					<trkpt lat="42.799360" lon="1.995150">
						<ele>918</ele>
						<time>2019-08-09T13:24:37Z</time>
					</trkpt>
					<trkpt lat="42.799530" lon="1.995470">
						<ele>919</ele>
						<time>2019-08-09T13:24:42Z</time>
					</trkpt>
					<trkpt lat="42.799770" lon="1.995680">
						<ele>926</ele>
						<time>2019-08-09T13:24:47Z</time>
					</trkpt>
					<trkpt lat="42.800000" lon="1.995960">
						<ele>931</ele>
						<time>2019-08-09T13:24:53Z</time>
					</trkpt>
					<trkpt lat="42.800110" lon="1.996130">
						<ele>930</ele>
						<time>2019-08-09T13:24:56Z</time>
					</trkpt>
					<trkpt lat="42.800240" lon="1.996200">
						<ele>933</ele>
						<time>2019-08-09T13:24:58Z</time>
					</trkpt>
					<trkpt lat="42.800900" lon="1.996300">
						<ele>950</ele>
						<time>2019-08-09T13:25:10Z</time>
					</trkpt>
					<trkpt lat="42.800960" lon="1.996390">
						<ele>950</ele>
						<time>2019-08-09T13:25:12Z</time>
					</trkpt>
					<trkpt lat="42.801120" lon="1.996570">
						<ele>949</ele>
						<time>2019-08-09T13:25:15Z</time>
					</trkpt>
					<trkpt lat="42.801420" lon="1.996730">
						<ele>951</ele>
						<time>2019-08-09T13:25:21Z</time>
					</trkpt>
					<trkpt lat="42.801700" lon="1.996730">
						<ele>955</ele>
						<time>2019-08-09T13:25:26Z</time>
					</trkpt>
					<trkpt lat="42.802420" lon="1.996500">
						<ele>961</ele>
						<time>2019-08-09T13:25:39Z</time>
					</trkpt>
					<trkpt lat="42.802630" lon="1.996470">
						<ele>964</ele>
						<time>2019-08-09T13:25:43Z</time>
					</trkpt>
					<trkpt lat="42.802830" lon="1.996560">
						<ele>964</ele>
						<time>2019-08-09T13:25:47Z</time>
					</trkpt>
					<trkpt lat="42.803140" lon="1.996800">
						<ele>962</ele>
						<time>2019-08-09T13:25:53Z</time>
					</trkpt>
					<trkpt lat="42.803620" lon="1.997570">
						<ele>962</ele>
						<time>2019-08-09T13:26:06Z</time>
					</trkpt>
					<trkpt lat="42.803870" lon="1.997760">
						<ele>966</ele>
						<time>2019-08-09T13:26:11Z</time>
					</trkpt>
					<trkpt lat="42.804070" lon="1.997970">
						<ele>969</ele>
						<time>2019-08-09T13:26:16Z</time>
					</trkpt>
					<trkpt lat="42.804310" lon="1.998190">
						<ele>972</ele>
						<time>2019-08-09T13:26:21Z</time>
					</trkpt>
					<trkpt lat="42.804400" lon="1.998620">
						<ele>970</ele>
						<time>2019-08-09T13:26:27Z</time>
					</trkpt>
					<trkpt lat="42.804510" lon="1.998670">
						<ele>973</ele>
						<time>2019-08-09T13:26:29Z</time>
					</trkpt>
					<trkpt lat="42.804570" lon="1.998550">
						<ele>976</ele>
						<time>2019-08-09T13:26:31Z</time>
					</trkpt>
					<trkpt lat="42.804510" lon="1.998270">
						<ele>977</ele>
						<time>2019-08-09T13:26:35Z</time>
					</trkpt>
					<trkpt lat="42.804290" lon="1.997770">
						<ele>979</ele>
						<time>2019-08-09T13:26:42Z</time>
					</trkpt>
					<trkpt lat="42.804080" lon="1.997550">
						<ele>976</ele>
						<time>2019-08-09T13:26:47Z</time>
					</trkpt>
					<trkpt lat="42.803980" lon="1.997300">
						<ele>976</ele>
						<time>2019-08-09T13:26:51Z</time>
					</trkpt>
					<trkpt lat="42.804020" lon="1.996920">
						<ele>982</ele>
						<time>2019-08-09T13:26:56Z</time>
					</trkpt>
					<trkpt lat="42.804080" lon="1.996620">
						<ele>987</ele>
						<time>2019-08-09T13:27:00Z</time>
					</trkpt>
					<trkpt lat="42.804000" lon="1.996380">
						<ele>989</ele>
						<time>2019-08-09T13:27:03Z</time>
					</trkpt>
					<trkpt lat="42.803830" lon="1.996140">
						<ele>991</ele>
						<time>2019-08-09T13:27:07Z</time>
					</trkpt>
					<trkpt lat="42.803250" lon="1.995730">
						<ele>995</ele>
						<time>2019-08-09T13:27:19Z</time>
					</trkpt>
					<trkpt lat="42.802910" lon="1.995440">
						<ele>1001</ele>
						<time>2019-08-09T13:27:26Z</time>
					</trkpt>
					<trkpt lat="42.802670" lon="1.995420">
						<ele>998</ele>
						<time>2019-08-09T13:27:31Z</time>
					</trkpt>
					<trkpt lat="42.802520" lon="1.995270">
						<ele>999</ele>
						<time>2019-08-09T13:27:34Z</time>
					</trkpt>
					<trkpt lat="42.802470" lon="1.995010">
						<ele>1004</ele>
						<time>2019-08-09T13:27:37Z</time>
					</trkpt>
					<trkpt lat="42.802100" lon="1.994690">
						<ele>1004</ele>
						<time>2019-08-09T13:27:45Z</time>
					</trkpt>
					<trkpt lat="42.801840" lon="1.994160">
						<ele>1008</ele>
						<time>2019-08-09T13:27:53Z</time>
					</trkpt>
					<trkpt lat="42.801540" lon="1.993470">
						<ele>1012</ele>
						<time>2019-08-09T13:28:04Z</time>
					</trkpt>
					<trkpt lat="42.801320" lon="1.993070">
						<ele>1013</ele>
						<time>2019-08-09T13:28:10Z</time>
					</trkpt>
					<trkpt lat="42.801140" lon="1.992420">
						<ele>1017</ele>
						<time>2019-08-09T13:28:20Z</time>
					</trkpt>
					<trkpt lat="42.801110" lon="1.990230">
						<ele>1033</ele>
						<time>2019-08-09T13:28:48Z</time>
					</trkpt>
					<trkpt lat="42.801010" lon="1.989150">
						<ele>1035</ele>
						<time>2019-08-09T13:29:02Z</time>
					</trkpt>
					<trkpt lat="42.800950" lon="1.987980">
						<ele>1046</ele>
						<time>2019-08-09T13:29:18Z</time>
					</trkpt>
					<trkpt lat="42.800810" lon="1.987270">
						<ele>1050</ele>
						<time>2019-08-09T13:29:27Z</time>
					</trkpt>
					<trkpt lat="42.800550" lon="1.985360">
						<ele>1071</ele>
						<time>2019-08-09T13:29:53Z</time>
					</trkpt>
					<trkpt lat="42.800510" lon="1.984720">
						<ele>1081</ele>
						<time>2019-08-09T13:30:01Z</time>
					</trkpt>
					<trkpt lat="42.800420" lon="1.984360">
						<ele>1085</ele>
						<time>2019-08-09T13:30:06Z</time>
					</trkpt>
					<trkpt lat="42.800300" lon="1.984180">
						<ele>1086</ele>
						<time>2019-08-09T13:30:09Z</time>
					</trkpt>
					<trkpt lat="42.800150" lon="1.984210">
						<ele>1083</ele>
						<time>2019-08-09T13:30:12Z</time>
					</trkpt>
					<trkpt lat="42.799840" lon="1.984700">
						<ele>1076</ele>
						<time>2019-08-09T13:30:20Z</time>
					</trkpt>
					<trkpt lat="42.799150" lon="1.985670">
						<ele>1079</ele>
						<time>2019-08-09T13:30:38Z</time>
					</trkpt>
					<trkpt lat="42.798740" lon="1.986440">
						<ele>1080</ele>
						<time>2019-08-09T13:30:50Z</time>
					</trkpt>
					<trkpt lat="42.798600" lon="1.986810">
						<ele>1079</ele>
						<time>2019-08-09T13:30:56Z</time>
					</trkpt>
					<trkpt lat="42.798480" lon="1.986960">
						<ele>1081</ele>
						<time>2019-08-09T13:30:59Z</time>
					</trkpt>
					<trkpt lat="42.798360" lon="1.987030">
						<ele>1084</ele>
						<time>2019-08-09T13:31:01Z</time>
					</trkpt>
					<trkpt lat="42.798050" lon="1.986970">
						<ele>1085</ele>
						<time>2019-08-09T13:31:07Z</time>
					</trkpt>
					<trkpt lat="42.797320" lon="1.986600">
						<ele>1088</ele>
						<time>2019-08-09T13:31:20Z</time>
					</trkpt>
					<trkpt lat="42.796440" lon="1.985760">
						<ele>1098</ele>
						<time>2019-08-09T13:31:40Z</time>
					</trkpt>
					<trkpt lat="42.796370" lon="1.985560">
						<ele>1104</ele>
						<time>2019-08-09T13:31:42Z</time>
					</trkpt>
					<trkpt lat="42.796420" lon="1.985450">
						<ele>1109</ele>
						<time>2019-08-09T13:31:44Z</time>
					</trkpt>
					<trkpt lat="42.797100" lon="1.985720">
						<ele>1105</ele>
						<time>2019-08-09T13:31:57Z</time>
					</trkpt>
					<trkpt lat="42.797340" lon="1.985690">
						<ele>1108</ele>
						<time>2019-08-09T13:32:01Z</time>
					</trkpt>
					<trkpt lat="42.797930" lon="1.985450">
						<ele>1114</ele>
						<time>2019-08-09T13:32:12Z</time>
					</trkpt>
					<trkpt lat="42.798310" lon="1.985170">
						<ele>1118</ele>
						<time>2019-08-09T13:32:20Z</time>
					</trkpt>
					<trkpt lat="42.798740" lon="1.984650">
						<ele>1125</ele>
						<time>2019-08-09T13:32:30Z</time>
					</trkpt>
					<trkpt lat="42.799140" lon="1.983680">
						<ele>1139</ele>
						<time>2019-08-09T13:32:44Z</time>
					</trkpt>
					<trkpt lat="42.799420" lon="1.982890">
						<ele>1142</ele>
						<time>2019-08-09T13:32:56Z</time>
					</trkpt>
					<trkpt lat="42.799600" lon="1.982110">
						<ele>1150</ele>
						<time>2019-08-09T13:33:07Z</time>
					</trkpt>
					<trkpt lat="42.799790" lon="1.981770">
						<ele>1150</ele>
						<time>2019-08-09T13:33:12Z</time>
					</trkpt>
					<trkpt lat="42.800010" lon="1.981530">
						<ele>1145</ele>
						<time>2019-08-09T13:33:17Z</time>
					</trkpt>
					<trkpt lat="42.800100" lon="1.981110">
						<ele>1150</ele>
						<time>2019-08-09T13:33:23Z</time>
					</trkpt>
					<trkpt lat="42.800080" lon="1.979720">
						<ele>1162</ele>
						<time>2019-08-09T13:33:41Z</time>
					</trkpt>
					<trkpt lat="42.800050" lon="1.978880">
						<ele>1168</ele>
						<time>2019-08-09T13:33:52Z</time>
					</trkpt>
					<trkpt lat="42.799900" lon="1.977930">
						<ele>1181</ele>
						<time>2019-08-09T13:34:05Z</time>
					</trkpt>
					<trkpt lat="42.800090" lon="1.977340">
						<ele>1182</ele>
						<time>2019-08-09T13:34:13Z</time>
					</trkpt>
					<trkpt lat="42.800350" lon="1.975960">
						<ele>1187</ele>
						<time>2019-08-09T13:34:32Z</time>
					</trkpt>
					<trkpt lat="42.800480" lon="1.974940">
						<ele>1183</ele>
						<time>2019-08-09T13:34:45Z</time>
					</trkpt>
					<trkpt lat="42.800510" lon="1.973920">
						<ele>1182</ele>
						<time>2019-08-09T13:34:58Z</time>
					</trkpt>
					<trkpt lat="42.800480" lon="1.972510">
						<ele>1188</ele>
						<time>2019-08-09T13:35:17Z</time>
					</trkpt>
					<trkpt lat="42.800440" lon="1.971320">
						<ele>1194</ele>
						<time>2019-08-09T13:35:32Z</time>
					</trkpt>
					<trkpt lat="42.800370" lon="1.970420">
						<ele>1198</ele>
						<time>2019-08-09T13:35:44Z</time>
					</trkpt>
					<trkpt lat="42.800300" lon="1.969700">
						<ele>1202</ele>
						<time>2019-08-09T13:35:54Z</time>
					</trkpt>
					<trkpt lat="42.800110" lon="1.969240">
						<ele>1207</ele>
						<time>2019-08-09T13:36:01Z</time>
					</trkpt>
					<trkpt lat="42.799940" lon="1.968960">
						<ele>1212</ele>
						<time>2019-08-09T13:36:05Z</time>
					</trkpt>
					<trkpt lat="42.799850" lon="1.968530">
						<ele>1218</ele>
						<time>2019-08-09T13:36:11Z</time>
					</trkpt>
					<trkpt lat="42.799770" lon="1.967930">
						<ele>1227</ele>
						<time>2019-08-09T13:36:19Z</time>
					</trkpt>
					<trkpt lat="42.799840" lon="1.967640">
						<ele>1229</ele>
						<time>2019-08-09T13:36:23Z</time>
					</trkpt>
					<trkpt lat="42.800020" lon="1.967330">
						<ele>1229</ele>
						<time>2019-08-09T13:36:28Z</time>
					</trkpt>
					<trkpt lat="42.800320" lon="1.967080">
						<ele>1232</ele>
						<time>2019-08-09T13:36:35Z</time>
					</trkpt>
					<trkpt lat="42.800480" lon="1.966840">
						<ele>1233</ele>
						<time>2019-08-09T13:36:39Z</time>
					</trkpt>
					<trkpt lat="42.800580" lon="1.966400">
						<ele>1234</ele>
						<time>2019-08-09T13:36:45Z</time>
					</trkpt>
					<trkpt lat="42.800820" lon="1.965550">
						<ele>1235</ele>
						<time>2019-08-09T13:36:57Z</time>
					</trkpt>
					<trkpt lat="42.801200" lon="1.964580">
						<ele>1244</ele>
						<time>2019-08-09T13:37:11Z</time>
					</trkpt>
					<trkpt lat="42.801450" lon="1.963400">
						<ele>1246</ele>
						<time>2019-08-09T13:37:27Z</time>
					</trkpt>
					<trkpt lat="42.801600" lon="1.962420">
						<ele>1246</ele>
						<time>2019-08-09T13:37:40Z</time>
					</trkpt>
					<trkpt lat="42.801730" lon="1.962060">
						<ele>1249</ele>
						<time>2019-08-09T13:37:45Z</time>
					</trkpt>
					<trkpt lat="42.801860" lon="1.961610">
						<ele>1252</ele>
						<time>2019-08-09T13:37:52Z</time>
					</trkpt>
					<trkpt lat="42.801840" lon="1.961330">
						<ele>1253</ele>
						<time>2019-08-09T13:37:55Z</time>
					</trkpt>
					<trkpt lat="42.801660" lon="1.961010">
						<ele>1254</ele>
						<time>2019-08-09T13:38:01Z</time>
					</trkpt>
					<trkpt lat="42.801240" lon="1.960530">
						<ele>1259</ele>
						<time>2019-08-09T13:38:10Z</time>
					</trkpt>
					<trkpt lat="42.800970" lon="1.960190">
						<ele>1262</ele>
						<time>2019-08-09T13:38:17Z</time>
					</trkpt>
					<trkpt lat="42.800780" lon="1.960220">
						<ele>1265</ele>
						<time>2019-08-09T13:38:20Z</time>
					</trkpt>
					<trkpt lat="42.800720" lon="1.960150">
						<ele>1266</ele>
						<time>2019-08-09T13:38:22Z</time>
					</trkpt>
					<trkpt lat="42.800690" lon="1.960080">
						<ele>1267</ele>
						<time>2019-08-09T13:38:23Z</time>
					</trkpt>
					<trkpt lat="42.800710" lon="1.959880">
						<ele>1267</ele>
						<time>2019-08-09T13:38:25Z</time>
					</trkpt>
					<trkpt lat="42.800850" lon="1.959520">
						<ele>1266</ele>
						<time>2019-08-09T13:38:31Z</time>
					</trkpt>
					<trkpt lat="42.800950" lon="1.959240">
						<ele>1266</ele>
						<time>2019-08-09T13:38:35Z</time>
					</trkpt>
					<trkpt lat="42.800960" lon="1.958980">
						<ele>1267</ele>
						<time>2019-08-09T13:38:38Z</time>
					</trkpt>
					<trkpt lat="42.800800" lon="1.958400">
						<ele>1272</ele>
						<time>2019-08-09T13:38:46Z</time>
					</trkpt>
					<trkpt lat="42.800780" lon="1.958230">
						<ele>1273</ele>
						<time>2019-08-09T13:38:49Z</time>
					</trkpt>
					<trkpt lat="42.800680" lon="1.957830">
						<ele>1274</ele>
						<time>2019-08-09T13:38:54Z</time>
					</trkpt>
					<trkpt lat="42.800480" lon="1.957470">
						<ele>1276</ele>
						<time>2019-08-09T13:39:00Z</time>
					</trkpt>
					<trkpt lat="42.800260" lon="1.957310">
						<ele>1280</ele>
						<time>2019-08-09T13:39:04Z</time>
					</trkpt>
					<trkpt lat="42.800240" lon="1.957150">
						<ele>1281</ele>
						<time>2019-08-09T13:39:07Z</time>
					</trkpt>
					<trkpt lat="42.800390" lon="1.956770">
						<ele>1281</ele>
						<time>2019-08-09T13:39:12Z</time>
					</trkpt>
					<trkpt lat="42.800380" lon="1.956250">
						<ele>1283</ele>
						<time>2019-08-09T13:39:19Z</time>
					</trkpt>
					<trkpt lat="42.800350" lon="1.955660">
						<ele>1287</ele>
						<time>2019-08-09T13:39:27Z</time>
					</trkpt>
					<trkpt lat="42.800200" lon="1.955050">
						<ele>1291</ele>
						<time>2019-08-09T13:39:35Z</time>
					</trkpt>
					<trkpt lat="42.800080" lon="1.954780">
						<ele>1294</ele>
						<time>2019-08-09T13:39:39Z</time>
					</trkpt>
					<trkpt lat="42.800100" lon="1.954630">
						<ele>1296</ele>
						<time>2019-08-09T13:39:41Z</time>
					</trkpt>
					<trkpt lat="42.800160" lon="1.954530">
						<ele>1296</ele>
						<time>2019-08-09T13:39:43Z</time>
					</trkpt>
					<trkpt lat="42.800500" lon="1.954300">
						<ele>1295</ele>
						<time>2019-08-09T13:39:50Z</time>
					</trkpt>
					<trkpt lat="42.800650" lon="1.954080">
						<ele>1296</ele>
						<time>2019-08-09T13:39:54Z</time>
					</trkpt>
					<trkpt lat="42.800750" lon="1.953880">
						<ele>1295</ele>
						<time>2019-08-09T13:39:57Z</time>
					</trkpt>
					<trkpt lat="42.800840" lon="1.953600">
						<ele>1295</ele>
						<time>2019-08-09T13:40:01Z</time>
					</trkpt>
					<trkpt lat="42.800960" lon="1.952620">
						<ele>1294</ele>
						<time>2019-08-09T13:40:14Z</time>
					</trkpt>
					<trkpt lat="42.801060" lon="1.952240">
						<ele>1298</ele>
						<time>2019-08-09T13:40:19Z</time>
					</trkpt>
					<trkpt lat="42.801180" lon="1.951990">
						<ele>1300</ele>
						<time>2019-08-09T13:40:23Z</time>
					</trkpt>
					<trkpt lat="42.801310" lon="1.951850">
						<ele>1301</ele>
						<time>2019-08-09T13:40:26Z</time>
					</trkpt>
					<trkpt lat="42.801500" lon="1.951740">
						<ele>1300</ele>
						<time>2019-08-09T13:40:29Z</time>
					</trkpt>
					<trkpt lat="42.802390" lon="1.951440">
						<ele>1298</ele>
						<time>2019-08-09T13:40:46Z</time>
					</trkpt>
					<trkpt lat="42.803010" lon="1.951150">
						<ele>1297</ele>
						<time>2019-08-09T13:40:57Z</time>
					</trkpt>
					<trkpt lat="42.803540" lon="1.951060">
						<ele>1298</ele>
						<time>2019-08-09T13:41:07Z</time>
					</trkpt>
					<trkpt lat="42.804110" lon="1.950780">
						<ele>1298</ele>
						<time>2019-08-09T13:41:18Z</time>
					</trkpt>
					<trkpt lat="42.804340" lon="1.950550">
						<ele>1298</ele>
						<time>2019-08-09T13:41:23Z</time>
					</trkpt>
					<trkpt lat="42.804420" lon="1.950510">
						<ele>1297</ele>
						<time>2019-08-09T13:41:24Z</time>
					</trkpt>
					<trkpt lat="42.804660" lon="1.950470">
						<ele>1292</ele>
						<time>2019-08-09T13:41:29Z</time>
					</trkpt>
					<trkpt lat="42.804740" lon="1.950430">
						<ele>1291</ele>
						<time>2019-08-09T13:41:30Z</time>
					</trkpt>
					<trkpt lat="42.804770" lon="1.950320">
						<ele>1291</ele>
						<time>2019-08-09T13:41:32Z</time>
					</trkpt>
					<trkpt lat="42.804750" lon="1.949950">
						<ele>1292</ele>
						<time>2019-08-09T13:41:37Z</time>
					</trkpt>
					<trkpt lat="42.804630" lon="1.949330">
						<ele>1290</ele>
						<time>2019-08-09T13:41:45Z</time>
					</trkpt>
					<trkpt lat="42.804460" lon="1.948830">
						<ele>1287</ele>
						<time>2019-08-09T13:41:52Z</time>
					</trkpt>
					<trkpt lat="42.804240" lon="1.948580">
						<ele>1287</ele>
						<time>2019-08-09T13:41:57Z</time>
					</trkpt>
					<trkpt lat="42.804030" lon="1.948480">
						<ele>1288</ele>
						<time>2019-08-09T13:42:01Z</time>
					</trkpt>
					<trkpt lat="42.803660" lon="1.948220">
						<ele>1287</ele>
						<time>2019-08-09T13:42:09Z</time>
					</trkpt>
					<trkpt lat="42.803250" lon="1.947700">
						<ele>1283</ele>
						<time>2019-08-09T13:42:19Z</time>
					</trkpt>
					<trkpt lat="42.802900" lon="1.946870">
						<ele>1275</ele>
						<time>2019-08-09T13:42:31Z</time>
					</trkpt>
					<trkpt lat="42.802500" lon="1.946370">
						<ele>1274</ele>
						<time>2019-08-09T13:42:41Z</time>
					</trkpt>
					<trkpt lat="42.802290" lon="1.946250">
						<ele>1270</ele>
						<time>2019-08-09T13:42:45Z</time>
					</trkpt>
					<trkpt lat="42.801760" lon="1.946490">
						<ele>1277</ele>
						<time>2019-08-09T13:42:55Z</time>
					</trkpt>
					<trkpt lat="42.801440" lon="1.946470">
						<ele>1281</ele>
						<time>2019-08-09T13:43:00Z</time>
					</trkpt>
					<trkpt lat="42.801080" lon="1.946270">
						<ele>1280</ele>
						<time>2019-08-09T13:43:07Z</time>
					</trkpt>
					<trkpt lat="42.800230" lon="1.945500">
						<ele>1276</ele>
						<time>2019-08-09T13:43:25Z</time>
					</trkpt>
					<trkpt lat="42.800040" lon="1.945440">
						<ele>1280</ele>
						<time>2019-08-09T13:43:29Z</time>
					</trkpt>
					<trkpt lat="42.799960" lon="1.945290">
						<ele>1279</ele>
						<time>2019-08-09T13:43:31Z</time>
					</trkpt>
					<trkpt lat="42.799910" lon="1.944680">
						<ele>1269</ele>
						<time>2019-08-09T13:43:39Z</time>
					</trkpt>
					<trkpt lat="42.799570" lon="1.943730">
						<ele>1272</ele>
						<time>2019-08-09T13:43:53Z</time>
					</trkpt>
					<trkpt lat="42.799280" lon="1.943240">
						<ele>1279</ele>
						<time>2019-08-09T13:44:01Z</time>
					</trkpt>
					<trkpt lat="42.799110" lon="1.942870">
						<ele>1283</ele>
						<time>2019-08-09T13:44:07Z</time>
					</trkpt>
					<trkpt lat="42.799100" lon="1.942630">
						<ele>1282</ele>
						<time>2019-08-09T13:44:10Z</time>
					</trkpt>
					<trkpt lat="42.799220" lon="1.942390">
						<ele>1278</ele>
						<time>2019-08-09T13:44:14Z</time>
					</trkpt>
					<trkpt lat="42.799550" lon="1.942200">
						<ele>1267</ele>
						<time>2019-08-09T13:44:20Z</time>
					</trkpt>
					<trkpt lat="42.799680" lon="1.942000">
						<ele>1264</ele>
						<time>2019-08-09T13:44:24Z</time>
					</trkpt>
					<trkpt lat="42.799730" lon="1.941520">
						<ele>1267</ele>
						<time>2019-08-09T13:44:30Z</time>
					</trkpt>
					<trkpt lat="42.799730" lon="1.940790">
						<ele>1270</ele>
						<time>2019-08-09T13:44:40Z</time>
					</trkpt>
					<trkpt lat="42.799700" lon="1.939360">
						<ele>1278</ele>
						<time>2019-08-09T13:44:58Z</time>
					</trkpt>
					<trkpt lat="42.799920" lon="1.938840">
						<ele>1273</ele>
						<time>2019-08-09T13:45:06Z</time>
					</trkpt>
					<trkpt lat="42.800230" lon="1.938690">
						<ele>1266</ele>
						<time>2019-08-09T13:45:12Z</time>
					</trkpt>
					<trkpt lat="42.800700" lon="1.938360">
						<ele>1260</ele>
						<time>2019-08-09T13:45:21Z</time>
					</trkpt>
					<trkpt lat="42.801000" lon="1.937690">
						<ele>1265</ele>
						<time>2019-08-09T13:45:32Z</time>
					</trkpt>
					<trkpt lat="42.801120" lon="1.937280">
						<ele>1269</ele>
						<time>2019-08-09T13:45:38Z</time>
					</trkpt>
					<trkpt lat="42.801240" lon="1.937180">
						<ele>1267</ele>
						<time>2019-08-09T13:45:40Z</time>
					</trkpt>
					<trkpt lat="42.801510" lon="1.937110">
						<ele>1261</ele>
						<time>2019-08-09T13:45:45Z</time>
					</trkpt>
					<trkpt lat="42.801620" lon="1.936930">
						<ele>1261</ele>
						<time>2019-08-09T13:45:48Z</time>
					</trkpt>
					<trkpt lat="42.801930" lon="1.935990">
						<ele>1262</ele>
						<time>2019-08-09T13:46:01Z</time>
					</trkpt>
					<trkpt lat="42.802060" lon="1.935310">
						<ele>1258</ele>
						<time>2019-08-09T13:46:11Z</time>
					</trkpt>
					<trkpt lat="42.802090" lon="1.934780">
						<ele>1254</ele>
						<time>2019-08-09T13:46:18Z</time>
					</trkpt>
					<trkpt lat="42.801960" lon="1.934310">
						<ele>1255</ele>
						<time>2019-08-09T13:46:24Z</time>
					</trkpt>
					<trkpt lat="42.801780" lon="1.933810">
						<ele>1253</ele>
						<time>2019-08-09T13:46:31Z</time>
					</trkpt>
					<trkpt lat="42.801510" lon="1.933440">
						<ele>1255</ele>
						<time>2019-08-09T13:46:38Z</time>
					</trkpt>
					<trkpt lat="42.801020" lon="1.933120">
						<ele>1263</ele>
						<time>2019-08-09T13:46:48Z</time>
					</trkpt>
					<trkpt lat="42.800680" lon="1.932800">
						<ele>1262</ele>
						<time>2019-08-09T13:46:55Z</time>
					</trkpt>
					<trkpt lat="42.799950" lon="1.932420">
						<ele>1268</ele>
						<time>2019-08-09T13:47:09Z</time>
					</trkpt>
					<trkpt lat="42.799120" lon="1.931720">
						<ele>1266</ele>
						<time>2019-08-09T13:47:26Z</time>
					</trkpt>
					<trkpt lat="42.798700" lon="1.931340">
						<ele>1264</ele>
						<time>2019-08-09T13:47:35Z</time>
					</trkpt>
					<trkpt lat="42.798070" lon="1.931000">
						<ele>1267</ele>
						<time>2019-08-09T13:47:47Z</time>
					</trkpt>
					<trkpt lat="42.797760" lon="1.930610">
						<ele>1270</ele>
						<time>2019-08-09T13:47:55Z</time>
					</trkpt>
					<trkpt lat="42.797750" lon="1.930160">
						<ele>1270</ele>
						<time>2019-08-09T13:48:01Z</time>
					</trkpt>
					<trkpt lat="42.797880" lon="1.929530">
						<ele>1263</ele>
						<time>2019-08-09T13:48:09Z</time>
					</trkpt>
					<trkpt lat="42.797840" lon="1.928820">
						<ele>1266</ele>
						<time>2019-08-09T13:48:19Z</time>
					</trkpt>
					<trkpt lat="42.797550" lon="1.927090">
						<ele>1267</ele>
						<time>2019-08-09T13:48:42Z</time>
					</trkpt>
					<trkpt lat="42.797480" lon="1.926380">
						<ele>1264</ele>
						<time>2019-08-09T13:48:51Z</time>
					</trkpt>
					<trkpt lat="42.797530" lon="1.925610">
						<ele>1261</ele>
						<time>2019-08-09T13:49:01Z</time>
					</trkpt>
					<trkpt lat="42.797530" lon="1.925390">
						<ele>1261</ele>
						<time>2019-08-09T13:49:04Z</time>
					</trkpt>
					<trkpt lat="42.797500" lon="1.925200">
						<ele>1262</ele>
						<time>2019-08-09T13:49:07Z</time>
					</trkpt>
					<trkpt lat="42.797370" lon="1.924710">
						<ele>1262</ele>
						<time>2019-08-09T13:49:14Z</time>
					</trkpt>
					<trkpt lat="42.797380" lon="1.924610">
						<ele>1262</ele>
						<time>2019-08-09T13:49:15Z</time>
					</trkpt>
					<trkpt lat="42.797290" lon="1.924440">
						<ele>1261</ele>
						<time>2019-08-09T13:49:18Z</time>
					</trkpt>
					<trkpt lat="42.797380" lon="1.924610">
						<ele>1262</ele>
						<time>2019-08-09T13:49:20Z</time>
					</trkpt>
					<trkpt lat="42.797750" lon="1.925200">
						<ele>1263</ele>
						<time>2019-08-09T13:49:30Z</time>
					</trkpt>
					<trkpt lat="42.798140" lon="1.925860">
						<ele>1257</ele>
						<time>2019-08-09T13:49:42Z</time>
					</trkpt>
					<trkpt lat="42.798430" lon="1.926200">
						<ele>1249</ele>
						<time>2019-08-09T13:49:48Z</time>
					</trkpt>
					<trkpt lat="42.798910" lon="1.926580">
						<ele>1244</ele>
						<time>2019-08-09T13:49:58Z</time>
					</trkpt>
					<trkpt lat="42.799350" lon="1.926880">
						<ele>1242</ele>
						<time>2019-08-09T13:50:07Z</time>
					</trkpt>
					<trkpt lat="42.799660" lon="1.927160">
						<ele>1239</ele>
						<time>2019-08-09T13:50:14Z</time>
					</trkpt>
					<trkpt lat="42.799900" lon="1.927460">
						<ele>1233</ele>
						<time>2019-08-09T13:50:19Z</time>
					</trkpt>
					<trkpt lat="42.800130" lon="1.927570">
						<ele>1231</ele>
						<time>2019-08-09T13:50:24Z</time>
					</trkpt>
					<trkpt lat="42.800980" lon="1.927460">
						<ele>1232</ele>
						<time>2019-08-09T13:50:39Z</time>
					</trkpt>
					<trkpt lat="42.801380" lon="1.927360">
						<ele>1223</ele>
						<time>2019-08-09T13:50:46Z</time>
					</trkpt>
					<trkpt lat="42.801590" lon="1.927200">
						<ele>1222</ele>
						<time>2019-08-09T13:50:50Z</time>
					</trkpt>
					<trkpt lat="42.801750" lon="1.926940">
						<ele>1223</ele>
						<time>2019-08-09T13:50:55Z</time>
					</trkpt>
					<trkpt lat="42.801920" lon="1.926290">
						<ele>1227</ele>
						<time>2019-08-09T13:51:04Z</time>
					</trkpt>
					<trkpt lat="42.801990" lon="1.925740">
						<ele>1230</ele>
						<time>2019-08-09T13:51:11Z</time>
					</trkpt>
					<trkpt lat="42.802120" lon="1.925190">
						<ele>1229</ele>
						<time>2019-08-09T13:51:19Z</time>
					</trkpt>
					<trkpt lat="42.802240" lon="1.924880">
						<ele>1228</ele>
						<time>2019-08-09T13:51:23Z</time>
					</trkpt>
					<trkpt lat="42.802410" lon="1.924730">
						<ele>1225</ele>
						<time>2019-08-09T13:51:27Z</time>
					</trkpt>
					<trkpt lat="42.802680" lon="1.924590">
						<ele>1225</ele>
						<time>2019-08-09T13:51:32Z</time>
					</trkpt>
					<trkpt lat="42.803260" lon="1.924540">
						<ele>1222</ele>
						<time>2019-08-09T13:51:42Z</time>
					</trkpt>
					<trkpt lat="42.803440" lon="1.924580">
						<ele>1223</ele>
						<time>2019-08-09T13:51:46Z</time>
					</trkpt>
					<trkpt lat="42.803550" lon="1.924770">
						<ele>1222</ele>
						<time>2019-08-09T13:51:49Z</time>
					</trkpt>
					<trkpt lat="42.803600" lon="1.924990">
						<ele>1219</ele>
						<time>2019-08-09T13:51:52Z</time>
					</trkpt>
					<trkpt lat="42.803510" lon="1.925170">
						<ele>1214</ele>
						<time>2019-08-09T13:51:55Z</time>
					</trkpt>
					<trkpt lat="42.803370" lon="1.925210">
						<ele>1209</ele>
						<time>2019-08-09T13:51:57Z</time>
					</trkpt>
					<trkpt lat="42.803030" lon="1.925080">
						<ele>1211</ele>
						<time>2019-08-09T13:52:03Z</time>
					</trkpt>
					<trkpt lat="42.802710" lon="1.924990">
						<ele>1214</ele>
						<time>2019-08-09T13:52:09Z</time>
					</trkpt>
					<trkpt lat="42.802570" lon="1.925200">
						<ele>1212</ele>
						<time>2019-08-09T13:52:13Z</time>
					</trkpt>
					<trkpt lat="42.802510" lon="1.925480">
						<ele>1210</ele>
						<time>2019-08-09T13:52:17Z</time>
					</trkpt>
					<trkpt lat="42.802490" lon="1.926000">
						<ele>1204</ele>
						<time>2019-08-09T13:52:24Z</time>
					</trkpt>
					<trkpt lat="42.802450" lon="1.926330">
						<ele>1202</ele>
						<time>2019-08-09T13:52:28Z</time>
					</trkpt>
					<trkpt lat="42.802370" lon="1.926630">
						<ele>1202</ele>
						<time>2019-08-09T13:52:32Z</time>
					</trkpt>
					<trkpt lat="42.802130" lon="1.927220">
						<ele>1199</ele>
						<time>2019-08-09T13:52:41Z</time>
					</trkpt>
					<trkpt lat="42.801750" lon="1.927790">
						<ele>1197</ele>
						<time>2019-08-09T13:52:51Z</time>
					</trkpt>
					<trkpt lat="42.801550" lon="1.927990">
						<ele>1196</ele>
						<time>2019-08-09T13:52:55Z</time>
					</trkpt>
					<trkpt lat="42.801130" lon="1.928180">
						<ele>1197</ele>
						<time>2019-08-09T13:53:03Z</time>
					</trkpt>
					<trkpt lat="42.799880" lon="1.928610">
						<ele>1198</ele>
						<time>2019-08-09T13:53:26Z</time>
					</trkpt>
					<trkpt lat="42.799760" lon="1.928700">
						<ele>1197</ele>
						<time>2019-08-09T13:53:29Z</time>
					</trkpt>
					<trkpt lat="42.799710" lon="1.928860">
						<ele>1195</ele>
						<time>2019-08-09T13:53:31Z</time>
					</trkpt>
					<trkpt lat="42.799710" lon="1.929030">
						<ele>1192</ele>
						<time>2019-08-09T13:53:33Z</time>
					</trkpt>
					<trkpt lat="42.799770" lon="1.929180">
						<ele>1189</ele>
						<time>2019-08-09T13:53:35Z</time>
					</trkpt>
					<trkpt lat="42.799880" lon="1.929270">
						<ele>1188</ele>
						<time>2019-08-09T13:53:38Z</time>
					</trkpt>
					<trkpt lat="42.800010" lon="1.929270">
						<ele>1185</ele>
						<time>2019-08-09T13:53:40Z</time>
					</trkpt>
					<trkpt lat="42.800120" lon="1.929190">
						<ele>1183</ele>
						<time>2019-08-09T13:53:42Z</time>
					</trkpt>
					<trkpt lat="42.800300" lon="1.928940">
						<ele>1185</ele>
						<time>2019-08-09T13:53:47Z</time>
					</trkpt>
					<trkpt lat="42.800430" lon="1.928830">
						<ele>1187</ele>
						<time>2019-08-09T13:53:49Z</time>
					</trkpt>
					<trkpt lat="42.800550" lon="1.928770">
						<ele>1187</ele>
						<time>2019-08-09T13:53:52Z</time>
					</trkpt>
					<trkpt lat="42.800710" lon="1.928750">
						<ele>1185</ele>
						<time>2019-08-09T13:53:55Z</time>
					</trkpt>
					<trkpt lat="42.800940" lon="1.928760">
						<ele>1181</ele>
						<time>2019-08-09T13:53:59Z</time>
					</trkpt>
					<trkpt lat="42.801120" lon="1.928730">
						<ele>1179</ele>
						<time>2019-08-09T13:54:02Z</time>
					</trkpt>
					<trkpt lat="42.801420" lon="1.928590">
						<ele>1178</ele>
						<time>2019-08-09T13:54:08Z</time>
					</trkpt>
					<trkpt lat="42.802020" lon="1.928210">
						<ele>1176</ele>
						<time>2019-08-09T13:54:19Z</time>
					</trkpt>
					<trkpt lat="42.802180" lon="1.928080">
						<ele>1175</ele>
						<time>2019-08-09T13:54:23Z</time>
					</trkpt>
					<trkpt lat="42.802380" lon="1.927840">
						<ele>1175</ele>
						<time>2019-08-09T13:54:27Z</time>
					</trkpt>
					<trkpt lat="42.802500" lon="1.927750">
						<ele>1172</ele>
						<time>2019-08-09T13:54:30Z</time>
					</trkpt>
					<trkpt lat="42.802630" lon="1.927750">
						<ele>1174</ele>
						<time>2019-08-09T13:54:32Z</time>
					</trkpt>
					<trkpt lat="42.802730" lon="1.927830">
						<ele>1173</ele>
						<time>2019-08-09T13:54:34Z</time>
					</trkpt>
					<trkpt lat="42.802820" lon="1.927990">
						<ele>1171</ele>
						<time>2019-08-09T13:54:37Z</time>
					</trkpt>
					<trkpt lat="42.803700" lon="1.930000">
						<ele>1155</ele>
						<time>2019-08-09T13:55:07Z</time>
					</trkpt>
					<trkpt lat="42.803910" lon="1.930460">
						<ele>1153</ele>
						<time>2019-08-09T13:55:14Z</time>
					</trkpt>
					<trkpt lat="42.804340" lon="1.931280">
						<ele>1150</ele>
						<time>2019-08-09T13:55:28Z</time>
					</trkpt>
					<trkpt lat="42.804510" lon="1.931640">
						<ele>1149</ele>
						<time>2019-08-09T13:55:33Z</time>
					</trkpt>
					<trkpt lat="42.805060" lon="1.933020">
						<ele>1144</ele>
						<time>2019-08-09T13:55:54Z</time>
					</trkpt>
					<trkpt lat="42.805270" lon="1.933600">
						<ele>1147</ele>
						<time>2019-08-09T13:56:02Z</time>
					</trkpt>
					<trkpt lat="42.805430" lon="1.934110">
						<ele>1148</ele>
						<time>2019-08-09T13:56:09Z</time>
					</trkpt>
					<trkpt lat="42.805570" lon="1.934680">
						<ele>1145</ele>
						<time>2019-08-09T13:56:17Z</time>
					</trkpt>
					<trkpt lat="42.805890" lon="1.936280">
						<ele>1128</ele>
						<time>2019-08-09T13:56:39Z</time>
					</trkpt>
					<trkpt lat="42.805980" lon="1.936660">
						<ele>1127</ele>
						<time>2019-08-09T13:56:44Z</time>
					</trkpt>
					<trkpt lat="42.806170" lon="1.937200">
						<ele>1128</ele>
						<time>2019-08-09T13:56:52Z</time>
					</trkpt>
					<trkpt lat="42.806280" lon="1.937580">
						<ele>1126</ele>
						<time>2019-08-09T13:56:57Z</time>
					</trkpt>
					<trkpt lat="42.806470" lon="1.938400">
						<ele>1117</ele>
						<time>2019-08-09T13:57:08Z</time>
					</trkpt>
					<trkpt lat="42.806560" lon="1.938680">
						<ele>1113</ele>
						<time>2019-08-09T13:57:12Z</time>
					</trkpt>
					<trkpt lat="42.806640" lon="1.938860">
						<ele>1111</ele>
						<time>2019-08-09T13:57:15Z</time>
					</trkpt>
					<trkpt lat="42.806750" lon="1.939030">
						<ele>1111</ele>
						<time>2019-08-09T13:57:18Z</time>
					</trkpt>
					<trkpt lat="42.807080" lon="1.939410">
						<ele>1116</ele>
						<time>2019-08-09T13:57:26Z</time>
					</trkpt>
					<trkpt lat="42.807230" lon="1.939610">
						<ele>1116</ele>
						<time>2019-08-09T13:57:30Z</time>
					</trkpt>
					<trkpt lat="42.807390" lon="1.939880">
						<ele>1113</ele>
						<time>2019-08-09T13:57:34Z</time>
					</trkpt>
					<trkpt lat="42.807590" lon="1.940160">
						<ele>1110</ele>
						<time>2019-08-09T13:57:39Z</time>
					</trkpt>
					<trkpt lat="42.807870" lon="1.940490">
						<ele>1107</ele>
						<time>2019-08-09T13:57:46Z</time>
					</trkpt>
					<trkpt lat="42.808090" lon="1.940650">
						<ele>1106</ele>
						<time>2019-08-09T13:57:50Z</time>
					</trkpt>
					<trkpt lat="42.808440" lon="1.940850">
						<ele>1106</ele>
						<time>2019-08-09T13:57:57Z</time>
					</trkpt>
					<trkpt lat="42.808730" lon="1.941050">
						<ele>1105</ele>
						<time>2019-08-09T13:58:03Z</time>
					</trkpt>
					<trkpt lat="42.808990" lon="1.941260">
						<ele>1103</ele>
						<time>2019-08-09T13:58:08Z</time>
					</trkpt>
					<trkpt lat="42.809820" lon="1.942130">
						<ele>1088</ele>
						<time>2019-08-09T13:58:27Z</time>
					</trkpt>
					<trkpt lat="42.809970" lon="1.942230">
						<ele>1086</ele>
						<time>2019-08-09T13:58:30Z</time>
					</trkpt>
					<trkpt lat="42.810110" lon="1.942270">
						<ele>1083</ele>
						<time>2019-08-09T13:58:32Z</time>
					</trkpt>
					<trkpt lat="42.810260" lon="1.942240">
						<ele>1081</ele>
						<time>2019-08-09T13:58:35Z</time>
					</trkpt>
					<trkpt lat="42.810390" lon="1.942140">
						<ele>1082</ele>
						<time>2019-08-09T13:58:38Z</time>
					</trkpt>
					<trkpt lat="42.810520" lon="1.941950">
						<ele>1085</ele>
						<time>2019-08-09T13:58:41Z</time>
					</trkpt>
					<trkpt lat="42.810730" lon="1.941530">
						<ele>1089</ele>
						<time>2019-08-09T13:58:48Z</time>
					</trkpt>
					<trkpt lat="42.810920" lon="1.941090">
						<ele>1092</ele>
						<time>2019-08-09T13:58:54Z</time>
					</trkpt>
					<trkpt lat="42.811150" lon="1.940310">
						<ele>1096</ele>
						<time>2019-08-09T13:59:05Z</time>
					</trkpt>
					<trkpt lat="42.811210" lon="1.940160">
						<ele>1096</ele>
						<time>2019-08-09T13:59:08Z</time>
					</trkpt>
					<trkpt lat="42.811290" lon="1.940090">
						<ele>1094</ele>
						<time>2019-08-09T13:59:09Z</time>
					</trkpt>
					<trkpt lat="42.811390" lon="1.940070">
						<ele>1091</ele>
						<time>2019-08-09T13:59:11Z</time>
					</trkpt>
					<trkpt lat="42.811500" lon="1.940100">
						<ele>1088</ele>
						<time>2019-08-09T13:59:13Z</time>
					</trkpt>
					<trkpt lat="42.811600" lon="1.940200">
						<ele>1084</ele>
						<time>2019-08-09T13:59:15Z</time>
					</trkpt>
					<trkpt lat="42.811650" lon="1.940390">
						<ele>1081</ele>
						<time>2019-08-09T13:59:18Z</time>
					</trkpt>
					<trkpt lat="42.811650" lon="1.941360">
						<ele>1077</ele>
						<time>2019-08-09T13:59:31Z</time>
					</trkpt>
					<trkpt lat="42.811630" lon="1.941650">
						<ele>1076</ele>
						<time>2019-08-09T13:59:34Z</time>
					</trkpt>
					<trkpt lat="42.811560" lon="1.942070">
						<ele>1074</ele>
						<time>2019-08-09T13:59:40Z</time>
					</trkpt>
					<trkpt lat="42.811540" lon="1.942460">
						<ele>1071</ele>
						<time>2019-08-09T13:59:45Z</time>
					</trkpt>
					<trkpt lat="42.811530" lon="1.943200">
						<ele>1064</ele>
						<time>2019-08-09T13:59:55Z</time>
					</trkpt>
					<trkpt lat="42.811560" lon="1.943530">
						<ele>1061</ele>
						<time>2019-08-09T13:59:59Z</time>
					</trkpt>
					<trkpt lat="42.811950" lon="1.944950">
						<ele>1054</ele>
						<time>2019-08-09T14:00:19Z</time>
					</trkpt>
					<trkpt lat="42.812040" lon="1.945220">
						<ele>1053</ele>
						<time>2019-08-09T14:00:23Z</time>
					</trkpt>
					<trkpt lat="42.812170" lon="1.945440">
						<ele>1053</ele>
						<time>2019-08-09T14:00:26Z</time>
					</trkpt>
					<trkpt lat="42.817470" lon="1.953620">
						<ele>1033</ele>
						<time>2019-08-09T14:02:49Z</time>
					</trkpt>
					<trkpt lat="42.817530" lon="1.953770">
						<ele>1033</ele>
						<time>2019-08-09T14:02:51Z</time>
					</trkpt>
					<trkpt lat="42.817550" lon="1.953960">
						<ele>1032</ele>
						<time>2019-08-09T14:02:54Z</time>
					</trkpt>
					<trkpt lat="42.817510" lon="1.954110">
						<ele>1030</ele>
						<time>2019-08-09T14:02:56Z</time>
					</trkpt>
					<trkpt lat="42.817330" lon="1.954460">
						<ele>1027</ele>
						<time>2019-08-09T14:03:01Z</time>
					</trkpt>
					<trkpt lat="42.817270" lon="1.954650">
						<ele>1026</ele>
						<time>2019-08-09T14:03:04Z</time>
					</trkpt>
					<trkpt lat="42.816900" lon="1.956640">
						<ele>1023</ele>
						<time>2019-08-09T14:03:31Z</time>
					</trkpt>
					<trkpt lat="42.816740" lon="1.958520">
						<ele>1014</ele>
						<time>2019-08-09T14:03:55Z</time>
					</trkpt>
					<trkpt lat="42.816760" lon="1.958830">
						<ele>1012</ele>
						<time>2019-08-09T14:03:59Z</time>
					</trkpt>
					<trkpt lat="42.816820" lon="1.959130">
						<ele>1011</ele>
						<time>2019-08-09T14:04:04Z</time>
					</trkpt>
					<trkpt lat="42.817350" lon="1.960080">
						<ele>1007</ele>
						<time>2019-08-09T14:04:19Z</time>
					</trkpt>
					<trkpt lat="42.817820" lon="1.961020">
						<ele>1004</ele>
						<time>2019-08-09T14:04:34Z</time>
					</trkpt>
					<trkpt lat="42.820330" lon="1.965500">
						<ele>988</ele>
						<time>2019-08-09T14:05:48Z</time>
					</trkpt>
					<trkpt lat="42.828310" lon="1.980040">
						<ele>950</ele>
						<time>2019-08-09T14:09:45Z</time>
					</trkpt>
					<trkpt lat="42.828650" lon="1.980710">
						<ele>957</ele>
						<time>2019-08-09T14:09:55Z</time>
					</trkpt>
					<trkpt lat="42.828810" lon="1.981200">
						<ele>959</ele>
						<time>2019-08-09T14:10:02Z</time>
					</trkpt>
					<trkpt lat="42.828920" lon="1.981920">
						<ele>959</ele>
						<time>2019-08-09T14:10:12Z</time>
					</trkpt>
					<trkpt lat="42.829050" lon="1.983630">
						<ele>953</ele>
						<time>2019-08-09T14:10:34Z</time>
					</trkpt>
					<trkpt lat="42.829020" lon="1.984810">
						<ele>947</ele>
						<time>2019-08-09T14:10:50Z</time>
					</trkpt>
					<trkpt lat="42.827370" lon="2.004420">
						<ele>912</ele>
						<time>2019-08-09T14:15:07Z</time>
					</trkpt>
					<trkpt lat="42.827110" lon="2.007920">
						<ele>912</ele>
						<time>2019-08-09T14:15:53Z</time>
					</trkpt>
					<trkpt lat="42.826830" lon="2.009370">
						<ele>907</ele>
						<time>2019-08-09T14:16:13Z</time>
					</trkpt>
					<trkpt lat="42.826310" lon="2.011500">
						<ele>903</ele>
						<time>2019-08-09T14:16:42Z</time>
					</trkpt>
					<trkpt lat="42.826240" lon="2.011900">
						<ele>902</ele>
						<time>2019-08-09T14:16:47Z</time>
					</trkpt>
					<trkpt lat="42.825880" lon="2.013610">
						<ele>900</ele>
						<time>2019-08-09T14:17:11Z</time>
					</trkpt>
					<trkpt lat="42.825050" lon="2.017360">
						<ele>896</ele>
						<time>2019-08-09T14:18:02Z</time>
					</trkpt>
					<trkpt lat="42.824370" lon="2.020570">
						<ele>894</ele>
						<time>2019-08-09T14:18:45Z</time>
					</trkpt>
					<trkpt lat="42.824330" lon="2.020860">
						<ele>895</ele>
						<time>2019-08-09T14:18:49Z</time>
					</trkpt>
					<trkpt lat="42.824330" lon="2.021060">
						<ele>895</ele>
						<time>2019-08-09T14:18:52Z</time>
					</trkpt>
					<trkpt lat="42.824260" lon="2.021200">
						<ele>895</ele>
						<time>2019-08-09T14:18:54Z</time>
					</trkpt>
					<trkpt lat="42.824170" lon="2.021860">
						<ele>897</ele>
						<time>2019-08-09T14:19:03Z</time>
					</trkpt>
					<trkpt lat="42.823760" lon="2.021620">
						<ele>896</ele>
						<time>2019-08-09T14:19:11Z</time>
					</trkpt>
					<trkpt lat="42.822990" lon="2.021320">
						<ele>896</ele>
						<time>2019-08-09T14:19:25Z</time>
					</trkpt>
					</trkseg>
				</trk>
			</gpx>