<?xml version="1.0" encoding="UTF-8"?>
<gpx xmlns="http://www.topografix.com/GPX/1/1" xmlns:xsi="http://www.w3.org/2001/XMLSchema-instance" xsi:schemaLocation="http://www.topografix.com/GPX/1/1 http://www.topografix.com/GPX/1/1/gpx.xsd" version="1.1" creator="gpx.py -- https://github.com/tkrajina/gpxpy">
  <trk>
    <name>[Itinéraire] Gravel N°27 - Rando sur le Causse du Larzac</name>
    <desc>&lt;ol&gt;
&lt;li&gt;D&amp;eacute;part depuis la Place de la R&amp;eacute;publique du Caylar pour une belle rando Gravel sur le Causse du Larzac.&lt;/li&gt;
&lt;li&gt;Vous d&amp;eacute;marrez la sortie en direction de La Mouisse par un beau chemin afin d'atteindre une Capitelle. Au km2,7, vous risquez de mettre pied &amp;agrave; terre sur 100m pour atteindre le plateau.&lt;/li&gt;
&lt;li&gt;Une fois pass&amp;eacute; la piste d'ULM, prendre &amp;agrave;&amp;nbsp;droite, vous &amp;eacute;voluez sur une belle piste pour descendre vers le Cros en direction de Saint-Michel-d'Alajou.&lt;/li&gt;
&lt;li&gt;Au km7,5 la mont&amp;eacute;e vers Saint-Michel-d'Alajou va vous challenger.&lt;/li&gt;
&lt;li&gt;La rando se d&amp;eacute;roule tranquillement par la route jusqu'&amp;agrave; Saint-Pierre-de-la-Fage (point au plus au Sud de la sortie) o&amp;ugrave; une fontaine sur la place du village est la bienvenue.&lt;/li&gt;
&lt;li&gt;Le retour vers Le Caylar se fait par une belle piste caussenarde avec un passage au c&amp;oelig;ur de La Vernede et une remont&amp;eacute;e vers le Ch&amp;acirc;teau de Sain-Michel-d'Alajou.&lt;/li&gt;
&lt;li&gt;Un mix de petites routes et de chemins au profil descendant termine cette rando au c&amp;oelig;ur du Causse du Larzac.&lt;/li&gt;
&lt;/ol&gt;
&lt;br /&gt;60% de routes et 40% de chemins&lt;br /&gt;Temps de roulage en fonction votre niveau : 2h00min &amp;agrave; 2h40minModifié: 6 jours</desc>
    <trkseg>
      <trkpt lat="43.864196941780655" lon="3.317316436282789">
        <ele>748.0</ele>
      </trkpt>
      <trkpt lat="43.864114033285254" lon="3.317504972494704">
        <ele>748.0</ele>
      </trkpt>
      <trkpt lat="43.86403087829664" lon="3.317694067955018">
        <ele>748.0</ele>
      </trkpt>
      <trkpt lat="43.86393225258519" lon="3.317917853637483">
        <ele>749.0</ele>
      </trkpt>
      <trkpt lat="43.86390324499191" lon="3.318023979663848">
        <ele>749.0</ele>
      </trkpt>
      <trkpt lat="43.864007672261636" lon="3.318133950233459">
        <ele>749.0</ele>
      </trkpt>
      <trkpt lat="43.864050216652394" lon="3.318192958831787">
        <ele>749.0</ele>
      </trkpt>
      <trkpt lat="43.86394772329582" lon="3.3184397220611572">
        <ele>750.0</ele>
      </trkpt>
      <trkpt lat="43.86384329592111" lon="3.318683803081512">
        <ele>750.0</ele>
      </trkpt>
      <trkpt lat="43.86373693451803" lon="3.318930566310883">
        <ele>751.0</ele>
      </trkpt>
      <trkpt lat="43.8636306528944" lon="3.3191959053560383">
        <ele>751.0</ele>
      </trkpt>
      <trkpt lat="43.863630572925224" lon="3.3191961050033565">
        <ele>751.0</ele>
      </trkpt>
      <trkpt lat="43.863545483514365" lon="3.319335579872132">
        <ele>752.0</ele>
      </trkpt>
      <trkpt lat="43.86351260802763" lon="3.319429457187652">
        <ele>752.0</ele>
      </trkpt>
      <trkpt lat="43.86357255743091" lon="3.3195110857923282">
        <ele>752.0</ele>
      </trkpt>
      <trkpt lat="43.86353001269922" lon="3.3195700943906563">
        <ele>752.0</ele>
      </trkpt>
      <trkpt lat="43.86347973252265" lon="3.3196237385709555">
        <ele>752.0</ele>
      </trkpt>
      <trkpt lat="43.863435253869596" lon="3.3196934760053405">
        <ele>752.0</ele>
      </trkpt>
      <trkpt lat="43.863444923144804" lon="3.31983563308313">
        <ele>752.0</ele>
      </trkpt>
      <trkpt lat="43.863444923144804" lon="3.31996706132486">
        <ele>752.0</ele>
      </trkpt>
      <trkpt lat="43.863442989289894" lon="3.320098489566589">
        <ele>751.0</ele>
      </trkpt>
      <trkpt lat="43.863450724709196" lon="3.3202379644353663">
        <ele>751.0</ele>
      </trkpt>
      <trkpt lat="43.863450724709196" lon="3.3203398883779305">
        <ele>751.0</ele>
      </trkpt>
      <trkpt lat="43.86343138615905" lon="3.3204069436033032">
        <ele>750.0</ele>
      </trkpt>
      <trkpt lat="43.8633946428965" lon="3.3205035031278376">
        <ele>750.0</ele>
      </trkpt>
      <trkpt lat="43.86335403189574" lon="3.3206027448613904">
        <ele>749.0</ele>
      </trkpt>
      <trkpt lat="43.86341204760263" lon="3.320712715431002">
        <ele>749.0</ele>
      </trkpt>
      <trkpt lat="43.86350100491023" lon="3.320908516689087">
        <ele>748.0</ele>
      </trkpt>
      <trkpt lat="43.863531946551326" lon="3.321026533885743">
        <ele>747.0</ele>
      </trkpt>
      <trkpt lat="43.863522277290215" lon="3.3211123645742213">
        <ele>746.0</ele>
      </trkpt>
      <trkpt lat="43.8634913356441" lon="3.3212116063077697">
        <ele>745.0</ele>
      </trkpt>
      <trkpt lat="43.863464261690595" lon="3.321364492221619">
        <ele>744.0</ele>
      </trkpt>
      <trkpt lat="43.8634739309611" lon="3.3215763867337964">
        <ele>743.0</ele>
      </trkpt>
      <trkpt lat="43.863444923144804" lon="3.32169440393045">
        <ele>741.0</ele>
      </trkpt>
      <trkpt lat="43.86347779866888" lon="3.3217695057828687">
        <ele>740.0</ele>
      </trkpt>
      <trkpt lat="43.86357835898287" lon="3.322000175758148">
        <ele>739.0</ele>
      </trkpt>
      <trkpt lat="43.86367505143249" lon="3.3222174346883553">
        <ele>738.0</ele>
      </trkpt>
      <trkpt lat="43.863787214477576" lon="3.322450786872651">
        <ele>737.0</ele>
      </trkpt>
      <trkpt lat="43.86389937731164" lon="3.3226841390569457">
        <ele>736.0</ele>
      </trkpt>
      <trkpt lat="43.86400960609814" lon="3.322922855659272">
        <ele>735.0</ele>
      </trkpt>
      <trkpt lat="43.86412176851379" lon="3.323124021335389">
        <ele>735.0</ele>
      </trkpt>
      <trkpt lat="43.86425133517951" lon="3.3233171403844604">
        <ele>734.0</ele>
      </trkpt>
      <trkpt lat="43.86432095297324" lon="3.323388397693635">
        <ele>734.0</ele>
      </trkpt>
      <trkpt lat="43.86446792360392" lon="3.3234044909477247">
        <ele>734.0</ele>
      </trkpt>
      <trkpt lat="43.86461102623825" lon="3.323420584201813">
        <ele>734.0</ele>
      </trkpt>
      <trkpt lat="43.86469611412826" lon="3.3234286308288583">
        <ele>733.0</ele>
      </trkpt>
      <trkpt lat="43.86477926808511" lon="3.3234146609629533">
        <ele>733.0</ele>
      </trkpt>
      <trkpt lat="43.86487982620374" lon="3.32339588549985">
        <ele>733.0</ele>
      </trkpt>
      <trkpt lat="43.864984251762706" lon="3.3234092965449245">
        <ele>733.0</ele>
      </trkpt>
      <trkpt lat="43.86505773630569" lon="3.3234227075899976">
        <ele>733.0</ele>
      </trkpt>
      <trkpt lat="43.865137022158386" lon="3.323454894098178">
        <ele>733.0</ele>
      </trkpt>
      <trkpt lat="43.86525498384158" lon="3.323487080606356">
        <ele>732.0</ele>
      </trkpt>
      <trkpt lat="43.865380680460234" lon="3.323538042577639">
        <ele>732.0</ele>
      </trkpt>
      <trkpt lat="43.8654851051419" lon="3.323575593503847">
        <ele>732.0</ele>
      </trkpt>
      <trkpt lat="43.86556825799826" lon="3.3236131444300563">
        <ele>732.0</ele>
      </trkpt>
      <trkpt lat="43.86561466884446" lon="3.323634602102174">
        <ele>732.0</ele>
      </trkpt>
      <trkpt lat="43.86564367560492" lon="3.323664106401339">
        <ele>732.0</ele>
      </trkpt>
      <trkpt lat="43.86566494722032" lon="3.3237043395365635">
        <ele>732.0</ele>
      </trkpt>
      <trkpt lat="43.865684285045916" lon="3.32376334813489">
        <ele>731.0</ele>
      </trkpt>
      <trkpt lat="43.865697821520094" lon="3.3238277211512472">
        <ele>731.0</ele>
      </trkpt>
      <trkpt lat="43.865709424209804" lon="3.3238894119585884">
        <ele>731.0</ele>
      </trkpt>
      <trkpt lat="43.86572296067826" lon="3.3239698782290374">
        <ele>731.0</ele>
      </trkpt>
      <trkpt lat="43.865734563363105" lon="3.3240235224093344">
        <ele>732.0</ele>
      </trkpt>
      <trkpt lat="43.86576163628554" lon="3.3240825310076625">
        <ele>732.0</ele>
      </trkpt>
      <trkpt lat="43.865806113202986" lon="3.3241662383079538">
        <ele>732.0</ele>
      </trkpt>
      <trkpt lat="43.86587572918091" lon="3.3242681622505192">
        <ele>732.0</ele>
      </trkpt>
      <trkpt lat="43.86594534507738" lon="3.3243775739993">
        <ele>732.0</ele>
      </trkpt>
      <trkpt lat="43.86602076220696" lon="3.3244902267779253">
        <ele>732.0</ele>
      </trkpt>
      <trkpt lat="43.86606330516102" lon="3.3245599642123125">
        <ele>733.0</ele>
      </trkpt>
      <trkpt lat="43.86611938446322" lon="3.324683345826997">
        <ele>733.0</ele>
      </trkpt>
      <trkpt lat="43.86614839097813" lon="3.324747718843355">
        <ele>733.0</ele>
      </trkpt>
      <trkpt lat="43.86619093384109" lon="3.3248120918597133">
        <ele>733.0</ele>
      </trkpt>
      <trkpt lat="43.866258615606" lon="3.3248871937121303">
        <ele>733.0</ele>
      </trkpt>
      <trkpt lat="43.86633789986147" lon="3.3249542489375012">
        <ele>733.0</ele>
      </trkpt>
      <trkpt lat="43.866413316494366" lon="3.3250534906710527">
        <ele>733.0</ele>
      </trkpt>
      <trkpt lat="43.866540944425026" lon="3.3252063765849025">
        <ele>734.0</ele>
      </trkpt>
      <trkpt lat="43.8666953438798" lon="3.325396443258965">
        <ele>734.0</ele>
      </trkpt>
      <trkpt lat="43.866695644580666" lon="3.3253968134249594">
        <ele>734.0</ele>
      </trkpt>
      <trkpt lat="43.866811669433915" lon="3.3255309238757045">
        <ele>734.0</ele>
      </trkpt>
      <trkpt lat="43.86692382657744" lon="3.325627483400241">
        <ele>735.0</ele>
      </trkpt>
      <trkpt lat="43.867095929369995" lon="3.3257374539698503">
        <ele>735.0</ele>
      </trkpt>
      <trkpt lat="43.86724676062231" lon="3.3258393779124162">
        <ele>735.0</ele>
      </trkpt>
      <trkpt lat="43.86738405540477" lon="3.325949348482028">
        <ele>735.0</ele>
      </trkpt>
      <trkpt lat="43.867531018483476" lon="3.3260673656786843">
        <ele>735.0</ele>
      </trkpt>
      <trkpt lat="43.86765284286614" lon="3.3261880650843514">
        <ele>735.0</ele>
      </trkpt>
      <trkpt lat="43.86774759499163" lon="3.326263166936769">
        <ele>735.0</ele>
      </trkpt>
      <trkpt lat="43.86788295490961" lon="3.3263382687891867">
        <ele>735.0</ele>
      </trkpt>
      <trkpt lat="43.868035717876445" lon="3.326424099477662">
        <ele>734.0</ele>
      </trkpt>
      <trkpt lat="43.86816140863148" lon="3.326512612375156">
        <ele>734.0</ele>
      </trkpt>
      <trkpt lat="43.86824455775452" lon="3.3265823498095424">
        <ele>734.0</ele>
      </trkpt>
      <trkpt lat="43.868399253488825" lon="3.3266628160799883">
        <ele>733.0</ele>
      </trkpt>
      <trkpt lat="43.86856168357766" lon="3.32674596455945">
        <ele>733.0</ele>
      </trkpt>
      <trkpt lat="43.86864483214233" lon="3.326783515485658">
        <ele>732.0</ele>
      </trkpt>
      <trkpt lat="43.868760853201515" lon="3.3268103375758082">
        <ele>732.0</ele>
      </trkpt>
      <trkpt lat="43.86890007817448" lon="3.326823748620882">
        <ele>731.0</ele>
      </trkpt>
      <trkpt lat="43.869025767106805" lon="3.3268398418749725">
        <ele>731.0</ele>
      </trkpt>
      <trkpt lat="43.869114716037245" lon="3.3268720283831494">
        <ele>730.0</ele>
      </trkpt>
      <trkpt lat="43.869195930162135" lon="3.3269068971003435">
        <ele>730.0</ele>
      </trkpt>
      <trkpt lat="43.869273276844844" lon="3.3269417658175393">
        <ele>730.0</ele>
      </trkpt>
      <trkpt lat="43.869346756100505" lon="3.3270007744158643">
        <ele>730.0</ele>
      </trkpt>
      <trkpt lat="43.8694066996367" lon="3.327038325342073">
        <ele>729.0</ele>
      </trkpt>
      <trkpt lat="43.86950144897414" lon="3.327116109403507">
        <ele>729.0</ele>
      </trkpt>
      <trkpt lat="43.86959233085014" lon="3.3272073045100132">
        <ele>729.0</ele>
      </trkpt>
      <trkpt lat="43.86972768657888" lon="3.327365554841891">
        <ele>729.0</ele>
      </trkpt>
      <trkpt lat="43.869845639177534" lon="3.3275211229647543">
        <ele>730.0</ele>
      </trkpt>
      <trkpt lat="43.8698843121099" lon="3.3275613560999777">
        <ele>730.0</ele>
      </trkpt>
      <trkpt lat="43.86991911772757" lon="3.327641822370425">
        <ele>730.0</ele>
      </trkpt>
      <trkpt lat="43.8700138662504" lon="3.327859081300631">
        <ele>730.0</ele>
      </trkpt>
      <trkpt lat="43.87004480451098" lon="3.3279502764071363">
        <ele>730.0</ele>
      </trkpt>
      <trkpt lat="43.870106681046764" lon="3.328095115537052">
        <ele>730.0</ele>
      </trkpt>
      <trkpt lat="43.870168557392674" lon="3.3282399549807455">
        <ele>730.0</ele>
      </trkpt>
      <trkpt lat="43.87026910641977" lon="3.328438438447846">
        <ele>730.0</ele>
      </trkpt>
      <trkpt lat="43.870346451750414" lon="3.3285805953331584">
        <ele>730.0</ele>
      </trkpt>
      <trkpt lat="43.870423796899544" lon="3.328722752603427">
        <ele>730.0</ele>
      </trkpt>
      <trkpt lat="43.87051854462015" lon="3.328891731771364">
        <ele>730.0</ele>
      </trkpt>
      <trkpt lat="43.8705688188597" lon="3.328966833623782">
        <ele>730.0</ele>
      </trkpt>
      <trkpt lat="43.87061522581241" lon="3.3290875330294525">
        <ele>729.0</ele>
      </trkpt>
      <trkpt lat="43.87065003100324" lon="3.3292591944064034">
        <ele>729.0</ele>
      </trkpt>
      <trkpt lat="43.87067710169318" lon="3.329339660676851">
        <ele>729.0</ele>
      </trkpt>
      <trkpt lat="43.87072930941757" lon="3.3294791355456255">
        <ele>729.0</ele>
      </trkpt>
      <trkpt lat="43.87078345071315" lon="3.3295703306521345">
        <ele>728.0</ele>
      </trkpt>
      <trkpt lat="43.87085112726338" lon="3.329680301221743">
        <ele>728.0</ele>
      </trkpt>
      <trkpt lat="43.87092073734917" lon="3.3297473564471156">
        <ele>728.0</ele>
      </trkpt>
      <trkpt lat="43.87099614818374" lon="3.329792954000368">
        <ele>728.0</ele>
      </trkpt>
      <trkpt lat="43.87108702778065" lon="3.329811729463474">
        <ele>727.0</ele>
      </trkpt>
      <trkpt lat="43.87113730154061" lon="3.3298170938815024">
        <ele>727.0</ele>
      </trkpt>
      <trkpt lat="43.87119337606908" lon="3.329854644807711">
        <ele>727.0</ele>
      </trkpt>
      <trkpt lat="43.87131132576712" lon="3.3299699797953513">
        <ele>726.0</ele>
      </trkpt>
      <trkpt lat="43.871421540847706" lon="3.3300826325739754">
        <ele>726.0</ele>
      </trkpt>
      <trkpt lat="43.8715510916468" lon="3.330232836278811">
        <ele>726.0</ele>
      </trkpt>
      <trkpt lat="43.871696110863944" lon="3.330431319745912">
        <ele>726.0</ele>
      </trkpt>
      <trkpt lat="43.87180052449036" lon="3.330581523176192">
        <ele>725.0</ele>
      </trkpt>
      <trkpt lat="43.87190493791671" lon="3.3307317271555803">
        <ele>725.0</ele>
      </trkpt>
      <trkpt lat="43.87204995627284" lon="3.330940939458741">
        <ele>725.0</ele>
      </trkpt>
      <trkpt lat="43.872131166398155" lon="3.3310804143275163">
        <ele>725.0</ele>
      </trkpt>
      <trkpt lat="43.87220657574079" lon="3.3312198890121665">
        <ele>725.0</ele>
      </trkpt>
      <trkpt lat="43.87228198490869" lon="3.3313593640650674">
        <ele>725.0</ele>
      </trkpt>
      <trkpt lat="43.87237672967523" lon="3.331506885560885">
        <ele>725.0</ele>
      </trkpt>
      <trkpt lat="43.87237732626647" lon="3.3315075985526743">
        <ele>725.0</ele>
      </trkpt>
      <trkpt lat="43.872502411276024" lon="3.331657089265719">
        <ele>725.0</ele>
      </trkpt>
      <trkpt lat="43.87265709595928" lon="3.331809975179567">
        <ele>724.0</ele>
      </trkpt>
      <trkpt lat="43.872765374998615" lon="3.3319333567942535">
        <ele>724.0</ele>
      </trkpt>
      <trkpt lat="43.87280984668993" lon="3.3319843187655374">
        <ele>724.0</ele>
      </trkpt>
      <trkpt lat="43.87283691639885" lon="3.3320272341097743">
        <ele>724.0</ele>
      </trkpt>
      <trkpt lat="43.872854318348104" lon="3.3320755138720415">
        <ele>724.0</ele>
      </trkpt>
      <trkpt lat="43.87286398609545" lon="3.33211306479825">
        <ele>724.0</ele>
      </trkpt>
      <trkpt lat="43.87286591964473" lon="3.3321693911875645">
        <ele>724.0</ele>
      </trkpt>
      <trkpt lat="43.87285431834808" lon="3.332231081994905">
        <ele>724.0</ele>
      </trkpt>
      <trkpt lat="43.87280597958768" lon="3.332461751970186">
        <ele>724.0</ele>
      </trkpt>
      <trkpt lat="43.87277310920818" lon="3.33260659125699">
        <ele>724.0</ele>
      </trkpt>
      <trkpt lat="43.87273637170389" lon="3.332746624946595">
        <ele>724.0</ele>
      </trkpt>
      <trkpt lat="43.872699634176854" lon="3.33285391330719">
        <ele>724.0</ele>
      </trkpt>
      <trkpt lat="43.87267643151653" lon="3.3329236507415785">
        <ele>724.0</ele>
      </trkpt>
      <trkpt lat="43.872641627508976" lon="3.3330158097669482">
        <ele>723.0</ele>
      </trkpt>
      <trkpt lat="43.87257975366777" lon="3.333144555799663">
        <ele>723.0</ele>
      </trkpt>
      <trkpt lat="43.872517879762405" lon="3.333240633364766">
        <ele>723.0</ele>
      </trkpt>
      <trkpt lat="43.872401866016574" lon="3.3333854726515715">
        <ele>723.0</ele>
      </trkpt>
      <trkpt lat="43.87233805836013" lon="3.3334954432211816">
        <ele>723.0</ele>
      </trkpt>
      <trkpt lat="43.87227038349831" lon="3.3336080959998076">
        <ele>723.0</ele>
      </trkpt>
      <trkpt lat="43.87220464213045" lon="3.333750253077596">
        <ele>723.0</ele>
      </trkpt>
      <trkpt lat="43.87214083426283" lon="3.3338816813193257">
        <ele>722.0</ele>
      </trkpt>
      <trkpt lat="43.872069292027014" lon="3.3339621475897725">
        <ele>722.0</ele>
      </trkpt>
      <trkpt lat="43.87198228108389" lon="3.3340721181593844">
        <ele>722.0</ele>
      </trkpt>
      <trkpt lat="43.87191460581808" lon="3.3341847709380086">
        <ele>722.0</ele>
      </trkpt>
      <trkpt lat="43.87187206704034" lon="3.334272801876068">
        <ele>722.0</ele>
      </trkpt>
      <trkpt lat="43.871837262563176" lon="3.3343720436096183">
        <ele>722.0</ele>
      </trkpt>
      <trkpt lat="43.871819860316855" lon="3.3344820141792293">
        <ele>721.0</ele>
      </trkpt>
      <trkpt lat="43.87182179389992" lon="3.3346166065894045">
        <ele>721.0</ele>
      </trkpt>
      <trkpt lat="43.87186046555001" lon="3.334764128085224">
        <ele>721.0</ele>
      </trkpt>
      <trkpt lat="43.871897203594365" lon="3.33489823853597">
        <ele>721.0</ele>
      </trkpt>
      <trkpt lat="43.87191653939803" lon="3.335032348986715">
        <ele>721.0</ele>
      </trkpt>
      <trkpt lat="43.87193587519553" lon="3.3352040103636664">
        <ele>721.0</ele>
      </trkpt>
      <trkpt lat="43.87195134382896" lon="3.3354319981299345">
        <ele>720.0</ele>
      </trkpt>
      <trkpt lat="43.87196874603676" lon="3.3356465748511255">
        <ele>720.0</ele>
      </trkpt>
      <trkpt lat="43.87199001539496" lon="3.335788731928916">
        <ele>720.0</ele>
      </trkpt>
      <trkpt lat="43.872026753359464" lon="3.3359335712157185">
        <ele>720.0</ele>
      </trkpt>
      <trkpt lat="43.872055756999615" lon="3.3360891393385845">
        <ele>720.0</ele>
      </trkpt>
      <trkpt lat="43.87206735845175" lon="3.336244707461447">
        <ele>720.0</ele>
      </trkpt>
      <trkpt lat="43.87205962426287" lon="3.3364016167100634">
        <ele>720.0</ele>
      </trkpt>
      <trkpt lat="43.872051889848464" lon="3.3365585259161894">
        <ele>720.0</ele>
      </trkpt>
      <trkpt lat="43.87205575699965" lon="3.3367704204283655">
        <ele>720.0</ele>
      </trkpt>
      <trkpt lat="43.872094428497896" lon="3.337011819239704">
        <ele>720.0</ele>
      </trkpt>
      <trkpt lat="43.872121498531754" lon="3.337296133395283">
        <ele>720.0</ele>
      </trkpt>
      <trkpt lat="43.87218723999137" lon="3.3374731591902655">
        <ele>720.0</ele>
      </trkpt>
      <trkpt lat="43.872229778544266" lon="3.337644820567221">
        <ele>720.0</ele>
      </trkpt>
      <trkpt lat="43.872307121289886" lon="3.3378620794974285">
        <ele>720.0</ele>
      </trkpt>
      <trkpt lat="43.87235159332318" lon="3.3379854611121105">
        <ele>720.0</ele>
      </trkpt>
      <trkpt lat="43.87237479610993" lon="3.33814371144399">
        <ele>720.0</ele>
      </trkpt>
      <trkpt lat="43.87239413175873" lon="3.338328783866019">
        <ele>720.0</ele>
      </trkpt>
      <trkpt lat="43.87242506878373" lon="3.3384736231528245">
        <ele>720.0</ele>
      </trkpt>
      <trkpt lat="43.87247147429125" lon="3.3385348320007324">
        <ele>720.0</ele>
      </trkpt>
      <trkpt lat="43.8725584845201" lon="3.3385406783781937">
        <ele>720.0</ele>
      </trkpt>
      <trkpt lat="43.872734438150296" lon="3.3386077336035664">
        <ele>720.0</ele>
      </trkpt>
      <trkpt lat="43.872908457713166" lon="3.3386774710379545">
        <ele>720.0</ele>
      </trkpt>
      <trkpt lat="43.87301866984021" lon="3.3386855176649988">
        <ele>720.0</ele>
      </trkpt>
      <trkpt lat="43.87322749225877" lon="3.3386881998740146">
        <ele>720.0</ele>
      </trkpt>
      <trkpt lat="43.87330290017453" lon="3.3387096575461332">
        <ele>720.0</ele>
      </trkpt>
      <trkpt lat="43.873399576850055" lon="3.3388223103247574">
        <ele>720.0</ele>
      </trkpt>
      <trkpt lat="43.87351172159718" lon="3.3388437679968774">
        <ele>720.0</ele>
      </trkpt>
      <trkpt lat="43.87362386613319" lon="3.3388786367140715">
        <ele>720.0</ele>
      </trkpt>
      <trkpt lat="43.873732143416056" lon="3.3389859250746676">
        <ele>720.0</ele>
      </trkpt>
      <trkpt lat="43.87381721828602" lon="3.3390449336729944">
        <ele>720.0</ele>
      </trkpt>
      <trkpt lat="43.87399316819985" lon="3.3390717557631433">
        <ele>720.0</ele>
      </trkpt>
      <trkpt lat="43.87411497937439" lon="3.339071755763143">
        <ele>720.0</ele>
      </trkpt>
      <trkpt lat="43.87425419184034" lon="3.339044933672994">
        <ele>720.0</ele>
      </trkpt>
      <trkpt lat="43.87433926596507" lon="3.339031522627919">
        <ele>720.0</ele>
      </trkpt>
      <trkpt lat="43.874455275939326" lon="3.339047615882008">
        <ele>720.0</ele>
      </trkpt>
      <trkpt lat="43.87459062062387" lon="3.3390905312262484">
        <ele>720.0</ele>
      </trkpt>
      <trkpt lat="43.87474336639864" lon="3.339122717734427">
        <ele>720.0</ele>
      </trkpt>
      <trkpt lat="43.87488644436422" lon="3.3391361287795003">
        <ele>720.0</ele>
      </trkpt>
      <trkpt lat="43.87504305633814" lon="3.3391441754065445">
        <ele>720.0</ele>
      </trkpt>
      <trkpt lat="43.875120395432674" lon="3.3391602686606356">
        <ele>720.0</ele>
      </trkpt>
      <trkpt lat="43.87526927290711" lon="3.3392246416769926">
        <ele>720.0</ele>
      </trkpt>
      <trkpt lat="43.87538334760336" lon="3.3392595103941867">
        <ele>720.0</ele>
      </trkpt>
      <trkpt lat="43.875499355545074" lon="3.3393077901564525">
        <ele>720.0</ele>
      </trkpt>
      <trkpt lat="43.87562503056043" lon="3.3392997435294096">
        <ele>720.0</ele>
      </trkpt>
      <trkpt lat="43.87574490494348" lon="3.339278285857289">
        <ele>720.0</ele>
      </trkpt>
      <trkpt lat="43.875870579440985" lon="3.3392648748122165">
        <ele>720.0</ele>
      </trkpt>
      <trkpt lat="43.875928582965905" lon="3.3392460993491104">
        <ele>720.0</ele>
      </trkpt>
      <trkpt lat="43.875978852641595" lon="3.339380209799856">
        <ele>720.0</ele>
      </trkpt>
      <trkpt lat="43.876007854358356" lon="3.339446783065795">
        <ele>720.0</ele>
      </trkpt>
      <trkpt lat="43.87609099253484" lon="3.339506273623555">
        <ele>720.0</ele>
      </trkpt>
      <trkpt lat="43.876125794527816" lon="3.3395786932669584">
        <ele>720.0</ele>
      </trkpt>
      <trkpt lat="43.87617993092086" lon="3.3397181681357324">
        <ele>720.0</ele>
      </trkpt>
      <trkpt lat="43.87622053318338" lon="3.3398120454512537">
        <ele>720.0</ele>
      </trkpt>
      <trkpt lat="43.87630367106319" lon="3.339946155901997">
        <ele>720.0</ele>
      </trkpt>
      <trkpt lat="43.8763442732414" lon="3.3400507620535804">
        <ele>720.0</ele>
      </trkpt>
      <trkpt lat="43.87635974073062" lon="3.340179508086292">
        <ele>720.0</ele>
      </trkpt>
      <trkpt lat="43.87635587385866" lon="3.340407495852558">
        <ele>721.0</ele>
      </trkpt>
      <trkpt lat="43.87635586183864" lon="3.340407742648641">
        <ele>721.0</ele>
      </trkpt>
      <trkpt lat="43.87634620667779" lon="3.34060597931966">
        <ele>721.0</ele>
      </trkpt>
      <trkpt lat="43.8763520069865" lon="3.3407830051146434">
        <ele>722.0</ele>
      </trkpt>
      <trkpt lat="43.87638100852167" lon="3.3408661535941064">
        <ele>722.0</ele>
      </trkpt>
      <trkpt lat="43.876388742262016" lon="3.3409814885817477">
        <ele>723.0</ele>
      </trkpt>
      <trkpt lat="43.876433211249406" lon="3.3411021879874174">
        <ele>724.0</ele>
      </trkpt>
      <trkpt lat="43.876471879907086" lon="3.3412228873930876">
        <ele>725.0</ele>
      </trkpt>
      <trkpt lat="43.876475746771696" lon="3.3412653207778926">
        <ele>726.0</ele>
      </trkpt>
      <trkpt lat="43.876558884295235" lon="3.3414267352782185">
        <ele>727.0</ele>
      </trkpt>
      <trkpt lat="43.87653568313736" lon="3.3415367058478305">
        <ele>728.0</ele>
      </trkpt>
      <trkpt lat="43.87651441540148" lon="3.3416788629256193">
        <ele>729.0</ele>
      </trkpt>
      <trkpt lat="43.8764970145211" lon="3.3417995623312895">
        <ele>730.0</ele>
      </trkpt>
      <trkpt lat="43.87653374970714" lon="3.3418585709296145">
        <ele>730.0</ele>
      </trkpt>
      <trkpt lat="43.87661302029472" lon="3.3419202617369566">
        <ele>731.0</ele>
      </trkpt>
      <trkpt lat="43.87665555568848" lon="3.34200341021642">
        <ele>732.0</ele>
      </trkpt>
      <trkpt lat="43.87667682337395" lon="3.3420785120688365">
        <ele>732.0</ele>
      </trkpt>
      <trkpt lat="43.87670389132636" lon="3.342199211474508">
        <ele>732.0</ele>
      </trkpt>
      <trkpt lat="43.87673675953767" lon="3.3422528556548046">
        <ele>733.0</ele>
      </trkpt>
      <trkpt lat="43.87680829617037" lon="3.3423976949416105">
        <ele>733.0</ele>
      </trkpt>
      <trkpt lat="43.876823763539086" lon="3.3425023010931896">
        <ele>733.0</ele>
      </trkpt>
      <trkpt lat="43.876839230903784" lon="3.342746382113547">
        <ele>733.0</ele>
      </trkpt>
      <trkpt lat="43.87685469826481" lon="3.342949748039245">
        <ele>732.0</ele>
      </trkpt>
      <trkpt lat="43.87688756639288" lon="3.343178217764943">
        <ele>732.0</ele>
      </trkpt>
      <trkpt lat="43.87689530006747" lon="3.3432881883345544">
        <ele>732.0</ele>
      </trkpt>
      <trkpt lat="43.8768817661363" lon="3.3434866718016556">
        <ele>732.0</ele>
      </trkpt>
      <trkpt lat="43.876885632974066" lon="3.343588595744222">
        <ele>731.0</ele>
      </trkpt>
      <trkpt lat="43.87688563297408" lon="3.3437763503752644">
        <ele>731.0</ele>
      </trkpt>
      <trkpt lat="43.87688949981164" lon="3.3439077786169937">
        <ele>730.0</ele>
      </trkpt>
      <trkpt lat="43.87689723348594" lon="3.3441169909201554">
        <ele>730.0</ele>
      </trkpt>
      <trkpt lat="43.876970703342046" lon="3.3443288854323336">
        <ele>730.0</ele>
      </trkpt>
      <trkpt lat="43.877028705796" lon="3.3445059112273166">
        <ele>730.0</ele>
      </trkpt>
      <trkpt lat="43.877123443016046" lon="3.3446909836493446">
        <ele>730.0</ele>
      </trkpt>
      <trkpt lat="43.877225913717176" lon="3.3448867849074304">
        <ele>730.0</ele>
      </trkpt>
      <trkpt lat="43.87733225105091" lon="3.3451335481368005">
        <ele>730.0</ele>
      </trkpt>
      <trkpt lat="43.87738445294523" lon="3.3452971628867094">
        <ele>730.0</ele>
      </trkpt>
      <trkpt lat="43.877463722401096" lon="3.34549564635381">
        <ele>730.0</ele>
      </trkpt>
      <trkpt lat="43.877541058354005" lon="3.3456941298209126">
        <ele>731.0</ele>
      </trkpt>
      <trkpt lat="43.877587459877546" lon="3.3458631089888504">
        <ele>731.0</ele>
      </trkpt>
      <trkpt lat="43.877600993648414" lon="3.346045499201865">
        <ele>731.0</ele>
      </trkpt>
      <trkpt lat="43.87761452741623" lon="3.3462573937140414">
        <ele>731.0</ele>
      </trkpt>
      <trkpt lat="43.877647395125294" lon="3.3464773348532604">
        <ele>731.0</ele>
      </trkpt>
      <trkpt lat="43.87765899548887" lon="3.34661949193105">
        <ele>731.0</ele>
      </trkpt>
      <trkpt lat="43.877734397797" lon="3.3468260220251977">
        <ele>731.0</ele>
      </trkpt>
      <trkpt lat="43.87776919883018" lon="3.34698159014806">
        <ele>731.0</ele>
      </trkpt>
      <trkpt lat="43.87784073422328" lon="3.3471639803610755">
        <ele>731.0</ele>
      </trkpt>
      <trkpt lat="43.87788713551348" lon="3.347308819647878">
        <ele>730.0</ele>
      </trkpt>
      <trkpt lat="43.877927736612726" lon="3.3474912098608924">
        <ele>730.0</ele>
      </trkpt>
      <trkpt lat="43.87796640430058" lon="3.3477004221640514">
        <ele>729.0</ele>
      </trkpt>
      <trkpt lat="43.878010872110615" lon="3.347933774348347">
        <ele>729.0</ele>
      </trkpt>
      <trkpt lat="43.878057273268304" lon="3.3481510332785556">
        <ele>729.0</ele>
      </trkpt>
      <trkpt lat="43.87811527466457" lon="3.348451440688223">
        <ele>728.0</ele>
      </trkpt>
      <trkpt lat="43.87817520938141" lon="3.3486633352004005">
        <ele>728.0</ele>
      </trkpt>
      <trkpt lat="43.87823707741301" lon="3.348810856696219">
        <ele>728.0</ele>
      </trkpt>
      <trkpt lat="43.878339546198966" lon="3.348934238310902">
        <ele>728.0</ele>
      </trkpt>
      <trkpt lat="43.878414947645936" lon="3.3490415266714977">
        <ele>728.0</ele>
      </trkpt>
      <trkpt lat="43.87845748175342" lon="3.3491407684050496">
        <ele>728.0</ele>
      </trkpt>
      <trkpt lat="43.878490348997474" lon="3.349221234675496">
        <ele>728.0</ele>
      </trkpt>
      <trkpt lat="43.878545314643695" lon="3.3493343028425486">
        <ele>728.0</ele>
      </trkpt>
      <trkpt lat="43.878546416607286" lon="3.3493365696631368">
        <ele>728.0</ele>
      </trkpt>
      <trkpt lat="43.8786237511549" lon="3.349427764769644">
        <ele>728.0</ele>
      </trkpt>
      <trkpt lat="43.8787223525576" lon="3.349494819995015">
        <ele>729.0</ele>
      </trkpt>
      <trkpt lat="43.87881708708488" lon="3.3495404175482695">
        <ele>729.0</ele>
      </trkpt>
      <trkpt lat="43.878900221341866" lon="3.3496342948637894">
        <ele>729.0</ele>
      </trkpt>
      <trkpt lat="43.878996888936726" lon="3.3497442654333995">
        <ele>729.0</ele>
      </trkpt>
      <trkpt lat="43.87911288984356" lon="3.349873011466115">
        <ele>730.0</ele>
      </trkpt>
      <trkpt lat="43.87920375706277" lon="3.349945431109517">
        <ele>730.0</ele>
      </trkpt>
      <trkpt lat="43.87928689078027" lon="3.3499963930808">
        <ele>730.0</ele>
      </trkpt>
      <trkpt lat="43.87937389105806" lon="3.3500366262160246">
        <ele>730.0</ele>
      </trkpt>
      <trkpt lat="43.879431891172736" lon="3.3500849059782913">
        <ele>731.0</ele>
      </trkpt>
      <trkpt lat="43.879499557901795" lon="3.3501680544577543">
        <ele>731.0</ele>
      </trkpt>
      <trkpt lat="43.879584624537834" lon="3.3502807072363803">
        <ele>731.0</ele>
      </trkpt>
      <trkpt lat="43.87965035776439" lon="3.350382631178946">
        <ele>731.0</ele>
      </trkpt>
      <trkpt lat="43.87968515767855" lon="3.3504572510719304">
        <ele>731.0</ele>
      </trkpt>
      <trkpt lat="43.87969289098991" lon="3.350513577461243">
        <ele>731.0</ele>
      </trkpt>
      <trkpt lat="43.87967935769418" lon="3.350572586059569">
        <ele>731.0</ele>
      </trkpt>
      <trkpt lat="43.87964262444701" lon="3.3506289124488844">
        <ele>731.0</ele>
      </trkpt>
      <trkpt lat="43.87953822456932" lon="3.3507630228996286">
        <ele>731.0</ele>
      </trkpt>
      <trkpt lat="43.8793448909793" lon="3.350915908813476">
        <ele>731.0</ele>
      </trkpt>
      <trkpt lat="43.87921632370497" lon="3.3510245385231046">
        <ele>730.0</ele>
      </trkpt>
      <trkpt lat="43.879087756332595" lon="3.3511331677436824">
        <ele>730.0</ele>
      </trkpt>
      <trkpt lat="43.87892825480873" lon="3.351256549702923">
        <ele>730.0</ele>
      </trkpt>
      <trkpt lat="43.87876875316089" lon="3.3513799309730525">
        <ele>730.0</ele>
      </trkpt>
      <trkpt lat="43.878615050893515" lon="3.35150867735223">
        <ele>730.0</ele>
      </trkpt>
      <trkpt lat="43.878461348488656" lon="3.3516374230384844">
        <ele>730.0</ele>
      </trkpt>
      <trkpt lat="43.87828927851443" lon="3.351782262325286">
        <ele>730.0</ele>
      </trkpt>
      <trkpt lat="43.8782881287711" lon="3.3517830909307116">
        <ele>730.0</ele>
      </trkpt>
      <trkpt lat="43.878140408585125" lon="3.3518895506858795">
        <ele>730.0</ele>
      </trkpt>
      <trkpt lat="43.8779567373807" lon="3.3520236611366268">
        <ele>730.0</ele>
      </trkpt>
      <trkpt lat="43.87783880083508" lon="3.3521282672882102">
        <ele>730.0</ele>
      </trkpt>
      <trkpt lat="43.8777517983158" lon="3.352211415767668">
        <ele>730.0</ele>
      </trkpt>
      <trkpt lat="43.87768606299481" lon="3.352316021919251">
        <ele>730.0</ele>
      </trkpt>
      <trkpt lat="43.877608727272445" lon="3.352459520295842">
        <ele>730.0</ele>
      </trkpt>
      <trkpt lat="43.87753139136507" lon="3.352603018283846">
        <ele>730.0</ele>
      </trkpt>
      <trkpt lat="43.87740765377225" lon="3.352820277214052">
        <ele>730.0</ele>
      </trkpt>
      <trkpt lat="43.87728391592241" lon="3.3530536293983495">
        <ele>731.0</ele>
      </trkpt>
      <trkpt lat="43.87718917895752" lon="3.3533164858818045">
        <ele>731.0</ele>
      </trkpt>
      <trkpt lat="43.8771050757839" lon="3.3535444739837743">
        <ele>731.0</ele>
      </trkpt>
      <trkpt lat="43.87702097213841" lon="3.3537724614143394">
        <ele>731.0</ele>
      </trkpt>
      <trkpt lat="43.876945569130314" lon="3.354007155012969">
        <ele>731.0</ele>
      </trkpt>
      <trkpt lat="43.87687016562111" lon="3.3542418479919434">
        <ele>731.0</ele>
      </trkpt>
      <trkpt lat="43.87681119640906" lon="3.354414850652015">
        <ele>731.0</ele>
      </trkpt>
      <trkpt lat="43.87675222692494" lon="3.3545878529548654">
        <ele>731.0</ele>
      </trkpt>
      <trkpt lat="43.87669035744913" lon="3.3547568323058408">
        <ele>731.0</ele>
      </trkpt>
      <trkpt lat="43.876628487714044" lon="3.354925811290743">
        <ele>731.0</ele>
      </trkpt>
      <trkpt lat="43.876556950982526" lon="3.355113566156936">
        <ele>731.0</ele>
      </trkpt>
      <trkpt lat="43.8764854139312" lon="3.355301320552825">
        <ele>731.0</ele>
      </trkpt>
      <trkpt lat="43.876387775731295" lon="3.355544060883614">
        <ele>731.0</ele>
      </trkpt>
      <trkpt lat="43.876290136997426" lon="3.355786800384521">
        <ele>731.0</ele>
      </trkpt>
      <trkpt lat="43.87619829873128" lon="3.35599064859741">
        <ele>731.0</ele>
      </trkpt>
      <trkpt lat="43.87610646008961" lon="3.3561944961547825">
        <ele>731.0</ele>
      </trkpt>
      <trkpt lat="43.876040723006675" lon="3.3563353122901294">
        <ele>732.0</ele>
      </trkpt>
      <trkpt lat="43.87597498574472" lon="3.3564761281013475">
        <ele>732.0</ele>
      </trkpt>
      <trkpt lat="43.87589764775928" lon="3.356637060642243">
        <ele>732.0</ele>
      </trkpt>
      <trkpt lat="43.875777773683545" lon="3.3568221330642705">
        <ele>732.0</ele>
      </trkpt>
      <trkpt lat="43.875683034317206" lon="3.356946855990332">
        <ele>732.0</ele>
      </trkpt>
      <trkpt lat="43.87558829481384" lon="3.3570715785026546">
        <ele>732.0</ele>
      </trkpt>
      <trkpt lat="43.875445218533436" lon="3.3572325110435495">
        <ele>732.0</ele>
      </trkpt>
      <trkpt lat="43.87533114391373" lon="3.357357234011829">
        <ele>732.0</ele>
      </trkpt>
      <trkpt lat="43.875217069159454" lon="3.3574819564819345">
        <ele>732.0</ele>
      </trkpt>
      <trkpt lat="43.87507979242025" lon="3.3576133847236624">
        <ele>732.0</ele>
      </trkpt>
      <trkpt lat="43.87491931357774" lon="3.357825279235839">
        <ele>732.0</ele>
      </trkpt>
      <trkpt lat="43.87480523795756" lon="3.3579553666328628">
        <ele>732.0</ele>
      </trkpt>
      <trkpt lat="43.87469131693324" lon="3.3580852770488274">
        <ele>731.0</ele>
      </trkpt>
      <trkpt lat="43.87469116219027" lon="3.3580854535102844">
        <ele>731.0</ele>
      </trkpt>
      <trkpt lat="43.87458385335745" lon="3.358200788714599">
        <ele>731.0</ele>
      </trkpt>
      <trkpt lat="43.874476544409795" lon="3.3583161234855665">
        <ele>730.0</ele>
      </trkpt>
      <trkpt lat="43.874335398961676" lon="3.3585065603256234">
        <ele>730.0</ele>
      </trkpt>
      <trkpt lat="43.87425419184005" lon="3.3586701750755306">
        <ele>729.0</ele>
      </trkpt>
      <trkpt lat="43.87418071863467" lon="3.3588311076164246">
        <ele>728.0</ele>
      </trkpt>
      <trkpt lat="43.87410531182961" lon="3.3590832352638236">
        <ele>728.0</ele>
      </trkpt>
      <trkpt lat="43.87405890759451" lon="3.3593058586120614">
        <ele>727.0</ele>
      </trkpt>
      <trkpt lat="43.87401056981122" lon="3.359413146972655">
        <ele>726.0</ele>
      </trkpt>
      <trkpt lat="43.873948697391256" lon="3.359515070915225">
        <ele>725.0</ele>
      </trkpt>
      <trkpt lat="43.87380948421162" lon="3.3596625924110426">
        <ele>725.0</ele>
      </trkpt>
      <trkpt lat="43.87367607127596" lon="3.359777927398682">
        <ele>724.0</ele>
      </trkpt>
      <trkpt lat="43.87355715943549" lon="3.35989594484102">
        <ele>723.0</ele>
      </trkpt>
      <trkpt lat="43.87343824747606" lon="3.360013961791993">
        <ele>722.0</ele>
      </trkpt>
      <trkpt lat="43.87326809653268" lon="3.3601534366607693">
        <ele>721.0</ele>
      </trkpt>
      <trkpt lat="43.87316175194638" lon="3.3602714538574223">
        <ele>720.0</ele>
      </trkpt>
      <trkpt lat="43.87301480275117" lon="3.3604806661605835">
        <ele>719.0</ele>
      </trkpt>
      <trkpt lat="43.87293552744904" lon="3.3606469633502996">
        <ele>717.0</ele>
      </trkpt>
      <trkpt lat="43.87285625189739" lon="3.3608132600784315">
        <ele>716.0</ele>
      </trkpt>
      <trkpt lat="43.8727682754121" lon="3.3609956505723533">
        <ele>715.0</ele>
      </trkpt>
      <trkpt lat="43.872680298626776" lon="3.361178040504456">
        <ele>714.0</ele>
      </trkpt>
      <trkpt lat="43.872614557757544" lon="3.361313492215599">
        <ele>713.0</ele>
      </trkpt>
      <trkpt lat="43.87254881672284" lon="3.3614489436149615">
        <ele>712.0</ele>
      </trkpt>
      <trkpt lat="43.87242893609882" lon="3.3617104595427496">
        <ele>711.0</ele>
      </trkpt>
      <trkpt lat="43.87230905485699" lon="3.361971974372866">
        <ele>711.0</ele>
      </trkpt>
      <trkpt lat="43.87221431007329" lon="3.3621637526355177">
        <ele>711.0</ele>
      </trkpt>
      <trkpt lat="43.87211956495812" lon="3.362355530261993">
        <ele>710.0</ele>
      </trkpt>
      <trkpt lat="43.872001616859684" lon="3.362613022327424">
        <ele>710.0</ele>
      </trkpt>
      <trkpt lat="43.87190880507712" lon="3.362771272659299">
        <ele>710.0</ele>
      </trkpt>
      <trkpt lat="43.871823727482806" lon="3.3628785610198966">
        <ele>710.0</ele>
      </trkpt>
      <trkpt lat="43.8716980444508" lon="3.3629858493804905">
        <ele>710.0</ele>
      </trkpt>
      <trkpt lat="43.87157816186033" lon="3.3630985023955384">
        <ele>710.0</ele>
      </trkpt>
      <trkpt lat="43.871458279162354" lon="3.3632111549377446">
        <ele>710.0</ele>
      </trkpt>
      <trkpt lat="43.87129585696725" lon="3.3633613586425786">
        <ele>710.0</ele>
      </trkpt>
      <trkpt lat="43.87117597356254" lon="3.3634686472283373">
        <ele>710.0</ele>
      </trkpt>
      <trkpt lat="43.871056090061145" lon="3.3635759353637695">
        <ele>710.0</ele>
      </trkpt>
      <trkpt lat="43.87089366677" lon="3.3637100458145146">
        <ele>710.0</ele>
      </trkpt>
      <trkpt lat="43.87078925156339" lon="3.3637851476669303">
        <ele>710.0</ele>
      </trkpt>
      <trkpt lat="43.87071964132365" lon="3.363852202892304">
        <ele>710.0</ele>
      </trkpt>
      <trkpt lat="43.87063456203174" lon="3.3639970421791103">
        <ele>710.0</ele>
      </trkpt>
      <trkpt lat="43.87055818402709" lon="3.3641780915296886">
        <ele>710.0</ele>
      </trkpt>
      <trkpt lat="43.870481805725646" lon="3.3643591403961195">
        <ele>710.0</ele>
      </trkpt>
      <trkpt lat="43.870481767164044" lon="3.3643592236035444">
        <ele>710.0</ele>
      </trkpt>
      <trkpt lat="43.87042089650334" lon="3.364490568777986">
        <ele>710.0</ele>
      </trkpt>
      <trkpt lat="43.87035998712504" lon="3.364621996879579">
        <ele>710.0</ele>
      </trkpt>
      <trkpt lat="43.87030391187081" lon="3.3647587896736173">
        <ele>710.0</ele>
      </trkpt>
      <trkpt lat="43.8702478364471" lon="3.3648955821990936">
        <ele>711.0</ele>
      </trkpt>
      <trkpt lat="43.87018982739303" lon="3.36500555276871">
        <ele>711.0</ele>
      </trkpt>
      <trkpt lat="43.8700873445928" lon="3.3650484681129464">
        <ele>711.0</ele>
      </trkpt>
      <trkpt lat="43.86995198968082" lon="3.3650323748588575">
        <ele>711.0</ele>
      </trkpt>
      <trkpt lat="43.86983016999723" lon="3.365013599395754">
        <ele>711.0</ele>
      </trkpt>
      <trkpt lat="43.869683212587304" lon="3.3650672435760502">
        <ele>711.0</ele>
      </trkpt>
      <trkpt lat="43.86952852018552" lon="3.365153074264527">
        <ele>711.0</ele>
      </trkpt>
      <trkpt lat="43.86944924017383" lon="3.3651745319366464">
        <ele>711.0</ele>
      </trkpt>
      <trkpt lat="43.86938156203175" lon="3.3651986718177804">
        <ele>711.0</ele>
      </trkpt>
      <trkpt lat="43.86933128679117" lon="3.365206718444824">
        <ele>711.0</ele>
      </trkpt>
      <trkpt lat="43.86928681250402" lon="3.365148872180725">
        <ele>711.0</ele>
      </trkpt>
      <trkpt lat="43.86925007285058" lon="3.3651113212545174">
        <ele>711.0</ele>
      </trkpt>
      <trkpt lat="43.86923847085006" lon="3.365044266029146">
        <ele>711.0</ele>
      </trkpt>
      <trkpt lat="43.869232669848934" lon="3.3649101555784005">
        <ele>711.0</ele>
      </trkpt>
      <trkpt lat="43.86923847085006" lon="3.364808231635834">
        <ele>711.0</ele>
      </trkpt>
      <trkpt lat="43.86923847085006" lon="3.364749223037507">
        <ele>711.0</ele>
      </trkpt>
      <trkpt lat="43.8692307361818" lon="3.3646982610662244">
        <ele>711.0</ele>
      </trkpt>
      <trkpt lat="43.86920366483492" lon="3.364668756767061">
        <ele>711.0</ele>
      </trkpt>
      <trkpt lat="43.86913211907332" lon="3.364636570258881">
        <ele>711.0</ele>
      </trkpt>
      <trkpt lat="43.86903350180168" lon="3.364609748168732">
        <ele>711.0</ele>
      </trkpt>
      <trkpt lat="43.86898322626705" lon="3.364588290496612">
        <ele>711.0</ele>
      </trkpt>
      <trkpt lat="43.86895808848386" lon="3.3645292818982853">
        <ele>711.0</ele>
      </trkpt>
      <trkpt lat="43.86892521598212" lon="3.36443272237375">
        <ele>711.0</ele>
      </trkpt>
      <trkpt lat="43.86890781288566" lon="3.364362984939361">
        <ele>710.0</ele>
      </trkpt>
      <trkpt lat="43.86882853204841" lon="3.364330798431183">
        <ele>710.0</ele>
      </trkpt>
      <trkpt lat="43.868714444804944" lon="3.3643189072608957">
        <ele>710.0</ele>
      </trkpt>
      <trkpt lat="43.868611959467856" lon="3.3643403649330126">
        <ele>710.0</ele>
      </trkpt>
      <trkpt lat="43.868503672882426" lon="3.3643725514411926">
        <ele>710.0</ele>
      </trkpt>
      <trkpt lat="43.86839928425957" lon="3.364383277115634">
        <ele>710.0</ele>
      </trkpt>
      <trkpt lat="43.86839925348876" lon="3.364383280277253">
        <ele>710.0</ele>
      </trkpt>
      <trkpt lat="43.86830643609639" lon="3.364377915859221">
        <ele>710.0</ele>
      </trkpt>
      <trkpt lat="43.86822135335984" lon="3.3643859624862666">
        <ele>710.0</ele>
      </trkpt>
      <trkpt lat="43.86815947492947" lon="3.36441546678543">
        <ele>710.0</ele>
      </trkpt>
      <trkpt lat="43.86801251340025" lon="3.364485204219819">
        <ele>710.0</ele>
      </trkpt>
      <trkpt lat="43.867913894276185" lon="3.3645227551460275">
        <ele>710.0</ele>
      </trkpt>
      <trkpt lat="43.867799805282026" lon="3.3645924925804125">
        <ele>710.0</ele>
      </trkpt>
      <trkpt lat="43.86770505323954" lon="3.3646729588508597">
        <ele>711.0</ele>
      </trkpt>
      <trkpt lat="43.867560024311345" lon="3.3648714423179635">
        <ele>711.0</ele>
      </trkpt>
      <trkpt lat="43.86745173582765" lon="3.365029692949817">
        <ele>711.0</ele>
      </trkpt>
      <trkpt lat="43.867343447121684" lon="3.3651879429817204">
        <ele>711.0</ele>
      </trkpt>
      <trkpt lat="43.86725256189495" lon="3.365368992378261">
        <ele>712.0</ele>
      </trkpt>
      <trkpt lat="43.86716167637294" lon="3.36555004119873">
        <ele>712.0</ele>
      </trkpt>
      <trkpt lat="43.86716138238789" lon="3.3655506783502105">
        <ele>712.0</ele>
      </trkpt>
      <trkpt lat="43.86709979689176" lon="3.3656841517947407">
        <ele>712.0</ele>
      </trkpt>
      <trkpt lat="43.86703791724814" lon="3.3658182621002175">
        <ele>713.0</ele>
      </trkpt>
      <trkpt lat="43.86696250147084" lon="3.365976512641009">
        <ele>713.0</ele>
      </trkpt>
      <trkpt lat="43.866887085467546" lon="3.366134762763977">
        <ele>713.0</ele>
      </trkpt>
      <trkpt lat="43.86679233197401" lon="3.36626887321472">
        <ele>713.0</ele>
      </trkpt>
      <trkpt lat="43.866629897063476" lon="3.3664834499359118">
        <ele>713.0</ele>
      </trkpt>
      <trkpt lat="43.86652547440918" lon="3.3666430416640116">
        <ele>712.0</ele>
      </trkpt>
      <trkpt lat="43.86642105152818" lon="3.3668026328086835">
        <ele>712.0</ele>
      </trkpt>
      <trkpt lat="43.86635723746883" lon="3.366904556751251">
        <ele>712.0</ele>
      </trkpt>
      <trkpt lat="43.866253962486944" lon="3.367055682465434">
        <ele>712.0</ele>
      </trkpt>
      <trkpt lat="43.86617467811988" lon="3.367195157334208">
        <ele>712.0</ele>
      </trkpt>
      <trkpt lat="43.86611086379654" lon="3.3673265855759396">
        <ele>711.0</ele>
      </trkpt>
      <trkpt lat="43.86607025464624" lon="3.3673802297562396">
        <ele>711.0</ele>
      </trkpt>
      <trkpt lat="43.86599870512346" lon="3.3674285095185055">
        <ele>711.0</ele>
      </trkpt>
      <trkpt lat="43.865876877360094" lon="3.3675357978790994">
        <ele>712.0</ele>
      </trkpt>
      <trkpt lat="43.865764718246716" lon="3.3676135819405326">
        <ele>712.0</ele>
      </trkpt>
      <trkpt lat="43.86566996296923" lon="3.3677047770470394">
        <ele>712.0</ele>
      </trkpt>
      <trkpt lat="43.86561194945967" lon="3.3678067009896036">
        <ele>713.0</ele>
      </trkpt>
      <trkpt lat="43.86556360482529" lon="3.367895213887095">
        <ele>713.0</ele>
      </trkpt>
      <trkpt lat="43.86551332636393" lon="3.3680293243378387">
        <ele>714.0</ele>
      </trkpt>
      <trkpt lat="43.86546498164956" lon="3.3681768458336583">
        <ele>714.0</ele>
      </trkpt>
      <trkpt lat="43.86543404101176" lon="3.3683404605835685">
        <ele>715.0</ele>
      </trkpt>
      <trkpt lat="43.865455312701954" lon="3.3684772532433276">
        <ele>715.0</ele>
      </trkpt>
      <trkpt lat="43.86546304786018" lon="3.3686194103211156">
        <ele>715.0</ele>
      </trkpt>
      <trkpt lat="43.865459180281185" lon="3.3687535207718633">
        <ele>716.0</ele>
      </trkpt>
      <trkpt lat="43.86544951133263" lon="3.3688769023865475">
        <ele>716.0</ele>
      </trkpt>
      <trkpt lat="43.865424372059174" lon="3.3690056484192614">
        <ele>716.0</ele>
      </trkpt>
      <trkpt lat="43.865408901731705" lon="3.369115618988872">
        <ele>716.0</ele>
      </trkpt>
      <trkpt lat="43.86540890173171" lon="3.369362382218242">
        <ele>715.0</ele>
      </trkpt>
      <trkpt lat="43.865405034149255" lon="3.3694562595337643">
        <ele>715.0</ele>
      </trkpt>
      <trkpt lat="43.86539149760859" lon="3.369579641148448">
        <ele>715.0</ele>
      </trkpt>
      <trkpt lat="43.865360556932664" lon="3.3696896117180595">
        <ele>715.0</ele>
      </trkpt>
      <trkpt lat="43.865297280621526" lon="3.3697826962934756">
        <ele>714.0</ele>
      </trkpt>
      <trkpt lat="43.86529674173786" lon="3.369783489033581">
        <ele>714.0</ele>
      </trkpt>
      <trkpt lat="43.86524066166172" lon="3.3698800485581164">
        <ele>713.0</ele>
      </trkpt>
      <trkpt lat="43.86517878013724" lon="3.369981972500681">
        <ele>713.0</ele>
      </trkpt>
      <trkpt lat="43.86510916334547" lon="3.3701563160866503">
        <ele>712.0</ele>
      </trkpt>
      <trkpt lat="43.86507048731484" lon="3.370325295254586">
        <ele>712.0</ele>
      </trkpt>
      <trkpt lat="43.86504148027543" lon="3.370510367676616">
        <ele>712.0</ele>
      </trkpt>
      <trkpt lat="43.86498346615425" lon="3.3707276266068216">
        <ele>712.0</ele>
      </trkpt>
      <trkpt lat="43.86495252526647" lon="3.3708510082215084">
        <ele>712.0</ele>
      </trkpt>
      <trkpt lat="43.86488290821048" lon="3.371076313778759">
        <ele>712.0</ele>
      </trkpt>
      <trkpt lat="43.864852934270736" lon="3.3712265175624">
        <ele>712.0</ele>
      </trkpt>
      <trkpt lat="43.86482296012484" lon="3.371376721188426">
        <ele>713.0</ele>
      </trkpt>
      <trkpt lat="43.86477848247391" lon="3.371644942089915">
        <ele>713.0</ele>
      </trkpt>
      <trkpt lat="43.86472820335035" lon="3.371923891827464">
        <ele>713.0</ele>
      </trkpt>
      <trkpt lat="43.864699196144414" lon="3.3720472734421505">
        <ele>714.0</ele>
      </trkpt>
      <trkpt lat="43.86465665221681" lon="3.372253803536296">
        <ele>714.0</ele>
      </trkpt>
      <trkpt lat="43.864621843526145" lon="3.3724630158394584">
        <ele>714.0</ele>
      </trkpt>
      <trkpt lat="43.86459863772111" lon="3.3726963680237545">
        <ele>714.0</ele>
      </trkpt>
      <trkpt lat="43.864575431907" lon="3.3728760760277487">
        <ele>714.0</ele>
      </trkpt>
      <trkpt lat="43.86456189517799" lon="3.372961906716228">
        <ele>713.0</ele>
      </trkpt>
      <trkpt lat="43.864569630452074" lon="3.373109428212048">
        <ele>713.0</ele>
      </trkpt>
      <trkpt lat="43.864569630452074" lon="3.3732408564537764">
        <ele>712.0</ele>
      </trkpt>
      <trkpt lat="43.86455222608392" lon="3.373305229470134">
        <ele>712.0</ele>
      </trkpt>
      <trkpt lat="43.86449614530743" lon="3.3733830135315643">
        <ele>711.0</ele>
      </trkpt>
      <trkpt lat="43.86440138801347" lon="3.373460797592996">
        <ele>711.0</ele>
      </trkpt>
      <trkpt lat="43.86429889526063" lon="3.373565403744579">
        <ele>710.0</ele>
      </trkpt>
      <trkpt lat="43.86417706402338" lon="3.3737290184944855">
        <ele>710.0</ele>
      </trkpt>
      <trkpt lat="43.864051364866754" lon="3.3739140909165153">
        <ele>710.0</ele>
      </trkpt>
      <trkpt lat="43.863985614433126" lon="3.374056247994301">
        <ele>710.0</ele>
      </trkpt>
      <trkpt lat="43.86392759928438" lon="3.3741984050720926">
        <ele>710.0</ele>
      </trkpt>
      <trkpt lat="43.863873451761386" lon="3.3744022529572235">
        <ele>709.0</ele>
      </trkpt>
      <trkpt lat="43.86389239756028" lon="3.374614608403654">
        <ele>709.0</ele>
      </trkpt>
      <trkpt lat="43.86391134294618" lon="3.3748269639909267">
        <ele>709.0</ele>
      </trkpt>
      <trkpt lat="43.86398482881172" lon="3.3750790916383275">
        <ele>709.0</ele>
      </trkpt>
      <trkpt lat="43.86395388740569" lon="3.375309761613609">
        <ele>709.0</ele>
      </trkpt>
      <trkpt lat="43.86392874766682" lon="3.3755028807476615">
        <ele>709.0</ele>
      </trkpt>
      <trkpt lat="43.8639036075866" lon="3.3756959997117506">
        <ele>708.0</ele>
      </trkpt>
      <trkpt lat="43.86384946017316" lon="3.3758810723091885">
        <ele>708.0</ele>
      </trkpt>
      <trkpt lat="43.863795312447664" lon="3.376066144555808">
        <ele>707.0</ele>
      </trkpt>
      <trkpt lat="43.86374503265827" lon="3.376267310408969">
        <ele>707.0</ele>
      </trkpt>
      <trkpt lat="43.86369475249965" lon="3.376468475908041">
        <ele>706.0</ele>
      </trkpt>
      <trkpt lat="43.86363286951275" lon="3.3766642773782176">
        <ele>706.0</ele>
      </trkpt>
      <trkpt lat="43.86357098617692" lon="3.3768600784242144">
        <ele>705.0</ele>
      </trkpt>
      <trkpt lat="43.863491698447824" lon="3.37709879535784">
        <ele>705.0</ele>
      </trkpt>
      <trkpt lat="43.863412410200425" lon="3.377337511628869">
        <ele>705.0</ele>
      </trkpt>
      <trkpt lat="43.8633485929918" lon="3.3774903977134962">
        <ele>705.0</ele>
      </trkpt>
      <trkpt lat="43.86328477557148" lon="3.3776432834565635">
        <ele>705.0</ele>
      </trkpt>
      <trkpt lat="43.86323836291137" lon="3.3778149448335175">
        <ele>705.0</ele>
      </trkpt>
      <trkpt lat="43.86311072790981" lon="3.3779973350465284">
        <ele>706.0</ele>
      </trkpt>
      <trkpt lat="43.862936679740024" lon="3.3780938945710663">
        <ele>706.0</ele>
      </trkpt>
      <trkpt lat="43.862755527969306" lon="3.3782038166754558">
        <ele>707.0</ele>
      </trkpt>
      <trkpt lat="43.86275102779885" lon="3.378206547349692">
        <ele>707.0</ele>
      </trkpt>
      <trkpt lat="43.86263499504202" lon="3.3782655559480186">
        <ele>708.0</ele>
      </trkpt>
      <trkpt lat="43.86253443313676" lon="3.3783889375627045">
        <ele>708.0</ele>
      </trkpt>
      <trkpt lat="43.86244160661208" lon="3.3784854970872424">
        <ele>709.0</ele>
      </trkpt>
      <trkpt lat="43.86238745773928" lon="3.3785766921937466">
        <ele>709.0</ele>
      </trkpt>
      <trkpt lat="43.86226562247509" lon="3.3786196076295036">
        <ele>709.0</ele>
      </trkpt>
      <trkpt lat="43.8621437872031" lon="3.3786625228822236">
        <ele>709.0</ele>
      </trkpt>
      <trkpt lat="43.86196586840476" lon="3.378721531480548">
        <ele>710.0</ele>
      </trkpt>
      <trkpt lat="43.86184983401119" lon="3.378764446911947">
        <ele>710.0</ele>
      </trkpt>
      <trkpt lat="43.861733799609006" lon="3.378807362169026">
        <ele>710.0</ele>
      </trkpt>
      <trkpt lat="43.86162048443898" lon="3.378897635266183">
        <ele>710.0</ele>
      </trkpt>
      <trkpt lat="43.86151856099456" lon="3.379000020396076">
        <ele>710.0</ele>
      </trkpt>
      <trkpt lat="43.86141663746044" lon="3.3791024051606655">
        <ele>710.0</ele>
      </trkpt>
      <trkpt lat="43.861273527158076" lon="3.379252608865498">
        <ele>710.0</ele>
      </trkpt>
      <trkpt lat="43.86113428437202" lon="3.3794564567506336">
        <ele>711.0</ele>
      </trkpt>
      <trkpt lat="43.86099890912935" lon="3.379644211381671">
        <ele>712.0</ele>
      </trkpt>
      <trkpt lat="43.860859665701966" lon="3.3797997795045385">
        <ele>712.0</ele>
      </trkpt>
      <trkpt lat="43.86079082952981" lon="3.3798417728394266">
        <ele>714.0</ele>
      </trkpt>
      <trkpt lat="43.86061484064054" lon="3.3799329679459325">
        <ele>715.0</ele>
      </trkpt>
      <trkpt lat="43.86051814322754" lon="3.380008069798351">
        <ele>716.0</ele>
      </trkpt>
      <trkpt lat="43.860419511704684" lon="3.380101947113872">
        <ele>718.0</ele>
      </trkpt>
      <trkpt lat="43.8603170121061" lon="3.3802897017449145">
        <ele>719.0</ele>
      </trkpt>
      <trkpt lat="43.86024467000739" lon="3.3804649673402283">
        <ele>721.0</ele>
      </trkpt>
      <trkpt lat="43.860144104070216" lon="3.3806044422090036">
        <ele>723.0</ele>
      </trkpt>
      <trkpt lat="43.86014797199398" lon="3.380743917077782">
        <ele>725.0</ele>
      </trkpt>
      <trkpt lat="43.86020599082087" lon="3.380899485200644">
        <ele>726.0</ele>
      </trkpt>
      <trkpt lat="43.860260141675006" lon="3.381044324487451">
        <ele>728.0</ele>
      </trkpt>
      <trkpt lat="43.860233066254075" lon="3.3811730705201604">
        <ele>730.0</ele>
      </trkpt>
      <trkpt lat="43.86013250029734" lon="3.3812964521348485">
        <ele>731.0</ele>
      </trkpt>
      <trkpt lat="43.85996617930431" lon="3.381269630044699">
        <ele>732.0</ele>
      </trkpt>
      <trkpt lat="43.8598153294515" lon="3.3812052568583795">
        <ele>734.0</ele>
      </trkpt>
      <trkpt lat="43.859664479574676" lon="3.3811408840119834">
        <ele>735.0</ele>
      </trkpt>
      <trkpt lat="43.85955037468713" lon="3.381097968582039">
        <ele>737.0</ele>
      </trkpt>
      <trkpt lat="43.8594362697907" lon="3.3810550533235073">
        <ele>738.0</ele>
      </trkpt>
      <trkpt lat="43.859289286755526" lon="3.3810014091432072">
        <ele>739.0</ele>
      </trkpt>
      <trkpt lat="43.859196455178186" lon="3.380996044725178">
        <ele>741.0</ele>
      </trkpt>
      <trkpt lat="43.85904947155188" lon="3.381006773561237">
        <ele>742.0</ele>
      </trkpt>
      <trkpt lat="43.85891022357156" lon="3.380904849618672">
        <ele>743.0</ele>
      </trkpt>
      <trkpt lat="43.85878644731611" lon="3.3806580863893045">
        <ele>744.0</ele>
      </trkpt>
      <trkpt lat="43.85877097526612" lon="3.3804113231599344">
        <ele>745.0</ele>
      </trkpt>
      <trkpt lat="43.85876323923958" lon="3.380121644586325">
        <ele>746.0</ele>
      </trkpt>
      <trkpt lat="43.85876323923957" lon="3.3799928985536103">
        <ele>748.0</ele>
      </trkpt>
      <trkpt lat="43.85871295504285" lon="3.3798373304307465">
        <ele>749.0</ele>
      </trkpt>
      <trkpt lat="43.85860465047502" lon="3.379687126725913">
        <ele>750.0</ele>
      </trkpt>
      <trkpt lat="43.858525355965675" lon="3.3795503338763093">
        <ele>751.0</ele>
      </trkpt>
      <trkpt lat="43.8584460612887" lon="3.3794135414063944">
        <ele>752.0</ele>
      </trkpt>
      <trkpt lat="43.85831841602738" lon="3.3791721425950527">
        <ele>753.0</ele>
      </trkpt>
      <trkpt lat="43.858233319034724" lon="3.3790648542344583">
        <ele>755.0</ele>
      </trkpt>
      <trkpt lat="43.85825634611625" lon="3.3789043408534147">
        <ele>756.0</ele>
      </trkpt>
      <trkpt lat="43.85827937296202" lon="3.3787438273429893">
        <ele>757.0</ele>
      </trkpt>
      <trkpt lat="43.858165265528505" lon="3.378478288650513">
        <ele>758.0</ele>
      </trkpt>
      <trkpt lat="43.85805502593616" lon="3.3784273266792284">
        <ele>759.0</ele>
      </trkpt>
      <trkpt lat="43.85796412646991" lon="3.3785212039947514">
        <ele>760.0</ele>
      </trkpt>
      <trkpt lat="43.857918676768385" lon="3.3786700667134926">
        <ele>761.0</ele>
      </trkpt>
      <trkpt lat="43.85787322686504" lon="3.378818929195405">
        <ele>762.0</ele>
      </trkpt>
      <trkpt lat="43.85784711748149" lon="3.378973156284236">
        <ele>762.0</ele>
      </trkpt>
      <trkpt lat="43.85782100788038" lon="3.3791273832321136">
        <ele>763.0</ele>
      </trkpt>
      <trkpt lat="43.85784518345551" lon="3.379288315704915">
        <ele>763.0</ele>
      </trkpt>
      <trkpt lat="43.85786935879365" lon="3.3794492483139034">
        <ele>764.0</ele>
      </trkpt>
      <trkpt lat="43.85789450125307" lon="3.3795350790023795">
        <ele>764.0</ele>
      </trkpt>
      <trkpt lat="43.857892579048745" lon="3.37973234844298">
        <ele>765.0</ele>
      </trkpt>
      <trkpt lat="43.857892567218094" lon="3.3797335624694824">
        <ele>766.0</ele>
      </trkpt>
      <trkpt lat="43.85787580617339" lon="3.3799892665455946">
        <ele>767.0</ele>
      </trkpt>
      <trkpt lat="43.85785904452972" lon="3.3802449704716833">
        <ele>768.0</ele>
      </trkpt>
      <trkpt lat="43.857842282287024" lon="3.38050067424774">
        <ele>769.0</ele>
      </trkpt>
      <trkpt lat="43.85768369107298" lon="3.380656242370605">
        <ele>770.0</ele>
      </trkpt>
      <trkpt lat="43.85757731868085" lon="3.3807903528213505">
        <ele>772.0</ele>
      </trkpt>
      <trkpt lat="43.85741679271166" lon="3.3808386325836195">
        <ele>773.0</ele>
      </trkpt>
      <trkpt lat="43.85729204621843" lon="3.3809123934925696">
        <ele>775.0</ele>
      </trkpt>
      <trkpt lat="43.857167299684896" lon="3.3809861540794346">
        <ele>776.0</ele>
      </trkpt>
      <trkpt lat="43.85701644292969" lon="3.381114900112153">
        <ele>777.0</ele>
      </trkpt>
      <trkpt lat="43.85692167371807" lon="3.381218165330503">
        <ele>778.0</ele>
      </trkpt>
      <trkpt lat="43.856826904414234" lon="3.3813214302062984">
        <ele>779.0</ele>
      </trkpt>
      <trkpt lat="43.85674490000271" lon="3.3814394475723324">
        <ele>780.0</ele>
      </trkpt>
      <trkpt lat="43.856662895467686" lon="3.3815574645996076">
        <ele>780.0</ele>
      </trkpt>
      <trkpt lat="43.85658321115201" lon="3.3817693591117894">
        <ele>780.0</ele>
      </trkpt>
      <trkpt lat="43.85641365649125" lon="3.3819186696330963">
        <ele>780.0</ele>
      </trkpt>
      <trkpt lat="43.85624410164386" lon="3.382067979268256">
        <ele>780.0</ele>
      </trkpt>
      <trkpt lat="43.85607454660984" lon="3.382217288017272">
        <ele>779.0</ele>
      </trkpt>
      <trkpt lat="43.8559488302879" lon="3.3823272588288438">
        <ele>779.0</ele>
      </trkpt>
      <trkpt lat="43.85582311386486" lon="3.382437229156495">
        <ele>779.0</ele>
      </trkpt>
      <trkpt lat="43.85566451728048" lon="3.3826544880867">
        <ele>778.0</ele>
      </trkpt>
      <trkpt lat="43.85555040493811" lon="3.382867724129243">
        <ele>778.0</ele>
      </trkpt>
      <trkpt lat="43.85543629218705" lon="3.3830809593200706">
        <ele>778.0</ele>
      </trkpt>
      <trkpt lat="43.85535215819919" lon="3.38324323320441">
        <ele>778.0</ele>
      </trkpt>
      <trkpt lat="43.85526802397433" lon="3.3834055066108695">
        <ele>778.0</ele>
      </trkpt>
      <trkpt lat="43.855173252013145" lon="3.3836415410041814">
        <ele>777.0</ele>
      </trkpt>
      <trkpt lat="43.85507267752218" lon="3.383783698081971">
        <ele>777.0</ele>
      </trkpt>
      <trkpt lat="43.85501078544346" lon="3.383869528770446">
        <ele>777.0</ele>
      </trkpt>
      <trkpt lat="43.854939222647296" lon="3.383944630622866">
        <ele>776.0</ele>
      </trkpt>
      <trkpt lat="43.8547748213041" lon="3.3840841054916377">
        <ele>776.0</ele>
      </trkpt>
      <trkpt lat="43.85470325822478" lon="3.384143114089968">
        <ele>775.0</ele>
      </trkpt>
      <trkpt lat="43.85466457544348" lon="3.3842074871063224">
        <ele>775.0</ele>
      </trkpt>
      <trkpt lat="43.854618156072824" lon="3.3843362331390385">
        <ele>774.0</ele>
      </trkpt>
      <trkpt lat="43.85458720980572" lon="3.3845078945159925">
        <ele>774.0</ele>
      </trkpt>
      <trkpt lat="43.85456013180876" lon="3.3847332000732413">
        <ele>773.0</ele>
      </trkpt>
      <trkpt lat="43.85454465866209" lon="3.3848324418067928">
        <ele>773.0</ele>
      </trkpt>
      <trkpt lat="43.85451951479014" lon="3.3848807215690613">
        <ele>772.0</ele>
      </trkpt>
      <trkpt lat="43.85445762213746" lon="3.3850121498107906">
        <ele>772.0</ele>
      </trkpt>
      <trkpt lat="43.8543841245287" lon="3.385119438171389">
        <ele>771.0</ele>
      </trkpt>
      <trkpt lat="43.854271943793556" lon="3.3853152394294734">
        <ele>771.0</ele>
      </trkpt>
      <trkpt lat="43.854206182574806" lon="3.3855056762695326">
        <ele>770.0</ele>
      </trkpt>
      <trkpt lat="43.85413655300383" lon="3.385634422459134">
        <ele>769.0</ele>
      </trkpt>
      <trkpt lat="43.854066923283916" lon="3.3857631683349605">
        <ele>768.0</ele>
      </trkpt>
      <trkpt lat="43.85395861027719" lon="3.3859455585479754">
        <ele>767.0</ele>
      </trkpt>
      <trkpt lat="43.85384642874153" lon="3.3858972787857056">
        <ele>766.0</ele>
      </trkpt>
      <trkpt lat="43.853683958557106" lon="3.385824859142303">
        <ele>766.0</ele>
      </trkpt>
      <trkpt lat="43.853515685399465" lon="3.385773897171021">
        <ele>765.0</ele>
      </trkpt>
      <trkpt lat="43.85331066228988" lon="3.3857256174087524">
        <ele>764.0</ele>
      </trkpt>
      <trkpt lat="43.85318880847257" lon="3.3856987952614066">
        <ele>763.0</ele>
      </trkpt>
      <trkpt lat="43.85306695465781" lon="3.385671973228456">
        <ele>763.0</ele>
      </trkpt>
      <trkpt lat="43.85293929774329" lon="3.3856451510783843">
        <ele>762.0</ele>
      </trkpt>
      <trkpt lat="43.85281164083222" lon="3.3856183290481585">
        <ele>762.0</ele>
      </trkpt>
      <trkpt lat="43.85260468109571" lon="3.385586142539979">
        <ele>762.0</ele>
      </trkpt>
      <trkpt lat="43.852388049574124" lon="3.3855700492858873">
        <ele>762.0</ele>
      </trkpt>
      <trkpt lat="43.852197528922105" lon="3.3855646848499714">
        <ele>762.0</ele>
      </trkpt>
      <trkpt lat="43.85200700829219" lon="3.3855593204498273">
        <ele>762.0</ele>
      </trkpt>
      <trkpt lat="43.85195478417052" lon="3.3855651668272913">
        <ele>762.0</ele>
      </trkpt>
      <trkpt lat="43.85180391422857" lon="3.385559802409262">
        <ele>762.0</ele>
      </trkpt>
      <trkpt lat="43.851595016755795" lon="3.385557120200247">
        <ele>763.0</ele>
      </trkpt>
      <trkpt lat="43.8514441459037" lon="3.3855195692740376">
        <ele>763.0</ele>
      </trkpt>
      <trkpt lat="43.85130488016306" lon="3.385463242884725">
        <ele>763.0</ele>
      </trkpt>
      <trkpt lat="43.85115594283058" lon="3.3853935054503377">
        <ele>763.0</ele>
      </trkpt>
      <trkpt lat="43.851066967103804" lon="3.38533986127004">
        <ele>764.0</ele>
      </trkpt>
      <trkpt lat="43.85093543752546" lon="3.385270123835653">
        <ele>764.0</ele>
      </trkpt>
      <trkpt lat="43.85084839573324" lon="3.3852406195364892">
        <ele>764.0</ele>
      </trkpt>
      <trkpt lat="43.85077295941052" lon="3.3852191618643697">
        <ele>764.0</ele>
      </trkpt>
      <trkpt lat="43.85070526006538" lon="3.3852084330283096">
        <ele>763.0</ele>
      </trkpt>
      <trkpt lat="43.85062982356167" lon="3.3852137974463394">
        <ele>763.0</ele>
      </trkpt>
      <trkpt lat="43.85054858414324" lon="3.385243301745504">
        <ele>763.0</ele>
      </trkpt>
      <trkpt lat="43.85040738203364" lon="3.385294263716787">
        <ele>763.0</ele>
      </trkpt>
      <trkpt lat="43.850241033914" lon="3.3853881410323083">
        <ele>763.0</ele>
      </trkpt>
      <trkpt lat="43.85010756822672" lon="3.3854578784666955">
        <ele>762.0</ele>
      </trkpt>
      <trkpt lat="43.84999151086461" lon="3.385530298110097">
        <ele>762.0</ele>
      </trkpt>
      <trkpt lat="43.84986965039131" lon="3.3855678490363053">
        <ele>762.0</ele>
      </trkpt>
      <trkpt lat="43.849728446674376" lon="3.3855919889174397">
        <ele>761.0</ele>
      </trkpt>
      <trkpt lat="43.849616257181474" lon="3.385610764380545">
        <ele>761.0</ele>
      </trkpt>
      <trkpt lat="43.849535016382504" lon="3.3856456330977385">
        <ele>761.0</ele>
      </trkpt>
      <trkpt lat="43.84940154911533" lon="3.3857234171591704">
        <ele>761.0</ele>
      </trkpt>
      <trkpt lat="43.849279687436685" lon="3.38583875214681">
        <ele>760.0</ele>
      </trkpt>
      <trkpt lat="43.849198446179244" lon="3.3859111717902124">
        <ele>760.0</ele>
      </trkpt>
      <trkpt lat="43.849103664572404" lon="3.3859674981795247">
        <ele>760.0</ele>
      </trkpt>
      <trkpt lat="43.84899921119856" lon="3.385994320269673">
        <ele>760.0</ele>
      </trkpt>
      <trkpt lat="43.848879283025184" lon="3.386005049105734">
        <ele>759.0</ele>
      </trkpt>
      <trkpt lat="43.848755485815005" lon="3.3860023668909083">
        <ele>759.0</ele>
      </trkpt>
      <trkpt lat="43.84863168861419" lon="3.385999684687703">
        <ele>759.0</ele>
      </trkpt>
      <trkpt lat="43.84846146686044" lon="3.3860104135237625">
        <ele>759.0</ele>
      </trkpt>
      <trkpt lat="43.84826803245969" lon="3.3860533288680013">
        <ele>759.0</ele>
      </trkpt>
      <trkpt lat="43.84807459743165" lon="3.3860640577040613">
        <ele>759.0</ele>
      </trkpt>
      <trkpt lat="43.84788116177628" lon="3.3860721043311064">
        <ele>759.0</ele>
      </trkpt>
      <trkpt lat="43.84770513451585" lon="3.386081492091575">
        <ele>759.0</ele>
      </trkpt>
      <trkpt lat="43.84752910727371" lon="3.3860908797942106">
        <ele>759.0</ele>
      </trkpt>
      <trkpt lat="43.847397569893396" lon="3.3860828331671646">
        <ele>759.0</ele>
      </trkpt>
      <trkpt lat="43.84727376961148" lon="3.3860546699114966">
        <ele>759.0</ele>
      </trkpt>
      <trkpt lat="43.84714996933177" lon="3.3860265067778523">
        <ele>759.0</ele>
      </trkpt>
      <trkpt lat="43.84699134968185" lon="3.3859862736426294">
        <ele>759.0</ele>
      </trkpt>
      <trkpt lat="43.846823057640904" lon="3.3859487227164204">
        <ele>759.0</ele>
      </trkpt>
      <trkpt lat="43.84669538750002" lon="3.38594872271642">
        <ele>759.0</ele>
      </trkpt>
      <trkpt lat="43.84652129141298" lon="3.3859674981795247">
        <ele>760.0</ele>
      </trkpt>
      <trkpt lat="43.84636267009131" lon="3.385999684687704">
        <ele>760.0</ele>
      </trkpt>
      <trkpt lat="43.846207917175825" lon="3.3860426000319426">
        <ele>760.0</ele>
      </trkpt>
      <trkpt lat="43.846039622924586" lon="3.386141841765493">
        <ele>760.0</ele>
      </trkpt>
      <trkpt lat="43.84589454129241" lon="3.3862893632613127">
        <ele>761.0</ele>
      </trkpt>
      <trkpt lat="43.84575913145068" lon="3.3864288381300858">
        <ele>761.0</ele>
      </trkpt>
      <trkpt lat="43.84561598356948" lon="3.386536126490682">
        <ele>761.0</ele>
      </trkpt>
      <trkpt lat="43.84561284315548" lon="3.3865377230974136">
        <ele>762.0</ele>
      </trkpt>
      <trkpt lat="43.845441884332104" lon="3.386624639388174">
        <ele>762.0</ele>
      </trkpt>
      <trkpt lat="43.84532968667459" lon="3.3866648726023865">
        <ele>762.0</ele>
      </trkpt>
      <trkpt lat="43.84521748901001" lon="3.3867051056586197">
        <ele>762.0</ele>
      </trkpt>
      <trkpt lat="43.84501437182677" lon="3.386774843093008">
        <ele>762.0</ele>
      </trkpt>
      <trkpt lat="43.84488669767958" lon="3.386812394103108">
        <ele>762.0</ele>
      </trkpt>
      <trkpt lat="43.844759023529534" lon="3.3868499449454252">
        <ele>762.0</ele>
      </trkpt>
      <trkpt lat="43.84463811947537" lon="3.386879449307008">
        <ele>762.0</ele>
      </trkpt>
      <trkpt lat="43.84451721542225" lon="3.386908953543752">
        <ele>762.0</ele>
      </trkpt>
      <trkpt lat="43.84436052324536" lon="3.3869116357527678">
        <ele>761.0</ele>
      </trkpt>
      <trkpt lat="43.84417868242537" lon="3.386908953543752">
        <ele>761.0</ele>
      </trkpt>
      <trkpt lat="43.844062613527065" lon="3.386927729006857">
        <ele>761.0</ele>
      </trkpt>
      <trkpt lat="43.84391365792909" lon="3.386978691110969">
        <ele>760.0</ele>
      </trkpt>
      <trkpt lat="43.843764702320996" lon="3.387029652949423">
        <ele>760.0</ele>
      </trkpt>
      <trkpt lat="43.843608007965464" lon="3.38707927395225">
        <ele>760.0</ele>
      </trkpt>
      <trkpt lat="43.843451313602515" lon="3.387128894682974">
        <ele>760.0</ele>
      </trkpt>
      <trkpt lat="43.84329268391545" lon="3.3871892445533187">
        <ele>760.0</ele>
      </trkpt>
      <trkpt lat="43.84313405421057" lon="3.3872495940886442">
        <ele>760.0</ele>
      </trkpt>
      <trkpt lat="43.843025721258776" lon="3.3873005561565286">
        <ele>760.0</ele>
      </trkpt>
      <trkpt lat="43.84291738829042" lon="3.38735151803121">
        <ele>760.0</ele>
      </trkpt>
      <trkpt lat="43.84273360854493" lon="3.3874427131377156">
        <ele>760.0</ele>
      </trkpt>
      <trkpt lat="43.842578846214884" lon="3.3875419548712666">
        <ele>760.0</ele>
      </trkpt>
      <trkpt lat="43.84243085423622" lon="3.3876613134815057">
        <ele>761.0</ele>
      </trkpt>
      <trkpt lat="43.84228286214052" lon="3.387780671473592">
        <ele>761.0</ele>
      </trkpt>
      <trkpt lat="43.84214260760016" lon="3.387867843480503">
        <ele>761.0</ele>
      </trkpt>
      <trkpt lat="43.84200235300232" lon="3.38795501505956">
        <ele>761.0</ele>
      </trkpt>
      <trkpt lat="43.841824374106636" lon="3.3880649856291707">
        <ele>761.0</ele>
      </trkpt>
      <trkpt lat="43.84165026380359" lon="3.388140087481588">
        <ele>762.0</ele>
      </trkpt>
      <trkpt lat="43.841499367796644" lon="3.388217871543021">
        <ele>762.0</ele>
      </trkpt>
      <trkpt lat="43.841381359114955" lon="3.388303702231497">
        <ele>762.0</ele>
      </trkpt>
      <trkpt lat="43.84124303707605" lon="3.3884324485758075">
        <ele>762.0</ele>
      </trkpt>
      <trkpt lat="43.84110471489708" lon="3.3885611942969263">
        <ele>762.0</ele>
      </trkpt>
      <trkpt lat="43.840944144463556" lon="3.388708716207207">
        <ele>762.0</ele>
      </trkpt>
      <trkpt lat="43.8407835738465" lon="3.3888562372885644">
        <ele>762.0</ele>
      </trkpt>
      <trkpt lat="43.8406616944717" lon="3.3889487736969137">
        <ele>762.0</ele>
      </trkpt>
      <trkpt lat="43.84053981502762" lon="3.389041309710591">
        <ele>762.0</ele>
      </trkpt>
      <trkpt lat="43.84043437927933" lon="3.389105682845704">
        <ele>762.0</ele>
      </trkpt>
      <trkpt lat="43.84032894349995" lon="3.3891700557433073">
        <ele>762.0</ele>
      </trkpt>
      <trkpt lat="43.84016256707661" lon="3.3892679566573456">
        <ele>762.0</ele>
      </trkpt>
      <trkpt lat="43.83999619058252" lon="3.389365857001394">
        <ele>762.0</ele>
      </trkpt>
      <trkpt lat="43.83988688463105" lon="3.3894342534620807">
        <ele>762.0</ele>
      </trkpt>
      <trkpt lat="43.83977757864409" lon="3.3895026496611536">
        <ele>762.0</ele>
      </trkpt>
      <trkpt lat="43.83963248178254" lon="3.3896313956938684">
        <ele>762.0</ele>
      </trkpt>
      <trkpt lat="43.839479646040104" lon="3.389854019042105">
        <ele>762.0</ele>
      </trkpt>
      <trkpt lat="43.83938001242129" lon="3.390005564115626">
        <ele>762.0</ele>
      </trkpt>
      <trkpt lat="43.8392803785981" lon="3.390157108660788">
        <ele>762.0</ele>
      </trkpt>
      <trkpt lat="43.839189450529005" lon="3.390293901538174">
        <ele>762.0</ele>
      </trkpt>
      <trkpt lat="43.83909852229349" lon="3.390430693980307">
        <ele>761.0</ele>
      </trkpt>
      <trkpt lat="43.83899598604759" lon="3.3905594400130212">
        <ele>761.0</ele>
      </trkpt>
      <trkpt lat="43.83882573679733" lon="3.390747194644064">
        <ele>761.0</ele>
      </trkpt>
      <trkpt lat="43.83864000978842" lon="3.3908947161398824">
        <ele>760.0</ele>
      </trkpt>
      <trkpt lat="43.8384852366728" lon="3.3909899348177586">
        <ele>760.0</ele>
      </trkpt>
      <trkpt lat="43.83833046348891" lon="3.3910851529799397">
        <ele>760.0</ele>
      </trkpt>
      <trkpt lat="43.83817568956359" lon="3.391172325008981">
        <ele>759.0</ele>
      </trkpt>
      <trkpt lat="43.838020915583485" lon="3.3912594965659077">
        <ele>759.0</ele>
      </trkpt>
      <trkpt lat="43.83787001023645" lon="3.3913493508051444">
        <ele>758.0</ele>
      </trkpt>
      <trkpt lat="43.83771910482954" lon="3.3914392045699056">
        <ele>757.0</ele>
      </trkpt>
      <trkpt lat="43.8375885130397" lon="3.3915102832712027">
        <ele>756.0</ele>
      </trkpt>
      <trkpt lat="43.837457921214124" lon="3.3915813616476953">
        <ele>755.0</ele>
      </trkpt>
      <trkpt lat="43.83733990453883" lon="3.391669874545187">
        <ele>754.0</ele>
      </trkpt>
      <trkpt lat="43.83719093233676" lon="3.3918442181311543">
        <ele>753.0</ele>
      </trkpt>
      <trkpt lat="43.83707291517394" lon="3.392031973149875">
        <ele>753.0</ele>
      </trkpt>
      <trkpt lat="43.83695489769664" lon="3.3922197273932397">
        <ele>752.0</ele>
      </trkpt>
      <trkpt lat="43.836794316219255" lon="3.3924343041144307">
        <ele>751.0</ele>
      </trkpt>
      <trkpt lat="43.836664689892196" lon="3.392528181429953">
        <ele>750.0</ele>
      </trkpt>
      <trkpt lat="43.83654667164803" lon="3.3925550035201018">
        <ele>749.0</ele>
      </trkpt>
      <trkpt lat="43.836331916539336" lon="3.392563050147145">
        <ele>748.0</ele>
      </trkpt>
      <trkpt lat="43.83619841957605" lon="3.3925603679318668">
        <ele>748.0</ele>
      </trkpt>
      <trkpt lat="43.83606492262376" lon="3.392557685729116">
        <ele>747.0</ele>
      </trkpt>
      <trkpt lat="43.83589530942707" lon="3.3925496390543146">
        <ele>746.0</ele>
      </trkpt>
      <trkpt lat="43.835725696247636" lon="3.392541592427271">
        <ele>746.0</ele>
      </trkpt>
      <trkpt lat="43.83555608308546" lon="3.3925335458479817">
        <ele>745.0</ele>
      </trkpt>
      <trkpt lat="43.83533455230301" lon="3.392526840299455">
        <ele>745.0</ele>
      </trkpt>
      <trkpt lat="43.83511302155061" lon="3.3925201348029073">
        <ele>744.0</ele>
      </trkpt>
      <trkpt lat="43.83494953271631" lon="3.3925107470445037">
        <ele>744.0</ele>
      </trkpt>
      <trkpt lat="43.83478604389776" lon="3.3925013593398026">
        <ele>743.0</ele>
      </trkpt>
      <trkpt lat="43.83463706531982" lon="3.3924959949217737">
        <ele>743.0</ele>
      </trkpt>
      <trkpt lat="43.83450743430651" lon="3.3925308636389664">
        <ele>743.0</ele>
      </trkpt>
      <trkpt lat="43.83435652023483" lon="3.392589872237295">
        <ele>742.0</ele>
      </trkpt>
      <trkpt lat="43.83427332385259" lon="3.3926542452536523">
        <ele>742.0</ele>
      </trkpt>
      <trkpt lat="43.83413014841166" lon="3.392777626868338">
        <ele>742.0</ele>
      </trkpt>
      <trkpt lat="43.834013092499966" lon="3.3928916209849174">
        <ele>742.0</ele>
      </trkpt>
      <trkpt lat="43.83389603647764" lon="3.393005614634603">
        <ele>742.0</ele>
      </trkpt>
      <trkpt lat="43.83372577267601" lon="3.393198733683676">
        <ele>742.0</ele>
      </trkpt>
      <trkpt lat="43.833617422721794" lon="3.3933408910309333">
        <ele>742.0</ele>
      </trkpt>
      <trkpt lat="43.83350907258962" lon="3.393483047839254">
        <ele>742.0</ele>
      </trkpt>
      <trkpt lat="43.83337169980589" lon="3.3936761668883264">
        <ele>741.0</ele>
      </trkpt>
      <trkpt lat="43.833280762718715" lon="3.3938666037283847">
        <ele>741.0</ele>
      </trkpt>
      <trkpt lat="43.83322078293978" lon="3.394020830908576">
        <ele>741.0</ele>
      </trkpt>
      <trkpt lat="43.833160802945" lon="3.3941750577650964">
        <ele>740.0</ele>
      </trkpt>
      <trkpt lat="43.833065995856494" lon="3.394403045531363">
        <ele>739.0</ele>
      </trkpt>
      <trkpt lat="43.832959579557304" lon="3.3945800713263448">
        <ele>739.0</ele>
      </trkpt>
      <trkpt lat="43.83282414035663" lon="3.394749050494283">
        <ele>738.0</ele>
      </trkpt>
      <trkpt lat="43.83269063570089" lon="3.394883160945027">
        <ele>738.0</ele>
      </trkpt>
      <trkpt lat="43.832524238175594" lon="3.394990449305624">
        <ele>737.0</ele>
      </trkpt>
      <trkpt lat="43.832395569869355" lon="3.395036046961516">
        <ele>737.0</ele>
      </trkpt>
      <trkpt lat="43.832266901554334" lon="3.3950816444121292">
        <ele>737.0</ele>
      </trkpt>
      <trkpt lat="43.83213049319433" lon="3.395127242074196">
        <ele>737.0</ele>
      </trkpt>
      <trkpt lat="43.83199408482682" lon="3.395172839518637">
        <ele>738.0</ele>
      </trkpt>
      <trkpt lat="43.83180059703016" lon="3.395234530325978">
        <ele>738.0</ele>
      </trkpt>
      <trkpt lat="43.83161678304224" lon="3.395266716834158">
        <ele>738.0</ele>
      </trkpt>
      <trkpt lat="43.83147553594651" lon="3.395274763481087">
        <ele>739.0</ele>
      </trkpt>
      <trkpt lat="43.83133428886256" lon="3.395282810088247">
        <ele>739.0</ele>
      </trkpt>
      <trkpt lat="43.83118626892773" lon="3.395281468980267">
        <ele>740.0</ele>
      </trkpt>
      <trkpt lat="43.831038249006504" lon="3.3952801278792326">
        <ele>741.0</ele>
      </trkpt>
      <trkpt lat="43.830875716237735" lon="3.3952738693559406">
        <ele>741.0</ele>
      </trkpt>
      <trkpt lat="43.83071318348504" lon="3.3952676108682396">
        <ele>741.0</ele>
      </trkpt>
      <trkpt lat="43.83055065074841" lon="3.3952613524161284">
        <ele>742.0</ele>
      </trkpt>
      <trkpt lat="43.83037650728688" lon="3.3952385535700462">
        <ele>742.0</ele>
      </trkpt>
      <trkpt lat="43.83020236383944" lon="3.3952157548628743">
        <ele>742.0</ele>
      </trkpt>
      <trkpt lat="43.83001177232921" lon="3.3951942971192124">
        <ele>742.0</ele>
      </trkpt>
      <trkpt lat="43.82982118083738" lon="3.395172839518636">
        <ele>742.0</ele>
      </trkpt>
      <trkpt lat="43.829687669309855" lon="3.395160769549878">
        <ele>742.0</ele>
      </trkpt>
      <trkpt lat="43.82955415779208" lon="3.395148699637502">
        <ele>742.0</ele>
      </trkpt>
      <trkpt lat="43.829341312480054" lon="3.3951057842932637">
        <ele>742.0</ele>
      </trkpt>
      <trkpt lat="43.82921747473352" lon="3.3950628688560545">
        <ele>742.0</ele>
      </trkpt>
      <trkpt lat="43.829093636979614" lon="3.3950199536047876">
        <ele>742.0</ele>
      </trkpt>
      <trkpt lat="43.828909814654715" lon="3.3949609450064595">
        <ele>742.0</ele>
      </trkpt>
      <trkpt lat="43.82875404876799" lon="3.394951557249328">
        <ele>742.0</ele>
      </trkpt>
      <trkpt lat="43.82859828289553" lon="3.3949421695433557">
        <ele>742.0</ele>
      </trkpt>
      <trkpt lat="43.828406718762864" lon="3.394930099562341">
        <ele>742.0</ele>
      </trkpt>
      <trkpt lat="43.82821515465171" lon="3.3949180296622212">
        <ele>742.0</ele>
      </trkpt>
      <trkpt lat="43.827994564125895" lon="3.3949005952363476">
        <ele>742.0</ele>
      </trkpt>
      <trkpt lat="43.827773973627586" lon="3.3948831609450276">
        <ele>742.0</ele>
      </trkpt>
      <trkpt lat="43.82760756215439" lon="3.394871090969324">
        <ele>742.0</ele>
      </trkpt>
      <trkpt lat="43.827441150697105" lon="3.394859021063894">
        <ele>742.0</ele>
      </trkpt>
      <trkpt lat="43.82730376394631" lon="3.394850974436849">
        <ele>742.0</ele>
      </trkpt>
      <trkpt lat="43.82714122146658" lon="3.3948241523466995">
        <ele>742.0</ele>
      </trkpt>
      <trkpt lat="43.82703189195325" lon="3.3947839191345306">
        <ele>742.0</ele>
      </trkpt>
      <trkpt lat="43.82692256243252" lon="3.3947436860762528">
        <ele>742.0</ele>
      </trkpt>
      <trkpt lat="43.82678227177051" lon="3.3946793129019195">
        <ele>742.0</ele>
      </trkpt>
      <trkpt lat="43.82664198108275" lon="3.3946149400435384">
        <ele>742.0</ele>
      </trkpt>
      <trkpt lat="43.82663322953642" lon="3.394611022330731">
        <ele>742.0</ele>
      </trkpt>
      <trkpt lat="43.82647621128453" lon="3.394540731830422">
        <ele>741.0</ele>
      </trkpt>
      <trkpt lat="43.826310441452925" lon="3.394466524047679">
        <ele>741.0</ele>
      </trkpt>
      <trkpt lat="43.82614467158794" lon="3.3943923166953027">
        <ele>741.0</ele>
      </trkpt>
      <trkpt lat="43.82603243774369" lon="3.394344036933035">
        <ele>741.0</ele>
      </trkpt>
      <trkpt lat="43.825835060471306" lon="3.394295757170767">
        <ele>740.0</ele>
      </trkpt>
      <trkpt lat="43.82569960494898" lon="3.3942608883709524">
        <ele>740.0</ele>
      </trkpt>
      <trkpt lat="43.82556414942693" lon="3.3942260197363794">
        <ele>740.0</ele>
      </trkpt>
      <trkpt lat="43.82539966689211" lon="3.3941911509188616">
        <ele>739.0</ele>
      </trkpt>
      <trkpt lat="43.825235184363" lon="3.3941562823019913">
        <ele>739.0</ele>
      </trkpt>
      <trkpt lat="43.825118110948544" lon="3.3941308012641676">
        <ele>738.0</ele>
      </trkpt>
      <trkpt lat="43.825001037536666" lon="3.3941053203307097">
        <ele>738.0</ele>
      </trkpt>
      <trkpt lat="43.82488009344558" lon="3.3940744748617817">
        <ele>738.0</ele>
      </trkpt>
      <trkpt lat="43.82475914935492" lon="3.3940436295233662">
        <ele>737.0</ele>
      </trkpt>
      <trkpt lat="43.824670134257296" lon="3.394040947314352">
        <ele>737.0</ele>
      </trkpt>
      <trkpt lat="43.824554027408766" lon="3.394067769404501">
        <ele>737.0</ele>
      </trkpt>
      <trkpt lat="43.824393412562735" lon="3.394169693347066">
        <ele>736.0</ele>
      </trkpt>
      <trkpt lat="43.824207640635585" lon="3.394290392752737">
        <ele>736.0</ele>
      </trkpt>
      <trkpt lat="43.82410507873666" lon="3.394364153632975">
        <ele>736.0</ele>
      </trkpt>
      <trkpt lat="43.82400251679443" lon="3.3944379142485555">
        <ele>735.0</ele>
      </trkpt>
      <trkpt lat="43.82383803018618" lon="3.394550567027182">
        <ele>735.0</ele>
      </trkpt>
      <trkpt lat="43.82378191112201" lon="3.394588117953389">
        <ele>734.0</ele>
      </trkpt>
      <trkpt lat="43.82370837571675" lon="3.3946122578345244">
        <ele>734.0</ele>
      </trkpt>
      <trkpt lat="43.823621294198595" lon="3.39459348237142">
        <ele>733.0</ele>
      </trkpt>
      <trkpt lat="43.823524536807234" lon="3.394572024699301">
        <ele>732.0</ele>
      </trkpt>
      <trkpt lat="43.8233213457749" lon="3.3944701007567346">
        <ele>732.0</ele>
      </trkpt>
      <trkpt lat="43.82311428372573" lon="3.3943547657690942">
        <ele>731.0</ele>
      </trkpt>
      <trkpt lat="43.822976887016345" lon="3.3942930749617513">
        <ele>731.0</ele>
      </trkpt>
      <trkpt lat="43.82287625823985" lon="3.394282346125692">
        <ele>730.0</ele>
      </trkpt>
      <trkpt lat="43.8227311202827" lon="3.3943064860068257">
        <ele>729.0</ele>
      </trkpt>
      <trkpt lat="43.822553083906726" lon="3.394362812396138">
        <ele>728.0</ele>
      </trkpt>
      <trkpt lat="43.82240213960684" lon="3.3944271854124968">
        <ele>728.0</ele>
      </trkpt>
      <trkpt lat="43.82230054220231" lon="3.394500946291485">
        <ele>727.0</ele>
      </trkpt>
      <trkpt lat="43.82219894475436" lon="3.3945747069083154">
        <ele>726.0</ele>
      </trkpt>
      <trkpt lat="43.82208960623588" lon="3.3946833365811724">
        <ele>725.0</ele>
      </trkpt>
      <trkpt lat="43.82198026761666" lon="3.3947919658385217">
        <ele>724.0</ele>
      </trkpt>
      <trkpt lat="43.82185125406055" lon="3.394927865041955">
        <ele>723.0</ele>
      </trkpt>
      <trkpt lat="43.82172224034549" lon="3.395063763632042">
        <ele>722.0</ele>
      </trkpt>
      <trkpt lat="43.82159322647147" lon="3.3951996616087854">
        <ele>722.0</ele>
      </trkpt>
      <trkpt lat="43.82145066553289" lon="3.395348077914447">
        <ele>721.0</ele>
      </trkpt>
      <trkpt lat="43.82130810440504" lon="3.3954964934799357">
        <ele>720.0</ele>
      </trkpt>
      <trkpt lat="43.821165543087915" lon="3.3956449083052576">
        <ele>719.0</ele>
      </trkpt>
      <trkpt lat="43.82101072472291" lon="3.3958018179575316">
        <ele>718.0</ele>
      </trkpt>
      <trkpt lat="43.8208559061471" lon="3.39595872676">
        <ele>717.0</ele>
      </trkpt>
      <trkpt lat="43.820715601312045" lon="3.3961089308334453">
        <ele>716.0</ele>
      </trkpt>
      <trkpt lat="43.82057529628242" lon="3.396259134169667">
        <ele>715.0</ele>
      </trkpt>
      <trkpt lat="43.82045821384514" lon="3.396420067040133">
        <ele>715.0</ele>
      </trkpt>
      <trkpt lat="43.82034113117896" lon="3.3965809992514555">
        <ele>714.0</ele>
      </trkpt>
      <trkpt lat="43.82018631077703" lon="3.3967969176618498">
        <ele>713.0</ele>
      </trkpt>
      <trkpt lat="43.82003148996259" lon="3.3970128349028523">
        <ele>713.0</ele>
      </trkpt>
      <trkpt lat="43.81993666200318" lon="3.3971295111885205">
        <ele>712.0</ele>
      </trkpt>
      <trkpt lat="43.81984183392455" lon="3.3972461870871475">
        <ele>712.0</ele>
      </trkpt>
      <trkpt lat="43.81973829693238" lon="3.3973695689252708">
        <ele>711.0</ele>
      </trkpt>
      <trkpt lat="43.8196347598073" lon="3.3974929503165185">
        <ele>710.0</ele>
      </trkpt>
      <trkpt lat="43.81952057838434" lon="3.397600238891382">
        <ele>710.0</ele>
      </trkpt>
      <trkpt lat="43.819406396863975" lon="3.3977075270377095">
        <ele>709.0</ele>
      </trkpt>
      <trkpt lat="43.81929318266803" lon="3.397832250003877">
        <ele>709.0</ele>
      </trkpt>
      <trkpt lat="43.81917996833746" lon="3.397956972476094">
        <ele>708.0</ele>
      </trkpt>
      <trkpt lat="43.81909965374422" lon="3.398072307625752">
        <ele>708.0</ele>
      </trkpt>
      <trkpt lat="43.81901933903304" lon="3.398187642451375">
        <ele>707.0</ele>
      </trkpt>
      <trkpt lat="43.81894192725957" lon="3.3983660095923702">
        <ele>707.0</ele>
      </trkpt>
      <trkpt lat="43.818864515198094" lon="3.398544376250357">
        <ele>706.0</ele>
      </trkpt>
      <trkpt lat="43.81879387679922" lon="3.3987267666887124">
        <ele>706.0</ele>
      </trkpt>
      <trkpt lat="43.81872323809845" lon="3.398909156676382">
        <ele>705.0</ele>
      </trkpt>
      <trkpt lat="43.81863905243617" lon="3.3991317803524184">
        <ele>705.0</ele>
      </trkpt>
      <trkpt lat="43.818554866323844" lon="3.399354403372853">
        <ele>705.0</ele>
      </trkpt>
      <trkpt lat="43.81848229228902" lon="3.399562274835369">
        <ele>704.0</ele>
      </trkpt>
      <trkpt lat="43.81840971786126" lon="3.3997701457701615">
        <ele>704.0</ele>
      </trkpt>
      <trkpt lat="43.81834778774316" lon="3.3998854807578023">
        <ele>704.0</ele>
      </trkpt>
      <trkpt lat="43.81822779795656" lon="3.400062506552785">
        <ele>703.0</ele>
      </trkpt>
      <trkpt lat="43.818095034858" lon="3.4002561638423896">
        <ele>703.0</ele>
      </trkpt>
      <trkpt lat="43.81796227142656" lon="3.4004498202326254">
        <ele>703.0</ele>
      </trkpt>
      <trkpt lat="43.817829507662246" lon="3.400643475723496">
        <ele>702.0</ele>
      </trkpt>
      <trkpt lat="43.81769674356506" lon="3.400837130315007">
        <ele>702.0</ele>
      </trkpt>
      <trkpt lat="43.81756397913503" lon="3.401030784007162">
        <ele>701.0</ele>
      </trkpt>
      <trkpt lat="43.8174478584738" lon="3.4011957401965973">
        <ele>701.0</ele>
      </trkpt>
      <trkpt lat="43.81733173757149" lon="3.401360695715994">
        <ele>700.0</ele>
      </trkpt>
      <trkpt lat="43.817191424532076" lon="3.4015591796701905">
        <ele>699.0</ele>
      </trkpt>
      <trkpt lat="43.817051111143726" lon="3.4017576626501977">
        <ele>699.0</ele>
      </trkpt>
      <trkpt lat="43.816925957722596" lon="3.4019096551597743">
        <ele>699.0</ele>
      </trkpt>
      <trkpt lat="43.816800804099415" lon="3.4020616470039493">
        <ele>698.0</ele>
      </trkpt>
      <trkpt lat="43.81667565027422" lon="3.40221363818273">
        <ele>698.0</ele>
      </trkpt>
      <trkpt lat="43.816557592472485" lon="3.4023544544467694">
        <ele>698.0</ele>
      </trkpt>
      <trkpt lat="43.81643953449767" lon="3.402495270129293">
        <ele>698.0</ele>
      </trkpt>
      <trkpt lat="43.81629244543219" lon="3.402650838652364">
        <ele>698.0</ele>
      </trkpt>
      <trkpt lat="43.816145356158316" lon="3.402806406375021">
        <ele>698.0</ele>
      </trkpt>
      <trkpt lat="43.81601439452327" lon="3.4029110130057973">
        <ele>698.0</ele>
      </trkpt>
      <trkpt lat="43.8158834327986" lon="3.403015619157378">
        <ele>698.0</ele>
      </trkpt>
      <trkpt lat="43.815752470984336" lon="3.403120224829764">
        <ele>698.0</ele>
      </trkpt>
      <trkpt lat="43.81559667055458" lon="3.4032442780107846">
        <ele>699.0</ele>
      </trkpt>
      <trkpt lat="43.81544086999887" lon="3.4033683305157476">
        <ele>699.0</ele>
      </trkpt>
      <trkpt lat="43.81528506931725" lon="3.4034923823446563">
        <ele>699.0</ele>
      </trkpt>
      <trkpt lat="43.81512926850973" lon="3.4036164334975183">
        <ele>699.0</ele>
      </trkpt>
      <trkpt lat="43.81498411148754" lon="3.403737133516029">
        <ele>699.0</ele>
      </trkpt>
      <trkpt lat="43.81483895434493" lon="3.4038578329216977">
        <ele>700.0</ele>
      </trkpt>
      <trkpt lat="43.814693797081944" lon="3.4039785317145292">
        <ele>700.0</ele>
      </trkpt>
      <trkpt lat="43.814549284128546" lon="3.4040885028400236">
        <ele>700.0</ele>
      </trkpt>
      <trkpt lat="43.81440477107732" lon="3.4041984734096324">
        <ele>700.0</ele>
      </trkpt>
      <trkpt lat="43.81426025792829" lon="3.4043084434233597">
        <ele>700.0</ele>
      </trkpt>
      <trkpt lat="43.814098647213875" lon="3.404438531663629">
        <ele>700.0</ele>
      </trkpt>
      <trkpt lat="43.81393703636064" lon="3.4045686191685296">
        <ele>700.0</ele>
      </trkpt>
      <trkpt lat="43.81377542536858" lon="3.4046987059380687">
        <ele>700.0</ele>
      </trkpt>
      <trkpt lat="43.813613814237726" lon="3.40482879197225">
        <ele>700.0</ele>
      </trkpt>
      <trkpt lat="43.81344736353182" lon="3.4050245932303365">
        <ele>700.0</ele>
      </trkpt>
      <trkpt lat="43.81333607355839" lon="3.4051788205488718">
        <ele>700.0</ele>
      </trkpt>
      <trkpt lat="43.81322478337457" lon="3.4053330472670496">
        <ele>700.0</ele>
      </trkpt>
      <trkpt lat="43.813124138156034" lon="3.405467157953851">
        <ele>700.0</ele>
      </trkpt>
      <trkpt lat="43.813023492778896" lon="3.4056012681685384">
        <ele>700.0</ele>
      </trkpt>
      <trkpt lat="43.81288704049008" lon="3.405712580108288">
        <ele>700.0</ele>
      </trkpt>
      <trkpt lat="43.81275058809934" lon="3.4058238915167753">
        <ele>700.0</ele>
      </trkpt>
      <trkpt lat="43.812600102469595" lon="3.4059338629546456">
        <ele>700.0</ele>
      </trkpt>
      <trkpt lat="43.81244961674312" lon="3.406043833813673">
        <ele>700.0</ele>
      </trkpt>
      <trkpt lat="43.81229913091998" lon="3.4061538040938624">
        <ele>700.0</ele>
      </trkpt>
      <trkpt lat="43.8121486450001" lon="3.4062637737952173">
        <ele>700.0</ele>
      </trkpt>
      <trkpt lat="43.811956060424386" lon="3.4064180013330128">
        <ele>700.0</ele>
      </trkpt>
      <trkpt lat="43.81176347565379" lon="3.4065722278319295">
        <ele>700.0</ele>
      </trkpt>
      <trkpt lat="43.81164927916904" lon="3.4066687875493065">
        <ele>700.0</ele>
      </trkpt>
      <trkpt lat="43.811535082606945" lon="3.4067653468810017">
        <ele>700.0</ele>
      </trkpt>
      <trkpt lat="43.8115317878743" lon="3.4067677351170054">
        <ele>700.0</ele>
      </trkpt>
      <trkpt lat="43.81140927250462" lon="3.406856541987509">
        <ele>699.0</ele>
      </trkpt>
      <trkpt lat="43.81133185077152" lon="3.4068940929137175">
        <ele>699.0</ele>
      </trkpt>
      <trkpt lat="43.8112505578437" lon="3.4068940929137166">
        <ele>699.0</ele>
      </trkpt>
      <trkpt lat="43.811151844854045" lon="3.4068645886145528">
        <ele>698.0</ele>
      </trkpt>
      <trkpt lat="43.81098925839776" lon="3.406743889208883">
        <ele>698.0</ele>
      </trkpt>
      <trkpt lat="43.810828607059776" lon="3.4066124609671533">
        <ele>698.0</ele>
      </trkpt>
      <trkpt lat="43.810718279987036" lon="3.4065132192336023">
        <ele>698.0</ele>
      </trkpt>
      <trkpt lat="43.81060988827851" lon="3.4064193419180806">
        <ele>698.0</ele>
      </trkpt>
      <trkpt lat="43.81051891661806" lon="3.406615143487673">
        <ele>698.0</ele>
      </trkpt>
      <trkpt lat="43.81042794461119" lon="3.406810944434256">
        <ele>698.0</ele>
      </trkpt>
      <trkpt lat="43.81033310164077" lon="3.4070147929955996">
        <ele>698.0</ele>
      </trkpt>
      <trkpt lat="43.8102382582949" lon="3.4072186408807306">
        <ele>699.0</ele>
      </trkpt>
      <trkpt lat="43.81014341457359" lon="3.4074224880896513">
        <ele>699.0</ele>
      </trkpt>
      <trkpt lat="43.81007083025695" lon="3.407596831896922">
        <ele>700.0</ele>
      </trkpt>
      <trkpt lat="43.80999824566486" lon="3.4077711752615865">
        <ele>700.0</ele>
      </trkpt>
      <trkpt lat="43.809930500194156" lon="3.4079696589638373">
        <ele>700.0</ele>
      </trkpt>
      <trkpt lat="43.80986275436503" lon="3.4081681421957906">
        <ele>700.0</ele>
      </trkpt>
      <trkpt lat="43.809797912210314" lon="3.4084041768567532">
        <ele>700.0</ele>
      </trkpt>
      <trkpt lat="43.8097330695473" lon="3.4086402109824125">
        <ele>700.0</ele>
      </trkpt>
      <trkpt lat="43.80968274419341" lon="3.4088467412583228">
        <ele>700.0</ele>
      </trkpt>
      <trkpt lat="43.8096324184499" lon="3.409053271170705">
        <ele>699.0</ele>
      </trkpt>
      <trkpt lat="43.80955886561761" lon="3.4093027166090906">
        <ele>698.0</ele>
      </trkpt>
      <trkpt lat="43.80946208543713" lon="3.409498517867178">
        <ele>698.0</ele>
      </trkpt>
      <trkpt lat="43.80938853241641" lon="3.409620558534332">
        <ele>697.0</ele>
      </trkpt>
      <trkpt lat="43.809314979262474" lon="3.4097425988875325">
        <ele>696.0</ele>
      </trkpt>
      <trkpt lat="43.80913496726633" lon="3.409906213637441">
        <ele>695.0</ele>
      </trkpt>
      <trkpt lat="43.808939469752765" lon="3.4100215486250827">
        <ele>695.0</ele>
      </trkpt>
      <trkpt lat="43.80873816471369" lon="3.41006982838735">
        <ele>694.0</ele>
      </trkpt>
      <trkpt lat="43.808602670396745" lon="3.410083239464202">
        <ele>694.0</ele>
      </trkpt>
      <trkpt lat="43.80846717608969" lon="3.4100966504774988">
        <ele>694.0</ele>
      </trkpt>
      <trkpt lat="43.80829780732623" lon="3.410095309369019">
        <ele>694.0</ele>
      </trkpt>
      <trkpt lat="43.80812843858075" lon="3.410093968268484">
        <ele>694.0</ele>
      </trkpt>
      <trkpt lat="43.807922291302184" lon="3.4100832393937472">
        <ele>694.0</ele>
      </trkpt>
      <trkpt lat="43.80771614404927" lon="3.4100725105963643">
        <ele>694.0</ele>
      </trkpt>
      <trkpt lat="43.80755483824202" lon="3.4100412179813193">
        <ele>694.0</ele>
      </trkpt>
      <trkpt lat="43.807393532442134" lon="3.4100099255428127">
        <ele>695.0</ele>
      </trkpt>
      <trkpt lat="43.80723222664962" lon="3.4099786332808435">
        <ele>695.0</ele>
      </trkpt>
      <trkpt lat="43.80707543636135" lon="3.4099504700089693">
        <ele>695.0</ele>
      </trkpt>
      <trkpt lat="43.80691864608128" lon="3.4099223068915303">
        <ele>695.0</ele>
      </trkpt>
      <trkpt lat="43.80671926992562" lon="3.409895484801381">
        <ele>695.0</ele>
      </trkpt>
      <trkpt lat="43.80660119235025" lon="3.409902190337763">
        <ele>695.0</ele>
      </trkpt>
      <trkpt lat="43.80648311478323" lon="3.409908895846456">
        <ele>695.0</ele>
      </trkpt>
      <trkpt lat="43.806286640408715" lon="3.4099504702290244">
        <ele>695.0</ele>
      </trkpt>
      <trkpt lat="43.80609016604262" lon="3.4099920443259175">
        <ele>695.0</ele>
      </trkpt>
      <trkpt lat="43.805899497581116" lon="3.4100751930826094">
        <ele>694.0</ele>
      </trkpt>
      <trkpt lat="43.805708829079066" lon="3.4101583412848413">
        <ele>694.0</ele>
      </trkpt>
      <trkpt lat="43.80553267746873" lon="3.41027099441047">
        <ele>693.0</ele>
      </trkpt>
      <trkpt lat="43.80535652576152" lon="3.4103836468420923">
        <ele>692.0</ele>
      </trkpt>
      <trkpt lat="43.80523650979628" lon="3.410488253213207">
        <ele>691.0</ele>
      </trkpt>
      <trkpt lat="43.80511649373972" lon="3.4105928591452543">
        <ele>690.0</ele>
      </trkpt>
      <trkpt lat="43.80497808768692" lon="3.410749768752381">
        <ele>689.0</ele>
      </trkpt>
      <trkpt lat="43.80483968142034" lon="3.4109066775999963">
        <ele>688.0</ele>
      </trkpt>
      <trkpt lat="43.80472353603129" lon="3.4110738693077076">
        <ele>687.0</ele>
      </trkpt>
      <trkpt lat="43.80460739039435" lon="3.4112410603363026">
        <ele>686.0</ele>
      </trkpt>
      <trkpt lat="43.80449124450949" lon="3.411408250685781">
        <ele>685.0</ele>
      </trkpt>
      <trkpt lat="43.80432476833655" lon="3.411616122489557">
        <ele>683.0</ele>
      </trkpt>
      <trkpt lat="43.804158291784745" lon="3.4118239930830896">
        <ele>682.0</ele>
      </trkpt>
      <trkpt lat="43.80404311287813" lon="3.4119326227669755">
        <ele>681.0</ele>
      </trkpt>
      <trkpt lat="43.80392793387162" lon="3.412041252013296">
        <ele>680.0</ele>
      </trkpt>
      <trkpt lat="43.80375758443744" lon="3.41218743284004">
        <ele>678.0</ele>
      </trkpt>
      <trkpt lat="43.803587234825514" lon="3.4123336127959187">
        <ele>677.0</ele>
      </trkpt>
      <trkpt lat="43.803401397972394" lon="3.412487840315442">
        <ele>676.0</ele>
      </trkpt>
      <trkpt lat="43.80321556092287" lon="3.4126420668326323">
        <ele>675.0</ele>
      </trkpt>
      <trkpt lat="43.80304908110023" lon="3.412792270974716">
        <ele>674.0</ele>
      </trkpt>
      <trkpt lat="43.80288260108813" lon="3.4129424742423">
        <ele>673.0</ele>
      </trkpt>
      <trkpt lat="43.802778066793" lon="3.413077926045139">
        <ele>672.0</ele>
      </trkpt>
      <trkpt lat="43.80267353233648" lon="3.413213377352804">
        <ele>671.0</ele>
      </trkpt>
      <trkpt lat="43.80254479985167" lon="3.413406496836582">
        <ele>670.0</ele>
      </trkpt>
      <trkpt lat="43.802416067035196" lon="3.4135996154509476">
        <ele>669.0</ele>
      </trkpt>
      <trkpt lat="43.80241531416515" lon="3.4136011201732384">
        <ele>668.0</ele>
      </trkpt>
      <trkpt lat="43.80230669245735" lon="3.4138182159037314">
        <ele>667.0</ele>
      </trkpt>
      <trkpt lat="43.80219731744874" lon="3.4140368155203755">
        <ele>666.0</ele>
      </trkpt>
      <trkpt lat="43.80210246131218" lon="3.4142487103840033">
        <ele>665.0</ele>
      </trkpt>
      <trkpt lat="43.80200760476945" lon="3.414460604544729">
        <ele>664.0</ele>
      </trkpt>
      <trkpt lat="43.8019301709164" lon="3.41462153730352">
        <ele>663.0</ele>
      </trkpt>
      <trkpt lat="43.80185273682956" lon="3.414782469626515">
        <ele>662.0</ele>
      </trkpt>
      <trkpt lat="43.801772398949154" lon="3.4149125569464767">
        <ele>660.0</ele>
      </trkpt>
      <trkpt lat="43.801692060917595" lon="3.4150426439009607">
        <ele>659.0</ele>
      </trkpt>
      <trkpt lat="43.80160301142884" lon="3.415163343494569">
        <ele>658.0</ele>
      </trkpt>
      <trkpt lat="43.80151396181144" lon="3.4152840427123015">
        <ele>657.0</ele>
      </trkpt>
      <trkpt lat="43.801392970223326" lon="3.415418153446768">
        <ele>656.0</ele>
      </trkpt>
      <trkpt lat="43.8012719784795" lon="3.4155522636137903">
        <ele>655.0</ele>
      </trkpt>
      <trkpt lat="43.801173248952054" lon="3.4156434588777276">
        <ele>654.0</ele>
      </trkpt>
      <trkpt lat="43.80107451935446" lon="3.415734653826802">
        <ele>653.0</ele>
      </trkpt>
      <trkpt lat="43.800946751232836" lon="3.4158245080295413">
        <ele>652.0</ele>
      </trkpt>
      <trkpt lat="43.800818983047435" lon="3.415914361830801">
        <ele>651.0</ele>
      </trkpt>
      <trkpt lat="43.800651528532946" lon="3.4160055572043224">
        <ele>650.0</ele>
      </trkpt>
      <trkpt lat="43.80048407395984" lon="3.4160967520438126">
        <ele>649.0</ele>
      </trkpt>
      <trkpt lat="43.80033759065777" lon="3.416174536503696">
        <ele>648.0</ele>
      </trkpt>
      <trkpt lat="43.800191107313765" lon="3.4162523205651283">
        <ele>647.0</ele>
      </trkpt>
      <trkpt lat="43.80004462392777" lon="3.416330104228109">
        <ele>646.0</ele>
      </trkpt>
      <trkpt lat="43.79989555831111" lon="3.416405206472017">
        <ele>645.0</ele>
      </trkpt>
      <trkpt lat="43.79974649265673" lon="3.416480308324433">
        <ele>645.0</ele>
      </trkpt>
      <trkpt lat="43.79959742696461" lon="3.4165554097853597">
        <ele>644.0</ele>
      </trkpt>
      <trkpt lat="43.79942706513575" lon="3.416661357357038">
        <ele>643.0</ele>
      </trkpt>
      <trkpt lat="43.799256703222234" lon="3.416767304297537">
        <ele>643.0</ele>
      </trkpt>
      <trkpt lat="43.799144418760335" lon="3.416853135154521">
        <ele>642.0</ele>
      </trkpt>
      <trkpt lat="43.799032134238814" lon="3.4169389656744897">
        <ele>642.0</ele>
      </trkpt>
      <trkpt lat="43.79892275329828" lon="3.417044913133201">
        <ele>642.0</ele>
      </trkpt>
      <trkpt lat="43.798813372262345" lon="3.4171508601866663">
        <ele>642.0</ele>
      </trkpt>
      <trkpt lat="43.798679791504526" lon="3.417307769780515">
        <ele>641.0</ele>
      </trkpt>
      <trkpt lat="43.798546210532145" lon="3.417464678641408">
        <ele>641.0</ele>
      </trkpt>
      <trkpt lat="43.798439732712495" lon="3.4176215881608987">
        <ele>641.0</ele>
      </trkpt>
      <trkpt lat="43.7983332546742" lon="3.417778497096151">
        <ele>641.0</ele>
      </trkpt>
      <trkpt lat="43.7982248406031" lon="3.417994415331134">
        <ele>640.0</ele>
      </trkpt>
      <trkpt lat="43.798116426111775" lon="3.418210332747548">
        <ele>640.0</ele>
      </trkpt>
      <trkpt lat="43.79802446743206" lon="3.4184047932137887">
        <ele>639.0</ele>
      </trkpt>
      <trkpt lat="43.79793250841081" lon="3.4185992530547087">
        <ele>639.0</ele>
      </trkpt>
      <trkpt lat="43.797833128370925" lon="3.4188227712493835">
        <ele>638.0</ele>
      </trkpt>
      <trkpt lat="43.79773374787898" lon="3.41904628866729">
        <ele>638.0</ele>
      </trkpt>
      <trkpt lat="43.79763436693501" lon="3.4192698053084314">
        <ele>637.0</ele>
      </trkpt>
      <trkpt lat="43.797516917222914" lon="3.4195272984313942">
        <ele>637.0</ele>
      </trkpt>
      <trkpt lat="43.79739946691134" lon="3.419784790496823">
        <ele>636.0</ele>
      </trkpt>
      <trkpt lat="43.79728201600029" lon="3.420042281504721">
        <ele>635.0</ele>
      </trkpt>
      <trkpt lat="43.79718715237139" lon="3.4202635648495163">
        <ele>635.0</ele>
      </trkpt>
      <trkpt lat="43.797092288299" lon="3.420484847460268">
        <ele>634.0</ele>
      </trkpt>
      <trkpt lat="43.79699742378315" lon="3.4207061293369727">
        <ele>634.0</ele>
      </trkpt>
      <trkpt lat="43.79690255882381" lon="3.4209274104796354">
        <ele>633.0</ele>
      </trkpt>
      <trkpt lat="43.79680253178686" lon="3.421164339771336">
        <ele>633.0</ele>
      </trkpt>
      <trkpt lat="43.79670250424131" lon="3.421401268234319">
        <ele>633.0</ele>
      </trkpt>
      <trkpt lat="43.79660247618713" lon="3.421638195868582">
        <ele>632.0</ele>
      </trkpt>
      <trkpt lat="43.79650309392423" lon="3.4218590318449205">
        <ele>632.0</ele>
      </trkpt>
      <trkpt lat="43.79640371122019" lon="3.422079867053812">
        <ele>632.0</ele>
      </trkpt>
      <trkpt lat="43.79630432807504" lon="3.42230070149526">
        <ele>632.0</ele>
      </trkpt>
      <trkpt lat="43.79619591035523" lon="3.4224956094225916">
        <ele>632.0</ele>
      </trkpt>
      <trkpt lat="43.796087492294376" lon="3.4226905166110075">
        <ele>632.0</ele>
      </trkpt>
      <trkpt lat="43.79597907389246" lon="3.4228854230605057">
        <ele>632.0</ele>
      </trkpt>
      <trkpt lat="43.7958609751792" lon="3.423037415532351">
        <ele>631.0</ele>
      </trkpt>
      <trkpt lat="43.79574287626284" lon="3.423189407376528">
        <ele>631.0</ele>
      </trkpt>
      <trkpt lat="43.795624777143374" lon="3.4233413985930383">
        <ele>631.0</ele>
      </trkpt>
      <trkpt lat="43.79550280557573" lon="3.4234553927192635">
        <ele>630.0</ele>
      </trkpt>
      <trkpt lat="43.79538083389827" lon="3.4235693863593033">
        <ele>630.0</ele>
      </trkpt>
      <trkpt lat="43.79526079787743" lon="3.4236565583352316">
        <ele>630.0</ele>
      </trkpt>
      <trkpt lat="43.79514076179597" lon="3.4237437299452727">
        <ele>629.0</ele>
      </trkpt>
      <trkpt lat="43.79503330977428" lon="3.4238054208685087">
        <ele>629.0</ele>
      </trkpt>
      <trkpt lat="43.79492585772498" lon="3.4238671115599564">
        <ele>629.0</ele>
      </trkpt>
      <trkpt lat="43.79493747418104" lon="3.4240655950270598">
        <ele>628.0</ele>
      </trkpt>
      <trkpt lat="43.7949607070863" lon="3.424306993838399">
        <ele>628.0</ele>
      </trkpt>
      <trkpt lat="43.7948426063906" lon="3.4244835376739493">
        <ele>628.0</ele>
      </trkpt>
      <trkpt lat="43.79471830394507" lon="3.4246538583165402">
        <ele>628.0</ele>
      </trkpt>
      <trkpt lat="43.79459400124317" lon="3.4248241782188393">
        <ele>627.0</ele>
      </trkpt>
      <trkpt lat="43.794507217596916" lon="3.424944877807644">
        <ele>627.0</ele>
      </trkpt>
      <trkpt lat="43.79442043382174" lon="3.4250655770301814">
        <ele>627.0</ele>
      </trkpt>
      <trkpt lat="43.79433364992343" lon="3.425186276618985">
        <ele>627.0</ele>
      </trkpt>
      <trkpt lat="43.794246865896255" lon="3.425306975841522">
        <ele>627.0</ele>
      </trkpt>
      <trkpt lat="43.79416008174586" lon="3.425427675430325">
        <ele>626.0</ele>
      </trkpt>
      <trkpt lat="43.794073297466596" lon="3.425548374652862">
        <ele>626.0</ele>
      </trkpt>
      <trkpt lat="43.79398651306416" lon="3.425669074241666">
        <ele>626.0</ele>
      </trkpt>
      <trkpt lat="43.79389972853285" lon="3.425789773464203">
        <ele>626.0</ele>
      </trkpt>
      <trkpt lat="43.79382615632883" lon="3.425923883914947">
        <ele>625.0</ele>
      </trkpt>
      <trkpt lat="43.7937525840343" lon="3.426028490066529">
        <ele>625.0</ele>
      </trkpt>
      <trkpt lat="43.79363835318708" lon="3.4261733293533334">
        <ele>625.0</ele>
      </trkpt>
      <trkpt lat="43.793547355576294" lon="3.4262430667877197">
        <ele>625.0</ele>
      </trkpt>
      <trkpt lat="43.79355315220412" lon="3.4264175391292087">
        <ele>625.0</ele>
      </trkpt>
      <trkpt lat="43.793547355576294" lon="3.4262430667877197">
        <ele>625.0</ele>
      </trkpt>
      <trkpt lat="43.79363835318708" lon="3.4261733293533334">
        <ele>625.0</ele>
      </trkpt>
      <trkpt lat="43.7937525840343" lon="3.426028490066529">
        <ele>625.0</ele>
      </trkpt>
      <trkpt lat="43.79382615632883" lon="3.425923883914947">
        <ele>625.0</ele>
      </trkpt>
      <trkpt lat="43.79389972853285" lon="3.425789773464203">
        <ele>625.0</ele>
      </trkpt>
      <trkpt lat="43.79398651306416" lon="3.425669074241666">
        <ele>626.0</ele>
      </trkpt>
      <trkpt lat="43.794073297466596" lon="3.425548374652862">
        <ele>626.0</ele>
      </trkpt>
      <trkpt lat="43.79416008174586" lon="3.425427675430325">
        <ele>626.0</ele>
      </trkpt>
      <trkpt lat="43.794246865896255" lon="3.425306975841522">
        <ele>626.0</ele>
      </trkpt>
      <trkpt lat="43.79433364992343" lon="3.425186276618985">
        <ele>627.0</ele>
      </trkpt>
      <trkpt lat="43.79442043382174" lon="3.4250655770301814">
        <ele>627.0</ele>
      </trkpt>
      <trkpt lat="43.794507217596916" lon="3.424944877807644">
        <ele>627.0</ele>
      </trkpt>
      <trkpt lat="43.79459400124317" lon="3.4248241782188393">
        <ele>627.0</ele>
      </trkpt>
      <trkpt lat="43.79471830394507" lon="3.4246538583165402">
        <ele>628.0</ele>
      </trkpt>
      <trkpt lat="43.7948426063906" lon="3.4244835376739493">
        <ele>628.0</ele>
      </trkpt>
      <trkpt lat="43.79500290723722" lon="3.424509018588177">
        <ele>628.0</ele>
      </trkpt>
      <trkpt lat="43.79516320809412" lon="3.4245344996452323">
        <ele>628.0</ele>
      </trkpt>
      <trkpt lat="43.795381983434446" lon="3.4245881438255314">
        <ele>628.0</ele>
      </trkpt>
      <trkpt lat="43.79538253415223" lon="3.4245884268592772">
        <ele>628.0</ele>
      </trkpt>
      <trkpt lat="43.795502019121706" lon="3.4246498346328735">
        <ele>628.0</ele>
      </trkpt>
      <trkpt lat="43.7955891416468" lon="3.424738347530365">
        <ele>628.0</ele>
      </trkpt>
      <trkpt lat="43.79573628162307" lon="3.424896597862241">
        <ele>629.0</ele>
      </trkpt>
      <trkpt lat="43.79586599682804" lon="3.425014615058898">
        <ele>629.0</ele>
      </trkpt>
      <trkpt lat="43.79599183966817" lon="3.425062894821165">
        <ele>629.0</ele>
      </trkpt>
      <trkpt lat="43.79614285072659" lon="3.4250923991203277">
        <ele>629.0</ele>
      </trkpt>
      <trkpt lat="43.79624352455354" lon="3.4250950813293466">
        <ele>630.0</ele>
      </trkpt>
      <trkpt lat="43.796367430569184" lon="3.425011932849884">
        <ele>630.0</ele>
      </trkpt>
      <trkpt lat="43.79646423196514" lon="3.424899280071259">
        <ele>631.0</ele>
      </trkpt>
      <trkpt lat="43.7965474810402" lon="3.424778580665588">
        <ele>631.0</ele>
      </trkpt>
      <trkpt lat="43.79663460204111" lon="3.424647152423861">
        <ele>631.0</ele>
      </trkpt>
      <trkpt lat="43.79673140300428" lon="3.4244835376739524">
        <ele>632.0</ele>
      </trkpt>
      <trkpt lat="43.79685918003556" lon="3.4242770075798026">
        <ele>632.0</ele>
      </trkpt>
      <trkpt lat="43.796903708330674" lon="3.4241724014282218">
        <ele>632.0</ele>
      </trkpt>
      <trkpt lat="43.79695985265561" lon="3.423990011215209">
        <ele>633.0</ele>
      </trkpt>
      <trkpt lat="43.79701406091922" lon="3.423896133899688">
        <ele>633.0</ele>
      </trkpt>
      <trkpt lat="43.79707214114707" lon="3.42381566762924">
        <ele>633.0</ele>
      </trkpt>
      <trkpt lat="43.79725218949477" lon="3.4236332774162275">
        <ele>633.0</ele>
      </trkpt>
      <trkpt lat="43.7973160774877" lon="3.423587679862977">
        <ele>633.0</ele>
      </trkpt>
      <trkpt lat="43.797383837405555" lon="3.423606455326079">
        <ele>633.0</ele>
      </trkpt>
      <trkpt lat="43.7974651492056" lon="3.423654735088347">
        <ele>633.0</ele>
      </trkpt>
      <trkpt lat="43.79755420485966" lon="3.4237056970596305">
        <ele>633.0</ele>
      </trkpt>
      <trkpt lat="43.79770327598347" lon="3.423751294612884">
        <ele>634.0</ele>
      </trkpt>
      <trkpt lat="43.79791042614842" lon="3.4237834811210606">
        <ele>634.0</ele>
      </trkpt>
      <trkpt lat="43.798045944559426" lon="3.4238129854202275">
        <ele>634.0</ele>
      </trkpt>
      <trkpt lat="43.798224054003526" lon="3.4238773584365836">
        <ele>634.0</ele>
      </trkpt>
      <trkpt lat="43.79835376380801" lon="3.4238907694816585">
        <ele>634.0</ele>
      </trkpt>
      <trkpt lat="43.79847960140897" lon="3.4238612651824964">
        <ele>634.0</ele>
      </trkpt>
      <trkpt lat="43.79854814649092" lon="3.423780798912048">
        <ele>634.0</ele>
      </trkpt>
      <trkpt lat="43.7986100971414" lon="3.423652052879333">
        <ele>635.0</ele>
      </trkpt>
      <trkpt lat="43.79864688030977" lon="3.4235581755638114">
        <ele>635.0</ele>
      </trkpt>
      <trkpt lat="43.79864744129706" lon="3.4235577653587566">
        <ele>635.0</ele>
      </trkpt>
      <trkpt lat="43.7987165746719" lon="3.4235072135925293">
        <ele>635.0</ele>
      </trkpt>
      <trkpt lat="43.79882692391236" lon="3.423472344875336">
        <ele>636.0</ele>
      </trkpt>
      <trkpt lat="43.798908233748634" lon="3.4234187006950387">
        <ele>636.0</ele>
      </trkpt>
      <trkpt lat="43.79899843671856" lon="3.4233596920967084">
        <ele>636.0</ele>
      </trkpt>
      <trkpt lat="43.799130080782" lon="3.42332750558853">
        <ele>636.0</ele>
      </trkpt>
      <trkpt lat="43.79925204474874" lon="3.4233073890638184">
        <ele>636.0</ele>
      </trkpt>
      <trkpt lat="43.799374008721145" lon="3.4232872724533094">
        <ele>637.0</ele>
      </trkpt>
      <trkpt lat="43.79952113937758" lon="3.423182666301728">
        <ele>637.0</ele>
      </trkpt>
      <trkpt lat="43.799685692972005" lon="3.4230270981788635">
        <ele>637.0</ele>
      </trkpt>
      <trkpt lat="43.7998153996035" lon="3.422951996326447">
        <ele>637.0</ele>
      </trkpt>
      <trkpt lat="43.799949945594484" lon="3.4228956700696425">
        <ele>637.0</ele>
      </trkpt>
      <trkpt lat="43.80008449156778" lon="3.4228393435478184">
        <ele>638.0</ele>
      </trkpt>
      <trkpt lat="43.80013877928802" lon="3.4228186592039656">
        <ele>638.0</ele>
      </trkpt>
      <trkpt lat="43.800239364091304" lon="3.422780334949493">
        <ele>638.0</ele>
      </trkpt>
      <trkpt lat="43.80036132583948" lon="3.4226784112242816">
        <ele>638.0</ele>
      </trkpt>
      <trkpt lat="43.800483287501734" lon="3.422576487064362">
        <ele>638.0</ele>
      </trkpt>
      <trkpt lat="43.80067494091132" lon="3.422455787658691">
        <ele>638.0</ele>
      </trkpt>
      <trkpt lat="43.80080077362368" lon="3.4223484992980935">
        <ele>639.0</ele>
      </trkpt>
      <trkpt lat="43.80085304251863" lon="3.4223136305809034">
        <ele>639.0</ele>
      </trkpt>
      <trkpt lat="43.80091111901489" lon="3.4223029017448425">
        <ele>639.0</ele>
      </trkpt>
      <trkpt lat="43.80095951605199" lon="3.4223189949989314">
        <ele>639.0</ele>
      </trkpt>
      <trkpt lat="43.801120193934025" lon="3.42232435941696">
        <ele>639.0</ele>
      </trkpt>
      <trkpt lat="43.80123247460719" lon="3.4223592281341535">
        <ele>639.0</ele>
      </trkpt>
      <trkpt lat="43.80141638215049" lon="3.4224826097488426">
        <ele>639.0</ele>
      </trkpt>
      <trkpt lat="43.80147445809915" lon="3.422509431838988">
        <ele>639.0</ele>
      </trkpt>
      <trkpt lat="43.80154221330122" lon="3.4225147962570195">
        <ele>639.0</ele>
      </trkpt>
      <trkpt lat="43.80165933270781" lon="3.4225054085446924">
        <ele>639.0</ele>
      </trkpt>
      <trkpt lat="43.80177645212223" lon="3.4224960207939152">
        <ele>640.0</ele>
      </trkpt>
      <trkpt lat="43.80186937305294" lon="3.422442376613615">
        <ele>640.0</ele>
      </trkpt>
      <trkpt lat="43.80191196176456" lon="3.422407507896422">
        <ele>640.0</ele>
      </trkpt>
      <trkpt lat="43.80195648629434" lon="3.422351181507111">
        <ele>640.0</ele>
      </trkpt>
      <trkpt lat="43.80205908617123" lon="3.4222787618637094">
        <ele>640.0</ele>
      </trkpt>
      <trkpt lat="43.802165557555256" lon="3.422238528728486">
        <ele>640.0</ele>
      </trkpt>
      <trkpt lat="43.80229913047785" lon="3.4222385287284864">
        <ele>640.0</ele>
      </trkpt>
      <trkpt lat="43.80240560143408" lon="3.422265350818634">
        <ele>640.0</ele>
      </trkpt>
      <trkpt lat="43.802519815417924" lon="3.4223109482808236">
        <ele>641.0</ele>
      </trkpt>
      <trkpt lat="43.80263402939092" lon="3.4223565459251404">
        <ele>641.0</ele>
      </trkpt>
      <trkpt lat="43.80280710412322" lon="3.4223914146423335">
        <ele>641.0</ele>
      </trkpt>
      <trkpt lat="43.80289421599721" lon="3.4223887324333173">
        <ele>642.0</ele>
      </trkpt>
      <trkpt lat="43.80305876030155" lon="3.422348499298097">
        <ele>642.0</ele>
      </trkpt>
      <trkpt lat="43.80316831509971" lon="3.422340452671051">
        <ele>642.0</ele>
      </trkpt>
      <trkpt lat="43.80334253766727" lon="3.422327041625976">
        <ele>643.0</ele>
      </trkpt>
      <trkpt lat="43.80347223635989" lon="3.422265350818634">
        <ele>643.0</ele>
      </trkpt>
      <trkpt lat="43.803555475670976" lon="3.422182202339171">
        <ele>644.0</ele>
      </trkpt>
      <trkpt lat="43.80371033919691" lon="3.422128558158875">
        <ele>644.0</ele>
      </trkpt>
      <trkpt lat="43.80380519290834" lon="3.4221178293228145">
        <ele>645.0</ele>
      </trkpt>
      <trkpt lat="43.8039077896103" lon="3.422128558158874">
        <ele>645.0</ele>
      </trkpt>
      <trkpt lat="43.804029743951425" lon="3.42213660478592">
        <ele>645.0</ele>
      </trkpt>
      <trkpt lat="43.804134276045566" lon="3.422171473503111">
        <ele>646.0</ele>
      </trkpt>
      <trkpt lat="43.80422332175928" lon="3.42225193977356">
        <ele>646.0</ele>
      </trkpt>
      <trkpt lat="43.804296881161875" lon="3.422324359416962">
        <ele>647.0</ele>
      </trkpt>
      <trkpt lat="43.804374312014055" lon="3.4224343299865736">
        <ele>647.0</ele>
      </trkpt>
      <trkpt lat="43.80446142160278" lon="3.422528207302093">
        <ele>647.0</ele>
      </trkpt>
      <trkpt lat="43.804519494591375" lon="3.422587215900422">
        <ele>648.0</ele>
      </trkpt>
      <trkpt lat="43.804614347018074" lon="3.422632813453677">
        <ele>648.0</ele>
      </trkpt>
      <trkpt lat="43.80469952049731" lon="3.422651588916778">
        <ele>649.0</ele>
      </trkpt>
      <trkpt lat="43.80477114355631" lon="3.4226945042610155">
        <ele>649.0</ele>
      </trkpt>
      <trkpt lat="43.80484663803908" lon="3.422710597515107">
        <ele>649.0</ele>
      </trkpt>
      <trkpt lat="43.804939554194526" lon="3.4226596355438224">
        <ele>650.0</ele>
      </trkpt>
      <trkpt lat="43.80504989184366" lon="3.4226180613843065">
        <ele>651.0</ele>
      </trkpt>
      <trkpt lat="43.80516022948459" lon="3.4225764870643633">
        <ele>651.0</ele>
      </trkpt>
      <trkpt lat="43.80527540606706" lon="3.422540277315588">
        <ele>652.0</ele>
      </trkpt>
      <trkpt lat="43.805390582645835" lon="3.4225040674209586">
        <ele>652.0</ele>
      </trkpt>
      <trkpt lat="43.80558028458221" lon="3.422437012195586">
        <ele>653.0</ele>
      </trkpt>
      <trkpt lat="43.80575643584094" lon="3.4223645925521864">
        <ele>654.0</ele>
      </trkpt>
      <trkpt lat="43.80586870769238" lon="3.4223484993296918">
        <ele>654.0</ele>
      </trkpt>
      <trkpt lat="43.80598097954941" lon="3.422332406044006">
        <ele>655.0</ele>
      </trkpt>
      <trkpt lat="43.80610486524673" lon="3.4222908318943377">
        <ele>655.0</ele>
      </trkpt>
      <trkpt lat="43.80622875093786" lon="3.4222492575645416">
        <ele>656.0</ele>
      </trkpt>
      <trkpt lat="43.806356507520704" lon="3.4222197533312944">
        <ele>656.0</ele>
      </trkpt>
      <trkpt lat="43.80648426410585" lon="3.422190248966217">
        <ele>657.0</ele>
      </trkpt>
      <trkpt lat="43.80662847352749" lon="3.422172814651586">
        <ele>657.0</ele>
      </trkpt>
      <trkpt lat="43.80677268295943" lon="3.4221553802490243">
        <ele>658.0</ele>
      </trkpt>
      <trkpt lat="43.80695657315607" lon="3.4221352637461013">
        <ele>658.0</ele>
      </trkpt>
      <trkpt lat="43.80714046337023" lon="3.4221151471138">
        <ele>659.0</ele>
      </trkpt>
      <trkpt lat="43.807315641932135" lon="3.422073573001425">
        <ele>660.0</ele>
      </trkpt>
      <trkpt lat="43.80749082049746" lon="3.4220319986343353">
        <ele>660.0</ele>
      </trkpt>
      <trkpt lat="43.80766438472992" lon="3.4219908716790957">
        <ele>661.0</ele>
      </trkpt>
      <trkpt lat="43.80783794896577" lon="3.421949744474202">
        <ele>661.0</ele>
      </trkpt>
      <trkpt lat="43.80801151320506" lon="3.4219086170196524">
        <ele>662.0</ele>
      </trkpt>
      <trkpt lat="43.80815862240763" lon="3.421873748392161">
        <ele>662.0</ele>
      </trkpt>
      <trkpt lat="43.80830573161267" lon="3.421838879585266">
        <ele>663.0</ele>
      </trkpt>
      <trkpt lat="43.80842961261388" lon="3.4218093752861014">
        <ele>663.0</ele>
      </trkpt>
      <trkpt lat="43.80850123120054" lon="3.4218388795852666">
        <ele>664.0</ele>
      </trkpt>
      <trkpt lat="43.80858059223671" lon="3.4219112992286678">
        <ele>664.0</ele>
      </trkpt>
      <trkpt lat="43.80864833937935" lon="3.4220507740974413">
        <ele>665.0</ele>
      </trkpt>
      <trkpt lat="43.80870350500482" lon="3.422247916269852">
        <ele>665.0</ele>
      </trkpt>
      <trkpt lat="43.80875867027576" lon="3.4224450588226314">
        <ele>666.0</ele>
      </trkpt>
      <trkpt lat="43.80880125418299" lon="3.4226086734506995">
        <ele>666.0</ele>
      </trkpt>
      <trkpt lat="43.80884383784583" lon="3.4227722883224505">
        <ele>667.0</ele>
      </trkpt>
      <trkpt lat="43.80890229982699" lon="3.4229265151831325">
        <ele>667.0</ele>
      </trkpt>
      <trkpt lat="43.808960761592154" lon="3.4230807423591623">
        <ele>667.0</ele>
      </trkpt>
      <trkpt lat="43.80904650356372" lon="3.423240333556253">
        <ele>667.0</ele>
      </trkpt>
      <trkpt lat="43.80913224530631" lon="3.4233999252319336">
        <ele>666.0</ele>
      </trkpt>
      <trkpt lat="43.80923225211684" lon="3.423564433476101">
        <ele>666.0</ele>
      </trkpt>
      <trkpt lat="43.80933225868545" lon="3.4237289422956803">
        <ele>666.0</ele>
      </trkpt>
      <trkpt lat="43.80943226501212" lon="3.423893451690674">
        <ele>665.0</ele>
      </trkpt>
      <trkpt lat="43.809536304068" lon="3.424101992303319">
        <ele>665.0</ele>
      </trkpt>
      <trkpt lat="43.809640342731825" lon="3.4243105336748054">
        <ele>664.0</ele>
      </trkpt>
      <trkpt lat="43.80974438100359" lon="3.4245190758051343">
        <ele>664.0</ele>
      </trkpt>
      <trkpt lat="43.80984841888332" lon="3.424727618694307">
        <ele>664.0</ele>
      </trkpt>
      <trkpt lat="43.80993939166893" lon="3.424842953681944">
        <ele>664.0</ele>
      </trkpt>
      <trkpt lat="43.810036171048736" lon="3.424951582963194">
        <ele>664.0</ele>
      </trkpt>
      <trkpt lat="43.81013295032621" lon="3.42506021261215">
        <ele>664.0</ele>
      </trkpt>
      <trkpt lat="43.810280054486284" lon="3.4252399206161503">
        <ele>664.0</ele>
      </trkpt>
      <trkpt lat="43.81028188558364" lon="3.425243259324684">
        <ele>664.0</ele>
      </trkpt>
      <trkpt lat="43.81039038236853" lon="3.425441086292265">
        <ele>664.0</ele>
      </trkpt>
      <trkpt lat="43.81048716119903" lon="3.425667732570434">
        <ele>664.0</ele>
      </trkpt>
      <trkpt lat="43.81058393956427" lon="3.425894379615786">
        <ele>664.0</ele>
      </trkpt>
      <trkpt lat="43.81066975006173" lon="3.426120578563811">
        <ele>665.0</ele>
      </trkpt>
      <trkpt lat="43.81075556009453" lon="3.4263467781907333">
        <ele>664.0</ele>
      </trkpt>
      <trkpt lat="43.81084136966272" lon="3.4265729784965484">
        <ele>664.0</ele>
      </trkpt>
      <trkpt lat="43.81093524436899" lon="3.426767438330885">
        <ele>664.0</ele>
      </trkpt>
      <trkpt lat="43.811029118734" lon="3.426961898803709">
        <ele>664.0</ele>
      </trkpt>
      <trkpt lat="43.81112879981652" lon="3.427171110742164">
        <ele>663.0</ele>
      </trkpt>
      <trkpt lat="43.81122848050388" lon="3.427380323410035">
        <ele>663.0</ele>
      </trkpt>
      <trkpt lat="43.81130396682556" lon="3.4275332093238817">
        <ele>662.0</ele>
      </trkpt>
      <trkpt lat="43.81140655064826" lon="3.4276807308197035">
        <ele>662.0</ele>
      </trkpt>
      <trkpt lat="43.811460745804176" lon="3.4277397394180285">
        <ele>661.0</ele>
      </trkpt>
      <trkpt lat="43.81158945899028" lon="3.4278228877103234">
        <ele>660.0</ele>
      </trkpt>
      <trkpt lat="43.81171817212335" lon="3.427906036376951">
        <ele>660.0</ele>
      </trkpt>
      <trkpt lat="43.81183333607632" lon="3.4279744325690786">
        <ele>659.0</ele>
      </trkpt>
      <trkpt lat="43.811948499994685" lon="3.4280428290367135">
        <ele>658.0</ele>
      </trkpt>
      <trkpt lat="43.81213043902979" lon="3.428190350532531">
        <ele>658.0</ele>
      </trkpt>
      <trkpt lat="43.812275602756" lon="3.428294956684111">
        <ele>657.0</ele>
      </trkpt>
      <trkpt lat="43.812368507355586" lon="3.4283539652824415">
        <ele>657.0</ele>
      </trkpt>
      <trkpt lat="43.81246141181067" lon="3.428396880626678">
        <ele>656.0</ele>
      </trkpt>
      <trkpt lat="43.812604639229136" lon="3.4285175800323495">
        <ele>656.0</ele>
      </trkpt>
      <trkpt lat="43.81271689831696" lon="3.4285846352577214">
        <ele>655.0</ele>
      </trkpt>
      <trkpt lat="43.81281560871986" lon="3.4286221861839303">
        <ele>655.0</ele>
      </trkpt>
      <trkpt lat="43.81298593216866" lon="3.4286248683929434">
        <ele>654.0</ele>
      </trkpt>
      <trkpt lat="43.81311948089665" lon="3.428651690483094">
        <ele>654.0</ele>
      </trkpt>
      <trkpt lat="43.813251093843704" lon="3.42869997024536">
        <ele>653.0</ele>
      </trkpt>
      <trkpt lat="43.813369158152355" lon="3.4287804365158085">
        <ele>653.0</ele>
      </trkpt>
      <trkpt lat="43.813489157702236" lon="3.428887724876404">
        <ele>652.0</ele>
      </trkpt>
      <trkpt lat="43.81365173735297" lon="3.42905133962631">
        <ele>652.0</ele>
      </trkpt>
      <trkpt lat="43.81375238167689" lon="3.4291344881057735">
        <ele>651.0</ele>
      </trkpt>
      <trkpt lat="43.813930444295934" lon="3.429204225540162">
        <ele>651.0</ele>
      </trkpt>
      <trkpt lat="43.81412979638078" lon="3.4292766451835606">
        <ele>651.0</ele>
      </trkpt>
      <trkpt lat="43.81432430892251" lon="3.4294000263785196">
        <ele>651.0</ele>
      </trkpt>
      <trkpt lat="43.81451882134832" lon="3.429523408412934">
        <ele>650.0</ele>
      </trkpt>
      <trkpt lat="43.814598174388735" lon="3.4295555949211125">
        <ele>650.0</ele>
      </trkpt>
      <trkpt lat="43.8147816526081" lon="3.429621576415955">
        <ele>650.0</ele>
      </trkpt>
      <trkpt lat="43.814965130808616" lon="3.429687558334255">
        <ele>650.0</ele>
      </trkpt>
      <trkpt lat="43.815148608990306" lon="3.4297535406760167">
        <ele>650.0</ele>
      </trkpt>
      <trkpt lat="43.81533208715315" lon="3.4298195234412456">
        <ele>650.0</ele>
      </trkpt>
      <trkpt lat="43.81551556529716" lon="3.4298855066299443">
        <ele>650.0</ele>
      </trkpt>
      <trkpt lat="43.81564717296352" lon="3.4299391508102417">
        <ele>650.0</ele>
      </trkpt>
      <trkpt lat="43.81585813133131" lon="3.4299901125934973">
        <ele>650.0</ele>
      </trkpt>
      <trkpt lat="43.81606908970313" lon="3.4300410747528094">
        <ele>650.0</ele>
      </trkpt>
      <trkpt lat="43.816189083827666" lon="3.4300813078880306">
        <ele>650.0</ele>
      </trkpt>
      <trkpt lat="43.816276176186435" lon="3.430124223232268">
        <ele>651.0</ele>
      </trkpt>
      <trkpt lat="43.81636133303663" lon="3.4301751852035514">
        <ele>651.0</ele>
      </trkpt>
      <trkpt lat="43.81648713270677" lon="3.4302824735641475">
        <ele>651.0</ele>
      </trkpt>
      <trkpt lat="43.81664970419554" lon="3.4304487705230704">
        <ele>651.0</ele>
      </trkpt>
      <trkpt lat="43.81675808494218" lon="3.4305480122566196">
        <ele>651.0</ele>
      </trkpt>
      <trkpt lat="43.81689356059888" lon="3.430636525154113">
        <ele>651.0</ele>
      </trkpt>
      <trkpt lat="43.817019359047286" lon="3.4307263789584144">
        <ele>650.0</ele>
      </trkpt>
      <trkpt lat="43.81714515743155" lon="3.4308162331581125">
        <ele>650.0</ele>
      </trkpt>
      <trkpt lat="43.81733288668529" lon="3.4309557080268855">
        <ele>650.0</ele>
      </trkpt>
      <trkpt lat="43.817394817856105" lon="3.4309798479080205">
        <ele>650.0</ele>
      </trkpt>
      <trkpt lat="43.817510938628054" lon="3.4309905767440796">
        <ele>650.0</ele>
      </trkpt>
      <trkpt lat="43.817640606556566" lon="3.430987894535063">
        <ele>650.0</ele>
      </trkpt>
      <trkpt lat="43.81774898550468" lon="3.4309986233711216">
        <ele>650.0</ele>
      </trkpt>
      <trkpt lat="43.81793477726031" lon="3.43108043048024">
        <ele>650.0</ele>
      </trkpt>
      <trkpt lat="43.818120568976184" lon="3.4311622381210314">
        <ele>650.0</ele>
      </trkpt>
      <trkpt lat="43.81824830026046" lon="3.4312158823013292">
        <ele>650.0</ele>
      </trkpt>
      <trkpt lat="43.81837603127147" lon="3.4312990307807913">
        <ele>650.0</ele>
      </trkpt>
      <trkpt lat="43.81855988603491" lon="3.4314438700675955">
        <ele>650.0</ele>
      </trkpt>
      <trkpt lat="43.81873019295536" lon="3.431596755526035">
        <ele>650.0</ele>
      </trkpt>
      <trkpt lat="43.81890049967962" lon="3.4317496418952933">
        <ele>650.0</ele>
      </trkpt>
      <trkpt lat="43.81908241753473" lon="3.4319266676902775">
        <ele>650.0</ele>
      </trkpt>
      <trkpt lat="43.81914241159949" lon="3.4319803118705754">
        <ele>650.0</ele>
      </trkpt>
      <trkpt lat="43.81932045814635" lon="3.4320849180221544">
        <ele>650.0</ele>
      </trkpt>
      <trkpt lat="43.819475280799026" lon="3.4322109818458553">
        <ele>650.0</ele>
      </trkpt>
      <trkpt lat="43.819596235611435" lon="3.432279378031039">
        <ele>650.0</ele>
      </trkpt>
      <trkpt lat="43.81971719039006" lon="3.4323477745056175">
        <ele>650.0</ele>
      </trkpt>
      <trkpt lat="43.819718670686676" lon="3.432348734138077">
        <ele>650.0</ele>
      </trkpt>
      <trkpt lat="43.819837177183594" lon="3.4324255585670476">
        <ele>650.0</ele>
      </trkpt>
      <trkpt lat="43.8200403800743" lon="3.4325274825096126">
        <ele>650.0</ele>
      </trkpt>
      <trkpt lat="43.820146244801904" lon="3.4325958787128448">
        <ele>650.0</ele>
      </trkpt>
      <trkpt lat="43.82025210949362" lon="3.432664275169373">
        <ele>650.0</ele>
      </trkpt>
      <trkpt lat="43.82037693323936" lon="3.432750105670455">
        <ele>650.0</ele>
      </trkpt>
      <trkpt lat="43.82050175692726" lon="3.432835936546325">
        <ele>651.0</ele>
      </trkpt>
      <trkpt lat="43.82064109457586" lon="3.4329351782798754">
        <ele>651.0</ele>
      </trkpt>
      <trkpt lat="43.82075914427368" lon="3.4330424666404715">
        <ele>651.0</ele>
      </trkpt>
      <trkpt lat="43.82092557459871" lon="3.4331470727920546">
        <ele>651.0</ele>
      </trkpt>
      <trkpt lat="43.82105136465278" lon="3.4332382678985596">
        <ele>652.0</ele>
      </trkpt>
      <trkpt lat="43.82114812605249" lon="3.433281183242796">
        <ele>652.0</ele>
      </trkpt>
      <trkpt lat="43.82129236046513" lon="3.433387576996892">
        <ele>653.0</ele>
      </trkpt>
      <trkpt lat="43.821436594786974" lon="3.433493971287814">
        <ele>653.0</ele>
      </trkpt>
      <trkpt lat="43.82158082901801" lon="3.4336003661155714">
        <ele>653.0</ele>
      </trkpt>
      <trkpt lat="43.8216679135105" lon="3.4337183831324607">
        <ele>653.0</ele>
      </trkpt>
      <trkpt lat="43.82175499788003" lon="3.4338364005088824">
        <ele>654.0</ele>
      </trkpt>
      <trkpt lat="43.82181111884955" lon="3.4338873624801636">
        <ele>654.0</ele>
      </trkpt>
      <trkpt lat="43.82186143415669" lon="3.4339141845703134">
        <ele>654.0</ele>
      </trkpt>
      <trkpt lat="43.82194464784077" lon="3.4339436888694754">
        <ele>654.0</ele>
      </trkpt>
      <trkpt lat="43.822136232393554" lon="3.433836400508881">
        <ele>654.0</ele>
      </trkpt>
      <trkpt lat="43.822306528905756" lon="3.433707655243169">
        <ele>654.0</ele>
      </trkpt>
      <trkpt lat="43.822476825284085" lon="3.433578909210457">
        <ele>654.0</ele>
      </trkpt>
      <trkpt lat="43.82264712152852" lon="3.4334501624107374">
        <ele>654.0</ele>
      </trkpt>
      <trkpt lat="43.82283547805802" lon="3.433329463800396">
        <ele>654.0</ele>
      </trkpt>
      <trkpt lat="43.82302383447609" lon="3.433208764394727">
        <ele>654.0</ele>
      </trkpt>
      <trkpt lat="43.82321219078272" lon="3.4330880641937243">
        <ele>654.0</ele>
      </trkpt>
      <trkpt lat="43.82336055254442" lon="3.4329843526501045">
        <ele>654.0</ele>
      </trkpt>
      <trkpt lat="43.82350891422123" lon="3.432880640568197">
        <ele>653.0</ele>
      </trkpt>
      <trkpt lat="43.823657275813154" lon="3.432776927947996">
        <ele>653.0</ele>
      </trkpt>
      <trkpt lat="43.82372694099587" lon="3.43275010585785">
        <ele>653.0</ele>
      </trkpt>
      <trkpt lat="43.823849822310606" lon="3.4327273071302282">
        <ele>653.0</ele>
      </trkpt>
      <trkpt lat="43.82397270362998" lon="3.4327045083045955">
        <ele>653.0</ele>
      </trkpt>
      <trkpt lat="43.82409461700218" lon="3.4326803684234632">
        <ele>653.0</ele>
      </trkpt>
      <trkpt lat="43.824232010976125" lon="3.4326656163093343">
        <ele>654.0</ele>
      </trkpt>
      <trkpt lat="43.82436940495985" lon="3.4326508641242994">
        <ele>654.0</ele>
      </trkpt>
      <trkpt lat="43.824470031219484" lon="3.4326240420341505">
        <ele>654.0</ele>
      </trkpt>
      <trkpt lat="43.82456098173123" lon="3.432573080062868">
        <ele>654.0</ele>
      </trkpt>
      <trkpt lat="43.824721596126494" lon="3.432430922985076">
        <ele>654.0</ele>
      </trkpt>
      <trkpt lat="43.82486479413854" lon="3.4322780370712285">
        <ele>654.0</ele>
      </trkpt>
      <trkpt lat="43.82492478239283" lon="3.43224048614502">
        <ele>654.0</ele>
      </trkpt>
      <trkpt lat="43.82501573221188" lon="3.432192206382753">
        <ele>654.0</ele>
      </trkpt>
      <trkpt lat="43.82521891747702" lon="3.4321224689483616">
        <ele>654.0</ele>
      </trkpt>
      <trkpt lat="43.825415328918815" lon="3.4320728482520693">
        <ele>654.0</ele>
      </trkpt>
      <trkpt lat="43.825611740362056" lon="3.4320232272148123">
        <ele>654.0</ele>
      </trkpt>
      <trkpt lat="43.82574526085253" lon="3.4319883584976205">
        <ele>654.0</ele>
      </trkpt>
      <trkpt lat="43.82587878104439" lon="3.4320017695426954">
        <ele>654.0</ele>
      </trkpt>
      <trkpt lat="43.826027781485614" lon="3.432015180587768">
        <ele>654.0</ele>
      </trkpt>
      <trkpt lat="43.826167106237" lon="3.432020545005797">
        <ele>654.0</ele>
      </trkpt>
      <trkpt lat="43.82635093700862" lon="3.4320124983787537">
        <ele>654.0</ele>
      </trkpt>
      <trkpt lat="43.826511546587795" lon="3.4319937229156494">
        <ele>655.0</ele>
      </trkpt>
      <trkpt lat="43.826668285640054" lon="3.4319937229156503">
        <ele>655.0</ele>
      </trkpt>
      <trkpt lat="43.82686179007503" lon="3.431969583034514">
        <ele>655.0</ele>
      </trkpt>
      <trkpt lat="43.827008853026115" lon="3.4319615364074703">
        <ele>655.0</ele>
      </trkpt>
      <trkpt lat="43.82712108503449" lon="3.4319803118705745">
        <ele>655.0</ele>
      </trkpt>
      <trkpt lat="43.827200421326914" lon="3.4319964051246625">
        <ele>655.0</ele>
      </trkpt>
      <trkpt lat="43.82727782248616" lon="3.432001769542694">
        <ele>655.0</ele>
      </trkpt>
      <trkpt lat="43.82732619815972" lon="3.431991040706635">
        <ele>655.0</ele>
      </trkpt>
      <trkpt lat="43.82744713704648" lon="3.4319736063849215">
        <ele>655.0</ele>
      </trkpt>
      <trkpt lat="43.82756807593953" lon="3.43195617198944">
        <ele>655.0</ele>
      </trkpt>
      <trkpt lat="43.8276261264608" lon="3.431940078735352">
        <ele>656.0</ele>
      </trkpt>
      <trkpt lat="43.8277751225404" lon="3.4318757057189955">
        <ele>656.0</ele>
      </trkpt>
      <trkpt lat="43.827889288115976" lon="3.4318676590919486">
        <ele>656.0</ele>
      </trkpt>
      <trkpt lat="43.82789257587867" lon="3.431867425383091">
        <ele>657.0</ele>
      </trkpt>
      <trkpt lat="43.828040218541744" lon="3.43185693025589">
        <ele>657.0</ele>
      </trkpt>
      <trkpt lat="43.82819308358391" lon="3.4317979216575614">
        <ele>657.0</ele>
      </trkpt>
      <trkpt lat="43.828260808477474" lon="3.431797921657564">
        <ele>658.0</ele>
      </trkpt>
      <trkpt lat="43.828404965317425" lon="3.4318234025789467">
        <ele>658.0</ele>
      </trkpt>
      <trkpt lat="43.82854912216435" lon="3.431848883628845">
        <ele>659.0</ele>
      </trkpt>
      <trkpt lat="43.828744555482324" lon="3.4319078922271733">
        <ele>659.0</ele>
      </trkpt>
      <trkpt lat="43.828849044320506" lon="3.4319534897804256">
        <ele>660.0</ele>
      </trkpt>
      <trkpt lat="43.82891096354568" lon="3.4319910407066345">
        <ele>660.0</ele>
      </trkpt>
      <trkpt lat="43.82905221653773" lon="3.432009816169741">
        <ele>661.0</ele>
      </trkpt>
      <trkpt lat="43.829241843316595" lon="3.4320393204689035">
        <ele>662.0</ele>
      </trkpt>
      <trkpt lat="43.82942566461889" lon="3.432066142559051">
        <ele>663.0</ele>
      </trkpt>
      <trkpt lat="43.82956111153204" lon="3.432039320468902">
        <ele>663.0</ele>
      </trkpt>
      <trkpt lat="43.82971397267913" lon="3.432098329067228">
        <ele>665.0</ele>
      </trkpt>
      <trkpt lat="43.829845549049196" lon="3.431934714317321">
        <ele>666.0</ele>
      </trkpt>
      <trkpt lat="43.82996164560538" lon="3.431816697120667">
        <ele>667.0</ele>
      </trkpt>
      <trkpt lat="43.83010870076089" lon="3.431736231057224">
        <ele>668.0</ele>
      </trkpt>
      <trkpt lat="43.83025575587047" lon="3.4316557645797725">
        <ele>669.0</ele>
      </trkpt>
      <trkpt lat="43.830378623753866" lon="3.43160748492128">
        <ele>670.0</ele>
      </trkpt>
      <trkpt lat="43.8305014916253" lon="3.4315592050552373">
        <ele>671.0</ele>
      </trkpt>
      <trkpt lat="43.830691113504706" lon="3.4314975144525386">
        <ele>672.0</ele>
      </trkpt>
      <trkpt lat="43.83088073537157" lon="3.4314358234405544">
        <ele>673.0</ele>
      </trkpt>
      <trkpt lat="43.831027788420705" lon="3.4313634037971505">
        <ele>675.0</ele>
      </trkpt>
      <trkpt lat="43.83119225521751" lon="3.4312856197357173">
        <ele>676.0</ele>
      </trkpt>
      <trkpt lat="43.831263846505145" lon="3.431277573108674">
        <ele>677.0</ele>
      </trkpt>
      <trkpt lat="43.83144959647255" lon="3.4312909841537484">
        <ele>678.0</ele>
      </trkpt>
      <trkpt lat="43.83154827590758" lon="3.431296348571776">
        <ele>679.0</ele>
      </trkpt>
      <trkpt lat="43.83167017380794" lon="3.4313097596168496">
        <ele>680.0</ele>
      </trkpt>
      <trkpt lat="43.8318191597925" lon="3.4313634037971505">
        <ele>681.0</ele>
      </trkpt>
      <trkpt lat="43.83188688057169" lon="3.431358039379118">
        <ele>682.0</ele>
      </trkpt>
      <trkpt lat="43.831973950031895" lon="3.4313526749610914">
        <ele>683.0</ele>
      </trkpt>
      <trkpt lat="43.83205521474691" lon="3.431336581707002">
        <ele>684.0</ele>
      </trkpt>
      <trkpt lat="43.832084237832575" lon="3.431341946125031">
        <ele>686.0</ele>
      </trkpt>
      <trkpt lat="43.83217517674291" lon="3.431411683559416">
        <ele>687.0</ele>
      </trkpt>
      <trkpt lat="43.83236576083425" lon="3.4315726155637347">
        <ele>688.0</ele>
      </trkpt>
      <trkpt lat="43.83255634471069" lon="3.431733548641205">
        <ele>690.0</ele>
      </trkpt>
      <trkpt lat="43.83269565422334" lon="3.431859612464904">
        <ele>691.0</ele>
      </trkpt>
      <trkpt lat="43.83284542367982" lon="3.432028591632842">
        <ele>692.0</ele>
      </trkpt>
      <trkpt lat="43.83288412061187" lon="3.4321036934852605">
        <ele>694.0</ele>
      </trkpt>
      <trkpt lat="43.83293442658604" lon="3.432068824768065">
        <ele>695.0</ele>
      </trkpt>
      <trkpt lat="43.83300988546774" lon="3.432012498378753">
        <ele>696.0</ele>
      </trkpt>
      <trkpt lat="43.83306019133588" lon="3.4319937229156485">
        <ele>697.0</ele>
      </trkpt>
      <trkpt lat="43.83312210619229" lon="3.431996405124663">
        <ele>698.0</ele>
      </trkpt>
      <trkpt lat="43.83318015131181" lon="3.4320044517517085">
        <ele>698.0</ele>
      </trkpt>
      <trkpt lat="43.833313654872526" lon="3.4319642186164865">
        <ele>699.0</ele>
      </trkpt>
      <trkpt lat="43.833422005368895" lon="3.431977629661559">
        <ele>699.0</ele>
      </trkpt>
      <trkpt lat="43.833462636754305" lon="3.431958854198456">
        <ele>699.0</ele>
      </trkpt>
      <trkpt lat="43.833514877066364" lon="3.4319213032722473">
        <ele>699.0</ele>
      </trkpt>
      <trkpt lat="43.83356131286087" lon="3.431838154792786">
        <ele>699.0</ele>
      </trkpt>
      <trkpt lat="43.833607748619286" lon="3.4317496418952946">
        <ele>699.0</ele>
      </trkpt>
      <trkpt lat="43.833665793266476" lon="3.431674540042876">
        <ele>699.0</ele>
      </trkpt>
      <trkpt lat="43.8337257726759" lon="3.431612849235535">
        <ele>698.0</ele>
      </trkpt>
      <trkpt lat="43.83375866458453" lon="3.4315431118011475">
        <ele>698.0</ele>
      </trkpt>
      <trkpt lat="43.83381090463746" lon="3.4314841032028194">
        <ele>697.0</ele>
      </trkpt>
      <trkpt lat="43.833868949087034" lon="3.4314653277397156">
        <ele>697.0</ele>
      </trkpt>
      <trkpt lat="43.83394247197547" lon="3.431451916694642">
        <ele>697.0</ele>
      </trkpt>
      <trkpt lat="43.83403534286295" lon="3.431470692157744">
        <ele>696.0</ele>
      </trkpt>
      <trkpt lat="43.83413401802258" lon="3.43148946762085">
        <ele>696.0</ele>
      </trkpt>
      <trkpt lat="43.8341959317649" lon="3.431548476219177">
        <ele>695.0</ele>
      </trkpt>
      <trkpt lat="43.83428493265698" lon="3.431695997714995">
        <ele>695.0</ele>
      </trkpt>
      <trkpt lat="43.83437780301152" lon="3.431875705718994">
        <ele>694.0</ele>
      </trkpt>
      <trkpt lat="43.834432944858314" lon="3.432067483478549">
        <ele>694.0</ele>
      </trkpt>
      <trkpt lat="43.83448808636985" lon="3.4322592616081233">
        <ele>694.0</ele>
      </trkpt>
      <trkpt lat="43.83456701986535" lon="3.4323504567146297">
        <ele>693.0</ele>
      </trkpt>
      <trkpt lat="43.834704782901206" lon="3.4324282407760602">
        <ele>693.0</ele>
      </trkpt>
      <trkpt lat="43.83482087000511" lon="3.4323772788047795">
        <ele>692.0</ele>
      </trkpt>
      <trkpt lat="43.83492069264122" lon="3.4323397278785714">
        <ele>691.0</ele>
      </trkpt>
      <trkpt lat="43.83502323589027" lon="3.4322968125343296">
        <ele>690.0</ele>
      </trkpt>
      <trkpt lat="43.83517995259082" lon="3.4321895241737375">
        <ele>689.0</ele>
      </trkpt>
      <trkpt lat="43.83531538644494" lon="3.4320741891860966">
        <ele>688.0</ele>
      </trkpt>
      <trkpt lat="43.835448885228935" lon="3.4319481253623976">
        <ele>687.0</ele>
      </trkpt>
      <trkpt lat="43.83560366605381" lon="3.4317871928215022">
        <ele>686.0</ele>
      </trkpt>
      <trkpt lat="43.835723620917015" lon="3.431631624698639">
        <ele>685.0</ele>
      </trkpt>
      <trkpt lat="43.83580681529471" lon="3.431501537750762">
        <ele>684.0</ele>
      </trkpt>
      <trkpt lat="43.835890009521535" lon="3.4313714504241943">
        <ele>683.0</ele>
      </trkpt>
      <trkpt lat="43.83596352996388" lon="3.431230634632042">
        <ele>682.0</ele>
      </trkpt>
      <trkpt lat="43.83603705022778" lon="3.4310898184776315">
        <ele>682.0</ele>
      </trkpt>
      <trkpt lat="43.836120244151076" lon="3.4309208393096933">
        <ele>681.0</ele>
      </trkpt>
      <trkpt lat="43.836157004219814" lon="3.4307464957237244">
        <ele>681.0</ele>
      </trkpt>
      <trkpt lat="43.836172482136675" lon="3.430692851543424">
        <ele>681.0</ele>
      </trkpt>
      <trkpt lat="43.83619222266776" lon="3.4305118024974486">
        <ele>681.0</ele>
      </trkpt>
      <trkpt lat="43.8362119628986" lon="3.4303307533264165">
        <ele>680.0</ele>
      </trkpt>
      <trkpt lat="43.83631837339845" lon="3.4301059297285974">
        <ele>680.0</ele>
      </trkpt>
      <trkpt lat="43.83644800047785" lon="3.4298752597533175">
        <ele>680.0</ele>
      </trkpt>
      <trkpt lat="43.83660858288719" lon="3.429682140704244">
        <ele>680.0</ele>
      </trkpt>
      <trkpt lat="43.83677496902416" lon="3.429561441298575">
        <ele>679.0</ele>
      </trkpt>
      <trkpt lat="43.836964571265796" lon="3.4294219664297994">
        <ele>679.0</ele>
      </trkpt>
      <trkpt lat="43.837132891118365" lon="3.4292771271429947">
        <ele>679.0</ele>
      </trkpt>
      <trkpt lat="43.83729347168455" lon="3.4291108301840727">
        <ele>678.0</ele>
      </trkpt>
      <trkpt lat="43.83745211712079" lon="3.4289498976431787">
        <ele>678.0</ele>
      </trkpt>
      <trkpt lat="43.8375856111245" lon="3.428858702536673">
        <ele>677.0</ele>
      </trkpt>
      <trkpt lat="43.83776940672782" lon="3.428802376147359">
        <ele>677.0</ele>
      </trkpt>
      <trkpt lat="43.83789709584006" lon="3.428755437594462">
        <ele>676.0</ele>
      </trkpt>
      <trkpt lat="43.8380247849422" lon="3.428708498831838">
        <ele>676.0</ele>
      </trkpt>
      <trkpt lat="43.83815053882849" lon="3.428689723410044">
        <ele>676.0</ele>
      </trkpt>
      <trkpt lat="43.83827629272135" lon="3.4286709479056294">
        <ele>676.0</ele>
      </trkpt>
      <trkpt lat="43.8384097847264" lon="3.4286749712097544">
        <ele>676.0</ele>
      </trkpt>
      <trkpt lat="43.83854327674233" lon="3.428678994532675">
        <ele>675.0</ele>
      </trkpt>
      <trkpt lat="43.83870578817018" lon="3.428705816622823">
        <ele>675.0</ele>
      </trkpt>
      <trkpt lat="43.83882186749051" lon="3.4287380031310017">
        <ele>675.0</ele>
      </trkpt>
      <trkpt lat="43.83895342378058" lon="3.428786282893271">
        <ele>675.0</ele>
      </trkpt>
      <trkpt lat="43.8389549794072" lon="3.4287873231964454">
        <ele>674.0</ele>
      </trkpt>
      <trkpt lat="43.83911786873525" lon="3.4288962534628804">
        <ele>674.0</ele>
      </trkpt>
      <trkpt lat="43.83921943738491" lon="3.428967331875462">
        <ele>673.0</ele>
      </trkpt>
      <trkpt lat="43.839321005994655" lon="3.4290384105406706">
        <ele>673.0</ele>
      </trkpt>
      <trkpt lat="43.83942644356303" lon="3.4291148533565727">
        <ele>672.0</ele>
      </trkpt>
      <trkpt lat="43.83953188108472" lon="3.429191296454518">
        <ele>671.0</ele>
      </trkpt>
      <trkpt lat="43.839634416409694" lon="3.429285173770041">
        <ele>671.0</ele>
      </trkpt>
      <trkpt lat="43.83980466335248" lon="3.4294541529379776">
        <ele>670.0</ele>
      </trkpt>
      <trkpt lat="43.83991106741798" lon="3.4295788754249714">
        <ele>669.0</ele>
      </trkpt>
      <trkpt lat="43.840017471347906" lon="3.429703598376363">
        <ele>668.0</ele>
      </trkpt>
      <trkpt lat="43.8401229077285" lon="3.4298269797634333">
        <ele>668.0</ele>
      </trkpt>
      <trkpt lat="43.84022834397644" lon="3.429950361605733">
        <ele>667.0</ele>
      </trkpt>
      <trkpt lat="43.840333779967374" lon="3.430057649768405">
        <ele>666.0</ele>
      </trkpt>
      <trkpt lat="43.84043921585969" lon="3.430164938326925">
        <ele>666.0</ele>
      </trkpt>
      <trkpt lat="43.84058624535563" lon="3.4303365997038777">
        <ele>665.0</ele>
      </trkpt>
      <trkpt lat="43.84065298892452" lon="3.4304640044833">
        <ele>665.0</ele>
      </trkpt>
      <trkpt lat="43.84071973234736" lon="3.430591409560293">
        <ele>664.0</ele>
      </trkpt>
      <trkpt lat="43.840768097125704" lon="3.4307228378020227">
        <ele>664.0</ele>
      </trkpt>
      <trkpt lat="43.84082613480799" lon="3.4309132746420805">
        <ele>664.0</ele>
      </trkpt>
      <trkpt lat="43.840866761152014" lon="3.4311385801993306">
        <ele>664.0</ele>
      </trkpt>
      <trkpt lat="43.840907387604226" lon="3.4313196291791406">
        <ele>664.0</ele>
      </trkpt>
      <trkpt lat="43.84094801375704" lon="3.431500678416342">
        <ele>664.0</ele>
      </trkpt>
      <trkpt lat="43.84099541132759" lon="3.431751464751253">
        <ele>664.0</ele>
      </trkpt>
      <trkpt lat="43.84104280832303" lon="3.4320022515021256">
        <ele>664.0</ele>
      </trkpt>
      <trkpt lat="43.84108536909962" lon="3.432291930075734">
        <ele>664.0</ele>
      </trkpt>
      <trkpt lat="43.84112019153057" lon="3.432431404944509">
        <ele>664.0</ele>
      </trkpt>
      <trkpt lat="43.841162752251904" lon="3.432517235632985">
        <ele>664.0</ele>
      </trkpt>
      <trkpt lat="43.841220789550285" lon="3.4325708798132846">
        <ele>664.0</ele>
      </trkpt>
      <trkpt lat="43.84128849966039" lon="3.432613795157522">
        <ele>664.0</ele>
      </trkpt>
      <trkpt lat="43.8413620134072" lon="3.4326352528296415">
        <ele>663.0</ele>
      </trkpt>
      <trkpt lat="43.841456807315396" lon="3.4326325706206253">
        <ele>663.0</ele>
      </trkpt>
      <trkpt lat="43.8416725108568" lon="3.4326137952283844">
        <ele>662.0</ele>
      </trkpt>
      <trkpt lat="43.841888214423776" lon="3.4325950196944177">
        <ele>662.0</ele>
      </trkpt>
      <trkpt lat="43.84209424370447" lon="3.4325789264983446">
        <ele>662.0</ele>
      </trkpt>
      <trkpt lat="43.84230027300906" lon="3.4325628331862386">
        <ele>661.0</ele>
      </trkpt>
      <trkpt lat="43.84251500623819" lon="3.4325413755947416">
        <ele>661.0</ele>
      </trkpt>
      <trkpt lat="43.842729739491574" lon="3.4325199178420003">
        <ele>660.0</ele>
      </trkpt>
      <trkpt lat="43.842923191203326" lon="3.4325065068877167">
        <ele>660.0</ele>
      </trkpt>
      <trkpt lat="43.84311664293656" lon="3.4324930958426423">
        <ele>660.0</ele>
      </trkpt>
      <trkpt lat="43.84331009469129" lon="3.4324796847067764">
        <ele>660.0</ele>
      </trkpt>
      <trkpt lat="43.843435837437184" lon="3.4324662736912104">
        <ele>660.0</ele>
      </trkpt>
      <trkpt lat="43.84356158019117" lon="3.432452862616628">
        <ele>661.0</ele>
      </trkpt>
      <trkpt lat="43.843563967626324" lon="3.4324527146747377">
        <ele>661.0</ele>
      </trkpt>
      <trkpt lat="43.84373471740917" lon="3.4324421338130713">
        <ele>661.0</ele>
      </trkpt>
      <trkpt lat="43.84390785464466" lon="3.432431404944509">
        <ele>662.0</ele>
      </trkpt>
      <trkpt lat="43.84403939957043" lon="3.4324206761331437">
        <ele>662.0</ele>
      </trkpt>
      <trkpt lat="43.844170944505834" lon="3.43240994727239">
        <ele>662.0</ele>
      </trkpt>
      <trkpt lat="43.84433440761041" lon="3.432405923970375">
        <ele>663.0</ele>
      </trkpt>
      <trkpt lat="43.8444978707313" lon="3.4324019006453446">
        <ele>663.0</ele>
      </trkpt>
      <trkpt lat="43.8446468244971" lon="3.4323938540392738">
        <ele>663.0</ele>
      </trkpt>
      <trkpt lat="43.844795778276" lon="3.432385807391256">
        <ele>664.0</ele>
      </trkpt>
      <trkpt lat="43.84494763297239" lon="3.4323858073912556">
        <ele>664.0</ele>
      </trkpt>
      <trkpt lat="43.84509948768298" lon="3.432385807391255">
        <ele>665.0</ele>
      </trkpt>
      <trkpt lat="43.84526198102358" lon="3.4323884895926433">
        <ele>665.0</ele>
      </trkpt>
      <trkpt lat="43.845424474380415" lon="3.4323911718092854">
        <ele>665.0</ele>
      </trkpt>
      <trkpt lat="43.84556568811315" lon="3.4323911718092854">
        <ele>666.0</ele>
      </trkpt>
      <trkpt lat="43.84570690185817" lon="3.4323911718092854">
        <ele>666.0</ele>
      </trkpt>
      <trkpt lat="43.845828770836256" lon="3.4323777607642114">
        <ele>666.0</ele>
      </trkpt>
      <trkpt lat="43.84600286894445" lon="3.432291930075734">
        <ele>667.0</ele>
      </trkpt>
      <trkpt lat="43.84611506514346" lon="3.432227557185759">
        <ele>667.0</ele>
      </trkpt>
      <trkpt lat="43.84622726131225" lon="3.43216318404302">
        <ele>668.0</ele>
      </trkpt>
      <trkpt lat="43.8463384898839" lon="3.4321028344576465">
        <ele>668.0</ele>
      </trkpt>
      <trkpt lat="43.8464497184298" lon="3.43204248463735">
        <ele>668.0</ele>
      </trkpt>
      <trkpt lat="43.84657061858199" lon="3.4319767706555093">
        <ele>668.0</ele>
      </trkpt>
      <trkpt lat="43.846691518703615" lon="3.43191105639562">
        <ele>669.0</ele>
      </trkpt>
      <trkpt lat="43.84685594232993" lon="3.4318252257071427">
        <ele>669.0</ele>
      </trkpt>
      <trkpt lat="43.84694685872868" lon="3.4317367128096525">
        <ele>670.0</ele>
      </trkpt>
      <trkpt lat="43.84704164376286" lon="3.431484585162252">
        <ele>670.0</ele>
      </trkpt>
      <trkpt lat="43.84715577248167" lon="3.4312512329779556">
        <ele>671.0</ele>
      </trkpt>
      <trkpt lat="43.84725442594402" lon="3.43102324521169">
        <ele>671.0</ele>
      </trkpt>
      <trkpt lat="43.847356947996715" lon="3.4307979396544397">
        <ele>672.0</ele>
      </trkpt>
      <trkpt lat="43.847430454265655" lon="3.4306611469946797">
        <ele>673.0</ele>
      </trkpt>
      <trkpt lat="43.847507829187734" lon="3.430494850035757">
        <ele>673.0</ele>
      </trkpt>
      <trkpt lat="43.84754071349923" lon="3.430376832839101">
        <ele>674.0</ele>
      </trkpt>
      <trkpt lat="43.84757069633544" lon="3.43022528810927">
        <ele>675.0</ele>
      </trkpt>
      <trkpt lat="43.84760067896173" lon="3.430073743220418">
        <ele>675.0</ele>
      </trkpt>
      <trkpt lat="43.84763936643258" lon="3.4299114696848743">
        <ele>676.0</ele>
      </trkpt>
      <trkpt lat="43.84767805366299" lon="3.4297491959296162">
        <ele>677.0</ele>
      </trkpt>
      <trkpt lat="43.847710937987955" lon="3.429589604585066">
        <ele>677.0</ele>
      </trkpt>
      <trkpt lat="43.84774382208017" lon="3.4294300130568445">
        <ele>678.0</ele>
      </trkpt>
      <trkpt lat="43.84778444371336" lon="3.4291725209914143">
        <ele>678.0</ele>
      </trkpt>
      <trkpt lat="43.84782893404178" lon="3.42890161788091">
        <ele>679.0</ele>
      </trkpt>
      <trkpt lat="43.84786762125689" lon="3.4286065748892725">
        <ele>680.0</ele>
      </trkpt>
      <trkpt lat="43.84788793219976" lon="3.428414797012869">
        <ele>681.0</ele>
      </trkpt>
      <trkpt lat="43.84790824280579" lon="3.4282230190001433">
        <ele>681.0</ele>
      </trkpt>
      <trkpt lat="43.84793242247388" lon="3.4280178300973225">
        <ele>682.0</ele>
      </trkpt>
      <trkpt lat="43.847956601756486" lon="3.4278126410208634">
        <ele>683.0</ele>
      </trkpt>
      <trkpt lat="43.84801269809018" lon="3.427525644656271">
        <ele>684.0</ele>
      </trkpt>
      <trkpt lat="43.84808620355103" lon="3.427297656890005">
        <ele>684.0</ele>
      </trkpt>
      <trkpt lat="43.848125857859415" lon="3.42715147660013">
        <ele>685.0</ele>
      </trkpt>
      <trkpt lat="43.848165511972965" lon="3.4270052961073816">
        <ele>685.0</ele>
      </trkpt>
      <trkpt lat="43.84822160811017" lon="3.426863139029592">
        <ele>686.0</ele>
      </trkpt>
      <trkpt lat="43.8483299315362" lon="3.4266968420706694">
        <ele>686.0</ele>
      </trkpt>
      <trkpt lat="43.8484092396341" lon="3.426592235919088">
        <ele>686.0</ele>
      </trkpt>
      <trkpt lat="43.848447926472836" lon="3.4265810251235966">
        <ele>686.0</ele>
      </trkpt>
      <trkpt lat="43.84847887592575" lon="3.4263235330581674">
        <ele>687.0</ele>
      </trkpt>
      <trkpt lat="43.8485156285442" lon="3.4261277319260075">
        <ele>687.0</ele>
      </trkpt>
      <trkpt lat="43.848552380812116" lon="3.425931930541992">
        <ele>687.0</ele>
      </trkpt>
      <trkpt lat="43.84859493638853" lon="3.425737470533225">
        <ele>687.0</ele>
      </trkpt>
      <trkpt lat="43.84863749161947" lon="3.4255430102348345">
        <ele>688.0</ele>
      </trkpt>
      <trkpt lat="43.84869552226021" lon="3.4252721076745267">
        <ele>688.0</ele>
      </trkpt>
      <trkpt lat="43.8487535522304" lon="3.4250012045640204">
        <ele>688.0</ele>
      </trkpt>
      <trkpt lat="43.84881158153005" lon="3.4247303009033203">
        <ele>689.0</ele>
      </trkpt>
      <trkpt lat="43.84883769508956" lon="3.4245666862281783">
        <ele>689.0</ele>
      </trkpt>
      <trkpt lat="43.84886380840413" lon="3.4244030714035025">
        <ele>689.0</ele>
      </trkpt>
      <trkpt lat="43.84886380840464" lon="3.4242716431617737">
        <ele>689.0</ele>
      </trkpt>
      <trkpt lat="43.84885607109227" lon="3.424156308174131">
        <ele>689.0</ele>
      </trkpt>
      <trkpt lat="43.84881545018946" lon="3.4239873290061946">
        <ele>689.0</ele>
      </trkpt>
      <trkpt lat="43.84877096059636" lon="3.4238290786743173">
        <ele>689.0</ele>
      </trkpt>
      <trkpt lat="43.84874194562729" lon="3.423692286014557">
        <ele>689.0</ele>
      </trkpt>
      <trkpt lat="43.84873420829918" lon="3.4235796332359305">
        <ele>689.0</ele>
      </trkpt>
      <trkpt lat="43.84874387995903" lon="3.4234696626663212">
        <ele>688.0</ele>
      </trkpt>
      <trkpt lat="43.84876902626599" lon="3.423348963260651">
        <ele>688.0</ele>
      </trkpt>
      <trkpt lat="43.84882512183561" lon="3.4232255816459656">
        <ele>687.0</ele>
      </trkpt>
      <trkpt lat="43.84892183821061" lon="3.4230834245681745">
        <ele>687.0</ele>
      </trkpt>
      <trkpt lat="43.84902435735617" lon="3.422978818604262">
        <ele>686.0</ele>
      </trkpt>
      <trkpt lat="43.84912687640794" lon="3.422874212265016">
        <ele>686.0</ele>
      </trkpt>
      <trkpt lat="43.84927195008288" lon="3.422736078851431">
        <ele>685.0</ele>
      </trkpt>
      <trkpt lat="43.84941702359592" lon="3.422597944736481">
        <ele>684.0</ele>
      </trkpt>
      <trkpt lat="43.8495253448509" lon="3.42244505882263">
        <ele>684.0</ele>
      </trkpt>
      <trkpt lat="43.8495853083187" lon="3.422302901744842">
        <ele>683.0</ele>
      </trkpt>
      <trkpt lat="43.849645271725734" lon="3.4221178293228154">
        <ele>682.0</ele>
      </trkpt>
      <trkpt lat="43.849700399510716" lon="3.4219005706021997">
        <ele>682.0</ele>
      </trkpt>
      <trkpt lat="43.84975552686498" lon="3.4216833114624">
        <ele>681.0</ele>
      </trkpt>
      <trkpt lat="43.849835800912004" lon="3.4214325259763907">
        <ele>681.0</ele>
      </trkpt>
      <trkpt lat="43.84991607438659" lon="3.4211817397857907">
        <ele>681.0</ele>
      </trkpt>
      <trkpt lat="43.84999634728872" lon="3.420930952890603">
        <ele>681.0</ele>
      </trkpt>
      <trkpt lat="43.8500766196184" lon="3.4206801652908325">
        <ele>681.0</ele>
      </trkpt>
      <trkpt lat="43.85016301892271" lon="3.4204266984550817">
        <ele>681.0</ele>
      </trkpt>
      <trkpt lat="43.8502494176428" lon="3.4201732308528654">
        <ele>681.0</ele>
      </trkpt>
      <trkpt lat="43.85033581577869" lon="3.419919762484186">
        <ele>681.0</ele>
      </trkpt>
      <trkpt lat="43.85042221333039" lon="3.419666293349047">
        <ele>682.0</ele>
      </trkpt>
      <trkpt lat="43.850508610297844" lon="3.4194128234474466">
        <ele>682.0</ele>
      </trkpt>
      <trkpt lat="43.8505950066811" lon="3.419159352779388">
        <ele>683.0</ele>
      </trkpt>
      <trkpt lat="43.850678503852485" lon="3.418905885879291">
        <ele>683.0</ele>
      </trkpt>
      <trkpt lat="43.85076200043937" lon="3.4186524182384663">
        <ele>684.0</ele>
      </trkpt>
      <trkpt lat="43.85084549644176" lon="3.4183989498569174">
        <ele>685.0</ele>
      </trkpt>
      <trkpt lat="43.85092899185962" lon="3.418145480734647">
        <ele>685.0</ele>
      </trkpt>
      <trkpt lat="43.85101248669297" lon="3.417892010871657">
        <ele>686.0</ele>
      </trkpt>
      <trkpt lat="43.851095980941814" lon="3.4176385402679474">
        <ele>686.0</ele>
      </trkpt>
      <trkpt lat="43.851182378058276" lon="3.4173899896508257">
        <ele>687.0</ele>
      </trkpt>
      <trkpt lat="43.85126877461313" lon="3.4171414382821115">
        <ele>687.0</ele>
      </trkpt>
      <trkpt lat="43.85135517060642" lon="3.4168928861618055">
        <ele>688.0</ele>
      </trkpt>
      <trkpt lat="43.85144221215197" lon="3.4166318186130233">
        <ele>688.0</ele>
      </trkpt>
      <trkpt lat="43.85152925307757" lon="3.4163707502689045">
        <ele>689.0</ele>
      </trkpt>
      <trkpt lat="43.85161629338321" lon="3.4161096811294556">
        <ele>689.0</ele>
      </trkpt>
      <trkpt lat="43.85168592628373" lon="3.4158159796002256">
        <ele>690.0</ele>
      </trkpt>
      <trkpt lat="43.85175545130608" lon="3.4155227290571966">
        <ele>690.0</ele>
      </trkpt>
      <trkpt lat="43.85175555839669" lon="3.4155222773551945">
        <ele>690.0</ele>
      </trkpt>
      <trkpt lat="43.85179424364234" lon="3.415265679706865">
        <ele>691.0</ele>
      </trkpt>
      <trkpt lat="43.85183292828549" lon="3.415009081711106">
        <ele>691.0</ele>
      </trkpt>
      <trkpt lat="43.851871612326136" lon="3.4147524833679195">
        <ele>692.0</ele>
      </trkpt>
      <trkpt lat="43.851912231618485" lon="3.4145191315153762">
        <ele>693.0</ele>
      </trkpt>
      <trkpt lat="43.851952850412815" lon="3.414285779331079">
        <ele>693.0</ele>
      </trkpt>
      <trkpt lat="43.85199346870911" lon="3.4140524268150316">
        <ele>694.0</ele>
      </trkpt>
      <trkpt lat="43.85205536436722" lon="3.4138154988653246">
        <ele>694.0</ele>
      </trkpt>
      <trkpt lat="43.85211725951322" lon="3.4135785704023416">
        <ele>695.0</ele>
      </trkpt>
      <trkpt lat="43.85217915414713" lon="3.4133416414260855">
        <ele>695.0</ele>
      </trkpt>
      <trkpt lat="43.85217722012988" lon="3.4131310880112897">
        <ele>696.0</ele>
      </trkpt>
      <trkpt lat="43.85217528570634" lon="3.4129205346107483">
        <ele>696.0</ele>
      </trkpt>
      <trkpt lat="43.85216561484081" lon="3.4126925468058964">
        <ele>697.0</ele>
      </trkpt>
      <trkpt lat="43.85215594349897" lon="3.412464559078217">
        <ele>697.0</ele>
      </trkpt>
      <trkpt lat="43.85217915414712" lon="3.412166833877564">
        <ele>698.0</ele>
      </trkpt>
      <trkpt lat="43.85226425978018" lon="3.4119173884391785">
        <ele>698.0</ele>
      </trkpt>
      <trkpt lat="43.852372575863626" lon="3.4116679430007917">
        <ele>698.0</ele>
      </trkpt>
      <trkpt lat="43.852491529955664" lon="3.4114748243537436">
        <ele>699.0</ele>
      </trkpt>
      <trkpt lat="43.852610483714614" lon="3.4112817049026463">
        <ele>700.0</ele>
      </trkpt>
      <trkpt lat="43.852701391359375" lon="3.411142230255768">
        <ele>700.0</ele>
      </trkpt>
      <trkpt lat="43.85279229883094" lon="3.4110027551651005">
        <ele>701.0</ele>
      </trkpt>
      <trkpt lat="43.852846456495854" lon="3.4108525516026282">
        <ele>701.0</ele>
      </trkpt>
      <trkpt lat="43.85290061395582" lon="3.410702347755432">
        <ele>702.0</ele>
      </trkpt>
      <trkpt lat="43.85295283724929" lon="3.410418033599852">
        <ele>702.0</ele>
      </trkpt>
      <trkpt lat="43.852952837249816" lon="3.4101873636245728">
        <ele>703.0</ele>
      </trkpt>
      <trkpt lat="43.85294123207745" lon="3.4099647402763367">
        <ele>704.0</ele>
      </trkpt>
      <trkpt lat="43.8529296269028" lon="3.409755527973175">
        <ele>704.0</ele>
      </trkpt>
      <trkpt lat="43.85289867975891" lon="3.4095919132232666">
        <ele>705.0</ele>
      </trkpt>
      <trkpt lat="43.852832917115954" lon="3.409424945519931">
        <ele>706.0</ele>
      </trkpt>
      <trkpt lat="43.85276715422017" lon="3.409257978200915">
        <ele>706.0</ele>
      </trkpt>
      <trkpt lat="43.85268785191695" lon="3.4090581536293034">
        <ele>707.0</ele>
      </trkpt>
      <trkpt lat="43.85264336521288" lon="3.408771157264709">
        <ele>707.0</ele>
      </trkpt>
      <trkpt lat="43.85262595747745" lon="3.4086115657797054">
        <ele>708.0</ele>
      </trkpt>
      <trkpt lat="43.852608549508794" lon="3.4084519743919377">
        <ele>708.0</ele>
      </trkpt>
      <trkpt lat="43.85259501020435" lon="3.408274948555008">
        <ele>709.0</ele>
      </trkpt>
      <trkpt lat="43.85258147061285" lon="3.4080979228019705">
        <ele>709.0</ele>
      </trkpt>
      <trkpt lat="43.85259404309234" lon="3.4079262614627868">
        <ele>709.0</ele>
      </trkpt>
      <trkpt lat="43.852606615301866" lon="3.4077546000480643">
        <ele>710.0</ele>
      </trkpt>
      <trkpt lat="43.85267431248881" lon="3.4074595570564274">
        <ele>710.0</ele>
      </trkpt>
      <trkpt lat="43.852745878249316" lon="3.4072682266259564">
        <ele>711.0</ele>
      </trkpt>
      <trkpt lat="43.85281744367746" lon="3.4070768957162265">
        <ele>711.0</ele>
      </trkpt>
      <trkpt lat="43.852889008773275" lon="3.40688556432724">
        <ele>712.0</ele>
      </trkpt>
      <trkpt lat="43.85295283789166" lon="3.4066522129249317">
        <ele>713.0</ele>
      </trkpt>
      <trkpt lat="43.853016666513504" lon="3.406418861001298">
        <ele>714.0</ele>
      </trkpt>
      <trkpt lat="43.8530804946388" lon="3.4061855085563395">
        <ele>714.0</ele>
      </trkpt>
      <trkpt lat="43.8531443222676" lon="3.405952155590057">
        <ele>715.0</ele>
      </trkpt>
      <trkpt lat="43.85322555834639" lon="3.4057679777613865">
        <ele>716.0</ele>
      </trkpt>
      <trkpt lat="43.85330679411838" lon="3.405583799409032">
        <ele>717.0</ele>
      </trkpt>
      <trkpt lat="43.853388029583535" lon="3.4053996205329904">
        <ele>717.0</ele>
      </trkpt>
      <trkpt lat="43.85343251582773" lon="3.40524271142778">
        <ele>718.0</ele>
      </trkpt>
      <trkpt lat="43.85347700184752" lon="3.405085802078248">
        <ele>719.0</ele>
      </trkpt>
      <trkpt lat="43.85352664607555" lon="3.404881060479206">
        <ele>719.0</ele>
      </trkpt>
      <trkpt lat="43.85357628992092" lon="3.404676318524402">
        <ele>720.0</ele>
      </trkpt>
      <trkpt lat="43.85362593338367" lon="3.4044715762138376">
        <ele>720.0</ele>
      </trkpt>
      <trkpt lat="43.85370330026863" lon="3.4042409062385555">
        <ele>720.0</ele>
      </trkpt>
      <trkpt lat="43.8537961403986" lon="3.404058516025543">
        <ele>721.0</ele>
      </trkpt>
      <trkpt lat="43.853892848713116" lon="3.4039270877838135">
        <ele>721.0</ele>
      </trkpt>
      <trkpt lat="43.85400116183864" lon="3.403819799423219">
        <ele>721.0</ele>
      </trkpt>
      <trkpt lat="43.85412107960473" lon="3.403759449847038">
        <ele>722.0</ele>
      </trkpt>
      <trkpt lat="43.8542409973463" lon="3.403699100017548">
        <ele>722.0</ele>
      </trkpt>
      <trkpt lat="43.85440056457159" lon="3.4036776424053516">
        <ele>722.0</ele>
      </trkpt>
      <trkpt lat="43.85455919290629" lon="3.403656310932085">
        <ele>722.0</ele>
      </trkpt>
      <trkpt lat="43.85456013180833" lon="3.4036561846733107">
        <ele>723.0</ele>
      </trkpt>
      <trkpt lat="43.85472066524417" lon="3.4036642312777476">
        <ele>723.0</ele>
      </trkpt>
      <trkpt lat="43.85488119869527" lon="3.403672277927401">
        <ele>724.0</ele>
      </trkpt>
      <trkpt lat="43.8551036226912" lon="3.403711616686683">
        <ele>724.0</ele>
      </trkpt>
      <trkpt lat="43.85532604670337" lon="3.4037509557522316">
        <ele>725.0</ele>
      </trkpt>
      <trkpt lat="43.855548470731755" lon="3.4037902951240535">
        <ele>726.0</ele>
      </trkpt>
      <trkpt lat="43.855759288460625" lon="3.403782248497009">
        <ele>727.0</ele>
      </trkpt>
      <trkpt lat="43.85589274150014" lon="3.4036776423454285">
        <ele>728.0</ele>
      </trkpt>
      <trkpt lat="43.85596623746656" lon="3.4034375849473752">
        <ele>729.0</ele>
      </trkpt>
      <trkpt lat="43.85603973290817" lon="3.40319752693176">
        <ele>730.0</ele>
      </trkpt>
      <trkpt lat="43.856109360518595" lon="3.4029547873117134">
        <ele>731.0</ele>
      </trkpt>
      <trkpt lat="43.85617898759201" lon="3.4027120471000685">
        <ele>732.0</ele>
      </trkpt>
      <trkpt lat="43.8562041307647" lon="3.4025081992149353">
        <ele>734.0</ele>
      </trkpt>
      <trkpt lat="43.856202196674914" lon="3.402293622493744">
        <ele>735.0</ele>
      </trkpt>
      <trkpt lat="43.85618962535512" lon="3.4020522236292914">
        <ele>736.0</ele>
      </trkpt>
      <trkpt lat="43.85617705350144" lon="3.4018108248710637">
        <ele>737.0</ele>
      </trkpt>
      <trkpt lat="43.85620703215208" lon="3.4015721083939856">
        <ele>738.0</ele>
      </trkpt>
      <trkpt lat="43.856237010281056" lon="3.4013333916664146">
        <ele>738.0</ele>
      </trkpt>
      <trkpt lat="43.856283429218514" lon="3.401079923532255">
        <ele>739.0</ele>
      </trkpt>
      <trkpt lat="43.85632984756854" lon="3.4008264549862592">
        <ele>739.0</ele>
      </trkpt>
      <trkpt lat="43.856376265331136" lon="3.400572986028433">
        <ele>740.0</ele>
      </trkpt>
      <trkpt lat="43.85642268250633" lon="3.4003195166587825">
        <ele>740.0</ele>
      </trkpt>
      <trkpt lat="43.856448792819045" lon="3.400106281139542">
        <ele>741.0</ele>
      </trkpt>
      <trkpt lat="43.85647490271551" lon="3.399893045425417">
        <ele>741.0</ele>
      </trkpt>
      <trkpt lat="43.856481672178894" lon="3.399694561981829">
        <ele>742.0</ele>
      </trkpt>
      <trkpt lat="43.856488441281286" lon="3.3994960784912105">
        <ele>742.0</ele>
      </trkpt>
      <trkpt lat="43.856448792822164" lon="3.3992774783048074">
        <ele>742.0</ele>
      </trkpt>
      <trkpt lat="43.8564091439261" lon="3.399058878421783">
        <ele>743.0</ele>
      </trkpt>
      <trkpt lat="43.856342418180844" lon="3.3988510069803755">
        <ele>743.0</ele>
      </trkpt>
      <trkpt lat="43.85627569204236" lon="3.3986431360244755">
        <ele>744.0</ele>
      </trkpt>
      <trkpt lat="43.85624861481203" lon="3.3984822034835815">
        <ele>745.0</ele>
      </trkpt>
      <trkpt lat="43.856246680723736" lon="3.3982944488525404">
        <ele>745.0</ele>
      </trkpt>
      <trkpt lat="43.85623991158689" lon="3.3980999886759227">
        <ele>746.0</ele>
      </trkpt>
      <trkpt lat="43.856233142103534" lon="3.3979055285453805">
        <ele>746.0</ele>
      </trkpt>
      <trkpt lat="43.85616448217699" lon="3.3976466950644135">
        <ele>747.0</ele>
      </trkpt>
      <trkpt lat="43.85609582163941" lon="3.397387862205503">
        <ele>747.0</ele>
      </trkpt>
      <trkpt lat="43.85608180057282" lon="3.3971028772878618">
        <ele>748.0</ele>
      </trkpt>
      <trkpt lat="43.856067778762075" lon="3.396817892510088">
        <ele>749.0</ele>
      </trkpt>
      <trkpt lat="43.856053756207196" lon="3.3965329078721904">
        <ele>749.0</ele>
      </trkpt>
      <trkpt lat="43.85603973290817" lon="3.3962479233741756">
        <ele>750.0</ele>
      </trkpt>
      <trkpt lat="43.85600395252238" lon="3.395954221303125">
        <ele>751.0</ele>
      </trkpt>
      <trkpt lat="43.85596817134689" lon="3.395660519599914">
        <ele>751.0</ele>
      </trkpt>
      <trkpt lat="43.855929489722826" lon="3.39538425188435">
        <ele>752.0</ele>
      </trkpt>
      <trkpt lat="43.85589080740026" lon="3.3951079845428476">
        <ele>753.0</ele>
      </trkpt>
      <trkpt lat="43.85581731161077" lon="3.394960462857274">
        <ele>753.0</ele>
      </trkpt>
      <trkpt lat="43.855743815625175" lon="3.394812941551208">
        <ele>754.0</ele>
      </trkpt>
      <trkpt lat="43.8556529126785" lon="3.3946546909675646">
        <ele>755.0</ele>
      </trkpt>
      <trkpt lat="43.8555620095074" lon="3.3944964408874525">
        <ele>755.0</ele>
      </trkpt>
      <trkpt lat="43.85548271102755" lon="3.3943086859958376">
        <ele>756.0</ele>
      </trkpt>
      <trkpt lat="43.85540341222851" lon="3.3941209316253675">
        <ele>756.0</ele>
      </trkpt>
      <trkpt lat="43.855351836306674" lon="3.393872379807943">
        <ele>757.0</ele>
      </trkpt>
      <trkpt lat="43.85530025982031" lon="3.393623828439228">
        <ele>758.0</ele>
      </trkpt>
      <trkpt lat="43.85524868276947" lon="3.393375277519227">
        <ele>758.0</ele>
      </trkpt>
      <trkpt lat="43.85521000052191" lon="3.3931700883906766">
        <ele>759.0</ele>
      </trkpt>
      <trkpt lat="43.85517131788944" lon="3.3929648995399466">
        <ele>760.0</ele>
      </trkpt>
      <trkpt lat="43.855126833038426" lon="3.39278519153595">
        <ele>760.0</ele>
      </trkpt>
      <trkpt lat="43.85506880926878" lon="3.39261889457703">
        <ele>761.0</ele>
      </trkpt>
      <trkpt lat="43.854948893325606" lon="3.392437845088561">
        <ele>762.0</ele>
      </trkpt>
      <trkpt lat="43.85482897709091" lon="3.3922567963600154">
        <ele>763.0</ele>
      </trkpt>
      <trkpt lat="43.85469358753199" lon="3.3920797705650325">
        <ele>763.0</ele>
      </trkpt>
      <trkpt lat="43.85454465866172" lon="3.3919322490692108">
        <ele>764.0</ele>
      </trkpt>
      <trkpt lat="43.85443828061424" lon="3.391835689364909">
        <ele>765.0</ele>
      </trkpt>
      <trkpt lat="43.854331902488255" lon="3.3917391300201434">
        <ele>766.0</ele>
      </trkpt>
      <trkpt lat="43.85420328124263" lon="3.3916412291707254">
        <ele>766.0</ele>
      </trkpt>
      <trkpt lat="43.854074659919355" lon="3.3915433287620544">
        <ele>767.0</ele>
      </trkpt>
      <trkpt lat="43.85396699201218" lon="3.3912947764566566">
        <ele>768.0</ele>
      </trkpt>
      <trkpt lat="43.853859323546" lon="3.391046225087943">
        <ele>769.0</ele>
      </trkpt>
      <trkpt lat="43.853751654520785" lon="3.3907976746559174">
        <ele>770.0</ele>
      </trkpt>
      <trkpt lat="43.85368847201568" lon="3.3905732626720497">
        <ele>771.0</ele>
      </trkpt>
      <trkpt lat="43.85362528905152" lon="3.390348851184469">
        <ele>772.0</ele>
      </trkpt>
      <trkpt lat="43.85356210562829" lon="3.3901244401931745">
        <ele>773.0</ele>
      </trkpt>
      <trkpt lat="43.85353309298951" lon="3.389942049980164">
        <ele>774.0</ele>
      </trkpt>
      <trkpt lat="43.85353696134189" lon="3.38980257511139">
        <ele>774.0</ele>
      </trkpt>
      <trkpt lat="43.85356210562829" lon="3.3896952867507935">
        <ele>775.0</ele>
      </trkpt>
      <trkpt lat="43.853598854950725" lon="3.3895879983901978">
        <ele>776.0</ele>
      </trkpt>
      <trkpt lat="43.85373424699502" lon="3.3894458413124084">
        <ele>777.0</ele>
      </trkpt>
      <trkpt lat="43.85384449450667" lon="3.3893559874837758">
        <ele>777.0</ele>
      </trkpt>
      <trkpt lat="43.853954741951796" lon="3.3892661333084124">
        <ele>778.0</ele>
      </trkpt>
      <trkpt lat="43.854099223512335" lon="3.389172256467639">
        <ele>779.0</ele>
      </trkpt>
      <trkpt lat="43.85424370500497" lon="3.3890783791521186">
        <ele>779.0</ele>
      </trkpt>
      <trkpt lat="43.854388186429645" lon="3.3889845013618474">
        <ele>780.0</ele>
      </trkpt>
      <trkpt lat="43.8545260907506" lon="3.38889420076089">
        <ele>780.0</ele>
      </trkpt>
      <trkpt lat="43.85466399500851" lon="3.388803899724058">
        <ele>781.0</ele>
      </trkpt>
      <trkpt lat="43.854801899203395" lon="3.3887135982513454">
        <ele>781.0</ele>
      </trkpt>
      <trkpt lat="43.85490344119706" lon="3.3885902168559223">
        <ele>781.0</ele>
      </trkpt>
      <trkpt lat="43.85500498305759" lon="3.3884668350219744">
        <ele>781.0</ele>
      </trkpt>
      <trkpt lat="43.85513553666145" lon="3.388252258791056">
        <ele>781.0</ele>
      </trkpt>
      <trkpt lat="43.855266089853835" lon="3.3880376815795894">
        <ele>781.0</ele>
      </trkpt>
      <trkpt lat="43.85538020283548" lon="3.387812376022337">
        <ele>781.0</ele>
      </trkpt>
      <trkpt lat="43.85543048993363" lon="3.38765546693306">
        <ele>781.0</ele>
      </trkpt>
      <trkpt lat="43.85548077680772" lon="3.3874985575675964">
        <ele>781.0</ele>
      </trkpt>
      <trkpt lat="43.85548084204742" lon="3.3874968838414987">
        <ele>781.0</ele>
      </trkpt>
      <trkpt lat="43.85548851326004" lon="3.3873000741004926">
        <ele>781.0</ele>
      </trkpt>
      <trkpt lat="43.85542855589719" lon="3.387090861577798">
        <ele>781.0</ele>
      </trkpt>
      <trkpt lat="43.855368598135435" lon="3.3868816494941716">
        <ele>781.0</ele>
      </trkpt>
      <trkpt lat="43.85532346910465" lon="3.3866688605761937">
        <ele>782.0</ele>
      </trkpt>
      <trkpt lat="43.85527833966018" lon="3.3864560719943437">
        <ele>782.0</ele>
      </trkpt>
      <trkpt lat="43.855233209802016" lon="3.3862432837486267">
        <ele>782.0</ele>
      </trkpt>
      <trkpt lat="43.855304772244864" lon="3.3861252665519723">
        <ele>783.0</ele>
      </trkpt>
      <trkpt lat="43.855426621612864" lon="3.3859321475029014">
        <ele>783.0</ele>
      </trkpt>
      <trkpt lat="43.855478842694545" lon="3.3857712149620065">
        <ele>784.0</ele>
      </trkpt>
      <trkpt lat="43.855523327283514" lon="3.385747075080872">
        <ele>784.0</ele>
      </trkpt>
      <trkpt lat="43.85561036225277" lon="3.3856961131095886">
        <ele>785.0</ele>
      </trkpt>
      <trkpt lat="43.85577282718883" lon="3.385575413703918">
        <ele>786.0</ele>
      </trkpt>
      <trkpt lat="43.855956566761684" lon="3.385433256626129">
        <ele>787.0</ele>
      </trkpt>
      <trkpt lat="43.85611903075453" lon="3.3852830529212956">
        <ele>788.0</ele>
      </trkpt>
      <trkpt lat="43.85618672395421" lon="3.385210633277894">
        <ele>789.0</ele>
      </trkpt>
      <trkpt lat="43.856136437584645" lon="3.3851355314254743">
        <ele>791.0</ele>
      </trkpt>
      <trkpt lat="43.85608808526621" lon="3.3850818872451796">
        <ele>792.0</ele>
      </trkpt>
      <trkpt lat="43.85601845785879" lon="3.384996056556702">
        <ele>793.0</ele>
      </trkpt>
      <trkpt lat="43.85595463266385" lon="3.384859263896943">
        <ele>794.0</ele>
      </trkpt>
      <trkpt lat="43.85592368709026" lon="3.3846929669380175">
        <ele>795.0</ele>
      </trkpt>
      <trkpt lat="43.85598171002763" lon="3.384454250335693">
        <ele>796.0</ele>
      </trkpt>
      <trkpt lat="43.85604166706854" lon="3.3843094112008743">
        <ele>797.0</ele>
      </trkpt>
      <trkpt lat="43.85610162391943" lon="3.3841645717620854">
        <ele>798.0</ele>
      </trkpt>
      <trkpt lat="43.85610549210548" lon="3.384283070918173">
        <ele>799.0</ele>
      </trkpt>
      <trkpt lat="43.856126767124195" lon="3.384355490561574">
        <ele>800.0</ele>
      </trkpt>
      <trkpt lat="43.856178987592536" lon="3.384401088114827">
        <ele>801.0</ele>
      </trkpt>
      <trkpt lat="43.85626215342921" lon="3.384417181368917">
        <ele>802.0</ele>
      </trkpt>
      <trkpt lat="43.85632017603726" lon="3.3844332746230066">
        <ele>803.0</ele>
      </trkpt>
      <trkpt lat="43.856378198588835" lon="3.3844761899672444">
        <ele>803.0</ele>
      </trkpt>
      <trkpt lat="43.85645362782149" lon="3.384564702864736">
        <ele>804.0</ele>
      </trkpt>
      <trkpt lat="43.85651938656185" lon="3.384647851344197">
        <ele>805.0</ele>
      </trkpt>
      <trkpt lat="43.856579342997215" lon="3.3846907666884354">
        <ele>806.0</ele>
      </trkpt>
      <trkpt lat="43.85668184902124" lon="3.3847417286597183">
        <ele>807.0</ele>
      </trkpt>
      <trkpt lat="43.85682303627531" lon="3.3848302415572102">
        <ele>808.0</ele>
      </trkpt>
      <trkpt lat="43.856966157260125" lon="3.3849294832907613">
        <ele>808.0</ele>
      </trkpt>
      <trkpt lat="43.85710154165935" lon="3.3850475004874165">
        <ele>809.0</ele>
      </trkpt>
      <trkpt lat="43.85721565112852" lon="3.385157471057027">
        <ele>810.0</ele>
      </trkpt>
      <trkpt lat="43.85724659603168" lon="3.3852513483725484">
        <ele>810.0</ele>
      </trkpt>
      <trkpt lat="43.85726400253263" lon="3.3853425434790543">
        <ele>811.0</ele>
      </trkpt>
      <trkpt lat="43.857265936587986" lon="3.3854551962576807">
        <ele>811.0</ele>
      </trkpt>
      <trkpt lat="43.857287211192684" lon="3.385557120200247">
        <ele>811.0</ele>
      </trkpt>
      <trkpt lat="43.8573355625388" lon="3.3856268576346333">
        <ele>811.0</ele>
      </trkpt>
      <trkpt lat="43.857428397013386" lon="3.385648315306753">
        <ele>811.0</ele>
      </trkpt>
      <trkpt lat="43.85751736324925" lon="3.385600035544485">
        <ele>811.0</ele>
      </trkpt>
      <trkpt lat="43.857548307995835" lon="3.3854766539298">
        <ele>811.0</ele>
      </trkpt>
      <trkpt lat="43.85751736324925" lon="3.385600035544485">
        <ele>811.0</ele>
      </trkpt>
      <trkpt lat="43.857428397013386" lon="3.385648315306753">
        <ele>811.0</ele>
      </trkpt>
      <trkpt lat="43.8573355625388" lon="3.3856268576346333">
        <ele>811.0</ele>
      </trkpt>
      <trkpt lat="43.857287211192684" lon="3.385557120200247">
        <ele>811.0</ele>
      </trkpt>
      <trkpt lat="43.857265936587986" lon="3.3854551962576807">
        <ele>811.0</ele>
      </trkpt>
      <trkpt lat="43.85726400253263" lon="3.3853425434790543">
        <ele>811.0</ele>
      </trkpt>
      <trkpt lat="43.85724659603168" lon="3.3852513483725484">
        <ele>810.0</ele>
      </trkpt>
      <trkpt lat="43.85721565112852" lon="3.385157471057027">
        <ele>810.0</ele>
      </trkpt>
      <trkpt lat="43.85710154165935" lon="3.3850475004874165">
        <ele>809.0</ele>
      </trkpt>
      <trkpt lat="43.856966157260125" lon="3.3849294832907613">
        <ele>808.0</ele>
      </trkpt>
      <trkpt lat="43.85682303627531" lon="3.3848302415572102">
        <ele>808.0</ele>
      </trkpt>
      <trkpt lat="43.85668184902124" lon="3.3847417286597183">
        <ele>807.0</ele>
      </trkpt>
      <trkpt lat="43.856579342997215" lon="3.3846907666884354">
        <ele>806.0</ele>
      </trkpt>
      <trkpt lat="43.85651938656185" lon="3.384647851344197">
        <ele>805.0</ele>
      </trkpt>
      <trkpt lat="43.85645362782149" lon="3.384564702864736">
        <ele>804.0</ele>
      </trkpt>
      <trkpt lat="43.856378198588835" lon="3.3844761899672444">
        <ele>803.0</ele>
      </trkpt>
      <trkpt lat="43.85632017603726" lon="3.3844332746230066">
        <ele>803.0</ele>
      </trkpt>
      <trkpt lat="43.85626215342921" lon="3.384417181368917">
        <ele>802.0</ele>
      </trkpt>
      <trkpt lat="43.856178987592536" lon="3.384401088114827">
        <ele>801.0</ele>
      </trkpt>
      <trkpt lat="43.856126767124195" lon="3.384355490561574">
        <ele>800.0</ele>
      </trkpt>
      <trkpt lat="43.85610549210548" lon="3.384283070918173">
        <ele>800.0</ele>
      </trkpt>
      <trkpt lat="43.85610162391943" lon="3.3841645717620854">
        <ele>799.0</ele>
      </trkpt>
      <trkpt lat="43.85615771259245" lon="3.3839821815490723">
        <ele>798.0</ele>
      </trkpt>
      <trkpt lat="43.85620993303357" lon="3.3838722109794612">
        <ele>797.0</ele>
      </trkpt>
      <trkpt lat="43.856287296566165" lon="3.38367372751236">
        <ele>796.0</ele>
      </trkpt>
      <trkpt lat="43.85633371463757" lon="3.383410871028899">
        <ele>795.0</ele>
      </trkpt>
      <trkpt lat="43.85641494617551" lon="3.3831372857093815">
        <ele>793.0</ele>
      </trkpt>
      <trkpt lat="43.85643235291938" lon="3.3830460906028748">
        <ele>792.0</ele>
      </trkpt>
      <trkpt lat="43.856476836796965" lon="3.382954895496369">
        <ele>791.0</ele>
      </trkpt>
      <trkpt lat="43.85656967260837" lon="3.382858335971831">
        <ele>790.0</ele>
      </trkpt>
      <trkpt lat="43.85665864012548" lon="3.382772505283354">
        <ele>788.0</ele>
      </trkpt>
      <trkpt lat="43.856716662347694" lon="3.38266521692276">
        <ele>787.0</ele>
      </trkpt>
      <trkpt lat="43.85675147565396" lon="3.3825525641441345">
        <ele>786.0</ele>
      </trkpt>
      <trkpt lat="43.856770816370904" lon="3.3824157714843746">
        <ele>785.0</ele>
      </trkpt>
      <trkpt lat="43.856782420798034" lon="3.3822682499885546">
        <ele>784.0</ele>
      </trkpt>
      <trkpt lat="43.856794025223" lon="3.3821448683738704">
        <ele>784.0</ele>
      </trkpt>
      <trkpt lat="43.85674567343778" lon="3.3819088339805594">
        <ele>783.0</ele>
      </trkpt>
      <trkpt lat="43.85670118976077" lon="3.381772041320801">
        <ele>783.0</ele>
      </trkpt>
      <trkpt lat="43.856662895467686" lon="3.3815574645996076">
        <ele>783.0</ele>
      </trkpt>
      <trkpt lat="43.85671426548705" lon="3.381303728539285">
        <ele>783.0</ele>
      </trkpt>
      <trkpt lat="43.856765634918034" lon="3.381049992022715">
        <ele>783.0</ele>
      </trkpt>
      <trkpt lat="43.85681700376066" lon="3.380796255049903">
        <ele>783.0</ele>
      </trkpt>
      <trkpt lat="43.85686837201492" lon="3.3805425176208526">
        <ele>783.0</ele>
      </trkpt>
      <trkpt lat="43.8569197396808" lon="3.3802887797355674">
        <ele>783.0</ele>
      </trkpt>
      <trkpt lat="43.85694778377157" lon="3.38011443623517">
        <ele>784.0</ele>
      </trkpt>
      <trkpt lat="43.85697582758429" lon="3.3799400925636305">
        <ele>784.0</ele>
      </trkpt>
      <trkpt lat="43.85695358621241" lon="3.379651754982288">
        <ele>784.0</ele>
      </trkpt>
      <trkpt lat="43.856931344078994" lon="3.379363417625429">
        <ele>784.0</ele>
      </trkpt>
      <trkpt lat="43.85693521252761" lon="3.379100561159765">
        <ele>784.0</ele>
      </trkpt>
      <trkpt lat="43.85693905502165" lon="3.378839425643197">
        <ele>783.0</ele>
      </trkpt>
      <trkpt lat="43.856939080343096" lon="3.3788377046585096">
        <ele>783.0</ele>
      </trkpt>
      <trkpt lat="43.85694971804667" lon="3.378564119389924">
        <ele>782.0</ele>
      </trkpt>
      <trkpt lat="43.85696035506441" lon="3.378290534019472">
        <ele>781.0</ele>
      </trkpt>
      <trkpt lat="43.85694294881852" lon="3.3780156075116894">
        <ele>780.0</ele>
      </trkpt>
      <trkpt lat="43.856925541880145" lon="3.377740681171418">
        <ele>779.0</ele>
      </trkpt>
      <trkpt lat="43.856895886609436" lon="3.3775225279450853">
        <ele>778.0</ele>
      </trkpt>
      <trkpt lat="43.856866230903165" lon="3.3773043749452074">
        <ele>776.0</ele>
      </trkpt>
      <trkpt lat="43.856836574761296" lon="3.377086222171783">
        <ele>775.0</ele>
      </trkpt>
      <trkpt lat="43.856788223527936" lon="3.3768394585247736">
        <ele>774.0</ele>
      </trkpt>
      <trkpt lat="43.856739871737986" lon="3.3765926952954017">
        <ele>773.0</ele>
      </trkpt>
      <trkpt lat="43.85669151939149" lon="3.3763459324836744">
        <ele>772.0</ele>
      </trkpt>
      <trkpt lat="43.856689585578586" lon="3.3761072158732697">
        <ele>771.0</ele>
      </trkpt>
      <trkpt lat="43.85668765124348" lon="3.3758684992790253">
        <ele>770.0</ele>
      </trkpt>
      <trkpt lat="43.85669151963801" lon="3.3756364882149428">
        <ele>769.0</ele>
      </trkpt>
      <trkpt lat="43.85669538753929" lon="3.375404477119448">
        <ele>768.0</ele>
      </trkpt>
      <trkpt lat="43.85668378333219" lon="3.375176489306878">
        <ele>768.0</ele>
      </trkpt>
      <trkpt lat="43.85667217864888" lon="3.3749485015869145">
        <ele>767.0</ele>
      </trkpt>
      <trkpt lat="43.856623827461014" lon="3.3747138077022933">
        <ele>766.0</ele>
      </trkpt>
      <trkpt lat="43.856575475769844" lon="3.3744791142148833">
        <ele>766.0</ele>
      </trkpt>
      <trkpt lat="43.856527123575354" lon="3.374244421124685">
        <ele>765.0</ele>
      </trkpt>
      <trkpt lat="43.85647877087754" lon="3.3740097284317025">
        <ele>764.0</ele>
      </trkpt>
      <trkpt lat="43.85640720984315" lon="3.373744189739228">
        <ele>764.0</ele>
      </trkpt>
      <trkpt lat="43.85633951689374" lon="3.3735322952270526">
        <ele>763.0</ele>
      </trkpt>
      <trkpt lat="43.85624281266626" lon="3.373323082569803">
        <ele>762.0</ele>
      </trkpt>
      <trkpt lat="43.85614610804345" lon="3.3731138706207275">
        <ele>762.0</ele>
      </trkpt>
      <trkpt lat="43.85606100795055" lon="3.372899293899537">
        <ele>761.0</ele>
      </trkpt>
      <trkpt lat="43.85597977593043" lon="3.3726632595062265">
        <ele>761.0</ele>
      </trkpt>
      <trkpt lat="43.85590821450797" lon="3.372427224817299">
        <ele>760.0</ele>
      </trkpt>
      <trkpt lat="43.85583665257812" lon="3.372191190719605">
        <ele>759.0</ele>
      </trkpt>
      <trkpt lat="43.855777662790125" lon="3.3719815309486987">
        <ele>759.0</ele>
      </trkpt>
      <trkpt lat="43.855718672601455" lon="3.371771871610702">
        <ele>758.0</ele>
      </trkpt>
      <trkpt lat="43.85565968201208" lon="3.3715622127056144">
        <ele>757.0</ele>
      </trkpt>
      <trkpt lat="43.85560069204905" lon="3.3713525529347077">
        <ele>756.0</ele>
      </trkpt>
      <trkpt lat="43.85554769569608" lon="3.3711641969969968">
        <ele>755.0</ele>
      </trkpt>
      <trkpt lat="43.85554170168532" lon="3.37114289359671">
        <ele>755.0</ele>
      </trkpt>
      <trkpt lat="43.855482710920896" lon="3.3709332346916216">
        <ele>755.0</ele>
      </trkpt>
      <trkpt lat="43.855442094530694" lon="3.370640873908997">
        <ele>754.0</ele>
      </trkpt>
      <trkpt lat="43.85543242395763" lon="3.3703646063804618">
        <ele>754.0</ele>
      </trkpt>
      <trkpt lat="43.85542017507452" lon="3.370127677815895">
        <ele>754.0</ele>
      </trkpt>
      <trkpt lat="43.8554079256771" lon="3.3698907493529124">
        <ele>753.0</ele>
      </trkpt>
      <trkpt lat="43.85539567576535" lon="3.3696538209915166">
        <ele>753.0</ele>
      </trkpt>
      <trkpt lat="43.8553647299016" lon="3.3694177865982056">
        <ele>753.0</ele>
      </trkpt>
      <trkpt lat="43.855304772244985" lon="3.3691817522048955">
        <ele>753.0</ele>
      </trkpt>
      <trkpt lat="43.85522508720153" lon="3.368956445390801">
        <ele>753.0</ele>
      </trkpt>
      <trkpt lat="43.85514540169678" lon="3.3687311392051265">
        <ele>752.0</ele>
      </trkpt>
      <trkpt lat="43.85506571573074" lon="3.368505833647875">
        <ele>752.0</ele>
      </trkpt>
      <trkpt lat="43.85498602930341" lon="3.3682805287190454">
        <ele>752.0</ele>
      </trkpt>
      <trkpt lat="43.8549063424148" lon="3.368055224418641">
        <ele>752.0</ele>
      </trkpt>
      <trkpt lat="43.85482124071683" lon="3.3678773040240055">
        <ele>751.0</ele>
      </trkpt>
      <trkpt lat="43.85473613873323" lon="3.3676993841593523">
        <ele>751.0</ele>
      </trkpt>
      <trkpt lat="43.85465103646399" lon="3.3675214648246774">
        <ele>750.0</ele>
      </trkpt>
      <trkpt lat="43.854554329506534" lon="3.3673435443577726">
        <ele>750.0</ele>
      </trkpt>
      <trkpt lat="43.85445762226475" lon="3.367165624493119">
        <ele>749.0</ele>
      </trkpt>
      <trkpt lat="43.854360914738606" lon="3.366987705230715">
        <ele>749.0</ele>
      </trkpt>
      <trkpt lat="43.854266141430365" lon="3.366822301792779">
        <ele>748.0</ele>
      </trkpt>
      <trkpt lat="43.854171367876944" lon="3.3666568989035275">
        <ele>748.0</ele>
      </trkpt>
      <trkpt lat="43.85407659407831" lon="3.366491496562958">
        <ele>747.0</ele>
      </trkpt>
      <trkpt lat="43.85398891230061" lon="3.3663153642970944">
        <ele>747.0</ele>
      </trkpt>
      <trkpt lat="43.853901230243316" lon="3.366139232571785">
        <ele>746.0</ele>
      </trkpt>
      <trkpt lat="43.853813547906476" lon="3.3659631013870253">
        <ele>745.0</ele>
      </trkpt>
      <trkpt lat="43.85371587277026" lon="3.3657471824540557">
        <ele>745.0</ele>
      </trkpt>
      <trkpt lat="43.85361819721264" lon="3.365531264259267">
        <ele>744.0</ele>
      </trkpt>
      <trkpt lat="43.85352052123367" lon="3.3653153468026575">
        <ele>744.0</ele>
      </trkpt>
      <trkpt lat="43.8534228448333" lon="3.3650994300842285">
        <ele>744.0</ele>
      </trkpt>
      <trkpt lat="43.85332323461729" lon="3.364879488561596">
        <ele>743.0</ele>
      </trkpt>
      <trkpt lat="43.85322362396405" lon="3.3646595478057884">
        <ele>743.0</ele>
      </trkpt>
      <trkpt lat="43.853131750186314" lon="3.3644396063129336">
        <ele>743.0</ele>
      </trkpt>
      <trkpt lat="43.85303987597046" lon="3.364219665527344">
        <ele>743.0</ele>
      </trkpt>
      <trkpt lat="43.85294751861906" lon="3.3640057583211873">
        <ele>743.0</ele>
      </trkpt>
      <trkpt lat="43.852855160853586" lon="3.3637918518065106">
        <ele>743.0</ele>
      </trkpt>
      <trkpt lat="43.85276280267403" lon="3.363577945983312">
        <ele>743.0</ele>
      </trkpt>
      <trkpt lat="43.8526704440804" lon="3.363364040851593">
        <ele>743.0</ele>
      </trkpt>
      <trkpt lat="43.85257373387556" lon="3.363169580368895">
        <ele>742.0</ele>
      </trkpt>
      <trkpt lat="43.85247702332993" lon="3.3629751205444336">
        <ele>742.0</ele>
      </trkpt>
      <trkpt lat="43.85237064168645" lon="3.3628034588478948">
        <ele>742.0</ele>
      </trkpt>
      <trkpt lat="43.85226425977987" lon="3.362631797790526">
        <ele>741.0</ele>
      </trkpt>
      <trkpt lat="43.85244684868609" lon="3.362525047236186">
        <ele>741.0</ele>
      </trkpt>
      <trkpt lat="43.852629437508405" lon="3.3624182959996256">
        <ele>740.0</ele>
      </trkpt>
      <trkpt lat="43.852812026246774" lon="3.3623115440808404">
        <ele>740.0</ele>
      </trkpt>
      <trkpt lat="43.85299461490124" lon="3.3622047914798223">
        <ele>739.0</ele>
      </trkpt>
      <trkpt lat="43.85317720347178" lon="3.3620980381965655">
        <ele>739.0</ele>
      </trkpt>
      <trkpt lat="43.853382871175654" lon="3.36197286934359">
        <ele>738.0</ele>
      </trkpt>
      <trkpt lat="43.85358853876197" lon="3.3618476995895645">
        <ele>738.0</ele>
      </trkpt>
      <trkpt lat="43.853794206230724" lon="3.3617225289344788">
        <ele>738.0</ele>
      </trkpt>
      <trkpt lat="43.853952807789355" lon="3.361666202545165">
        <ele>737.0</ele>
      </trkpt>
      <trkpt lat="43.85407272576067" lon="3.361647427082063">
        <ele>737.0</ele>
      </trkpt>
      <trkpt lat="43.85423616173061" lon="3.361650109283407">
        <ele>737.0</ele>
      </trkpt>
      <trkpt lat="43.854399597716906" lon="3.361652791500094">
        <ele>736.0</ele>
      </trkpt>
      <trkpt lat="43.85459397898454" lon="3.361699729998174">
        <ele>736.0</ele>
      </trkpt>
      <trkpt lat="43.85478836025521" lon="3.361746668815615">
        <ele>736.0</ele>
      </trkpt>
      <trkpt lat="43.85496629969871" lon="3.361808359046615">
        <ele>736.0</ele>
      </trkpt>
      <trkpt lat="43.855144239126815" lon="3.3618700496618397">
        <ele>736.0</ele>
      </trkpt>
      <trkpt lat="43.85532217853948" lon="3.361931740661294">
        <ele>735.0</ele>
      </trkpt>
      <trkpt lat="43.85550011793677" lon="3.3619934320449825">
        <ele>735.0</ele>
      </trkpt>
      <trkpt lat="43.85563453845341" lon="3.361997455349041">
        <ele>735.0</ele>
      </trkpt>
      <trkpt lat="43.85576895898102" lon="3.36200147867203">
        <ele>735.0</ele>
      </trkpt>
      <trkpt lat="43.855764305043365" lon="3.3618884067982426">
        <ele>734.0</ele>
      </trkpt>
      <trkpt lat="43.85572562313793" lon="3.361679194353446">
        <ele>734.0</ele>
      </trkpt>
      <trkpt lat="43.855686940832285" lon="3.3614699821919207">
        <ele>734.0</ele>
      </trkpt>
      <trkpt lat="43.85569467725794" lon="3.3613546472042803">
        <ele>734.0</ele>
      </trkpt>
      <trkpt lat="43.855731425265915" lon="3.3612554054707267">
        <ele>734.0</ele>
      </trkpt>
      <trkpt lat="43.855813624727745" lon="3.3610998375716648">
        <ele>734.0</ele>
      </trkpt>
      <trkpt lat="43.85589582397193" lon="3.3609442692249996">
        <ele>734.0</ele>
      </trkpt>
      <trkpt lat="43.85591014839674" lon="3.360877633094788">
        <ele>734.0</ele>
      </trkpt>
      <trkpt lat="43.85591903316454" lon="3.3608182054012996">
        <ele>734.0</ele>
      </trkpt>
      <trkpt lat="43.855888087572396" lon="3.3607457857578984">
        <ele>734.0</ele>
      </trkpt>
      <trkpt lat="43.85579603642928" lon="3.3606469631195064">
        <ele>734.0</ele>
      </trkpt>
      <trkpt lat="43.85566838549501" lon="3.360510170459747">
        <ele>734.0</ele>
      </trkpt>
      <trkpt lat="43.8555631578857" lon="3.360354183241725">
        <ele>734.0</ele>
      </trkpt>
      <trkpt lat="43.85553414622045" lon="3.3602898102253684">
        <ele>734.0</ele>
      </trkpt>
      <trkpt lat="43.85553414622042" lon="3.3602200727909803">
        <ele>734.0</ele>
      </trkpt>
      <trkpt lat="43.855592169536855" lon="3.3600537758320566">
        <ele>734.0</ele>
      </trkpt>
      <trkpt lat="43.85566179744203" lon="3.359970627352595">
        <ele>734.0</ele>
      </trkpt>
      <trkpt lat="43.85576623914741" lon="3.359863338992001">
        <ele>734.0</ele>
      </trkpt>
      <trkpt lat="43.85583973505256" lon="3.3598257880657925">
        <ele>734.0</ele>
      </trkpt>
      <trkpt lat="43.85604474946731" lon="3.3597962837666264">
        <ele>734.0</ele>
      </trkpt>
      <trkpt lat="43.8561714324115" lon="3.359785554954356">
        <ele>734.0</ele>
      </trkpt>
      <trkpt lat="43.8562981153645" lon="3.3597748260945104">
        <ele>734.0</ele>
      </trkpt>
      <trkpt lat="43.85644975965792" lon="3.359775245189666">
        <ele>734.0</ele>
      </trkpt>
      <trkpt lat="43.85658707930694" lon="3.3597886562347417">
        <ele>734.0</ele>
      </trkpt>
      <trkpt lat="43.85670312383426" lon="3.359796702861787">
        <ele>734.0</ele>
      </trkpt>
      <trkpt lat="43.85685978358766" lon="3.359737694263458">
        <ele>734.0</ele>
      </trkpt>
      <trkpt lat="43.856979695713626" lon="3.3597242832183825">
        <ele>734.0</ele>
      </trkpt>
      <trkpt lat="43.8571054097802" lon="3.3596894145011906">
        <ele>734.0</ele>
      </trkpt>
      <trkpt lat="43.85717696997691" lon="3.359641134738923">
        <ele>734.0</ele>
      </trkpt>
      <trkpt lat="43.85728721119259" lon="3.359614312648774">
        <ele>734.0</ele>
      </trkpt>
      <trkpt lat="43.8574419353621" lon="3.3596143126487745">
        <ele>734.0</ele>
      </trkpt>
      <trkpt lat="43.85763147192259" lon="3.359616994857787">
        <ele>734.0</ele>
      </trkpt>
      <trkpt lat="43.857811337414404" lon="3.359639793562643">
        <ele>734.0</ele>
      </trkpt>
      <trkpt lat="43.857989162555256" lon="3.359662333783689">
        <ele>734.0</ele>
      </trkpt>
      <trkpt lat="43.85799120292134" lon="3.359662592411042">
        <ele>734.0</ele>
      </trkpt>
      <trkpt lat="43.85820394603912" lon="3.3596652746200566">
        <ele>734.0</ele>
      </trkpt>
      <trkpt lat="43.858321921440655" lon="3.359643816947937">
        <ele>735.0</ele>
      </trkpt>
      <trkpt lat="43.85851145520396" lon="3.3596169948577885">
        <ele>735.0</ele>
      </trkpt>
      <trkpt lat="43.858639099915905" lon="3.3595821262184944">
        <ele>735.0</ele>
      </trkpt>
      <trkpt lat="43.858766744626706" lon="3.3595472574234">
        <ele>735.0</ele>
      </trkpt>
      <trkpt lat="43.858975616977816" lon="3.3594909310340886">
        <ele>735.0</ele>
      </trkpt>
      <trkpt lat="43.859096491737915" lon="3.3594278992555897">
        <ele>735.0</ele>
      </trkpt>
      <trkpt lat="43.85921736647059" lon="3.35936486721039">
        <ele>735.0</ele>
      </trkpt>
      <trkpt lat="43.85941656731611" lon="3.359270989894866">
        <ele>735.0</ele>
      </trkpt>
      <trkpt lat="43.85948619075563" lon="3.3592441678047185">
        <ele>735.0</ele>
      </trkpt>
      <trkpt lat="43.8595500121704" lon="3.3592280745506296">
        <ele>735.0</ele>
      </trkpt>
      <trkpt lat="43.85968152274916" lon="3.359249532222746">
        <ele>735.0</ele>
      </trkpt>
      <trkpt lat="43.85980142907649" lon="3.3592642843413696">
        <ele>734.0</ele>
      </trkpt>
      <trkpt lat="43.85992133541065" lon="3.3592790365219143">
        <ele>734.0</ele>
      </trkpt>
      <trkpt lat="43.86006058102954" lon="3.3592602610588056">
        <ele>733.0</ele>
      </trkpt>
      <trkpt lat="43.86017178379817" lon="3.3592106402886106">
        <ele>733.0</ele>
      </trkpt>
      <trkpt lat="43.860282986551816" lon="3.3591610193252563">
        <ele>732.0</ele>
      </trkpt>
      <trkpt lat="43.860399990751034" lon="3.359122127374187">
        <ele>731.0</ele>
      </trkpt>
      <trkpt lat="43.860516994944795" lon="3.3590832352638236">
        <ele>731.0</ele>
      </trkpt>
      <trkpt lat="43.860615626306405" lon="3.3590537309646584">
        <ele>730.0</ele>
      </trkpt>
      <trkpt lat="43.860764540013754" lon="3.3590537309646615">
        <ele>729.0</ele>
      </trkpt>
      <trkpt lat="43.8609830746261" lon="3.359064459759681">
        <ele>729.0</ele>
      </trkpt>
      <trkpt lat="43.86120160926667" lon="3.359075188636778">
        <ele>728.0</ele>
      </trkpt>
      <trkpt lat="43.86137856311305" lon="3.359065800934303">
        <ele>728.0</ele>
      </trkpt>
      <trkpt lat="43.86155551697781" lon="3.3590564131736764">
        <ele>727.0</ele>
      </trkpt>
      <trkpt lat="43.86169089079734" lon="3.3590590953763346">
        <ele>727.0</ele>
      </trkpt>
      <trkpt lat="43.86182626462806" lon="3.3590617775917053">
        <ele>726.0</ele>
      </trkpt>
      <trkpt lat="43.86199258043215" lon="3.359091281890869">
        <ele>725.0</ele>
      </trkpt>
      <trkpt lat="43.862201441482426" lon="3.359161019325256">
        <ele>725.0</ele>
      </trkpt>
      <trkpt lat="43.86241223568973" lon="3.3592173457145686">
        <ele>724.0</ele>
      </trkpt>
      <trkpt lat="43.862313607422664" lon="3.359004780283183">
        <ele>724.0</ele>
      </trkpt>
      <trkpt lat="43.86221497874752" lon="3.3587922155857095">
        <ele>723.0</ele>
      </trkpt>
      <trkpt lat="43.862116350154146" lon="3.3585796501543226">
        <ele>723.0</ele>
      </trkpt>
      <trkpt lat="43.862017721152725" lon="3.3583670854568495">
        <ele>723.0</ele>
      </trkpt>
      <trkpt lat="43.86189975323695" lon="3.358177719936383">
        <ele>722.0</ele>
      </trkpt>
      <trkpt lat="43.861781785001114" lon="3.3579883551979264">
        <ele>722.0</ele>
      </trkpt>
      <trkpt lat="43.861663816445216" lon="3.3577989912414776">
        <ele>722.0</ele>
      </trkpt>
      <trkpt lat="43.86154584756929" lon="3.3576096280670336">
        <ele>722.0</ele>
      </trkpt>
      <trkpt lat="43.861427878373306" lon="3.3574202656745915">
        <ele>722.0</ele>
      </trkpt>
      <trkpt lat="43.861288635947716" lon="3.3571842312812805">
        <ele>721.0</ele>
      </trkpt>
      <trkpt lat="43.861203543194165" lon="3.3569562435150155">
        <ele>721.0</ele>
      </trkpt>
      <trkpt lat="43.86117066641597" lon="3.3567872643470773">
        <ele>721.0</ele>
      </trkpt>
      <trkpt lat="43.86118226998687" lon="3.3565807342529306">
        <ele>721.0</ele>
      </trkpt>
      <trkpt lat="43.86120741133814" lon="3.356327265612561">
        <ele>721.0</ele>
      </trkpt>
      <trkpt lat="43.8612325521011" lon="3.356073796749114">
        <ele>720.0</ele>
      </trkpt>
      <trkpt lat="43.8612161139103" lon="3.355869948805331">
        <ele>720.0</ele>
      </trkpt>
      <trkpt lat="43.861199675338895" lon="3.3556661009788504">
        <ele>720.0</ele>
      </trkpt>
      <trkpt lat="43.86116196391442" lon="3.3554622529591676">
        <ele>720.0</ele>
      </trkpt>
      <trkpt lat="43.86112425211005" lon="3.3552584052085894">
        <ele>719.0</ele>
      </trkpt>
      <trkpt lat="43.861074937039604" lon="3.355054557147502">
        <ele>719.0</ele>
      </trkpt>
      <trkpt lat="43.861025621589874" lon="3.3548507094383244">
        <ele>719.0</ele>
      </trkpt>
      <trkpt lat="43.86095309919676" lon="3.3546428379758084">
        <ele>720.0</ele>
      </trkpt>
      <trkpt lat="43.86088057641093" lon="3.3544349670410165">
        <ele>720.0</ele>
      </trkpt>
      <trkpt lat="43.86077549949249" lon="3.354164957007005">
        <ele>720.0</ele>
      </trkpt>
      <trkpt lat="43.86067042191277" lon="3.353894947966173">
        <ele>721.0</ele>
      </trkpt>
      <trkpt lat="43.86056534367178" lon="3.3536249399185194">
        <ele>721.0</ele>
      </trkpt>
      <trkpt lat="43.86048750298399" lon="3.3533634234706673">
        <ele>721.0</ele>
      </trkpt>
      <trkpt lat="43.86040966167323" lon="3.353101907735413">
        <ele>722.0</ele>
      </trkpt>
      <trkpt lat="43.860331819739535" lon="3.3528403927127606">
        <ele>722.0</ele>
      </trkpt>
      <trkpt lat="43.86025397718284" lon="3.3525788784027095">
        <ele>722.0</ele>
      </trkpt>
      <trkpt lat="43.86019144629468" lon="3.352337479062962">
        <ele>723.0</ele>
      </trkpt>
      <trkpt lat="43.86012891487491" lon="3.3520960802516218">
        <ele>723.0</ele>
      </trkpt>
      <trkpt lat="43.860066382923556" lon="3.351854681968688">
        <ele>723.0</ele>
      </trkpt>
      <trkpt lat="43.86002093485584" lon="3.3516843615607583">
        <ele>724.0</ele>
      </trkpt>
      <trkpt lat="43.8599754865236" lon="3.3515140414237967">
        <ele>724.0</ele>
      </trkpt>
      <trkpt lat="43.85996194886495" lon="3.3513544499495964">
        <ele>725.0</ele>
      </trkpt>
      <trkpt lat="43.859948410973026" lon="3.3511948585510236">
        <ele>725.0</ele>
      </trkpt>
      <trkpt lat="43.85994551016618" lon="3.3510164916424783">
        <ele>725.0</ele>
      </trkpt>
      <trkpt lat="43.859942609067815" lon="3.3508381247520465">
        <ele>726.0</ele>
      </trkpt>
      <trkpt lat="43.85997161871806" lon="3.3506651223584263">
        <ele>726.0</ele>
      </trkpt>
      <trkpt lat="43.860000628094554" lon="3.3504921197891244">
        <ele>726.0</ele>
      </trkpt>
      <trkpt lat="43.860044142443954" lon="3.350321799646397">
        <ele>726.0</ele>
      </trkpt>
      <trkpt lat="43.860087656528684" lon="3.350151479244234">
        <ele>726.0</ele>
      </trkpt>
      <trkpt lat="43.860089590492414" lon="3.349899351596834">
        <ele>726.0</ele>
      </trkpt>
      <trkpt lat="43.86008155168891" lon="3.3498116451587885">
        <ele>726.0</ele>
      </trkpt>
      <trkpt lat="43.860075085875614" lon="3.349741101224779">
        <ele>726.0</ele>
      </trkpt>
      <trkpt lat="43.860060581029465" lon="3.3495828509330745">
        <ele>726.0</ele>
      </trkpt>
      <trkpt lat="43.86000643013475" lon="3.349392413912524">
        <ele>726.0</ele>
      </trkpt>
      <trkpt lat="43.85995227890951" lon="3.3492019772529615">
        <ele>725.0</ele>
      </trkpt>
      <trkpt lat="43.85986138250193" lon="3.3489739891239845">
        <ele>725.0</ele>
      </trkpt>
      <trkpt lat="43.85977048562315" lon="3.348746001720431">
        <ele>725.0</ele>
      </trkpt>
      <trkpt lat="43.859701829645715" lon="3.348546176908699">
        <ele>725.0</ele>
      </trkpt>
      <trkpt lat="43.85963317330528" lon="3.3483463525772077">
        <ele>725.0</ele>
      </trkpt>
      <trkpt lat="43.85957418716462" lon="3.3481062946225375">
        <ele>725.0</ele>
      </trkpt>
      <trkpt lat="43.85951520049804" lon="3.3478662371635455">
        <ele>725.0</ele>
      </trkpt>
      <trkpt lat="43.8594272043873" lon="3.3476476367921544">
        <ele>725.0</ele>
      </trkpt>
      <trkpt lat="43.85933920784342" lon="3.3474290370941184">
        <ele>725.0</ele>
      </trkpt>
      <trkpt lat="43.85922800343886" lon="3.347266763132877">
        <ele>725.0</ele>
      </trkpt>
      <trkpt lat="43.8591167988006" lon="3.3471044898033164">
        <ele>726.0</ele>
      </trkpt>
      <trkpt lat="43.859020099013826" lon="3.346931487029052">
        <ele>726.0</ele>
      </trkpt>
      <trkpt lat="43.858923398958545" lon="3.3467584848403944">
        <ele>726.0</ele>
      </trkpt>
      <trkpt lat="43.85886247794583" lon="3.3466109631872776">
        <ele>726.0</ele>
      </trkpt>
      <trkpt lat="43.85880155673597" lon="3.346463441848754">
        <ele>727.0</ele>
      </trkpt>
      <trkpt lat="43.85874837164898" lon="3.3463065324753214">
        <ele>727.0</ele>
      </trkpt>
      <trkpt lat="43.85869518633808" lon="3.3461496233940107">
        <ele>728.0</ele>
      </trkpt>
      <trkpt lat="43.85864490247608" lon="3.3459314700101466">
        <ele>728.0</ele>
      </trkpt>
      <trkpt lat="43.85859461817955" lon="3.3457133170102678">
        <ele>729.0</ele>
      </trkpt>
      <trkpt lat="43.85854433344845" lon="3.345495164394379">
        <ele>730.0</ele>
      </trkpt>
      <trkpt lat="43.858524026455186" lon="3.3453087508015904">
        <ele>731.0</ele>
      </trkpt>
      <trkpt lat="43.85850371914371" lon="3.3451223373413104">
        <ele>731.0</ele>
      </trkpt>
      <trkpt lat="43.85850178534478" lon="3.3449050784037486">
        <ele>732.0</ele>
      </trkpt>
      <trkpt lat="43.85849985111329" lon="3.3446878194808964">
        <ele>733.0</ele>
      </trkpt>
      <trkpt lat="43.85852628332802" lon="3.34441334034566">
        <ele>733.0</ele>
      </trkpt>
      <trkpt lat="43.858552714852806" lon="3.3441388609564675">
        <ele>733.0</ele>
      </trkpt>
      <trkpt lat="43.85857914568763" lon="3.343864381313323">
        <ele>734.0</ele>
      </trkpt>
      <trkpt lat="43.85860815673725" lon="3.3436102423962786">
        <ele>734.0</ele>
      </trkpt>
      <trkpt lat="43.8586371671955" lon="3.343356103221152">
        <ele>734.0</ele>
      </trkpt>
      <trkpt lat="43.858666177062474" lon="3.3431019637879507">
        <ele>734.0</ele>
      </trkpt>
      <trkpt lat="43.85869518633808" lon="3.342847824096681">
        <ele>734.0</ele>
      </trkpt>
      <trkpt lat="43.858690351612765" lon="3.3425930142187026">
        <ele>734.0</ele>
      </trkpt>
      <trkpt lat="43.85868551629249" lon="3.342338204383851">
        <ele>734.0</ele>
      </trkpt>
      <trkpt lat="43.85865167140816" lon="3.3420833943764947">
        <ele>734.0</ele>
      </trkpt>
      <trkpt lat="43.85861782592956" lon="3.3418285846710205">
        <ele>734.0</ele>
      </trkpt>
      <trkpt lat="43.85856431886001" lon="3.341561257338499">
        <ele>734.0</ele>
      </trkpt>
      <trkpt lat="43.85851081113735" lon="3.34129393050668">
        <ele>733.0</ele>
      </trkpt>
      <trkpt lat="43.85845730276161" lon="3.3410266041755685">
        <ele>733.0</ele>
      </trkpt>
      <trkpt lat="43.85842442464504" lon="3.3408254383836935">
        <ele>733.0</ele>
      </trkpt>
      <trkpt lat="43.858391546158316" lon="3.340624272823335">
        <ele>733.0</ele>
      </trkpt>
      <trkpt lat="43.85837317318223" lon="3.3404110371380793">
        <ele>733.0</ele>
      </trkpt>
      <trkpt lat="43.858354799789694" lon="3.3401978015899645">
        <ele>734.0</ele>
      </trkpt>
      <trkpt lat="43.85836543780713" lon="3.3399403096683526">
        <ele>734.0</ele>
      </trkpt>
      <trkpt lat="43.85837607521707" lon="3.339682817650859">
        <ele>734.0</ele>
      </trkpt>
      <trkpt lat="43.858386712019524" lon="3.339425325537488">
        <ele>735.0</ele>
      </trkpt>
      <trkpt lat="43.858397348214474" lon="3.3391678333282484">
        <ele>736.0</ele>
      </trkpt>
      <trkpt lat="43.85839154636117" lon="3.3389572798991964">
        <ele>737.0</ele>
      </trkpt>
      <trkpt lat="43.858385744101646" lon="3.338746726512908">
        <ele>737.0</ele>
      </trkpt>
      <trkpt lat="43.85836833816644" lon="3.338517397572272">
        <ele>738.0</ele>
      </trkpt>
      <trkpt lat="43.85835093174951" lon="3.3382880687713636">
        <ele>739.0</ele>
      </trkpt>
      <trkpt lat="43.858301614467734" lon="3.338043987540327">
        <ele>739.0</ele>
      </trkpt>
      <trkpt lat="43.85825229664153" lon="3.3377999067306545">
        <ele>740.0</ele>
      </trkpt>
      <trkpt lat="43.858197177188956" lon="3.337559848792234">
        <ele>740.0</ele>
      </trkpt>
      <trkpt lat="43.85814205721018" lon="3.3373197913169883">
        <ele>740.0</ele>
      </trkpt>
      <trkpt lat="43.85810144341179" lon="3.337075039222444">
        <ele>740.0</ele>
      </trkpt>
      <trkpt lat="43.85806082906549" lon="3.3368302874758533">
        <ele>740.0</ele>
      </trkpt>
      <trkpt lat="43.85802021417127" lon="3.3365855360772207">
        <ele>740.0</ele>
      </trkpt>
      <trkpt lat="43.85797977091245" lon="3.3363418226057315">
        <ele>740.0</ele>
      </trkpt>
      <trkpt lat="43.85797959872912" lon="3.336340785026553">
        <ele>740.0</ele>
      </trkpt>
      <trkpt lat="43.85792351247108" lon="3.3361020677212294">
        <ele>740.0</ele>
      </trkpt>
      <trkpt lat="43.857867425692774" lon="3.3358633508845688">
        <ele>740.0</ele>
      </trkpt>
      <trkpt lat="43.857811338394185" lon="3.3356246345165745">
        <ele>740.0</ele>
      </trkpt>
      <trkpt lat="43.85775525057535" lon="3.335385918617249">
        <ele>740.0</ele>
      </trkpt>
      <trkpt lat="43.85771221902162" lon="3.3351317787388726">
        <ele>740.0</ele>
      </trkpt>
      <trkpt lat="43.85766918687719" lon="3.334877639243304">
        <ele>741.0</ele>
      </trkpt>
      <trkpt lat="43.857626154142025" lon="3.334623500130546">
        <ele>741.0</ele>
      </trkpt>
      <trkpt lat="43.85758312081615" lon="3.3343693614006034">
        <ele>742.0</ele>
      </trkpt>
      <trkpt lat="43.857543795789006" lon="3.3341145511934327">
        <ele>742.0</ele>
      </trkpt>
      <trkpt lat="43.8575044701678" lon="3.3338597413370157">
        <ele>743.0</ele>
      </trkpt>
      <trkpt lat="43.85746514395258" lon="3.3336049318313608">
        <ele>744.0</ele>
      </trkpt>
      <trkpt lat="43.85743419927718" lon="3.3334413169928383">
        <ele>744.0</ele>
      </trkpt>
      <trkpt lat="43.857403254357045" lon="3.3332777023315425">
        <ele>745.0</ele>
      </trkpt>
      <trkpt lat="43.857327826325694" lon="3.333012163639068">
        <ele>745.0</ele>
      </trkpt>
      <trkpt lat="43.8572582004327" lon="3.3328579364327737">
        <ele>746.0</ele>
      </trkpt>
      <trkpt lat="43.85718857432468" lon="3.332703709602356">
        <ele>746.0</ele>
      </trkpt>
      <trkpt lat="43.85712571748679" lon="3.332549482414332">
        <ele>746.0</ele>
      </trkpt>
      <trkpt lat="43.857062860433366" lon="3.3323952555656424">
        <ele>747.0</ele>
      </trkpt>
      <trkpt lat="43.85703384949776" lon="3.332231640815734">
        <ele>747.0</ele>
      </trkpt>
      <trkpt lat="43.85702224511956" lon="3.3320412039756775">
        <ele>747.0</ele>
      </trkpt>
      <trkpt lat="43.85698743197143" lon="3.3318963646888764">
        <ele>747.0</ele>
      </trkpt>
      <trkpt lat="43.856865585792754" lon="3.331730067729949">
        <ele>748.0</ele>
      </trkpt>
      <trkpt lat="43.856677980872185" lon="3.3316361904144283">
        <ele>748.0</ele>
      </trkpt>
      <trkpt lat="43.85673020113166" lon="3.3313813807908947">
        <ele>748.0</ele>
      </trkpt>
      <trkpt lat="43.856782420797806" lon="3.3311265707015996">
        <ele>747.0</ele>
      </trkpt>
      <trkpt lat="43.8568549487001" lon="3.3308583501405793">
        <ele>747.0</ele>
      </trkpt>
      <trkpt lat="43.85692747594634" lon="3.330590128898622">
        <ele>747.0</ele>
      </trkpt>
      <trkpt lat="43.85699826378698" lon="3.3303310287917824">
        <ele>746.0</ele>
      </trkpt>
      <trkpt lat="43.85706905101551" lon="3.3300719280429387">
        <ele>746.0</ele>
      </trkpt>
      <trkpt lat="43.85713983763192" lon="3.3298128266520974">
        <ele>745.0</ele>
      </trkpt>
      <trkpt lat="43.8572106236362" lon="3.329553724619258">
        <ele>745.0</ele>
      </trkpt>
      <trkpt lat="43.85728140902836" lon="3.3292946219444275">
        <ele>744.0</ele>
      </trkpt>
      <trkpt lat="43.85735732155609" lon="3.329015002769133">
        <ele>744.0</ele>
      </trkpt>
      <trkpt lat="43.85743323337086" lon="3.3287353828508293">
        <ele>743.0</ele>
      </trkpt>
      <trkpt lat="43.85750914447267" lon="3.3284557621895234">
        <ele>743.0</ele>
      </trkpt>
      <trkpt lat="43.85758505486154" lon="3.3281761407852177">
        <ele>742.0</ele>
      </trkpt>
      <trkpt lat="43.857656228712884" lon="3.3279186500027844">
        <ele>741.0</ele>
      </trkpt>
      <trkpt lat="43.85772740195977" lon="3.32766115857885">
        <ele>741.0</ele>
      </trkpt>
      <trkpt lat="43.85779857460218" lon="3.327403666513417">
        <ele>740.0</ele>
      </trkpt>
      <trkpt lat="43.85786974664011" lon="3.3271461738064887">
        <ele>740.0</ele>
      </trkpt>
      <trkpt lat="43.8579409180736" lon="3.3268886804580684">
        <ele>739.0</ele>
      </trkpt>
      <trkpt lat="43.85801093104694" lon="3.3266354811681067">
        <ele>739.0</ele>
      </trkpt>
      <trkpt lat="43.8580809434358" lon="3.326382281257619">
        <ele>739.0</ele>
      </trkpt>
      <trkpt lat="43.85815095524018" lon="3.326129080726611">
        <ele>738.0</ele>
      </trkpt>
      <trkpt lat="43.85822096646009" lon="3.325875879575083">
        <ele>738.0</ele>
      </trkpt>
      <trkpt lat="43.858290977095514" lon="3.32562267780304">
        <ele>738.0</ele>
      </trkpt>
      <trkpt lat="43.858372205967164" lon="3.325442969799044">
        <ele>738.0</ele>
      </trkpt>
      <trkpt lat="43.85846697284417" lon="3.3252900838851924">
        <ele>738.0</ele>
      </trkpt>
      <trkpt lat="43.858587848746005" lon="3.3251224461764166">
        <ele>738.0</ele>
      </trkpt>
      <trkpt lat="43.85870872439926" lon="3.3249548077583313">
        <ele>738.0</ele>
      </trkpt>
      <trkpt lat="43.85886860216233" lon="3.324750066949357">
        <ele>738.0</ele>
      </trkpt>
      <trkpt lat="43.85902847955698" lon="3.324545324994558">
        <ele>737.0</ele>
      </trkpt>
      <trkpt lat="43.85918835658316" lon="3.3243405818939245">
        <ele>737.0</ele>
      </trkpt>
      <trkpt lat="43.859336306660786" lon="3.3241595351295343">
        <ele>737.0</ele>
      </trkpt>
      <trkpt lat="43.85948425645146" lon="3.3239784874275053">
        <ele>736.0</ele>
      </trkpt>
      <trkpt lat="43.859632205955194" lon="3.3237974387878317">
        <ele>736.0</ele>
      </trkpt>
      <trkpt lat="43.85978015517201" lon="3.323616389210507">
        <ele>736.0</ele>
      </trkpt>
      <trkpt lat="43.859928104101876" lon="3.323435338695528">
        <ele>735.0</ele>
      </trkpt>
      <trkpt lat="43.8600759859047" lon="3.323254369038432">
        <ele>735.0</ele>
      </trkpt>
      <trkpt lat="43.860076052744795" lon="3.3232542872428885">
        <ele>734.0</ele>
      </trkpt>
      <trkpt lat="43.86020079325933" lon="3.3230920146603604">
        <ele>734.0</ele>
      </trkpt>
      <trkpt lat="43.86032553354214" lon="3.3229297413692516">
        <ele>734.0</ele>
      </trkpt>
      <trkpt lat="43.86045027359318" lon="3.3227674673695615">
        <ele>734.0</ele>
      </trkpt>
      <trkpt lat="43.86057501341247" lon="3.322605192661285">
        <ele>734.0</ele>
      </trkpt>
      <trkpt lat="43.860706038164665" lon="3.322441579037032">
        <ele>734.0</ele>
      </trkpt>
      <trkpt lat="43.860837062682066" lon="3.3222779646623453">
        <ele>734.0</ele>
      </trkpt>
      <trkpt lat="43.860968086964704" lon="3.3221143495372187">
        <ele>735.0</ele>
      </trkpt>
      <trkpt lat="43.86109911101255" lon="3.3219507336616525">
        <ele>735.0</ele>
      </trkpt>
      <trkpt lat="43.86121837013129" lon="3.3217397341000265">
        <ele>736.0</ele>
      </trkpt>
      <trkpt lat="43.86133762885076" lon="3.3215287336575225">
        <ele>737.0</ele>
      </trkpt>
      <trkpt lat="43.86145688717101" lon="3.321317732334136">
        <ele>737.0</ele>
      </trkpt>
      <trkpt lat="43.861576145595066" lon="3.3211013683768766">
        <ele>738.0</ele>
      </trkpt>
      <trkpt lat="43.861695403598894" lon="3.3208850035163437">
        <ele>739.0</ele>
      </trkpt>
      <trkpt lat="43.861814661182464" lon="3.320668637752533">
        <ele>740.0</ele>
      </trkpt>
      <trkpt lat="43.861926828134145" lon="3.320454062716431">
        <ele>740.0</ele>
      </trkpt>
      <trkpt lat="43.86203899467166" lon="3.320239486837787">
        <ele>741.0</ele>
      </trkpt>
      <trkpt lat="43.862151160794966" lon="3.320024910116597">
        <ele>742.0</ele>
      </trkpt>
      <trkpt lat="43.86226332650409" lon="3.319810332552861">
        <ele>742.0</ele>
      </trkpt>
      <trkpt lat="43.86237549179903" lon="3.3195957541465755">
        <ele>743.0</ele>
      </trkpt>
      <trkpt lat="43.862531169592216" lon="3.319450915254442">
        <ele>744.0</ele>
      </trkpt>
      <trkpt lat="43.862686847208" lon="3.3193060755729684">
        <ele>744.0</ele>
      </trkpt>
      <trkpt lat="43.86286154047686" lon="3.3191326271173995">
        <ele>745.0</ele>
      </trkpt>
      <trkpt lat="43.86303623348874" lon="3.3189591776011063">
        <ele>746.0</ele>
      </trkpt>
      <trkpt lat="43.86321092624365" lon="3.3187857270240806">
        <ele>746.0</ele>
      </trkpt>
      <trkpt lat="43.863373370289196" lon="3.318611771872095">
        <ele>747.0</ele>
      </trkpt>
      <trkpt lat="43.863535814073636" lon="3.31843781573087">
        <ele>747.0</ele>
      </trkpt>
      <trkpt lat="43.863698257596944" lon="3.318263858600402">
        <ele>747.0</ele>
      </trkpt>
      <trkpt lat="43.86381428828414" lon="3.3181458414037475">
        <ele>748.0</ele>
      </trkpt>
      <trkpt lat="43.86390324499191" lon="3.318023979663848">
        <ele>748.0</ele>
      </trkpt>
      <trkpt lat="43.86393225258519" lon="3.317917853637483">
        <ele>748.0</ele>
      </trkpt>
      <trkpt lat="43.86403087829664" lon="3.317694067955018">
        <ele>748.0</ele>
      </trkpt>
      <trkpt lat="43.864114033285254" lon="3.317504972494704">
        <ele>748.0</ele>
      </trkpt>
      <trkpt lat="43.864196941780655" lon="3.317316436282789">
        <ele>748.0</ele>
      </trkpt>
    </trkseg>
  </trk>
</gpx>