<?xml version="1.0" encoding="UTF-8"?>
<gpx xmlns="http://www.topografix.com/GPX/1/1" xmlns:xsi="http://www.w3.org/2001/XMLSchema-instance" xsi:schemaLocation="http://www.topografix.com/GPX/1/1 http://www.topografix.com/GPX/1/1/gpx.xsd" version="1.1" creator="gpx.py -- https://github.com/tkrajina/gpxpy">
  <wpt lat="43.97331232558977" lon="3.1933784424804843">
    <ele>751.0</ele>
    <name>Histoire et patrimoine: L'Hospitalet du Larzac</name>
    <desc>&lt;p&gt;Le village de l'Hospitalet s'est construit autour d'un h&amp;ocirc;pital cr&amp;eacute;&amp;eacute; pour accueillir les p&amp;eacute;lerins par Guilbert (ou Gilbert), comte de Millau vers 1108. Il portera le nom d'H&amp;ocirc;pital-Guibert jusqu'en 1793, date &amp;agrave; laquelle la municipalit&amp;eacute; d&amp;eacute;cida qu'il porterait le nom de L'Hospitalet.&lt;br /&gt;Le village est compos&amp;eacute; d'une grande place avec sa fontaine, le griffoul (exceptionnel sur le plateau du Larzac), son ancien lavoir et des maisons d'architecture traditionnelle du Causse.&lt;br /&gt;L'exposition g&amp;eacute;ologique et arch&amp;eacute;ologique du centre Fr&amp;eacute;d&amp;eacute;ric Hermet pr&amp;eacute;sente des objets et mat&amp;eacute;riel d&amp;eacute;couverts sur la n&amp;eacute;cropole du village antique, ainsi qu'une importante collection de fossiles de l'&amp;eacute;poque jurassienne provenant du Larzac et une s&amp;eacute;rie de photos d'orchid&amp;eacute;es sauvages. Exposition ouverte les apr&amp;egrave;s-midi en juillet et ao&amp;ucirc;t, le reste de l'ann&amp;eacute;e sur demande aupr&amp;egrave;s de la Mairie.&lt;/p&gt;</desc>
  </wpt>
  <wpt lat="43.97374646722545" lon="3.212716553101815">
    <ele>727.0</ele>
    <name>Agropastoralisme: Une lavogne</name>
    <desc>La lavogne est une mare am&amp;eacute;nag&amp;eacute;e permettant de reccueillir l'eau de pluie. Elle servait d'abreuvoir pour les troupeaux de brebis. Les fonds d'argile assurent l'imperm&amp;eacute;abilit&amp;eacute; et les abords sont g&amp;eacute;n&amp;eacute;ralement empierr&amp;eacute;s ou ciment&amp;eacute;s pour &amp;eacute;viter le ravinement provoqu&amp;eacute; par le pi&amp;eacute;tinement des b&amp;ecirc;tes.</desc>
  </wpt>
  <wpt lat="43.955716915186336" lon="3.2837950911053">
    <ele>761.0</ele>
    <name>Histoire et patrimoine: Ouvrages d'art de l'ancienne voie ferrée</name>
    <desc>Les ouvrages d'art de l'ancienne voie ferr&amp;eacute;e qui reliait sur 60 km Le Vigan dans le Gard &amp;agrave; Tournemire dans l'Aveyron sont nombreux : 32 tunnels, 12 viaducs et plusieurs kilom&amp;egrave;tres de murs de sout&amp;egrave;nement. Construite &amp;agrave; la fin du 19&amp;egrave;me s., cette ligne a n&amp;eacute;cessit&amp;eacute; 11 ans de travaux. Le service voyageurs mis en place en 1896 s'est arr&amp;ecirc;t&amp;eacute; en 1939, quant au service des marchandises il a perdur&amp;eacute; jusqu'au d&amp;eacute;but des ann&amp;eacute;es 50.</desc>
  </wpt>
  <wpt lat="43.91551634461015" lon="3.293940068688244">
    <ele>790.0</ele>
    <name>Flore: La cardabelle</name>
    <desc>&lt;p&gt;&lt;!-- [if gte mso 9]&gt;&lt;xml&gt;
 &lt;w:WordDocument&gt;
  &lt;w:View&gt;Normal&lt;/w:View&gt;
  &lt;w:Zoom&gt;0&lt;/w:Zoom&gt;
  &lt;w:TrackMoves/&gt;
  &lt;w:TrackFormatting/&gt;
  &lt;w:HyphenationZone&gt;21&lt;/w:HyphenationZone&gt;
  &lt;w:PunctuationKerning/&gt;
  &lt;w:ValidateAgainstSchemas/&gt;
  &lt;w:SaveIfXMLInvalid&gt;false&lt;/w:SaveIfXMLInvalid&gt;
  &lt;w:IgnoreMixedContent&gt;false&lt;/w:IgnoreMixedContent&gt;
  &lt;w:AlwaysShowPlaceholderText&gt;false&lt;/w:AlwaysShowPlaceholderText&gt;
  &lt;w:DoNotPromoteQF/&gt;
  &lt;w:LidThemeOther&gt;FR&lt;/w:LidThemeOther&gt;
  &lt;w:LidThemeAsian&gt;X-NONE&lt;/w:LidThemeAsian&gt;
  &lt;w:LidThemeComplexScript&gt;X-NONE&lt;/w:LidThemeComplexScript&gt;
  &lt;w:Compatibility&gt;
   &lt;w:BreakWrappedTables/&gt;
   &lt;w:SnapToGridInCell/&gt;
   &lt;w:WrapTextWithPunct/&gt;
   &lt;w:UseAsianBreakRules/&gt;
   &lt;w:DontGrowAutofit/&gt;
   &lt;w:SplitPgBreakAndParaMark/&gt;
   &lt;w:EnableOpenTypeKerning/&gt;
   &lt;w:DontFlipMirrorIndents/&gt;
   &lt;w:OverrideTableStyleHps/&gt;
  &lt;/w:Compatibility&gt;
  &lt;m:mathPr&gt;
   &lt;m:mathFont m:val="Cambria Math"/&gt;
   &lt;m:brkBin m:val="before"/&gt;
   &lt;m:brkBinSub m:val="&amp;#45;-"/&gt;
   &lt;m:smallFrac m:val="off"/&gt;
   &lt;m:dispDef/&gt;
   &lt;m:lMargin m:val="0"/&gt;
   &lt;m:rMargin m:val="0"/&gt;
   &lt;m:defJc m:val="centerGroup"/&gt;
   &lt;m:wrapIndent m:val="1440"/&gt;
   &lt;m:intLim m:val="subSup"/&gt;
   &lt;m:naryLim m:val="undOvr"/&gt;
  &lt;/m:mathPr&gt;&lt;/w:WordDocument&gt;
&lt;/xml&gt;&lt;![endif]--&gt;&lt;/p&gt;
&lt;p&gt;&lt;!-- [if gte mso 9]&gt;&lt;xml&gt;
 &lt;w:LatentStyles DefLockedState="false" DefUnhideWhenUsed="false"
  DefSemiHidden="false" DefQFormat="false" DefPriority="99"
  LatentStyleCount="371"&gt;
  &lt;w:LsdException Locked="false" Priority="0" QFormat="true" Name="Normal"/&gt;
  &lt;w:LsdException Locked="false" Priority="9" QFormat="true" Name="heading 1"/&gt;
  &lt;w:LsdException Locked="false" Priority="9" SemiHidden="true"
   UnhideWhenUsed="true" QFormat="true" Name="heading 2"/&gt;
  &lt;w:LsdException Locked="false" Priority="9" SemiHidden="true"
   UnhideWhenUsed="true" QFormat="true" Name="heading 3"/&gt;
  &lt;w:LsdException Locked="false" Priority="9" SemiHidden="true"
   UnhideWhenUsed="true" QFormat="true" Name="heading 4"/&gt;
  &lt;w:LsdException Locked="false" Priority="9" SemiHidden="true"
   UnhideWhenUsed="true" QFormat="true" Name="heading 5"/&gt;
  &lt;w:LsdException Locked="false" Priority="9" SemiHidden="true"
   UnhideWhenUsed="true" QFormat="true" Name="heading 6"/&gt;
  &lt;w:LsdException Locked="false" Priority="9" SemiHidden="true"
   UnhideWhenUsed="true" QFormat="true" Name="heading 7"/&gt;
  &lt;w:LsdException Locked="false" Priority="9" SemiHidden="true"
   UnhideWhenUsed="true" QFormat="true" Name="heading 8"/&gt;
  &lt;w:LsdException Locked="false" Priority="9" SemiHidden="true"
   UnhideWhenUsed="true" QFormat="true" Name="heading 9"/&gt;
  &lt;w:LsdException Locked="false" SemiHidden="true" UnhideWhenUsed="true"
   Name="index 1"/&gt;
  &lt;w:LsdException Locked="false" SemiHidden="true" UnhideWhenUsed="true"
   Name="index 2"/&gt;
  &lt;w:LsdException Locked="false" SemiHidden="true" UnhideWhenUsed="true"
   Name="index 3"/&gt;
  &lt;w:LsdException Locked="false" SemiHidden="true" UnhideWhenUsed="true"
   Name="index 4"/&gt;
  &lt;w:LsdException Locked="false" SemiHidden="true" UnhideWhenUsed="true"
   Name="index 5"/&gt;
  &lt;w:LsdException Locked="false" SemiHidden="true" UnhideWhenUsed="true"
   Name="index 6"/&gt;
  &lt;w:LsdException Locked="false" SemiHidden="true" UnhideWhenUsed="true"
   Name="index 7"/&gt;
  &lt;w:LsdException Locked="false" SemiHidden="true" UnhideWhenUsed="true"
   Name="index 8"/&gt;
  &lt;w:LsdException Locked="false" SemiHidden="true" UnhideWhenUsed="true"
   Name="index 9"/&gt;
  &lt;w:LsdException Locked="false" Priority="39" SemiHidden="true"
   UnhideWhenUsed="true" Name="toc 1"/&gt;
  &lt;w:LsdException Locked="false" Priority="39" SemiHidden="true"
   UnhideWhenUsed="true" Name="toc 2"/&gt;
  &lt;w:LsdException Locked="false" Priority="39" SemiHidden="true"
   UnhideWhenUsed="true" Name="toc 3"/&gt;
  &lt;w:LsdException Locked="false" Priority="39" SemiHidden="true"
   UnhideWhenUsed="true" Name="toc 4"/&gt;
  &lt;w:LsdException Locked="false" Priority="39" SemiHidden="true"
   UnhideWhenUsed="true" Name="toc 5"/&gt;
  &lt;w:LsdException Locked="false" Priority="39" SemiHidden="true"
   UnhideWhenUsed="true" Name="toc 6"/&gt;
  &lt;w:LsdException Locked="false" Priority="39" SemiHidden="true"
   UnhideWhenUsed="true" Name="toc 7"/&gt;
  &lt;w:LsdException Locked="false" Priority="39" SemiHidden="true"
   UnhideWhenUsed="true" Name="toc 8"/&gt;
  &lt;w:LsdException Locked="false" Priority="39" SemiHidden="true"
   UnhideWhenUsed="true" Name="toc 9"/&gt;
  &lt;w:LsdException Locked="false" SemiHidden="true" UnhideWhenUsed="true"
   Name="Normal Indent"/&gt;
  &lt;w:LsdException Locked="false" SemiHidden="true" UnhideWhenUsed="true"
   Name="footnote text"/&gt;
  &lt;w:LsdException Locked="false" SemiHidden="true" UnhideWhenUsed="true"
   Name="annotation text"/&gt;
  &lt;w:LsdException Locked="false" SemiHidden="true" UnhideWhenUsed="true"
   Name="header"/&gt;
  &lt;w:LsdException Locked="false" SemiHidden="true" UnhideWhenUsed="true"
   Name="footer"/&gt;
  &lt;w:LsdException Locked="false" SemiHidden="true" UnhideWhenUsed="true"
   Name="index heading"/&gt;
  &lt;w:LsdException Locked="false" Priority="35" SemiHidden="true"
   UnhideWhenUsed="true" QFormat="true" Name="caption"/&gt;
  &lt;w:LsdException Locked="false" SemiHidden="true" UnhideWhenUsed="true"
   Name="table of figures"/&gt;
  &lt;w:LsdException Locked="false" SemiHidden="true" UnhideWhenUsed="true"
   Name="envelope address"/&gt;
  &lt;w:LsdException Locked="false" SemiHidden="true" UnhideWhenUsed="true"
   Name="envelope return"/&gt;
  &lt;w:LsdException Locked="false" SemiHidden="true" UnhideWhenUsed="true"
   Name="footnote reference"/&gt;
  &lt;w:LsdException Locked="false" SemiHidden="true" UnhideWhenUsed="true"
   Name="annotation reference"/&gt;
  &lt;w:LsdException Locked="false" SemiHidden="true" UnhideWhenUsed="true"
   Name="line number"/&gt;
  &lt;w:LsdException Locked="false" SemiHidden="true" UnhideWhenUsed="true"
   Name="page number"/&gt;
  &lt;w:LsdException Locked="false" SemiHidden="true" UnhideWhenUsed="true"
   Name="endnote reference"/&gt;
  &lt;w:LsdException Locked="false" SemiHidden="true" UnhideWhenUsed="true"
   Name="endnote text"/&gt;
  &lt;w:LsdException Locked="false" SemiHidden="true" UnhideWhenUsed="true"
   Name="table of authorities"/&gt;
  &lt;w:LsdException Locked="false" SemiHidden="true" UnhideWhenUsed="true"
   Name="macro"/&gt;
  &lt;w:LsdException Locked="false" SemiHidden="true" UnhideWhenUsed="true"
   Name="toa heading"/&gt;
  &lt;w:LsdException Locked="false" SemiHidden="true" UnhideWhenUsed="true"
   Name="List"/&gt;
  &lt;w:LsdException Locked="false" SemiHidden="true" UnhideWhenUsed="true"
   Name="List Bullet"/&gt;
  &lt;w:LsdException Locked="false" SemiHidden="true" UnhideWhenUsed="true"
   Name="List Number"/&gt;
  &lt;w:LsdException Locked="false" SemiHidden="true" UnhideWhenUsed="true"
   Name="List 2"/&gt;
  &lt;w:LsdException Locked="false" SemiHidden="true" UnhideWhenUsed="true"
   Name="List 3"/&gt;
  &lt;w:LsdException Locked="false" SemiHidden="true" UnhideWhenUsed="true"
   Name="List 4"/&gt;
  &lt;w:LsdException Locked="false" SemiHidden="true" UnhideWhenUsed="true"
   Name="List 5"/&gt;
  &lt;w:LsdException Locked="false" SemiHidden="true" UnhideWhenUsed="true"
   Name="List Bullet 2"/&gt;
  &lt;w:LsdException Locked="false" SemiHidden="true" UnhideWhenUsed="true"
   Name="List Bullet 3"/&gt;
  &lt;w:LsdException Locked="false" SemiHidden="true" UnhideWhenUsed="true"
   Name="List Bullet 4"/&gt;
  &lt;w:LsdException Locked="false" SemiHidden="true" UnhideWhenUsed="true"
   Name="List Bullet 5"/&gt;
  &lt;w:LsdException Locked="false" SemiHidden="true" UnhideWhenUsed="true"
   Name="List Number 2"/&gt;
  &lt;w:LsdException Locked="false" SemiHidden="true" UnhideWhenUsed="true"
   Name="List Number 3"/&gt;
  &lt;w:LsdException Locked="false" SemiHidden="true" UnhideWhenUsed="true"
   Name="List Number 4"/&gt;
  &lt;w:LsdException Locked="false" SemiHidden="true" UnhideWhenUsed="true"
   Name="List Number 5"/&gt;
  &lt;w:LsdException Locked="false" Priority="10" QFormat="true" Name="Title"/&gt;
  &lt;w:LsdException Locked="false" SemiHidden="true" UnhideWhenUsed="true"
   Name="Closing"/&gt;
  &lt;w:LsdException Locked="false" SemiHidden="true" UnhideWhenUsed="true"
   Name="Signature"/&gt;
  &lt;w:LsdException Locked="false" Priority="1" SemiHidden="true"
   UnhideWhenUsed="true" Name="Default Paragraph Font"/&gt;
  &lt;w:LsdException Locked="false" SemiHidden="true" UnhideWhenUsed="true"
   Name="Body Text"/&gt;
  &lt;w:LsdException Locked="false" SemiHidden="true" UnhideWhenUsed="true"
   Name="Body Text Indent"/&gt;
  &lt;w:LsdException Locked="false" SemiHidden="true" UnhideWhenUsed="true"
   Name="List Continue"/&gt;
  &lt;w:LsdException Locked="false" SemiHidden="true" UnhideWhenUsed="true"
   Name="List Continue 2"/&gt;
  &lt;w:LsdException Locked="false" SemiHidden="true" UnhideWhenUsed="true"
   Name="List Continue 3"/&gt;
  &lt;w:LsdException Locked="false" SemiHidden="true" UnhideWhenUsed="true"
   Name="List Continue 4"/&gt;
  &lt;w:LsdException Locked="false" SemiHidden="true" UnhideWhenUsed="true"
   Name="List Continue 5"/&gt;
  &lt;w:LsdException Locked="false" SemiHidden="true" UnhideWhenUsed="true"
   Name="Message Header"/&gt;
  &lt;w:LsdException Locked="false" Priority="11" QFormat="true" Name="Subtitle"/&gt;
  &lt;w:LsdException Locked="false" SemiHidden="true" UnhideWhenUsed="true"
   Name="Salutation"/&gt;
  &lt;w:LsdException Locked="false" SemiHidden="true" UnhideWhenUsed="true"
   Name="Date"/&gt;
  &lt;w:LsdException Locked="false" SemiHidden="true" UnhideWhenUsed="true"
   Name="Body Text First Indent"/&gt;
  &lt;w:LsdException Locked="false" SemiHidden="true" UnhideWhenUsed="true"
   Name="Body Text First Indent 2"/&gt;
  &lt;w:LsdException Locked="false" SemiHidden="true" UnhideWhenUsed="true"
   Name="Note Heading"/&gt;
  &lt;w:LsdException Locked="false" SemiHidden="true" UnhideWhenUsed="true"
   Name="Body Text 2"/&gt;
  &lt;w:LsdException Locked="false" SemiHidden="true" UnhideWhenUsed="true"
   Name="Body Text 3"/&gt;
  &lt;w:LsdException Locked="false" SemiHidden="true" UnhideWhenUsed="true"
   Name="Body Text Indent 2"/&gt;
  &lt;w:LsdException Locked="false" SemiHidden="true" UnhideWhenUsed="true"
   Name="Body Text Indent 3"/&gt;
  &lt;w:LsdException Locked="false" SemiHidden="true" UnhideWhenUsed="true"
   Name="Block Text"/&gt;
  &lt;w:LsdException Locked="false" SemiHidden="true" UnhideWhenUsed="true"
   Name="Hyperlink"/&gt;
  &lt;w:LsdException Locked="false" SemiHidden="true" UnhideWhenUsed="true"
   Name="FollowedHyperlink"/&gt;
  &lt;w:LsdException Locked="false" Priority="22" QFormat="true" Name="Strong"/&gt;
  &lt;w:LsdException Locked="false" Priority="20" QFormat="true" Name="Emphasis"/&gt;
  &lt;w:LsdException Locked="false" SemiHidden="true" UnhideWhenUsed="true"
   Name="Document Map"/&gt;
  &lt;w:LsdException Locked="false" SemiHidden="true" UnhideWhenUsed="true"
   Name="Plain Text"/&gt;
  &lt;w:LsdException Locked="false" SemiHidden="true" UnhideWhenUsed="true"
   Name="E-mail Signature"/&gt;
  &lt;w:LsdException Locked="false" SemiHidden="true" UnhideWhenUsed="true"
   Name="HTML Top of Form"/&gt;
  &lt;w:LsdException Locked="false" SemiHidden="true" UnhideWhenUsed="true"
   Name="HTML Bottom of Form"/&gt;
  &lt;w:LsdException Locked="false" SemiHidden="true" UnhideWhenUsed="true"
   Name="Normal (Web)"/&gt;
  &lt;w:LsdException Locked="false" SemiHidden="true" UnhideWhenUsed="true"
   Name="HTML Acronym"/&gt;
  &lt;w:LsdException Locked="false" SemiHidden="true" UnhideWhenUsed="true"
   Name="HTML Address"/&gt;
  &lt;w:LsdException Locked="false" SemiHidden="true" UnhideWhenUsed="true"
   Name="HTML Cite"/&gt;
  &lt;w:LsdException Locked="false" SemiHidden="true" UnhideWhenUsed="true"
   Name="HTML Code"/&gt;
  &lt;w:LsdException Locked="false" SemiHidden="true" UnhideWhenUsed="true"
   Name="HTML Definition"/&gt;
  &lt;w:LsdException Locked="false" SemiHidden="true" UnhideWhenUsed="true"
   Name="HTML Keyboard"/&gt;
  &lt;w:LsdException Locked="false" SemiHidden="true" UnhideWhenUsed="true"
   Name="HTML Preformatted"/&gt;
  &lt;w:LsdException Locked="false" SemiHidden="true" UnhideWhenUsed="true"
   Name="HTML Sample"/&gt;
  &lt;w:LsdException Locked="false" SemiHidden="true" UnhideWhenUsed="true"
   Name="HTML Typewriter"/&gt;
  &lt;w:LsdException Locked="false" SemiHidden="true" UnhideWhenUsed="true"
   Name="HTML Variable"/&gt;
  &lt;w:LsdException Locked="false" SemiHidden="true" UnhideWhenUsed="true"
   Name="Normal Table"/&gt;
  &lt;w:LsdException Locked="false" SemiHidden="true" UnhideWhenUsed="true"
   Name="annotation subject"/&gt;
  &lt;w:LsdException Locked="false" SemiHidden="true" UnhideWhenUsed="true"
   Name="No List"/&gt;
  &lt;w:LsdException Locked="false" SemiHidden="true" UnhideWhenUsed="true"
   Name="Outline List 1"/&gt;
  &lt;w:LsdException Locked="false" SemiHidden="true" UnhideWhenUsed="true"
   Name="Outline List 2"/&gt;
  &lt;w:LsdException Locked="false" SemiHidden="true" UnhideWhenUsed="true"
   Name="Outline List 3"/&gt;
  &lt;w:LsdException Locked="false" SemiHidden="true" UnhideWhenUsed="true"
   Name="Table Simple 1"/&gt;
  &lt;w:LsdException Locked="false" SemiHidden="true" UnhideWhenUsed="true"
   Name="Table Simple 2"/&gt;
  &lt;w:LsdException Locked="false" SemiHidden="true" UnhideWhenUsed="true"
   Name="Table Simple 3"/&gt;
  &lt;w:LsdException Locked="false" SemiHidden="true" UnhideWhenUsed="true"
   Name="Table Classic 1"/&gt;
  &lt;w:LsdException Locked="false" SemiHidden="true" UnhideWhenUsed="true"
   Name="Table Classic 2"/&gt;
  &lt;w:LsdException Locked="false" SemiHidden="true" UnhideWhenUsed="true"
   Name="Table Classic 3"/&gt;
  &lt;w:LsdException Locked="false" SemiHidden="true" UnhideWhenUsed="true"
   Name="Table Classic 4"/&gt;
  &lt;w:LsdException Locked="false" SemiHidden="true" UnhideWhenUsed="true"
   Name="Table Colorful 1"/&gt;
  &lt;w:LsdException Locked="false" SemiHidden="true" UnhideWhenUsed="true"
   Name="Table Colorful 2"/&gt;
  &lt;w:LsdException Locked="false" SemiHidden="true" UnhideWhenUsed="true"
   Name="Table Colorful 3"/&gt;
  &lt;w:LsdException Locked="false" SemiHidden="true" UnhideWhenUsed="true"
   Name="Table Columns 1"/&gt;
  &lt;w:LsdException Locked="false" SemiHidden="true" UnhideWhenUsed="true"
   Name="Table Columns 2"/&gt;
  &lt;w:LsdException Locked="false" SemiHidden="true" UnhideWhenUsed="true"
   Name="Table Columns 3"/&gt;
  &lt;w:LsdException Locked="false" SemiHidden="true" UnhideWhenUsed="true"
   Name="Table Columns 4"/&gt;
  &lt;w:LsdException Locked="false" SemiHidden="true" UnhideWhenUsed="true"
   Name="Table Columns 5"/&gt;
  &lt;w:LsdException Locked="false" SemiHidden="true" UnhideWhenUsed="true"
   Name="Table Grid 1"/&gt;
  &lt;w:LsdException Locked="false" SemiHidden="true" UnhideWhenUsed="true"
   Name="Table Grid 2"/&gt;
  &lt;w:LsdException Locked="false" SemiHidden="true" UnhideWhenUsed="true"
   Name="Table Grid 3"/&gt;
  &lt;w:LsdException Locked="false" SemiHidden="true" UnhideWhenUsed="true"
   Name="Table Grid 4"/&gt;
  &lt;w:LsdException Locked="false" SemiHidden="true" UnhideWhenUsed="true"
   Name="Table Grid 5"/&gt;
  &lt;w:LsdException Locked="false" SemiHidden="true" UnhideWhenUsed="true"
   Name="Table Grid 6"/&gt;
  &lt;w:LsdException Locked="false" SemiHidden="true" UnhideWhenUsed="true"
   Name="Table Grid 7"/&gt;
  &lt;w:LsdException Locked="false" SemiHidden="true" UnhideWhenUsed="true"
   Name="Table Grid 8"/&gt;
  &lt;w:LsdException Locked="false" SemiHidden="true" UnhideWhenUsed="true"
   Name="Table List 1"/&gt;
  &lt;w:LsdException Locked="false" SemiHidden="true" UnhideWhenUsed="true"
   Name="Table List 2"/&gt;
  &lt;w:LsdException Locked="false" SemiHidden="true" UnhideWhenUsed="true"
   Name="Table List 3"/&gt;
  &lt;w:LsdException Locked="false" SemiHidden="true" UnhideWhenUsed="true"
   Name="Table List 4"/&gt;
  &lt;w:LsdException Locked="false" SemiHidden="true" UnhideWhenUsed="true"
   Name="Table List 5"/&gt;
  &lt;w:LsdException Locked="false" SemiHidden="true" UnhideWhenUsed="true"
   Name="Table List 6"/&gt;
  &lt;w:LsdException Locked="false" SemiHidden="true" UnhideWhenUsed="true"
   Name="Table List 7"/&gt;
  &lt;w:LsdException Locked="false" SemiHidden="true" UnhideWhenUsed="true"
   Name="Table List 8"/&gt;
  &lt;w:LsdException Locked="false" SemiHidden="true" UnhideWhenUsed="true"
   Name="Table 3D effects 1"/&gt;
  &lt;w:LsdException Locked="false" SemiHidden="true" UnhideWhenUsed="true"
   Name="Table 3D effects 2"/&gt;
  &lt;w:LsdException Locked="false" SemiHidden="true" UnhideWhenUsed="true"
   Name="Table 3D effects 3"/&gt;
  &lt;w:LsdException Locked="false" SemiHidden="true" UnhideWhenUsed="true"
   Name="Table Contemporary"/&gt;
  &lt;w:LsdException Locked="false" SemiHidden="true" UnhideWhenUsed="true"
   Name="Table Elegant"/&gt;
  &lt;w:LsdException Locked="false" SemiHidden="true" UnhideWhenUsed="true"
   Name="Table Professional"/&gt;
  &lt;w:LsdException Locked="false" SemiHidden="true" UnhideWhenUsed="true"
   Name="Table Subtle 1"/&gt;
  &lt;w:LsdException Locked="false" SemiHidden="true" UnhideWhenUsed="true"
   Name="Table Subtle 2"/&gt;
  &lt;w:LsdException Locked="false" SemiHidden="true" UnhideWhenUsed="true"
   Name="Table Web 1"/&gt;
  &lt;w:LsdException Locked="false" SemiHidden="true" UnhideWhenUsed="true"
   Name="Table Web 2"/&gt;
  &lt;w:LsdException Locked="false" SemiHidden="true" UnhideWhenUsed="true"
   Name="Table Web 3"/&gt;
  &lt;w:LsdException Locked="false" SemiHidden="true" UnhideWhenUsed="true"
   Name="Balloon Text"/&gt;
  &lt;w:LsdException Locked="false" Priority="39" Name="Table Grid"/&gt;
  &lt;w:LsdException Locked="false" SemiHidden="true" UnhideWhenUsed="true"
   Name="Table Theme"/&gt;
  &lt;w:LsdException Locked="false" SemiHidden="true" Name="Placeholder Text"/&gt;
  &lt;w:LsdException Locked="false" Priority="1" QFormat="true" Name="No Spacing"/&gt;
  &lt;w:LsdException Locked="false" Priority="60" Name="Light Shading"/&gt;
  &lt;w:LsdException Locked="false" Priority="61" Name="Light List"/&gt;
  &lt;w:LsdException Locked="false" Priority="62" Name="Light Grid"/&gt;
  &lt;w:LsdException Locked="false" Priority="63" Name="Medium Shading 1"/&gt;
  &lt;w:LsdException Locked="false" Priority="64" Name="Medium Shading 2"/&gt;
  &lt;w:LsdException Locked="false" Priority="65" Name="Medium List 1"/&gt;
  &lt;w:LsdException Locked="false" Priority="66" Name="Medium List 2"/&gt;
  &lt;w:LsdException Locked="false" Priority="67" Name="Medium Grid 1"/&gt;
  &lt;w:LsdException Locked="false" Priority="68" Name="Medium Grid 2"/&gt;
  &lt;w:LsdException Locked="false" Priority="69" Name="Medium Grid 3"/&gt;
  &lt;w:LsdException Locked="false" Priority="70" Name="Dark List"/&gt;
  &lt;w:LsdException Locked="false" Priority="71" Name="Colorful Shading"/&gt;
  &lt;w:LsdException Locked="false" Priority="72" Name="Colorful List"/&gt;
  &lt;w:LsdException Locked="false" Priority="73" Name="Colorful Grid"/&gt;
  &lt;w:LsdException Locked="false" Priority="60" Name="Light Shading Accent 1"/&gt;
  &lt;w:LsdException Locked="false" Priority="61" Name="Light List Accent 1"/&gt;
  &lt;w:LsdException Locked="false" Priority="62" Name="Light Grid Accent 1"/&gt;
  &lt;w:LsdException Locked="false" Priority="63" Name="Medium Shading 1 Accent 1"/&gt;
  &lt;w:LsdException Locked="false" Priority="64" Name="Medium Shading 2 Accent 1"/&gt;
  &lt;w:LsdException Locked="false" Priority="65" Name="Medium List 1 Accent 1"/&gt;
  &lt;w:LsdException Locked="false" SemiHidden="true" Name="Revision"/&gt;
  &lt;w:LsdException Locked="false" Priority="34" QFormat="true"
   Name="List Paragraph"/&gt;
  &lt;w:LsdException Locked="false" Priority="29" QFormat="true" Name="Quote"/&gt;
  &lt;w:LsdException Locked="false" Priority="30" QFormat="true"
   Name="Intense Quote"/&gt;
  &lt;w:LsdException Locked="false" Priority="66" Name="Medium List 2 Accent 1"/&gt;
  &lt;w:LsdException Locked="false" Priority="67" Name="Medium Grid 1 Accent 1"/&gt;
  &lt;w:LsdException Locked="false" Priority="68" Name="Medium Grid 2 Accent 1"/&gt;
  &lt;w:LsdException Locked="false" Priority="69" Name="Medium Grid 3 Accent 1"/&gt;
  &lt;w:LsdException Locked="false" Priority="70" Name="Dark List Accent 1"/&gt;
  &lt;w:LsdException Locked="false" Priority="71" Name="Colorful Shading Accent 1"/&gt;
  &lt;w:LsdException Locked="false" Priority="72" Name="Colorful List Accent 1"/&gt;
  &lt;w:LsdException Locked="false" Priority="73" Name="Colorful Grid Accent 1"/&gt;
  &lt;w:LsdException Locked="false" Priority="60" Name="Light Shading Accent 2"/&gt;
  &lt;w:LsdException Locked="false" Priority="61" Name="Light List Accent 2"/&gt;
  &lt;w:LsdException Locked="false" Priority="62" Name="Light Grid Accent 2"/&gt;
  &lt;w:LsdException Locked="false" Priority="63" Name="Medium Shading 1 Accent 2"/&gt;
  &lt;w:LsdException Locked="false" Priority="64" Name="Medium Shading 2 Accent 2"/&gt;
  &lt;w:LsdException Locked="false" Priority="65" Name="Medium List 1 Accent 2"/&gt;
  &lt;w:LsdException Locked="false" Priority="66" Name="Medium List 2 Accent 2"/&gt;
  &lt;w:LsdException Locked="false" Priority="67" Name="Medium Grid 1 Accent 2"/&gt;
  &lt;w:LsdException Locked="false" Priority="68" Name="Medium Grid 2 Accent 2"/&gt;
  &lt;w:LsdException Locked="false" Priority="69" Name="Medium Grid 3 Accent 2"/&gt;
  &lt;w:LsdException Locked="false" Priority="70" Name="Dark List Accent 2"/&gt;
  &lt;w:LsdException Locked="false" Priority="71" Name="Colorful Shading Accent 2"/&gt;
  &lt;w:LsdException Locked="false" Priority="72" Name="Colorful List Accent 2"/&gt;
  &lt;w:LsdException Locked="false" Priority="73" Name="Colorful Grid Accent 2"/&gt;
  &lt;w:LsdException Locked="false" Priority="60" Name="Light Shading Accent 3"/&gt;
  &lt;w:LsdException Locked="false" Priority="61" Name="Light List Accent 3"/&gt;
  &lt;w:LsdException Locked="false" Priority="62" Name="Light Grid Accent 3"/&gt;
  &lt;w:LsdException Locked="false" Priority="63" Name="Medium Shading 1 Accent 3"/&gt;
  &lt;w:LsdException Locked="false" Priority="64" Name="Medium Shading 2 Accent 3"/&gt;
  &lt;w:LsdException Locked="false" Priority="65" Name="Medium List 1 Accent 3"/&gt;
  &lt;w:LsdException Locked="false" Priority="66" Name="Medium List 2 Accent 3"/&gt;
  &lt;w:LsdException Locked="false" Priority="67" Name="Medium Grid 1 Accent 3"/&gt;
  &lt;w:LsdException Locked="false" Priority="68" Name="Medium Grid 2 Accent 3"/&gt;
  &lt;w:LsdException Locked="false" Priority="69" Name="Medium Grid 3 Accent 3"/&gt;
  &lt;w:LsdException Locked="false" Priority="70" Name="Dark List Accent 3"/&gt;
  &lt;w:LsdException Locked="false" Priority="71" Name="Colorful Shading Accent 3"/&gt;
  &lt;w:LsdException Locked="false" Priority="72" Name="Colorful List Accent 3"/&gt;
  &lt;w:LsdException Locked="false" Priority="73" Name="Colorful Grid Accent 3"/&gt;
  &lt;w:LsdException Locked="false" Priority="60" Name="Light Shading Accent 4"/&gt;
  &lt;w:LsdException Locked="false" Priority="61" Name="Light List Accent 4"/&gt;
  &lt;w:LsdException Locked="false" Priority="62" Name="Light Grid Accent 4"/&gt;
  &lt;w:LsdException Locked="false" Priority="63" Name="Medium Shading 1 Accent 4"/&gt;
  &lt;w:LsdException Locked="false" Priority="64" Name="Medium Shading 2 Accent 4"/&gt;
  &lt;w:LsdException Locked="false" Priority="65" Name="Medium List 1 Accent 4"/&gt;
  &lt;w:LsdException Locked="false" Priority="66" Name="Medium List 2 Accent 4"/&gt;
  &lt;w:LsdException Locked="false" Priority="67" Name="Medium Grid 1 Accent 4"/&gt;
  &lt;w:LsdException Locked="false" Priority="68" Name="Medium Grid 2 Accent 4"/&gt;
  &lt;w:LsdException Locked="false" Priority="69" Name="Medium Grid 3 Accent 4"/&gt;
  &lt;w:LsdException Locked="false" Priority="70" Name="Dark List Accent 4"/&gt;
  &lt;w:LsdException Locked="false" Priority="71" Name="Colorful Shading Accent 4"/&gt;
  &lt;w:LsdException Locked="false" Priority="72" Name="Colorful List Accent 4"/&gt;
  &lt;w:LsdException Locked="false" Priority="73" Name="Colorful Grid Accent 4"/&gt;
  &lt;w:LsdException Locked="false" Priority="60" Name="Light Shading Accent 5"/&gt;
  &lt;w:LsdException Locked="false" Priority="61" Name="Light List Accent 5"/&gt;
  &lt;w:LsdException Locked="false" Priority="62" Name="Light Grid Accent 5"/&gt;
  &lt;w:LsdException Locked="false" Priority="63" Name="Medium Shading 1 Accent 5"/&gt;
  &lt;w:LsdException Locked="false" Priority="64" Name="Medium Shading 2 Accent 5"/&gt;
  &lt;w:LsdException Locked="false" Priority="65" Name="Medium List 1 Accent 5"/&gt;
  &lt;w:LsdException Locked="false" Priority="66" Name="Medium List 2 Accent 5"/&gt;
  &lt;w:LsdException Locked="false" Priority="67" Name="Medium Grid 1 Accent 5"/&gt;
  &lt;w:LsdException Locked="false" Priority="68" Name="Medium Grid 2 Accent 5"/&gt;
  &lt;w:LsdException Locked="false" Priority="69" Name="Medium Grid 3 Accent 5"/&gt;
  &lt;w:LsdException Locked="false" Priority="70" Name="Dark List Accent 5"/&gt;
  &lt;w:LsdException Locked="false" Priority="71" Name="Colorful Shading Accent 5"/&gt;
  &lt;w:LsdException Locked="false" Priority="72" Name="Colorful List Accent 5"/&gt;
  &lt;w:LsdException Locked="false" Priority="73" Name="Colorful Grid Accent 5"/&gt;
  &lt;w:LsdException Locked="false" Priority="60" Name="Light Shading Accent 6"/&gt;
  &lt;w:LsdException Locked="false" Priority="61" Name="Light List Accent 6"/&gt;
  &lt;w:LsdException Locked="false" Priority="62" Name="Light Grid Accent 6"/&gt;
  &lt;w:LsdException Locked="false" Priority="63" Name="Medium Shading 1 Accent 6"/&gt;
  &lt;w:LsdException Locked="false" Priority="64" Name="Medium Shading 2 Accent 6"/&gt;
  &lt;w:LsdException Locked="false" Priority="65" Name="Medium List 1 Accent 6"/&gt;
  &lt;w:LsdException Locked="false" Priority="66" Name="Medium List 2 Accent 6"/&gt;
  &lt;w:LsdException Locked="false" Priority="67" Name="Medium Grid 1 Accent 6"/&gt;
  &lt;w:LsdException Locked="false" Priority="68" Name="Medium Grid 2 Accent 6"/&gt;
  &lt;w:LsdException Locked="false" Priority="69" Name="Medium Grid 3 Accent 6"/&gt;
  &lt;w:LsdException Locked="false" Priority="70" Name="Dark List Accent 6"/&gt;
  &lt;w:LsdException Locked="false" Priority="71" Name="Colorful Shading Accent 6"/&gt;
  &lt;w:LsdException Locked="false" Priority="72" Name="Colorful List Accent 6"/&gt;
  &lt;w:LsdException Locked="false" Priority="73" Name="Colorful Grid Accent 6"/&gt;
  &lt;w:LsdException Locked="false" Priority="19" QFormat="true"
   Name="Subtle Emphasis"/&gt;
  &lt;w:LsdException Locked="false" Priority="21" QFormat="true"
   Name="Intense Emphasis"/&gt;
  &lt;w:LsdException Locked="false" Priority="31" QFormat="true"
   Name="Subtle Reference"/&gt;
  &lt;w:LsdException Locked="false" Priority="32" QFormat="true"
   Name="Intense Reference"/&gt;
  &lt;w:LsdException Locked="false" Priority="33" QFormat="true" Name="Book Title"/&gt;
  &lt;w:LsdException Locked="false" Priority="37" SemiHidden="true"
   UnhideWhenUsed="true" Name="Bibliography"/&gt;
  &lt;w:LsdException Locked="false" Priority="39" SemiHidden="true"
   UnhideWhenUsed="true" QFormat="true" Name="TOC Heading"/&gt;
  &lt;w:LsdException Locked="false" Priority="41" Name="Plain Table 1"/&gt;
  &lt;w:LsdException Locked="false" Priority="42" Name="Plain Table 2"/&gt;
  &lt;w:LsdException Locked="false" Priority="43" Name="Plain Table 3"/&gt;
  &lt;w:LsdException Locked="false" Priority="44" Name="Plain Table 4"/&gt;
  &lt;w:LsdException Locked="false" Priority="45" Name="Plain Table 5"/&gt;
  &lt;w:LsdException Locked="false" Priority="40" Name="Grid Table Light"/&gt;
  &lt;w:LsdException Locked="false" Priority="46" Name="Grid Table 1 Light"/&gt;
  &lt;w:LsdException Locked="false" Priority="47" Name="Grid Table 2"/&gt;
  &lt;w:LsdException Locked="false" Priority="48" Name="Grid Table 3"/&gt;
  &lt;w:LsdException Locked="false" Priority="49" Name="Grid Table 4"/&gt;
  &lt;w:LsdException Locked="false" Priority="50" Name="Grid Table 5 Dark"/&gt;
  &lt;w:LsdException Locked="false" Priority="51" Name="Grid Table 6 Colorful"/&gt;
  &lt;w:LsdException Locked="false" Priority="52" Name="Grid Table 7 Colorful"/&gt;
  &lt;w:LsdException Locked="false" Priority="46"
   Name="Grid Table 1 Light Accent 1"/&gt;
  &lt;w:LsdException Locked="false" Priority="47" Name="Grid Table 2 Accent 1"/&gt;
  &lt;w:LsdException Locked="false" Priority="48" Name="Grid Table 3 Accent 1"/&gt;
  &lt;w:LsdException Locked="false" Priority="49" Name="Grid Table 4 Accent 1"/&gt;
  &lt;w:LsdException Locked="false" Priority="50" Name="Grid Table 5 Dark Accent 1"/&gt;
  &lt;w:LsdException Locked="false" Priority="51"
   Name="Grid Table 6 Colorful Accent 1"/&gt;
  &lt;w:LsdException Locked="false" Priority="52"
   Name="Grid Table 7 Colorful Accent 1"/&gt;
  &lt;w:LsdException Locked="false" Priority="46"
   Name="Grid Table 1 Light Accent 2"/&gt;
  &lt;w:LsdException Locked="false" Priority="47" Name="Grid Table 2 Accent 2"/&gt;
  &lt;w:LsdException Locked="false" Priority="48" Name="Grid Table 3 Accent 2"/&gt;
  &lt;w:LsdException Locked="false" Priority="49" Name="Grid Table 4 Accent 2"/&gt;
  &lt;w:LsdException Locked="false" Priority="50" Name="Grid Table 5 Dark Accent 2"/&gt;
  &lt;w:LsdException Locked="false" Priority="51"
   Name="Grid Table 6 Colorful Accent 2"/&gt;
  &lt;w:LsdException Locked="false" Priority="52"
   Name="Grid Table 7 Colorful Accent 2"/&gt;
  &lt;w:LsdException Locked="false" Priority="46"
   Name="Grid Table 1 Light Accent 3"/&gt;
  &lt;w:LsdException Locked="false" Priority="47" Name="Grid Table 2 Accent 3"/&gt;
  &lt;w:LsdException Locked="false" Priority="48" Name="Grid Table 3 Accent 3"/&gt;
  &lt;w:LsdException Locked="false" Priority="49" Name="Grid Table 4 Accent 3"/&gt;
  &lt;w:LsdException Locked="false" Priority="50" Name="Grid Table 5 Dark Accent 3"/&gt;
  &lt;w:LsdException Locked="false" Priority="51"
   Name="Grid Table 6 Colorful Accent 3"/&gt;
  &lt;w:LsdException Locked="false" Priority="52"
   Name="Grid Table 7 Colorful Accent 3"/&gt;
  &lt;w:LsdException Locked="false" Priority="46"
   Name="Grid Table 1 Light Accent 4"/&gt;
  &lt;w:LsdException Locked="false" Priority="47" Name="Grid Table 2 Accent 4"/&gt;
  &lt;w:LsdException Locked="false" Priority="48" Name="Grid Table 3 Accent 4"/&gt;
  &lt;w:LsdException Locked="false" Priority="49" Name="Grid Table 4 Accent 4"/&gt;
  &lt;w:LsdException Locked="false" Priority="50" Name="Grid Table 5 Dark Accent 4"/&gt;
  &lt;w:LsdException Locked="false" Priority="51"
   Name="Grid Table 6 Colorful Accent 4"/&gt;
  &lt;w:LsdException Locked="false" Priority="52"
   Name="Grid Table 7 Colorful Accent 4"/&gt;
  &lt;w:LsdException Locked="false" Priority="46"
   Name="Grid Table 1 Light Accent 5"/&gt;
  &lt;w:LsdException Locked="false" Priority="47" Name="Grid Table 2 Accent 5"/&gt;
  &lt;w:LsdException Locked="false" Priority="48" Name="Grid Table 3 Accent 5"/&gt;
  &lt;w:LsdException Locked="false" Priority="49" Name="Grid Table 4 Accent 5"/&gt;
  &lt;w:LsdException Locked="false" Priority="50" Name="Grid Table 5 Dark Accent 5"/&gt;
  &lt;w:LsdException Locked="false" Priority="51"
   Name="Grid Table 6 Colorful Accent 5"/&gt;
  &lt;w:LsdException Locked="false" Priority="52"
   Name="Grid Table 7 Colorful Accent 5"/&gt;
  &lt;w:LsdException Locked="false" Priority="46"
   Name="Grid Table 1 Light Accent 6"/&gt;
  &lt;w:LsdException Locked="false" Priority="47" Name="Grid Table 2 Accent 6"/&gt;
  &lt;w:LsdException Locked="false" Priority="48" Name="Grid Table 3 Accent 6"/&gt;
  &lt;w:LsdException Locked="false" Priority="49" Name="Grid Table 4 Accent 6"/&gt;
  &lt;w:LsdException Locked="false" Priority="50" Name="Grid Table 5 Dark Accent 6"/&gt;
  &lt;w:LsdException Locked="false" Priority="51"
   Name="Grid Table 6 Colorful Accent 6"/&gt;
  &lt;w:LsdException Locked="false" Priority="52"
   Name="Grid Table 7 Colorful Accent 6"/&gt;
  &lt;w:LsdException Locked="false" Priority="46" Name="List Table 1 Light"/&gt;
  &lt;w:LsdException Locked="false" Priority="47" Name="List Table 2"/&gt;
  &lt;w:LsdException Locked="false" Priority="48" Name="List Table 3"/&gt;
  &lt;w:LsdException Locked="false" Priority="49" Name="List Table 4"/&gt;
  &lt;w:LsdException Locked="false" Priority="50" Name="List Table 5 Dark"/&gt;
  &lt;w:LsdException Locked="false" Priority="51" Name="List Table 6 Colorful"/&gt;
  &lt;w:LsdException Locked="false" Priority="52" Name="List Table 7 Colorful"/&gt;
  &lt;w:LsdException Locked="false" Priority="46"
   Name="List Table 1 Light Accent 1"/&gt;
  &lt;w:LsdException Locked="false" Priority="47" Name="List Table 2 Accent 1"/&gt;
  &lt;w:LsdException Locked="false" Priority="48" Name="List Table 3 Accent 1"/&gt;
  &lt;w:LsdException Locked="false" Priority="49" Name="List Table 4 Accent 1"/&gt;
  &lt;w:LsdException Locked="false" Priority="50" Name="List Table 5 Dark Accent 1"/&gt;
  &lt;w:LsdException Locked="false" Priority="51"
   Name="List Table 6 Colorful Accent 1"/&gt;
  &lt;w:LsdException Locked="false" Priority="52"
   Name="List Table 7 Colorful Accent 1"/&gt;
  &lt;w:LsdException Locked="false" Priority="46"
   Name="List Table 1 Light Accent 2"/&gt;
  &lt;w:LsdException Locked="false" Priority="47" Name="List Table 2 Accent 2"/&gt;
  &lt;w:LsdException Locked="false" Priority="48" Name="List Table 3 Accent 2"/&gt;
  &lt;w:LsdException Locked="false" Priority="49" Name="List Table 4 Accent 2"/&gt;
  &lt;w:LsdException Locked="false" Priority="50" Name="List Table 5 Dark Accent 2"/&gt;
  &lt;w:LsdException Locked="false" Priority="51"
   Name="List Table 6 Colorful Accent 2"/&gt;
  &lt;w:LsdException Locked="false" Priority="52"
   Name="List Table 7 Colorful Accent 2"/&gt;
  &lt;w:LsdException Locked="false" Priority="46"
   Name="List Table 1 Light Accent 3"/&gt;
  &lt;w:LsdException Locked="false" Priority="47" Name="List Table 2 Accent 3"/&gt;
  &lt;w:LsdException Locked="false" Priority="48" Name="List Table 3 Accent 3"/&gt;
  &lt;w:LsdException Locked="false" Priority="49" Name="List Table 4 Accent 3"/&gt;
  &lt;w:LsdException Locked="false" Priority="50" Name="List Table 5 Dark Accent 3"/&gt;
  &lt;w:LsdException Locked="false" Priority="51"
   Name="List Table 6 Colorful Accent 3"/&gt;
  &lt;w:LsdException Locked="false" Priority="52"
   Name="List Table 7 Colorful Accent 3"/&gt;
  &lt;w:LsdException Locked="false" Priority="46"
   Name="List Table 1 Light Accent 4"/&gt;
  &lt;w:LsdException Locked="false" Priority="47" Name="List Table 2 Accent 4"/&gt;
  &lt;w:LsdException Locked="false" Priority="48" Name="List Table 3 Accent 4"/&gt;
  &lt;w:LsdException Locked="false" Priority="49" Name="List Table 4 Accent 4"/&gt;
  &lt;w:LsdException Locked="false" Priority="50" Name="List Table 5 Dark Accent 4"/&gt;
  &lt;w:LsdException Locked="false" Priority="51"
   Name="List Table 6 Colorful Accent 4"/&gt;
  &lt;w:LsdException Locked="false" Priority="52"
   Name="List Table 7 Colorful Accent 4"/&gt;
  &lt;w:LsdException Locked="false" Priority="46"
   Name="List Table 1 Light Accent 5"/&gt;
  &lt;w:LsdException Locked="false" Priority="47" Name="List Table 2 Accent 5"/&gt;
  &lt;w:LsdException Locked="false" Priority="48" Name="List Table 3 Accent 5"/&gt;
  &lt;w:LsdException Locked="false" Priority="49" Name="List Table 4 Accent 5"/&gt;
  &lt;w:LsdException Locked="false" Priority="50" Name="List Table 5 Dark Accent 5"/&gt;
  &lt;w:LsdException Locked="false" Priority="51"
   Name="List Table 6 Colorful Accent 5"/&gt;
  &lt;w:LsdException Locked="false" Priority="52"
   Name="List Table 7 Colorful Accent 5"/&gt;
  &lt;w:LsdException Locked="false" Priority="46"
   Name="List Table 1 Light Accent 6"/&gt;
  &lt;w:LsdException Locked="false" Priority="47" Name="List Table 2 Accent 6"/&gt;
  &lt;w:LsdException Locked="false" Priority="48" Name="List Table 3 Accent 6"/&gt;
  &lt;w:LsdException Locked="false" Priority="49" Name="List Table 4 Accent 6"/&gt;
  &lt;w:LsdException Locked="false" Priority="50" Name="List Table 5 Dark Accent 6"/&gt;
  &lt;w:LsdException Locked="false" Priority="51"
   Name="List Table 6 Colorful Accent 6"/&gt;
  &lt;w:LsdException Locked="false" Priority="52"
   Name="List Table 7 Colorful Accent 6"/&gt;
 &lt;/w:LatentStyles&gt;
&lt;/xml&gt;&lt;![endif]--&gt;&lt;!-- [if gte mso 10]&gt;
&lt;style&gt;
 /* Style Definitions */
 table.MsoNormalTable
	{mso-style-name:"Tableau Normal";
	mso-tstyle-rowband-size:0;
	mso-tstyle-colband-size:0;
	mso-style-noshow:yes;
	mso-style-priority:99;
	mso-style-parent:"";
	mso-padding-alt:0cm 5.4pt 0cm 5.4pt;
	mso-para-margin-top:0cm;
	mso-para-margin-right:0cm;
	mso-para-margin-bottom:10.0pt;
	mso-para-margin-left:0cm;
	line-height:115%;
	mso-pagination:widow-orphan;
	font-size:11.0pt;
	font-family:"Calibri","sans-serif";
	mso-ascii-font-family:Calibri;
	mso-ascii-theme-font:minor-latin;
	mso-hansi-font-family:Calibri;
	mso-hansi-theme-font:minor-latin;
	mso-fareast-language:EN-US;}
&lt;/style&gt;
&lt;![endif]--&gt;&lt;/p&gt;
&lt;p class="MsoNormal" style="margin-bottom: .0001pt;"&gt;La Cardabelle ou Carline &amp;agrave; feuilles d&amp;rsquo;acanthe (&lt;em style="mso-bidi-font-style: normal;"&gt;Carlina acanthifolia&lt;/em&gt;) est un vrai &amp;laquo;&amp;nbsp; soleil&amp;nbsp;&amp;raquo; en &amp;eacute;t&amp;eacute;&amp;nbsp;! D&amp;eacute;pourvu de tige, mais muni de grandes feuilles tr&amp;egrave;s piquantes, ce &amp;laquo;&amp;nbsp;chardon&amp;nbsp;&amp;raquo; pr&amp;eacute;sente un capitule (ensemble de multiples petites fleurs) jaune vif. C&amp;rsquo;est l&amp;rsquo;embl&amp;egrave;me des pelouses caussenardes&amp;nbsp;!&lt;br /&gt;Texte : PNR des Grands Causses&lt;/p&gt;</desc>
  </wpt>
  <wpt lat="43.91732284857058" lon="3.2816791581503955">
    <ele>788.0</ele>
    <name>Flore: Le pin sylvestre</name>
    <desc>&lt;p&gt;&lt;!--[if gte mso 9]&gt;&lt;xml&gt;
 &lt;w:WordDocument&gt;
  &lt;w:View&gt;Normal&lt;/w:View&gt;
  &lt;w:Zoom&gt;0&lt;/w:Zoom&gt;
  &lt;w:TrackMoves/&gt;
  &lt;w:TrackFormatting/&gt;
  &lt;w:HyphenationZone&gt;21&lt;/w:HyphenationZone&gt;
  &lt;w:PunctuationKerning/&gt;
  &lt;w:ValidateAgainstSchemas/&gt;
  &lt;w:SaveIfXMLInvalid&gt;false&lt;/w:SaveIfXMLInvalid&gt;
  &lt;w:IgnoreMixedContent&gt;false&lt;/w:IgnoreMixedContent&gt;
  &lt;w:AlwaysShowPlaceholderText&gt;false&lt;/w:AlwaysShowPlaceholderText&gt;
  &lt;w:DoNotPromoteQF/&gt;
  &lt;w:LidThemeOther&gt;FR&lt;/w:LidThemeOther&gt;
  &lt;w:LidThemeAsian&gt;X-NONE&lt;/w:LidThemeAsian&gt;
  &lt;w:LidThemeComplexScript&gt;X-NONE&lt;/w:LidThemeComplexScript&gt;
  &lt;w:Compatibility&gt;
   &lt;w:BreakWrappedTables/&gt;
   &lt;w:SnapToGridInCell/&gt;
   &lt;w:WrapTextWithPunct/&gt;
   &lt;w:UseAsianBreakRules/&gt;
   &lt;w:DontGrowAutofit/&gt;
   &lt;w:SplitPgBreakAndParaMark/&gt;
   &lt;w:EnableOpenTypeKerning/&gt;
   &lt;w:DontFlipMirrorIndents/&gt;
   &lt;w:OverrideTableStyleHps/&gt;
  &lt;/w:Compatibility&gt;
  &lt;m:mathPr&gt;
   &lt;m:mathFont m:val="Cambria Math"/&gt;
   &lt;m:brkBin m:val="before"/&gt;
   &lt;m:brkBinSub m:val="&amp;#45;-"/&gt;
   &lt;m:smallFrac m:val="off"/&gt;
   &lt;m:dispDef/&gt;
   &lt;m:lMargin m:val="0"/&gt;
   &lt;m:rMargin m:val="0"/&gt;
   &lt;m:defJc m:val="centerGroup"/&gt;
   &lt;m:wrapIndent m:val="1440"/&gt;
   &lt;m:intLim m:val="subSup"/&gt;
   &lt;m:naryLim m:val="undOvr"/&gt;
  &lt;/m:mathPr&gt;&lt;/w:WordDocument&gt;
&lt;/xml&gt;&lt;![endif]--&gt;&lt;/p&gt;
&lt;p&gt;&lt;!--[if gte mso 9]&gt;&lt;xml&gt;
 &lt;w:LatentStyles DefLockedState="false" DefUnhideWhenUsed="false"
  DefSemiHidden="false" DefQFormat="false" DefPriority="99"
  LatentStyleCount="371"&gt;
  &lt;w:LsdException Locked="false" Priority="0" QFormat="true" Name="Normal"/&gt;
  &lt;w:LsdException Locked="false" Priority="9" QFormat="true" Name="heading 1"/&gt;
  &lt;w:LsdException Locked="false" Priority="9" SemiHidden="true"
   UnhideWhenUsed="true" QFormat="true" Name="heading 2"/&gt;
  &lt;w:LsdException Locked="false" Priority="9" SemiHidden="true"
   UnhideWhenUsed="true" QFormat="true" Name="heading 3"/&gt;
  &lt;w:LsdException Locked="false" Priority="9" SemiHidden="true"
   UnhideWhenUsed="true" QFormat="true" Name="heading 4"/&gt;
  &lt;w:LsdException Locked="false" Priority="9" SemiHidden="true"
   UnhideWhenUsed="true" QFormat="true" Name="heading 5"/&gt;
  &lt;w:LsdException Locked="false" Priority="9" SemiHidden="true"
   UnhideWhenUsed="true" QFormat="true" Name="heading 6"/&gt;
  &lt;w:LsdException Locked="false" Priority="9" SemiHidden="true"
   UnhideWhenUsed="true" QFormat="true" Name="heading 7"/&gt;
  &lt;w:LsdException Locked="false" Priority="9" SemiHidden="true"
   UnhideWhenUsed="true" QFormat="true" Name="heading 8"/&gt;
  &lt;w:LsdException Locked="false" Priority="9" SemiHidden="true"
   UnhideWhenUsed="true" QFormat="true" Name="heading 9"/&gt;
  &lt;w:LsdException Locked="false" SemiHidden="true" UnhideWhenUsed="true"
   Name="index 1"/&gt;
  &lt;w:LsdException Locked="false" SemiHidden="true" UnhideWhenUsed="true"
   Name="index 2"/&gt;
  &lt;w:LsdException Locked="false" SemiHidden="true" UnhideWhenUsed="true"
   Name="index 3"/&gt;
  &lt;w:LsdException Locked="false" SemiHidden="true" UnhideWhenUsed="true"
   Name="index 4"/&gt;
  &lt;w:LsdException Locked="false" SemiHidden="true" UnhideWhenUsed="true"
   Name="index 5"/&gt;
  &lt;w:LsdException Locked="false" SemiHidden="true" UnhideWhenUsed="true"
   Name="index 6"/&gt;
  &lt;w:LsdException Locked="false" SemiHidden="true" UnhideWhenUsed="true"
   Name="index 7"/&gt;
  &lt;w:LsdException Locked="false" SemiHidden="true" UnhideWhenUsed="true"
   Name="index 8"/&gt;
  &lt;w:LsdException Locked="false" SemiHidden="true" UnhideWhenUsed="true"
   Name="index 9"/&gt;
  &lt;w:LsdException Locked="false" Priority="39" SemiHidden="true"
   UnhideWhenUsed="true" Name="toc 1"/&gt;
  &lt;w:LsdException Locked="false" Priority="39" SemiHidden="true"
   UnhideWhenUsed="true" Name="toc 2"/&gt;
  &lt;w:LsdException Locked="false" Priority="39" SemiHidden="true"
   UnhideWhenUsed="true" Name="toc 3"/&gt;
  &lt;w:LsdException Locked="false" Priority="39" SemiHidden="true"
   UnhideWhenUsed="true" Name="toc 4"/&gt;
  &lt;w:LsdException Locked="false" Priority="39" SemiHidden="true"
   UnhideWhenUsed="true" Name="toc 5"/&gt;
  &lt;w:LsdException Locked="false" Priority="39" SemiHidden="true"
   UnhideWhenUsed="true" Name="toc 6"/&gt;
  &lt;w:LsdException Locked="false" Priority="39" SemiHidden="true"
   UnhideWhenUsed="true" Name="toc 7"/&gt;
  &lt;w:LsdException Locked="false" Priority="39" SemiHidden="true"
   UnhideWhenUsed="true" Name="toc 8"/&gt;
  &lt;w:LsdException Locked="false" Priority="39" SemiHidden="true"
   UnhideWhenUsed="true" Name="toc 9"/&gt;
  &lt;w:LsdException Locked="false" SemiHidden="true" UnhideWhenUsed="true"
   Name="Normal Indent"/&gt;
  &lt;w:LsdException Locked="false" SemiHidden="true" UnhideWhenUsed="true"
   Name="footnote text"/&gt;
  &lt;w:LsdException Locked="false" SemiHidden="true" UnhideWhenUsed="true"
   Name="annotation text"/&gt;
  &lt;w:LsdException Locked="false" SemiHidden="true" UnhideWhenUsed="true"
   Name="header"/&gt;
  &lt;w:LsdException Locked="false" SemiHidden="true" UnhideWhenUsed="true"
   Name="footer"/&gt;
  &lt;w:LsdException Locked="false" SemiHidden="true" UnhideWhenUsed="true"
   Name="index heading"/&gt;
  &lt;w:LsdException Locked="false" Priority="35" SemiHidden="true"
   UnhideWhenUsed="true" QFormat="true" Name="caption"/&gt;
  &lt;w:LsdException Locked="false" SemiHidden="true" UnhideWhenUsed="true"
   Name="table of figures"/&gt;
  &lt;w:LsdException Locked="false" SemiHidden="true" UnhideWhenUsed="true"
   Name="envelope address"/&gt;
  &lt;w:LsdException Locked="false" SemiHidden="true" UnhideWhenUsed="true"
   Name="envelope return"/&gt;
  &lt;w:LsdException Locked="false" SemiHidden="true" UnhideWhenUsed="true"
   Name="footnote reference"/&gt;
  &lt;w:LsdException Locked="false" SemiHidden="true" UnhideWhenUsed="true"
   Name="annotation reference"/&gt;
  &lt;w:LsdException Locked="false" SemiHidden="true" UnhideWhenUsed="true"
   Name="line number"/&gt;
  &lt;w:LsdException Locked="false" SemiHidden="true" UnhideWhenUsed="true"
   Name="page number"/&gt;
  &lt;w:LsdException Locked="false" SemiHidden="true" UnhideWhenUsed="true"
   Name="endnote reference"/&gt;
  &lt;w:LsdException Locked="false" SemiHidden="true" UnhideWhenUsed="true"
   Name="endnote text"/&gt;
  &lt;w:LsdException Locked="false" SemiHidden="true" UnhideWhenUsed="true"
   Name="table of authorities"/&gt;
  &lt;w:LsdException Locked="false" SemiHidden="true" UnhideWhenUsed="true"
   Name="macro"/&gt;
  &lt;w:LsdException Locked="false" SemiHidden="true" UnhideWhenUsed="true"
   Name="toa heading"/&gt;
  &lt;w:LsdException Locked="false" SemiHidden="true" UnhideWhenUsed="true"
   Name="List"/&gt;
  &lt;w:LsdException Locked="false" SemiHidden="true" UnhideWhenUsed="true"
   Name="List Bullet"/&gt;
  &lt;w:LsdException Locked="false" SemiHidden="true" UnhideWhenUsed="true"
   Name="List Number"/&gt;
  &lt;w:LsdException Locked="false" SemiHidden="true" UnhideWhenUsed="true"
   Name="List 2"/&gt;
  &lt;w:LsdException Locked="false" SemiHidden="true" UnhideWhenUsed="true"
   Name="List 3"/&gt;
  &lt;w:LsdException Locked="false" SemiHidden="true" UnhideWhenUsed="true"
   Name="List 4"/&gt;
  &lt;w:LsdException Locked="false" SemiHidden="true" UnhideWhenUsed="true"
   Name="List 5"/&gt;
  &lt;w:LsdException Locked="false" SemiHidden="true" UnhideWhenUsed="true"
   Name="List Bullet 2"/&gt;
  &lt;w:LsdException Locked="false" SemiHidden="true" UnhideWhenUsed="true"
   Name="List Bullet 3"/&gt;
  &lt;w:LsdException Locked="false" SemiHidden="true" UnhideWhenUsed="true"
   Name="List Bullet 4"/&gt;
  &lt;w:LsdException Locked="false" SemiHidden="true" UnhideWhenUsed="true"
   Name="List Bullet 5"/&gt;
  &lt;w:LsdException Locked="false" SemiHidden="true" UnhideWhenUsed="true"
   Name="List Number 2"/&gt;
  &lt;w:LsdException Locked="false" SemiHidden="true" UnhideWhenUsed="true"
   Name="List Number 3"/&gt;
  &lt;w:LsdException Locked="false" SemiHidden="true" UnhideWhenUsed="true"
   Name="List Number 4"/&gt;
  &lt;w:LsdException Locked="false" SemiHidden="true" UnhideWhenUsed="true"
   Name="List Number 5"/&gt;
  &lt;w:LsdException Locked="false" Priority="10" QFormat="true" Name="Title"/&gt;
  &lt;w:LsdException Locked="false" SemiHidden="true" UnhideWhenUsed="true"
   Name="Closing"/&gt;
  &lt;w:LsdException Locked="false" SemiHidden="true" UnhideWhenUsed="true"
   Name="Signature"/&gt;
  &lt;w:LsdException Locked="false" Priority="1" SemiHidden="true"
   UnhideWhenUsed="true" Name="Default Paragraph Font"/&gt;
  &lt;w:LsdException Locked="false" SemiHidden="true" UnhideWhenUsed="true"
   Name="Body Text"/&gt;
  &lt;w:LsdException Locked="false" SemiHidden="true" UnhideWhenUsed="true"
   Name="Body Text Indent"/&gt;
  &lt;w:LsdException Locked="false" SemiHidden="true" UnhideWhenUsed="true"
   Name="List Continue"/&gt;
  &lt;w:LsdException Locked="false" SemiHidden="true" UnhideWhenUsed="true"
   Name="List Continue 2"/&gt;
  &lt;w:LsdException Locked="false" SemiHidden="true" UnhideWhenUsed="true"
   Name="List Continue 3"/&gt;
  &lt;w:LsdException Locked="false" SemiHidden="true" UnhideWhenUsed="true"
   Name="List Continue 4"/&gt;
  &lt;w:LsdException Locked="false" SemiHidden="true" UnhideWhenUsed="true"
   Name="List Continue 5"/&gt;
  &lt;w:LsdException Locked="false" SemiHidden="true" UnhideWhenUsed="true"
   Name="Message Header"/&gt;
  &lt;w:LsdException Locked="false" Priority="11" QFormat="true" Name="Subtitle"/&gt;
  &lt;w:LsdException Locked="false" SemiHidden="true" UnhideWhenUsed="true"
   Name="Salutation"/&gt;
  &lt;w:LsdException Locked="false" SemiHidden="true" UnhideWhenUsed="true"
   Name="Date"/&gt;
  &lt;w:LsdException Locked="false" SemiHidden="true" UnhideWhenUsed="true"
   Name="Body Text First Indent"/&gt;
  &lt;w:LsdException Locked="false" SemiHidden="true" UnhideWhenUsed="true"
   Name="Body Text First Indent 2"/&gt;
  &lt;w:LsdException Locked="false" SemiHidden="true" UnhideWhenUsed="true"
   Name="Note Heading"/&gt;
  &lt;w:LsdException Locked="false" SemiHidden="true" UnhideWhenUsed="true"
   Name="Body Text 2"/&gt;
  &lt;w:LsdException Locked="false" SemiHidden="true" UnhideWhenUsed="true"
   Name="Body Text 3"/&gt;
  &lt;w:LsdException Locked="false" SemiHidden="true" UnhideWhenUsed="true"
   Name="Body Text Indent 2"/&gt;
  &lt;w:LsdException Locked="false" SemiHidden="true" UnhideWhenUsed="true"
   Name="Body Text Indent 3"/&gt;
  &lt;w:LsdException Locked="false" SemiHidden="true" UnhideWhenUsed="true"
   Name="Block Text"/&gt;
  &lt;w:LsdException Locked="false" SemiHidden="true" UnhideWhenUsed="true"
   Name="Hyperlink"/&gt;
  &lt;w:LsdException Locked="false" SemiHidden="true" UnhideWhenUsed="true"
   Name="FollowedHyperlink"/&gt;
  &lt;w:LsdException Locked="false" Priority="22" QFormat="true" Name="Strong"/&gt;
  &lt;w:LsdException Locked="false" Priority="20" QFormat="true" Name="Emphasis"/&gt;
  &lt;w:LsdException Locked="false" SemiHidden="true" UnhideWhenUsed="true"
   Name="Document Map"/&gt;
  &lt;w:LsdException Locked="false" SemiHidden="true" UnhideWhenUsed="true"
   Name="Plain Text"/&gt;
  &lt;w:LsdException Locked="false" SemiHidden="true" UnhideWhenUsed="true"
   Name="E-mail Signature"/&gt;
  &lt;w:LsdException Locked="false" SemiHidden="true" UnhideWhenUsed="true"
   Name="HTML Top of Form"/&gt;
  &lt;w:LsdException Locked="false" SemiHidden="true" UnhideWhenUsed="true"
   Name="HTML Bottom of Form"/&gt;
  &lt;w:LsdException Locked="false" SemiHidden="true" UnhideWhenUsed="true"
   Name="Normal (Web)"/&gt;
  &lt;w:LsdException Locked="false" SemiHidden="true" UnhideWhenUsed="true"
   Name="HTML Acronym"/&gt;
  &lt;w:LsdException Locked="false" SemiHidden="true" UnhideWhenUsed="true"
   Name="HTML Address"/&gt;
  &lt;w:LsdException Locked="false" SemiHidden="true" UnhideWhenUsed="true"
   Name="HTML Cite"/&gt;
  &lt;w:LsdException Locked="false" SemiHidden="true" UnhideWhenUsed="true"
   Name="HTML Code"/&gt;
  &lt;w:LsdException Locked="false" SemiHidden="true" UnhideWhenUsed="true"
   Name="HTML Definition"/&gt;
  &lt;w:LsdException Locked="false" SemiHidden="true" UnhideWhenUsed="true"
   Name="HTML Keyboard"/&gt;
  &lt;w:LsdException Locked="false" SemiHidden="true" UnhideWhenUsed="true"
   Name="HTML Preformatted"/&gt;
  &lt;w:LsdException Locked="false" SemiHidden="true" UnhideWhenUsed="true"
   Name="HTML Sample"/&gt;
  &lt;w:LsdException Locked="false" SemiHidden="true" UnhideWhenUsed="true"
   Name="HTML Typewriter"/&gt;
  &lt;w:LsdException Locked="false" SemiHidden="true" UnhideWhenUsed="true"
   Name="HTML Variable"/&gt;
  &lt;w:LsdException Locked="false" SemiHidden="true" UnhideWhenUsed="true"
   Name="Normal Table"/&gt;
  &lt;w:LsdException Locked="false" SemiHidden="true" UnhideWhenUsed="true"
   Name="annotation subject"/&gt;
  &lt;w:LsdException Locked="false" SemiHidden="true" UnhideWhenUsed="true"
   Name="No List"/&gt;
  &lt;w:LsdException Locked="false" SemiHidden="true" UnhideWhenUsed="true"
   Name="Outline List 1"/&gt;
  &lt;w:LsdException Locked="false" SemiHidden="true" UnhideWhenUsed="true"
   Name="Outline List 2"/&gt;
  &lt;w:LsdException Locked="false" SemiHidden="true" UnhideWhenUsed="true"
   Name="Outline List 3"/&gt;
  &lt;w:LsdException Locked="false" SemiHidden="true" UnhideWhenUsed="true"
   Name="Table Simple 1"/&gt;
  &lt;w:LsdException Locked="false" SemiHidden="true" UnhideWhenUsed="true"
   Name="Table Simple 2"/&gt;
  &lt;w:LsdException Locked="false" SemiHidden="true" UnhideWhenUsed="true"
   Name="Table Simple 3"/&gt;
  &lt;w:LsdException Locked="false" SemiHidden="true" UnhideWhenUsed="true"
   Name="Table Classic 1"/&gt;
  &lt;w:LsdException Locked="false" SemiHidden="true" UnhideWhenUsed="true"
   Name="Table Classic 2"/&gt;
  &lt;w:LsdException Locked="false" SemiHidden="true" UnhideWhenUsed="true"
   Name="Table Classic 3"/&gt;
  &lt;w:LsdException Locked="false" SemiHidden="true" UnhideWhenUsed="true"
   Name="Table Classic 4"/&gt;
  &lt;w:LsdException Locked="false" SemiHidden="true" UnhideWhenUsed="true"
   Name="Table Colorful 1"/&gt;
  &lt;w:LsdException Locked="false" SemiHidden="true" UnhideWhenUsed="true"
   Name="Table Colorful 2"/&gt;
  &lt;w:LsdException Locked="false" SemiHidden="true" UnhideWhenUsed="true"
   Name="Table Colorful 3"/&gt;
  &lt;w:LsdException Locked="false" SemiHidden="true" UnhideWhenUsed="true"
   Name="Table Columns 1"/&gt;
  &lt;w:LsdException Locked="false" SemiHidden="true" UnhideWhenUsed="true"
   Name="Table Columns 2"/&gt;
  &lt;w:LsdException Locked="false" SemiHidden="true" UnhideWhenUsed="true"
   Name="Table Columns 3"/&gt;
  &lt;w:LsdException Locked="false" SemiHidden="true" UnhideWhenUsed="true"
   Name="Table Columns 4"/&gt;
  &lt;w:LsdException Locked="false" SemiHidden="true" UnhideWhenUsed="true"
   Name="Table Columns 5"/&gt;
  &lt;w:LsdException Locked="false" SemiHidden="true" UnhideWhenUsed="true"
   Name="Table Grid 1"/&gt;
  &lt;w:LsdException Locked="false" SemiHidden="true" UnhideWhenUsed="true"
   Name="Table Grid 2"/&gt;
  &lt;w:LsdException Locked="false" SemiHidden="true" UnhideWhenUsed="true"
   Name="Table Grid 3"/&gt;
  &lt;w:LsdException Locked="false" SemiHidden="true" UnhideWhenUsed="true"
   Name="Table Grid 4"/&gt;
  &lt;w:LsdException Locked="false" SemiHidden="true" UnhideWhenUsed="true"
   Name="Table Grid 5"/&gt;
  &lt;w:LsdException Locked="false" SemiHidden="true" UnhideWhenUsed="true"
   Name="Table Grid 6"/&gt;
  &lt;w:LsdException Locked="false" SemiHidden="true" UnhideWhenUsed="true"
   Name="Table Grid 7"/&gt;
  &lt;w:LsdException Locked="false" SemiHidden="true" UnhideWhenUsed="true"
   Name="Table Grid 8"/&gt;
  &lt;w:LsdException Locked="false" SemiHidden="true" UnhideWhenUsed="true"
   Name="Table List 1"/&gt;
  &lt;w:LsdException Locked="false" SemiHidden="true" UnhideWhenUsed="true"
   Name="Table List 2"/&gt;
  &lt;w:LsdException Locked="false" SemiHidden="true" UnhideWhenUsed="true"
   Name="Table List 3"/&gt;
  &lt;w:LsdException Locked="false" SemiHidden="true" UnhideWhenUsed="true"
   Name="Table List 4"/&gt;
  &lt;w:LsdException Locked="false" SemiHidden="true" UnhideWhenUsed="true"
   Name="Table List 5"/&gt;
  &lt;w:LsdException Locked="false" SemiHidden="true" UnhideWhenUsed="true"
   Name="Table List 6"/&gt;
  &lt;w:LsdException Locked="false" SemiHidden="true" UnhideWhenUsed="true"
   Name="Table List 7"/&gt;
  &lt;w:LsdException Locked="false" SemiHidden="true" UnhideWhenUsed="true"
   Name="Table List 8"/&gt;
  &lt;w:LsdException Locked="false" SemiHidden="true" UnhideWhenUsed="true"
   Name="Table 3D effects 1"/&gt;
  &lt;w:LsdException Locked="false" SemiHidden="true" UnhideWhenUsed="true"
   Name="Table 3D effects 2"/&gt;
  &lt;w:LsdException Locked="false" SemiHidden="true" UnhideWhenUsed="true"
   Name="Table 3D effects 3"/&gt;
  &lt;w:LsdException Locked="false" SemiHidden="true" UnhideWhenUsed="true"
   Name="Table Contemporary"/&gt;
  &lt;w:LsdException Locked="false" SemiHidden="true" UnhideWhenUsed="true"
   Name="Table Elegant"/&gt;
  &lt;w:LsdException Locked="false" SemiHidden="true" UnhideWhenUsed="true"
   Name="Table Professional"/&gt;
  &lt;w:LsdException Locked="false" SemiHidden="true" UnhideWhenUsed="true"
   Name="Table Subtle 1"/&gt;
  &lt;w:LsdException Locked="false" SemiHidden="true" UnhideWhenUsed="true"
   Name="Table Subtle 2"/&gt;
  &lt;w:LsdException Locked="false" SemiHidden="true" UnhideWhenUsed="true"
   Name="Table Web 1"/&gt;
  &lt;w:LsdException Locked="false" SemiHidden="true" UnhideWhenUsed="true"
   Name="Table Web 2"/&gt;
  &lt;w:LsdException Locked="false" SemiHidden="true" UnhideWhenUsed="true"
   Name="Table Web 3"/&gt;
  &lt;w:LsdException Locked="false" SemiHidden="true" UnhideWhenUsed="true"
   Name="Balloon Text"/&gt;
  &lt;w:LsdException Locked="false" Priority="39" Name="Table Grid"/&gt;
  &lt;w:LsdException Locked="false" SemiHidden="true" UnhideWhenUsed="true"
   Name="Table Theme"/&gt;
  &lt;w:LsdException Locked="false" SemiHidden="true" Name="Placeholder Text"/&gt;
  &lt;w:LsdException Locked="false" Priority="1" QFormat="true" Name="No Spacing"/&gt;
  &lt;w:LsdException Locked="false" Priority="60" Name="Light Shading"/&gt;
  &lt;w:LsdException Locked="false" Priority="61" Name="Light List"/&gt;
  &lt;w:LsdException Locked="false" Priority="62" Name="Light Grid"/&gt;
  &lt;w:LsdException Locked="false" Priority="63" Name="Medium Shading 1"/&gt;
  &lt;w:LsdException Locked="false" Priority="64" Name="Medium Shading 2"/&gt;
  &lt;w:LsdException Locked="false" Priority="65" Name="Medium List 1"/&gt;
  &lt;w:LsdException Locked="false" Priority="66" Name="Medium List 2"/&gt;
  &lt;w:LsdException Locked="false" Priority="67" Name="Medium Grid 1"/&gt;
  &lt;w:LsdException Locked="false" Priority="68" Name="Medium Grid 2"/&gt;
  &lt;w:LsdException Locked="false" Priority="69" Name="Medium Grid 3"/&gt;
  &lt;w:LsdException Locked="false" Priority="70" Name="Dark List"/&gt;
  &lt;w:LsdException Locked="false" Priority="71" Name="Colorful Shading"/&gt;
  &lt;w:LsdException Locked="false" Priority="72" Name="Colorful List"/&gt;
  &lt;w:LsdException Locked="false" Priority="73" Name="Colorful Grid"/&gt;
  &lt;w:LsdException Locked="false" Priority="60" Name="Light Shading Accent 1"/&gt;
  &lt;w:LsdException Locked="false" Priority="61" Name="Light List Accent 1"/&gt;
  &lt;w:LsdException Locked="false" Priority="62" Name="Light Grid Accent 1"/&gt;
  &lt;w:LsdException Locked="false" Priority="63" Name="Medium Shading 1 Accent 1"/&gt;
  &lt;w:LsdException Locked="false" Priority="64" Name="Medium Shading 2 Accent 1"/&gt;
  &lt;w:LsdException Locked="false" Priority="65" Name="Medium List 1 Accent 1"/&gt;
  &lt;w:LsdException Locked="false" SemiHidden="true" Name="Revision"/&gt;
  &lt;w:LsdException Locked="false" Priority="34" QFormat="true"
   Name="List Paragraph"/&gt;
  &lt;w:LsdException Locked="false" Priority="29" QFormat="true" Name="Quote"/&gt;
  &lt;w:LsdException Locked="false" Priority="30" QFormat="true"
   Name="Intense Quote"/&gt;
  &lt;w:LsdException Locked="false" Priority="66" Name="Medium List 2 Accent 1"/&gt;
  &lt;w:LsdException Locked="false" Priority="67" Name="Medium Grid 1 Accent 1"/&gt;
  &lt;w:LsdException Locked="false" Priority="68" Name="Medium Grid 2 Accent 1"/&gt;
  &lt;w:LsdException Locked="false" Priority="69" Name="Medium Grid 3 Accent 1"/&gt;
  &lt;w:LsdException Locked="false" Priority="70" Name="Dark List Accent 1"/&gt;
  &lt;w:LsdException Locked="false" Priority="71" Name="Colorful Shading Accent 1"/&gt;
  &lt;w:LsdException Locked="false" Priority="72" Name="Colorful List Accent 1"/&gt;
  &lt;w:LsdException Locked="false" Priority="73" Name="Colorful Grid Accent 1"/&gt;
  &lt;w:LsdException Locked="false" Priority="60" Name="Light Shading Accent 2"/&gt;
  &lt;w:LsdException Locked="false" Priority="61" Name="Light List Accent 2"/&gt;
  &lt;w:LsdException Locked="false" Priority="62" Name="Light Grid Accent 2"/&gt;
  &lt;w:LsdException Locked="false" Priority="63" Name="Medium Shading 1 Accent 2"/&gt;
  &lt;w:LsdException Locked="false" Priority="64" Name="Medium Shading 2 Accent 2"/&gt;
  &lt;w:LsdException Locked="false" Priority="65" Name="Medium List 1 Accent 2"/&gt;
  &lt;w:LsdException Locked="false" Priority="66" Name="Medium List 2 Accent 2"/&gt;
  &lt;w:LsdException Locked="false" Priority="67" Name="Medium Grid 1 Accent 2"/&gt;
  &lt;w:LsdException Locked="false" Priority="68" Name="Medium Grid 2 Accent 2"/&gt;
  &lt;w:LsdException Locked="false" Priority="69" Name="Medium Grid 3 Accent 2"/&gt;
  &lt;w:LsdException Locked="false" Priority="70" Name="Dark List Accent 2"/&gt;
  &lt;w:LsdException Locked="false" Priority="71" Name="Colorful Shading Accent 2"/&gt;
  &lt;w:LsdException Locked="false" Priority="72" Name="Colorful List Accent 2"/&gt;
  &lt;w:LsdException Locked="false" Priority="73" Name="Colorful Grid Accent 2"/&gt;
  &lt;w:LsdException Locked="false" Priority="60" Name="Light Shading Accent 3"/&gt;
  &lt;w:LsdException Locked="false" Priority="61" Name="Light List Accent 3"/&gt;
  &lt;w:LsdException Locked="false" Priority="62" Name="Light Grid Accent 3"/&gt;
  &lt;w:LsdException Locked="false" Priority="63" Name="Medium Shading 1 Accent 3"/&gt;
  &lt;w:LsdException Locked="false" Priority="64" Name="Medium Shading 2 Accent 3"/&gt;
  &lt;w:LsdException Locked="false" Priority="65" Name="Medium List 1 Accent 3"/&gt;
  &lt;w:LsdException Locked="false" Priority="66" Name="Medium List 2 Accent 3"/&gt;
  &lt;w:LsdException Locked="false" Priority="67" Name="Medium Grid 1 Accent 3"/&gt;
  &lt;w:LsdException Locked="false" Priority="68" Name="Medium Grid 2 Accent 3"/&gt;
  &lt;w:LsdException Locked="false" Priority="69" Name="Medium Grid 3 Accent 3"/&gt;
  &lt;w:LsdException Locked="false" Priority="70" Name="Dark List Accent 3"/&gt;
  &lt;w:LsdException Locked="false" Priority="71" Name="Colorful Shading Accent 3"/&gt;
  &lt;w:LsdException Locked="false" Priority="72" Name="Colorful List Accent 3"/&gt;
  &lt;w:LsdException Locked="false" Priority="73" Name="Colorful Grid Accent 3"/&gt;
  &lt;w:LsdException Locked="false" Priority="60" Name="Light Shading Accent 4"/&gt;
  &lt;w:LsdException Locked="false" Priority="61" Name="Light List Accent 4"/&gt;
  &lt;w:LsdException Locked="false" Priority="62" Name="Light Grid Accent 4"/&gt;
  &lt;w:LsdException Locked="false" Priority="63" Name="Medium Shading 1 Accent 4"/&gt;
  &lt;w:LsdException Locked="false" Priority="64" Name="Medium Shading 2 Accent 4"/&gt;
  &lt;w:LsdException Locked="false" Priority="65" Name="Medium List 1 Accent 4"/&gt;
  &lt;w:LsdException Locked="false" Priority="66" Name="Medium List 2 Accent 4"/&gt;
  &lt;w:LsdException Locked="false" Priority="67" Name="Medium Grid 1 Accent 4"/&gt;
  &lt;w:LsdException Locked="false" Priority="68" Name="Medium Grid 2 Accent 4"/&gt;
  &lt;w:LsdException Locked="false" Priority="69" Name="Medium Grid 3 Accent 4"/&gt;
  &lt;w:LsdException Locked="false" Priority="70" Name="Dark List Accent 4"/&gt;
  &lt;w:LsdException Locked="false" Priority="71" Name="Colorful Shading Accent 4"/&gt;
  &lt;w:LsdException Locked="false" Priority="72" Name="Colorful List Accent 4"/&gt;
  &lt;w:LsdException Locked="false" Priority="73" Name="Colorful Grid Accent 4"/&gt;
  &lt;w:LsdException Locked="false" Priority="60" Name="Light Shading Accent 5"/&gt;
  &lt;w:LsdException Locked="false" Priority="61" Name="Light List Accent 5"/&gt;
  &lt;w:LsdException Locked="false" Priority="62" Name="Light Grid Accent 5"/&gt;
  &lt;w:LsdException Locked="false" Priority="63" Name="Medium Shading 1 Accent 5"/&gt;
  &lt;w:LsdException Locked="false" Priority="64" Name="Medium Shading 2 Accent 5"/&gt;
  &lt;w:LsdException Locked="false" Priority="65" Name="Medium List 1 Accent 5"/&gt;
  &lt;w:LsdException Locked="false" Priority="66" Name="Medium List 2 Accent 5"/&gt;
  &lt;w:LsdException Locked="false" Priority="67" Name="Medium Grid 1 Accent 5"/&gt;
  &lt;w:LsdException Locked="false" Priority="68" Name="Medium Grid 2 Accent 5"/&gt;
  &lt;w:LsdException Locked="false" Priority="69" Name="Medium Grid 3 Accent 5"/&gt;
  &lt;w:LsdException Locked="false" Priority="70" Name="Dark List Accent 5"/&gt;
  &lt;w:LsdException Locked="false" Priority="71" Name="Colorful Shading Accent 5"/&gt;
  &lt;w:LsdException Locked="false" Priority="72" Name="Colorful List Accent 5"/&gt;
  &lt;w:LsdException Locked="false" Priority="73" Name="Colorful Grid Accent 5"/&gt;
  &lt;w:LsdException Locked="false" Priority="60" Name="Light Shading Accent 6"/&gt;
  &lt;w:LsdException Locked="false" Priority="61" Name="Light List Accent 6"/&gt;
  &lt;w:LsdException Locked="false" Priority="62" Name="Light Grid Accent 6"/&gt;
  &lt;w:LsdException Locked="false" Priority="63" Name="Medium Shading 1 Accent 6"/&gt;
  &lt;w:LsdException Locked="false" Priority="64" Name="Medium Shading 2 Accent 6"/&gt;
  &lt;w:LsdException Locked="false" Priority="65" Name="Medium List 1 Accent 6"/&gt;
  &lt;w:LsdException Locked="false" Priority="66" Name="Medium List 2 Accent 6"/&gt;
  &lt;w:LsdException Locked="false" Priority="67" Name="Medium Grid 1 Accent 6"/&gt;
  &lt;w:LsdException Locked="false" Priority="68" Name="Medium Grid 2 Accent 6"/&gt;
  &lt;w:LsdException Locked="false" Priority="69" Name="Medium Grid 3 Accent 6"/&gt;
  &lt;w:LsdException Locked="false" Priority="70" Name="Dark List Accent 6"/&gt;
  &lt;w:LsdException Locked="false" Priority="71" Name="Colorful Shading Accent 6"/&gt;
  &lt;w:LsdException Locked="false" Priority="72" Name="Colorful List Accent 6"/&gt;
  &lt;w:LsdException Locked="false" Priority="73" Name="Colorful Grid Accent 6"/&gt;
  &lt;w:LsdException Locked="false" Priority="19" QFormat="true"
   Name="Subtle Emphasis"/&gt;
  &lt;w:LsdException Locked="false" Priority="21" QFormat="true"
   Name="Intense Emphasis"/&gt;
  &lt;w:LsdException Locked="false" Priority="31" QFormat="true"
   Name="Subtle Reference"/&gt;
  &lt;w:LsdException Locked="false" Priority="32" QFormat="true"
   Name="Intense Reference"/&gt;
  &lt;w:LsdException Locked="false" Priority="33" QFormat="true" Name="Book Title"/&gt;
  &lt;w:LsdException Locked="false" Priority="37" SemiHidden="true"
   UnhideWhenUsed="true" Name="Bibliography"/&gt;
  &lt;w:LsdException Locked="false" Priority="39" SemiHidden="true"
   UnhideWhenUsed="true" QFormat="true" Name="TOC Heading"/&gt;
  &lt;w:LsdException Locked="false" Priority="41" Name="Plain Table 1"/&gt;
  &lt;w:LsdException Locked="false" Priority="42" Name="Plain Table 2"/&gt;
  &lt;w:LsdException Locked="false" Priority="43" Name="Plain Table 3"/&gt;
  &lt;w:LsdException Locked="false" Priority="44" Name="Plain Table 4"/&gt;
  &lt;w:LsdException Locked="false" Priority="45" Name="Plain Table 5"/&gt;
  &lt;w:LsdException Locked="false" Priority="40" Name="Grid Table Light"/&gt;
  &lt;w:LsdException Locked="false" Priority="46" Name="Grid Table 1 Light"/&gt;
  &lt;w:LsdException Locked="false" Priority="47" Name="Grid Table 2"/&gt;
  &lt;w:LsdException Locked="false" Priority="48" Name="Grid Table 3"/&gt;
  &lt;w:LsdException Locked="false" Priority="49" Name="Grid Table 4"/&gt;
  &lt;w:LsdException Locked="false" Priority="50" Name="Grid Table 5 Dark"/&gt;
  &lt;w:LsdException Locked="false" Priority="51" Name="Grid Table 6 Colorful"/&gt;
  &lt;w:LsdException Locked="false" Priority="52" Name="Grid Table 7 Colorful"/&gt;
  &lt;w:LsdException Locked="false" Priority="46"
   Name="Grid Table 1 Light Accent 1"/&gt;
  &lt;w:LsdException Locked="false" Priority="47" Name="Grid Table 2 Accent 1"/&gt;
  &lt;w:LsdException Locked="false" Priority="48" Name="Grid Table 3 Accent 1"/&gt;
  &lt;w:LsdException Locked="false" Priority="49" Name="Grid Table 4 Accent 1"/&gt;
  &lt;w:LsdException Locked="false" Priority="50" Name="Grid Table 5 Dark Accent 1"/&gt;
  &lt;w:LsdException Locked="false" Priority="51"
   Name="Grid Table 6 Colorful Accent 1"/&gt;
  &lt;w:LsdException Locked="false" Priority="52"
   Name="Grid Table 7 Colorful Accent 1"/&gt;
  &lt;w:LsdException Locked="false" Priority="46"
   Name="Grid Table 1 Light Accent 2"/&gt;
  &lt;w:LsdException Locked="false" Priority="47" Name="Grid Table 2 Accent 2"/&gt;
  &lt;w:LsdException Locked="false" Priority="48" Name="Grid Table 3 Accent 2"/&gt;
  &lt;w:LsdException Locked="false" Priority="49" Name="Grid Table 4 Accent 2"/&gt;
  &lt;w:LsdException Locked="false" Priority="50" Name="Grid Table 5 Dark Accent 2"/&gt;
  &lt;w:LsdException Locked="false" Priority="51"
   Name="Grid Table 6 Colorful Accent 2"/&gt;
  &lt;w:LsdException Locked="false" Priority="52"
   Name="Grid Table 7 Colorful Accent 2"/&gt;
  &lt;w:LsdException Locked="false" Priority="46"
   Name="Grid Table 1 Light Accent 3"/&gt;
  &lt;w:LsdException Locked="false" Priority="47" Name="Grid Table 2 Accent 3"/&gt;
  &lt;w:LsdException Locked="false" Priority="48" Name="Grid Table 3 Accent 3"/&gt;
  &lt;w:LsdException Locked="false" Priority="49" Name="Grid Table 4 Accent 3"/&gt;
  &lt;w:LsdException Locked="false" Priority="50" Name="Grid Table 5 Dark Accent 3"/&gt;
  &lt;w:LsdException Locked="false" Priority="51"
   Name="Grid Table 6 Colorful Accent 3"/&gt;
  &lt;w:LsdException Locked="false" Priority="52"
   Name="Grid Table 7 Colorful Accent 3"/&gt;
  &lt;w:LsdException Locked="false" Priority="46"
   Name="Grid Table 1 Light Accent 4"/&gt;
  &lt;w:LsdException Locked="false" Priority="47" Name="Grid Table 2 Accent 4"/&gt;
  &lt;w:LsdException Locked="false" Priority="48" Name="Grid Table 3 Accent 4"/&gt;
  &lt;w:LsdException Locked="false" Priority="49" Name="Grid Table 4 Accent 4"/&gt;
  &lt;w:LsdException Locked="false" Priority="50" Name="Grid Table 5 Dark Accent 4"/&gt;
  &lt;w:LsdException Locked="false" Priority="51"
   Name="Grid Table 6 Colorful Accent 4"/&gt;
  &lt;w:LsdException Locked="false" Priority="52"
   Name="Grid Table 7 Colorful Accent 4"/&gt;
  &lt;w:LsdException Locked="false" Priority="46"
   Name="Grid Table 1 Light Accent 5"/&gt;
  &lt;w:LsdException Locked="false" Priority="47" Name="Grid Table 2 Accent 5"/&gt;
  &lt;w:LsdException Locked="false" Priority="48" Name="Grid Table 3 Accent 5"/&gt;
  &lt;w:LsdException Locked="false" Priority="49" Name="Grid Table 4 Accent 5"/&gt;
  &lt;w:LsdException Locked="false" Priority="50" Name="Grid Table 5 Dark Accent 5"/&gt;
  &lt;w:LsdException Locked="false" Priority="51"
   Name="Grid Table 6 Colorful Accent 5"/&gt;
  &lt;w:LsdException Locked="false" Priority="52"
   Name="Grid Table 7 Colorful Accent 5"/&gt;
  &lt;w:LsdException Locked="false" Priority="46"
   Name="Grid Table 1 Light Accent 6"/&gt;
  &lt;w:LsdException Locked="false" Priority="47" Name="Grid Table 2 Accent 6"/&gt;
  &lt;w:LsdException Locked="false" Priority="48" Name="Grid Table 3 Accent 6"/&gt;
  &lt;w:LsdException Locked="false" Priority="49" Name="Grid Table 4 Accent 6"/&gt;
  &lt;w:LsdException Locked="false" Priority="50" Name="Grid Table 5 Dark Accent 6"/&gt;
  &lt;w:LsdException Locked="false" Priority="51"
   Name="Grid Table 6 Colorful Accent 6"/&gt;
  &lt;w:LsdException Locked="false" Priority="52"
   Name="Grid Table 7 Colorful Accent 6"/&gt;
  &lt;w:LsdException Locked="false" Priority="46" Name="List Table 1 Light"/&gt;
  &lt;w:LsdException Locked="false" Priority="47" Name="List Table 2"/&gt;
  &lt;w:LsdException Locked="false" Priority="48" Name="List Table 3"/&gt;
  &lt;w:LsdException Locked="false" Priority="49" Name="List Table 4"/&gt;
  &lt;w:LsdException Locked="false" Priority="50" Name="List Table 5 Dark"/&gt;
  &lt;w:LsdException Locked="false" Priority="51" Name="List Table 6 Colorful"/&gt;
  &lt;w:LsdException Locked="false" Priority="52" Name="List Table 7 Colorful"/&gt;
  &lt;w:LsdException Locked="false" Priority="46"
   Name="List Table 1 Light Accent 1"/&gt;
  &lt;w:LsdException Locked="false" Priority="47" Name="List Table 2 Accent 1"/&gt;
  &lt;w:LsdException Locked="false" Priority="48" Name="List Table 3 Accent 1"/&gt;
  &lt;w:LsdException Locked="false" Priority="49" Name="List Table 4 Accent 1"/&gt;
  &lt;w:LsdException Locked="false" Priority="50" Name="List Table 5 Dark Accent 1"/&gt;
  &lt;w:LsdException Locked="false" Priority="51"
   Name="List Table 6 Colorful Accent 1"/&gt;
  &lt;w:LsdException Locked="false" Priority="52"
   Name="List Table 7 Colorful Accent 1"/&gt;
  &lt;w:LsdException Locked="false" Priority="46"
   Name="List Table 1 Light Accent 2"/&gt;
  &lt;w:LsdException Locked="false" Priority="47" Name="List Table 2 Accent 2"/&gt;
  &lt;w:LsdException Locked="false" Priority="48" Name="List Table 3 Accent 2"/&gt;
  &lt;w:LsdException Locked="false" Priority="49" Name="List Table 4 Accent 2"/&gt;
  &lt;w:LsdException Locked="false" Priority="50" Name="List Table 5 Dark Accent 2"/&gt;
  &lt;w:LsdException Locked="false" Priority="51"
   Name="List Table 6 Colorful Accent 2"/&gt;
  &lt;w:LsdException Locked="false" Priority="52"
   Name="List Table 7 Colorful Accent 2"/&gt;
  &lt;w:LsdException Locked="false" Priority="46"
   Name="List Table 1 Light Accent 3"/&gt;
  &lt;w:LsdException Locked="false" Priority="47" Name="List Table 2 Accent 3"/&gt;
  &lt;w:LsdException Locked="false" Priority="48" Name="List Table 3 Accent 3"/&gt;
  &lt;w:LsdException Locked="false" Priority="49" Name="List Table 4 Accent 3"/&gt;
  &lt;w:LsdException Locked="false" Priority="50" Name="List Table 5 Dark Accent 3"/&gt;
  &lt;w:LsdException Locked="false" Priority="51"
   Name="List Table 6 Colorful Accent 3"/&gt;
  &lt;w:LsdException Locked="false" Priority="52"
   Name="List Table 7 Colorful Accent 3"/&gt;
  &lt;w:LsdException Locked="false" Priority="46"
   Name="List Table 1 Light Accent 4"/&gt;
  &lt;w:LsdException Locked="false" Priority="47" Name="List Table 2 Accent 4"/&gt;
  &lt;w:LsdException Locked="false" Priority="48" Name="List Table 3 Accent 4"/&gt;
  &lt;w:LsdException Locked="false" Priority="49" Name="List Table 4 Accent 4"/&gt;
  &lt;w:LsdException Locked="false" Priority="50" Name="List Table 5 Dark Accent 4"/&gt;
  &lt;w:LsdException Locked="false" Priority="51"
   Name="List Table 6 Colorful Accent 4"/&gt;
  &lt;w:LsdException Locked="false" Priority="52"
   Name="List Table 7 Colorful Accent 4"/&gt;
  &lt;w:LsdException Locked="false" Priority="46"
   Name="List Table 1 Light Accent 5"/&gt;
  &lt;w:LsdException Locked="false" Priority="47" Name="List Table 2 Accent 5"/&gt;
  &lt;w:LsdException Locked="false" Priority="48" Name="List Table 3 Accent 5"/&gt;
  &lt;w:LsdException Locked="false" Priority="49" Name="List Table 4 Accent 5"/&gt;
  &lt;w:LsdException Locked="false" Priority="50" Name="List Table 5 Dark Accent 5"/&gt;
  &lt;w:LsdException Locked="false" Priority="51"
   Name="List Table 6 Colorful Accent 5"/&gt;
  &lt;w:LsdException Locked="false" Priority="52"
   Name="List Table 7 Colorful Accent 5"/&gt;
  &lt;w:LsdException Locked="false" Priority="46"
   Name="List Table 1 Light Accent 6"/&gt;
  &lt;w:LsdException Locked="false" Priority="47" Name="List Table 2 Accent 6"/&gt;
  &lt;w:LsdException Locked="false" Priority="48" Name="List Table 3 Accent 6"/&gt;
  &lt;w:LsdException Locked="false" Priority="49" Name="List Table 4 Accent 6"/&gt;
  &lt;w:LsdException Locked="false" Priority="50" Name="List Table 5 Dark Accent 6"/&gt;
  &lt;w:LsdException Locked="false" Priority="51"
   Name="List Table 6 Colorful Accent 6"/&gt;
  &lt;w:LsdException Locked="false" Priority="52"
   Name="List Table 7 Colorful Accent 6"/&gt;
 &lt;/w:LatentStyles&gt;
&lt;/xml&gt;&lt;![endif]--&gt;&lt;!--[if gte mso 10]&gt;
&lt;style&gt;
 /* Style Definitions */
 table.MsoNormalTable
	{mso-style-name:"Tableau Normal";
	mso-tstyle-rowband-size:0;
	mso-tstyle-colband-size:0;
	mso-style-noshow:yes;
	mso-style-priority:99;
	mso-style-parent:"";
	mso-padding-alt:0cm 5.4pt 0cm 5.4pt;
	mso-para-margin-top:0cm;
	mso-para-margin-right:0cm;
	mso-para-margin-bottom:10.0pt;
	mso-para-margin-left:0cm;
	line-height:115%;
	mso-pagination:widow-orphan;
	font-size:11.0pt;
	font-family:"Calibri","sans-serif";
	mso-ascii-font-family:Calibri;
	mso-ascii-theme-font:minor-latin;
	mso-hansi-font-family:Calibri;
	mso-hansi-theme-font:minor-latin;
	mso-fareast-language:EN-US;}
&lt;/style&gt;
&lt;![endif]--&gt;&lt;/p&gt;
&lt;p class="MsoNormal" style="margin-bottom: .0001pt;"&gt;Si les causses sont connus pour leurs vastes &amp;eacute;tendues de v&amp;eacute;g&amp;eacute;tation rase, il ne faut pas croire que la for&amp;ecirc;t est absente. C&amp;rsquo;est uniquement l&amp;rsquo;action de l&amp;rsquo;homme qui limite sa progression.&lt;/p&gt;
&lt;p class="MsoNormal" style="margin-bottom: .0001pt;"&gt;Le Pin sylvestre (&lt;em style="mso-bidi-font-style: normal;"&gt;Pinus sylvestris&lt;/em&gt;) est le conif&amp;egrave;re naturel du causse. Son &amp;eacute;corce orang&amp;eacute;e et ses petits c&amp;ocirc;nes l&amp;rsquo;identifient facilement. Il pousse dans des conditions parfois extr&amp;ecirc;mes de pente ou de climat (cr&amp;ecirc;te vent&amp;eacute;e, rochers en falaise&amp;hellip;). Il ne faut pas le confondre avec le Pin noir (&lt;em style="mso-bidi-font-style: normal;"&gt;Pinus nigra&lt;/em&gt;) qui a &amp;eacute;t&amp;eacute; largement plant&amp;eacute; sur les causses et qui a des grandes facult&amp;eacute;s d&amp;rsquo;adaptation aux sols maigres.&lt;/p&gt;
&lt;p class="MsoNormal" style="margin-bottom: .0001pt;"&gt;Texte : PNR des Grands Causses&lt;/p&gt;</desc>
  </wpt>
  <trk>
    <name>[Itinéraire] Gravel N°15 - Boucle Templière du Larzac</name>
    <desc>&lt;ol&gt;
&lt;li&gt;Depuis l&amp;rsquo;Hospitalet du Larzac, se diriger vers Egali&amp;egrave;res, traverser la for&amp;ecirc;t des Canalettes et rejoindre l&amp;rsquo;ancienne voie ferr&amp;eacute;e juste apr&amp;egrave;s la Portalerie et l&amp;rsquo;emprunter &amp;agrave; gauche.&lt;/li&gt;
&lt;li&gt;Au carrefour de la Baraque Froide traverser la d&amp;eacute;partementale et continuer tout droit, passer &amp;agrave; Cazejourdes et poursuivre en direction de la Couvertoirade.&lt;/li&gt;
&lt;li&gt;Depuis La Couvertoirade, prendre la D185 pour la quitter &amp;agrave; droite et suivre la piste qui m&amp;egrave;ne &amp;agrave; La Salvetat, rejoint le Cun et La Blaqu&amp;egrave;rerie jusqu&amp;rsquo;&amp;agrave; la D7. Tourner &amp;agrave; droite puis &amp;agrave; gauche sur la route en direction de la Portalerie pour retrouver l&amp;rsquo;ancienne voie ferr&amp;eacute;e et la suivre &amp;agrave; gauche pour revenir au point de d&amp;eacute;part.&lt;/li&gt;
&lt;/ol&gt;
&lt;p&gt;Point d&amp;rsquo;int&amp;eacute;r&amp;ecirc;ts :&lt;/p&gt;
&lt;ul&gt;
&lt;li&gt;Les Canoles et la grotte des Canalettes : 5Km (curiosit&amp;eacute;)&lt;/li&gt;
&lt;li&gt;La Couvertoirade : 21Km&lt;/li&gt;
&lt;/ul&gt;
&lt;p&gt;28% de routes et 72% de chemins&lt;br&gt;Temps de roulage en fonction votre niveau : 1h30 &amp;agrave; 2h45&lt;/p&gt;Modifié: 6 jours</desc>
    <trkseg>
      <trkpt lat="43.97333338545647" lon="3.1933028233531857">
        <ele>750.0</ele>
      </trkpt>
      <trkpt lat="43.97333338320806" lon="3.1933028530329484">
        <ele>749.0</ele>
      </trkpt>
      <trkpt lat="43.97328705631007" lon="3.1934691499918704">
        <ele>749.0</ele>
      </trkpt>
      <trkpt lat="43.973202123569465" lon="3.1936139892786732">
        <ele>749.0</ele>
      </trkpt>
      <trkpt lat="43.973163517738215" lon="3.19373737089336">
        <ele>749.0</ele>
      </trkpt>
      <trkpt lat="43.97309402717878" lon="3.1938714813441043">
        <ele>749.0</ele>
      </trkpt>
      <trkpt lat="43.97305928186852" lon="3.194000227376819">
        <ele>749.0</ele>
      </trkpt>
      <trkpt lat="43.97303997890962" lon="3.1942684482783075">
        <ele>749.0</ele>
      </trkpt>
      <trkpt lat="43.97300137297294" lon="3.1944508384913215">
        <ele>749.0</ele>
      </trkpt>
      <trkpt lat="43.97293960342215" lon="3.194590313360094">
        <ele>749.0</ele>
      </trkpt>
      <trkpt lat="43.97288169440992" lon="3.1946546863764524">
        <ele>749.0</ele>
      </trkpt>
      <trkpt lat="43.972750433773086" lon="3.194831712171435">
        <ele>749.0</ele>
      </trkpt>
      <trkpt lat="43.97263075470431" lon="3.1950248312205067">
        <ele>749.0</ele>
      </trkpt>
      <trkpt lat="43.97252651789949" lon="3.1952394079416977">
        <ele>748.0</ele>
      </trkpt>
      <trkpt lat="43.97241842027907" lon="3.1954164337366815">
        <ele>748.0</ele>
      </trkpt>
      <trkpt lat="43.97231418310158" lon="3.195609552785755">
        <ele>748.0</ele>
      </trkpt>
      <trkpt lat="43.972209945741156" lon="3.1958026718348265">
        <ele>748.0</ele>
      </trkpt>
      <trkpt lat="43.97214431471666" lon="3.195899231359363">
        <ele>748.0</ele>
      </trkpt>
      <trkpt lat="43.972063240998" lon="3.1960387062281366">
        <ele>747.0</ele>
      </trkpt>
      <trkpt lat="43.97195128187129" lon="3.1962103676050893">
        <ele>747.0</ele>
      </trkpt>
      <trkpt lat="43.97186634722076" lon="3.1963938474655156">
        <ele>747.0</ele>
      </trkpt>
      <trkpt lat="43.971837392343254" lon="3.1965762377711378">
        <ele>747.0</ele>
      </trkpt>
      <trkpt lat="43.971808437161954" lon="3.196758627891541">
        <ele>746.0</ele>
      </trkpt>
      <trkpt lat="43.971784308077524" lon="3.196926266025903">
        <ele>746.0</ele>
      </trkpt>
      <trkpt lat="43.9717601787364" lon="3.1970939040184034">
        <ele>746.0</ele>
      </trkpt>
      <trkpt lat="43.97172350260149" lon="3.197352737354809">
        <ele>746.0</ele>
      </trkpt>
      <trkpt lat="43.97168682585465" lon="3.1976115703582773">
        <ele>746.0</ele>
      </trkpt>
      <trkpt lat="43.97166559210877" lon="3.1978583335876465">
        <ele>746.0</ele>
      </trkpt>
      <trkpt lat="43.97167138313124" lon="3.198027312755586">
        <ele>746.0</ele>
      </trkpt>
      <trkpt lat="43.9716733134719" lon="3.1982553005218515">
        <ele>746.0</ele>
      </trkpt>
      <trkpt lat="43.97170226857419" lon="3.198520839214326">
        <ele>745.0</ele>
      </trkpt>
      <trkpt lat="43.97172832827683" lon="3.198688477201151">
        <ele>745.0</ele>
      </trkpt>
      <trkpt lat="43.97175438772281" lon="3.198856115341188">
        <ele>745.0</ele>
      </trkpt>
      <trkpt lat="43.97178527324816" lon="3.199027231801757">
        <ele>745.0</ele>
      </trkpt>
      <trkpt lat="43.97181615850627" lon="3.1991983484476805">
        <ele>744.0</ele>
      </trkpt>
      <trkpt lat="43.97185090464781" lon="3.1993565986831367">
        <ele>744.0</ele>
      </trkpt>
      <trkpt lat="43.97188565056103" lon="3.1995148491114374">
        <ele>744.0</ele>
      </trkpt>
      <trkpt lat="43.97193583939595" lon="3.1997246060536977">
        <ele>743.0</ele>
      </trkpt>
      <trkpt lat="43.97198602782993" lon="3.1999343633651742">
        <ele>743.0</ele>
      </trkpt>
      <trkpt lat="43.97208640492903" lon="3.2002014946192503">
        <ele>743.0</ele>
      </trkpt>
      <trkpt lat="43.97213659350265" lon="3.200356266325098">
        <ele>743.0</ele>
      </trkpt>
      <trkpt lat="43.97218678185863" lon="3.200511038303376">
        <ele>742.0</ele>
      </trkpt>
      <trkpt lat="43.9722639947659" lon="3.2007765769958496">
        <ele>742.0</ele>
      </trkpt>
      <trkpt lat="43.972364371395265" lon="3.2010528445243835">
        <ele>742.0</ele>
      </trkpt>
      <trkpt lat="43.972430002176566" lon="3.201304972171785">
        <ele>742.0</ele>
      </trkpt>
      <trkpt lat="43.972482120807435" lon="3.2014827940850483">
        <ele>742.0</ele>
      </trkpt>
      <trkpt lat="43.9725342391507" lon="3.2016606163233514">
        <ele>741.0</ele>
      </trkpt>
      <trkpt lat="43.97256705460837" lon="3.20184837084635">
        <ele>741.0</ele>
      </trkpt>
      <trkpt lat="43.97259986974428" lon="3.202036125585436">
        <ele>741.0</ele>
      </trkpt>
      <trkpt lat="43.97260759098583" lon="3.202245337888598">
        <ele>741.0</ele>
      </trkpt>
      <trkpt lat="43.97261531222635" lon="3.2024760078638788">
        <ele>741.0</ele>
      </trkpt>
      <trkpt lat="43.97261145181141" lon="3.2026879023904007">
        <ele>741.0</ele>
      </trkpt>
      <trkpt lat="43.97260759098583" lon="3.2028997968882322">
        <ele>741.0</ele>
      </trkpt>
      <trkpt lat="43.97259214850173" lon="3.203189475461841">
        <ele>741.0</ele>
      </trkpt>
      <trkpt lat="43.97258249708533" lon="3.2033638190773175">
        <ele>741.0</ele>
      </trkpt>
      <trkpt lat="43.97257284539101" lon="3.203538162633779">
        <ele>741.0</ele>
      </trkpt>
      <trkpt lat="43.97251107539444" lon="3.2038278412073846">
        <ele>740.0</ele>
      </trkpt>
      <trkpt lat="43.97241842027916" lon="3.2040906976908436">
        <ele>740.0</ele>
      </trkpt>
      <trkpt lat="43.97234506827803" lon="3.2042489482262813">
        <ele>740.0</ele>
      </trkpt>
      <trkpt lat="43.97227171605101" lon="3.2044071983546023">
        <ele>740.0</ele>
      </trkpt>
      <trkpt lat="43.97219643355866" lon="3.2045761777456185">
        <ele>739.0</ele>
      </trkpt>
      <trkpt lat="43.97212115080845" lon="3.204745156690478">
        <ele>739.0</ele>
      </trkpt>
      <trkpt lat="43.97208061410338" lon="3.2049382758768292">
        <ele>739.0</ele>
      </trkpt>
      <trkpt lat="43.97204007705817" lon="3.2051313947886233">
        <ele>738.0</ele>
      </trkpt>
      <trkpt lat="43.97204972881461" lon="3.205289645093717">
        <ele>738.0</ele>
      </trkpt>
      <trkpt lat="43.97205938034208" lon="3.2054478954523793">
        <ele>738.0</ele>
      </trkpt>
      <trkpt lat="43.97212115080843" lon="3.2056839298456903">
        <ele>738.0</ele>
      </trkpt>
      <trkpt lat="43.97222924896994" lon="3.2058985065668817">
        <ele>738.0</ele>
      </trkpt>
      <trkpt lat="43.9723315559968" lon="3.2060540744106483">
        <ele>738.0</ele>
      </trkpt>
      <trkpt lat="43.972433862808394" lon="3.20620964281261">
        <ele>737.0</ele>
      </trkpt>
      <trkpt lat="43.972491772257364" lon="3.2062793802469964">
        <ele>737.0</ele>
      </trkpt>
      <trkpt lat="43.972588287880185" lon="3.2065476011484852">
        <ele>737.0</ele>
      </trkpt>
      <trkpt lat="43.9726095212959" lon="3.2066547274371255">
        <ele>736.0</ele>
      </trkpt>
      <trkpt lat="43.97263461532316" lon="3.2068719863673314">
        <ele>736.0</ele>
      </trkpt>
      <trkpt lat="43.9726490928531" lon="3.207087904138214">
        <ele>736.0</ele>
      </trkpt>
      <trkpt lat="43.972663569956794" lon="3.2073038220187304">
        <ele>735.0</ele>
      </trkpt>
      <trkpt lat="43.972670326311" lon="3.2075492441145164">
        <ele>734.0</ele>
      </trkpt>
      <trkpt lat="43.97267708211437" lon="3.207794666268455">
        <ele>734.0</ele>
      </trkpt>
      <trkpt lat="43.97268480334585" lon="3.2079636454363927">
        <ele>733.0</ele>
      </trkpt>
      <trkpt lat="43.97274464303268" lon="3.208176880829319">
        <ele>732.0</ele>
      </trkpt>
      <trkpt lat="43.972804482305726" lon="3.208390116669761">
        <ele>732.0</ele>
      </trkpt>
      <trkpt lat="43.97286142629958" lon="3.2085269091929236">
        <ele>731.0</ele>
      </trkpt>
      <trkpt lat="43.972918370124205" lon="3.2086637019892814">
        <ele>731.0</ele>
      </trkpt>
      <trkpt lat="43.97298979130618" lon="3.2088527974879986">
        <ele>730.0</ele>
      </trkpt>
      <trkpt lat="43.9730612121641" lon="3.2090418934603795">
        <ele>730.0</ele>
      </trkpt>
      <trkpt lat="43.97309402732603" lon="3.2092269657759074">
        <ele>730.0</ele>
      </trkpt>
      <trkpt lat="43.97312684217531" lon="3.2094120383044347">
        <ele>730.0</ele>
      </trkpt>
      <trkpt lat="43.97312587721368" lon="3.2096132039839573">
        <ele>730.0</ele>
      </trkpt>
      <trkpt lat="43.973124911881925" lon="3.209814369656669">
        <ele>730.0</ele>
      </trkpt>
      <trkpt lat="43.97312877291123" lon="3.2101255058813334">
        <ele>729.0</ele>
      </trkpt>
      <trkpt lat="43.97313263305519" lon="3.210436642148124">
        <ele>729.0</ele>
      </trkpt>
      <trkpt lat="43.97314807562877" lon="3.2106619476443634">
        <ele>729.0</ele>
      </trkpt>
      <trkpt lat="43.973163517738215" lon="3.2108872532626265">
        <ele>729.0</ele>
      </trkpt>
      <trkpt lat="43.97321756608269" lon="3.211103170883679">
        <ele>729.0</ele>
      </trkpt>
      <trkpt lat="43.97327161400247" lon="3.2113190889140233">
        <ele>728.0</ele>
      </trkpt>
      <trkpt lat="43.973364267949556" lon="3.2115470763098557">
        <ele>728.0</ele>
      </trkpt>
      <trkpt lat="43.973456921426234" lon="3.211775064446555">
        <ele>728.0</ele>
      </trkpt>
      <trkpt lat="43.97352898550944" lon="3.2119655008052894">
        <ele>727.0</ele>
      </trkpt>
      <trkpt lat="43.97360104926399" lon="3.2121559376453486">
        <ele>727.0</ele>
      </trkpt>
      <trkpt lat="43.973673112689845" lon="3.2123463749667285">
        <ele>727.0</ele>
      </trkpt>
      <trkpt lat="43.97370978806028" lon="3.2125314472697273">
        <ele>727.0</ele>
      </trkpt>
      <trkpt lat="43.973746463118246" lon="3.212716519810783">
        <ele>726.0</ele>
      </trkpt>
      <trkpt lat="43.97378120837864" lon="3.212998151585749">
        <ele>726.0</ele>
      </trkpt>
      <trkpt lat="43.973815952914315" lon="3.21327978370391">
        <ele>726.0</ele>
      </trkpt>
      <trkpt lat="43.97382850071732" lon="3.2135560510500847">
        <ele>726.0</ele>
      </trkpt>
      <trkpt lat="43.97384104782238" lon="3.2138323185178357">
        <ele>726.0</ele>
      </trkpt>
      <trkpt lat="43.97385359422951" lon="3.2141085861071583">
        <ele>725.0</ele>
      </trkpt>
      <trkpt lat="43.973866139938686" lon="3.214384853818047">
        <ele>725.0</ele>
      </trkpt>
      <trkpt lat="43.973860349351234" lon="3.2146047949796035">
        <ele>725.0</ele>
      </trkpt>
      <trkpt lat="43.9738545583214" lon="3.21482473609649">
        <ele>724.0</ele>
      </trkpt>
      <trkpt lat="43.97383815130866" lon="3.2150741816066457">
        <ele>724.0</ele>
      </trkpt>
      <trkpt lat="43.97382174372701" lon="3.2153236269732575">
        <ele>723.0</ele>
      </trkpt>
      <trkpt lat="43.97380919735499" lon="3.215615987820207">
        <ele>723.0</ele>
      </trkpt>
      <trkpt lat="43.97379665020133" lon="3.215908348538505">
        <ele>722.0</ele>
      </trkpt>
      <trkpt lat="43.97381498792578" lon="3.2160893975887896">
        <ele>721.0</ele>
      </trkpt>
      <trkpt lat="43.973833325350626" lon="3.2162704467555163">
        <ele>721.0</ele>
      </trkpt>
      <trkpt lat="43.97391825718829" lon="3.2164984345217813">
        <ele>720.0</ele>
      </trkpt>
      <trkpt lat="43.97401863102167" lon="3.2166727781077493">
        <ele>720.0</ele>
      </trkpt>
      <trkpt lat="43.97413251651174" lon="3.216914176919089">
        <ele>719.0</ele>
      </trkpt>
      <trkpt lat="43.97417691249108" lon="3.217152893521415">
        <ele>719.0</ele>
      </trkpt>
      <trkpt lat="43.974168226518216" lon="3.21735942364702">
        <ele>718.0</ele>
      </trkpt>
      <trkpt lat="43.97415954015529" lon="3.217565953709708">
        <ele>718.0</ele>
      </trkpt>
      <trkpt lat="43.97414409825285" lon="3.2177644372305583">
        <ele>718.0</ele>
      </trkpt>
      <trkpt lat="43.974128655990235" lon="3.2179629206439113">
        <ele>717.0</ele>
      </trkpt>
      <trkpt lat="43.9741682264535" lon="3.218139946316053">
        <ele>717.0</ele>
      </trkpt>
      <trkpt lat="43.9742077966311" lon="3.2183169722338785">
        <ele>717.0</ele>
      </trkpt>
      <trkpt lat="43.974263774279734" lon="3.2185328898476206">
        <ele>716.0</ele>
      </trkpt>
      <trkpt lat="43.974319751503806" lon="3.2187488078852757">
        <ele>716.0</ele>
      </trkpt>
      <trkpt lat="43.97439020610281" lon="3.2190411683066795">
        <ele>716.0</ele>
      </trkpt>
      <trkpt lat="43.97446065992296" lon="3.2193335294505223">
        <ele>716.0</ele>
      </trkpt>
      <trkpt lat="43.97449669169493" lon="3.2195606228601306">
        <ele>715.0</ele>
      </trkpt>
      <trkpt lat="43.97453272299597" lon="3.2197877165567266">
        <ele>715.0</ele>
      </trkpt>
      <trkpt lat="43.974568753826134" lon="3.220014810540307">
        <ele>715.0</ele>
      </trkpt>
      <trkpt lat="43.97460349825341" lon="3.2203003764152527">
        <ele>715.0</ele>
      </trkpt>
      <trkpt lat="43.974632451926915" lon="3.220500290372001">
        <ele>715.0</ele>
      </trkpt>
      <trkpt lat="43.97468263835573" lon="3.2206598816679306">
        <ele>715.0</ele>
      </trkpt>
      <trkpt lat="43.974732824553094" lon="3.2208194732447737">
        <ele>715.0</ele>
      </trkpt>
      <trkpt lat="43.97482740648421" lon="3.2210608716557174">
        <ele>715.0</ele>
      </trkpt>
      <trkpt lat="43.974921987887555" lon="3.221302270867454">
        <ele>715.0</ele>
      </trkpt>
      <trkpt lat="43.97500305770351" lon="3.2215409874697793">
        <ele>715.0</ele>
      </trkpt>
      <trkpt lat="43.975058069562586" lon="3.2217917737707316">
        <ele>715.0</ele>
      </trkpt>
      <trkpt lat="43.9751130808482" lon="3.2220425605555634">
        <ele>715.0</ele>
      </trkpt>
      <trkpt lat="43.97515811998942" lon="3.2222812767807967">
        <ele>715.0</ele>
      </trkpt>
      <trkpt lat="43.975203158610675" lon="3.222519993383124">
        <ele>715.0</ele>
      </trkpt>
      <trkpt lat="43.975248196711924" lon="3.2227587103625424">
        <ele>715.0</ele>
      </trkpt>
      <trkpt lat="43.97530108578728" lon="3.222997962519048">
        <ele>715.0</ele>
      </trkpt>
      <trkpt lat="43.97535397434075" lon="3.223237215119368">
        <ele>715.0</ele>
      </trkpt>
      <trkpt lat="43.97540686237234" lon="3.223476468163499">
        <ele>715.0</ele>
      </trkpt>
      <trkpt lat="43.975459749882035" lon="3.223715721651438">
        <ele>715.0</ele>
      </trkpt>
      <trkpt lat="43.97551263686985" lon="3.2239549755831827">
        <ele>714.0</ele>
      </trkpt>
      <trkpt lat="43.975564753204424" lon="3.2242062087016805">
        <ele>714.0</ele>
      </trkpt>
      <trkpt lat="43.975616868963314" lon="3.2244574422794097">
        <ele>713.0</ele>
      </trkpt>
      <trkpt lat="43.97566898414655" lon="3.2247086763163675">
        <ele>713.0</ele>
      </trkpt>
      <trkpt lat="43.97572303073279" lon="3.224948062790272">
        <ele>712.0</ele>
      </trkpt>
      <trkpt lat="43.97577707679664" lon="3.225187449717961">
        <ele>712.0</ele>
      </trkpt>
      <trkpt lat="43.97583112233807" lon="3.225426837099432">
        <ele>712.0</ele>
      </trkpt>
      <trkpt lat="43.97588516735713" lon="3.225666224934684">
        <ele>711.0</ele>
      </trkpt>
      <trkpt lat="43.975929562445096" lon="3.225888847936273">
        <ele>711.0</ele>
      </trkpt>
      <trkpt lat="43.97597395708095" lon="3.2261114712845096">
        <ele>711.0</ele>
      </trkpt>
      <trkpt lat="43.9760183512647" lon="3.2263340949793924">
        <ele>712.0</ele>
      </trkpt>
      <trkpt lat="43.976071753757644" lon="3.226538836550707">
        <ele>712.0</ele>
      </trkpt>
      <trkpt lat="43.97612515586885" lon="3.2267435785055114">
        <ele>713.0</ele>
      </trkpt>
      <trkpt lat="43.97617855759837" lon="3.2269483208438032">
        <ele>713.0</ele>
      </trkpt>
      <trkpt lat="43.9762277777605" lon="3.227183013930025">
        <ele>714.0</ele>
      </trkpt>
      <trkpt lat="43.9762769974203" lon="3.2274177074214094">
        <ele>714.0</ele>
      </trkpt>
      <trkpt lat="43.97633683385475" lon="3.22767519894644">
        <ele>715.0</ele>
      </trkpt>
      <trkpt lat="43.976396669684924" lon="3.227932691011871">
        <ele>715.0</ele>
      </trkpt>
      <trkpt lat="43.97645650491083" lon="3.228190183617698">
        <ele>716.0</ele>
      </trkpt>
      <trkpt lat="43.9765054033298" lon="3.228413700652259">
        <ele>716.0</ele>
      </trkpt>
      <trkpt lat="43.97655430129328" lon="3.2286372180701672">
        <ele>716.0</ele>
      </trkpt>
      <trkpt lat="43.97660319880121" lon="3.228860735871423">
        <ele>716.0</ele>
      </trkpt>
      <trkpt lat="43.976650006421586" lon="3.229105486841308">
        <ele>717.0</ele>
      </trkpt>
      <trkpt lat="43.97669681349539" lon="3.22935023821301">
        <ele>717.0</ele>
      </trkpt>
      <trkpt lat="43.97674362002264" lon="3.229594989986527">
        <ele>717.0</ele>
      </trkpt>
      <trkpt lat="43.976790426003305" lon="3.2298397421618574">
        <ele>717.0</ele>
      </trkpt>
      <trkpt lat="43.97684543620348" lon="3.230089187359596">
        <ele>718.0</ele>
      </trkpt>
      <trkpt lat="43.97690044583634" lon="3.2303386330386274">
        <ele>718.0</ele>
      </trkpt>
      <trkpt lat="43.97696092515667" lon="3.2306215756944527">
        <ele>718.0</ele>
      </trkpt>
      <trkpt lat="43.97702140374695" lon="3.23090451895048">
        <ele>718.0</ele>
      </trkpt>
      <trkpt lat="43.977081881607226" lon="3.231187462806702">
        <ele>718.0</ele>
      </trkpt>
      <trkpt lat="43.97713303114479" lon="3.2314040956828984">
        <ele>719.0</ele>
      </trkpt>
      <trkpt lat="43.97718418025467" lon="3.231620728947746">
        <ele>719.0</ele>
      </trkpt>
      <trkpt lat="43.9772446591147" lon="3.2318683857214405">
        <ele>719.0</ele>
      </trkpt>
      <trkpt lat="43.97730513741595" lon="3.2321160430204823">
        <ele>719.0</ele>
      </trkpt>
      <trkpt lat="43.9773656151584" lon="3.2323637008448713">
        <ele>719.0</ele>
      </trkpt>
      <trkpt lat="43.9774119390266" lon="3.232556819737053">
        <ele>719.0</ele>
      </trkpt>
      <trkpt lat="43.97745826255499" lon="3.2327499389430154">
        <ele>719.0</ele>
      </trkpt>
      <trkpt lat="43.97748914509266" lon="3.232906848085405">
        <ele>718.0</ele>
      </trkpt>
      <trkpt lat="43.97752002740572" lon="3.2330637573977583">
        <ele>718.0</ele>
      </trkpt>
      <trkpt lat="43.97753546860832" lon="3.2332836985369786">
        <ele>718.0</ele>
      </trkpt>
      <trkpt lat="43.97758565287346" lon="3.2335000630166677">
        <ele>718.0</ele>
      </trkpt>
      <trkpt lat="43.97763583671192" lon="3.233716427877202">
        <ele>717.0</ele>
      </trkpt>
      <trkpt lat="43.97768602012371" lon="3.2339327931185826">
        <ele>717.0</ele>
      </trkpt>
      <trkpt lat="43.97773137863092" lon="3.234101772152102">
        <ele>717.0</ele>
      </trkpt>
      <trkpt lat="43.97777673687816" lon="3.2342707514544595">
        <ele>717.0</ele>
      </trkpt>
      <trkpt lat="43.977823060447626" lon="3.2344759402774033">
        <ele>716.0</ele>
      </trkpt>
      <trkpt lat="43.977869383633276" lon="3.234681129433739">
        <ele>716.0</ele>
      </trkpt>
      <trkpt lat="43.97789640557626" lon="3.2349681257983325">
        <ele>716.0</ele>
      </trkpt>
      <trkpt lat="43.977958169971274" lon="3.235247075535881">
        <ele>716.0</ele>
      </trkpt>
      <trkpt lat="43.97801028362959" lon="3.2354777455111634">
        <ele>716.0</ele>
      </trkpt>
      <trkpt lat="43.978068187640694" lon="3.2357674240847696">
        <ele>716.0</ele>
      </trkpt>
      <trkpt lat="43.97805853697618" lon="3.235863983609306">
        <ele>716.0</ele>
      </trkpt>
      <trkpt lat="43.977996772685586" lon="3.2359793185969474">
        <ele>716.0</ele>
      </trkpt>
      <trkpt lat="43.97793693846785" lon="3.2360329627772453">
        <ele>716.0</ele>
      </trkpt>
      <trkpt lat="43.97787131377256" lon="3.2360678314944384">
        <ele>716.0</ele>
      </trkpt>
      <trkpt lat="43.97776901630883" lon="3.236094653584588">
        <ele>715.0</ele>
      </trkpt>
      <trkpt lat="43.9776763693971" lon="3.2361482977648848">
        <ele>715.0</ele>
      </trkpt>
      <trkpt lat="43.97754318920829" lon="3.236223399617302">
        <ele>715.0</ele>
      </trkpt>
      <trkpt lat="43.97740614841228" lon="3.2362475394984362">
        <ele>714.0</ele>
      </trkpt>
      <trkpt lat="43.9772555961873" lon="3.236293137051689">
        <ele>714.0</ele>
      </trkpt>
      <trkpt lat="43.97705678945921" lon="3.2363601922770613">
        <ele>714.0</ele>
      </trkpt>
      <trkpt lat="43.97687149326869" lon="3.236395060994255">
        <ele>713.0</ele>
      </trkpt>
      <trkpt lat="43.97665531364892" lon="3.236416518666374">
        <ele>713.0</ele>
      </trkpt>
      <trkpt lat="43.976458435096134" lon="3.2364567518015974">
        <ele>712.0</ele>
      </trkpt>
      <trkpt lat="43.976363855951426" lon="3.236480891682731">
        <ele>712.0</ele>
      </trkpt>
      <trkpt lat="43.97624032378044" lon="3.23651844260894">
        <ele>711.0</ele>
      </trkpt>
      <trkpt lat="43.97614381409304" lon="3.236553311326133">
        <ele>711.0</ele>
      </trkpt>
      <trkpt lat="43.976035723056924" lon="3.2366015910884016">
        <ele>710.0</ele>
      </trkpt>
      <trkpt lat="43.97591412040611" lon="3.236636459805596">
        <ele>710.0</ele>
      </trkpt>
      <trkpt lat="43.97581954039443" lon="3.236682057358849">
        <ele>709.0</ele>
      </trkpt>
      <trkpt lat="43.97569214667119" lon="3.236754477002251">
        <ele>709.0</ele>
      </trkpt>
      <trkpt lat="43.975506846222295" lon="3.2368993162890556">
        <ele>709.0</ele>
      </trkpt>
      <trkpt lat="43.975354358960836" lon="3.2370066046496513">
        <ele>708.0</ele>
      </trkpt>
      <trkpt lat="43.975199941081826" lon="3.2370897531291116">
        <ele>708.0</ele>
      </trkpt>
      <trkpt lat="43.97508605763879" lon="3.2371514439364555">
        <ele>708.0</ele>
      </trkpt>
      <trkpt lat="43.97497796467729" lon="3.2371943592806933">
        <ele>707.0</ele>
      </trkpt>
      <trkpt lat="43.97487952270183" lon="3.237242639042961">
        <ele>707.0</ele>
      </trkpt>
      <trkpt lat="43.97475791768338" lon="3.2373016476412886">
        <ele>707.0</ele>
      </trkpt>
      <trkpt lat="43.97464982412455" lon="3.237392842747796">
        <ele>707.0</ele>
      </trkpt>
      <trkpt lat="43.97456875382632" lon="3.2375001311083915">
        <ele>707.0</ele>
      </trkpt>
      <trkpt lat="43.97449347416456" lon="3.2376530170222386">
        <ele>707.0</ele>
      </trkpt>
      <trkpt lat="43.97445293892258" lon="3.237859547116386">
        <ele>707.0</ele>
      </trkpt>
      <trkpt lat="43.974408543149565" lon="3.2379990219851607">
        <ele>707.0</ele>
      </trkpt>
      <trkpt lat="43.97439503138601" lon="3.238138496853935">
        <ele>707.0</ele>
      </trkpt>
      <trkpt lat="43.97440468264599" lon="3.238253831841575">
        <ele>707.0</ele>
      </trkpt>
      <trkpt lat="43.974404682645996" lon="3.2383503913661116">
        <ele>707.0</ele>
      </trkpt>
      <trkpt lat="43.97439117088153" lon="3.238487184025872">
        <ele>707.0</ele>
      </trkpt>
      <trkpt lat="43.97439117088153" lon="3.238648116566765">
        <ele>707.0</ele>
      </trkpt>
      <trkpt lat="43.97439503138601" lon="3.2387875914355395">
        <ele>707.0</ele>
      </trkpt>
      <trkpt lat="43.974414333904434" lon="3.238929748513328">
        <ele>707.0</ele>
      </trkpt>
      <trkpt lat="43.97440082214219" lon="3.2389968037387007">
        <ele>707.0</ele>
      </trkpt>
      <trkpt lat="43.97436221709021" lon="3.2391094565173266">
        <ele>707.0</ele>
      </trkpt>
      <trkpt lat="43.97428307665516" lon="3.2392945289393547">
        <ele>707.0</ele>
      </trkpt>
      <trkpt lat="43.97419621508067" lon="3.2394903301974414">
        <ele>707.0</ele>
      </trkpt>
      <trkpt lat="43.97411514416315" lon="3.239632487275231">
        <ele>707.0</ele>
      </trkpt>
      <trkpt lat="43.97407846918792" lon="3.239755868889916">
        <ele>707.0</ele>
      </trkpt>
      <trkpt lat="43.97406688761209" lon="3.239855110623466">
        <ele>707.0</ele>
      </trkpt>
      <trkpt lat="43.97405530603401" lon="3.2399758100291356">
        <ele>707.0</ele>
      </trkpt>
      <trkpt lat="43.97402442181478" lon="3.2401689290782087">
        <ele>706.0</ele>
      </trkpt>
      <trkpt lat="43.97399546784456" lon="3.240335226037132">
        <ele>706.0</ele>
      </trkpt>
      <trkpt lat="43.97393176906057" lon="3.2405297755758524">
        <ele>706.0</ele>
      </trkpt>
      <trkpt lat="43.97389702424045" lon="3.2406585216085655">
        <ele>706.0</ele>
      </trkpt>
      <trkpt lat="43.9738159529145" lon="3.240781903223252">
        <ele>706.0</ele>
      </trkpt>
      <trkpt lat="43.9737155787386" lon="3.2408999204199067">
        <ele>706.0</ele>
      </trkpt>
      <trkpt lat="43.97361520439301" lon="3.240981638409721">
        <ele>706.0</ele>
      </trkpt>
      <trkpt lat="43.973561156598215" lon="3.2411532997866748">
        <ele>706.0</ele>
      </trkpt>
      <trkpt lat="43.97350903903519" lon="3.2413517832537755">
        <ele>706.0</ele>
      </trkpt>
      <trkpt lat="43.97347236368563" lon="3.2415127157946704">
        <ele>706.0</ele>
      </trkpt>
      <trkpt lat="43.97345885170904" lon="3.2416441440363997">
        <ele>706.0</ele>
      </trkpt>
      <trkpt lat="43.97342989746315" lon="3.241807758786308">
        <ele>706.0</ele>
      </trkpt>
      <trkpt lat="43.97339708263409" lon="3.2419391870280374">
        <ele>705.0</ele>
      </trkpt>
      <trkpt lat="43.973323731774045" lon="3.2421215772410505">
        <ele>705.0</ele>
      </trkpt>
      <trkpt lat="43.973252311112766" lon="3.2423281073351973">
        <ele>705.0</ele>
      </trkpt>
      <trkpt lat="43.97322528705636" lon="3.242531955220329">
        <ele>705.0</ele>
      </trkpt>
      <trkpt lat="43.97324652024457" lon="3.2427572607775796">
        <ele>705.0</ele>
      </trkpt>
      <trkpt lat="43.97326968371397" lon="3.242931604363549">
        <ele>705.0</ele>
      </trkpt>
      <trkpt lat="43.97326389284745" lon="3.2430227994700553">
        <ele>704.0</ele>
      </trkpt>
      <trkpt lat="43.973217565895155" lon="3.2432186007281416">
        <ele>704.0</ele>
      </trkpt>
      <trkpt lat="43.973186681240186" lon="3.2434090375682">
        <ele>704.0</ele>
      </trkpt>
      <trkpt lat="43.973140354227645" lon="3.2436182498713615">
        <ele>704.0</ele>
      </trkpt>
      <trkpt lat="43.97309595747339" lon="3.2438489198466414">
        <ele>704.0</ele>
      </trkpt>
      <trkpt lat="43.973032257724505" lon="3.2441171407481306">
        <ele>704.0</ele>
      </trkpt>
      <trkpt lat="43.973011024574205" lon="3.2442780733489482">
        <ele>703.0</ele>
      </trkpt>
      <trkpt lat="43.97298979118731" lon="3.2444390058299173">
        <ele>703.0</ele>
      </trkpt>
      <trkpt lat="43.972974348802616" lon="3.2446133494158853">
        <ele>703.0</ele>
      </trkpt>
      <trkpt lat="43.97293381252366" lon="3.2449057101985095">
        <ele>703.0</ele>
      </trkpt>
      <trkpt lat="43.972899067237705" lon="3.2450733483640817">
        <ele>703.0</ele>
      </trkpt>
      <trkpt lat="43.97286432169543" lon="3.24524098632537">
        <ele>702.0</ele>
      </trkpt>
      <trkpt lat="43.97283536726112" lon="3.245395213422036">
        <ele>702.0</ele>
      </trkpt>
      <trkpt lat="43.97280641260975" lon="3.2455494403620837">
        <ele>702.0</ele>
      </trkpt>
      <trkpt lat="43.972758154995255" lon="3.2458418011447066">
        <ele>701.0</ele>
      </trkpt>
      <trkpt lat="43.97271472324213" lon="3.2460228503911046">
        <ele>701.0</ele>
      </trkpt>
      <trkpt lat="43.972671291190295" lon="3.2462038993617184">
        <ele>700.0</ele>
      </trkpt>
      <trkpt lat="43.972650057796415" lon="3.2464640736361625">
        <ele>700.0</ele>
      </trkpt>
      <trkpt lat="43.97261724253643" lon="3.246670603730309">
        <ele>699.0</ele>
      </trkpt>
      <trkpt lat="43.97257477570243" lon="3.246903955914605">
        <ele>699.0</ele>
      </trkpt>
      <trkpt lat="43.97249949351305" lon="3.24712657926284">
        <ele>698.0</ele>
      </trkpt>
      <trkpt lat="43.97244351438727" lon="3.2472928762217625">
        <ele>698.0</ele>
      </trkpt>
      <trkpt lat="43.972395256477846" lon="3.247523546197045">
        <ele>698.0</ele>
      </trkpt>
      <trkpt lat="43.97236051075881" lon="3.2477086186190722">
        <ele>697.0</ele>
      </trkpt>
      <trkpt lat="43.972335416615735" lon="3.2478910088320845">
        <ele>697.0</ele>
      </trkpt>
      <trkpt lat="43.9723064618221" lon="3.248172640778649">
        <ele>697.0</ele>
      </trkpt>
      <trkpt lat="43.97227750701432" lon="3.2483094334384077">
        <ele>697.0</ele>
      </trkpt>
      <trkpt lat="43.97220222444812" lon="3.2485508322497476">
        <ele>697.0</ele>
      </trkpt>
      <trkpt lat="43.97215589676936" lon="3.2487131060269805">
        <ele>697.0</ele>
      </trkpt>
      <trkpt lat="43.97210956885098" lon="3.2488753795405505">
        <ele>697.0</ele>
      </trkpt>
      <trkpt lat="43.972070962464734" lon="3.2490671576149497">
        <ele>697.0</ele>
      </trkpt>
      <trkpt lat="43.972032355742954" lon="3.24925893542968">
        <ele>697.0</ele>
      </trkpt>
      <trkpt lat="43.97199954014164" lon="3.249486923195946">
        <ele>697.0</ele>
      </trkpt>
      <trkpt lat="43.97197058518424" lon="3.2497041821261523">
        <ele>697.0</ele>
      </trkpt>
      <trkpt lat="43.9719396999775" lon="3.249855727017571">
        <ele>697.0</ele>
      </trkpt>
      <trkpt lat="43.971908814561274" lon="3.2500072717448356">
        <ele>697.0</ele>
      </trkpt>
      <trkpt lat="43.9719087951506" lon="3.2500073552691684">
        <ele>697.0</ele>
      </trkpt>
      <trkpt lat="43.97184897420904" lon="3.250264763810264">
        <ele>697.0</ele>
      </trkpt>
      <trkpt lat="43.971773691099585" lon="3.2504873871585005">
        <ele>697.0</ele>
      </trkpt>
      <trkpt lat="43.97172929332364" lon="3.2506724595805276">
        <ele>697.0</ele>
      </trkpt>
      <trkpt lat="43.97170612925345" lon="3.250868260838615">
        <ele>696.0</ele>
      </trkpt>
      <trkpt lat="43.971673313471875" lon="3.251104295231926">
        <ele>696.0</ele>
      </trkpt>
      <trkpt lat="43.971638567330466" lon="3.251273274399865">
        <ele>696.0</ele>
      </trkpt>
      <trkpt lat="43.97157679636219" lon="3.2514583468218925">
        <ele>696.0</ele>
      </trkpt>
      <trkpt lat="43.9715150254129" lon="3.251617938431148">
        <ele>695.0</ele>
      </trkpt>
      <trkpt lat="43.971453254232884" lon="3.2517775296946643">
        <ele>695.0</ele>
      </trkpt>
      <trkpt lat="43.971424299009165" lon="3.2519599199076765">
        <ele>694.0</ele>
      </trkpt>
      <trkpt lat="43.971424299009165" lon="3.2521396279116748">
        <ele>694.0</ele>
      </trkpt>
      <trkpt lat="43.97143395075196" lon="3.252327382542716">
        <ele>694.0</ele>
      </trkpt>
      <trkpt lat="43.97148993082935" lon="3.2525526880999682">
        <ele>693.0</ele>
      </trkpt>
      <trkpt lat="43.971555562576995" lon="3.2527243494769214">
        <ele>693.0</ele>
      </trkpt>
      <trkpt lat="43.971620229130096" lon="3.2528611419815614">
        <ele>693.0</ele>
      </trkpt>
      <trkpt lat="43.97168489551451" lon="3.25299793479644">
        <ele>693.0</ele>
      </trkpt>
      <trkpt lat="43.971783342785635" lon="3.2531561851283186">
        <ele>692.0</ele>
      </trkpt>
      <trkpt lat="43.97185862588282" lon="3.2532956599970935">
        <ele>692.0</ele>
      </trkpt>
      <trkpt lat="43.97189337189551" lon="3.253360033013451">
        <ele>692.0</ele>
      </trkpt>
      <trkpt lat="43.97195321220305" lon="3.2534914612551806">
        <ele>692.0</ele>
      </trkpt>
      <trkpt lat="43.97202463442664" lon="3.2536041140338066">
        <ele>692.0</ele>
      </trkpt>
      <trkpt lat="43.97214431471683" lon="3.253762364365685">
        <ele>692.0</ele>
      </trkpt>
      <trkpt lat="43.97225434315797" lon="3.2538830637713554">
        <ele>692.0</ele>
      </trkpt>
      <trkpt lat="43.97239332616067" lon="3.2539983987589953">
        <ele>692.0</ele>
      </trkpt>
      <trkpt lat="43.97250335414048" lon="3.2540547251483067">
        <ele>692.0</ele>
      </trkpt>
      <trkpt lat="43.972638475942034" lon="3.2541110515376213">
        <ele>692.0</ele>
      </trkpt>
      <trkpt lat="43.9728006216981" lon="3.2541512846728433">
        <ele>692.0</ele>
      </trkpt>
      <trkpt lat="43.97293767312287" lon="3.254188835599053">
        <ele>692.0</ele>
      </trkpt>
      <trkpt lat="43.97302839713148" lon="3.2542397975703348">
        <ele>692.0</ele>
      </trkpt>
      <trkpt lat="43.97313842393468" lon="3.2543604969760054">
        <ele>692.0</ele>
      </trkpt>
      <trkpt lat="43.973244589955065" lon="3.2545133828898547">
        <ele>692.0</ele>
      </trkpt>
      <trkpt lat="43.97335268607172" lon="3.2546609043856733">
        <ele>691.0</ele>
      </trkpt>
      <trkpt lat="43.97341735067486" lon="3.2548030613022605">
        <ele>691.0</ele>
      </trkpt>
      <trkpt lat="43.9734820150956" lon="3.254945218541253">
        <ele>691.0</ele>
      </trkpt>
      <trkpt lat="43.97354474932904" lon="3.2551209030384527">
        <ele>691.0</ele>
      </trkpt>
      <trkpt lat="43.97360748328247" lon="3.2552965879222024">
        <ele>690.0</ele>
      </trkpt>
      <trkpt lat="43.97369048516812" lon="3.255546033360589">
        <ele>690.0</ele>
      </trkpt>
      <trkpt lat="43.97373681183232" lon="3.2556935547365606">
        <ele>690.0</ele>
      </trkpt>
      <trkpt lat="43.97378313829874" lon="3.255841076352226">
        <ele>689.0</ele>
      </trkpt>
      <trkpt lat="43.9738313952034" lon="3.2560181019974013">
        <ele>689.0</ele>
      </trkpt>
      <trkpt lat="43.97387965182279" lon="3.256195127942193">
        <ele>689.0</ele>
      </trkpt>
      <trkpt lat="43.97392790861638" lon="3.2563506959334076">
        <ele>688.0</ele>
      </trkpt>
      <trkpt lat="43.973976165189974" lon="3.2565062641879203">
        <ele>688.0</ele>
      </trkpt>
      <trkpt lat="43.97404565471723" lon="3.2566779255648735">
        <ele>687.0</ele>
      </trkpt>
      <trkpt lat="43.974149888855656" lon="3.256887137868034">
        <ele>687.0</ele>
      </trkpt>
      <trkpt lat="43.97420586637296" lon="3.257031977154839">
        <ele>686.0</ele>
      </trkpt>
      <trkpt lat="43.97423288998316" lon="3.257211685158837">
        <ele>686.0</ele>
      </trkpt>
      <trkpt lat="43.9742560531796" lon="3.2573712765303973">
        <ele>685.0</ele>
      </trkpt>
      <trkpt lat="43.97427921614343" lon="3.2575308680316084">
        <ele>685.0</ele>
      </trkpt>
      <trkpt lat="43.97431010033255" lon="3.2576864360702174">
        <ele>684.0</ele>
      </trkpt>
      <trkpt lat="43.974340984300895" lon="3.257842004277336">
        <ele>684.0</ele>
      </trkpt>
      <trkpt lat="43.97437572901193" lon="3.2580297587939797">
        <ele>684.0</ele>
      </trkpt>
      <trkpt lat="43.97441047340128" lon="3.258217513539421">
        <ele>683.0</ele>
      </trkpt>
      <trkpt lat="43.97446645067297" lon="3.258464276768791">
        <ele>683.0</ele>
      </trkpt>
      <trkpt lat="43.9745301488835" lon="3.258603751637566">
        <ele>682.0</ele>
      </trkpt>
      <trkpt lat="43.974605428498734" lon="3.2587646841784594">
        <ele>682.0</ele>
      </trkpt>
      <trkpt lat="43.97468070801857" lon="3.2588692903300394">
        <ele>682.0</ele>
      </trkpt>
      <trkpt lat="43.974748266480766" lon="3.2590034007807853">
        <ele>682.0</ele>
      </trkpt>
      <trkpt lat="43.97480810391165" lon="3.259091913678276">
        <ele>681.0</ele>
      </trkpt>
      <trkpt lat="43.974885313410795" lon="3.259188473202812">
        <ele>681.0</ele>
      </trkpt>
      <trkpt lat="43.97497796463943" lon="3.259278327058816">
        <ele>681.0</ele>
      </trkpt>
      <trkpt lat="43.9750706157992" lon="3.2593681812068107">
        <ele>681.0</ele>
      </trkpt>
      <trkpt lat="43.97513817381779" lon="3.2594325542231677">
        <ele>681.0</ele>
      </trkpt>
      <trkpt lat="43.97523468513959" lon="3.2594781517764204">
        <ele>681.0</ele>
      </trkpt>
      <trkpt lat="43.97530224297156" lon="3.259478151776421">
        <ele>681.0</ele>
      </trkpt>
      <trkpt lat="43.97538138204837" lon="3.259475469567406">
        <ele>681.0</ele>
      </trkpt>
      <trkpt lat="43.975447009495475" lon="3.2594888806124804">
        <ele>681.0</ele>
      </trkpt>
      <trkpt lat="43.97548368362552" lon="3.259502291657555">
        <ele>681.0</ele>
      </trkpt>
      <trkpt lat="43.97553000881002" lon="3.2595505714198225">
        <ele>681.0</ele>
      </trkpt>
      <trkpt lat="43.97558405481296" lon="3.2596042156001213">
        <ele>681.0</ele>
      </trkpt>
      <trkpt lat="43.975638100766695" lon="3.2596766352435234">
        <ele>680.0</ele>
      </trkpt>
      <trkpt lat="43.975699867510706" lon="3.2597275972148054">
        <ele>680.0</ele>
      </trkpt>
      <trkpt lat="43.9757770758504" lon="3.259778559186088">
        <ele>680.0</ele>
      </trkpt>
      <trkpt lat="43.97583498203929" lon="3.25984024999343">
        <ele>680.0</ele>
      </trkpt>
      <trkpt lat="43.97588323715357" lon="3.25985634324752">
        <ele>680.0</ele>
      </trkpt>
      <trkpt lat="43.97600290966775" lon="3.2598965763827437">
        <ele>680.0</ele>
      </trkpt>
      <trkpt lat="43.97609941958416" lon="3.259944856145012">
        <ele>679.0</ele>
      </trkpt>
      <trkpt lat="43.97616311604306" lon="3.259985089280235">
        <ele>679.0</ele>
      </trkpt>
      <trkpt lat="43.9762210218555" lon="3.2600306868334887">
        <ele>679.0</ele>
      </trkpt>
      <trkpt lat="43.976309810658236" lon="3.26010847089492">
        <ele>679.0</ele>
      </trkpt>
      <trkpt lat="43.97637543707931" lon="3.2601433396121138">
        <ele>679.0</ele>
      </trkpt>
      <trkpt lat="43.97647194639024" lon="3.260137975194083">
        <ele>678.0</ele>
      </trkpt>
      <trkpt lat="43.97658582717543" lon="3.2601004242678764">
        <ele>678.0</ele>
      </trkpt>
      <trkpt lat="43.976659174006166" lon="3.260087013222802">
        <ele>678.0</ele>
      </trkpt>
      <trkpt lat="43.976765333732324" lon="3.2600870132228015">
        <ele>678.0</ele>
      </trkpt>
      <trkpt lat="43.97683095964992" lon="3.260111153103936">
        <ele>678.0</ele>
      </trkpt>
      <trkpt lat="43.976906236348455" lon="3.260159432866203">
        <ele>678.0</ele>
      </trkpt>
      <trkpt lat="43.97696993194188" lon="3.260202348210441">
        <ele>679.0</ele>
      </trkpt>
      <trkpt lat="43.977022046467525" lon="3.26025599239074">
        <ele>679.0</ele>
      </trkpt>
      <trkpt lat="43.97708381177202" lon="3.2603096365710376">
        <ele>679.0</ele>
      </trkpt>
      <trkpt lat="43.97715135851811" lon="3.2603579099140725">
        <ele>679.0</ele>
      </trkpt>
      <trkpt lat="43.977151367500255" lon="3.2603579163333047">
        <ele>679.0</ele>
      </trkpt>
      <trkpt lat="43.977244015231086" lon="3.260392785050499">
        <ele>680.0</ele>
      </trkpt>
      <trkpt lat="43.977359824691405" lon="3.2603874206324694">
        <ele>680.0</ele>
      </trkpt>
      <trkpt lat="43.97753546860844" lon="3.260347187497245">
        <ele>681.0</ele>
      </trkpt>
      <trkpt lat="43.977682159833314" lon="3.2602908611079324">
        <ele>681.0</ele>
      </trkpt>
      <trkpt lat="43.977819199992304" lon="3.2602157592555163">
        <ele>681.0</ele>
      </trkpt>
      <trkpt lat="43.977921497369614" lon="3.2601567506571882">
        <ele>682.0</ele>
      </trkpt>
      <trkpt lat="43.97801800416774" lon="3.2600789665957572">
        <ele>682.0</ele>
      </trkpt>
      <trkpt lat="43.978106790283505" lon="3.260001182534325">
        <ele>683.0</ele>
      </trkpt>
      <trkpt lat="43.978182065364614" lon="3.2599260806819084">
        <ele>683.0</ele>
      </trkpt>
      <trkpt lat="43.9782901524937" lon="3.2598536610385067">
        <ele>684.0</ele>
      </trkpt>
      <trkpt lat="43.97839051893735" lon="3.2598241567393416">
        <ele>685.0</ele>
      </trkpt>
      <trkpt lat="43.978508256280016" lon="3.2597973346491926">
        <ele>685.0</ele>
      </trkpt>
      <trkpt lat="43.97869547747528" lon="3.259759783722984">
        <ele>686.0</ele>
      </trkpt>
      <trkpt lat="43.97880935399604" lon="3.2597463726779097">
        <ele>687.0</ele>
      </trkpt>
      <trkpt lat="43.9789251604033" lon="3.2597115039607165">
        <ele>687.0</ele>
      </trkpt>
      <trkpt lat="43.97900815485628" lon="3.2596712708254936">
        <ele>688.0</ele>
      </trkpt>
      <trkpt lat="43.97905640739177" lon="3.259628355481254">
        <ele>688.0</ele>
      </trkpt>
      <trkpt lat="43.97909693949144" lon="3.2595693468829268">
        <ele>689.0</ele>
      </trkpt>
      <trkpt lat="43.97914519195488" lon="3.2595210671206583">
        <ele>689.0</ele>
      </trkpt>
      <trkpt lat="43.97920116476336" lon="3.259464740731347">
        <ele>689.0</ele>
      </trkpt>
      <trkpt lat="43.97925906761312" lon="3.259413778760064">
        <ele>689.0</ele>
      </trkpt>
      <trkpt lat="43.97931890049856" lon="3.2593601345797656">
        <ele>689.0</ele>
      </trkpt>
      <trkpt lat="43.97936522269105" lon="3.2593306302806013">
        <ele>689.0</ele>
      </trkpt>
      <trkpt lat="43.97941926520329" lon="3.2593199014445418">
        <ele>689.0</ele>
      </trkpt>
      <trkpt lat="43.979498398793154" lon="3.259306490399468">
        <ele>689.0</ele>
      </trkpt>
      <trkpt lat="43.979581392444814" lon="3.2592903971453775">
        <ele>688.0</ele>
      </trkpt>
      <trkpt lat="43.97966052581861" lon="3.2592984437724226">
        <ele>688.0</ele>
      </trkpt>
      <trkpt lat="43.97973965908692" lon="3.259333312489616">
        <ele>688.0</ele>
      </trkpt>
      <trkpt lat="43.979851603530285" lon="3.259389638878929">
        <ele>687.0</ele>
      </trkpt>
      <trkpt lat="43.97999828903308" lon="3.2595210671206587">
        <ele>687.0</ele>
      </trkpt>
      <trkpt lat="43.98008514212052" lon="3.259617626645195">
        <ele>687.0</ele>
      </trkpt>
      <trkpt lat="43.980160414693536" lon="3.2597073912620544">
        <ele>686.0</ele>
      </trkpt>
      <trkpt lat="43.98017199508093" lon="3.2597449421882634">
        <ele>686.0</ele>
      </trkpt>
      <trkpt lat="43.980170065016495" lon="3.259781241395104">
        <ele>686.0</ele>
      </trkpt>
      <trkpt lat="43.98014883430389" lon="3.259901940800773">
        <ele>685.0</ele>
      </trkpt>
      <trkpt lat="43.98010830292238" lon="3.2600226402064436">
        <ele>685.0</ele>
      </trkpt>
      <trkpt lat="43.980054261037324" lon="3.2601916193743827">
        <ele>684.0</ele>
      </trkpt>
      <trkpt lat="43.980027240076375" lon="3.2603069543620222">
        <ele>683.0</ele>
      </trkpt>
      <trkpt lat="43.97999828903309" lon="3.2604303359767077">
        <ele>683.0</ele>
      </trkpt>
      <trkpt lat="43.97996547783365" lon="3.2605081200381387">
        <ele>682.0</ele>
      </trkpt>
      <trkpt lat="43.97987669449724" lon="3.2606207728167647">
        <ele>681.0</ele>
      </trkpt>
      <trkpt lat="43.97976475010117" lon="3.26073342559539">
        <ele>680.0</ele>
      </trkpt>
      <trkpt lat="43.97961806402141" lon="3.2609077691813577">
        <ele>680.0</ele>
      </trkpt>
      <trkpt lat="43.97951190939551" lon="3.2610418796321023">
        <ele>679.0</ele>
      </trkpt>
      <trkpt lat="43.97943663600033" lon="3.2611438035746683">
        <ele>679.0</ele>
      </trkpt>
      <trkpt lat="43.979361362509756" lon="3.2612135410090564">
        <ele>679.0</ele>
      </trkpt>
      <trkpt lat="43.97925520742489" lon="3.261326193787682">
        <ele>679.0</ele>
      </trkpt>
      <trkpt lat="43.979166423026385" lon="3.2614683508654716">
        <ele>679.0</ele>
      </trkpt>
      <trkpt lat="43.97905447729119" lon="3.2616239189883345">
        <ele>679.0</ele>
      </trkpt>
      <trkpt lat="43.97895121677761" lon="3.261735230864035">
        <ele>679.0</ele>
      </trkpt>
      <trkpt lat="43.978847956156876" lon="3.2618465423365715">
        <ele>679.0</ele>
      </trkpt>
      <trkpt lat="43.97870126781213" lon="3.262034296967614">
        <ele>679.0</ele>
      </trkpt>
      <trkpt lat="43.978575810387625" lon="3.2621979117175215">
        <ele>679.0</ele>
      </trkpt>
      <trkpt lat="43.97850632616153" lon="3.2622985839407193">
        <ele>679.0</ele>
      </trkpt>
      <trkpt lat="43.97841947076456" lon="3.2623937129756087">
        <ele>679.0</ele>
      </trkpt>
      <trkpt lat="43.97836735746541" lon="3.2624688148280256">
        <ele>679.0</ele>
      </trkpt>
      <trkpt lat="43.97831717424521" lon="3.2625412344714277">
        <ele>679.0</ele>
      </trkpt>
      <trkpt lat="43.97829980312064" lon="3.2626190185328596">
        <ele>679.0</ele>
      </trkpt>
      <trkpt lat="43.97828243199098" lon="3.2627128958483813">
        <ele>679.0</ele>
      </trkpt>
      <trkpt lat="43.978274711487266" lon="3.2627799510737536">
        <ele>679.0</ele>
      </trkpt>
      <trkpt lat="43.97825348009693" lon="3.2628657817622297">
        <ele>679.0</ele>
      </trkpt>
      <trkpt lat="43.978220667933286" lon="3.262970387913811">
        <ele>679.0</ele>
      </trkpt>
      <trkpt lat="43.978143462770845" lon="3.26324933765136">
        <ele>679.0</ele>
      </trkpt>
      <trkpt lat="43.97807397803879" lon="3.2634665965815657">
        <ele>679.0</ele>
      </trkpt>
      <trkpt lat="43.978019934365605" lon="3.263606071582535">
        <ele>679.0</ele>
      </trkpt>
      <trkpt lat="43.97796589051623" lon="3.2637455463191154">
        <ele>679.0</ele>
      </trkpt>
      <trkpt lat="43.97790991654327" lon="3.2638501524706953">
        <ele>679.0</ele>
      </trkpt>
      <trkpt lat="43.97784622195815" lon="3.263927936532127">
        <ele>679.0</ele>
      </trkpt>
      <trkpt lat="43.977728483302734" lon="3.264019131638634">
        <ele>680.0</ele>
      </trkpt>
      <trkpt lat="43.977643556914515" lon="3.2640995979090803">
        <ele>680.0</ele>
      </trkpt>
      <trkpt lat="43.97755863040487" lon="3.2642229795237663">
        <ele>680.0</ele>
      </trkpt>
      <trkpt lat="43.977498795745596" lon="3.2642658948680037">
        <ele>680.0</ele>
      </trkpt>
      <trkpt lat="43.97746019270762" lon="3.264287352540123">
        <ele>680.0</ele>
      </trkpt>
      <trkpt lat="43.97740035794914" lon="3.264284670331109">
        <ele>680.0</ele>
      </trkpt>
      <trkpt lat="43.97734824375555" lon="3.264287352540123">
        <ele>680.0</ele>
      </trkpt>
      <trkpt lat="43.97731157077707" lon="3.264335632302392">
        <ele>680.0</ele>
      </trkpt>
      <trkpt lat="43.97723629459239" lon="3.264493882634269">
        <ele>680.0</ele>
      </trkpt>
      <trkpt lat="43.977155227825236" lon="3.264641404130089">
        <ele>680.0</ele>
      </trkpt>
      <trkpt lat="43.97707802127746" lon="3.2647930383245694">
        <ele>680.0</ele>
      </trkpt>
      <trkpt lat="43.977047138630226" lon="3.2649378776113736">
        <ele>681.0</ele>
      </trkpt>
      <trkpt lat="43.97701239563291" lon="3.265104174570297">
        <ele>681.0</ele>
      </trkpt>
      <trkpt lat="43.97697765261525" lon="3.2652060985128633">
        <ele>681.0</ele>
      </trkpt>
      <trkpt lat="43.97695063025416" lon="3.2653080224554287">
        <ele>681.0</ele>
      </trkpt>
      <trkpt lat="43.97696993194189" lon="3.265426039652083">
        <ele>681.0</ele>
      </trkpt>
      <trkpt lat="43.97699695429423" lon="3.26552259917662">
        <ele>681.0</ele>
      </trkpt>
      <trkpt lat="43.977035557633386" lon="3.2656084298650967">
        <ele>682.0</ele>
      </trkpt>
      <trkpt lat="43.97707802127746" lon="3.2657854556600787">
        <ele>682.0</ele>
      </trkpt>
      <trkpt lat="43.977089602266005" lon="3.265919566110824">
        <ele>682.0</ele>
      </trkpt>
      <trkpt lat="43.977103113416504" lon="3.266034722328187">
        <ele>682.0</ele>
      </trkpt>
      <trkpt lat="43.977149437337644" lon="3.266150057315827">
        <ele>682.0</ele>
      </trkpt>
      <trkpt lat="43.97719190090017" lon="3.266234636284935">
        <ele>682.0</ele>
      </trkpt>
      <trkpt lat="43.97720541202749" lon="3.266280233838188">
        <ele>682.0</ele>
      </trkpt>
      <trkpt lat="43.97719576122264" lon="3.266355335690605">
        <ele>682.0</ele>
      </trkpt>
      <trkpt lat="43.97717259928466" lon="3.2664277553340075">
        <ele>682.0</ele>
      </trkpt>
      <trkpt lat="43.9771224150547" lon="3.266532361485589">
        <ele>682.0</ele>
      </trkpt>
      <trkpt lat="43.97706644028663" lon="3.2666181921740653">
        <ele>682.0</ele>
      </trkpt>
      <trkpt lat="43.977023976634264" lon="3.2667147516986">
        <ele>682.0</ele>
      </trkpt>
      <trkpt lat="43.976993093958924" lon="3.2668408155223014">
        <ele>681.0</ele>
      </trkpt>
      <trkpt lat="43.97699116379118" lon="3.266953468300926">
        <ele>681.0</ele>
      </trkpt>
      <trkpt lat="43.97698344311964" lon="3.267047345616448">
        <ele>681.0</ele>
      </trkpt>
      <trkpt lat="43.97695449059217" lon="3.267176091649162">
        <ele>681.0</ele>
      </trkpt>
      <trkpt lat="43.97689465532412" lon="3.2673584818621753">
        <ele>682.0</ele>
      </trkpt>
      <trkpt lat="43.97684157573017" lon="3.2675422133507266">
        <ele>682.0</ele>
      </trkpt>
      <trkpt lat="43.976788495829155" lon="3.2677259444972155">
        <ele>682.0</ele>
      </trkpt>
      <trkpt lat="43.97671514915816" lon="3.2679807543536312">
        <ele>682.0</ele>
      </trkpt>
      <trkpt lat="43.97668812667757" lon="3.2681336402674788">
        <ele>683.0</ele>
      </trkpt>
      <trkpt lat="43.97667847578869" lon="3.268254339673149">
        <ele>683.0</ele>
      </trkpt>
      <trkpt lat="43.97664373257564" lon="3.2683455347796553">
        <ele>684.0</ele>
      </trkpt>
      <trkpt lat="43.976533712266914" lon="3.268442094304192">
        <ele>684.0</ele>
      </trkpt>
      <trkpt lat="43.97639280876682" lon="3.2685037851115335">
        <ele>685.0</ele>
      </trkpt>
      <trkpt lat="43.97629243894641" lon="3.2685922980090254">
        <ele>685.0</ele>
      </trkpt>
      <trkpt lat="43.976159255653556" lon="3.2687210440417402">
        <ele>686.0</ele>
      </trkpt>
      <trkpt lat="43.97603958345443" lon="3.26885247228347">
        <ele>686.0</ele>
      </trkpt>
      <trkpt lat="43.97600677006742" lon="3.2689624428530806">
        <ele>687.0</ele>
      </trkpt>
      <trkpt lat="43.97600870026716" lon="3.2691072821398848">
        <ele>687.0</ele>
      </trkpt>
      <trkpt lat="43.976051164645554" lon="3.2692440747996443">
        <ele>688.0</ele>
      </trkpt>
      <trkpt lat="43.97613609331126" lon="3.2694452404757612">
        <ele>688.0</ele>
      </trkpt>
      <trkpt lat="43.976186278374826" lon="3.269565939881432">
        <ele>689.0</ele>
      </trkpt>
      <trkpt lat="43.97621137089068" lon="3.2696624994059675">
        <ele>690.0</ele>
      </trkpt>
      <trkpt lat="43.97617469721006" lon="3.269761741139519">
        <ele>691.0</ele>
      </trkpt>
      <trkpt lat="43.97608204781076" lon="3.2699146270533683">
        <ele>691.0</ele>
      </trkpt>
      <trkpt lat="43.975966235858394" lon="3.270091652848351">
        <ele>692.0</ele>
      </trkpt>
      <trkpt lat="43.97579251750631" lon="3.2702794074793924">
        <ele>692.0</ele>
      </trkpt>
      <trkpt lat="43.97564968203609" lon="3.270359873749839">
        <ele>693.0</ele>
      </trkpt>
      <trkpt lat="43.975566682888825" lon="3.270410835721123">
        <ele>694.0</ele>
      </trkpt>
      <trkpt lat="43.975495264925044" lon="3.2704430222293017">
        <ele>694.0</ele>
      </trkpt>
      <trkpt lat="43.97547017210656" lon="3.270488619782554">
        <ele>695.0</ele>
      </trkpt>
      <trkpt lat="43.97546631167201" lon="3.2705342173358076">
        <ele>696.0</ele>
      </trkpt>
      <trkpt lat="43.975475962757926" lon="3.27060127256118">
        <ele>696.0</ele>
      </trkpt>
      <trkpt lat="43.97551263687006" lon="3.2706200480242833">
        <ele>697.0</ele>
      </trkpt>
      <trkpt lat="43.975582124599406" lon="3.270620048024284">
        <ele>698.0</ele>
      </trkpt>
      <trkpt lat="43.97573654148459" lon="3.270593225934136">
        <ele>699.0</ele>
      </trkpt>
      <trkpt lat="43.97589095796819" lon="3.270582497098076">
        <ele>700.0</ele>
      </trkpt>
      <trkpt lat="43.976039583454444" lon="3.2705824970980766">
        <ele>701.0</ele>
      </trkpt>
      <trkpt lat="43.97614767448355" lon="3.2706093191882246">
        <ele>702.0</ele>
      </trkpt>
      <trkpt lat="43.97622681243364" lon="3.27072197196685">
        <ele>703.0</ele>
      </trkpt>
      <trkpt lat="43.97632332198615" lon="3.2708614468356245">
        <ele>704.0</ele>
      </trkpt>
      <trkpt lat="43.97642562194055" lon="3.270941913106071">
        <ele>705.0</ele>
      </trkpt>
      <trkpt lat="43.97648352749702" lon="3.2709928750773543">
        <ele>707.0</ele>
      </trkpt>
      <trkpt lat="43.97652792171873" lon="3.271073341347802">
        <ele>708.0</ele>
      </trkpt>
      <trkpt lat="43.97653757263207" lon="3.2711269855280993">
        <ele>709.0</ele>
      </trkpt>
      <trkpt lat="43.97651055007069" lon="3.2712047695895308">
        <ele>709.0</ele>
      </trkpt>
      <trkpt lat="43.97642755212669" lon="3.271282553650963">
        <ele>710.0</ele>
      </trkpt>
      <trkpt lat="43.9763291125543" lon="3.271338880040275">
        <ele>711.0</ele>
      </trkpt>
      <trkpt lat="43.97617469721006" lon="3.2714461684008715">
        <ele>712.0</ele>
      </trkpt>
      <trkpt lat="43.97607625721854" lon="3.2715132236262425">
        <ele>713.0</ele>
      </trkpt>
      <trkpt lat="43.97597781706379" lon="3.2716124653597953">
        <ele>714.0</ele>
      </trkpt>
      <trkpt lat="43.97586586531694" lon="3.271738529183494">
        <ele>715.0</ele>
      </trkpt>
      <trkpt lat="43.97582340080605" lon="3.271800219990837">
        <ele>716.0</ele>
      </trkpt>
      <trkpt lat="43.975800238332745" lon="3.271934330441581">
        <ele>717.0</ele>
      </trkpt>
      <trkpt lat="43.97582533101173" lon="3.272006750084983">
        <ele>718.0</ele>
      </trkpt>
      <trkpt lat="43.97596044525482" lon="3.2720308899661172">
        <ele>719.0</ele>
      </trkpt>
      <trkpt lat="43.97608783840246" lon="3.272068440892326">
        <ele>720.0</ele>
      </trkpt>
      <trkpt lat="43.97622681243364" lon="3.2721194028636087">
        <ele>721.0</ele>
      </trkpt>
      <trkpt lat="43.97632332198613" lon="3.272194504716026">
        <ele>722.0</ele>
      </trkpt>
      <trkpt lat="43.976390878579586" lon="3.272283017613517">
        <ele>724.0</ele>
      </trkpt>
      <trkpt lat="43.9764275521267" lon="3.272366166092979">
        <ele>725.0</ele>
      </trkpt>
      <trkpt lat="43.976419831381804" lon="3.272481501080619">
        <ele>726.0</ele>
      </trkpt>
      <trkpt lat="43.97634262387782" lon="3.2726022004862894">
        <ele>727.0</ele>
      </trkpt>
      <trkpt lat="43.97621716146976" lon="3.2727792262812736">
        <ele>728.0</ele>
      </trkpt>
      <trkpt lat="43.976148639620845" lon="3.272911995787056">
        <ele>729.0</ele>
      </trkpt>
      <trkpt lat="43.97608011761342" lon="3.273044764973746">
        <ele>730.0</ele>
      </trkpt>
      <trkpt lat="43.97595465465073" lon="3.273243248440849">
        <ele>731.0</ele>
      </trkpt>
      <trkpt lat="43.975856214294396" lon="3.2733612656375044">
        <ele>731.0</ele>
      </trkpt>
      <trkpt lat="43.975757773774866" lon="3.2735034227152946">
        <ele>732.0</ele>
      </trkpt>
      <trkpt lat="43.975705658216484" lon="3.273651659591417">
        <ele>732.0</ele>
      </trkpt>
      <trkpt lat="43.975653542458716" lon="3.2737998961965777">
        <ele>733.0</ele>
      </trkpt>
      <trkpt lat="43.975618798646" lon="3.273912548975204">
        <ele>733.0</ele>
      </trkpt>
      <trkpt lat="43.975464381454636" lon="3.27401447291777">
        <ele>733.0</ele>
      </trkpt>
      <trkpt lat="43.97529066163438" lon="3.2740681170980674">
        <ele>734.0</ele>
      </trkpt>
      <trkpt lat="43.97514010404576" lon="3.2740788459341275">
        <ele>734.0</ele>
      </trkpt>
      <trkpt lat="43.97502815061858" lon="3.2741210461163943">
        <ele>734.0</ele>
      </trkpt>
      <trkpt lat="43.974916197182345" lon="3.2741632461329577">
        <ele>735.0</ele>
      </trkpt>
      <trkpt lat="43.97476177816397" lon="3.274281263329613">
        <ele>735.0</ele>
      </trkpt>
      <trkpt lat="43.97463631241587" lon="3.2743697762271036">
        <ele>735.0</ele>
      </trkpt>
      <trkpt lat="43.974485753168224" lon="3.2744126915713427">
        <ele>736.0</ele>
      </trkpt>
      <trkpt lat="43.97437572886126" lon="3.274463653542626">
        <ele>737.0</ele>
      </trkpt>
      <trkpt lat="43.97428886742228" lon="3.274557530858146">
        <ele>738.0</ele>
      </trkpt>
      <trkpt lat="43.974219378179626" lon="3.274721145608056">
        <ele>739.0</ele>
      </trkpt>
      <trkpt lat="43.97413251651193" lon="3.2748391628047107">
        <ele>740.0</ele>
      </trkpt>
      <trkpt lat="43.97404758498071" lon="3.2748767137309196">
        <ele>741.0</ele>
      </trkpt>
      <trkpt lat="43.97397809545574" lon="3.2749840020915144">
        <ele>743.0</ele>
      </trkpt>
      <trkpt lat="43.973916326983506" lon="3.2751288415352082">
        <ele>744.0</ele>
      </trkpt>
      <trkpt lat="43.97385455832161" lon="3.2752736806651224">
        <ele>746.0</ele>
      </trkpt>
      <trkpt lat="43.973803406292525" lon="3.2754627765702957">
        <ele>748.0</ele>
      </trkpt>
      <trkpt lat="43.97375225393794" lon="3.275651872136223">
        <ele>749.0</ele>
      </trkpt>
      <trkpt lat="43.97368179902332" lon="3.2758248748314327">
        <ele>751.0</ele>
      </trkpt>
      <trkpt lat="43.97361134383786" lon="3.275997877099144">
        <ele>752.0</ele>
      </trkpt>
      <trkpt lat="43.9734627121623" lon="3.276130646791438">
        <ele>753.0</ele>
      </trkpt>
      <trkpt lat="43.973314080338334" lon="3.2762634157916186">
        <ele>754.0</ele>
      </trkpt>
      <trkpt lat="43.973207914419824" lon="3.2763921620640253">
        <ele>755.0</ele>
      </trkpt>
      <trkpt lat="43.97310174835628" lon="3.276520907857048">
        <ele>756.0</ele>
      </trkpt>
      <trkpt lat="43.97293767312287" lon="3.276700615861046">
        <ele>757.0</ele>
      </trkpt>
      <trkpt lat="43.97278903979323" lon="3.2768575254973937">
        <ele>758.0</ele>
      </trkpt>
      <trkpt lat="43.972640406251244" lon="3.2770144343157885">
        <ele>759.0</ele>
      </trkpt>
      <trkpt lat="43.97247632974324" lon="3.277161955811607">
        <ele>760.0</ele>
      </trkpt>
      <trkpt lat="43.972364371395265" lon="3.277285337426293">
        <ele>760.0</ele>
      </trkpt>
      <trkpt lat="43.97226785540861" lon="3.27744358775817">
        <ele>761.0</ele>
      </trkpt>
      <trkpt lat="43.97218871218254" lon="3.277561604954826">
        <ele>762.0</ele>
      </trkpt>
      <trkpt lat="43.97209219591041" lon="3.2776286601801994">
        <ele>762.0</ele>
      </trkpt>
      <trkpt lat="43.97203621640072" lon="3.2774423360388028">
        <ele>762.0</ele>
      </trkpt>
      <trkpt lat="43.97192811788786" lon="3.2771902083914033">
        <ele>763.0</ele>
      </trkpt>
      <trkpt lat="43.9718702078893" lon="3.2769649028341523">
        <ele>763.0</ele>
      </trkpt>
      <trkpt lat="43.971735084339784" lon="3.276771783785079">
        <ele>764.0</ele>
      </trkpt>
      <trkpt lat="43.97163663694009" lon="3.2766832707347837">
        <ele>764.0</ele>
      </trkpt>
      <trkpt lat="43.97153818947437" lon="3.2765947579900967">
        <ele>764.0</ele>
      </trkpt>
      <trkpt lat="43.97135191069756" lon="3.2764384741119046">
        <ele>764.0</ele>
      </trkpt>
      <trkpt lat="43.97116563171752" lon="3.2762821912547215">
        <ele>765.0</ele>
      </trkpt>
      <trkpt lat="43.97099962077256" lon="3.2761775851031416">
        <ele>765.0</ele>
      </trkpt>
      <trkpt lat="43.97085484340696" lon="3.2760220169802783">
        <ele>765.0</ele>
      </trkpt>
      <trkpt lat="43.97072550866187" lon="3.2758744954844596">
        <ele>766.0</ele>
      </trkpt>
      <trkpt lat="43.97057880025188" lon="3.275729656197654">
        <ele>766.0</ele>
      </trkpt>
      <trkpt lat="43.97042243957387" lon="3.275686740853417">
        <ele>767.0</ele>
      </trkpt>
      <trkpt lat="43.97029310388717" lon="3.2756626009722827">
        <ele>767.0</ele>
      </trkpt>
      <trkpt lat="43.97010971698293" lon="3.2756491899272087">
        <ele>767.0</ele>
      </trkpt>
      <trkpt lat="43.96990895593326" lon="3.2756599187632673">
        <ele>767.0</ele>
      </trkpt>
      <trkpt lat="43.96969468137197" lon="3.275641143300164">
        <ele>767.0</ele>
      </trkpt>
      <trkpt lat="43.96956341354422" lon="3.2756156622558694">
        <ele>767.0</ele>
      </trkpt>
      <trkpt lat="43.96943214572056" lon="3.27559018132888">
        <ele>767.0</ele>
      </trkpt>
      <trkpt lat="43.9692815732792" lon="3.2755204438944925">
        <ele>767.0</ele>
      </trkpt>
      <trkpt lat="43.96914451341737" lon="3.2754372954150313">
        <ele>767.0</ele>
      </trkpt>
      <trkpt lat="43.96897463596659" lon="3.275281727292168">
        <ele>767.0</ele>
      </trkpt>
      <trkpt lat="43.9688684622497" lon="3.275194555336892">
        <ele>767.0</ele>
      </trkpt>
      <trkpt lat="43.968762288469854" lon="3.275107383706199">
        <ele>767.0</ele>
      </trkpt>
      <trkpt lat="43.96864067092533" lon="3.2750403284808276">
        <ele>767.0</ele>
      </trkpt>
      <trkpt lat="43.96846500069906" lon="3.275016188599693">
        <ele>767.0</ele>
      </trkpt>
      <trkpt lat="43.96837040882358" lon="3.274997413136588">
        <ele>767.0</ele>
      </trkpt>
      <trkpt lat="43.96819473779805" lon="3.274943768956291">
        <ele>767.0</ele>
      </trkpt>
      <trkpt lat="43.96800748349544" lon="3.2749062180300834">
        <ele>767.0</ele>
      </trkpt>
      <trkpt lat="43.967816367670665" lon="3.27486598489486">
        <ele>766.0</ele>
      </trkpt>
      <trkpt lat="43.96766386066229" lon="3.27484452722274">
        <ele>766.0</ele>
      </trkpt>
      <trkpt lat="43.967519147636715" lon="3.2748150376916967">
        <ele>766.0</ele>
      </trkpt>
      <trkpt lat="43.96751907516543" lon="3.274815022923577">
        <ele>766.0</ele>
      </trkpt>
      <trkpt lat="43.96731830535912" lon="3.2748150229235766">
        <ele>765.0</ele>
      </trkpt>
      <trkpt lat="43.96716290113092" lon="3.2748123407072525">
        <ele>764.0</ele>
      </trkpt>
      <trkpt lat="43.967007496916715" lon="3.274809658505547">
        <ele>764.0</ele>
      </trkpt>
      <trkpt lat="43.96688587577914" lon="3.274809658505547">
        <ele>763.0</ele>
      </trkpt>
      <trkpt lat="43.966681242827" lon="3.2748391628047107">
        <ele>762.0</ele>
      </trkpt>
      <trkpt lat="43.96651328883953" lon="3.2748659848948587">
        <ele>761.0</ele>
      </trkpt>
      <trkpt lat="43.96633568180745" lon="3.274890124775994">
        <ele>760.0</ele>
      </trkpt>
      <trkpt lat="43.96617351840134" lon="3.274884760357963">
        <ele>760.0</ele>
      </trkpt>
      <trkpt lat="43.966022937699265" lon="3.274865984894859">
        <ele>759.0</ele>
      </trkpt>
      <trkpt lat="43.96586270396888" lon="3.2748659848948596">
        <ele>758.0</ele>
      </trkpt>
      <trkpt lat="43.96565999802805" lon="3.2748793959399345">
        <ele>757.0</ele>
      </trkpt>
      <trkpt lat="43.965453430310085" lon="3.274874031521904">
        <ele>756.0</ele>
      </trkpt>
      <trkpt lat="43.96522948692587" lon="3.2748767137309196">
        <ele>756.0</ele>
      </trkpt>
      <trkpt lat="43.96504608438753" lon="3.274863302685844">
        <ele>755.0</ele>
      </trkpt>
      <trkpt lat="43.964949556508344" lon="3.274874031521904">
        <ele>754.0</ele>
      </trkpt>
      <trkpt lat="43.96487040353038" lon="3.274890124775994">
        <ele>753.0</ele>
      </trkpt>
      <trkpt lat="43.96480862552306" lon="3.274865984894859">
        <ele>752.0</ele>
      </trkpt>
      <trkpt lat="43.96470437499004" lon="3.2748150229235766">
        <ele>751.0</ele>
      </trkpt>
      <trkpt lat="43.96460784655561" lon="3.2747533321162345">
        <ele>751.0</ele>
      </trkpt>
      <trkpt lat="43.96451904025738" lon="3.2746648192187426">
        <ele>750.0</ele>
      </trkpt>
      <trkpt lat="43.96444567843265" lon="3.2746272682925333">
        <ele>749.0</ele>
      </trkpt>
      <trkpt lat="43.9643337049465" lon="3.274640679337608">
        <ele>748.0</ele>
      </trkpt>
      <trkpt lat="43.96419470308392" lon="3.2747452854891894">
        <ele>747.0</ele>
      </trkpt>
      <trkpt lat="43.96400936676114" lon="3.2748525738497842">
        <ele>746.0</ele>
      </trkpt>
      <trkpt lat="43.963876155922016" lon="3.2749518155833353">
        <ele>746.0</ele>
      </trkpt>
      <trkpt lat="43.963760320061944" lon="3.275002777658123">
        <ele>745.0</ele>
      </trkpt>
      <trkpt lat="43.96364448418597" lon="3.2750537395259016">
        <ele>744.0</ele>
      </trkpt>
      <trkpt lat="43.96353830100501" lon="3.275099337079154">
        <ele>744.0</ele>
      </trkpt>
      <trkpt lat="43.96343597885107" lon="3.2751234769602893">
        <ele>743.0</ele>
      </trkpt>
      <trkpt lat="43.9633548932454" lon="3.2751234769602893">
        <ele>743.0</ele>
      </trkpt>
      <trkpt lat="43.96319079108581" lon="3.2750751971980203">
        <ele>742.0</ele>
      </trkpt>
      <trkpt lat="43.96307302337425" lon="3.2750537395259016">
        <ele>741.0</ele>
      </trkpt>
      <trkpt lat="43.96296490854824" lon="3.2749947309275744">
        <ele>741.0</ele>
      </trkpt>
      <trkpt lat="43.9628703079141" lon="3.274892806985008">
        <ele>741.0</ele>
      </trkpt>
      <trkpt lat="43.962711996311796" lon="3.2747130989810107">
        <ele>740.0</ele>
      </trkpt>
      <trkpt lat="43.96259229701534" lon="3.27461922166549">
        <ele>740.0</ele>
      </trkpt>
      <trkpt lat="43.96245715235856" lon="3.274490475632774">
        <ele>740.0</ele>
      </trkpt>
      <trkpt lat="43.96236448155907" lon="3.2744100093623274">
        <ele>740.0</ele>
      </trkpt>
      <trkpt lat="43.962327799327646" lon="3.2742973565837024">
        <ele>740.0</ele>
      </trkpt>
      <trkpt lat="43.96229690900998" lon="3.2741820215960615">
        <ele>740.0</ele>
      </trkpt>
      <trkpt lat="43.96226601867622" lon="3.2740049958010786">
        <ele>740.0</ele>
      </trkpt>
      <trkpt lat="43.96219265406917" lon="3.2739003896494987">
        <ele>740.0</ele>
      </trkpt>
      <trkpt lat="43.962043993929754" lon="3.273790419079888">
        <ele>740.0</ele>
      </trkpt>
      <trkpt lat="43.96190884802569" lon="3.273626804329979">
        <ele>741.0</ele>
      </trkpt>
      <trkpt lat="43.96179300843463" lon="3.2734739184161303">
        <ele>741.0</ele>
      </trkpt>
      <trkpt lat="43.96171964327403" lon="3.273343831111577">
        <ele>741.0</ele>
      </trkpt>
      <trkpt lat="43.961646277961755" lon="3.2732137441416858">
        <ele>741.0</ele>
      </trkpt>
      <trkpt lat="43.96154202187918" lon="3.2730340361376866">
        <ele>741.0</ele>
      </trkpt>
      <trkpt lat="43.9614454883063" lon="3.272916018941033">
        <ele>741.0</ele>
      </trkpt>
      <trkpt lat="43.96135281592876" lon="3.2728194594164957">
        <ele>741.0</ele>
      </trkpt>
      <trkpt lat="43.96121573777193" lon="3.2727175354739306">
        <ele>742.0</ele>
      </trkpt>
      <trkpt lat="43.96107672861386" lon="3.272658526875603">
        <ele>742.0</ele>
      </trkpt>
      <trkpt lat="43.96098791703705" lon="3.2726397514124983">
        <ele>742.0</ele>
      </trkpt>
      <trkpt lat="43.9608508380383" lon="3.2726263403674247">
        <ele>742.0</ele>
      </trkpt>
      <trkpt lat="43.96072148151004" lon="3.2726612090846174">
        <ele>742.0</ele>
      </trkpt>
      <trkpt lat="43.960583436546045" lon="3.2727409601102404">
        <ele>743.0</ele>
      </trkpt>
      <trkpt lat="43.96044539126134" lon="3.2728207111358647">
        <ele>743.0</ele>
      </trkpt>
      <trkpt lat="43.9603488559066" lon="3.272831439971924">
        <ele>744.0</ele>
      </trkpt>
      <trkpt lat="43.960248458971336" lon="3.2727751135826115">
        <ele>744.0</ele>
      </trkpt>
      <trkpt lat="43.96014517830239" lon="3.272668519985942">
        <ele>744.0</ele>
      </trkpt>
      <trkpt lat="43.960020634527346" lon="3.272517621517182">
        <ele>744.0</ele>
      </trkpt>
      <trkpt lat="43.95994149999999" lon="3.2725056000000006">
        <ele>744.0</ele>
      </trkpt>
      <trkpt lat="43.95994147498215" lon="3.2725056409617546">
        <ele>744.0</ele>
      </trkpt>
      <trkpt lat="43.959865211459906" lon="3.272647798229618">
        <ele>744.0</ele>
      </trkpt>
      <trkpt lat="43.959788947756195" lon="3.2727899551173327">
        <ele>744.0</ele>
      </trkpt>
      <trkpt lat="43.959697560061" lon="3.2729580407542205">
        <ele>744.0</ele>
      </trkpt>
      <trkpt lat="43.959606172112224" lon="3.273126125852488">
        <ele>744.0</ele>
      </trkpt>
      <trkpt lat="43.959514783909896" lon="3.2732942104121316">
        <ele>744.0</ele>
      </trkpt>
      <trkpt lat="43.959396365559094" lon="3.273521305051678">
        <ele>744.0</ele>
      </trkpt>
      <trkpt lat="43.95927794674472" lon="3.2737483987482725">
        <ele>744.0</ele>
      </trkpt>
      <trkpt lat="43.959159527466774" lon="3.273975491501915">
        <ele>744.0</ele>
      </trkpt>
      <trkpt lat="43.959068782334846" lon="3.2741458120453313">
        <ele>745.0</ele>
      </trkpt>
      <trkpt lat="43.958978036942355" lon="3.274316132046806">
        <ele>745.0</ele>
      </trkpt>
      <trkpt lat="43.95887699427175" lon="3.2745101458529318">
        <ele>745.0</ele>
      </trkpt>
      <trkpt lat="43.95877595126277" lon="3.2747041589716743">
        <ele>746.0</ele>
      </trkpt>
      <trkpt lat="43.9586749079154" lon="3.2748981714030383">
        <ele>746.0</ele>
      </trkpt>
      <trkpt lat="43.95859671199412" lon="3.2750363053566747">
        <ele>746.0</ele>
      </trkpt>
      <trkpt lat="43.958518515901844" lon="3.2751744389315713">
        <ele>747.0</ele>
      </trkpt>
      <trkpt lat="43.9584287351822" lon="3.2753474416853416">
        <ele>747.0</ele>
      </trkpt>
      <trkpt lat="43.958338954193465" lon="3.2755204438944925">
        <ele>747.0</ele>
      </trkpt>
      <trkpt lat="43.95822890006205" lon="3.275725633280032">
        <ele>747.0</ele>
      </trkpt>
      <trkpt lat="43.95811884555259" lon="3.275930821873771">
        <ele>748.0</ele>
      </trkpt>
      <trkpt lat="43.9580348565752" lon="3.276094436864598">
        <ele>748.0</ele>
      </trkpt>
      <trkpt lat="43.95795086735704" lon="3.276258051373589">
        <ele>748.0</ele>
      </trkpt>
      <trkpt lat="43.95786398189714" lon="3.2763760685702445">
        <ele>749.0</ele>
      </trkpt>
      <trkpt lat="43.957740411246355" lon="3.27662551400863">
        <ele>749.0</ele>
      </trkpt>
      <trkpt lat="43.95764290618385" lon="3.2768172922810237">
        <ele>749.0</ele>
      </trkpt>
      <trkpt lat="43.95754540079046" lon="3.2770090698977588">
        <ele>750.0</ele>
      </trkpt>
      <trkpt lat="43.95745336607263" lon="3.277186990336565">
        <ele>750.0</ele>
      </trkpt>
      <trkpt lat="43.95736133107015" lon="3.2773649102012197">
        <ele>750.0</ele>
      </trkpt>
      <trkpt lat="43.95726929578304" lon="3.277542829491721">
        <ele>751.0</ele>
      </trkpt>
      <trkpt lat="43.957152481836964" lon="3.2777600888668563">
        <ele>751.0</ele>
      </trkpt>
      <trkpt lat="43.95703566746706" lon="3.277977347352133">
        <ele>752.0</ele>
      </trkpt>
      <trkpt lat="43.956920783872526" lon="3.278187901183873">
        <ele>752.0</ele>
      </trkpt>
      <trkpt lat="43.956805899880166" lon="3.278398454167474">
        <ele>752.0</ele>
      </trkpt>
      <trkpt lat="43.95667943090284" lon="3.278634489084112">
        <ele>752.0</ele>
      </trkpt>
      <trkpt lat="43.956552961425174" lon="3.2788705229540933">
        <ele>752.0</ele>
      </trkpt>
      <trkpt lat="43.95644097315924" lon="3.279082417882282">
        <ele>752.0</ele>
      </trkpt>
      <trkpt lat="43.9563289844899" lon="3.2792943119784472">
        <ele>752.0</ele>
      </trkpt>
      <trkpt lat="43.95623179898793" lon="3.2794811731765563">
        <ele>752.0</ele>
      </trkpt>
      <trkpt lat="43.956134613172026" lon="3.2796680337379267">
        <ele>752.0</ele>
      </trkpt>
      <trkpt lat="43.956037427042226" lon="3.279854893662559">
        <ele>752.0</ele>
      </trkpt>
      <trkpt lat="43.9559650202545" lon="3.2800238730449953">
        <ele>752.0</ele>
      </trkpt>
      <trkpt lat="43.95589261320865" lon="3.280192851998436">
        <ele>752.0</ele>
      </trkpt>
      <trkpt lat="43.95581924090331" lon="3.2804114523143344">
        <ele>753.0</ele>
      </trkpt>
      <trkpt lat="43.95574586816394" lon="3.2806300520678637">
        <ele>753.0</ele>
      </trkpt>
      <trkpt lat="43.95567442636627" lon="3.2809009551783674">
        <ele>754.0</ele>
      </trkpt>
      <trkpt lat="43.955649325173766" lon="3.281104803063498">
        <ele>755.0</ele>
      </trkpt>
      <trkpt lat="43.955597191893865" lon="3.2813622951289285">
        <ele>755.0</ele>
      </trkpt>
      <trkpt lat="43.955562436348494" lon="3.281660020329582">
        <ele>756.0</ele>
      </trkpt>
      <trkpt lat="43.95554795502701" lon="3.281849116113139">
        <ele>757.0</ele>
      </trkpt>
      <trkpt lat="43.9555334733785" lon="3.282038211800682">
        <ele>758.0</ele>
      </trkpt>
      <trkpt lat="43.95553154270588" lon="3.282243400797266">
        <ele>759.0</ele>
      </trkpt>
      <trkpt lat="43.95552961164811" lon="3.28244858977996">
        <ele>759.0</ele>
      </trkpt>
      <trkpt lat="43.95554216249087" lon="3.2826685308707875">
        <ele>760.0</ele>
      </trkpt>
      <trkpt lat="43.95555471289122" lon="3.282888472058402">
        <ele>760.0</ele>
      </trkpt>
      <trkpt lat="43.95558367604378" lon="3.2830976842553365">
        <ele>760.0</ele>
      </trkpt>
      <trkpt lat="43.95561263879638" lon="3.2833068966647256">
        <ele>761.0</ele>
      </trkpt>
      <trkpt lat="43.95566477231161" lon="3.2835509774620046">
        <ele>761.0</ele>
      </trkpt>
      <trkpt lat="43.95571690528338" lon="3.2837950587054365">
        <ele>761.0</ele>
      </trkpt>
      <trkpt lat="43.95579027810352" lon="3.2840351161034844">
        <ele>761.0</ele>
      </trkpt>
      <trkpt lat="43.95586365039959" lon="3.284275174119102">
        <ele>761.0</ele>
      </trkpt>
      <trkpt lat="43.955951826221444" lon="3.2844673985042148">
        <ele>761.0</ele>
      </trkpt>
      <trkpt lat="43.956040001709816" lon="3.284659623483616">
        <ele>761.0</ele>
      </trkpt>
      <trkpt lat="43.9561281768647" lon="3.284851849057304">
        <ele>761.0</ele>
      </trkpt>
      <trkpt lat="43.956254647189226" lon="3.285059719795072">
        <ele>761.0</ele>
      </trkpt>
      <trkpt lat="43.95638111712782" lon="3.2852675914546126">
        <ele>760.0</ele>
      </trkpt>
      <trkpt lat="43.95650983944834" lon="3.2854303114004395">
        <ele>760.0</ele>
      </trkpt>
      <trkpt lat="43.956638561536316" lon="3.285593032080674">
        <ele>760.0</ele>
      </trkpt>
      <trkpt lat="43.95676728339177" lon="3.2857557534953235">
        <ele>760.0</ele>
      </trkpt>
      <trkpt lat="43.95692367999933" lon="3.285963624124027">
        <ele>759.0</ele>
      </trkpt>
      <trkpt lat="43.95708007622593" lon="3.2861714958926314">
        <ele>759.0</ele>
      </trkpt>
      <trkpt lat="43.95720461367692" lon="3.286356567910588">
        <ele>758.0</ele>
      </trkpt>
      <trkpt lat="43.95732915082365" lon="3.286541640736687">
        <ele>758.0</ele>
      </trkpt>
      <trkpt lat="43.95733058051773" lon="3.2865439879084737">
        <ele>758.0</ele>
      </trkpt>
      <trkpt lat="43.95742826556059" lon="3.286704360851427">
        <ele>757.0</ele>
      </trkpt>
      <trkpt lat="43.957527380061066" lon="3.286867081531663">
        <ele>757.0</ele>
      </trkpt>
      <trkpt lat="43.957626494325076" lon="3.2870298027773965">
        <ele>756.0</ele>
      </trkpt>
      <trkpt lat="43.957711449422774" lon="3.2872095105137378">
        <ele>756.0</ele>
      </trkpt>
      <trkpt lat="43.95779640422925" lon="3.2873892187853926">
        <ele>756.0</ele>
      </trkpt>
      <trkpt lat="43.95788329001613" lon="3.2876426871512043">
        <ele>756.0</ele>
      </trkpt>
      <trkpt lat="43.957970175219664" lon="3.2878961562892073">
        <ele>756.0</ele>
      </trkpt>
      <trkpt lat="43.95805126849058" lon="3.2881818111431773">
        <ele>756.0</ele>
      </trkpt>
      <trkpt lat="43.95813236101886" lon="3.288467466809379">
        <ele>756.0</ele>
      </trkpt>
      <trkpt lat="43.958167115214096" lon="3.288656562429714">
        <ele>756.0</ele>
      </trkpt>
      <trkpt lat="43.95820186908296" lon="3.2888456582804793">
        <ele>756.0</ele>
      </trkpt>
      <trkpt lat="43.95823083093513" lon="3.2890495060621068">
        <ele>756.0</ele>
      </trkpt>
      <trkpt lat="43.95825979240764" lon="3.289253354050743">
        <ele>757.0</ele>
      </trkpt>
      <trkpt lat="43.95827041197998" lon="3.289510846068235">
        <ele>757.0</ele>
      </trkpt>
      <trkpt lat="43.95828103094587" lon="3.289768338181604">
        <ele>758.0</ele>
      </trkpt>
      <trkpt lat="43.95827813501137" lon="3.2899923026457176">
        <ele>758.0</ele>
      </trkpt>
      <trkpt lat="43.958275238618" lon="3.290216267087088">
        <ele>758.0</ele>
      </trkpt>
      <trkpt lat="43.95825689646925" lon="3.2904402316118544">
        <ele>759.0</ele>
      </trkpt>
      <trkpt lat="43.95823855386184" lon="3.290664195992577">
        <ele>759.0</ele>
      </trkpt>
      <trkpt lat="43.95821731542695" lon="3.2908278108034072">
        <ele>759.0</ele>
      </trkpt>
      <trkpt lat="43.95819607674743" lon="3.290991425492395">
        <ele>759.0</ele>
      </trkpt>
      <trkpt lat="43.958145876482114" lon="3.2912837862750166">
        <ele>758.0</ele>
      </trkpt>
      <trkpt lat="43.95809278029951" lon="3.2915493252146737">
        <ele>758.0</ele>
      </trkpt>
      <trkpt lat="43.95803968347351" lon="3.2918148636599645">
        <ele>757.0</ele>
      </trkpt>
      <trkpt lat="43.95797982936085" lon="3.2920455338772996">
        <ele>757.0</ele>
      </trkpt>
      <trkpt lat="43.95791997476355" lon="3.2922762036105273">
        <ele>756.0</ele>
      </trkpt>
      <trkpt lat="43.95786591291006" lon="3.292509556015993">
        <ele>756.0</ele>
      </trkpt>
      <trkpt lat="43.95781185056013" lon="3.2927429079791177">
        <ele>756.0</ele>
      </trkpt>
      <trkpt lat="43.95776165013337" lon="3.2929440738322793">
        <ele>755.0</ele>
      </trkpt>
      <trkpt lat="43.9577114493379" lon="3.2931452393313507">
        <ele>755.0</ele>
      </trkpt>
      <trkpt lat="43.95766253617925" lon="3.293343723138864">
        <ele>756.0</ele>
      </trkpt>
      <trkpt lat="43.95761362266159" lon="3.293542206605967">
        <ele>756.0</ele>
      </trkpt>
      <trkpt lat="43.957564708784915" lon="3.293740689732657">
        <ele>757.0</ele>
      </trkpt>
      <trkpt lat="43.95751064638456" lon="3.29397135970794">
        <ele>757.0</ele>
      </trkpt>
      <trkpt lat="43.95744886072402" lon="3.2941206693976715">
        <ele>758.0</ele>
      </trkpt>
      <trkpt lat="43.95735038969451" lon="3.2941904068320578">
        <ele>759.0</ele>
      </trkpt>
      <trkpt lat="43.9572094406822" lon="3.294278919729551">
        <ele>760.0</ele>
      </trkpt>
      <trkpt lat="43.957178547703286" lon="3.294391572508176">
        <ele>761.0</ele>
      </trkpt>
      <trkpt lat="43.95711290006984" lon="3.294573962721187">
        <ele>761.0</ele>
      </trkpt>
      <trkpt lat="43.95704339073183" lon="3.2946812510817827">
        <ele>762.0</ele>
      </trkpt>
      <trkpt lat="43.95695457312602" lon="3.294783175024349">
        <ele>763.0</ele>
      </trkpt>
      <trkpt lat="43.956811692351216" lon="3.2949285507856985">
        <ele>764.0</ele>
      </trkpt>
      <trkpt lat="43.95666881123284" lon="3.295062661236443">
        <ele>764.0</ele>
      </trkpt>
      <trkpt lat="43.956514344772465" lon="3.2952396870314264">
        <ele>765.0</ele>
      </trkpt>
      <trkpt lat="43.95639270213796" lon="3.2953979377007805">
        <ele>765.0</ele>
      </trkpt>
      <trkpt lat="43.95627105928304" lon="3.295556187695183">
        <ele>766.0</ele>
      </trkpt>
      <trkpt lat="43.95616679376838" lon="3.295706391400016">
        <ele>766.0</ele>
      </trkpt>
      <trkpt lat="43.95605480467853" lon="3.2958512306868224">
        <ele>767.0</ele>
      </trkpt>
      <trkpt lat="43.95594667708111" lon="3.2960497141539222">
        <ele>767.0</ele>
      </trkpt>
      <trkpt lat="43.955861719545155" lon="3.2962052822767864">
        <ele>767.0</ele>
      </trkpt>
      <trkpt lat="43.95574586816393" lon="3.2963769436537405">
        <ele>767.0</ele>
      </trkpt>
      <trkpt lat="43.955630016556896" lon="3.296457409924189">
        <ele>767.0</ele>
      </trkpt>
      <trkpt lat="43.955487132597156" lon="3.2965861559569025">
        <ele>768.0</ele>
      </trkpt>
      <trkpt lat="43.95532107783389" lon="3.296720266407648">
        <ele>768.0</ele>
      </trkpt>
      <trkpt lat="43.95520908715019" lon="3.296795368260063">
        <ele>768.0</ele>
      </trkpt>
      <trkpt lat="43.95513185207288" lon="3.296918749874748">
        <ele>769.0</ele>
      </trkpt>
      <trkpt lat="43.95501599926878" lon="3.297149419850029">
        <ele>769.0</ele>
      </trkpt>
      <trkpt lat="43.95493490219619" lon="3.2972832622537855">
        <ele>770.0</ele>
      </trkpt>
      <trkpt lat="43.95485380496357" lon="3.297417104276975">
        <ele>770.0</ele>
      </trkpt>
      <trkpt lat="43.954766914975096" lon="3.297604858908016">
        <ele>771.0</ele>
      </trkpt>
      <trkpt lat="43.95466071592777" lon="3.2978623509734453">
        <ele>771.0</ele>
      </trkpt>
      <trkpt lat="43.95454486220514" lon="3.2980688810675933">
        <ele>772.0</ele>
      </trkpt>
      <trkpt lat="43.95447148809293" lon="3.298197627265912">
        <ele>772.0</ele>
      </trkpt>
      <trkpt lat="43.954398113832234" lon="3.2983263731330217">
        <ele>773.0</ele>
      </trkpt>
      <trkpt lat="43.95427067416177" lon="3.2985811829894365">
        <ele>774.0</ele>
      </trkpt>
      <trkpt lat="43.95420309244508" lon="3.298711270280779">
        <ele>774.0</ele>
      </trkpt>
      <trkpt lat="43.95413551057626" lon="3.298841357263882">
        <ele>775.0</ele>
      </trkpt>
      <trkpt lat="43.954054412277365" lon="3.298996925386747">
        <ele>775.0</ele>
      </trkpt>
      <trkpt lat="43.95399262308396" lon="3.29914042372448">
        <ele>776.0</ele>
      </trkpt>
      <trkpt lat="43.95393083370438" lon="3.29928392175134">
        <ele>776.0</ele>
      </trkpt>
      <trkpt lat="43.95384394236642" lon="3.2995682359069174">
        <ele>777.0</ele>
      </trkpt>
      <trkpt lat="43.95379566934594" lon="3.2996996641486467">
        <ele>777.0</ele>
      </trkpt>
      <trkpt lat="43.95369139948792" lon="3.299879372152646">
        <ele>778.0</ele>
      </trkpt>
      <trkpt lat="43.95360064594408" lon="3.300029575857479">
        <ele>778.0</ele>
      </trkpt>
      <trkpt lat="43.953500237606406" lon="3.3002066016524614">
        <ele>778.0</ele>
      </trkpt>
      <trkpt lat="43.95344424057519" lon="3.300321936640104">
        <ele>778.0</ele>
      </trkpt>
      <trkpt lat="43.953382450686405" lon="3.300380945238432">
        <ele>778.0</ele>
      </trkpt>
      <trkpt lat="43.95329555854656" lon="3.3004313707351685">
        <ele>779.0</ele>
      </trkpt>
      <trkpt lat="43.95317584027925" lon="3.30051451921463">
        <ele>779.0</ele>
      </trkpt>
      <trkpt lat="43.95313335954546" lon="3.3005386590957624">
        <ele>779.0</ele>
      </trkpt>
      <trkpt lat="43.953073500278514" lon="3.3005923032760616">
        <ele>779.0</ele>
      </trkpt>
      <trkpt lat="43.9530039862154" lon="3.300648629665372">
        <ele>779.0</ele>
      </trkpt>
      <trkpt lat="43.95293254112142" lon="3.300691545009613">
        <ele>779.0</ele>
      </trkpt>
      <trkpt lat="43.95286302689348" lon="3.3007156848907475">
        <ele>779.0</ele>
      </trkpt>
      <trkpt lat="43.95277999590354" lon="3.3007344603538495">
        <ele>779.0</ele>
      </trkpt>
      <trkpt lat="43.9527220672372" lon="3.300763964653013">
        <ele>779.0</ele>
      </trkpt>
      <trkpt lat="43.95261972645536" lon="3.3008310198783875">
        <ele>779.0</ele>
      </trkpt>
      <trkpt lat="43.952536695125474" lon="3.3009275794029236">
        <ele>779.0</ele>
      </trkpt>
      <trkpt lat="43.95245076721749" lon="3.3010321857120752">
        <ele>779.0</ele>
      </trkpt>
      <trkpt lat="43.952364839213736" lon="3.3011367917060874">
        <ele>779.0</ele>
      </trkpt>
      <trkpt lat="43.952254773930484" lon="3.3012735843658456">
        <ele>778.0</ele>
      </trkpt>
      <trkpt lat="43.95219105183159" lon="3.301348686218262">
        <ele>778.0</ele>
      </trkpt>
      <trkpt lat="43.95208291720383" lon="3.301477432250977">
        <ele>778.0</ele>
      </trkpt>
      <trkpt lat="43.95201340198209" lon="3.3016115427017216">
        <ele>777.0</ele>
      </trkpt>
      <trkpt lat="43.95188981916489" lon="3.3017429709434514">
        <ele>777.0</ele>
      </trkpt>
      <trkpt lat="43.951777821937235" lon="3.301826119586158">
        <ele>776.0</ele>
      </trkpt>
      <trkpt lat="43.951665824653674" lon="3.3019092679023756">
        <ele>775.0</ele>
      </trkpt>
      <trkpt lat="43.951482380244144" lon="3.3020755648612985">
        <ele>774.0</ele>
      </trkpt>
      <trkpt lat="43.95133755531038" lon="3.302260637283326">
        <ele>773.0</ele>
      </trkpt>
      <trkpt lat="43.95120624705216" lon="3.3024336401630023">
        <ele>772.0</ele>
      </trkpt>
      <trkpt lat="43.95107493853023" lon="3.302606642246247">
        <ele>771.0</ele>
      </trkpt>
      <trkpt lat="43.95103921493779" lon="3.3027648926772257">
        <ele>770.0</ele>
      </trkpt>
      <trkpt lat="43.95100349111698" lon="3.302923142910005">
        <ele>769.0</ele>
      </trkpt>
      <trkpt lat="43.95091852651409" lon="3.303011655807495">
        <ele>768.0</ele>
      </trkpt>
      <trkpt lat="43.950841285860534" lon="3.3031302094786956">
        <ele>767.0</ele>
      </trkpt>
      <trkpt lat="43.95075052796426" lon="3.3032589555114114">
        <ele>766.0</ele>
      </trkpt>
      <trkpt lat="43.95066749402293" lon="3.3033528328269335">
        <ele>766.0</ele>
      </trkpt>
      <trkpt lat="43.95057094278249" lon="3.3034467101424525">
        <ele>765.0</ele>
      </trkpt>
      <trkpt lat="43.95047052932605" lon="3.3035781383841845">
        <ele>765.0</ele>
      </trkpt>
      <trkpt lat="43.95035659846808" lon="3.3037417531340902">
        <ele>765.0</ele>
      </trkpt>
      <trkpt lat="43.95023494324302" lon="3.303875863584836">
        <ele>765.0</ele>
      </trkpt>
      <trkpt lat="43.95010170152035" lon="3.3039911985724775">
        <ele>765.0</ele>
      </trkpt>
      <trkpt lat="43.94995494217579" lon="3.3040877580970123">
        <ele>765.0</ele>
      </trkpt>
      <trkpt lat="43.94986032082729" lon="3.3041628599494293">
        <ele>765.0</ele>
      </trkpt>
      <trkpt lat="43.94978307879849" lon="3.304213821920711">
        <ele>765.0</ele>
      </trkpt>
      <trkpt lat="43.949661422399515" lon="3.30424600842889">
        <ele>765.0</ele>
      </trkpt>
      <trkpt lat="43.94956873164272" lon="3.3043264746993364">
        <ele>765.0</ele>
      </trkpt>
      <trkpt lat="43.94941810885457" lon="3.304455220732052">
        <ele>765.0</ele>
      </trkpt>
      <trkpt lat="43.949257830340315" lon="3.304640293154081">
        <ele>765.0</ele>
      </trkpt>
      <trkpt lat="43.94915741466539" lon="3.304726123842556">
        <ele>765.0</ele>
      </trkpt>
      <trkpt lat="43.949048308897886" lon="3.3047945203032443">
        <ele>765.0</ele>
      </trkpt>
      <trkpt lat="43.948939203094575" lon="3.304862916502316">
        <ele>765.0</ele>
      </trkpt>
      <trkpt lat="43.948771198950006" lon="3.304975569280941">
        <ele>765.0</ele>
      </trkpt>
      <trkpt lat="43.94862829849925" lon="3.3051472306578944">
        <ele>765.0</ele>
      </trkpt>
      <trkpt lat="43.94846029347591" lon="3.305326938661892">
        <ele>766.0</ele>
      </trkpt>
      <trkpt lat="43.948333806543545" lon="3.3054422739052494">
        <ele>766.0</ele>
      </trkpt>
      <trkpt lat="43.94820731949888" lon="3.3055576086371725">
        <ele>766.0</ele>
      </trkpt>
      <trkpt lat="43.94809628089937" lon="3.305655509456768">
        <ele>766.0</ele>
      </trkpt>
      <trkpt lat="43.9479852422194" lon="3.3057534098952606">
        <ele>767.0</ele>
      </trkpt>
      <trkpt lat="43.94779985533326" lon="3.3059277534812286">
        <ele>767.0</ele>
      </trkpt>
      <trkpt lat="43.94765888366823" lon="3.306145012411434">
        <ele>768.0</ele>
      </trkpt>
      <trkpt lat="43.947562327540375" lon="3.306327402624447">
        <ele>768.0</ele>
      </trkpt>
      <trkpt lat="43.94744452885202" lon="3.306442737612087">
        <ele>769.0</ele>
      </trkpt>
      <trkpt lat="43.94728038274936" lon="3.306614398989042">
        <ele>770.0</ele>
      </trkpt>
      <trkpt lat="43.94717223918701" lon="3.30676728490289">
        <ele>770.0</ele>
      </trkpt>
      <trkpt lat="43.947081475680164" lon="3.3068853022873044">
        <ele>770.0</ele>
      </trkpt>
      <trkpt lat="43.94699071205069" lon="3.307003319296202">
        <ele>771.0</ele>
      </trkpt>
      <trkpt lat="43.946869049936346" lon="3.30717766288217">
        <ele>771.0</ele>
      </trkpt>
      <trkpt lat="43.9466933153315" lon="3.307362735304198">
        <ele>771.0</ele>
      </trkpt>
      <trkpt lat="43.9465349606272" lon="3.3075531721442526">
        <ele>772.0</ele>
      </trkpt>
      <trkpt lat="43.946534266658226" lon="3.307554105887787">
        <ele>772.0</ele>
      </trkpt>
      <trkpt lat="43.94641136641854" lon="3.307719469103176">
        <ele>772.0</ele>
      </trkpt>
      <trkpt lat="43.94633025759029" lon="3.3078415097868583">
        <ele>772.0</ele>
      </trkpt>
      <trkpt lat="43.94624914862963" lon="3.307963550123531">
        <ele>771.0</ele>
      </trkpt>
      <trkpt lat="43.94616997073858" lon="3.3081057072013205">
        <ele>771.0</ele>
      </trkpt>
      <trkpt lat="43.946081136881624" lon="3.308186173471768">
        <ele>770.0</ele>
      </trkpt>
      <trkpt lat="43.94594209231722" lon="3.3082934618323625">
        <ele>770.0</ele>
      </trkpt>
      <trkpt lat="43.94580111624631" lon="3.308387339147885">
        <ele>769.0</ele>
      </trkpt>
      <trkpt lat="43.94569393551571" lon="3.308469146676528">
        <ele>768.0</ele>
      </trkpt>
      <trkpt lat="43.945586754730634" lon="3.3085509538977935">
        <ele>767.0</ele>
      </trkpt>
      <trkpt lat="43.945426465885014" lon="3.308717250856717">
        <ele>766.0</ele>
      </trkpt>
      <trkpt lat="43.945262314209565" lon="3.3088111281722385">
        <ele>765.0</ele>
      </trkpt>
      <trkpt lat="43.94512326772989" lon="3.308888912233669">
        <ele>764.0</ele>
      </trkpt>
      <trkpt lat="43.944930147079674" lon="3.3089720607131325">
        <ele>763.0</ele>
      </trkpt>
      <trkpt lat="43.94482296477969" lon="3.309055209348803">
        <ele>762.0</ele>
      </trkpt>
      <trkpt lat="43.94471578242324" lon="3.3091383576720554">
        <ele>761.0</ele>
      </trkpt>
      <trkpt lat="43.944588321990786" lon="3.3092134595244724">
        <ele>761.0</ele>
      </trkpt>
      <trkpt lat="43.944499485770194" lon="3.30936634543832">
        <ele>760.0</ele>
      </trkpt>
      <trkpt lat="43.944385543466844" lon="3.3095889687865574">
        <ele>760.0</ele>
      </trkpt>
      <trkpt lat="43.94428898202182" lon="3.3098196387618373">
        <ele>759.0</ele>
      </trkpt>
      <trkpt lat="43.94423104507953" lon="3.3100127578109104">
        <ele>759.0</ele>
      </trkpt>
      <trkpt lat="43.944194351653536" lon="3.310227334532102">
        <ele>759.0</ele>
      </trkpt>
      <trkpt lat="43.94413448338357" lon="3.31040167811807">
        <ele>759.0</ele>
      </trkpt>
      <trkpt lat="43.944055302675864" lon="3.310608208212216">
        <ele>759.0</ele>
      </trkpt>
      <trkpt lat="43.94393556579557" lon="3.3107852340072">
        <ele>759.0</ele>
      </trkpt>
      <trkpt lat="43.943831278633134" lon="3.3109247091309197">
        <ele>759.0</ele>
      </trkpt>
      <trkpt lat="43.943726991299094" lon="3.311064183744747">
        <ele>759.0</ele>
      </trkpt>
      <trkpt lat="43.94362463502853" lon="3.3112385273307163">
        <ele>759.0</ele>
      </trkpt>
      <trkpt lat="43.94354931615086" lon="3.311439693006832">
        <ele>759.0</ele>
      </trkpt>
      <trkpt lat="43.943528072347576" lon="3.3115040660231903">
        <ele>759.0</ele>
      </trkpt>
      <trkpt lat="43.94348558471834" lon="3.31160545349121">
        <ele>759.0</ele>
      </trkpt>
      <trkpt lat="43.94341799070004" lon="3.3117159605353677">
        <ele>759.0</ele>
      </trkpt>
      <trkpt lat="43.943344602821746" lon="3.3118393421500527">
        <ele>760.0</ele>
      </trkpt>
      <trkpt lat="43.94328183688948" lon="3.3120029570799576">
        <ele>760.0</ele>
      </trkpt>
      <trkpt lat="43.94321907071458" lon="3.3121665716498687">
        <ele>760.0</ele>
      </trkpt>
      <trkpt lat="43.943169823566514" lon="3.312351644231646">
        <ele>761.0</ele>
      </trkpt>
      <trkpt lat="43.94312057610646" lon="3.312536716493924">
        <ele>761.0</ele>
      </trkpt>
      <trkpt lat="43.94305684421427" lon="3.3128344416945765">
        <ele>762.0</ele>
      </trkpt>
      <trkpt lat="43.94305201617458" lon="3.3130074441906783">
        <ele>762.0</ele>
      </trkpt>
      <trkpt lat="43.94304718786102" lon="3.313180446657498">
        <ele>763.0</ele>
      </trkpt>
      <trkpt lat="43.943062638379416" lon="3.3134593963195087">
        <ele>763.0</ele>
      </trkpt>
      <trkpt lat="43.94307808818595" lon="3.313738346132596">
        <ele>763.0</ele>
      </trkpt>
      <trkpt lat="43.94309450434104" lon="3.314021319102248">
        <ele>764.0</ele>
      </trkpt>
      <trkpt lat="43.943110919763576" lon="3.314304292234737">
        <ele>764.0</ele>
      </trkpt>
      <trkpt lat="43.94312057633242" lon="3.314526915545295">
        <ele>764.0</ele>
      </trkpt>
      <trkpt lat="43.943130232447814" lon="3.3147495389312107">
        <ele>765.0</ele>
      </trkpt>
      <trkpt lat="43.94312540441835" lon="3.314925223636554">
        <ele>765.0</ele>
      </trkpt>
      <trkpt lat="43.94312057610646" lon="3.315100908312161">
        <ele>765.0</ele>
      </trkpt>
      <trkpt lat="43.94310609179511" lon="3.3153128028781325">
        <ele>766.0</ele>
      </trkpt>
      <trkpt lat="43.94309160707303" lon="3.3155246973365147">
        <ele>766.0</ele>
      </trkpt>
      <trkpt lat="43.943074225962924" lon="3.3157888950049683">
        <ele>766.0</ele>
      </trkpt>
      <trkpt lat="43.94305684421428" lon="3.3160530925124476">
        <ele>767.0</ele>
      </trkpt>
      <trkpt lat="43.94303560056024" lon="3.316321313513808">
        <ele>768.0</ele>
      </trkpt>
      <trkpt lat="43.943014356248156" lon="3.316589534315427">
        <ele>768.0</ele>
      </trkpt>
      <trkpt lat="43.943008562432276" lon="3.316868484052976">
        <ele>769.0</ele>
      </trkpt>
      <trkpt lat="43.94303753150619" lon="3.3170481920569728">
        <ele>769.0</ele>
      </trkpt>
      <trkpt lat="43.943136026251885" lon="3.3172386288970306">
        <ele>770.0</ele>
      </trkpt>
      <trkpt lat="43.94320748317187" lon="3.317382126899603">
        <ele>770.0</ele>
      </trkpt>
      <trkpt lat="43.943278939906435" lon="3.3175256252616245">
        <ele>771.0</ele>
      </trkpt>
      <trkpt lat="43.9433822624219" lon="3.3176825342048386">
        <ele>771.0</ele>
      </trkpt>
      <trkpt lat="43.94348558471837" lon="3.3178394437163665">
        <ele>772.0</ele>
      </trkpt>
      <trkpt lat="43.94356186933061" lon="3.317969530679654">
        <ele>772.0</ele>
      </trkpt>
      <trkpt lat="43.943638153791454" lon="3.3180996179908107">
        <ele>772.0</ele>
      </trkpt>
      <trkpt lat="43.94368450381202" lon="3.318338334593137">
        <ele>772.0</ele>
      </trkpt>
      <trkpt lat="43.94369609145594" lon="3.318516701456401">
        <ele>772.0</ele>
      </trkpt>
      <trkpt lat="43.943707678808806" lon="3.318695068392118">
        <ele>772.0</ele>
      </trkpt>
      <trkpt lat="43.943725060232964" lon="3.3188962340069503">
        <ele>772.0</ele>
      </trkpt>
      <trkpt lat="43.94374244128701" lon="3.319097399744351">
        <ele>772.0</ele>
      </trkpt>
      <trkpt lat="43.943723128801636" lon="3.319395124945005">
        <ele>772.0</ele>
      </trkpt>
      <trkpt lat="43.9436816070423" lon="3.319557398708504">
        <ele>772.0</ele>
      </trkpt>
      <trkpt lat="43.94364008504303" lon="3.3197196722358053">
        <ele>772.0</ele>
      </trkpt>
      <trkpt lat="43.943582147553684" lon="3.319877922728387">
        <ele>772.0</ele>
      </trkpt>
      <trkpt lat="43.94352420983717" lon="3.3200361728995635">
        <ele>771.0</ele>
      </trkpt>
      <trkpt lat="43.94346337531876" lon="3.320174306811118">
        <ele>771.0</ele>
      </trkpt>
      <trkpt lat="43.94340254062793" lon="3.320312440428098">
        <ele>771.0</ele>
      </trkpt>
      <trkpt lat="43.94330404647716" lon="3.320540428587949">
        <ele>771.0</ele>
      </trkpt>
      <trkpt lat="43.94320555185648" lon="3.3207684159606297">
        <ele>770.0</ele>
      </trkpt>
      <trkpt lat="43.943135060715875" lon="3.320944100868167">
        <ele>770.0</ele>
      </trkpt>
      <trkpt lat="43.94306456929578" lon="3.32111978534158">
        <ele>770.0</ele>
      </trkpt>
      <trkpt lat="43.942967040209616" lon="3.3213410679635724">
        <ele>771.0</ele>
      </trkpt>
      <trkpt lat="43.94286951068103" lon="3.3215623498290383">
        <ele>771.0</ele>
      </trkpt>
      <trkpt lat="43.94274687462434" lon="3.321802408051867">
        <ele>772.0</ele>
      </trkpt>
      <trkpt lat="43.94262423804921" lon="3.3220424652427023">
        <ele>772.0</ele>
      </trkpt>
      <trkpt lat="43.94253829588282" lon="3.3222060802390674">
        <ele>773.0</ele>
      </trkpt>
      <trkpt lat="43.942452353475815" lon="3.32236969474252">
        <ele>774.0</ele>
      </trkpt>
      <trkpt lat="43.942354823257276" lon="3.3225145342769142">
        <ele>774.0</ele>
      </trkpt>
      <trkpt lat="43.94225729285237" lon="3.3226593733161276">
        <ele>775.0</ele>
      </trkpt>
      <trkpt lat="43.94214624323122" lon="3.322832376134314">
        <ele>776.0</ele>
      </trkpt>
      <trkpt lat="43.94203519334346" lon="3.323005378279049">
        <ele>777.0</ele>
      </trkpt>
      <trkpt lat="43.94191738370196" lon="3.3232199550002415">
        <ele>778.0</ele>
      </trkpt>
      <trkpt lat="43.941830474800426" lon="3.323482811483701">
        <ele>778.0</ele>
      </trkpt>
      <trkpt lat="43.94177639808643" lon="3.323756396803219">
        <ele>779.0</ele>
      </trkpt>
      <trkpt lat="43.94178026071051" lon="3.323965609106382">
        <ele>779.0</ele>
      </trkpt>
      <trkpt lat="43.94184013135132" lon="3.3241882324546177">
        <ele>779.0</ele>
      </trkpt>
      <trkpt lat="43.9419057958558" lon="3.3244564533561065">
        <ele>779.0</ele>
      </trkpt>
      <trkpt lat="43.94194635330759" lon="3.324665665659269">
        <ele>779.0</ele>
      </trkpt>
      <trkpt lat="43.941942490694316" lon="3.3248319626181915">
        <ele>779.0</ele>
      </trkpt>
      <trkpt lat="43.9418845514652" lon="3.3249982595771144">
        <ele>780.0</ele>
      </trkpt>
      <trkpt lat="43.94173390920524" lon="3.325177967581113">
        <ele>780.0</ele>
      </trkpt>
      <trkpt lat="43.94156202205776" lon="3.3253710866301844">
        <ele>780.0</ele>
      </trkpt>
      <trkpt lat="43.94144807412427" lon="3.325564205679257">
        <ele>779.0</ele>
      </trkpt>
      <trkpt lat="43.94139882545384" lon="3.325713068408078">
        <ele>779.0</ele>
      </trkpt>
      <trkpt lat="43.94134957658205" lon="3.3258619308799107">
        <ele>779.0</ele>
      </trkpt>
      <trkpt lat="43.941308053205745" lon="3.3260496856475945">
        <ele>779.0</ele>
      </trkpt>
      <trkpt lat="43.94126652950787" lon="3.326237440141995">
        <ele>779.0</ele>
      </trkpt>
      <trkpt lat="43.94122404045987" lon="3.3264533581284867">
        <ele>779.0</ele>
      </trkpt>
      <trkpt lat="43.94118155098633" lon="3.326669275793393">
        <ele>779.0</ele>
      </trkpt>
      <trkpt lat="43.941143890165385" lon="3.326859712759153">
        <ele>779.0</ele>
      </trkpt>
      <trkpt lat="43.94110622901345" lon="3.327050149473508">
        <ele>779.0</ele>
      </trkpt>
      <trkpt lat="43.941067602413895" lon="3.327200353280029">
        <ele>779.0</ele>
      </trkpt>
      <trkpt lat="43.94102897560877" lon="3.327350556883175">
        <ele>779.0</ele>
      </trkpt>
      <trkpt lat="43.94096331025277" lon="3.327534288412152">
        <ele>779.0</ele>
      </trkpt>
      <trkpt lat="43.94089764459041" lon="3.3277180195182168">
        <ele>779.0</ele>
      </trkpt>
      <trkpt lat="43.94080204332443" lon="3.327952713200264">
        <ele>779.0</ele>
      </trkpt>
      <trkpt lat="43.94070644155982" lon="3.3281874060958216">
        <ele>779.0</ele>
      </trkpt>
      <trkpt lat="43.94061051821925" lon="3.3284109242652895">
        <ele>779.0</ele>
      </trkpt>
      <trkpt lat="43.94051459442694" lon="3.3286344416831963">
        <ele>779.0</ele>
      </trkpt>
      <trkpt lat="43.940418670182865" lon="3.3288579583495452">
        <ele>779.0</ele>
      </trkpt>
      <trkpt lat="43.940313411359135" lon="3.3291047220341485">
        <ele>779.0</ele>
      </trkpt>
      <trkpt lat="43.94020815198471" lon="3.3293514848082855">
        <ele>779.0</ele>
      </trkpt>
      <trkpt lat="43.9401540737951" lon="3.3295821547835662">
        <ele>779.0</ele>
      </trkpt>
      <trkpt lat="43.940127034681865" lon="3.3298369646399806">
        <ele>779.0</ele>
      </trkpt>
      <trkpt lat="43.940140554240024" lon="3.330083727869352">
        <ele>779.0</ele>
      </trkpt>
      <trkpt lat="43.9401598678892" lon="3.3301910162299464">
        <ele>779.0</ele>
      </trkpt>
      <trkpt lat="43.940192701078395" lon="3.3303219079971313">
        <ele>779.0</ele>
      </trkpt>
      <trkpt lat="43.94013089741308" lon="3.3303353190422054">
        <ele>780.0</ele>
      </trkpt>
      <trkpt lat="43.93998025070968" lon="3.3305311203002934">
        <ele>780.0</ele>
      </trkpt>
      <trkpt lat="43.939912652705914" lon="3.3305847644805913">
        <ele>780.0</ele>
      </trkpt>
      <trkpt lat="43.939756211316684" lon="3.3306357264518733">
        <ele>780.0</ele>
      </trkpt>
      <trkpt lat="43.939574661149955" lon="3.3307796725850425">
        <ele>780.0</ele>
      </trkpt>
      <trkpt lat="43.939393110813064" lon="3.3309236178021715">
        <ele>780.0</ele>
      </trkpt>
      <trkpt lat="43.939211560306" lon="3.3310675621032715">
        <ele>780.0</ele>
      </trkpt>
      <trkpt lat="43.93906670534141" lon="3.331172257905786">
        <ele>779.0</ele>
      </trkpt>
      <trkpt lat="43.93892185028889" lon="3.3312769531767117">
        <ele>779.0</ele>
      </trkpt>
      <trkpt lat="43.93878665179781" lon="3.3313145041029206">
        <ele>779.0</ele>
      </trkpt>
      <trkpt lat="43.93862055037362" lon="3.331400334791397">
        <ele>779.0</ele>
      </trkpt>
      <trkpt lat="43.93844543471948" lon="3.331482589706074">
        <ele>779.0</ele>
      </trkpt>
      <trkpt lat="43.93827031902154" lon="3.331564844115863">
        <ele>778.0</ele>
      </trkpt>
      <trkpt lat="43.9380952032798" lon="3.331647098020767">
        <ele>778.0</ele>
      </trkpt>
      <trkpt lat="43.937983180137294" lon="3.331668555692887">
        <ele>778.0</ele>
      </trkpt>
      <trkpt lat="43.93781707646856" lon="3.3316256403486473">
        <ele>778.0</ele>
      </trkpt>
      <trkpt lat="43.93768187546546" lon="3.3316310047666784">
        <ele>778.0</ele>
      </trkpt>
      <trkpt lat="43.93755826285073" lon="3.3316417336027366">
        <ele>778.0</ele>
      </trkpt>
      <trkpt lat="43.93748100483597" lon="3.331609547094558">
        <ele>778.0</ele>
      </trkpt>
      <trkpt lat="43.937368980536405" lon="3.331534445242142">
        <ele>778.0</ele>
      </trkpt>
      <trkpt lat="43.937245367271146" lon="3.331480801061843">
        <ele>778.0</ele>
      </trkpt>
      <trkpt lat="43.93712754802328" lon="3.3314459322726515">
        <ele>778.0</ele>
      </trkpt>
      <trkpt lat="43.9370097287725" lon="3.3314110636274563">
        <ele>778.0</ele>
      </trkpt>
      <trkpt lat="43.9368822516786" lon="3.3313922881224074">
        <ele>778.0</ele>
      </trkpt>
      <trkpt lat="43.93675477459108" lon="3.3313735127012487">
        <ele>778.0</ele>
      </trkpt>
      <trkpt lat="43.93663309140883" lon="3.3313279150507573">
        <ele>779.0</ele>
      </trkpt>
      <trkpt lat="43.93651140821633" lon="3.331282317594742">
        <ele>779.0</ele>
      </trkpt>
      <trkpt lat="43.93629508171372" lon="3.3312233089964143">
        <ele>779.0</ele>
      </trkpt>
      <trkpt lat="43.93610965837081" lon="3.331201851324295">
        <ele>779.0</ele>
      </trkpt>
      <trkpt lat="43.935928097453925" lon="3.331116020635819">
        <ele>779.0</ele>
      </trkpt>
      <trkpt lat="43.93576971407375" lon="3.331008732275222">
        <ele>779.0</ele>
      </trkpt>
      <trkpt lat="43.93561133027174" lon="3.330896079496597">
        <ele>779.0</ele>
      </trkpt>
      <trkpt lat="43.935449083012706" lon="3.33080488439009">
        <ele>780.0</ele>
      </trkpt>
      <trkpt lat="43.93532160271293" lon="3.3307136892835847">
        <ele>780.0</ele>
      </trkpt>
      <trkpt lat="43.935120724110156" lon="3.3306010365049588">
        <ele>780.0</ele>
      </trkpt>
      <trkpt lat="43.9349468863101" lon="3.330450832800125">
        <ele>780.0</ele>
      </trkpt>
      <trkpt lat="43.93476918492255" lon="3.3303167223493806">
        <ele>780.0</ele>
      </trkpt>
      <trkpt lat="43.934662950079236" lon="3.3302308915011087">
        <ele>780.0</ele>
      </trkpt>
      <trkpt lat="43.9345567151752" lon="3.330145060972426">
        <ele>780.0</ele>
      </trkpt>
      <trkpt lat="43.93441378055441" lon="3.330016314939713">
        <ele>780.0</ele>
      </trkpt>
      <trkpt lat="43.93425539314089" lon="3.329844653562759">
        <ele>780.0</ele>
      </trkpt>
      <trkpt lat="43.93409314218231" lon="3.3297588228742825">
        <ele>780.0</ele>
      </trkpt>
      <trkpt lat="43.9339888377243" lon="3.329646169889739">
        <ele>780.0</ele>
      </trkpt>
      <trkpt lat="43.93388453315658" lon="3.3295335173170315">
        <ele>780.0</ele>
      </trkpt>
      <trkpt lat="43.933749323108195" lon="3.329423546486847">
        <ele>780.0</ele>
      </trkpt>
      <trkpt lat="43.93361411295996" lon="3.32931357617781">
        <ele>780.0</ele>
      </trkpt>
      <trkpt lat="43.93348083388018" lon="3.3292062875666284">
        <ele>780.0</ele>
      </trkpt>
      <trkpt lat="43.933347554705556" lon="3.3290989994566194">
        <ele>780.0</ele>
      </trkpt>
      <trkpt lat="43.933243248899174" lon="3.329037308536513">
        <ele>780.0</ele>
      </trkpt>
      <trkpt lat="43.933138943064385" lon="3.3289756178419343">
        <ele>780.0</ele>
      </trkpt>
      <trkpt lat="43.93298441545097" lon="3.328895151571487">
        <ele>780.0</ele>
      </trkpt>
      <trkpt lat="43.93290715149369" lon="3.3288415073911892">
        <ele>780.0</ele>
      </trkpt>
      <trkpt lat="43.932860793071136" lon="3.3287503122846824">
        <ele>780.0</ele>
      </trkpt>
      <trkpt lat="43.93277966574472" lon="3.3286805748502952">
        <ele>781.0</ele>
      </trkpt>
      <trkpt lat="43.93268308544994" lon="3.328594744161818">
        <ele>781.0</ele>
      </trkpt>
      <trkpt lat="43.932632863634645" lon="3.328487455801223">
        <ele>781.0</ele>
      </trkpt>
      <trkpt lat="43.932567188889124" lon="3.3284499048750145">
        <ele>782.0</ele>
      </trkpt>
      <trkpt lat="43.93248992438981" lon="3.3284874558012243">
        <ele>782.0</ele>
      </trkpt>
      <trkpt lat="43.932350848038034" lon="3.3285518288175813">
        <ele>782.0</ele>
      </trkpt>
      <trkpt lat="43.93223495071291" lon="3.3285545110320434">
        <ele>782.0</ele>
      </trkpt>
      <trkpt lat="43.932119053395674" lon="3.3285571932356106">
        <ele>782.0</ele>
      </trkpt>
      <trkpt lat="43.931925890503585" lon="3.328444540456985">
        <ele>782.0</ele>
      </trkpt>
      <trkpt lat="43.931815787294695" lon="3.328369438459663">
        <ele>783.0</ele>
      </trkpt>
      <trkpt lat="43.93170568404137" lon="3.328294336752151">
        <ele>783.0</ele>
      </trkpt>
      <trkpt lat="43.93157626394828" lon="3.3282272813747027">
        <ele>783.0</ele>
      </trkpt>
      <trkpt lat="43.931446843824" lon="3.328160226301407">
        <ele>783.0</ele>
      </trkpt>
      <trkpt lat="43.93131549151665" lon="3.328085124276121">
        <ele>783.0</ele>
      </trkpt>
      <trkpt lat="43.93118413916791" lon="3.328010022596572">
        <ele>783.0</ele>
      </trkpt>
      <trkpt lat="43.93107789790556" lon="3.3279456494603696">
        <ele>783.0</ele>
      </trkpt>
      <trkpt lat="43.930971656611945" lon="3.3278812765638572">
        <ele>784.0</ele>
      </trkpt>
      <trkpt lat="43.93079008000807" lon="3.3278169035475">
        <ele>784.0</ele>
      </trkpt>
      <trkpt lat="43.93066645294235" lon="3.3277739881102892">
        <ele>784.0</ele>
      </trkpt>
      <trkpt lat="43.93054282586883" lon="3.327731072859023">
        <ele>784.0</ele>
      </trkpt>
      <trkpt lat="43.930421129969105" lon="3.327704250711675">
        <ele>785.0</ele>
      </trkpt>
      <trkpt lat="43.930299434071586" lon="3.327677428678726">
        <ele>785.0</ele>
      </trkpt>
      <trkpt lat="43.93019512299644" lon="3.3276291489164587">
        <ele>785.0</ele>
      </trkpt>
      <trkpt lat="43.93004058773399" lon="3.327559411482071">
        <ele>786.0</ele>
      </trkpt>
      <trkpt lat="43.92989377886279" lon="3.327473580793593">
        <ele>786.0</ele>
      </trkpt>
      <trkpt lat="43.92976628665431" lon="3.327398478941178">
        <ele>786.0</ele>
      </trkpt>
      <trkpt lat="43.92964265758512" lon="3.3273341059248205">
        <ele>786.0</ele>
      </trkpt>
      <trkpt lat="43.929499711153326" lon="3.327252371236681">
        <ele>787.0</ele>
      </trkpt>
      <trkpt lat="43.92939926210386" lon="3.327139718458056">
        <ele>787.0</ele>
      </trkpt>
      <trkpt lat="43.92927563227178" lon="3.3270217012613994">
        <ele>787.0</ele>
      </trkpt>
      <trkpt lat="43.92915972907074" lon="3.326930506154893">
        <ele>787.0</ele>
      </trkpt>
      <trkpt lat="43.92902837183668" lon="3.326882226392625">
        <ele>787.0</ele>
      </trkpt>
      <trkpt lat="43.928866106617505" lon="3.326866133138536">
        <ele>787.0</ele>
      </trkpt>
      <trkpt lat="43.928723158319585" lon="3.3268124889582404">
        <ele>787.0</ele>
      </trkpt>
      <trkpt lat="43.92860918578213" lon="3.326717019081117">
        <ele>787.0</ele>
      </trkpt>
      <trkpt lat="43.928493281282485" lon="3.326529264450074">
        <ele>787.0</ele>
      </trkpt>
      <trkpt lat="43.928367717819675" lon="3.3263334631919874">
        <ele>787.0</ele>
      </trkpt>
      <trkpt lat="43.92822863182835" lon="3.3261698484420785">
        <ele>787.0</ele>
      </trkpt>
      <trkpt lat="43.92806636442743" lon="3.326003551483155">
        <ele>787.0</ele>
      </trkpt>
      <trkpt lat="43.92800068463932" lon="3.325920403003692">
        <ele>787.0</ele>
      </trkpt>
      <trkpt lat="43.92791278950612" lon="3.3258077500515615">
        <ele>787.0</ele>
      </trkpt>
      <trkpt lat="43.927824894261335" lon="3.3256950974464408">
        <ele>787.0</ele>
      </trkpt>
      <trkpt lat="43.92773023768664" lon="3.3255663512001825">
        <ele>787.0</ele>
      </trkpt>
      <trkpt lat="43.92763558096555" lon="3.3254376053810115">
        <ele>787.0</ele>
      </trkpt>
      <trkpt lat="43.92754092409605" lon="3.3253034947078257">
        <ele>787.0</ele>
      </trkpt>
      <trkpt lat="43.92744626706726" lon="3.3251693844795227">
        <ele>788.0</ele>
      </trkpt>
      <trkpt lat="43.92739683350698" lon="3.325099752808959">
        <ele>788.0</ele>
      </trkpt>
      <trkpt lat="43.92731297426717" lon="3.3249816298484802">
        <ele>788.0</ele>
      </trkpt>
      <trkpt lat="43.927142977219205" lon="3.3247965574264526">
        <ele>788.0</ele>
      </trkpt>
      <trkpt lat="43.927040592399074" lon="3.324683904647828">
        <ele>788.0</ele>
      </trkpt>
      <trkpt lat="43.92695172995948" lon="3.324606120586396">
        <ele>789.0</ele>
      </trkpt>
      <trkpt lat="43.92688218534899" lon="3.324560523033142">
        <ele>789.0</ele>
      </trkpt>
      <trkpt lat="43.926791390873966" lon="3.324528336524964">
        <ele>789.0</ele>
      </trkpt>
      <trkpt lat="43.92672764147894" lon="3.3244827389717115">
        <ele>789.0</ele>
      </trkpt>
      <trkpt lat="43.926658096606424" lon="3.324421048164368">
        <ele>790.0</ele>
      </trkpt>
      <trkpt lat="43.92661173331289" lon="3.3243459463119507">
        <ele>790.0</ele>
      </trkpt>
      <trkpt lat="43.926582756236115" lon="3.3242654800415035">
        <ele>790.0</ele>
      </trkpt>
      <trkpt lat="43.92655764275811" lon="3.3242145180702205">
        <ele>790.0</ele>
      </trkpt>
      <trkpt lat="43.926501620345945" lon="3.3241662383079533">
        <ele>790.0</ele>
      </trkpt>
      <trkpt lat="43.92641275710124" lon="3.3241286873817453">
        <ele>791.0</ele>
      </trkpt>
      <trkpt lat="43.92633162097923" lon="3.324112594127655">
        <ele>791.0</ele>
      </trkpt>
      <trkpt lat="43.92626787109144" lon="3.324104547500612">
        <ele>791.0</ele>
      </trkpt>
      <trkpt lat="43.92621571204119" lon="3.3240229915827504">
        <ele>791.0</ele>
      </trkpt>
      <trkpt lat="43.926122984728444" lon="3.32381914369762">
        <ele>792.0</ele>
      </trkpt>
      <trkpt lat="43.926030257271094" lon="3.323631389066576">
        <ele>792.0</ele>
      </trkpt>
      <trkpt lat="43.925972302536984" lon="3.3235241007059826">
        <ele>792.0</ele>
      </trkpt>
      <trkpt lat="43.92594139332232" lon="3.3234372139304464">
        <ele>792.0</ele>
      </trkpt>
      <trkpt lat="43.925887302157975" lon="3.3232601881354653">
        <ele>792.0</ele>
      </trkpt>
      <trkpt lat="43.92586218838637" lon="3.3230938911765424">
        <ele>792.0</ele>
      </trkpt>
      <trkpt lat="43.925871847530594" lon="3.3229249120086015">
        <ele>792.0</ele>
      </trkpt>
      <trkpt lat="43.925862188386354" lon="3.3228149414389936">
        <ele>792.0</ele>
      </trkpt>
      <trkpt lat="43.925823551794004" lon="3.322648644480069">
        <ele>792.0</ele>
      </trkpt>
      <trkpt lat="43.92580036982653" lon="3.3224796653121316">
        <ele>792.0</ele>
      </trkpt>
      <trkpt lat="43.92576946052257" lon="3.32229191068109">
        <ele>792.0</ele>
      </trkpt>
      <trkpt lat="43.92575980136172" lon="3.322130978140195">
        <ele>791.0</ele>
      </trkpt>
      <trkpt lat="43.92575400586453" lon="3.321967363390286">
        <ele>791.0</ele>
      </trkpt>
      <trkpt lat="43.92575014219937" lon="3.321854710611661">
        <ele>791.0</ele>
      </trkpt>
      <trkpt lat="43.925721164702836" lon="3.321750104460081">
        <ele>791.0</ele>
      </trkpt>
      <trkpt lat="43.92565548232516" lon="3.3215972185462315">
        <ele>790.0</ele>
      </trkpt>
      <trkpt lat="43.9255550267837" lon="3.3214014172881443">
        <ele>790.0</ele>
      </trkpt>
      <trkpt lat="43.92545650291483" lon="3.3211492896407435">
        <ele>790.0</ele>
      </trkpt>
      <trkpt lat="43.92539275208918" lon="3.3209025264113734">
        <ele>790.0</ele>
      </trkpt>
      <trkpt lat="43.92536184257338" lon="3.3207791447966875">
        <ele>790.0</ele>
      </trkpt>
      <trkpt lat="43.925344455963646" lon="3.3205752969115556">
        <ele>790.0</ele>
      </trkpt>
      <trkpt lat="43.925305819034975" lon="3.320309758219084">
        <ele>790.0</ele>
      </trkpt>
      <trkpt lat="43.925303887187894" lon="3.320046901735624">
        <ele>789.0</ele>
      </trkpt>
      <trkpt lat="43.92531161457588" lon="3.3198001385062534">
        <ele>789.0</ele>
      </trkpt>
      <trkpt lat="43.92530388718792" lon="3.3195292353957493">
        <ele>789.0</ele>
      </trkpt>
      <trkpt lat="43.925282636865745" lon="3.3193253875106175">
        <ele>789.0</ele>
      </trkpt>
      <trkpt lat="43.925259454687456" lon="3.3191483617156363">
        <ele>789.0</ele>
      </trkpt>
      <trkpt lat="43.92525559099023" lon="3.3189391494124716">
        <ele>789.0</ele>
      </trkpt>
      <trkpt lat="43.92522468140314" lon="3.318711161646206">
        <ele>790.0</ele>
      </trkpt>
      <trkpt lat="43.92518218069469" lon="3.318501949343045">
        <ele>790.0</ele>
      </trkpt>
      <trkpt lat="43.92508558806248" lon="3.3182766437857945">
        <ele>790.0</ele>
      </trkpt>
      <trkpt lat="43.92506820137205" lon="3.31814253333505">
        <ele>790.0</ele>
      </trkpt>
      <trkpt lat="43.92507399693612" lon="3.31797355416711">
        <ele>791.0</ele>
      </trkpt>
      <trkpt lat="43.925081724353966" lon="3.3177589774459184">
        <ele>791.0</ele>
      </trkpt>
      <trkpt lat="43.92507979249962" lon="3.317568540605862">
        <ele>791.0</ele>
      </trkpt>
      <trkpt lat="43.92507592879064" lon="3.3173593283027">
        <ele>791.0</ele>
      </trkpt>
      <trkpt lat="43.925058542213286" lon="3.3171983957127797">
        <ele>791.0</ele>
      </trkpt>
      <trkpt lat="43.92504115539901" lon="3.3170374632209154">
        <ele>792.0</ele>
      </trkpt>
      <trkpt lat="43.92501217755712" lon="3.31679874661859">
        <ele>792.0</ele>
      </trkpt>
      <trkpt lat="43.924974506449765" lon="3.3166364728660773">
        <ele>792.0</ele>
      </trkpt>
      <trkpt lat="43.9249368351022" lon="3.316474199327787">
        <ele>792.0</ele>
      </trkpt>
      <trkpt lat="43.92487308371964" lon="3.316275715860683">
        <ele>792.0</ele>
      </trkpt>
      <trkpt lat="43.92476876312803" lon="3.316104054483732">
        <ele>792.0</ele>
      </trkpt>
      <trkpt lat="43.924652851145076" lon="3.3159216642707174">
        <ele>793.0</ele>
      </trkpt>
      <trkpt lat="43.92458716758779" lon="3.3157607317298234">
        <ele>793.0</ele>
      </trkpt>
      <trkpt lat="43.92448477836859" lon="3.31558907035287">
        <ele>794.0</ele>
      </trkpt>
      <trkpt lat="43.92436500207712" lon="3.31542813781198">
        <ele>794.0</ele>
      </trkpt>
      <trkpt lat="43.92427227187946" lon="3.3152725696891134">
        <ele>795.0</ele>
      </trkpt>
      <trkpt lat="43.924193064721095" lon="3.315031170877774">
        <ele>796.0</ele>
      </trkpt>
      <trkpt lat="43.92411965311434" lon="3.3148085475295375">
        <ele>797.0</ele>
      </trkpt>
      <trkpt lat="43.92402305875687" lon="3.3145671487181985">
        <ele>797.0</ele>
      </trkpt>
      <trkpt lat="43.9239419193754" lon="3.314387440714199">
        <ele>798.0</ele>
      </trkpt>
      <trkpt lat="43.92386464369984" lon="3.314254671188193">
        <ele>799.0</ele>
      </trkpt>
      <trkpt lat="43.92378736786646" lon="3.3141219020217236">
        <ele>799.0</ele>
      </trkpt>
      <trkpt lat="43.92371395578802" lon="3.313993155823404">
        <ele>800.0</ele>
      </trkpt>
      <trkpt lat="43.92364054356105" lon="3.313864409956294">
        <ele>800.0</ele>
      </trkpt>
      <trkpt lat="43.923540084616974" lon="3.3136525154441188">
        <ele>801.0</ele>
      </trkpt>
      <trkpt lat="43.923435761687806" lon="3.313521087202389">
        <ele>801.0</ele>
      </trkpt>
      <trkpt lat="43.92331211946082" lon="3.3133950233786904">
        <ele>801.0</ele>
      </trkpt>
      <trkpt lat="43.92321938762187" lon="3.3133279681533154">
        <ele>801.0</ele>
      </trkpt>
      <trkpt lat="43.92307256191462" lon="3.313271641764005">
        <ele>801.0</ele>
      </trkpt>
      <trkpt lat="43.922904484673396" lon="3.3131858110755266">
        <ele>801.0</ele>
      </trkpt>
      <trkpt lat="43.922786637129065" lon="3.313086569341976">
        <ele>801.0</ele>
      </trkpt>
      <trkpt lat="43.92263594648641" lon="3.3129283190100995">
        <ele>801.0</ele>
      </trkpt>
      <trkpt lat="43.92247366382901" lon="3.3127432465880693">
        <ele>801.0</ele>
      </trkpt>
      <trkpt lat="43.922351951545444" lon="3.312576949629146">
        <ele>801.0</ele>
      </trkpt>
      <trkpt lat="43.92223989874674" lon="3.312464296850521">
        <ele>800.0</ele>
      </trkpt>
      <trkpt lat="43.92208920671926" lon="3.312324821981746">
        <ele>800.0</ele>
      </trkpt>
      <trkpt lat="43.922002268837424" lon="3.3122711778014513">
        <ele>800.0</ele>
      </trkpt>
      <trkpt lat="43.9218689638386" lon="3.312241673502288">
        <ele>800.0</ele>
      </trkpt>
      <trkpt lat="43.92177816171182" lon="3.3121773004859274">
        <ele>799.0</ele>
      </trkpt>
      <trkpt lat="43.92171054301674" lon="3.3120485544532143">
        <ele>799.0</ele>
      </trkpt>
      <trkpt lat="43.92159076113971" lon="3.311892986330351">
        <ele>799.0</ele>
      </trkpt>
      <trkpt lat="43.92149995858839" lon="3.311718642744382">
        <ele>799.0</ele>
      </trkpt>
      <trkpt lat="43.92144199949697" lon="3.3115818499457097">
        <ele>799.0</ele>
      </trkpt>
      <trkpt lat="43.92138404023627" lon="3.311445057424862">
        <ele>799.0</ele>
      </trkpt>
      <trkpt lat="43.9213270470481" lon="3.311288148040808">
        <ele>799.0</ele>
      </trkpt>
      <trkpt lat="43.92127005363648" lon="3.3111312389701215">
        <ele>799.0</ele>
      </trkpt>
      <trkpt lat="43.92119857059944" lon="3.3109019098121264">
        <ele>799.0</ele>
      </trkpt>
      <trkpt lat="43.92112708708401" lon="3.3106725812285736">
        <ele>799.0</ele>
      </trkpt>
      <trkpt lat="43.92107588962669" lon="3.3105036019090575">
        <ele>799.0</ele>
      </trkpt>
      <trkpt lat="43.921026205530254" lon="3.3103396186093224">
        <ele>799.0</ele>
      </trkpt>
      <trkpt lat="43.92102469190956" lon="3.3103346228926966">
        <ele>799.0</ele>
      </trkpt>
      <trkpt lat="43.92091843257996" lon="3.310074448618254">
        <ele>798.0</ele>
      </trkpt>
      <trkpt lat="43.92085564295219" lon="3.309926926960142">
        <ele>798.0</ele>
      </trkpt>
      <trkpt lat="43.920792853127566" lon="3.309779405626614">
        <ele>798.0</ele>
      </trkpt>
      <trkpt lat="43.92072136932093" lon="3.3096131086676914">
        <ele>798.0</ele>
      </trkpt>
      <trkpt lat="43.92063636143903" lon="3.3095138669341395">
        <ele>797.0</ele>
      </trkpt>
      <trkpt lat="43.920499189373515" lon="3.309385120901424">
        <ele>797.0</ele>
      </trkpt>
      <trkpt lat="43.9203040567353" lon="3.3092375994056065">
        <ele>797.0</ele>
      </trkpt>
      <trkpt lat="43.920211320207684" lon="3.3091383576720563">
        <ele>796.0</ele>
      </trkpt>
      <trkpt lat="43.92010892342823" lon="3.309021681370586">
        <ele>796.0</ele>
      </trkpt>
      <trkpt lat="43.920006526530436" lon="3.3089050054877593">
        <ele>795.0</ele>
      </trkpt>
      <trkpt lat="43.91989736730285" lon="3.308792352493683">
        <ele>795.0</ele>
      </trkpt>
      <trkpt lat="43.91978820796618" lon="3.308679699930508">
        <ele>794.0</ele>
      </trkpt>
      <trkpt lat="43.91967228627901" lon="3.308577775987943">
        <ele>793.0</ele>
      </trkpt>
      <trkpt lat="43.91953704402519" lon="3.308508038553554">
        <ele>793.0</ele>
      </trkpt>
      <trkpt lat="43.91939793738626" lon="3.3084892630904523">
        <ele>792.0</ele>
      </trkpt>
      <trkpt lat="43.91929360719364" lon="3.3084999919265097">
        <ele>792.0</ele>
      </trkpt>
      <trkpt lat="43.919142907703524" lon="3.3085482716887777">
        <ele>791.0</ele>
      </trkpt>
      <trkpt lat="43.91894970267065" lon="3.3086099624961203">
        <ele>791.0</ele>
      </trkpt>
      <trkpt lat="43.91887628459368" lon="3.3086770177214935">
        <ele>790.0</ele>
      </trkpt>
      <trkpt lat="43.918808662600554" lon="3.308770895037013">
        <ele>790.0</ele>
      </trkpt>
      <trkpt lat="43.91877581760469" lon="3.3088620901435215">
        <ele>789.0</ele>
      </trkpt>
      <trkpt lat="43.91872751610731" lon="3.308939874204953">
        <ele>789.0</ele>
      </trkpt>
      <trkpt lat="43.918665690133416" lon="3.308996200594268">
        <ele>789.0</ele>
      </trkpt>
      <trkpt lat="43.91861352441798" lon="3.309006929430324">
        <ele>788.0</ele>
      </trkpt>
      <trkpt lat="43.91855942659093" lon="3.308984935283661">
        <ele>788.0</ele>
      </trkpt>
      <trkpt lat="43.91843384245036" lon="3.309233487746119">
        <ele>787.0</ele>
      </trkpt>
      <trkpt lat="43.91830825775365" lon="3.3094820391148305">
        <ele>787.0</ele>
      </trkpt>
      <trkpt lat="43.918182672500826" lon="3.309730589389802">
        <ele>786.0</ele>
      </trkpt>
      <trkpt lat="43.91806133828568" lon="3.3099575062019353">
        <ele>785.0</ele>
      </trkpt>
      <trkpt lat="43.91794000360797" lon="3.310184422049329">
        <ele>784.0</ele>
      </trkpt>
      <trkpt lat="43.91781866846766" lon="3.310411336931986">
        <ele>784.0</ele>
      </trkpt>
      <trkpt lat="43.917697332864776" lon="3.310638250849908">
        <ele>783.0</ele>
      </trkpt>
      <trkpt lat="43.917575996799314" lon="3.310865163803098">
        <ele>782.0</ele>
      </trkpt>
      <trkpt lat="43.9174484782754" lon="3.311087787648695">
        <ele>782.0</ele>
      </trkpt>
      <trkpt lat="43.91732095930749" lon="3.3113104104995736">
        <ele>781.0</ele>
      </trkpt>
      <trkpt lat="43.91724174289434" lon="3.3114311099052425">
        <ele>780.0</ele>
      </trkpt>
      <trkpt lat="43.91712774835877" lon="3.3115571737289433">
        <ele>780.0</ele>
      </trkpt>
      <trkpt lat="43.917000228788645" lon="3.3116751909255986">
        <ele>780.0</ele>
      </trkpt>
      <trkpt lat="43.91683406651448" lon="3.3118039369583157">
        <ele>779.0</ele>
      </trkpt>
      <trkpt lat="43.91664471824165" lon="3.3119058609008785">
        <ele>779.0</ele>
      </trkpt>
      <trkpt lat="43.916443776557756" lon="3.3119514584541334">
        <ele>779.0</ele>
      </trkpt>
      <trkpt lat="43.916268917832376" lon="3.311946094019671">
        <ele>778.0</ele>
      </trkpt>
      <trkpt lat="43.916094059124966" lon="3.3119407296180734">
        <ele>778.0</ele>
      </trkpt>
      <trkpt lat="43.91595591035194" lon="3.3119045197087345">
        <ele>778.0</ele>
      </trkpt>
      <trkpt lat="43.91581776157831" lon="3.31186830997467">
        <ele>777.0</ele>
      </trkpt>
      <trkpt lat="43.91561005418456" lon="3.3117958900677444">
        <ele>777.0</ele>
      </trkpt>
      <trkpt lat="43.91540234676859" lon="3.3117234706878675">
        <ele>776.0</ele>
      </trkpt>
      <trkpt lat="43.91518594310847" lon="3.3116430041123586">
        <ele>775.0</ele>
      </trkpt>
      <trkpt lat="43.91496953941703" lon="3.3115625381469735">
        <ele>775.0</ele>
      </trkpt>
      <trkpt lat="43.91479113376369" lon="3.3114985000064485">
        <ele>774.0</ele>
      </trkpt>
      <trkpt lat="43.914612728091804" lon="3.311434462266218">
        <ele>773.0</ele>
      </trkpt>
      <trkpt lat="43.91443432240141" lon="3.3113704249262823">
        <ele>772.0</ele>
      </trkpt>
      <trkpt lat="43.91423530514148" lon="3.31129532281202">
        <ele>772.0</ele>
      </trkpt>
      <trkpt lat="43.914036287853584" lon="3.311220221221447">
        <ele>772.0</ele>
      </trkpt>
      <trkpt lat="43.91388171061288" lon="3.311160206794739">
        <ele>771.0</ele>
      </trkpt>
      <trkpt lat="43.91386238842948" lon="3.311309320852161">
        <ele>771.0</ele>
      </trkpt>
      <trkpt lat="43.91395513485235" lon="3.3113307785242805">
        <ele>771.0</ele>
      </trkpt>
      <trkpt lat="43.91409038979343" lon="3.3113844227045774">
        <ele>771.0</ele>
      </trkpt>
      <trkpt lat="43.91416381377557" lon="3.311539990827442">
        <ele>771.0</ele>
      </trkpt>
      <trkpt lat="43.914237237667095" lon="3.3117384742945424">
        <ele>771.0</ele>
      </trkpt>
      <trkpt lat="43.914289407427894" lon="3.3119637796458776">
        <ele>771.0</ele>
      </trkpt>
      <trkpt lat="43.91434157672558" lon="3.3121890854090457">
        <ele>772.0</ele>
      </trkpt>
      <trkpt lat="43.914387949926095" lon="3.3124707171268124">
        <ele>772.0</ele>
      </trkpt>
      <trkpt lat="43.914434322401746" lon="3.312752349302172">
        <ele>772.0</ele>
      </trkpt>
      <trkpt lat="43.91446330557384" lon="3.312953514876148">
        <ele>772.0</ele>
      </trkpt>
      <trkpt lat="43.91449228837597" lon="3.3131546806544065">
        <ele>772.0</ele>
      </trkpt>
      <trkpt lat="43.91450967834477" lon="3.313358528477437">
        <ele>772.0</ele>
      </trkpt>
      <trkpt lat="43.91452706793337" lon="3.3135623764246716">
        <ele>772.0</ele>
      </trkpt>
      <trkpt lat="43.91453479683918" lon="3.3137233089437736">
        <ele>773.0</ele>
      </trkpt>
      <trkpt lat="43.914542525507926" lon="3.3138842415064573">
        <ele>773.0</ele>
      </trkpt>
      <trkpt lat="43.9145232035391" lon="3.3141900133341564">
        <ele>773.0</ele>
      </trkpt>
      <trkpt lat="43.91451450878622" lon="3.3143622195610454">
        <ele>773.0</ele>
      </trkpt>
      <trkpt lat="43.91450581376189" lon="3.314534425735473">
        <ele>774.0</ele>
      </trkpt>
      <trkpt lat="43.91440727159455" lon="3.3147409558296204">
        <ele>774.0</ele>
      </trkpt>
      <trkpt lat="43.914320322519174" lon="3.3148865916190635">
        <ele>774.0</ele>
      </trkpt>
      <trkpt lat="43.91423337325412" lon="3.3150322269648314">
        <ele>775.0</ele>
      </trkpt>
      <trkpt lat="43.91409038985922" lon="3.3152628975179126">
        <ele>775.0</ele>
      </trkpt>
      <trkpt lat="43.9139474059894" lon="3.3154935669153933">
        <ele>776.0</ele>
      </trkpt>
      <trkpt lat="43.91383147293679" lon="3.315662546426525">
        <ele>776.0</ele>
      </trkpt>
      <trkpt lat="43.91371568748384" lon="3.3158313097484817">
        <ele>777.0</ele>
      </trkpt>
      <trkpt lat="43.91371553963083" lon="3.3158315252512702">
        <ele>777.0</ele>
      </trkpt>
      <trkpt lat="43.91358801274615" lon="3.3160058692267356">
        <ele>777.0</ele>
      </trkpt>
      <trkpt lat="43.91346048559293" lon="3.316180212423205">
        <ele>777.0</ele>
      </trkpt>
      <trkpt lat="43.91338706076581" lon="3.3163035941965946">
        <ele>777.0</ele>
      </trkpt>
      <trkpt lat="43.91331363580255" lon="3.316426975652575">
        <ele>777.0</ele>
      </trkpt>
      <trkpt lat="43.913205430461964" lon="3.316512806341052">
        <ele>777.0</ele>
      </trkpt>
      <trkpt lat="43.91300945668564" lon="3.316517762734725">
        <ele>777.0</ele>
      </trkpt>
      <trkpt lat="43.912962603117556" lon="3.3164167128812396">
        <ele>777.0</ele>
      </trkpt>
      <trkpt lat="43.91290578893966" lon="3.316301774083653">
        <ele>777.0</ele>
      </trkpt>
      <trkpt lat="43.91285600921214" lon="3.316224423645678">
        <ele>777.0</ele>
      </trkpt>
      <trkpt lat="43.91281915023508" lon="3.316125405926425">
        <ele>777.0</ele>
      </trkpt>
      <trkpt lat="43.912770787602604" lon="3.3160520161441145">
        <ele>777.0</ele>
      </trkpt>
      <trkpt lat="43.91273670574418" lon="3.3159806818043314">
        <ele>777.0</ele>
      </trkpt>
      <trkpt lat="43.91271406450243" lon="3.3159054583308953">
        <ele>777.0</ele>
      </trkpt>
      <trkpt lat="43.91261802660867" lon="3.3157280087471017">
        <ele>777.0</ele>
      </trkpt>
      <trkpt lat="43.91264701048729" lon="3.315693140029907">
        <ele>777.0</ele>
      </trkpt>
      <trkpt lat="43.91265087500342" lon="3.315559029579164">
        <ele>777.0</ele>
      </trkpt>
      <trkpt lat="43.912666333065296" lon="3.3154034614562993">
        <ele>778.0</ele>
      </trkpt>
      <trkpt lat="43.912652807261345" lon="3.315298855304718">
        <ele>778.0</ele>
      </trkpt>
      <trkpt lat="43.91262189112655" lon="3.315196931362154">
        <ele>778.0</ele>
      </trkpt>
      <trkpt lat="43.91257551689422" lon="3.3150252699852">
        <ele>779.0</ele>
      </trkpt>
      <trkpt lat="43.912548465241976" lon="3.3149448037147513">
        <ele>779.0</ele>
      </trkpt>
      <trkpt lat="43.91256199106968" lon="3.3148509263992323">
        <ele>779.0</ele>
      </trkpt>
      <trkpt lat="43.912616094349495" lon="3.3147007226943974">
        <ele>780.0</ele>
      </trkpt>
      <trkpt lat="43.912637349195975" lon="3.314622938632966">
        <ele>780.0</ele>
      </trkpt>
      <trkpt lat="43.912637349195975" lon="3.3145827054977413">
        <ele>780.0</ele>
      </trkpt>
      <trkpt lat="43.91262382338546" lon="3.314521014690401">
        <ele>780.0</ele>
      </trkpt>
      <trkpt lat="43.91263928145436" lon="3.3144378662109375">
        <ele>779.0</ele>
      </trkpt>
      <trkpt lat="43.9126779266091" lon="3.314338624477386">
        <ele>779.0</ele>
      </trkpt>
      <trkpt lat="43.91275908135232" lon="3.314223289489747">
        <ele>778.0</ele>
      </trkpt>
      <trkpt lat="43.9128305747249" lon="3.31410527229309">
        <ele>778.0</ele>
      </trkpt>
      <trkpt lat="43.91290593251114" lon="3.3139765262603764">
        <ele>777.0</ele>
      </trkpt>
      <trkpt lat="43.9129851546963" lon="3.3137512207031254">
        <ele>776.0</ele>
      </trkpt>
      <trkpt lat="43.91304891881758" lon="3.3135151863098145">
        <ele>776.0</ele>
      </trkpt>
      <trkpt lat="43.91308659770691" lon="3.313343525046171">
        <ele>775.0</ele>
      </trkpt>
      <trkpt lat="43.913124276327316" lon="3.3131718635559095">
        <ele>774.0</ele>
      </trkpt>
      <trkpt lat="43.913168717994246" lon="3.3130095900368453">
        <ele>773.0</ele>
      </trkpt>
      <trkpt lat="43.91321306025011" lon="3.3128476783807557">
        <ele>773.0</ele>
      </trkpt>
      <trkpt lat="43.91321315942126" lon="3.312847316265106">
        <ele>772.0</ele>
      </trkpt>
      <trkpt lat="43.913259533250745" lon="3.3126904071652072">
        <ele>771.0</ele>
      </trkpt>
      <trkpt lat="43.913305906856095" lon="3.3125334978103633">
        <ele>771.0</ele>
      </trkpt>
      <trkpt lat="43.913344551679565" lon="3.3123752475856207">
        <ele>771.0</ele>
      </trkpt>
      <trkpt lat="43.913383196274644" lon="3.312216997146607">
        <ele>770.0</ele>
      </trkpt>
      <trkpt lat="43.913441163272694" lon="3.3119997382164">
        <ele>770.0</ele>
      </trkpt>
      <trkpt lat="43.91355323264217" lon="3.3118361234664935">
        <ele>770.0</ele>
      </trkpt>
      <trkpt lat="43.913616996154786" lon="3.3117502927780142">
        <ele>770.0</ele>
      </trkpt>
      <trkpt lat="43.91372906519314" lon="3.311629593372346">
        <ele>770.0</ele>
      </trkpt>
      <trkpt lat="43.913773506305056" lon="3.31152766942978">
        <ele>769.0</ele>
      </trkpt>
      <trkpt lat="43.913823744043846" lon="3.3113962411880493">
        <ele>769.0</ele>
      </trkpt>
      <trkpt lat="43.91386238842948" lon="3.311309320852161">
        <ele>769.0</ele>
      </trkpt>
      <trkpt lat="43.91388171061288" lon="3.311160206794739">
        <ele>770.0</ele>
      </trkpt>
      <trkpt lat="43.913902965007246" lon="3.31101268529892">
        <ele>770.0</ele>
      </trkpt>
      <trkpt lat="43.91394064353526" lon="3.3107506252692396">
        <ele>770.0</ele>
      </trkpt>
      <trkpt lat="43.91397832143541" lon="3.310488564893604">
        <ele>770.0</ele>
      </trkpt>
      <trkpt lat="43.91401116937353" lon="3.3102310729763462">
        <ele>770.0</ele>
      </trkpt>
      <trkpt lat="43.91404401670531" lon="3.3099735807627444">
        <ele>771.0</ele>
      </trkpt>
      <trkpt lat="43.91407106789276" lon="3.309753639727753">
        <ele>771.0</ele>
      </trkpt>
      <trkpt lat="43.9140981186378" lon="3.309533698484303">
        <ele>771.0</ele>
      </trkpt>
      <trkpt lat="43.91412323748463" lon="3.3093754482220596">
        <ele>771.0</ele>
      </trkpt>
      <trkpt lat="43.91414835610255" lon="3.309217197820542">
        <ele>771.0</ele>
      </trkpt>
      <trkpt lat="43.91417154261053" lon="3.309073448181152">
        <ele>771.0</ele>
      </trkpt>
      <trkpt lat="43.914214051184715" lon="3.3089382480829954">
        <ele>771.0</ele>
      </trkpt>
      <trkpt lat="43.91428071233836" lon="3.3088060237148778">
        <ele>771.0</ele>
      </trkpt>
      <trkpt lat="43.91434737333459" lon="3.3086737990379333">
        <ele>771.0</ele>
      </trkpt>
      <trkpt lat="43.91446137319663" lon="3.308503730222581">
        <ele>771.0</ele>
      </trkpt>
      <trkpt lat="43.91456957625362" lon="3.3083267044275986">
        <ele>771.0</ele>
      </trkpt>
      <trkpt lat="43.91469710103245" lon="3.3081550430506454">
        <ele>771.0</ele>
      </trkpt>
      <trkpt lat="43.91476665988761" lon="3.3080209325999044">
        <ele>771.0</ele>
      </trkpt>
      <trkpt lat="43.91479371053148" lon="3.307774169370532">
        <ele>772.0</ele>
      </trkpt>
      <trkpt lat="43.914809168272626" lon="3.3075461816660057">
        <ele>772.0</ele>
      </trkpt>
      <trkpt lat="43.91482462553805" lon="3.307318193838">
        <ele>772.0</ele>
      </trkpt>
      <trkpt lat="43.91483235462928" lon="3.307044608555523">
        <ele>772.0</ele>
      </trkpt>
      <trkpt lat="43.91484008303531" lon="3.30677102319896">
        <ele>772.0</ele>
      </trkpt>
      <trkpt lat="43.91483235428718" lon="3.3064652513712636">
        <ele>772.0</ele>
      </trkpt>
      <trkpt lat="43.91483815098722" lon="3.306290907803">
        <ele>773.0</ele>
      </trkpt>
      <trkpt lat="43.914843947409025" lon="3.306116564199328">
        <ele>773.0</ele>
      </trkpt>
      <trkpt lat="43.91487872689384" lon="3.305939538512206">
        <ele>773.0</ele>
      </trkpt>
      <trkpt lat="43.91491350609248" lon="3.305762512609363">
        <ele>773.0</ele>
      </trkpt>
      <trkpt lat="43.914946353400204" lon="3.3055592096649273">
        <ele>774.0</ele>
      </trkpt>
      <trkpt lat="43.914979200330166" lon="3.305355906486512">
        <ele>774.0</ele>
      </trkpt>
      <trkpt lat="43.91502750487029" lon="3.305181562900543">
        <ele>775.0</ele>
      </trkpt>
      <trkpt lat="43.915087402445444" lon="3.305006129667162">
        <ele>775.0</ele>
      </trkpt>
      <trkpt lat="43.915172418367824" lon="3.304810328700698">
        <ele>776.0</ele>
      </trkpt>
      <trkpt lat="43.91525743394356" lon="3.3046145271509864">
        <ele>776.0</ele>
      </trkpt>
      <trkpt lat="43.91532119569079" lon="3.3044696880259763">
        <ele>777.0</ele>
      </trkpt>
      <trkpt lat="43.91538495724839" lon="3.304324848577381">
        <ele>778.0</ele>
      </trkpt>
      <trkpt lat="43.91542166845236" lon="3.3042079210281385">
        <ele>779.0</ele>
      </trkpt>
      <trkpt lat="43.915439057961805" lon="3.304067356511951">
        <ele>780.0</ele>
      </trkpt>
      <trkpt lat="43.91544002418604" lon="3.303892216648147">
        <ele>781.0</ele>
      </trkpt>
      <trkpt lat="43.91544099012945" lon="3.3037170767784128">
        <ele>781.0</ele>
      </trkpt>
      <trkpt lat="43.91542456687269" lon="3.303523957673775">
        <ele>782.0</ele>
      </trkpt>
      <trkpt lat="43.91540814327464" lon="3.3033308386802673">
        <ele>783.0</ele>
      </trkpt>
      <trkpt lat="43.915386889417775" lon="3.3031055331230164">
        <ele>784.0</ele>
      </trkpt>
      <trkpt lat="43.91535983904331" lon="3.303001932799815">
        <ele>785.0</ele>
      </trkpt>
      <trkpt lat="43.91532505997259" lon="3.3028705045580855">
        <ele>786.0</ele>
      </trkpt>
      <trkpt lat="43.91524777307604" lon="3.302688114345073">
        <ele>787.0</ele>
      </trkpt>
      <trkpt lat="43.91517821484081" lon="3.302540592669485">
        <ele>787.0</ele>
      </trkpt>
      <trkpt lat="43.91510865640925" lon="3.3023930713534346">
        <ele>788.0</ele>
      </trkpt>
      <trkpt lat="43.91498113251232" lon="3.3021436259150514">
        <ele>788.0</ele>
      </trkpt>
      <trkpt lat="43.91495214977056" lon="3.302088975906372">
        <ele>788.0</ele>
      </trkpt>
      <trkpt lat="43.91498499687706" lon="3.3020326495170598">
        <ele>788.0</ele>
      </trkpt>
      <trkpt lat="43.91500625087749" lon="3.301957547664643">
        <ele>788.0</ele>
      </trkpt>
      <trkpt lat="43.91500626395226" lon="3.301957357090172">
        <ele>788.0</ele>
      </trkpt>
      <trkpt lat="43.91501397960302" lon="3.3018448948860177">
        <ele>788.0</ele>
      </trkpt>
      <trkpt lat="43.91501011524037" lon="3.301742970943451">
        <ele>787.0</ele>
      </trkpt>
      <trkpt lat="43.915002386514345" lon="3.3016169071197505">
        <ele>787.0</ele>
      </trkpt>
      <trkpt lat="43.914990793423385" lon="3.301490843296052">
        <ele>787.0</ele>
      </trkpt>
      <trkpt lat="43.914975335965245" lon="3.301402330398561">
        <ele>786.0</ele>
      </trkpt>
      <trkpt lat="43.9149676072347" lon="3.301319181919098">
        <ele>786.0</ele>
      </trkpt>
      <trkpt lat="43.914975335965245" lon="3.301244080066682">
        <ele>785.0</ele>
      </trkpt>
      <trkpt lat="43.91500625087748" lon="3.301185071468353">
        <ele>785.0</ele>
      </trkpt>
      <trkpt lat="43.91503330141248" lon="3.301131427288056">
        <ele>784.0</ele>
      </trkpt>
      <trkpt lat="43.91501977614651" lon="3.3010455965995793">
        <ele>784.0</ele>
      </trkpt>
      <trkpt lat="43.91496760723451" lon="3.300913078710436">
        <ele>783.0</ele>
      </trkpt>
      <trkpt lat="43.914867133645835" lon="3.3006824087351556">
        <ele>782.0</ele>
      </trkpt>
      <trkpt lat="43.91484008313972" lon="3.300526840538568">
        <ele>782.0</ele>
      </trkpt>
      <trkpt lat="43.91481303241248" lon="3.300371272489427">
        <ele>781.0</ele>
      </trkpt>
      <trkpt lat="43.914820761163114" lon="3.3000815939158183">
        <ele>781.0</ele>
      </trkpt>
      <trkpt lat="43.91479757490821" lon="3.2998187374323606">
        <ele>780.0</ele>
      </trkpt>
      <trkpt lat="43.914724151708015" lon="3.2996846269816156">
        <ele>780.0</ele>
      </trkpt>
      <trkpt lat="43.91463527087075" lon="3.2995773386210203">
        <ele>779.0</ele>
      </trkpt>
      <trkpt lat="43.91457730503587" lon="3.2994324993342157">
        <ele>779.0</ele>
      </trkpt>
      <trkpt lat="43.91455025429358" lon="3.299191100522875">
        <ele>779.0</ele>
      </trkpt>
      <trkpt lat="43.914480695185496" lon="3.2989872526377435">
        <ele>779.0</ele>
      </trkpt>
      <trkpt lat="43.91440727159438" lon="3.2987404894083734">
        <ele>779.0</ele>
      </trkpt>
      <trkpt lat="43.91434157672549" lon="3.298525912687183">
        <ele>780.0</ele>
      </trkpt>
      <trkpt lat="43.91435703434823" lon="3.298225505277516">
        <ele>780.0</ele>
      </trkpt>
      <trkpt lat="43.914374424314204" lon="3.2980457973282653">
        <ele>781.0</ele>
      </trkpt>
      <trkpt lat="43.914391813984714" lon="3.2978660892695197">
        <ele>782.0</ele>
      </trkpt>
      <trkpt lat="43.914438186879" lon="3.297721250100381">
        <ele>783.0</ele>
      </trkpt>
      <trkpt lat="43.91448455958252" lon="3.2975764106959105">
        <ele>783.0</ele>
      </trkpt>
      <trkpt lat="43.91459276259734" lon="3.2973725628107786">
        <ele>784.0</ele>
      </trkpt>
      <trkpt lat="43.91467005034464" lon="3.297222359105944">
        <ele>785.0</ele>
      </trkpt>
      <trkpt lat="43.91473960923136" lon="3.297082884237173">
        <ele>786.0</ele>
      </trkpt>
      <trkpt lat="43.91480530366082" lon="3.296852214261889">
        <ele>787.0</ele>
      </trkpt>
      <trkpt lat="43.9148536084288" lon="3.2966993284774193">
        <ele>787.0</ele>
      </trkpt>
      <trkpt lat="43.91490191298419" lon="3.296546442434191">
        <ele>788.0</ele>
      </trkpt>
      <trkpt lat="43.91493669240244" lon="3.2963908744061152">
        <ele>788.0</ele>
      </trkpt>
      <trkpt lat="43.91497147159988" lon="3.296235306188465">
        <ele>788.0</ele>
      </trkpt>
      <trkpt lat="43.91501397974843" lon="3.2960475516972405">
        <ele>789.0</ele>
      </trkpt>
      <trkpt lat="43.91505648757536" lon="3.2958597969263783">
        <ele>789.0</ele>
      </trkpt>
      <trkpt lat="43.91508740254036" lon="3.295709593302895">
        <ele>790.0</ele>
      </trkpt>
      <trkpt lat="43.915118317299374" lon="3.2955593895167112">
        <ele>790.0</ele>
      </trkpt>
      <trkpt lat="43.91516468968379" lon="3.2953769994518707">
        <ele>790.0</ele>
      </trkpt>
      <trkpt lat="43.91521106176495" lon="3.2951946090906863">
        <ele>790.0</ele>
      </trkpt>
      <trkpt lat="43.91524197665337" lon="3.2950417232596383">
        <ele>790.0</ele>
      </trkpt>
      <trkpt lat="43.91527289132837" lon="3.2948888372629868">
        <ele>791.0</ele>
      </trkpt>
      <trkpt lat="43.91532312792286" lon="3.294711811623803">
        <ele>791.0</ele>
      </trkpt>
      <trkpt lat="43.91537336423194" lon="3.294534785673021">
        <ele>791.0</ele>
      </trkpt>
      <trkpt lat="43.91541973637235" lon="3.294381899883377">
        <ele>791.0</ele>
      </trkpt>
      <trkpt lat="43.91546610830006" lon="3.2942290138453263">
        <ele>791.0</ele>
      </trkpt>
      <trkpt lat="43.91551441255536" lon="3.2940600348203852">
        <ele>791.0</ele>
      </trkpt>
      <trkpt lat="43.91556271655064" lon="3.293891055509448">
        <ele>791.0</ele>
      </trkpt>
      <trkpt lat="43.91560715645154" lon="3.2936952544038016">
        <ele>791.0</ele>
      </trkpt>
      <trkpt lat="43.915651596002654" lon="3.293499452993275">
        <ele>791.0</ele>
      </trkpt>
      <trkpt lat="43.91569796791173" lon="3.2933572960309725">
        <ele>791.0</ele>
      </trkpt>
      <trkpt lat="43.91574433963708" lon="3.293215138837696">
        <ele>790.0</ele>
      </trkpt>
      <trkpt lat="43.91579457571207" lon="3.292995197698475">
        <ele>790.0</ele>
      </trkpt>
      <trkpt lat="43.91584481174461" lon="3.292802078649403">
        <ele>790.0</ele>
      </trkpt>
      <trkpt lat="43.91587959051159" lon="3.2925928663462414">
        <ele>790.0</ele>
      </trkpt>
      <trkpt lat="43.915925962316486" lon="3.2924024296608927">
        <ele>790.0</ele>
      </trkpt>
      <trkpt lat="43.91597233379069" lon="3.2922119926661244">
        <ele>790.0</ele>
      </trkpt>
      <trkpt lat="43.91601290905898" lon="3.29203496699698">
        <ele>790.0</ele>
      </trkpt>
      <trkpt lat="43.91605348404137" lon="3.2918579410761595">
        <ele>790.0</ele>
      </trkpt>
      <trkpt lat="43.916092126978974" lon="3.291584355756641">
        <ele>790.0</ele>
      </trkpt>
      <trkpt lat="43.91609599127134" lon="3.291364414617418">
        <ele>790.0</ele>
      </trkpt>
      <trkpt lat="43.916115312729445" lon="3.2910640072077504">
        <ele>789.0</ele>
      </trkpt>
      <trkpt lat="43.91618100564022" lon="3.2908118795603514">
        <ele>789.0</ele>
      </trkpt>
      <trkpt lat="43.916258291324716" lon="3.2906133960932484">
        <ele>789.0</ele>
      </trkpt>
      <trkpt lat="43.91633171263199" lon="3.29033981077373">
        <ele>788.0</ele>
      </trkpt>
      <trkpt lat="43.916389676757966" lon="3.290125234052539">
        <ele>788.0</ele>
      </trkpt>
      <trkpt lat="43.916443776632086" lon="3.2899777126965404">
        <ele>787.0</ele>
      </trkpt>
      <trkpt lat="43.91649787630874" lon="3.289830191060902">
        <ele>786.0</ele>
      </trkpt>
      <trkpt lat="43.91658289010345" lon="3.289610249921679">
        <ele>785.0</ele>
      </trkpt>
      <trkpt lat="43.91665244675428" lon="3.2894332241266966">
        <ele>785.0</ele>
      </trkpt>
      <trkpt lat="43.916698817809625" lon="3.289170367643239">
        <ele>784.0</ele>
      </trkpt>
      <trkpt lat="43.91677610282155" lon="3.2889504265040146">
        <ele>783.0</ele>
      </trkpt>
      <trkpt lat="43.91686884470341" lon="3.288741214200853">
        <ele>782.0</ele>
      </trkpt>
      <trkpt lat="43.91699250032104" lon="3.2885749172419327">
        <ele>782.0</ele>
      </trkpt>
      <trkpt lat="43.91715479792916" lon="3.288451535627246">
        <ele>781.0</ele>
      </trkpt>
      <trkpt lat="43.91729004559781" lon="3.2883174251765">
        <ele>781.0</ele>
      </trkpt>
      <trkpt lat="43.917390515095526" lon="3.2881564926356064">
        <ele>780.0</ele>
      </trkpt>
      <trkpt lat="43.91743302137042" lon="3.287872178480029">
        <ele>780.0</ele>
      </trkpt>
      <trkpt lat="43.917436885723404" lon="3.2876924704881976">
        <ele>780.0</ele>
      </trkpt>
      <trkpt lat="43.91744074978076" lon="3.2875127624720326">
        <ele>780.0</ele>
      </trkpt>
      <trkpt lat="43.91745620659847" lon="3.2872606348246345">
        <ele>781.0</ele>
      </trkpt>
      <trkpt lat="43.91746779933864" lon="3.2870916556910155">
        <ele>781.0</ele>
      </trkpt>
      <trkpt lat="43.917479391817444" lon="3.286922676488756">
        <ele>781.0</ele>
      </trkpt>
      <trkpt lat="43.917479391817444" lon="3.286713464185596">
        <ele>781.0</ele>
      </trkpt>
      <trkpt lat="43.91747552761491" lon="3.2864506077021374">
        <ele>782.0</ele>
      </trkpt>
      <trkpt lat="43.91744461398561" lon="3.2861609291285263">
        <ele>782.0</ele>
      </trkpt>
      <trkpt lat="43.91743881779654" lon="3.285999996571291">
        <ele>782.0</ele>
      </trkpt>
      <trkpt lat="43.917433021370385" lon="3.285839064046741">
        <ele>783.0</ele>
      </trkpt>
      <trkpt lat="43.91742529295904" lon="3.2855601143091904">
        <ele>783.0</ele>
      </trkpt>
      <trkpt lat="43.917446546231766" lon="3.285380406372107">
        <ele>783.0</ele>
      </trkpt>
      <trkpt lat="43.91746779920912" lon="3.285200698301196">
        <ele>783.0</ele>
      </trkpt>
      <trkpt lat="43.917502577027435" lon="3.284905655309557">
        <ele>783.0</ele>
      </trkpt>
      <trkpt lat="43.91751030542879" lon="3.284653527662158">
        <ele>783.0</ele>
      </trkpt>
      <trkpt lat="43.917492916717" lon="3.2844469975050927">
        <ele>783.0</ele>
      </trkpt>
      <trkpt lat="43.917475527614926" lon="3.284240467473866">
        <ele>784.0</ele>
      </trkpt>
      <trkpt lat="43.9174697314717" lon="3.284052712823756">
        <ele>784.0</ele>
      </trkpt>
      <trkpt lat="43.91746393500576" lon="3.283864958211779">
        <ele>784.0</ele>
      </trkpt>
      <trkpt lat="43.91745041044748" lon="3.2836798857458986">
        <ele>785.0</ele>
      </trkpt>
      <trkpt lat="43.91743688557574" lon="3.283494813367724">
        <ele>785.0</ele>
      </trkpt>
      <trkpt lat="43.91741176840676" lon="3.283299012023475">
        <ele>785.0</ele>
      </trkpt>
      <trkpt lat="43.9173866508872" lon="3.2831032108515505">
        <ele>786.0</ele>
      </trkpt>
      <trkpt lat="43.917371194167906" lon="3.2829422782670767">
        <ele>786.0</ele>
      </trkpt>
      <trkpt lat="43.91735573721166" lon="3.2827813457697634">
        <ele>786.0</ele>
      </trkpt>
      <trkpt lat="43.91732095930749" lon="3.2825882267206916">
        <ele>787.0</ele>
      </trkpt>
      <trkpt lat="43.91731516312699" lon="3.2824138831170186">
        <ele>787.0</ele>
      </trkpt>
      <trkpt lat="43.91730936666827" lon="3.282239539548754">
        <ele>787.0</ele>
      </trkpt>
      <trkpt lat="43.91729777402676" lon="3.281987411901354">
        <ele>787.0</ele>
      </trkpt>
      <trkpt lat="43.91730163824085" lon="3.281778199598194">
        <ele>787.0</ele>
      </trkpt>
      <trkpt lat="43.917344144579175" lon="3.28157971613109">
        <ele>787.0</ele>
      </trkpt>
      <trkpt lat="43.91742529295904" lon="3.281397325918079">
        <ele>787.0</ele>
      </trkpt>
      <trkpt lat="43.91755281161808" lon="3.281198842450977">
        <ele>786.0</ele>
      </trkpt>
      <trkpt lat="43.91766873743459" lon="3.2809520792216054">
        <ele>786.0</ele>
      </trkpt>
      <trkpt lat="43.917720904085364" lon="3.280783100208105">
        <ele>785.0</ele>
      </trkpt>
      <trkpt lat="43.91777307047636" lon="3.2806141208857285">
        <ele>785.0</ele>
      </trkpt>
      <trkpt lat="43.917823304943255" lon="3.2804478240731636">
        <ele>784.0</ele>
      </trkpt>
      <trkpt lat="43.917873539158485" lon="3.2802815269678844">
        <ele>783.0</ele>
      </trkpt>
      <trkpt lat="43.91791990926223" lon="3.2801259588450185">
        <ele>782.0</ele>
      </trkpt>
      <trkpt lat="43.91798946435009" lon="3.279906017705799">
        <ele>782.0</ele>
      </trkpt>
      <trkpt lat="43.91807834017746" lon="3.2797558140009624">
        <ele>781.0</ele>
      </trkpt>
      <trkpt lat="43.91816721587202" lon="3.2796270679682484">
        <ele>780.0</ele>
      </trkpt>
      <trkpt lat="43.918337238570004" lon="3.279455406591296">
        <ele>779.0</ele>
      </trkpt>
      <trkpt lat="43.918455094854494" lon="3.279353482859187">
        <ele>778.0</ele>
      </trkpt>
      <trkpt lat="43.91857295105215" lon="3.279251558706164">
        <ele>777.0</ele>
      </trkpt>
      <trkpt lat="43.918619320611086" lon="3.2792140077799563">
        <ele>776.0</ele>
      </trkpt>
      <trkpt lat="43.918650233748345" lon="3.279047710911099">
        <ele>775.0</ele>
      </trkpt>
      <trkpt lat="43.918681146633006" lon="3.2788814138621087">
        <ele>775.0</ele>
      </trkpt>
      <trkpt lat="43.91871592374221" lon="3.27860782854259">
        <ele>774.0</ele>
      </trkpt>
      <trkpt lat="43.91872365198591" lon="3.27837179414928">
        <ele>773.0</ele>
      </trkpt>
      <trkpt lat="43.91872365198591" lon="3.278130395337941">
        <ele>772.0</ele>
      </trkpt>
      <trkpt lat="43.91872558419448" lon="3.2779506873400264">
        <ele>771.0</ele>
      </trkpt>
      <trkpt lat="43.918727516107424" lon="3.2777709793299437">
        <ele>771.0</ele>
      </trkpt>
      <trkpt lat="43.91872751610742" lon="3.277561767026783">
        <ele>770.0</ele>
      </trkpt>
      <trkpt lat="43.918727516107424" lon="3.277422292158007">
        <ele>769.0</ele>
      </trkpt>
      <trkpt lat="43.918688874881276" lon="3.2772077154368153">
        <ele>768.0</ele>
      </trkpt>
      <trkpt lat="43.91865023363" lon="3.277046782895923">
        <ele>767.0</ele>
      </trkpt>
      <trkpt lat="43.91857681518354" lon="3.276783926412463">
        <ele>766.0</ele>
      </trkpt>
      <trkpt lat="43.91854976625937" lon="3.27659080736339">
        <ele>766.0</ele>
      </trkpt>
      <trkpt lat="43.91854976625933" lon="3.276306493207812">
        <ele>765.0</ele>
      </trkpt>
      <trkpt lat="43.91853430972573" lon="3.276172382757068">
        <ele>764.0</ele>
      </trkpt>
      <trkpt lat="43.91853817385954" lon="3.2759738992899643">
        <ele>764.0</ele>
      </trkpt>
      <trkpt lat="43.91855749452468" lon="3.2757378648966538">
        <ele>763.0</ele>
      </trkpt>
      <trkpt lat="43.918565222788956" lon="3.2755393814295535">
        <ele>763.0</ele>
      </trkpt>
      <trkpt lat="43.91856135865705" lon="3.2754224538803096">
        <ele>762.0</ele>
      </trkpt>
      <trkpt lat="43.918565222788956" lon="3.27535162679851">
        <ele>762.0</ele>
      </trkpt>
      <trkpt lat="43.918565222788956" lon="3.2751102279871698">
        <ele>762.0</ele>
      </trkpt>
      <trkpt lat="43.918565222788956" lon="3.2748366426676507">
        <ele>762.0</ele>
      </trkpt>
      <trkpt lat="43.91855363039213" lon="3.274552328512073">
        <ele>762.0</ele>
      </trkpt>
      <trkpt lat="43.918526581457435" lon="3.274316294118762">
        <ele>762.0</ele>
      </trkpt>
      <trkpt lat="43.918518853188104" lon="3.274069530889392">
        <ele>762.0</ele>
      </trkpt>
      <trkpt lat="43.918561358656945" lon="3.2738656830042605">
        <ele>761.0</ele>
      </trkpt>
      <trkpt lat="43.918611592353685" lon="3.273624284192919">
        <ele>761.0</ele>
      </trkpt>
      <trkpt lat="43.918630912995" lon="3.2734633516520275">
        <ele>761.0</ele>
      </trkpt>
      <trkpt lat="43.91865796188229" lon="3.2732809614390126">
        <ele>761.0</ele>
      </trkpt>
      <trkpt lat="43.91860386409541" lon="3.2731414865702395">
        <ele>761.0</ele>
      </trkpt>
      <trkpt lat="43.918538173859545" lon="3.273055655881764">
        <ele>761.0</ele>
      </trkpt>
      <trkpt lat="43.91849953251042" lon="3.272964460775256">
        <ele>760.0</ele>
      </trkpt>
      <trkpt lat="43.918495668374106" lon="3.272814257070423">
        <ele>760.0</ele>
      </trkpt>
      <trkpt lat="43.918503396646464" lon="3.2725889515131716">
        <ele>760.0</ele>
      </trkpt>
      <trkpt lat="43.918503396646464" lon="3.272444112226367">
        <ele>759.0</ele>
      </trkpt>
      <trkpt lat="43.91848021182646" lon="3.272320730611681">
        <ele>759.0</ele>
      </trkpt>
      <trkpt lat="43.918487940100775" lon="3.2721919845789667">
        <ele>759.0</ele>
      </trkpt>
      <trkpt lat="43.918545902126304" lon="3.2719720434397455">
        <ele>759.0</ele>
      </trkpt>
      <trkpt lat="43.91863477712252" lon="3.271757466718555">
        <ele>759.0</ele>
      </trkpt>
      <trkpt lat="43.91868501075728" lon="3.2715804409235707">
        <ele>758.0</ele>
      </trkpt>
      <trkpt lat="43.918712059619985" lon="3.2713980507105584">
        <ele>758.0</ele>
      </trkpt>
      <trkpt lat="43.91874683671106" lon="3.271269304677845">
        <ele>758.0</ele>
      </trkpt>
      <trkpt lat="43.91876229318953" lon="3.2711030077189194">
        <ele>758.0</ele>
      </trkpt>
      <trkpt lat="43.918777749663874" lon="3.271001083776355">
        <ele>758.0</ele>
      </trkpt>
      <trkpt lat="43.918781613781874" lon="3.270818693563344">
        <ele>758.0</ele>
      </trkpt>
      <trkpt lat="43.91881252671661" lon="3.27060411684215">
        <ele>758.0</ele>
      </trkpt>
      <trkpt lat="43.91886276020129" lon="3.2703090738505134">
        <ele>758.0</ele>
      </trkpt>
      <trkpt lat="43.918882080761094" lon="3.2701481413096194">
        <ele>757.0</ele>
      </trkpt>
      <trkpt lat="43.918878216649624" lon="3.269971115514636">
        <ele>757.0</ele>
      </trkpt>
      <trkpt lat="43.91883571140713" lon="3.2698370050638914">
        <ele>757.0</ele>
      </trkpt>
      <trkpt lat="43.91875456495081" lon="3.2696760725229974">
        <ele>756.0</ele>
      </trkpt>
      <trkpt lat="43.91867341838377" lon="3.269525868818164">
        <ele>756.0</ele>
      </trkpt>
      <trkpt lat="43.91861932061098" lon="3.2693863939493886">
        <ele>756.0</ele>
      </trkpt>
      <trkpt lat="43.91858840757584" lon="3.2692361902445555">
        <ele>756.0</ele>
      </trkpt>
      <trkpt lat="43.918588407575946" lon="3.269161088392138">
        <ele>755.0</ele>
      </trkpt>
      <trkpt lat="43.918630912994814" lon="3.268941147252917">
        <ele>755.0</ele>
      </trkpt>
      <trkpt lat="43.918665690237425" lon="3.2687828970174593">
        <ele>755.0</ele>
      </trkpt>
      <trkpt lat="43.918700467251526" lon="3.26862464658916">
        <ele>754.0</ele>
      </trkpt>
      <trkpt lat="43.91873717657842" lon="3.268426163249711">
        <ele>754.0</ele>
      </trkpt>
      <trkpt lat="43.91877388554547" lon="3.2682276796549545">
        <ele>754.0</ele>
      </trkpt>
      <trkpt lat="43.918816391165734" lon="3.2679514123321556">
        <ele>753.0</ele>
      </trkpt>
      <trkpt lat="43.918858896088395" lon="3.267675144597887">
        <ele>753.0</ele>
      </trkpt>
      <trkpt lat="43.91884343963509" lon="3.267482025548816">
        <ele>753.0</ele>
      </trkpt>
      <trkpt lat="43.918847303749104" lon="3.267338275909425">
        <ele>752.0</ele>
      </trkpt>
      <trkpt lat="43.91888208076086" lon="3.267240626737475">
        <ele>752.0</ele>
      </trkpt>
      <trkpt lat="43.91898254757073" lon="3.2670646905899057">
        <ele>752.0</ele>
      </trkpt>
      <trkpt lat="43.91900766424649" lon="3.2669418454497663">
        <ele>751.0</ele>
      </trkpt>
      <trkpt lat="43.91906948986505" lon="3.266719222101529">
        <ele>751.0</ele>
      </trkpt>
      <trkpt lat="43.91913228153745" lon="3.2665515842225186">
        <ele>751.0</ele>
      </trkpt>
      <trkpt lat="43.91919507295491" lon="3.2663839459746664">
        <ele>751.0</ele>
      </trkpt>
      <trkpt lat="43.919295539235954" lon="3.266177415880521">
        <ele>751.0</ele>
      </trkpt>
      <trkpt lat="43.9193747529149" lon="3.265992343458492">
        <ele>751.0</ele>
      </trkpt>
      <trkpt lat="43.919438510189615" lon="3.2657938599913905">
        <ele>751.0</ele>
      </trkpt>
      <trkpt lat="43.91951192757286" lon="3.265584647688229">
        <ele>751.0</ele>
      </trkpt>
      <trkpt lat="43.919589208931" lon="3.265429079565366">
        <ele>751.0</ele>
      </trkpt>
      <trkpt lat="43.91967808236883" lon="3.265235960516292">
        <ele>751.0</ele>
      </trkpt>
      <trkpt lat="43.919757295627264" lon="3.265058934966994">
        <ele>751.0</ele>
      </trkpt>
      <trkpt lat="43.91983650860256" lon="3.264881908926328">
        <ele>751.0</ele>
      </trkpt>
      <trkpt lat="43.9198983334262" lon="3.2647343875903023">
        <ele>751.0</ele>
      </trkpt>
      <trkpt lat="43.9199601580529" lon="3.264586865934689">
        <ele>751.0</ele>
      </trkpt>
      <trkpt lat="43.92001039056877" lon="3.2644473910659153">
        <ele>751.0</ele>
      </trkpt>
      <trkpt lat="43.920048065015" lon="3.2642998696674694">
        <ele>751.0</ele>
      </trkpt>
      <trkpt lat="43.92008573926289" lon="3.264152348074276">
        <ele>751.0</ele>
      </trkpt>
      <trkpt lat="43.92013693780512" lon="3.26397264023148">
        <ele>751.0</ele>
      </trkpt>
      <trkpt lat="43.920188136053305" lon="3.2637929320662815">
        <ele>751.0</ele>
      </trkpt>
      <trkpt lat="43.92023257234146" lon="3.2636132240622833">
        <ele>751.0</ele>
      </trkpt>
      <trkpt lat="43.920248028433925" lon="3.2635113001197174">
        <ele>752.0</ele>
      </trkpt>
      <trkpt lat="43.92024416441116" lon="3.263420105013212">
        <ele>752.0</ele>
      </trkpt>
      <trkpt lat="43.92022484429375" lon="3.2633396387427633">
        <ele>752.0</ele>
      </trkpt>
      <trkpt lat="43.92020745618269" lon="3.263243079218227">
        <ele>752.0</ele>
      </trkpt>
      <trkpt lat="43.92019779611876" lon="3.2631331086486175">
        <ele>752.0</ele>
      </trkpt>
      <trkpt lat="43.92017461195901" lon="3.2630338669150665">
        <ele>752.0</ele>
      </trkpt>
      <trkpt lat="43.92013790368758" lon="3.262950718435605">
        <ele>752.0</ele>
      </trkpt>
      <trkpt lat="43.920087671279425" lon="3.2628541589110687">
        <ele>752.0</ele>
      </trkpt>
      <trkpt lat="43.920045166900955" lon="3.2627656460135763">
        <ele>752.0</ele>
      </trkpt>
      <trkpt lat="43.920014254606656" lon="3.2626503110259364">
        <ele>752.0</ele>
      </trkpt>
      <trkpt lat="43.91999107037534" lon="3.2625027895301195">
        <ele>752.0</ele>
      </trkpt>
      <trkpt lat="43.92001039056878" lon="3.2623472214072553">
        <ele>752.0</ele>
      </trkpt>
      <trkpt lat="43.920027778737385" lon="3.26219701770242">
        <ele>752.0</ele>
      </trkpt>
      <trkpt lat="43.920016186625496" lon="3.2620977759688685">
        <ele>752.0</ele>
      </trkpt>
      <trkpt lat="43.919960158052895" lon="3.2619207501738865">
        <ele>752.0</ele>
      </trkpt>
      <trkpt lat="43.91985582884613" lon="3.261679351362545">
        <ele>752.0</ele>
      </trkpt>
      <trkpt lat="43.91978820796628" lon="3.2615479231208155">
        <ele>752.0</ele>
      </trkpt>
      <trkpt lat="43.919726383094535" lon="3.261470139059386">
        <ele>752.0</ele>
      </trkpt>
      <trkpt lat="43.91958920893102" lon="3.2613172531455343">
        <ele>752.0</ele>
      </trkpt>
      <trkpt lat="43.919492607217634" lon="3.2611992359488813">
        <ele>753.0</ele>
      </trkpt>
      <trkpt lat="43.919423053886895" lon="3.261086583170254">
        <ele>753.0</ele>
      </trkpt>
      <trkpt lat="43.9193592965956" lon="3.2609283328383754">
        <ele>753.0</ele>
      </trkpt>
      <trkpt lat="43.919282014938815" lon="3.2606762051909763">
        <ele>753.0</ele>
      </trkpt>
      <trkpt lat="43.919249170204274" lon="3.2605072260230386">
        <ele>753.0</ele>
      </trkpt>
      <trkpt lat="43.91925826899599" lon="3.260391015069993">
        <ele>753.0</ele>
      </trkpt>
      <trkpt lat="43.919258830422194" lon="3.2603838444083517">
        <ele>753.0</ele>
      </trkpt>
      <trkpt lat="43.919295539235954" lon="3.2602711916297262">
        <ele>754.0</ele>
      </trkpt>
      <trkpt lat="43.91935156843443" lon="3.260196089777311">
        <ele>754.0</ele>
      </trkpt>
      <trkpt lat="43.91946555870978" lon="3.2601209879248922">
        <ele>754.0</ele>
      </trkpt>
      <trkpt lat="43.91958727689828" lon="3.2600727081626255">
        <ele>754.0</ele>
      </trkpt>
      <trkpt lat="43.91974956742895" lon="3.260053932699521">
        <ele>754.0</ele>
      </trkpt>
      <trkpt lat="43.919900265185895" lon="3.260039180588888">
        <ele>754.0</ele>
      </trkpt>
      <trkpt lat="43.92005096295434" lon="3.260024428400356">
        <ele>754.0</ele>
      </trkpt>
      <trkpt lat="43.92017074780732" lon="3.2600123584851213">
        <ele>754.0</ele>
      </trkpt>
      <trkpt lat="43.92029053266748" lon="3.260000288519224">
        <ele>754.0</ele>
      </trkpt>
      <trkpt lat="43.92044412705355" lon="3.2599895597120363">
        <ele>754.0</ele>
      </trkpt>
      <trkpt lat="43.920597721452644" lon="3.2599788308471034">
        <ele>754.0</ele>
      </trkpt>
      <trkpt lat="43.92071267522407" lon="3.2599694431344584">
        <ele>754.0</ele>
      </trkpt>
      <trkpt lat="43.920827629002545" lon="3.259960055384">
        <ele>754.0</ele>
      </trkpt>
      <trkpt lat="43.92102855588169" lon="3.259927868875821">
        <ele>753.0</ele>
      </trkpt>
      <trkpt lat="43.92113867897952" lon="3.2599171400397613">
        <ele>753.0</ele>
      </trkpt>
      <trkpt lat="43.92125266571815" lon="3.2599238455489066">
        <ele>753.0</ele>
      </trkpt>
      <trkpt lat="43.92136665246409" lon="3.2599305510848353">
        <ele>753.0</ele>
      </trkpt>
      <trkpt lat="43.92152314223177" lon="3.2599171400397613">
        <ele>753.0</ele>
      </trkpt>
      <trkpt lat="43.92168929141113" lon="3.2598661780684774">
        <ele>752.0</ele>
      </trkpt>
      <trkpt lat="43.9218824875478" lon="3.259799122843105">
        <ele>752.0</ele>
      </trkpt>
      <trkpt lat="43.922044771817845" lon="3.2596971989005397">
        <ele>752.0</ele>
      </trkpt>
      <trkpt lat="43.922199327853974" lon="3.259589910539945">
        <ele>752.0</ele>
      </trkpt>
      <trkpt lat="43.92233456394329" lon="3.2594893279402144">
        <ele>752.0</ele>
      </trkpt>
      <trkpt lat="43.922469799950875" lon="3.2593887448638266">
        <ele>751.0</ele>
      </trkpt>
      <trkpt lat="43.922573158540814" lon="3.2593109609432585">
        <ele>751.0</ele>
      </trkpt>
      <trkpt lat="43.92267651708172" lon="3.259233176740963">
        <ele>751.0</ele>
      </trkpt>
      <trkpt lat="43.92282141183867" lon="3.2591151595443084">
        <ele>751.0</ele>
      </trkpt>
      <trkpt lat="43.922972102011556" lon="3.258978366884549">
        <ele>751.0</ele>
      </trkpt>
      <trkpt lat="43.92303971927278" lon="3.2589005828231166">
        <ele>751.0</ele>
      </trkpt>
      <trkpt lat="43.92311313221229" lon="3.2588088512420663">
        <ele>751.0</ele>
      </trkpt>
      <trkpt lat="43.92314404289655" lon="3.258750379118283">
        <ele>750.0</ele>
      </trkpt>
      <trkpt lat="43.92316529398261" lon="3.2586645484298065">
        <ele>750.0</ele>
      </trkpt>
      <trkpt lat="43.923190408892786" lon="3.258527755770048">
        <ele>750.0</ele>
      </trkpt>
      <trkpt lat="43.9232367748529" lon="3.2582541704505283">
        <ele>750.0</ele>
      </trkpt>
      <trkpt lat="43.923279276951234" lon="3.258028864893278">
        <ele>750.0</ele>
      </trkpt>
      <trkpt lat="43.92333723430915" lon="3.257776737245877">
        <ele>750.0</ele>
      </trkpt>
      <trkpt lat="43.92339325970146" lon="3.2575407028525665">
        <ele>750.0</ele>
      </trkpt>
      <trkpt lat="43.92342610214827" lon="3.2573744058936427">
        <ele>750.0</ele>
      </trkpt>
      <trkpt lat="43.92347826364419" lon="3.257146418127377">
        <ele>750.0</ele>
      </trkpt>
      <trkpt lat="43.923551676042486" lon="3.2569211125701263">
        <ele>750.0</ele>
      </trkpt>
      <trkpt lat="43.92360190552591" lon="3.2568513751357386">
        <ele>750.0</ele>
      </trkpt>
      <trkpt lat="43.923686909170534" lon="3.256803095373472">
        <ele>750.0</ele>
      </trkpt>
      <trkpt lat="43.923769980796806" lon="3.256773591074307">
        <ele>750.0</ele>
      </trkpt>
      <trkpt lat="43.92382407388639" lon="3.256719946894009">
        <ele>750.0</ele>
      </trkpt>
      <trkpt lat="43.92386077988349" lon="3.2566636205046966">
        <ele>750.0</ele>
      </trkpt>
      <trkpt lat="43.92387958754576" lon="3.2565852837730085">
        <ele>749.0</ele>
      </trkpt>
      <trkpt lat="43.923880098820234" lon="3.2565831542342494">
        <ele>749.0</ele>
      </trkpt>
      <trkpt lat="43.92389362207222" lon="3.25645709041055">
        <ele>749.0</ele>
      </trkpt>
      <trkpt lat="43.923934191809735" lon="3.2563685775130584">
        <ele>749.0</ele>
      </trkpt>
      <trkpt lat="43.924021126868375" lon="3.256293475660642">
        <ele>749.0</ele>
      </trkpt>
      <trkpt lat="43.924193064721315" lon="3.2561969161361057">
        <ele>749.0</ele>
      </trkpt>
      <trkpt lat="43.924392048357795" lon="3.256057441267331">
        <ele>749.0</ele>
      </trkpt>
      <trkpt lat="43.92456978075186" lon="3.25595283511575">
        <ele>749.0</ele>
      </trkpt>
      <trkpt lat="43.92474751261496" lon="3.2558562755912135">
        <ele>749.0</ele>
      </trkpt>
      <trkpt lat="43.92490399348958" lon="3.2557704449027365">
        <ele>749.0</ele>
      </trkpt>
      <trkpt lat="43.92502763240811" lon="3.2556738853782012">
        <ele>749.0</ele>
      </trkpt>
      <trkpt lat="43.92517252143872" lon="3.2555451393454864">
        <ele>749.0</ele>
      </trkpt>
      <trkpt lat="43.92530968272919" lon="3.2554244399398167">
        <ele>749.0</ele>
      </trkpt>
      <trkpt lat="43.925460366599225" lon="3.2552608251899087">
        <ele>749.0</ele>
      </trkpt>
      <trkpt lat="43.92556082230051" lon="3.255150854620297">
        <ele>749.0</ele>
      </trkpt>
      <trkpt lat="43.92569798269568" lon="3.2549818754523585">
        <ele>749.0</ele>
      </trkpt>
      <trkpt lat="43.92580230165769" lon="3.25485044721063">
        <ele>749.0</ele>
      </trkpt>
      <trkpt lat="43.92587377935942" lon="3.254767298731167">
        <ele>749.0</ele>
      </trkpt>
      <trkpt lat="43.92592207505517" lon="3.2546868324607208">
        <ele>749.0</ele>
      </trkpt>
      <trkpt lat="43.92593946149604" lon="3.254630506071408">
        <ele>749.0</ele>
      </trkpt>
      <trkpt lat="43.92595298427989" lon="3.254537684842944">
        <ele>750.0</ele>
      </trkpt>
      <trkpt lat="43.926014802681024" lon="3.2543231081217527">
        <ele>750.0</ele>
      </trkpt>
      <trkpt lat="43.92606503008471" lon="3.254054887220263">
        <ele>750.0</ele>
      </trkpt>
      <trkpt lat="43.92610366652027" lon="3.253824217244982">
        <ele>750.0</ele>
      </trkpt>
      <trkpt lat="43.926173212041" lon="3.253604276105762">
        <ele>750.0</ele>
      </trkpt>
      <trkpt lat="43.926246621113535" lon="3.2534648012369876">
        <ele>751.0</ele>
      </trkpt>
      <trkpt lat="43.92632775735148" lon="3.2533736061304803">
        <ele>751.0</ele>
      </trkpt>
      <trkpt lat="43.926397302610226" lon="3.2533628772944216">
        <ele>751.0</ele>
      </trkpt>
      <trkpt lat="43.92650548396218" lon="3.253405792638659">
        <ele>751.0</ele>
      </trkpt>
      <trkpt lat="43.9266291195521" lon="3.253411157056689">
        <ele>751.0</ele>
      </trkpt>
      <trkpt lat="43.926725709677925" lon="3.2533628772944208">
        <ele>751.0</ele>
      </trkpt>
      <trkpt lat="43.92686093559055" lon="3.2532341312617064">
        <ele>751.0</ele>
      </trkpt>
      <trkpt lat="43.926976843270985" lon="3.253062469884755">
        <ele>750.0</ele>
      </trkpt>
      <trkpt lat="43.927081159990294" lon="3.252890808507801">
        <ele>750.0</ele>
      </trkpt>
      <trkpt lat="43.92715456794233" lon="3.2527245115488768">
        <ele>750.0</ele>
      </trkpt>
      <trkpt lat="43.92725115721493" lon="3.2525099348276854">
        <ele>750.0</ele>
      </trkpt>
      <trkpt lat="43.92729365644518" lon="3.252343637868762">
        <ele>750.0</ele>
      </trkpt>
      <trkpt lat="43.927367064134984" lon="3.2521076034754515">
        <ele>750.0</ele>
      </trkpt>
      <trkpt lat="43.92747138016991" lon="3.2518447469919916">
        <ele>750.0</ele>
      </trkpt>
      <trkpt lat="43.92754478764053" lon="3.251644670963289">
        <ele>749.0</ele>
      </trkpt>
      <trkpt lat="43.927591150206666" lon="3.2515121530741453">
        <ele>749.0</ele>
      </trkpt>
      <trkpt lat="43.92768387523079" lon="3.2512600254267445">
        <ele>749.0</ele>
      </trkpt>
      <trkpt lat="43.92775341890398" lon="3.2510561775416154">
        <ele>749.0</ele>
      </trkpt>
      <trkpt lat="43.92783068955668" lon="3.250857694074511">
        <ele>749.0</ele>
      </trkpt>
      <trkpt lat="43.927894437848806" lon="3.250699443919406">
        <ele>748.0</ele>
      </trkpt>
      <trkpt lat="43.927958185914136" lon="3.2505411934107555">
        <ele>748.0</ele>
      </trkpt>
      <trkpt lat="43.9280219340696" lon="3.2503829432556492">
        <ele>748.0</ele>
      </trkpt>
      <trkpt lat="43.92808568199826" lon="3.250224692746997">
        <ele>748.0</ele>
      </trkpt>
      <trkpt lat="43.928189996772964" lon="3.2499564718455085">
        <ele>748.0</ele>
      </trkpt>
      <trkpt lat="43.9282827208635" lon="3.249800903722643">
        <ele>748.0</ele>
      </trkpt>
      <trkpt lat="43.9283638543242" lon="3.2496131490916005">
        <ele>748.0</ele>
      </trkpt>
      <trkpt lat="43.92844498771292" lon="3.249468310010713">
        <ele>748.0</ele>
      </trkpt>
      <trkpt lat="43.928526120913524" lon="3.249323470517993">
        <ele>748.0</ele>
      </trkpt>
      <trkpt lat="43.928576346196735" lon="3.249119622632861">
        <ele>748.0</ele>
      </trkpt>
      <trkpt lat="43.928626571437626" lon="3.248881995677949">
        <ele>748.0</ele>
      </trkpt>
      <trkpt lat="43.92876951996755" lon="3.2487172912806277">
        <ele>748.0</ele>
      </trkpt>
      <trkpt lat="43.92888735557917" lon="3.248623414158948">
        <ele>748.0</ele>
      </trkpt>
      <trkpt lat="43.92900519111835" lon="3.2485295366495848">
        <ele>748.0</ele>
      </trkpt>
      <trkpt lat="43.929175182685164" lon="3.248387379995251">
        <ele>748.0</ele>
      </trkpt>
      <trkpt lat="43.92934517408414" lon="3.248245222494007">
        <ele>748.0</ele>
      </trkpt>
      <trkpt lat="43.92953061825144" lon="3.248162074284742">
        <ele>747.0</ele>
      </trkpt>
      <trkpt lat="43.92971606237584" lon="3.2480789255350824">
        <ele>747.0</ele>
      </trkpt>
      <trkpt lat="43.92989764225869" lon="3.2480681966990232">
        <ele>747.0</ele>
      </trkpt>
      <trkpt lat="43.93005990466366" lon="3.248052103444933">
        <ele>747.0</ele>
      </trkpt>
      <trkpt lat="43.93026080036125" lon="3.247939450666308">
        <ele>746.0</ele>
      </trkpt>
      <trkpt lat="43.930419198271125" lon="3.2478107049909517">
        <ele>746.0</ele>
      </trkpt>
      <trkpt lat="43.93057759604415" lon="3.2476819586008787">
        <ele>746.0</ele>
      </trkpt>
      <trkpt lat="43.93070894985685" lon="3.2475746702402835">
        <ele>746.0</ele>
      </trkpt>
      <trkpt lat="43.930875073380925" lon="3.2474673818796864">
        <ele>746.0</ele>
      </trkpt>
      <trkpt lat="43.930987109914255" lon="3.2473547291010614">
        <ele>746.0</ele>
      </trkpt>
      <trkpt lat="43.931056649725356" lon="3.2471991609781976">
        <ele>746.0</ele>
      </trkpt>
      <trkpt lat="43.93112232613894" lon="3.247075779363513">
        <ele>746.0</ele>
      </trkpt>
      <trkpt lat="43.93126140536363" lon="3.2469738554209466">
        <ele>746.0</ele>
      </trkpt>
      <trkpt lat="43.93139082588403" lon="3.246920211362311">
        <ele>746.0</ele>
      </trkpt>
      <trkpt lat="43.931520246388004" lon="3.246866567060352">
        <ele>746.0</ele>
      </trkpt>
      <trkpt lat="43.93172886370728" lon="3.2467646431177863">
        <ele>746.0</ele>
      </trkpt>
      <trkpt lat="43.931844761798004" lon="3.2467109990464396">
        <ele>746.0</ele>
      </trkpt>
      <trkpt lat="43.93196065987038" lon="3.2466573547571893">
        <ele>746.0</ele>
      </trkpt>
      <trkpt lat="43.93209587373571" lon="3.246603710704">
        <ele>746.0</ele>
      </trkpt>
      <trkpt lat="43.932231087585514" lon="3.2465500663965936">
        <ele>746.0</ele>
      </trkpt>
      <trkpt lat="43.932424249486445" lon="3.24642132036388">
        <ele>746.0</ele>
      </trkpt>
      <trkpt lat="43.93257491533353" lon="3.2464331388473506">
        <ele>746.0</ele>
      </trkpt>
      <trkpt lat="43.932702401521425" lon="3.246529698371888">
        <ele>747.0</ele>
      </trkpt>
      <trkpt lat="43.93276421290811" lon="3.246620893478395">
        <ele>747.0</ele>
      </trkpt>
      <trkpt lat="43.93279511857734" lon="3.246765732765198">
        <ele>747.0</ele>
      </trkpt>
      <trkpt lat="43.9328453402556" lon="3.2468891143798837">
        <ele>747.0</ele>
      </trkpt>
      <trkpt lat="43.93293033069133" lon="3.2470650505274534">
        <ele>748.0</ele>
      </trkpt>
      <trkpt lat="43.933032705443274" lon="3.2472528048216556">
        <ele>748.0</ele>
      </trkpt>
      <trkpt lat="43.93313507987882" lon="3.247440559789538">
        <ele>749.0</ele>
      </trkpt>
      <trkpt lat="43.93322007000368" lon="3.2476309963459613">
        <ele>749.0</ele>
      </trkpt>
      <trkpt lat="43.933305059800894" lon="3.2478214334696536">
        <ele>750.0</ele>
      </trkpt>
      <trkpt lat="43.93340936542158" lon="3.2479823660105485">
        <ele>750.0</ele>
      </trkpt>
      <trkpt lat="43.93351560247641" lon="3.2481540270679123">
        <ele>750.0</ele>
      </trkpt>
      <trkpt lat="43.93362183926824" lon="3.2483256887644525">
        <ele>751.0</ele>
      </trkpt>
      <trkpt lat="43.93371069178855" lon="3.2484839388499207">
        <ele>751.0</ele>
      </trkpt>
      <trkpt lat="43.93379954408433" lon="3.2486421894282103">
        <ele>751.0</ele>
      </trkpt>
      <trkpt lat="43.933896122563844" lon="3.2487736174474975">
        <ele>751.0</ele>
      </trkpt>
      <trkpt lat="43.93399270089079" lon="3.2489050459116697">
        <ele>752.0</ele>
      </trkpt>
      <trkpt lat="43.934085415935044" lon="3.2491357158869514">
        <ele>752.0</ele>
      </trkpt>
      <trkpt lat="43.93415495212343" lon="3.249420030042529">
        <ele>752.0</ele>
      </trkpt>
      <trkpt lat="43.93429788736632" lon="3.249570233747363">
        <ele>752.0</ele>
      </trkpt>
      <trkpt lat="43.9343848072794" lon="3.2496909329691777">
        <ele>752.0</ele>
      </trkpt>
      <trkpt lat="43.9344717270636" lon="3.2498116325587025">
        <ele>752.0</ele>
      </trkpt>
      <trkpt lat="43.93460693530984" lon="3.2499618359076314">
        <ele>752.0</ele>
      </trkpt>
      <trkpt lat="43.934742143360396" lon="3.250112039968371">
        <ele>751.0</ele>
      </trkpt>
      <trkpt lat="43.93483292567955" lon="3.2502193281582774">
        <ele>751.0</ele>
      </trkpt>
      <trkpt lat="43.93492370789825" lon="3.2503266166895624">
        <ele>751.0</ele>
      </trkpt>
      <trkpt lat="43.935062778183365" lon="3.2504875488382323">
        <ele>751.0</ele>
      </trkpt>
      <trkpt lat="43.93520184824288" lon="3.2506484817713495">
        <ele>751.0</ele>
      </trkpt>
      <trkpt lat="43.93531001352933" lon="3.250753087724639">
        <ele>751.0</ele>
      </trkpt>
      <trkpt lat="43.93541817872259" lon="3.2508576940745106">
        <ele>750.0</ele>
      </trkpt>
      <trkpt lat="43.93551475457551" lon="3.2510025333613153">
        <ele>750.0</ele>
      </trkpt>
      <trkpt lat="43.93559587817077" lon="3.251163465902209">
        <ele>749.0</ele>
      </trkpt>
      <trkpt lat="43.93571949486501" lon="3.251308305189014">
        <ele>749.0</ele>
      </trkpt>
      <trkpt lat="43.935730367713695" lon="3.2513211161770132">
        <ele>748.0</ele>
      </trkpt>
      <trkpt lat="43.93584697431181" lon="3.2514585088938484">
        <ele>747.0</ele>
      </trkpt>
      <trkpt lat="43.93600535748619" lon="3.25164626352489">
        <ele>746.0</ele>
      </trkpt>
      <trkpt lat="43.93616374023878" lon="3.2518286537379044">
        <ele>745.0</ele>
      </trkpt>
      <trkpt lat="43.93623713698106" lon="3.2519037555903187">
        <ele>744.0</ele>
      </trkpt>
      <trkpt lat="43.93642642289838" lon="3.2520164083689447">
        <ele>744.0</ele>
      </trkpt>
      <trkpt lat="43.93651527118233" lon="3.2521076034754524">
        <ele>743.0</ele>
      </trkpt>
      <trkpt lat="43.936646611880725" lon="3.252204162999988">
        <ele>743.0</ele>
      </trkpt>
      <trkpt lat="43.93679340408269" lon="3.2521880697458974">
        <ele>742.0</ele>
      </trkpt>
      <trkpt lat="43.93689384064363" lon="3.252188069745898">
        <ele>742.0</ele>
      </trkpt>
      <trkpt lat="43.93696723648474" lon="3.252338273450731">
        <ele>742.0</ele>
      </trkpt>
      <trkpt lat="43.937048358098465" lon="3.252456290647389">
        <ele>742.0</ele>
      </trkpt>
      <trkpt lat="43.93718742346453" lon="3.2525582145899543">
        <ele>743.0</ele>
      </trkpt>
      <trkpt lat="43.93736704883818" lon="3.2526494094093747">
        <ele>743.0</ele>
      </trkpt>
      <trkpt lat="43.93754667415479" lon="3.2527406048029675">
        <ele>744.0</ele>
      </trkpt>
      <trkpt lat="43.93769346413479" lon="3.2527942489832644">
        <ele>744.0</ele>
      </trkpt>
      <trkpt lat="43.93787115678366" lon="3.25288544408977">
        <ele>745.0</ele>
      </trkpt>
      <trkpt lat="43.93796772865269" lon="3.252949817106128">
        <ele>745.0</ele>
      </trkpt>
      <trkpt lat="43.9380913404162" lon="3.253089291974901">
        <ele>746.0</ele>
      </trkpt>
      <trkpt lat="43.93819177478484" lon="3.2532609533518544">
        <ele>746.0</ele>
      </trkpt>
      <trkpt lat="43.938299934684395" lon="3.2534165214747177">
        <ele>747.0</ele>
      </trkpt>
      <trkpt lat="43.9384312714408" lon="3.2535399030894037">
        <ele>748.0</ele>
      </trkpt>
      <trkpt lat="43.93862055037355" lon="3.2535774540156126">
        <ele>749.0</ele>
      </trkpt>
      <trkpt lat="43.93873836642864" lon="3.25359622943995">
        <ele>749.0</ele>
      </trkpt>
      <trkpt lat="43.9388561824887" lon="3.2536150049418233">
        <ele>750.0</ele>
      </trkpt>
      <trkpt lat="43.93897206667617" lon="3.253620369348958">
        <ele>751.0</ele>
      </trkpt>
      <trkpt lat="43.939087950871276" lon="3.2536257337778824">
        <ele>752.0</ele>
      </trkpt>
      <trkpt lat="43.939223148677236" lon="3.253679377958179">
        <ele>753.0</ele>
      </trkpt>
      <trkpt lat="43.93935062061273" lon="3.253695471212268">
        <ele>754.0</ele>
      </trkpt>
      <trkpt lat="43.93946650395329" lon="3.2536793779581776">
        <ele>755.0</ele>
      </trkpt>
      <trkpt lat="43.939632603014225" lon="3.25364182703197">
        <ele>756.0</ele>
      </trkpt>
      <trkpt lat="43.93984891737471" lon="3.25363109819591">
        <ele>757.0</ele>
      </trkpt>
      <trkpt lat="43.9399918389311" lon="3.2536150049418224">
        <ele>758.0</ele>
      </trkpt>
      <trkpt lat="43.9401424856051" lon="3.2536042761057606">
        <ele>758.0</ele>
      </trkpt>
      <trkpt lat="43.94028540645581" lon="3.253561360761522">
        <ele>759.0</ele>
      </trkpt>
      <trkpt lat="43.94042060153893" lon="3.2534862589091063">
        <ele>760.0</ele>
      </trkpt>
      <trkpt lat="43.94057897253101" lon="3.253432614728809">
        <ele>761.0</ele>
      </trkpt>
      <trkpt lat="43.940714166946606" lon="3.253346784040332">
        <ele>762.0</ele>
      </trkpt>
      <trkpt lat="43.94083391031513" lon="3.253336055204272">
        <ele>763.0</ele>
      </trkpt>
      <trkpt lat="43.94094206540841" lon="3.2533521484583625">
        <ele>764.0</ele>
      </trkpt>
      <trkpt lat="43.941123611015534" lon="3.2533628772944203">
        <ele>765.0</ele>
      </trkpt>
      <trkpt lat="43.94130901872297" lon="3.2533628772944203">
        <ele>766.0</ele>
      </trkpt>
      <trkpt lat="43.94146352470422" lon="3.253346784040332">
        <ele>767.0</ele>
      </trkpt>
      <trkpt lat="43.94162961818618" lon="3.2533521484583616">
        <ele>767.0</ele>
      </trkpt>
      <trkpt lat="43.94174163445853" lon="3.2534057926386595">
        <ele>768.0</ele>
      </trkpt>
      <trkpt lat="43.941865238376174" lon="3.2534433435648675">
        <ele>769.0</ele>
      </trkpt>
      <trkpt lat="43.941996567257114" lon="3.2535399030894046">
        <ele>769.0</ele>
      </trkpt>
      <trkpt lat="43.94212017064475" lon="3.253695471212267">
        <ele>769.0</ele>
      </trkpt>
      <trkpt lat="43.94221673561256" lon="3.253829581663013">
        <ele>769.0</ele>
      </trkpt>
      <trkpt lat="43.942282399701064" lon="3.2540280651301163">
        <ele>769.0</ele>
      </trkpt>
      <trkpt lat="43.942317163012675" lon="3.2542211841791864">
        <ele>769.0</ele>
      </trkpt>
      <trkpt lat="43.94235192630397" lon="3.2543982099741693">
        <ele>769.0</ele>
      </trkpt>
      <trkpt lat="43.942402139911025" lon="3.2546020578593033">
        <ele>769.0</ele>
      </trkpt>
      <trkpt lat="43.94245235347571" lon="3.2548059057444325">
        <ele>768.0</ele>
      </trkpt>
      <trkpt lat="43.94251801730396" lon="3.2549936603754763">
        <ele>768.0</ele>
      </trkpt>
      <trkpt lat="43.94256823077077" lon="3.25512240640819">
        <ele>767.0</ele>
      </trkpt>
      <trkpt lat="43.94267252014319" lon="3.255202872678639">
        <ele>767.0</ele>
      </trkpt>
      <trkpt lat="43.94276908421386" lon="3.255283338949084">
        <ele>766.0</ele>
      </trkpt>
      <trkpt lat="43.942823160024886" lon="3.2554067205637702">
        <ele>766.0</ele>
      </trkpt>
      <trkpt lat="43.94285792302029" lon="3.2555569242686038">
        <ele>765.0</ele>
      </trkpt>
      <trkpt lat="43.94290427364922" lon="3.2556588482111692">
        <ele>765.0</ele>
      </trkpt>
      <trkpt lat="43.942985387162835" lon="3.2557554077357045">
        <ele>764.0</ele>
      </trkpt>
      <trkpt lat="43.94306650056588" lon="3.255868060514331">
        <ele>764.0</ele>
      </trkpt>
      <trkpt lat="43.94313216371578" lon="3.256034357473255">
        <ele>763.0</ele>
      </trkpt>
      <trkpt lat="43.943205551856366" lon="3.2562382053583865">
        <ele>762.0</ele>
      </trkpt>
      <trkpt lat="43.94327893990633" lon="3.256420595571398">
        <ele>762.0</ele>
      </trkpt>
      <trkpt lat="43.94335232786573" lon="3.256554706022143">
        <ele>761.0</ele>
      </trkpt>
      <trkpt lat="43.94345661586267" lon="3.2566834520548578">
        <ele>761.0</ele>
      </trkpt>
      <trkpt lat="43.94352614109234" lon="3.256812198087573">
        <ele>760.0</ele>
      </trkpt>
      <trkpt lat="43.94356090367667" lon="3.256924850866198">
        <ele>759.0</ele>
      </trkpt>
      <trkpt lat="43.94356090367666" lon="3.257037503644823">
        <ele>759.0</ele>
      </trkpt>
      <trkpt lat="43.94349910351271" lon="3.257203800603748">
        <ele>759.0</ele>
      </trkpt>
      <trkpt lat="43.94347979094829" lon="3.2573432754725213">
        <ele>759.0</ele>
      </trkpt>
      <trkpt lat="43.94351841607083" lon="3.2575042080134153">
        <ele>759.0</ele>
      </trkpt>
      <trkpt lat="43.9435647661848" lon="3.257718784734608">
        <ele>759.0</ele>
      </trkpt>
      <trkpt lat="43.94364587879726" lon="3.257917268201708">
        <ele>759.0</ele>
      </trkpt>
      <trkpt lat="43.943726991299094" lon="3.258153302595019">
        <ele>759.0</ele>
      </trkpt>
      <trkpt lat="43.943800378705376" lon="3.25837860815227">
        <ele>759.0</ele>
      </trkpt>
      <trkpt lat="43.94383900361965" lon="3.2585663627833115">
        <ele>759.0</ele>
      </trkpt>
      <trkpt lat="43.9438583160674" lon="3.2587272953242064">
        <ele>759.0</ele>
      </trkpt>
      <trkpt lat="43.94387376602106" lon="3.258947236463427">
        <ele>760.0</ele>
      </trkpt>
      <trkpt lat="43.94383127863879" lon="3.2591296266764402">
        <ele>760.0</ele>
      </trkpt>
      <trkpt lat="43.9438042411979" lon="3.259392483159901">
        <ele>760.0</ele>
      </trkpt>
      <trkpt lat="43.94380810369023" lon="3.2596767973154783">
        <ele>760.0</ele>
      </trkpt>
      <trkpt lat="43.943810035084" lon="3.259856505313393">
        <ele>760.0</ele>
      </trkpt>
      <trkpt lat="43.94381196618227" lon="3.2600362133234744">
        <ele>760.0</ele>
      </trkpt>
      <trkpt lat="43.943823553778245" lon="3.260199828040153">
        <ele>760.0</ele>
      </trkpt>
      <trkpt lat="43.94383514112937" lon="3.26036344282329">
        <ele>760.0</ele>
      </trkpt>
      <trkpt lat="43.94385638494549" lon="3.2605297397202935">
        <ele>760.0</ele>
      </trkpt>
      <trkpt lat="43.943877628508844" lon="3.2606960367411384">
        <ele>760.0</ele>
      </trkpt>
      <trkpt lat="43.943900803540174" lon="3.2608542870087347">
        <ele>761.0</ele>
      </trkpt>
      <trkpt lat="43.943923978342674" lon="3.2610125374048944">
        <ele>761.0</ele>
      </trkpt>
      <trkpt lat="43.9439703281405" lon="3.2613022159785023">
        <ele>762.0</ele>
      </trkpt>
      <trkpt lat="43.94404757772311" lon="3.261591894552112">
        <ele>762.0</ele>
      </trkpt>
      <trkpt lat="43.94413255214804" lon="3.2618172001093644">
        <ele>763.0</ele>
      </trkpt>
      <trkpt lat="43.94423297631184" lon="3.262069327756762">
        <ele>764.0</ele>
      </trkpt>
      <trkpt lat="43.94429477571297" lon="3.262289268895984">
        <ele>765.0</ele>
      </trkpt>
      <trkpt lat="43.94432374428761" lon="3.262460930185776">
        <ele>766.0</ele>
      </trkpt>
      <trkpt lat="43.94435271259312" lon="3.262632591649889">
        <ele>766.0</ele>
      </trkpt>
      <trkpt lat="43.94441064941684" lon="3.2628364395350222">
        <ele>767.0</ele>
      </trkpt>
      <trkpt lat="43.94446665502111" lon="3.262975914266881">
        <ele>768.0</ele>
      </trkpt>
      <trkpt lat="43.944522660449216" lon="3.263115389272571">
        <ele>768.0</ele>
      </trkpt>
      <trkpt lat="43.94464625858483" lon="3.263356788083911">
        <ele>769.0</ele>
      </trkpt>
      <trkpt lat="43.94467715818101" lon="3.2635123561225194">
        <ele>769.0</ele>
      </trkpt>
      <trkpt lat="43.9447080575563" lon="3.263667924329639">
        <ele>770.0</ele>
      </trkpt>
      <trkpt lat="43.94472736972171" lon="3.2639468740671873">
        <ele>770.0</ele>
      </trkpt>
      <trkpt lat="43.944711919989906" lon="3.2641721796244383">
        <ele>771.0</ele>
      </trkpt>
      <trkpt lat="43.94469647025407" lon="3.2644296716898684">
        <ele>771.0</ele>
      </trkpt>
      <trkpt lat="43.94473509458612" lon="3.264633519575">
        <ele>771.0</ele>
      </trkpt>
      <trkpt lat="43.944823930454625" lon="3.264799816533923">
        <ele>772.0</ele>
      </trkpt>
      <trkpt lat="43.94496297763444" lon="3.2649822067469363">
        <ele>772.0</ele>
      </trkpt>
      <trkpt lat="43.9451097493048" lon="3.2651967834681295">
        <ele>772.0</ele>
      </trkpt>
      <trkpt lat="43.945217896619454" lon="3.2653738092631115">
        <ele>772.0</ele>
      </trkpt>
      <trkpt lat="43.94532604373737" lon="3.265534741804003">
        <ele>772.0</ele>
      </trkpt>
      <trkpt lat="43.945411016334866" lon="3.2656688522547483">
        <ele>772.0</ele>
      </trkpt>
      <trkpt lat="43.94551530072034" lon="3.265829784795642">
        <ele>773.0</ele>
      </trkpt>
      <trkpt lat="43.94563503441873" lon="3.265808327123524">
        <ele>773.0</ele>
      </trkpt>
      <trkpt lat="43.94573931841121" lon="3.265835149213671">
        <ele>773.0</ele>
      </trkpt>
      <trkpt lat="43.945932436432635" lon="3.2658780645579104">
        <ele>774.0</ele>
      </trkpt>
      <trkpt lat="43.9460985174293" lon="3.265937073156238">
        <ele>774.0</ele>
      </trkpt>
      <trkpt lat="43.946276184958506" lon="3.266022903844715">
        <ele>775.0</ele>
      </trkpt>
      <trkpt lat="43.94644226499476" lon="3.266103370115161">
        <ele>776.0</ele>
      </trkpt>
      <trkpt lat="43.94660061994601" lon="3.266157014295459">
        <ele>777.0</ele>
      </trkpt>
      <trkpt lat="43.9467358006682" lon="3.2662213873118153">
        <ele>778.0</ele>
      </trkpt>
      <trkpt lat="43.94683235813867" lon="3.2662750314921154">
        <ele>779.0</ele>
      </trkpt>
      <trkpt lat="43.94700616119029" lon="3.2663447689265004">
        <ele>780.0</ele>
      </trkpt>
      <trkpt lat="43.9471336164385" lon="3.2664359640330076">
        <ele>781.0</ele>
      </trkpt>
      <trkpt lat="43.9472726582157" lon="3.2664842437952757">
        <ele>782.0</ele>
      </trkpt>
      <trkpt lat="43.94738852611496" lon="3.266521794721484">
        <ele>783.0</ele>
      </trkpt>
      <trkpt lat="43.9475237050453" lon="3.2665647100657216">
        <ele>784.0</ele>
      </trkpt>
      <trkpt lat="43.94765502142615" lon="3.2666505407541986">
        <ele>784.0</ele>
      </trkpt>
      <trkpt lat="43.947728403983156" lon="3.2667202781885867">
        <ele>785.0</ele>
      </trkpt>
      <trkpt lat="43.947840408763994" lon="3.266736371442675">
        <ele>785.0</ele>
      </trkpt>
      <trkpt lat="43.947913791092176" lon="3.266784651204945">
        <ele>785.0</ele>
      </trkpt>
      <trkpt lat="43.947991035550245" lon="3.2669670414179555">
        <ele>785.0</ele>
      </trkpt>
      <trkpt lat="43.94806055547668" lon="3.26712260954082">
        <ele>785.0</ele>
      </trkpt>
      <trkpt lat="43.9481455241653" lon="3.2672942709177732">
        <ele>785.0</ele>
      </trkpt>
      <trkpt lat="43.94821118170506" lon="3.267465932294726">
        <ele>785.0</ele>
      </trkpt>
      <trkpt lat="43.948284563575484" lon="3.267653686925768">
        <ele>785.0</ele>
      </trkpt>
      <trkpt lat="43.948361807551734" lon="3.2677341531962174">
        <ele>785.0</ele>
      </trkpt>
      <trkpt lat="43.948477673327915" lon="3.267819983884692">
        <ele>785.0</ele>
      </trkpt>
      <trkpt lat="43.94858967669684" lon="3.26786289922893">
        <ele>784.0</ele>
      </trkpt>
      <trkpt lat="43.94870940420264" lon="3.2678628992289305">
        <ele>784.0</ele>
      </trkpt>
      <trkpt lat="43.94884458012904" lon="3.26787899248302">
        <ele>784.0</ele>
      </trkpt>
      <trkpt lat="43.948948858490766" lon="3.267948729917406">
        <ele>784.0</ele>
      </trkpt>
      <trkpt lat="43.949026101603714" lon="3.268034560605883">
        <ele>783.0</ele>
      </trkpt>
      <trkpt lat="43.94906472312259" lon="3.268163306638597">
        <ele>783.0</ele>
      </trkpt>
      <trkpt lat="43.9490917581708" lon="3.2683296035975213">
        <ele>783.0</ele>
      </trkpt>
      <trkpt lat="43.949103344616276" lon="3.268528087064624">
        <ele>783.0</ele>
      </trkpt>
      <trkpt lat="43.949169001098184" lon="3.2686300110071893">
        <ele>782.0</ele>
      </trkpt>
      <trkpt lat="43.94909368924534" lon="3.26882690191269">
        <ele>782.0</ele>
      </trkpt>
      <trkpt lat="43.94902996375687" lon="3.269003927707673">
        <ele>782.0</ele>
      </trkpt>
      <trkpt lat="43.94911299998581" lon="3.2691045999308703">
        <ele>782.0</ele>
      </trkpt>
      <trkpt lat="43.94917479431358" lon="3.2692413925906294">
        <ele>782.0</ele>
      </trkpt>
      <trkpt lat="43.949228864297645" lon="3.2693755030413736">
        <ele>783.0</ele>
      </trkpt>
      <trkpt lat="43.94931962451749" lon="3.2695176601191624">
        <ele>783.0</ele>
      </trkpt>
      <trkpt lat="43.94947797180324" lon="3.2696624994059675">
        <ele>783.0</ele>
      </trkpt>
      <trkpt lat="43.94962183574229" lon="3.2698623234736566">
        <ele>783.0</ele>
      </trkpt>
      <trkpt lat="43.949765699328125" lon="3.270062148549188">
        <ele>783.0</ele>
      </trkpt>
      <trkpt lat="43.94990183834555" lon="3.2702311273138704">
        <ele>784.0</ele>
      </trkpt>
      <trkpt lat="43.95003797711262" lon="3.270400106885063">
        <ele>784.0</ele>
      </trkpt>
      <trkpt lat="43.950114253327925" lon="3.270539581567349">
        <ele>784.0</ele>
      </trkpt>
      <trkpt lat="43.95019052936865" lon="3.270679056622611">
        <ele>784.0</ele>
      </trkpt>
      <trkpt lat="43.950346943300566" lon="3.2708855867167586">
        <ele>784.0</ele>
      </trkpt>
      <trkpt lat="43.950454115528515" lon="3.270996898181759">
        <ele>783.0</ele>
      </trkpt>
      <trkpt lat="43.95056128764982" lon="3.2711082100649955">
        <ele>783.0</ele>
      </trkpt>
      <trkpt lat="43.95067135603197" lon="3.271230250339702">
        <ele>782.0</ele>
      </trkpt>
      <trkpt lat="43.95078142428494" lon="3.2713522910853503">
        <ele>782.0</ele>
      </trkpt>
      <trkpt lat="43.9508779751846" lon="3.2714864013091134">
        <ele>781.0</ele>
      </trkpt>
      <trkpt lat="43.95097452592517" lon="3.2716205119868405">
        <ele>780.0</ele>
      </trkpt>
      <trkpt lat="43.951054662984205" lon="3.27178144430166">
        <ele>779.0</ele>
      </trkpt>
      <trkpt lat="43.95113479981004" lon="3.271942377068628">
        <ele>778.0</ele>
      </trkpt>
      <trkpt lat="43.95128928025388" lon="3.2721596359988325">
        <ele>777.0</ele>
      </trkpt>
      <trkpt lat="43.95144182929818" lon="3.2723178863307103">
        <ele>776.0</ele>
      </trkpt>
      <trkpt lat="43.95159051579427" lon="3.272387623583331">
        <ele>775.0</ele>
      </trkpt>
      <trkpt lat="43.951739202258835" lon="3.272457361199485">
        <ele>774.0</ele>
      </trkpt>
      <trkpt lat="43.95192650784046" lon="3.2725700139781106">
        <ele>772.0</ele>
      </trkpt>
      <trkpt lat="43.952027884265725" lon="3.2726491390034362">
        <ele>771.0</ele>
      </trkpt>
      <trkpt lat="43.95212926063971" lon="3.2727282643099915">
        <ele>770.0</ele>
      </trkpt>
      <trkpt lat="43.95224318809959" lon="3.2727604508181676">
        <ele>768.0</ele>
      </trkpt>
      <trkpt lat="43.952415044363136" lon="3.2726933955927953">
        <ele>767.0</ele>
      </trkpt>
      <trkpt lat="43.952548280899585" lon="3.272637069203483">
        <ele>766.0</ele>
      </trkpt>
      <trkpt lat="43.95268731001051" lon="3.272642433621514">
        <ele>764.0</ele>
      </trkpt>
      <trkpt lat="43.95284178641893" lon="3.2727068066378706">
        <ele>763.0</ele>
      </trkpt>
      <trkpt lat="43.953005917162926" lon="3.2728248238345263">
        <ele>762.0</ele>
      </trkpt>
      <trkpt lat="43.95309280971448" lon="3.2729334531341605">
        <ele>760.0</ele>
      </trkpt>
      <trkpt lat="43.953179702162494" lon="3.273042082764733">
        <ele>759.0</ele>
      </trkpt>
      <trkpt lat="43.95328493835619" lon="3.2731614408457004">
        <ele>758.0</ele>
      </trkpt>
      <trkpt lat="43.953390174426026" lon="3.2732807993670567">
        <ele>757.0</ele>
      </trkpt>
      <trkpt lat="43.953480928259886" lon="3.2733746765332246">
        <ele>757.0</ele>
      </trkpt>
      <trkpt lat="43.95357168201794" lon="3.273468553998102">
        <ele>756.0</ele>
      </trkpt>
      <trkpt lat="43.95367402116048" lon="3.2736348509570243">
        <ele>756.0</ele>
      </trkpt>
      <trkpt lat="43.95373774166961" lon="3.273838698842155">
        <ele>755.0</ele>
      </trkpt>
      <trkpt lat="43.95376091274691" lon="3.2740264534731978">
        <ele>755.0</ele>
      </trkpt>
      <trkpt lat="43.95374932720941" lon="3.2742088436862105">
        <ele>754.0</ele>
      </trkpt>
      <trkpt lat="43.953786014737126" lon="3.2743885516902074">
        <ele>754.0</ele>
      </trkpt>
      <trkpt lat="43.95388835351057" lon="3.2745387553950422">
        <ele>753.0</ele>
      </trkpt>
      <trkpt lat="43.95406599775541" lon="3.2746728658457864">
        <ele>753.0</ele>
      </trkpt>
      <trkpt lat="43.954217574033564" lon="3.2747305331863736">
        <ele>752.0</ele>
      </trkpt>
      <trkpt lat="43.95436915029476" lon="3.274788200833429">
        <ele>752.0</ele>
      </trkpt>
      <trkpt lat="43.954556447296646" lon="3.274844527037798">
        <ele>751.0</ele>
      </trkpt>
      <trkpt lat="43.954743744290056" lon="3.274900853612054">
        <ele>751.0</ele>
      </trkpt>
      <trkpt lat="43.954901111472964" lon="3.274939745535475">
        <ele>750.0</ele>
      </trkpt>
      <trkpt lat="43.95505847865653" lon="3.274978637673486">
        <ele>750.0</ele>
      </trkpt>
      <trkpt lat="43.95522163761903" lon="3.2750255761969864">
        <ele>750.0</ele>
      </trkpt>
      <trkpt lat="43.955384796576965" lon="3.2750725149890063">
        <ele>750.0</ele>
      </trkpt>
      <trkpt lat="43.95558560671434" lon="3.275126159169303">
        <ele>750.0</ele>
      </trkpt>
      <trkpt lat="43.9557323521548" lon="3.2751905321856603">
        <ele>750.0</ele>
      </trkpt>
      <trkpt lat="43.95587330467083" lon="3.2752602696200483">
        <ele>750.0</ele>
      </trkpt>
      <trkpt lat="43.955979501551106" lon="3.2752414941569445">
        <ele>750.0</ele>
      </trkpt>
      <trkpt lat="43.95609245611274" lon="3.2751798034717634">
        <ele>751.0</ele>
      </trkpt>
      <trkpt lat="43.956205410647044" lon="3.2751181125422586">
        <ele>751.0</ele>
      </trkpt>
      <trkpt lat="43.956288436851025" lon="3.2750993370791543">
        <ele>751.0</ele>
      </trkpt>
      <trkpt lat="43.95636760126315" lon="3.2751637100955118">
        <ele>752.0</ele>
      </trkpt>
      <trkpt lat="43.95642552637589" lon="3.275268316247093">
        <ele>752.0</ele>
      </trkpt>
      <trkpt lat="43.9564409730631" lon="3.2753729223986743">
        <ele>752.0</ele>
      </trkpt>
      <trkpt lat="43.95644097306311" lon="3.2755338549395665">
        <ele>752.0</ele>
      </trkpt>
      <trkpt lat="43.95646414308638" lon="3.2756572365542524">
        <ele>753.0</ele>
      </trkpt>
      <trkpt lat="43.95654716892887" lon="3.2758288979312042">
        <ele>752.0</ele>
      </trkpt>
      <trkpt lat="43.95669391199471" lon="3.2759925126811136">
        <ele>752.0</ele>
      </trkpt>
      <trkpt lat="43.95681169235123" lon="3.2761105298777697">
        <ele>752.0</ele>
      </trkpt>
      <trkpt lat="43.95699125867495" lon="3.2761829495211723">
        <ele>752.0</ele>
      </trkpt>
      <trkpt lat="43.95715151633362" lon="3.276298284508811">
        <ele>752.0</ele>
      </trkpt>
      <trkpt lat="43.95724998769259" lon="3.2763358354350225">
        <ele>751.0</ele>
      </trkpt>
      <trkpt lat="43.9574141062616" lon="3.2763867974063023">
        <ele>751.0</ele>
      </trkpt>
      <trkpt lat="43.95761297874369" lon="3.276413619496452">
        <ele>750.0</ele>
      </trkpt>
      <trkpt lat="43.95772882648466" lon="3.2764028906603926">
        <ele>750.0</ele>
      </trkpt>
      <trkpt lat="43.95781185056013" lon="3.276381432988273">
        <ele>749.0</ele>
      </trkpt>
      <trkpt lat="43.95786398189714" lon="3.2763760685702445">
        <ele>749.0</ele>
      </trkpt>
      <trkpt lat="43.95795086735704" lon="3.276258051373589">
        <ele>748.0</ele>
      </trkpt>
      <trkpt lat="43.9580348565752" lon="3.276094436864598">
        <ele>748.0</ele>
      </trkpt>
      <trkpt lat="43.95811884555259" lon="3.275930821873771">
        <ele>748.0</ele>
      </trkpt>
      <trkpt lat="43.95822890006205" lon="3.275725633280032">
        <ele>747.0</ele>
      </trkpt>
      <trkpt lat="43.958338954193465" lon="3.2755204438944925">
        <ele>747.0</ele>
      </trkpt>
      <trkpt lat="43.9584287351822" lon="3.2753474416853416">
        <ele>747.0</ele>
      </trkpt>
      <trkpt lat="43.958518515901844" lon="3.2751744389315713">
        <ele>747.0</ele>
      </trkpt>
      <trkpt lat="43.95859671199412" lon="3.2750363053566747">
        <ele>746.0</ele>
      </trkpt>
      <trkpt lat="43.9586749079154" lon="3.2748981714030383">
        <ele>746.0</ele>
      </trkpt>
      <trkpt lat="43.95877595126277" lon="3.2747041589716743">
        <ele>746.0</ele>
      </trkpt>
      <trkpt lat="43.95887699427175" lon="3.2745101458529318">
        <ele>745.0</ele>
      </trkpt>
      <trkpt lat="43.958978036942355" lon="3.274316132046806">
        <ele>745.0</ele>
      </trkpt>
      <trkpt lat="43.959068782334846" lon="3.2741458120453313">
        <ele>745.0</ele>
      </trkpt>
      <trkpt lat="43.959159527466774" lon="3.273975491501915">
        <ele>744.0</ele>
      </trkpt>
      <trkpt lat="43.95927794674472" lon="3.2737483987482725">
        <ele>744.0</ele>
      </trkpt>
      <trkpt lat="43.959396365559094" lon="3.273521305051678">
        <ele>744.0</ele>
      </trkpt>
      <trkpt lat="43.959514783909896" lon="3.2732942104121316">
        <ele>744.0</ele>
      </trkpt>
      <trkpt lat="43.959606172112224" lon="3.273126125852488">
        <ele>744.0</ele>
      </trkpt>
      <trkpt lat="43.959697560061" lon="3.2729580407542205">
        <ele>744.0</ele>
      </trkpt>
      <trkpt lat="43.959788947756195" lon="3.2727899551173327">
        <ele>744.0</ele>
      </trkpt>
      <trkpt lat="43.959865211459906" lon="3.272647798229618">
        <ele>745.0</ele>
      </trkpt>
      <trkpt lat="43.95994147498215" lon="3.2725056409617546">
        <ele>745.0</ele>
      </trkpt>
      <trkpt lat="43.96003801106754" lon="3.272324592159675">
        <ele>745.0</ele>
      </trkpt>
      <trkpt lat="43.96013454685854" lon="3.272143542744743">
        <ele>745.0</ele>
      </trkpt>
      <trkpt lat="43.960218532980136" lon="3.271986633748417">
        <ele>745.0</ele>
      </trkpt>
      <trkpt lat="43.96030251888062" lon="3.2718297242900007">
        <ele>745.0</ele>
      </trkpt>
      <trkpt lat="43.96038360873201" lon="3.271656722054497">
        <ele>745.0</ele>
      </trkpt>
      <trkpt lat="43.960464698313444" lon="3.2714837193270796">
        <ele>745.0</ele>
      </trkpt>
      <trkpt lat="43.960522619488536" lon="3.271346926806232">
        <ele>744.0</ele>
      </trkpt>
      <trkpt lat="43.96058054049439" lon="3.2712101340075606">
        <ele>744.0</ele>
      </trkpt>
      <trkpt lat="43.96063942691915" lon="3.271062612664046">
        <ele>743.0</ele>
      </trkpt>
      <trkpt lat="43.96069831314687" lon="3.270915091015923">
        <ele>743.0</ele>
      </trkpt>
      <trkpt lat="43.96069879193233" lon="3.2709137818392544">
        <ele>743.0</ele>
      </trkpt>
      <trkpt lat="43.96075913017518" lon="3.2707487942343167">
        <ele>742.0</ele>
      </trkpt>
      <trkpt lat="43.96081994695268" lon="3.2705824970980757">
        <ele>742.0</ele>
      </trkpt>
      <trkpt lat="43.96088172929321" lon="3.270363897300149">
        <ele>741.0</ele>
      </trkpt>
      <trkpt lat="43.96094351119884" lon="3.2701452970286478">
        <ele>741.0</ele>
      </trkpt>
      <trkpt lat="43.961008189510814" lon="3.2698931696671534">
        <ele>741.0</ele>
      </trkpt>
      <trkpt lat="43.96107286724372" lon="3.2696410417338484">
        <ele>741.0</ele>
      </trkpt>
      <trkpt lat="43.96112692654804" lon="3.2694479228678137">
        <ele>740.0</ele>
      </trkpt>
      <trkpt lat="43.96118098551292" lon="3.2692548036357043">
        <ele>740.0</ele>
      </trkpt>
      <trkpt lat="43.96123118321389" lon="3.2690107226153495">
        <ele>740.0</ele>
      </trkpt>
      <trkpt lat="43.961297791907185" lon="3.268750548644743">
        <ele>740.0</ele>
      </trkpt>
      <trkpt lat="43.96136439998386" lon="3.2684903740664595">
        <ele>740.0</ele>
      </trkpt>
      <trkpt lat="43.961426181839755" lon="3.2682342233829993">
        <ele>741.0</ele>
      </trkpt>
      <trkpt lat="43.96148796309769" lon="3.267978072144615">
        <ele>741.0</ele>
      </trkpt>
      <trkpt lat="43.96155746723629" lon="3.267688393571006">
        <ele>741.0</ele>
      </trkpt>
      <trkpt lat="43.96161924909909" lon="3.267445207147163">
        <ele>741.0</ele>
      </trkpt>
      <trkpt lat="43.96168103042312" lon="3.267202020196478">
        <ele>741.0</ele>
      </trkpt>
      <trkpt lat="43.96174281120838" lon="3.2669588327189563">
        <ele>741.0</ele>
      </trkpt>
      <trkpt lat="43.961810384697024" lon="3.26668256551773">
        <ele>741.0</ele>
      </trkpt>
      <trkpt lat="43.96187795749015" lon="3.2664062976618875">
        <ele>741.0</ele>
      </trkpt>
      <trkpt lat="43.96192751142469" lon="3.26619261538167">
        <ele>741.0</ele>
      </trkpt>
      <trkpt lat="43.96197706494298" lon="3.2659789327301496">
        <ele>740.0</ele>
      </trkpt>
      <trkpt lat="43.962026618045016" lon="3.265765249707329">
        <ele>740.0</ele>
      </trkpt>
      <trkpt lat="43.962078745852885" lon="3.2655600609052224">
        <ele>740.0</ele>
      </trkpt>
      <trkpt lat="43.962130873277204" lon="3.26535487172805">
        <ele>740.0</ele>
      </trkpt>
      <trkpt lat="43.96218943676724" lon="3.265119731887288">
        <ele>740.0</ele>
      </trkpt>
      <trkpt lat="43.962247999753494" lon="3.2648845915636473">
        <ele>740.0</ele>
      </trkpt>
      <trkpt lat="43.96230656223598" lon="3.2646494507571333">
        <ele>741.0</ele>
      </trkpt>
      <trkpt lat="43.96235740292047" lon="3.2644321922142496">
        <ele>741.0</ele>
      </trkpt>
      <trkpt lat="43.96240824317469" lon="3.2642149332840416">
        <ele>741.0</ele>
      </trkpt>
      <trkpt lat="43.96245908299865" lon="3.263997673966515">
        <ele>741.0</ele>
      </trkpt>
      <trkpt lat="43.96251893334277" lon="3.263742864644869">
        <ele>741.0</ele>
      </trkpt>
      <trkpt lat="43.96257878309505" lon="3.263488054788453">
        <ele>741.0</ele>
      </trkpt>
      <trkpt lat="43.962638632255484" lon="3.26323324439727">
        <ele>741.0</ele>
      </trkpt>
      <trkpt lat="43.962713284005325" lon="3.2629560835245996">
        <ele>741.0</ele>
      </trkpt>
      <trkpt lat="43.962787935055744" lon="3.262678921926392">
        <ele>741.0</ele>
      </trkpt>
      <trkpt lat="43.96286258540668" lon="3.262401759602653">
        <ele>741.0</ele>
      </trkpt>
      <trkpt lat="43.96291085139767" lon="3.262198806130692">
        <ele>741.0</ele>
      </trkpt>
      <trkpt lat="43.96295911701323" lon="3.2619958523152324">
        <ele>741.0</ele>
      </trkpt>
      <trkpt lat="43.96300738225336" lon="3.2617928981562736">
        <ele>741.0</ele>
      </trkpt>
      <trkpt lat="43.96306658843365" lon="3.2615541820495553">
        <ele>740.0</ele>
      </trkpt>
      <trkpt lat="43.96312579409474" lon="3.261315465447228">
        <ele>740.0</ele>
      </trkpt>
      <trkpt lat="43.963184999236596" lon="3.2610767483492964">
        <ele>740.0</ele>
      </trkpt>
      <trkpt lat="43.96322843821663" lon="3.2609010637926277">
        <ele>739.0</ele>
      </trkpt>
      <trkpt lat="43.96327187691546" lon="3.2607253789683464">
        <ele>739.0</ele>
      </trkpt>
      <trkpt lat="43.9633143505986" lon="3.26050946130344">
        <ele>738.0</ele>
      </trkpt>
      <trkpt lat="43.96335682385635" lon="3.2602935433169487">
        <ele>737.0</ele>
      </trkpt>
      <trkpt lat="43.96339157502215" lon="3.260089695556021">
        <ele>736.0</ele>
      </trkpt>
      <trkpt lat="43.96342632580855" lon="3.2598858475466845">
        <ele>735.0</ele>
      </trkpt>
      <trkpt lat="43.96345576846559" lon="3.259629026431234">
        <ele>733.0</ele>
      </trkpt>
      <trkpt lat="43.963485210519806" lon="3.259372205050629">
        <ele>732.0</ele>
      </trkpt>
      <trkpt lat="43.96351465197119" lon="3.2591153834048763">
        <ele>730.0</ele>
      </trkpt>
      <trkpt lat="43.96354409281976" lon="3.25885856149398">
        <ele>729.0</ele>
      </trkpt>
      <trkpt lat="43.963565329717056" lon="3.258623868292565">
        <ele>727.0</ele>
      </trkpt>
      <trkpt lat="43.96358656611078" lon="3.2583891749163745">
        <ele>726.0</ele>
      </trkpt>
      <trkpt lat="43.96362228259503" lon="3.258115589768181">
        <ele>724.0</ele>
      </trkpt>
      <trkpt lat="43.963657998395384" lon="3.257842004277337">
        <ele>723.0</ele>
      </trkpt>
      <trkpt lat="43.96370819416412" lon="3.257642179881592">
        <ele>722.0</ele>
      </trkpt>
      <trkpt lat="43.963758389569094" lon="3.257442355134117">
        <ele>722.0</ele>
      </trkpt>
      <trkpt lat="43.96382982188724" lon="3.257192910008149">
        <ele>721.0</ele>
      </trkpt>
      <trkpt lat="43.96390125363921" lon="3.256943464257348">
        <ele>720.0</ele>
      </trkpt>
      <trkpt lat="43.963987165151636" lon="3.2567141357320173">
        <ele>720.0</ele>
      </trkpt>
      <trkpt lat="43.96407307618732" lon="3.2564848065158003">
        <ele>719.0</ele>
      </trkpt>
      <trkpt lat="43.96419856457497" lon="3.256229103714938">
        <ele>719.0</ele>
      </trkpt>
      <trkpt lat="43.964324052373705" lon="3.255973399788851">
        <ele>718.0</ele>
      </trkpt>
      <trkpt lat="43.96444953958356" lon="3.255717694737541">
        <ele>717.0</ele>
      </trkpt>
      <trkpt lat="43.96456247824738" lon="3.2554977540338523">
        <ele>717.0</ele>
      </trkpt>
      <trkpt lat="43.96467541647617" lon="3.2552778124590986">
        <ele>716.0</ele>
      </trkpt>
      <trkpt lat="43.96479318113092" lon="3.255048484061854">
        <ele>715.0</ele>
      </trkpt>
      <trkpt lat="43.964910945312724" lon="3.2548191547175525">
        <ele>714.0</ele>
      </trkpt>
      <trkpt lat="43.96502677882423" lon="3.2545670270701517">
        <ele>713.0</ele>
      </trkpt>
      <trkpt lat="43.96508276501823" lon="3.2544154824095735">
        <ele>712.0</ele>
      </trkpt>
      <trkpt lat="43.965138751004005" lon="3.2542639374514697">
        <ele>711.0</ele>
      </trkpt>
      <trkpt lat="43.96521211222919" lon="3.2540064457172515">
        <ele>710.0</ele>
      </trkpt>
      <trkpt lat="43.965285472851065" lon="3.2537489533206108">
        <ele>709.0</ele>
      </trkpt>
      <trkpt lat="43.965331806212475" lon="3.2535196246361444">
        <ele>708.0</ele>
      </trkpt>
      <trkpt lat="43.96537813909407" lon="3.2532902955790632">
        <ele>707.0</ele>
      </trkpt>
      <trkpt lat="43.965408062632896" lon="3.2531400919530378">
        <ele>706.0</ele>
      </trkpt>
      <trkpt lat="43.96543798596586" lon="3.2529898881693957">
        <ele>705.0</ele>
      </trkpt>
      <trkpt lat="43.96545439576174" lon="3.2527900636552802">
        <ele>704.0</ele>
      </trkpt>
      <trkpt lat="43.965470805192524" lon="3.2525902390261763">
        <ele>703.0</ele>
      </trkpt>
      <trkpt lat="43.965488180386515" lon="3.2523260415186983">
        <ele>703.0</ele>
      </trkpt>
      <trkpt lat="43.965505554942204" lon="3.2520618438502433">
        <ele>703.0</ele>
      </trkpt>
      <trkpt lat="43.965514242516946" lon="3.2518861591865287">
        <ele>702.0</ele>
      </trkpt>
      <trkpt lat="43.965522929809396" lon="3.2517104744692915">
        <ele>702.0</ele>
      </trkpt>
      <trkpt lat="43.965540304920815" lon="3.2514757812519886">
        <ele>702.0</ele>
      </trkpt>
      <trkpt lat="43.96555767952858" lon="3.2512410878916853">
        <ele>702.0</ele>
      </trkpt>
      <trkpt lat="43.96557698512665" lon="3.251026511243128">
        <ele>702.0</ele>
      </trkpt>
      <trkpt lat="43.96559629030379" lon="3.2508119344493025">
        <ele>702.0</ele>
      </trkpt>
      <trkpt lat="43.965615595819905" lon="3.250636249818297">
        <ele>702.0</ele>
      </trkpt>
      <trkpt lat="43.965634901053924" lon="3.250460565068351">
        <ele>702.0</ele>
      </trkpt>
      <trkpt lat="43.96566192867617" lon="3.2502996326037232">
        <ele>703.0</ele>
      </trkpt>
      <trkpt lat="43.96568895606195" lon="3.2501386999865645">
        <ele>703.0</ele>
      </trkpt>
      <trkpt lat="43.96573721942043" lon="3.24988925454818">
        <ele>704.0</ele>
      </trkpt>
      <trkpt lat="43.965780656549725" lon="3.2497041822671076">
        <ele>704.0</ele>
      </trkpt>
      <trkpt lat="43.96582409336683" lon="3.249519109704124">
        <ele>705.0</ele>
      </trkpt>
      <trkpt lat="43.96582795442817" lon="3.24939857237041">
        <ele>705.0</ele>
      </trkpt>
      <trkpt lat="43.96591289771404" lon="3.2492376398295164">
        <ele>706.0</ele>
      </trkpt>
      <trkpt lat="43.965990118777654" lon="3.249028427526355">
        <ele>707.0</ele>
      </trkpt>
      <trkpt lat="43.966086644965976" lon="3.248787028715014">
        <ele>707.0</ele>
      </trkpt>
      <trkpt lat="43.966183170997425" lon="3.2485617231577644">
        <ele>708.0</ele>
      </trkpt>
      <trkpt lat="43.966264252807846" lon="3.2483981086404663">
        <ele>708.0</ele>
      </trkpt>
      <trkpt lat="43.96634533437722" lon="3.248234493657947">
        <ele>708.0</ele>
      </trkpt>
      <trkpt lat="43.966459234607704" lon="3.248060150420169">
        <ele>709.0</ele>
      </trkpt>
      <trkpt lat="43.96657313456772" lon="3.2478858064860106">
        <ele>709.0</ele>
      </trkpt>
      <trkpt lat="43.96671290305992" lon="3.2476937622031596">
        <ele>709.0</ele>
      </trkpt>
      <trkpt lat="43.96685267122615" lon="3.2475017169790044">
        <ele>709.0</ele>
      </trkpt>
      <trkpt lat="43.9669924390664" lon="3.2473096708135434">
        <ele>709.0</ele>
      </trkpt>
      <trkpt lat="43.967132206580686" lon="3.2471176237067696">
        <ele>709.0</ele>
      </trkpt>
      <trkpt lat="43.96727197376897" lon="3.2469255756586795">
        <ele>709.0</ele>
      </trkpt>
      <trkpt lat="43.96740787963655" lon="3.2467421143108552">
        <ele>709.0</ele>
      </trkpt>
      <trkpt lat="43.96754378520701" lon="3.2465586520886376">
        <ele>709.0</ele>
      </trkpt>
      <trkpt lat="43.96767969048037" lon="3.246375188992022">
        <ele>709.0</ele>
      </trkpt>
      <trkpt lat="43.96781559545658" lon="3.2461917250210064">
        <ele>709.0</ele>
      </trkpt>
      <trkpt lat="43.96795150013569" lon="3.2460082601755853">
        <ele>708.0</ele>
      </trkpt>
      <trkpt lat="43.96809435410011" lon="3.2458151425777424">
        <ele>708.0</ele>
      </trkpt>
      <trkpt lat="43.96823720773528" lon="3.2456220240124156">
        <ele>708.0</ele>
      </trkpt>
      <trkpt lat="43.9683800610412" lon="3.2454289044796014">
        <ele>707.0</ele>
      </trkpt>
      <trkpt lat="43.96852291401786" lon="3.2452357839792967">
        <ele>707.0</ele>
      </trkpt>
      <trkpt lat="43.96865997531634" lon="3.245045347596926">
        <ele>707.0</ele>
      </trkpt>
      <trkpt lat="43.96879703629402" lon="3.2448549102991824">
        <ele>706.0</ele>
      </trkpt>
      <trkpt lat="43.968889697063226" lon="3.2447234822709974">
        <ele>706.0</ele>
      </trkpt>
      <trkpt lat="43.96898235767946" lon="3.2445920538157234">
        <ele>706.0</ele>
      </trkpt>
      <trkpt lat="43.969117487491786" lon="3.2444203924387702">
        <ele>706.0</ele>
      </trkpt>
      <trkpt lat="43.96922430417142" lon="3.2442737655618985">
        <ele>705.0</ele>
      </trkpt>
      <trkpt lat="43.96933112066106" lon="3.2441271381357506">
        <ele>705.0</ele>
      </trkpt>
      <trkpt lat="43.96943793696069" lon="3.2439805101603274">
        <ele>706.0</ele>
      </trkpt>
      <trkpt lat="43.96959236984674" lon="3.243755205213204">
        <ele>706.0</ele>
      </trkpt>
      <trkpt lat="43.969746802282366" lon="3.243529899045825">
        <ele>706.0</ele>
      </trkpt>
      <trkpt lat="43.96985876561686" lon="3.243342144783401">
        <ele>706.0</ele>
      </trkpt>
      <trkpt lat="43.9699707286362" lon="3.2431543897837414">
        <ele>706.0</ele>
      </trkpt>
      <trkpt lat="43.9700537356478" lon="3.2430041862975356">
        <ele>707.0</ele>
      </trkpt>
      <trkpt lat="43.97013674245705" lon="3.242853982374072">
        <ele>707.0</ele>
      </trkpt>
      <trkpt lat="43.970212027691616" lon="3.242706461073003">
        <ele>707.0</ele>
      </trkpt>
      <trkpt lat="43.97028731273045" lon="3.2425589393824343">
        <ele>707.0</ele>
      </trkpt>
      <trkpt lat="43.9703838319357" lon="3.242296082898975">
        <ele>707.0</ele>
      </trkpt>
      <trkpt lat="43.970468768849074" lon="3.2420841887023935">
        <ele>707.0</ele>
      </trkpt>
      <trkpt lat="43.97055370535598" lon="3.241872293874622">
        <ele>707.0</ele>
      </trkpt>
      <trkpt lat="43.970613547100584" lon="3.2417113615026025">
        <ele>706.0</ele>
      </trkpt>
      <trkpt lat="43.97067338861037" lon="3.241550428792834">
        <ele>706.0</ele>
      </trkpt>
      <trkpt lat="43.97072164802508" lon="3.241384131974639">
        <ele>706.0</ele>
      </trkpt>
      <trkpt lat="43.970769907188185" lon="3.2412178348749876">
        <ele>706.0</ele>
      </trkpt>
      <trkpt lat="43.97084454851901" lon="3.2409835892342143">
        <ele>705.0</ele>
      </trkpt>
      <trkpt lat="43.97091918935118" lon="3.240749342980247">
        <ele>705.0</ele>
      </trkpt>
      <trkpt lat="43.97099382968474" lon="3.2405150961130857">
        <ele>705.0</ele>
      </trkpt>
      <trkpt lat="43.97107104439424" lon="3.2402576043963">
        <ele>705.0</ele>
      </trkpt>
      <trkpt lat="43.971148258500804" lon="3.2400001119822273">
        <ele>705.0</ele>
      </trkpt>
      <trkpt lat="43.971221612297825" lon="3.239745302453574">
        <ele>705.0</ele>
      </trkpt>
      <trkpt lat="43.97129496550415" lon="3.2394904922693972">
        <ele>704.0</ele>
      </trkpt>
      <trkpt lat="43.97136638914173" lon="3.2392557998624185">
        <ele>704.0</ele>
      </trkpt>
      <trkpt lat="43.97143781227849" lon="3.2390211068675567">
        <ele>704.0</ele>
      </trkpt>
      <trkpt lat="43.97150923491444" lon="3.238786413284812">
        <ele>704.0</ele>
      </trkpt>
      <trkpt lat="43.97158065704958" lon="3.2385517191141844">
        <ele>704.0</ele>
      </trkpt>
      <trkpt lat="43.971657870947716" lon="3.2383156850404635">
        <ele>704.0</ele>
      </trkpt>
      <trkpt lat="43.97173508433977" lon="3.2380796503275633">
        <ele>704.0</ele>
      </trkpt>
      <trkpt lat="43.97180264635654" lon="3.237848980625569">
        <ele>704.0</ele>
      </trkpt>
      <trkpt lat="43.97187020788932" lon="3.237618310377002">
        <ele>704.0</ele>
      </trkpt>
      <trkpt lat="43.97193970002379" lon="3.2374171449460265">
        <ele>704.0</ele>
      </trkpt>
      <trkpt lat="43.97200919179096" lon="3.2372159790247688">
        <ele>704.0</ele>
      </trkpt>
      <trkpt lat="43.97207675350159" lon="3.236982627116937">
        <ele>704.0</ele>
      </trkpt>
      <trkpt lat="43.972144314716864" lon="3.236749274656176">
        <ele>704.0</ele>
      </trkpt>
      <trkpt lat="43.97219554070264" lon="3.236566582368415">
        <ele>704.0</ele>
      </trkpt>
      <trkpt lat="43.972246766384686" lon="3.236383889752433">
        <ele>704.0</ele>
      </trkpt>
      <trkpt lat="43.97226013412293" lon="3.236336214467883">
        <ele>704.0</ele>
      </trkpt>
      <trkpt lat="43.97232190438046" lon="3.2360894512385134">
        <ele>704.0</ele>
      </trkpt>
      <trkpt lat="43.97236244121488" lon="3.235907061155153">
        <ele>704.0</ele>
      </trkpt>
      <trkpt lat="43.97240297774599" lon="3.2357246708124885">
        <ele>704.0</ele>
      </trkpt>
      <trkpt lat="43.9724589571859" lon="3.2354671789998264">
        <ele>704.0</ele>
      </trkpt>
      <trkpt lat="43.97251493602122" lon="3.235209686681628">
        <ele>704.0</ele>
      </trkpt>
      <trkpt lat="43.97254775150369" lon="3.2350138855362145">
        <ele>703.0</ele>
      </trkpt>
      <trkpt lat="43.97258056663614" lon="3.2348180841654535">
        <ele>703.0</ele>
      </trkpt>
      <trkpt lat="43.972611451763846" lon="3.2346276474285376">
        <ele>703.0</ele>
      </trkpt>
      <trkpt lat="43.972642336560405" lon="3.2344372104853387">
        <ele>703.0</ele>
      </trkpt>
      <trkpt lat="43.9726693611789" lon="3.234179718541935">
        <ele>703.0</ele>
      </trkpt>
      <trkpt lat="43.97269638519141" lon="3.2339222263544802">
        <ele>703.0</ele>
      </trkpt>
      <trkpt lat="43.97271182787846" lon="3.233696920858242">
        <ele>702.0</ele>
      </trkpt>
      <trkpt lat="43.972727270101366" lon="3.233471615239977">
        <ele>702.0</ele>
      </trkpt>
      <trkpt lat="43.97272920081303" lon="3.2331738900494016">
        <ele>702.0</ele>
      </trkpt>
      <trkpt lat="43.97273113071399" lon="3.232876164838672">
        <ele>703.0</ele>
      </trkpt>
      <trkpt lat="43.9727234094885" lon="3.2325703930109744">
        <ele>703.0</ele>
      </trkpt>
      <trkpt lat="43.97271954902738" lon="3.232388002785614">
        <ele>703.0</ele>
      </trkpt>
      <trkpt lat="43.97271568826203" lon="3.232205612584949">
        <ele>703.0</ele>
      </trkpt>
      <trkpt lat="43.97270603692685" lon="3.2319964002463784">
        <ele>703.0</ele>
      </trkpt>
      <trkpt lat="43.972696385191426" lon="3.231787187978626">
        <ele>703.0</ele>
      </trkpt>
      <trkpt lat="43.97267708231146" lon="3.2315779756046465">
        <ele>704.0</ele>
      </trkpt>
      <trkpt lat="43.97265777903144" lon="3.2313687633723025">
        <ele>704.0</ele>
      </trkpt>
      <trkpt lat="43.972632685188636" lon="3.2311702798178583">
        <ele>704.0</ele>
      </trkpt>
      <trkpt lat="43.97260759098593" lon="3.230971796438098">
        <ele>704.0</ele>
      </trkpt>
      <trkpt lat="43.97257863651273" lon="3.2307652662390844">
        <ele>704.0</ele>
      </trkpt>
      <trkpt lat="43.9725496816499" lon="3.230558736249804">
        <ele>704.0</ele>
      </trkpt>
      <trkpt lat="43.97251686645567" lon="3.2303897569846267">
        <ele>704.0</ele>
      </trkpt>
      <trkpt lat="43.97248405100086" lon="3.230220777913928">
        <ele>705.0</ele>
      </trkpt>
      <trkpt lat="43.972449305479884" lon="3.2300357053791364">
        <ele>705.0</ele>
      </trkpt>
      <trkpt lat="43.972414559646325" lon="3.229850633069873">
        <ele>705.0</ele>
      </trkpt>
      <trkpt lat="43.97237981407138" lon="3.2296736071670273">
        <ele>705.0</ele>
      </trkpt>
      <trkpt lat="43.9723450682105" lon="3.229496581479907">
        <ele>705.0</ele>
      </trkpt>
      <trkpt lat="43.97230260153722" lon="3.2292909451491587">
        <ele>705.0</ele>
      </trkpt>
      <trkpt lat="43.972260134478255" lon="3.229085309124682">
        <ele>705.0</ele>
      </trkpt>
      <trkpt lat="43.97221766703358" lon="3.228879673406482">
        <ele>705.0</ele>
      </trkpt>
      <trkpt lat="43.972169409152514" lon="3.2286543676585655">
        <ele>705.0</ele>
      </trkpt>
      <trkpt lat="43.972121150808526" lon="3.22842906229198">
        <ele>705.0</ele>
      </trkpt>
      <trkpt lat="43.972069032207145" lon="3.228195709894412">
        <ele>705.0</ele>
      </trkpt>
      <trkpt lat="43.97201691310931" lon="3.227962357923388">
        <ele>706.0</ele>
      </trkpt>
      <trkpt lat="43.971962864163444" lon="3.2276941367676795">
        <ele>706.0</ele>
      </trkpt>
      <trkpt lat="43.97190881456129" lon="3.2274259161204095">
        <ele>706.0</ele>
      </trkpt>
      <trkpt lat="43.9718470438741" lon="3.22717915289104">
        <ele>706.0</ele>
      </trkpt>
      <trkpt lat="43.971812297958536" lon="3.227007491409494">
        <ele>706.0</ele>
      </trkpt>
      <trkpt lat="43.97177755177419" lon="3.2268358301371345">
        <ele>707.0</ele>
      </trkpt>
      <trkpt lat="43.9717466664885" lon="3.2266695330881436">
        <ele>707.0</ele>
      </trkpt>
      <trkpt lat="43.971715780950454" lon="3.2265032362192865">
        <ele>707.0</ele>
      </trkpt>
      <trkpt lat="43.97166559210887" lon="3.226283295080066">
        <ele>707.0</ele>
      </trkpt>
      <trkpt lat="43.971607681854366" lon="3.2259989809244876">
        <ele>707.0</ele>
      </trkpt>
      <trkpt lat="43.97156392776936" lon="3.2257897683002836">
        <ele>708.0</ele>
      </trkpt>
      <trkpt lat="43.971520173285114" lon="3.22558055599712">
        <ele>708.0</ele>
      </trkpt>
      <trkpt lat="43.971476418401714" lon="3.2253713440150023">
        <ele>708.0</ele>
      </trkpt>
      <trkpt lat="43.971422368913416" lon="3.2251245805517494">
        <ele>708.0</ele>
      </trkpt>
      <trkpt lat="43.97136831886991" lon="3.2248778175562625">
        <ele>708.0</ele>
      </trkpt>
      <trkpt lat="43.97131619969444" lon="3.2246069141981666">
        <ele>708.0</ele>
      </trkpt>
      <trkpt lat="43.97126407984933" lon="3.2243360113352533">
        <ele>708.0</ele>
      </trkpt>
      <trkpt lat="43.971208099816344" lon="3.2240865656520006">
        <ele>707.0</ele>
      </trkpt>
      <trkpt lat="43.97115211921608" lon="3.2238371204584837">
        <ele>707.0</ele>
      </trkpt>
      <trkpt lat="43.971101930113925" lon="3.2236091324915668">
        <ele>707.0</ele>
      </trkpt>
      <trkpt lat="43.97105174053781" lon="3.223381144925953">
        <ele>707.0</ele>
      </trkpt>
      <trkpt lat="43.971005412051746" lon="3.2231665680304387">
        <ele>707.0</ele>
      </trkpt>
      <trkpt lat="43.970959083145814" lon="3.222951991483569">
        <ele>707.0</ele>
      </trkpt>
      <trkpt lat="43.970924336728146" lon="3.222769601159427">
        <ele>707.0</ele>
      </trkpt>
      <trkpt lat="43.97088959000692" lon="3.222587211057544">
        <ele>707.0</ele>
      </trkpt>
      <trkpt lat="43.970843261202475" lon="3.2223565410822625">
        <ele>707.0</ele>
      </trkpt>
      <trkpt lat="43.97080465396386" lon="3.2221821973782645">
        <ele>707.0</ele>
      </trkpt>
      <trkpt lat="43.970766046448105" lon="3.2220078539103274">
        <ele>707.0</ele>
      </trkpt>
      <trkpt lat="43.97072550885291" lon="3.221795959247525">
        <ele>707.0</ele>
      </trkpt>
      <trkpt lat="43.97068497084801" lon="3.2215840648859744">
        <ele>708.0</ele>
      </trkpt>
      <trkpt lat="43.970630920670544" lon="3.2213238903649355">
        <ele>708.0</ele>
      </trkpt>
      <trkpt lat="43.97057686987568" lon="3.2210637163370848">
        <ele>708.0</ele>
      </trkpt>
      <trkpt lat="43.97051702852684" lon="3.2207767196713317">
        <ele>708.0</ele>
      </trkpt>
      <trkpt lat="43.97045718642679" lon="3.2204897236078978">
        <ele>708.0</ele>
      </trkpt>
      <trkpt lat="43.97039734494345" lon="3.2202080913658024">
        <ele>708.0</ele>
      </trkpt>
      <trkpt lat="43.970337502736754" lon="3.21992645971477">
        <ele>708.0</ele>
      </trkpt>
      <trkpt lat="43.97028538255878" lon="3.2196984717401342">
        <ele>708.0</ele>
      </trkpt>
      <trkpt lat="43.97023326190698" lon="3.219470484182239">
        <ele>708.0</ele>
      </trkpt>
      <trkpt lat="43.97018693280403" lon="3.21924517844195">
        <ele>709.0</ele>
      </trkpt>
      <trkpt lat="43.970140603238036" lon="3.219019873067736">
        <ele>709.0</ele>
      </trkpt>
      <trkpt lat="43.970086552540174" lon="3.218770427392928">
        <ele>709.0</ele>
      </trkpt>
      <trkpt lat="43.97003250127491" lon="3.218520982190967">
        <ele>710.0</ele>
      </trkpt>
      <trkpt lat="43.96999582387361" lon="3.21836809617879">
        <ele>710.0</ele>
      </trkpt>
      <trkpt lat="43.96995914625933" lon="3.2182152103632693">
        <ele>710.0</ele>
      </trkpt>
      <trkpt lat="43.96990895619589" lon="3.217965764705347">
        <ele>711.0</ele>
      </trkpt>
      <trkpt lat="43.969858771322805" lon="3.2177163481032056">
        <ele>711.0</ele>
      </trkpt>
      <trkpt lat="43.96985876556484" lon="3.2177163194864993">
        <ele>712.0</ele>
      </trkpt>
      <trkpt lat="43.969815010233496" lon="3.217496378009772">
        <ele>712.0</ele>
      </trkpt>
      <trkpt lat="43.96977125446081" lon="3.2172764368705487">
        <ele>712.0</ele>
      </trkpt>
      <trkpt lat="43.969727498246804" lon="3.2170564960688353">
        <ele>712.0</ele>
      </trkpt>
      <trkpt lat="43.969658003666886" lon="3.2167721819132558">
        <ele>712.0</ele>
      </trkpt>
      <trkpt lat="43.96974294147568" lon="3.2165361475199465">
        <ele>712.0</ele>
      </trkpt>
      <trkpt lat="43.96978927123423" lon="3.21637789731663">
        <ele>713.0</ele>
      </trkpt>
      <trkpt lat="43.96983560076499" lon="3.2162196468561888">
        <ele>713.0</ele>
      </trkpt>
      <trkpt lat="43.969881930429175" lon="3.216077489893889">
        <ele>713.0</ele>
      </trkpt>
      <trkpt lat="43.96992825990975" lon="3.2159353327006106">
        <ele>713.0</ele>
      </trkpt>
      <trkpt lat="43.97002477969849" lon="3.2156885694712414">
        <ele>713.0</ele>
      </trkpt>
      <trkpt lat="43.97014060323794" lon="3.2155008148401967">
        <ele>714.0</ele>
      </trkpt>
      <trkpt lat="43.970279591187115" lon="3.2152916025370355">
        <ele>714.0</ele>
      </trkpt>
      <trkpt lat="43.97036259773968" lon="3.215162856691716">
        <ele>714.0</ele>
      </trkpt>
      <trkpt lat="43.97044560414466" lon="3.2150341104716063">
        <ele>715.0</ele>
      </trkpt>
      <trkpt lat="43.97054598384734" lon="3.2148034404963255">
        <ele>715.0</ele>
      </trkpt>
      <trkpt lat="43.97060389520739" lon="3.214655919150314">
        <ele>715.0</ele>
      </trkpt>
      <trkpt lat="43.97066180637035" lon="3.2145083975046873">
        <ele>715.0</ele>
      </trkpt>
      <trkpt lat="43.970725508708675" lon="3.214374287203751">
        <ele>716.0</ele>
      </trkpt>
      <trkpt lat="43.97078921088485" lon="3.2142401766031976">
        <ele>716.0</ele>
      </trkpt>
      <trkpt lat="43.97084712201515" lon="3.214087290844605">
        <ele>716.0</ele>
      </trkpt>
      <trkpt lat="43.9709050329336" lon="3.2139344047755003">
        <ele>716.0</ele>
      </trkpt>
      <trkpt lat="43.97098996915688" lon="3.213695688528719">
        <ele>717.0</ele>
      </trkpt>
      <trkpt lat="43.971074904863166" lon="3.213456971570849">
        <ele>717.0</ele>
      </trkpt>
      <trkpt lat="43.971121233586636" lon="3.2132960391606966">
        <ele>717.0</ele>
      </trkpt>
      <trkpt lat="43.97116756207449" lon="3.2131351064890614">
        <ele>718.0</ele>
      </trkpt>
      <trkpt lat="43.97121003006022" lon="3.21294735199784">
        <ele>718.0</ele>
      </trkpt>
      <trkpt lat="43.97125249772457" lon="3.212759597226977">
        <ele>719.0</ele>
      </trkpt>
      <trkpt lat="43.97128338338538" lon="3.212593300268055">
        <ele>719.0</ele>
      </trkpt>
      <trkpt lat="43.971318129734584" lon="3.212378723546864">
        <ele>720.0</ele>
      </trkpt>
      <trkpt lat="43.971368318869814" lon="3.212110502645373">
        <ele>720.0</ele>
      </trkpt>
      <trkpt lat="43.97142622935773" lon="3.211842281743884">
        <ele>721.0</ele>
      </trkpt>
      <trkpt lat="43.97149572186873" lon="3.211606247350573">
        <ele>721.0</ele>
      </trkpt>
      <trkpt lat="43.97159223911015" lon="3.2113809417933243">
        <ele>722.0</ele>
      </trkpt>
      <trkpt lat="43.97167331347179" lon="3.2111395429819822">
        <ele>722.0</ele>
      </trkpt>
      <trkpt lat="43.971731223662346" lon="3.210855228826403">
        <ele>723.0</ele>
      </trkpt>
      <trkpt lat="43.97174473614885" lon="3.2106942963236427">
        <ele>723.0</ele>
      </trkpt>
      <trkpt lat="43.971758248398594" lon="3.2105333637446165">
        <ele>724.0</ele>
      </trkpt>
      <trkpt lat="43.97178334289072" lon="3.21037779569021">
        <ele>725.0</ele>
      </trkpt>
      <trkpt lat="43.971808437161854" lon="3.2102222274988885">
        <ele>725.0</ele>
      </trkpt>
      <trkpt lat="43.9718702078892" lon="3.20994327776134">
        <ele>726.0</ele>
      </trkpt>
      <trkpt lat="43.97189530235392" lon="3.209774298667762">
        <ele>726.0</ele>
      </trkpt>
      <trkpt lat="43.97192039655787" lon="3.2096053194254637">
        <ele>727.0</ele>
      </trkpt>
      <trkpt lat="43.97193004833378" lon="3.2094470691203694">
        <ele>727.0</ele>
      </trkpt>
      <trkpt lat="43.971939699880686" lon="3.2092888187617055">
        <ele>728.0</ele>
      </trkpt>
      <trkpt lat="43.971939699880664" lon="3.209079606458545">
        <ele>728.0</ele>
      </trkpt>
      <trkpt lat="43.97194742134228" lon="3.2089079451048352">
        <ele>729.0</ele>
      </trkpt>
      <trkpt lat="43.97195514253443" lon="3.208736283704639">
        <ele>729.0</ele>
      </trkpt>
      <trkpt lat="43.97198988849065" lon="3.20845196954906">
        <ele>730.0</ele>
      </trkpt>
      <trkpt lat="43.97203042551021" lon="3.2082964015367814">
        <ele>730.0</ele>
      </trkpt>
      <trkpt lat="43.9720709623094" lon="3.2081408333033314">
        <ele>731.0</ele>
      </trkpt>
      <trkpt lat="43.97211149928538" lon="3.2079772186697295">
        <ele>732.0</ele>
      </trkpt>
      <trkpt lat="43.97215203601752" lon="3.207813603803515">
        <ele>732.0</ele>
      </trkpt>
      <trkpt lat="43.97217326958955" lon="3.207567930221558">
        <ele>733.0</ele>
      </trkpt>
      <trkpt lat="43.97216168783102" lon="3.2073640822950256">
        <ele>733.0</ele>
      </trkpt>
      <trkpt lat="43.97215010569252" lon="3.2071602344512953">
        <ele>734.0</ele>
      </trkpt>
      <trkpt lat="43.972142384391525" lon="3.206975162029267">
        <ele>735.0</ele>
      </trkpt>
      <trkpt lat="43.972271716051004" lon="3.206853372976183">
        <ele>735.0</ele>
      </trkpt>
      <trkpt lat="43.97241069901303" lon="3.206724626943468">
        <ele>736.0</ele>
      </trkpt>
      <trkpt lat="43.97252265727369" lon="3.206628067418933">
        <ele>736.0</ele>
      </trkpt>
      <trkpt lat="43.972588287880185" lon="3.2065476011484852">
        <ele>736.0</ele>
      </trkpt>
      <trkpt lat="43.972491772257364" lon="3.2062793802469964">
        <ele>737.0</ele>
      </trkpt>
      <trkpt lat="43.972433862808394" lon="3.20620964281261">
        <ele>737.0</ele>
      </trkpt>
      <trkpt lat="43.9723315559968" lon="3.2060540744106483">
        <ele>737.0</ele>
      </trkpt>
      <trkpt lat="43.97222924896994" lon="3.2058985065668817">
        <ele>738.0</ele>
      </trkpt>
      <trkpt lat="43.97212115080843" lon="3.2056839298456903">
        <ele>738.0</ele>
      </trkpt>
      <trkpt lat="43.97205938034208" lon="3.2054478954523793">
        <ele>738.0</ele>
      </trkpt>
      <trkpt lat="43.97204972881461" lon="3.205289645093717">
        <ele>738.0</ele>
      </trkpt>
      <trkpt lat="43.97204007705817" lon="3.2051313947886233">
        <ele>738.0</ele>
      </trkpt>
      <trkpt lat="43.97208061410338" lon="3.2049382758768292">
        <ele>739.0</ele>
      </trkpt>
      <trkpt lat="43.97212115080845" lon="3.204745156690478">
        <ele>739.0</ele>
      </trkpt>
      <trkpt lat="43.97219643355866" lon="3.2045761777456185">
        <ele>739.0</ele>
      </trkpt>
      <trkpt lat="43.97227171605101" lon="3.2044071983546023">
        <ele>740.0</ele>
      </trkpt>
      <trkpt lat="43.97234506827803" lon="3.2042489482262813">
        <ele>740.0</ele>
      </trkpt>
      <trkpt lat="43.97241842027916" lon="3.2040906976908436">
        <ele>740.0</ele>
      </trkpt>
      <trkpt lat="43.97251107539444" lon="3.2038278412073846">
        <ele>740.0</ele>
      </trkpt>
      <trkpt lat="43.97257284539101" lon="3.203538162633779">
        <ele>741.0</ele>
      </trkpt>
      <trkpt lat="43.97258249708533" lon="3.2033638190773175">
        <ele>741.0</ele>
      </trkpt>
      <trkpt lat="43.97259214850173" lon="3.203189475461841">
        <ele>741.0</ele>
      </trkpt>
      <trkpt lat="43.97260759098583" lon="3.2028997968882322">
        <ele>741.0</ele>
      </trkpt>
      <trkpt lat="43.97261145181141" lon="3.2026879023904007">
        <ele>741.0</ele>
      </trkpt>
      <trkpt lat="43.97261531222635" lon="3.2024760078638788">
        <ele>741.0</ele>
      </trkpt>
      <trkpt lat="43.97260759098583" lon="3.202245337888598">
        <ele>741.0</ele>
      </trkpt>
      <trkpt lat="43.97259986974428" lon="3.202036125585436">
        <ele>741.0</ele>
      </trkpt>
      <trkpt lat="43.97256705460837" lon="3.20184837084635">
        <ele>741.0</ele>
      </trkpt>
      <trkpt lat="43.9725342391507" lon="3.2016606163233514">
        <ele>741.0</ele>
      </trkpt>
      <trkpt lat="43.972482120807435" lon="3.2014827940850483">
        <ele>742.0</ele>
      </trkpt>
      <trkpt lat="43.972430002176566" lon="3.201304972171785">
        <ele>742.0</ele>
      </trkpt>
      <trkpt lat="43.972364371395265" lon="3.2010528445243835">
        <ele>742.0</ele>
      </trkpt>
      <trkpt lat="43.9722639947659" lon="3.2007765769958496">
        <ele>742.0</ele>
      </trkpt>
      <trkpt lat="43.97218678185863" lon="3.200511038303376">
        <ele>742.0</ele>
      </trkpt>
      <trkpt lat="43.97213659350265" lon="3.200356266325098">
        <ele>743.0</ele>
      </trkpt>
      <trkpt lat="43.97208640492903" lon="3.2002014946192503">
        <ele>743.0</ele>
      </trkpt>
      <trkpt lat="43.97198602782993" lon="3.1999343633651742">
        <ele>743.0</ele>
      </trkpt>
      <trkpt lat="43.97193583939595" lon="3.1997246060536977">
        <ele>743.0</ele>
      </trkpt>
      <trkpt lat="43.97188565056103" lon="3.1995148491114374">
        <ele>744.0</ele>
      </trkpt>
      <trkpt lat="43.97185090464781" lon="3.1993565986831367">
        <ele>744.0</ele>
      </trkpt>
      <trkpt lat="43.97181615850627" lon="3.1991983484476805">
        <ele>744.0</ele>
      </trkpt>
      <trkpt lat="43.97178527324816" lon="3.199027231801757">
        <ele>745.0</ele>
      </trkpt>
      <trkpt lat="43.97175438772281" lon="3.198856115341188">
        <ele>745.0</ele>
      </trkpt>
      <trkpt lat="43.97172832827683" lon="3.198688477201151">
        <ele>745.0</ele>
      </trkpt>
      <trkpt lat="43.97170226857419" lon="3.198520839214326">
        <ele>745.0</ele>
      </trkpt>
      <trkpt lat="43.9716733134719" lon="3.1982553005218515">
        <ele>746.0</ele>
      </trkpt>
      <trkpt lat="43.97167138313124" lon="3.198027312755586">
        <ele>746.0</ele>
      </trkpt>
      <trkpt lat="43.97166559210877" lon="3.1978583335876465">
        <ele>746.0</ele>
      </trkpt>
      <trkpt lat="43.97168682585465" lon="3.1976115703582773">
        <ele>746.0</ele>
      </trkpt>
      <trkpt lat="43.97172350260149" lon="3.197352737354809">
        <ele>746.0</ele>
      </trkpt>
      <trkpt lat="43.9717601787364" lon="3.1970939040184034">
        <ele>746.0</ele>
      </trkpt>
      <trkpt lat="43.971784308077524" lon="3.196926266025903">
        <ele>746.0</ele>
      </trkpt>
      <trkpt lat="43.971808437161954" lon="3.196758627891541">
        <ele>746.0</ele>
      </trkpt>
      <trkpt lat="43.971837392343254" lon="3.1965762377711378">
        <ele>746.0</ele>
      </trkpt>
      <trkpt lat="43.97186634722076" lon="3.1963938474655156">
        <ele>747.0</ele>
      </trkpt>
      <trkpt lat="43.97195128187129" lon="3.1962103676050893">
        <ele>747.0</ele>
      </trkpt>
      <trkpt lat="43.972063240998" lon="3.1960387062281366">
        <ele>747.0</ele>
      </trkpt>
      <trkpt lat="43.97214431471666" lon="3.195899231359363">
        <ele>747.0</ele>
      </trkpt>
      <trkpt lat="43.972209945741156" lon="3.1958026718348265">
        <ele>748.0</ele>
      </trkpt>
      <trkpt lat="43.97231418310158" lon="3.195609552785755">
        <ele>748.0</ele>
      </trkpt>
      <trkpt lat="43.97241842027907" lon="3.1954164337366815">
        <ele>748.0</ele>
      </trkpt>
      <trkpt lat="43.97252651789949" lon="3.1952394079416977">
        <ele>748.0</ele>
      </trkpt>
      <trkpt lat="43.97263075470431" lon="3.1950248312205067">
        <ele>749.0</ele>
      </trkpt>
      <trkpt lat="43.972750433773086" lon="3.194831712171435">
        <ele>749.0</ele>
      </trkpt>
      <trkpt lat="43.97288169440992" lon="3.1946546863764524">
        <ele>749.0</ele>
      </trkpt>
      <trkpt lat="43.97293960342215" lon="3.194590313360094">
        <ele>749.0</ele>
      </trkpt>
      <trkpt lat="43.97300137297294" lon="3.1944508384913215">
        <ele>749.0</ele>
      </trkpt>
      <trkpt lat="43.97303997890962" lon="3.1942684482783075">
        <ele>749.0</ele>
      </trkpt>
      <trkpt lat="43.97305928186852" lon="3.194000227376819">
        <ele>749.0</ele>
      </trkpt>
      <trkpt lat="43.97309402717878" lon="3.1938714813441043">
        <ele>749.0</ele>
      </trkpt>
      <trkpt lat="43.973163517738215" lon="3.19373737089336">
        <ele>749.0</ele>
      </trkpt>
      <trkpt lat="43.973202123569465" lon="3.1936139892786732">
        <ele>749.0</ele>
      </trkpt>
      <trkpt lat="43.97328705631007" lon="3.1934691499918704">
        <ele>749.0</ele>
      </trkpt>
      <trkpt lat="43.97333338320806" lon="3.1933028530329484">
        <ele>749.0</ele>
      </trkpt>
      <trkpt lat="43.97333338545647" lon="3.1933028233531857">
        <ele>749.0</ele>
      </trkpt>
    </trkseg>
  </trk>
</gpx>