<?xml version="1.0" encoding="UTF-8"?>
<gpx xmlns="http://www.topografix.com/GPX/1/1" xmlns:xsi="http://www.w3.org/2001/XMLSchema-instance" xsi:schemaLocation="http://www.topografix.com/GPX/1/1 http://www.topografix.com/GPX/1/1/gpx.xsd" version="1.1" creator="gpx.py -- https://github.com/tkrajina/gpxpy">
  <wpt lat="44.096361826446525" lon="3.0931062530726194">
    <ele>360.0</ele>
    <name>Archéologie: Site archéologique de la Graufesenque</name>
    <desc>&lt;p&gt;Dans la plaine alluviale de la Graufesenque, des fouilles ont mis au jour les restes d'une agglom&amp;eacute;ration gallo-romaine appel&amp;eacute;e Condatomagus (signifiant le march&amp;eacute; du confluent).&lt;/p&gt;
&lt;p&gt;Au Ier si&amp;egrave;cle de notre &amp;egrave;re, plus de 600 ateliers de potiers fabriquaient l&amp;agrave; de la vaisselle en terre cuite rouge, dite sigil&amp;eacute;e, qui &amp;eacute;tait export&amp;eacute;e dans tout l'empire romain. Millau &amp;eacute;tait alors la capitale de la c&amp;eacute;ramique antique.&lt;/p&gt;</desc>
  </wpt>
  <trk>
    <name>[Itinéraire] Gravel N°05 - Des Gorges du Tarn à la Pouncho d’Agast via le Causse Noir</name>
    <desc>&lt;ol&gt;
&lt;li&gt;Au d&amp;eacute;part de Millau , vous longerez le Tarn avant d&amp;rsquo;entamer une belle mont&amp;eacute;e sous le Viaduc pour arriver au Puech d&amp;rsquo;Auzet.&lt;/li&gt;
&lt;li&gt;La descente vers Aguessac vous emm&amp;egrave;nera jusqu&amp;rsquo;&amp;agrave; l&amp;rsquo;entr&amp;eacute;e des gorges du Tarn.&lt;/li&gt;
&lt;li&gt;Vous entamerez ensuite une belle remont&amp;eacute;e sur le Causse Noir via les lacets de Peyreleau avec une superbe vue sur le Tarn.&lt;/li&gt;
&lt;li&gt;La travers&amp;eacute;e du causse se fera par de tr&amp;egrave;s belles pistes roulantes dans les bois pour arriver &amp;agrave; la Pouncho d&amp;rsquo;Agast avant de redescendre par la route vers Millau.&lt;/li&gt;
&lt;/ol&gt;
&lt;p&gt;Points D&amp;rsquo;int&amp;eacute;r&amp;ecirc;ts :&lt;/p&gt;
&lt;ul&gt;
&lt;li&gt;Aguessac 25Km (Ravitaillement)&lt;/li&gt;
&lt;li&gt;Detour Cit&amp;eacute; des Pierres 50Km (Point de Vue)&lt;/li&gt;
&lt;li&gt;Pouncho d&amp;rsquo;Agast 70Km (Point de Vue)&lt;/li&gt;
&lt;/ul&gt;
&lt;br /&gt;
&lt;p class="Default"&gt;68% de routes et 32% de chemins&lt;br /&gt;&lt;br /&gt;Temps de roulage en fonction de votre niveau : 4h30 &amp;agrave; 6h30&lt;/p&gt;Modifié: 6 jours</desc>
    <trkseg>
      <trkpt lat="44.10344819822664" lon="3.0884354375302796">
        <ele>359.0</ele>
      </trkpt>
      <trkpt lat="44.1033114483416" lon="3.0882932804524894">
        <ele>359.0</ele>
      </trkpt>
      <trkpt lat="44.103226701821086" lon="3.0881390532044235">
        <ele>359.0</ele>
      </trkpt>
      <trkpt lat="44.10314195508742" lon="3.0879848264157763">
        <ele>359.0</ele>
      </trkpt>
      <trkpt lat="44.10307131031751" lon="3.0878516363252477">
        <ele>359.0</ele>
      </trkpt>
      <trkpt lat="44.102949348526664" lon="3.087978959083557">
        <ele>359.0</ele>
      </trkpt>
      <trkpt lat="44.10284148857865" lon="3.088021874427795">
        <ele>359.0</ele>
      </trkpt>
      <trkpt lat="44.102794391695525" lon="3.0880505683846655">
        <ele>359.0</ele>
      </trkpt>
      <trkpt lat="44.10271821982553" lon="3.0880969762802115">
        <ele>359.0</ele>
      </trkpt>
      <trkpt lat="44.10279141067864" lon="3.088225722312927">
        <ele>359.0</ele>
      </trkpt>
      <trkpt lat="44.10289156643602" lon="3.08840274810791">
        <ele>358.0</ele>
      </trkpt>
      <trkpt lat="44.10297246134692" lon="3.0885905027389526">
        <ele>358.0</ele>
      </trkpt>
      <trkpt lat="44.103034095490514" lon="3.0888372659683228">
        <ele>358.0</ele>
      </trkpt>
      <trkpt lat="44.103099581697634" lon="3.0891323089599605">
        <ele>358.0</ele>
      </trkpt>
      <trkpt lat="44.10312654668945" lon="3.0892878770090992">
        <ele>358.0</ele>
      </trkpt>
      <trkpt lat="44.103153511460796" lon="3.0894434452056876">
        <ele>358.0</ele>
      </trkpt>
      <trkpt lat="44.103195884811605" lon="3.089711666107178">
        <ele>358.0</ele>
      </trkpt>
      <trkpt lat="44.10321514541559" lon="3.0899423360824585">
        <ele>358.0</ele>
      </trkpt>
      <trkpt lat="44.103188180568296" lon="3.090156912803649">
        <ele>359.0</ele>
      </trkpt>
      <trkpt lat="44.103130398711144" lon="3.0903768539428698">
        <ele>359.0</ele>
      </trkpt>
      <trkpt lat="44.10303409549052" lon="3.0905967950820927">
        <ele>359.0</ele>
      </trkpt>
      <trkpt lat="44.10292238355797" lon="3.0908113718032846">
        <ele>359.0</ele>
      </trkpt>
      <trkpt lat="44.10282030178023" lon="3.0910071730613717">
        <ele>359.0</ele>
      </trkpt>
      <trkpt lat="44.102787558531034" lon="3.091084957122803">
        <ele>359.0</ele>
      </trkpt>
      <trkpt lat="44.102643102803164" lon="3.0910339951515193">
        <ele>359.0</ele>
      </trkpt>
      <trkpt lat="44.1025847297449" lon="3.091020988935869">
        <ele>359.0</ele>
      </trkpt>
      <trkpt lat="44.10254679878873" lon="3.0910125374794006">
        <ele>358.0</ele>
      </trkpt>
      <trkpt lat="44.10246012504154" lon="3.09098571538925">
        <ele>358.0</ele>
      </trkpt>
      <trkpt lat="44.10240812073228" lon="3.091055452823638">
        <ele>358.0</ele>
      </trkpt>
      <trkpt lat="44.10231952069258" lon="3.0910956859588623">
        <ele>358.0</ele>
      </trkpt>
      <trkpt lat="44.102194324757946" lon="3.091152012348174">
        <ele>357.0</ele>
      </trkpt>
      <trkpt lat="44.102003641209656" lon="3.091267347335816">
        <ele>357.0</ele>
      </trkpt>
      <trkpt lat="44.10180140041055" lon="3.0913692712783813">
        <ele>357.0</ele>
      </trkpt>
      <trkpt lat="44.10176095216771" lon="3.091369271278381">
        <ele>357.0</ele>
      </trkpt>
      <trkpt lat="44.101662720605674" lon="3.0913290381431584">
        <ele>357.0</ele>
      </trkpt>
      <trkpt lat="44.10156641499416" lon="3.091294169425964">
        <ele>357.0</ele>
      </trkpt>
      <trkpt lat="44.10152981882066" lon="3.091267347335816">
        <ele>357.0</ele>
      </trkpt>
      <trkpt lat="44.10148551815926" lon="3.0911949276924133">
        <ele>357.0</ele>
      </trkpt>
      <trkpt lat="44.10141232568979" lon="3.0911037325859074">
        <ele>357.0</ele>
      </trkpt>
      <trkpt lat="44.10134491149271" lon="3.091173470020294">
        <ele>358.0</ele>
      </trkpt>
      <trkpt lat="44.10121586124389" lon="3.091331720352173">
        <ele>358.0</ele>
      </trkpt>
      <trkpt lat="44.10108681071339" lon="3.091449737548829">
        <ele>358.0</ele>
      </trkpt>
      <trkpt lat="44.10091923721579" lon="3.091570436954497">
        <ele>358.0</ele>
      </trkpt>
      <trkpt lat="44.10085952700429" lon="3.0916106700897203">
        <ele>358.0</ele>
      </trkpt>
      <trkpt lat="44.10080752128706" lon="3.091747462749479">
        <ele>358.0</ele>
      </trkpt>
      <trkpt lat="44.100780555341615" lon="3.091844022274017">
        <ele>358.0</ele>
      </trkpt>
      <trkpt lat="44.10076899850409" lon="3.0919781327247615">
        <ele>358.0</ele>
      </trkpt>
      <trkpt lat="44.10075358938385" lon="3.092109560966492">
        <ele>358.0</ele>
      </trkpt>
      <trkpt lat="44.100699657431434" lon="3.0922356247901917">
        <ele>358.0</ele>
      </trkpt>
      <trkpt lat="44.100586014942074" lon="3.0924099683761592">
        <ele>358.0</ele>
      </trkpt>
      <trkpt lat="44.100505116765696" lon="3.0925440788269043">
        <ele>358.0</ele>
      </trkpt>
      <trkpt lat="44.10047429838373" lon="3.092584311962128">
        <ele>358.0</ele>
      </trkpt>
      <trkpt lat="44.100354877001685" lon="3.0926808714866634">
        <ele>358.0</ele>
      </trkpt>
      <trkpt lat="44.100254716946864" lon="3.092753291130065">
        <ele>358.0</ele>
      </trkpt>
      <trkpt lat="44.10020463685584" lon="3.0928364396095267">
        <ele>359.0</ele>
      </trkpt>
      <trkpt lat="44.100129516639775" lon="3.09300810098648">
        <ele>359.0</ele>
      </trkpt>
      <trkpt lat="44.10001587305453" lon="3.0931717157363883">
        <ele>359.0</ele>
      </trkpt>
      <trkpt lat="44.099913786257865" lon="3.0932548642158495">
        <ele>359.0</ele>
      </trkpt>
      <trkpt lat="44.0997423570895" lon="3.0933085083961487">
        <ele>359.0</ele>
      </trkpt>
      <trkpt lat="44.099674940988294" lon="3.0933353304862976">
        <ele>360.0</ele>
      </trkpt>
      <trkpt lat="44.099701907437996" lon="3.0934694409370422">
        <ele>360.0</ele>
      </trkpt>
      <trkpt lat="44.09973080004903" lon="3.0936008691787715">
        <ele>360.0</ele>
      </trkpt>
      <trkpt lat="44.09974235708946" lon="3.09373766183853">
        <ele>360.0</ele>
      </trkpt>
      <trkpt lat="44.09969420273931" lon="3.09387445449829">
        <ele>360.0</ele>
      </trkpt>
      <trkpt lat="44.09960174627702" lon="3.094075620174408">
        <ele>360.0</ele>
      </trkpt>
      <trkpt lat="44.09952855147517" lon="3.0942311882972713">
        <ele>360.0</ele>
      </trkpt>
      <trkpt lat="44.09940912818286" lon="3.0942419171333304">
        <ele>360.0</ele>
      </trkpt>
      <trkpt lat="44.09934171170197" lon="3.094247281551361">
        <ele>359.0</ele>
      </trkpt>
      <trkpt lat="44.09927622133224" lon="3.0940943956375144">
        <ele>359.0</ele>
      </trkpt>
      <trkpt lat="44.09918569040775" lon="3.093855679035188">
        <ele>359.0</ele>
      </trkpt>
      <trkpt lat="44.09911442128452" lon="3.093737661838531">
        <ele>359.0</ele>
      </trkpt>
      <trkpt lat="44.099018111522085" lon="3.093665242195129">
        <ele>359.0</ele>
      </trkpt>
      <trkpt lat="44.09890639191793" lon="3.0935901401952624">
        <ele>359.0</ele>
      </trkpt>
      <trkpt lat="44.098794672269065" lon="3.0935150384902963">
        <ele>359.0</ele>
      </trkpt>
      <trkpt lat="44.09866369024542" lon="3.093413114547731">
        <ele>359.0</ele>
      </trkpt>
      <trkpt lat="44.098553896266786" lon="3.0932924151420598">
        <ele>359.0</ele>
      </trkpt>
      <trkpt lat="44.09846432731507" lon="3.0931971965721528">
        <ele>359.0</ele>
      </trkpt>
      <trkpt lat="44.09837475828498" lon="3.0931019783020024">
        <ele>359.0</ele>
      </trkpt>
      <trkpt lat="44.09825533266224" lon="3.0929812788963327">
        <ele>359.0</ele>
      </trkpt>
      <trkpt lat="44.09807812000334" lon="3.0928337574005127">
        <ele>359.0</ele>
      </trkpt>
      <trkpt lat="44.09790090681337" lon="3.0926862359046945">
        <ele>359.0</ele>
      </trkpt>
      <trkpt lat="44.09776221785938" lon="3.092568218708037">
        <ele>358.0</ele>
      </trkpt>
      <trkpt lat="44.09760619239732" lon="3.0924180150032043">
        <ele>358.0</ele>
      </trkpt>
      <trkpt lat="44.097477133988" lon="3.09229999780655">
        <ele>358.0</ele>
      </trkpt>
      <trkpt lat="44.097336517788484" lon="3.0922195315361036">
        <ele>358.0</ele>
      </trkpt>
      <trkpt lat="44.097249836402995" lon="3.0921551585197444">
        <ele>358.0</ele>
      </trkpt>
      <trkpt lat="44.097080325770854" lon="3.092039823532105">
        <ele>358.0</ele>
      </trkpt>
      <trkpt lat="44.09693778236317" lon="3.0919432640075692">
        <ele>358.0</ele>
      </trkpt>
      <trkpt lat="44.096795238611854" lon="3.091884255409241">
        <ele>358.0</ele>
      </trkpt>
      <trkpt lat="44.09659105372078" lon="3.0917957425117497">
        <ele>358.0</ele>
      </trkpt>
      <trkpt lat="44.09640420466489" lon="3.0917045474052425">
        <ele>359.0</ele>
      </trkpt>
      <trkpt lat="44.0962828486717" lon="3.0916321276073995">
        <ele>359.0</ele>
      </trkpt>
      <trkpt lat="44.09616149263863" lon="3.091559708118439">
        <ele>359.0</ele>
      </trkpt>
      <trkpt lat="44.096072883237824" lon="3.091498017311096">
        <ele>360.0</ele>
      </trkpt>
      <trkpt lat="44.09593611629359" lon="3.091425597667694">
        <ele>360.0</ele>
      </trkpt>
      <trkpt lat="44.0957935701276" lon="3.091350495815277">
        <ele>361.0</ele>
      </trkpt>
      <trkpt lat="44.095660655149715" lon="3.091331720352173">
        <ele>361.0</ele>
      </trkpt>
      <trkpt lat="44.095508476764735" lon="3.0911707878112784">
        <ele>361.0</ele>
      </trkpt>
      <trkpt lat="44.09537170851506" lon="3.0909991264343257">
        <ele>362.0</ele>
      </trkpt>
      <trkpt lat="44.09526672419935" lon="3.090871721271075">
        <ele>362.0</ele>
      </trkpt>
      <trkpt lat="44.09516173974151" lon="3.090744316577912">
        <ele>362.0</ele>
      </trkpt>
      <trkpt lat="44.09507216565742" lon="3.090642392474913">
        <ele>362.0</ele>
      </trkpt>
      <trkpt lat="44.09498259148288" lon="3.09054046869278">
        <ele>362.0</ele>
      </trkpt>
      <trkpt lat="44.094877606460166" lon="3.0904278157063265">
        <ele>362.0</ele>
      </trkpt>
      <trkpt lat="44.09477262132763" lon="3.090315163135528">
        <ele>363.0</ele>
      </trkpt>
      <trkpt lat="44.094622366997356" lon="3.090178370475769">
        <ele>363.0</ele>
      </trkpt>
      <trkpt lat="44.09450486013986" lon="3.090108633041382">
        <ele>363.0</ele>
      </trkpt>
      <trkpt lat="44.094327692116664" lon="3.0899906530535746">
        <ele>364.0</ele>
      </trkpt>
      <trkpt lat="44.09432763624074" lon="3.0899906158447266">
        <ele>364.0</ele>
      </trkpt>
      <trkpt lat="44.094203386459" lon="3.089904784968852">
        <ele>365.0</ele>
      </trkpt>
      <trkpt lat="44.09407913661843" lon="3.089818954467774">
        <ele>366.0</ele>
      </trkpt>
      <trkpt lat="44.093976076337555" lon="3.089726418089177">
        <ele>366.0</ele>
      </trkpt>
      <trkpt lat="44.093873015984315" lon="3.0896338820457463">
        <ele>367.0</ele>
      </trkpt>
      <trkpt lat="44.0937516548264" lon="3.0895252523489813">
        <ele>368.0</ele>
      </trkpt>
      <trkpt lat="44.093630293568836" lon="3.0894166231155404">
        <ele>369.0</ele>
      </trkpt>
      <trkpt lat="44.09346847807171" lon="3.0892825126647954">
        <ele>370.0</ele>
      </trkpt>
      <trkpt lat="44.093368306312655" lon="3.0891792474359514">
        <ele>371.0</ele>
      </trkpt>
      <trkpt lat="44.09326813446173" lon="3.0890759825706464">
        <ele>372.0</ele>
      </trkpt>
      <trkpt lat="44.09315158804381" lon="3.088966011775822">
        <ele>372.0</ele>
      </trkpt>
      <trkpt lat="44.09303504152292" lon="3.0888560414314266">
        <ele>372.0</ele>
      </trkpt>
      <trkpt lat="44.09285396042402" lon="3.0886736512184148">
        <ele>373.0</ele>
      </trkpt>
      <trkpt lat="44.09271911243694" lon="3.0885046720504774">
        <ele>373.0</ele>
      </trkpt>
      <trkpt lat="44.09261893944757" lon="3.0883517861366276">
        <ele>373.0</ele>
      </trkpt>
      <trkpt lat="44.09247831169534" lon="3.0881184339523324">
        <ele>373.0</ele>
      </trkpt>
      <trkpt lat="44.09240896094001" lon="3.0879843233381576">
        <ele>373.0</ele>
      </trkpt>
      <trkpt lat="44.09233961002313" lon="3.087850213050842">
        <ele>372.0</ele>
      </trkpt>
      <trkpt lat="44.09223173071989" lon="3.087667822837828">
        <ele>372.0</ele>
      </trkpt>
      <trkpt lat="44.09219705518785" lon="3.0875605344772343">
        <ele>371.0</ele>
      </trkpt>
      <trkpt lat="44.09217393815503" lon="3.087447881698607">
        <ele>370.0</ele>
      </trkpt>
      <trkpt lat="44.092181643833605" lon="3.0872386693954468">
        <ele>369.0</ele>
      </trkpt>
      <trkpt lat="44.092220172373445" lon="3.08704286826992">
        <ele>368.0</ele>
      </trkpt>
      <trkpt lat="44.09225870056417" lon="3.0868470668792733">
        <ele>367.0</ele>
      </trkpt>
      <trkpt lat="44.092283744096655" lon="3.0866834522013646">
        <ele>366.0</ele>
      </trkpt>
      <trkpt lat="44.09230878738514" lon="3.086519837379455">
        <ele>365.0</ele>
      </trkpt>
      <trkpt lat="44.09232419870618" lon="3.086208701133727">
        <ele>364.0</ele>
      </trkpt>
      <trkpt lat="44.0923877706055" lon="3.0859619381800076">
        <ele>364.0</ele>
      </trkpt>
      <trkpt lat="44.09245134195124" lon="3.085715174674986">
        <ele>363.0</ele>
      </trkpt>
      <trkpt lat="44.09252261925575" lon="3.0855086448395115">
        <ele>363.0</ele>
      </trkpt>
      <trkpt lat="44.09259389617371" lon="3.085302114486693">
        <ele>362.0</ele>
      </trkpt>
      <trkpt lat="44.092670952367115" lon="3.085100948810577">
        <ele>362.0</ele>
      </trkpt>
      <trkpt lat="44.09277305166867" lon="3.0849239230155954">
        <ele>362.0</ele>
      </trkpt>
      <trkpt lat="44.09285396042401" lon="3.084720075130463">
        <ele>362.0</ele>
      </trkpt>
      <trkpt lat="44.09288285638125" lon="3.08453768491745">
        <ele>362.0</ele>
      </trkpt>
      <trkpt lat="44.09288092998456" lon="3.0842909216880803">
        <ele>362.0</ele>
      </trkpt>
      <trkpt lat="44.092838549241065" lon="3.0840468406677237">
        <ele>362.0</ele>
      </trkpt>
      <trkpt lat="44.09277112526841" lon="3.0838483572006226">
        <ele>363.0</ele>
      </trkpt>
      <trkpt lat="44.092674805174134" lon="3.0837196111679073">
        <ele>363.0</ele>
      </trkpt>
      <trkpt lat="44.09255922085393" lon="3.0836150050163265">
        <ele>363.0</ele>
      </trkpt>
      <trkpt lat="44.092393549601006" lon="3.0834916234016414">
        <ele>364.0</ele>
      </trkpt>
      <trkpt lat="44.092206687282065" lon="3.0833333730697636">
        <ele>364.0</ele>
      </trkpt>
      <trkpt lat="44.09211614551213" lon="3.0832287667517564">
        <ele>365.0</ele>
      </trkpt>
      <trkpt lat="44.092025603646775" lon="3.0831241607666016">
        <ele>365.0</ele>
      </trkpt>
      <trkpt lat="44.09194854661254" lon="3.082998096942901">
        <ele>365.0</ele>
      </trkpt>
      <trkpt lat="44.091863783758875" lon="3.082711100578307">
        <ele>365.0</ele>
      </trkpt>
      <trkpt lat="44.09182332871794" lon="3.0825287103652954">
        <ele>364.0</ele>
      </trkpt>
      <trkpt lat="44.091894606628934" lon="3.0825126171112056">
        <ele>364.0</ele>
      </trkpt>
      <trkpt lat="44.09204679431371" lon="3.082544803619385">
        <ele>363.0</ele>
      </trkpt>
      <trkpt lat="44.09217393815515" lon="3.082504570484161">
        <ele>362.0</ele>
      </trkpt>
      <trkpt lat="44.09227025906518" lon="3.0824911594390874">
        <ele>362.0</ele>
      </trkpt>
      <trkpt lat="44.09240510807568" lon="3.0824831128120427">
        <ele>361.0</ele>
      </trkpt>
      <trkpt lat="44.09247060605555" lon="3.0824214220046997">
        <ele>360.0</ele>
      </trkpt>
      <trkpt lat="44.09247131651147" lon="3.082420298686461">
        <ele>360.0</ele>
      </trkpt>
      <trkpt lat="44.09258426414256" lon="3.0822417140007023">
        <ele>360.0</ele>
      </trkpt>
      <trkpt lat="44.092697922011176" lon="3.082078099250794">
        <ele>359.0</ele>
      </trkpt>
      <trkpt lat="44.09277883086926" lon="3.081960082054138">
        <ele>359.0</ele>
      </trkpt>
      <trkpt lat="44.09281735885803" lon="3.0819010734558097">
        <ele>359.0</ele>
      </trkpt>
      <trkpt lat="44.09295220662106" lon="3.081769645214081">
        <ele>359.0</ele>
      </trkpt>
      <trkpt lat="44.093031188739474" lon="3.0815953016281123">
        <ele>359.0</ele>
      </trkpt>
      <trkpt lat="44.093114023530774" lon="3.0813378095626835">
        <ele>359.0</ele>
      </trkpt>
      <trkpt lat="44.09316218323989" lon="3.081091046333313">
        <ele>359.0</ele>
      </trkpt>
      <trkpt lat="44.093201674288764" lon="3.080922067282636">
        <ele>359.0</ele>
      </trkpt>
      <trkpt lat="44.09324116507789" lon="3.0807530879974365">
        <ele>359.0</ele>
      </trkpt>
      <trkpt lat="44.093261547272306" lon="3.080646666376603">
        <ele>359.0</ele>
      </trkpt>
      <trkpt lat="44.09329510383345" lon="3.0804714560508724">
        <ele>359.0</ele>
      </trkpt>
      <trkpt lat="44.09325657615591" lon="3.0803883075714107">
        <ele>359.0</ele>
      </trkpt>
      <trkpt lat="44.09319493181967" lon="3.080267608165742">
        <ele>359.0</ele>
      </trkpt>
      <trkpt lat="44.093187226273116" lon="3.080010116100311">
        <ele>359.0</ele>
      </trkpt>
      <trkpt lat="44.093188189646284" lon="3.0798116326365683">
        <ele>359.0</ele>
      </trkpt>
      <trkpt lat="44.09318915265986" lon="3.0796131491661067">
        <ele>359.0</ele>
      </trkpt>
      <trkpt lat="44.09318144711253" lon="3.0793315172195435">
        <ele>359.0</ele>
      </trkpt>
      <trkpt lat="44.09316796240233" lon="3.079041838645934">
        <ele>359.0</ele>
      </trkpt>
      <trkpt lat="44.09315062491328" lon="3.0788728594779973">
        <ele>359.0</ele>
      </trkpt>
      <trkpt lat="44.09313714019607" lon="3.0786877870559697">
        <ele>359.0</ele>
      </trkpt>
      <trkpt lat="44.09312847157939" lon="3.0785174667575794">
        <ele>359.0</ele>
      </trkpt>
      <trkpt lat="44.09311980269799" lon="3.0783471465110788">
        <ele>359.0</ele>
      </trkpt>
      <trkpt lat="44.09310053880526" lon="3.078111112117768">
        <ele>359.0</ele>
      </trkpt>
      <trkpt lat="44.09304852626356" lon="3.077893853187562">
        <ele>359.0</ele>
      </trkpt>
      <trkpt lat="44.09298688171043" lon="3.0776095390319833">
        <ele>359.0</ele>
      </trkpt>
      <trkpt lat="44.092936795463686" lon="3.0774298310279846">
        <ele>359.0</ele>
      </trkpt>
      <trkpt lat="44.09288670917456" lon="3.077199161052704">
        <ele>359.0</ele>
      </trkpt>
      <trkpt lat="44.09283084364817" lon="3.0769738554954533">
        <ele>359.0</ele>
      </trkpt>
      <trkpt lat="44.09276919886817" lon="3.07678073644638">
        <ele>359.0</ele>
      </trkpt>
      <trkpt lat="44.092678657981025" lon="3.0765473842620845">
        <ele>359.0</ele>
      </trkpt>
      <trkpt lat="44.09264398271092" lon="3.0764240026474003">
        <ele>359.0</ele>
      </trkpt>
      <trkpt lat="44.092642056306445" lon="3.0763596296310416">
        <ele>359.0</ele>
      </trkpt>
      <trkpt lat="44.092617013042386" lon="3.0762818455696115">
        <ele>359.0</ele>
      </trkpt>
      <trkpt lat="44.092565000075396" lon="3.0761370062828073">
        <ele>359.0</ele>
      </trkpt>
      <trkpt lat="44.092497575790865" lon="3.076008260250092">
        <ele>359.0</ele>
      </trkpt>
      <trkpt lat="44.09241281372414" lon="3.0758821964263916">
        <ele>359.0</ele>
      </trkpt>
      <trkpt lat="44.092368908783655" lon="3.0758086135366343">
        <ele>359.0</ele>
      </trkpt>
      <trkpt lat="44.09230879166496" lon="3.0757078600130088">
        <ele>359.0</ele>
      </trkpt>
      <trkpt lat="44.09230878738525" lon="3.0757078528404236">
        <ele>359.0</ele>
      </trkpt>
      <trkpt lat="44.092224025047926" lon="3.0754637718200684">
        <ele>359.0</ele>
      </trkpt>
      <trkpt lat="44.09214311543083" lon="3.0752679705619808">
        <ele>359.0</ele>
      </trkpt>
      <trkpt lat="44.0920545000088" lon="3.075061440467835">
        <ele>359.0</ele>
      </trkpt>
      <trkpt lat="44.0919581787474" lon="3.074873685836792">
        <ele>359.0</ele>
      </trkpt>
      <trkpt lat="44.091895995156364" lon="3.0747471462582854">
        <ele>359.0</ele>
      </trkpt>
      <trkpt lat="44.0918580044691" lon="3.074669837951661">
        <ele>359.0</ele>
      </trkpt>
      <trkpt lat="44.091763609418" lon="3.074474036368803">
        <ele>359.0</ele>
      </trkpt>
      <trkpt lat="44.09166921402183" lon="3.0742782354354867">
        <ele>359.0</ele>
      </trkpt>
      <trkpt lat="44.09159023013672" lon="3.074125349309451">
        <ele>359.0</ele>
      </trkpt>
      <trkpt lat="44.09151124604168" lon="3.0739724636077885">
        <ele>359.0</ele>
      </trkpt>
      <trkpt lat="44.09142840905977" lon="3.0738142130455657">
        <ele>359.0</ele>
      </trkpt>
      <trkpt lat="44.091345571853054" lon="3.0736559629440308">
        <ele>359.0</ele>
      </trkpt>
      <trkpt lat="44.091256955337734" lon="3.073462843594248">
        <ele>359.0</ele>
      </trkpt>
      <trkpt lat="44.09116833848631" lon="3.0732697248458867">
        <ele>358.0</ele>
      </trkpt>
      <trkpt lat="44.09107586869283" lon="3.0730658769607553">
        <ele>358.0</ele>
      </trkpt>
      <trkpt lat="44.09101422215332" lon="3.072915673093218">
        <ele>358.0</ele>
      </trkpt>
      <trkpt lat="44.090952575409986" lon="3.0727654695510864">
        <ele>358.0</ele>
      </trkpt>
      <trkpt lat="44.090875516977626" lon="3.072652816772462">
        <ele>358.0</ele>
      </trkpt>
      <trkpt lat="44.09083313479709" lon="3.072491884231568">
        <ele>358.0</ele>
      </trkpt>
      <trkpt lat="44.09079460551564" lon="3.0722719430923453">
        <ele>358.0</ele>
      </trkpt>
      <trkpt lat="44.09073681154648" lon="3.072153925895691">
        <ele>358.0</ele>
      </trkpt>
      <trkpt lat="44.09066360577109" lon="3.0718588829040527">
        <ele>358.0</ele>
      </trkpt>
      <trkpt lat="44.09062892944353" lon="3.071687221422506">
        <ele>358.0</ele>
      </trkpt>
      <trkpt lat="44.09059425284765" lon="3.071515560150147">
        <ele>358.0</ele>
      </trkpt>
      <trkpt lat="44.09055957645164" lon="3.0713626741431432">
        <ele>358.0</ele>
      </trkpt>
      <trkpt lat="44.090524899842926" lon="3.0712097883224487">
        <ele>358.0</ele>
      </trkpt>
      <trkpt lat="44.09047866446125" lon="3.070930838584901">
        <ele>358.0</ele>
      </trkpt>
      <trkpt lat="44.09045939997686" lon="3.070686757481922">
        <ele>358.0</ele>
      </trkpt>
      <trkpt lat="44.090440134948906" lon="3.0704426765441886">
        <ele>358.0</ele>
      </trkpt>
      <trkpt lat="44.09043628199628" lon="3.07017982006073">
        <ele>358.0</ele>
      </trkpt>
      <trkpt lat="44.090451693804944" lon="3.0700725317001334">
        <ele>358.0</ele>
      </trkpt>
      <trkpt lat="44.090442061650194" lon="3.0698499083142194">
        <ele>358.0</ele>
      </trkpt>
      <trkpt lat="44.090432429043126" lon="3.0696272850036626">
        <ele>358.0</ele>
      </trkpt>
      <trkpt lat="44.09041123800411" lon="3.069412708202571">
        <ele>358.0</ele>
      </trkpt>
      <trkpt lat="44.09039004654505" lon="3.069198131561278">
        <ele>359.0</ele>
      </trkpt>
      <trkpt lat="44.09037463486101" lon="3.0690211057183574">
        <ele>359.0</ele>
      </trkpt>
      <trkpt lat="44.09035922289104" lon="3.068844079971314">
        <ele>359.0</ele>
      </trkpt>
      <trkpt lat="44.09033610551119" lon="3.068557083490141">
        <ele>359.0</ele>
      </trkpt>
      <trkpt lat="44.090312987379825" lon="3.0682700872421265">
        <ele>359.0</ele>
      </trkpt>
      <trkpt lat="44.09029564926659" lon="3.0680528282457304">
        <ele>359.0</ele>
      </trkpt>
      <trkpt lat="44.09027831072268" lon="3.0678355693817134">
        <ele>359.0</ele>
      </trkpt>
      <trkpt lat="44.09025583592546" lon="3.067533373594016">
        <ele>359.0</ele>
      </trkpt>
      <trkpt lat="44.09023336029498" lon="3.0672311780450037">
        <ele>359.0</ele>
      </trkpt>
      <trkpt lat="44.090210883831205" lon="3.0669289827346806">
        <ele>359.0</ele>
      </trkpt>
      <trkpt lat="44.09017813383255" lon="3.06669831262666">
        <ele>359.0</ele>
      </trkpt>
      <trkpt lat="44.090145383348805" lon="3.066467642784118">
        <ele>359.0</ele>
      </trkpt>
      <trkpt lat="44.090103964185744" lon="3.0662061272148398">
        <ele>359.0</ele>
      </trkpt>
      <trkpt lat="44.090062544399395" lon="3.065944612026215">
        <ele>359.0</ele>
      </trkpt>
      <trkpt lat="44.0900326839379" lon="3.0657783149800384">
        <ele>359.0</ele>
      </trkpt>
      <trkpt lat="44.09000282322447" lon="3.0656120181083666">
        <ele>359.0</ele>
      </trkpt>
      <trkpt lat="44.089939249004146" lon="3.065418899059294">
        <ele>359.0</ele>
      </trkpt>
      <trkpt lat="44.08986604224155" lon="3.0652552843093854">
        <ele>359.0</ele>
      </trkpt>
      <trkpt lat="44.08979668838289" lon="3.0650407075881962">
        <ele>359.0</ele>
      </trkpt>
      <trkpt lat="44.08973600390338" lon="3.0648086962610175">
        <ele>360.0</ele>
      </trkpt>
      <trkpt lat="44.0897084855352" lon="3.064703487715567">
        <ele>360.0</ele>
      </trkpt>
      <trkpt lat="44.08967531893456" lon="3.06457668542862">
        <ele>360.0</ele>
      </trkpt>
      <trkpt lat="44.08961463427956" lon="3.0643701551142515">
        <ele>360.0</ele>
      </trkpt>
      <trkpt lat="44.08955394923722" lon="3.064163625240325">
        <ele>360.0</ele>
      </trkpt>
      <trkpt lat="44.08948555832123" lon="3.064018785779469">
        <ele>360.0</ele>
      </trkpt>
      <trkpt lat="44.0894171672163" lon="3.063873946666717">
        <ele>360.0</ele>
      </trkpt>
      <trkpt lat="44.089326621197415" lon="3.063710331916808">
        <ele>360.0</ele>
      </trkpt>
      <trkpt lat="44.08920332426803" lon="3.063482344150543">
        <ele>359.0</ele>
      </trkpt>
      <trkpt lat="44.08903957013626" lon="3.063273131847382">
        <ele>359.0</ele>
      </trkpt>
      <trkpt lat="44.08886618291449" lon="3.063074648380279">
        <ele>359.0</ele>
      </trkpt>
      <trkpt lat="44.088715913577715" lon="3.062897622585296">
        <ele>359.0</ele>
      </trkpt>
      <trkpt lat="44.08857334993059" lon="3.062723278125889">
        <ele>359.0</ele>
      </trkpt>
      <trkpt lat="44.08843078601716" lon="3.062548934539923">
        <ele>358.0</ele>
      </trkpt>
      <trkpt lat="44.08828822183737" lon="3.062374591827392">
        <ele>358.0</ele>
      </trkpt>
      <trkpt lat="44.08818611476894" lon="3.0622538922051796">
        <ele>358.0</ele>
      </trkpt>
      <trkpt lat="44.08808400757322" lon="3.0621331930160527">
        <ele>358.0</ele>
      </trkpt>
      <trkpt lat="44.08794433228306" lon="3.061960190110017">
        <ele>358.0</ele>
      </trkpt>
      <trkpt lat="44.08780465673035" lon="3.0617871880531307">
        <ele>358.0</ele>
      </trkpt>
      <trkpt lat="44.0876466784283" lon="3.0616047978401175">
        <ele>358.0</ele>
      </trkpt>
      <trkpt lat="44.087542643661806" lon="3.0615001914973248">
        <ele>358.0</ele>
      </trkpt>
      <trkpt lat="44.08743860880131" lon="3.061395585536956">
        <ele>358.0</ele>
      </trkpt>
      <trkpt lat="44.08728062952158" lon="3.0612856149673457">
        <ele>359.0</ele>
      </trkpt>
      <trkpt lat="44.087172740990596" lon="3.0612561106681815">
        <ele>359.0</ele>
      </trkpt>
      <trkpt lat="44.08711879665133" lon="3.06113541126251">
        <ele>360.0</ele>
      </trkpt>
      <trkpt lat="44.087107237143655" lon="3.060877919197083">
        <ele>361.0</ele>
      </trkpt>
      <trkpt lat="44.08702632054832" lon="3.0607464907684987">
        <ele>361.0</ele>
      </trkpt>
      <trkpt lat="44.08694540379889" lon="3.0606150627136226">
        <ele>362.0</ele>
      </trkpt>
      <trkpt lat="44.08688567947646" lon="3.0606445670127878">
        <ele>362.0</ele>
      </trkpt>
      <trkpt lat="44.0868066891514" lon="3.0606687068939205">
        <ele>363.0</ele>
      </trkpt>
      <trkpt lat="44.08673925830229" lon="3.060620427131654">
        <ele>363.0</ele>
      </trkpt>
      <trkpt lat="44.08668724016581" lon="3.0605936050415035">
        <ele>364.0</ele>
      </trkpt>
      <trkpt lat="44.08663522198393" lon="3.0605024099349976">
        <ele>364.0</ele>
      </trkpt>
      <trkpt lat="44.08657646074753" lon="3.0603347716984914">
        <ele>365.0</ele>
      </trkpt>
      <trkpt lat="44.086517699256476" lon="3.060167133808137">
        <ele>366.0</ele>
      </trkpt>
      <trkpt lat="44.086434855242175" lon="3.060038387588022">
        <ele>367.0</ele>
      </trkpt>
      <trkpt lat="44.08635201108034" lon="3.0599096417427054">
        <ele>368.0</ele>
      </trkpt>
      <trkpt lat="44.08630384582594" lon="3.05993914604187">
        <ele>368.0</ele>
      </trkpt>
      <trkpt lat="44.08614393689932" lon="3.0600491166114816">
        <ele>369.0</ele>
      </trkpt>
      <trkpt lat="44.08600136713044" lon="3.060092031955719">
        <ele>370.0</ele>
      </trkpt>
      <trkpt lat="44.08594275917951" lon="3.0601296902822197">
        <ele>370.0</ele>
      </trkpt>
      <trkpt lat="44.08585109051562" lon="3.060188591480255">
        <ele>370.0</ele>
      </trkpt>
      <trkpt lat="44.085791365088205" lon="3.0599981546401978">
        <ele>370.0</ele>
      </trkpt>
      <trkpt lat="44.08580356036307" lon="3.0599528800908202">
        <ele>369.0</ele>
      </trkpt>
      <trkpt lat="44.085837604133964" lon="3.059826493263244">
        <ele>368.0</ele>
      </trkpt>
      <trkpt lat="44.08596283470161" lon="3.059641420841217">
        <ele>367.0</ele>
      </trkpt>
      <trkpt lat="44.08612852396802" lon="3.059499263763428">
        <ele>366.0</ele>
      </trkpt>
      <trkpt lat="44.08622292810993" lon="3.059418797492982">
        <ele>365.0</ele>
      </trkpt>
      <trkpt lat="44.086313478880015" lon="3.059359788894654">
        <ele>364.0</ele>
      </trkpt>
      <trkpt lat="44.086363570735834" lon="3.0593088269233712">
        <ele>363.0</ele>
      </trkpt>
      <trkpt lat="44.08636549734479" lon="3.059222996234895">
        <ele>362.0</ele>
      </trkpt>
      <trkpt lat="44.08633370841399" lon="3.059051334762062">
        <ele>361.0</ele>
      </trkpt>
      <trkpt lat="44.08630191921476" lon="3.058879673480987">
        <ele>360.0</ele>
      </trkpt>
      <trkpt lat="44.086226781527586" lon="3.058650344307462">
        <ele>360.0</ele>
      </trkpt>
      <trkpt lat="44.086151643363436" lon="3.058421015739441">
        <ele>360.0</ele>
      </trkpt>
      <trkpt lat="44.08605916590063" lon="3.058187663175989">
        <ele>359.0</ele>
      </trkpt>
      <trkpt lat="44.08596668794543" lon="3.0579543113708496">
        <ele>359.0</ele>
      </trkpt>
      <trkpt lat="44.08587806342158" lon="3.057734369889153">
        <ele>359.0</ele>
      </trkpt>
      <trkpt lat="44.085789438460466" lon="3.0575144290924063">
        <ele>359.0</ele>
      </trkpt>
      <trkpt lat="44.08572778656233" lon="3.057278394443421">
        <ele>359.0</ele>
      </trkpt>
      <trkpt lat="44.08566613415773" lon="3.057042360305786">
        <ele>358.0</ele>
      </trkpt>
      <trkpt lat="44.08564173086893" lon="3.056759834047273">
        <ele>358.0</ele>
      </trkpt>
      <trkpt lat="44.08561732685181" lon="3.056477308031036">
        <ele>358.0</ele>
      </trkpt>
      <trkpt lat="44.08559292210637" lon="3.05619478225708">
        <ele>358.0</ele>
      </trkpt>
      <trkpt lat="44.08554668348004" lon="3.0559283490620297">
        <ele>358.0</ele>
      </trkpt>
      <trkpt lat="44.085500444206886" lon="3.055661916299881">
        <ele>358.0</ele>
      </trkpt>
      <trkpt lat="44.0854542042869" lon="3.055395483970642">
        <ele>358.0</ele>
      </trkpt>
      <trkpt lat="44.085398974556874" lon="3.0551272625486012">
        <ele>358.0</ele>
      </trkpt>
      <trkpt lat="44.08534374417184" lon="3.0548590416471115">
        <ele>358.0</ele>
      </trkpt>
      <trkpt lat="44.085288513131715" lon="3.0545908212661748">
        <ele>358.0</ele>
      </trkpt>
      <trkpt lat="44.08531931217497" lon="3.0542906794484384">
        <ele>358.0</ele>
      </trkpt>
      <trkpt lat="44.08531933942829" lon="3.0542904138565072">
        <ele>358.0</ele>
      </trkpt>
      <trkpt lat="44.085305853189894" lon="3.0540490149879655">
        <ele>358.0</ele>
      </trkpt>
      <trkpt lat="44.08529236641966" lon="3.053807616233825">
        <ele>358.0</ele>
      </trkpt>
      <trkpt lat="44.08530970644141" lon="3.053582310745214">
        <ele>358.0</ele>
      </trkpt>
      <trkpt lat="44.08532704599994" lon="3.0533570051193246">
        <ele>358.0</ele>
      </trkpt>
      <trkpt lat="44.085363010413815" lon="3.053135276120971">
        <ele>358.0</ele>
      </trkpt>
      <trkpt lat="44.08539897437963" lon="3.052913546842404">
        <ele>358.0</ele>
      </trkpt>
      <trkpt lat="44.08543493789734" lon="3.0526918172836304">
        <ele>358.0</ele>
      </trkpt>
      <trkpt lat="44.085492737654775" lon="3.0524665124127828">
        <ele>358.0</ele>
      </trkpt>
      <trkpt lat="44.08555053695067" lon="3.052241207084331">
        <ele>358.0</ele>
      </trkpt>
      <trkpt lat="44.085608335785004" lon="3.052015901298278">
        <ele>357.0</ele>
      </trkpt>
      <trkpt lat="44.08566613415778" lon="3.0517905950546256">
        <ele>357.0</ele>
      </trkpt>
      <trkpt lat="44.08578558557809" lon="3.051529527806333">
        <ele>356.0</ele>
      </trkpt>
      <trkpt lat="44.08590503638404" lon="3.0512684594622166">
        <ele>356.0</ele>
      </trkpt>
      <trkpt lat="44.08602448657563" lon="3.0510073900222783">
        <ele>355.0</ele>
      </trkpt>
      <trkpt lat="44.08614233139448" lon="3.0508415407849805">
        <ele>355.0</ele>
      </trkpt>
      <trkpt lat="44.08626017596984" lon="3.0506756908608947">
        <ele>355.0</ele>
      </trkpt>
      <trkpt lat="44.0863780203017" lon="3.0505098402500157">
        <ele>355.0</ele>
      </trkpt>
      <trkpt lat="44.08621907488241" lon="3.0502912402153015">
        <ele>354.0</ele>
      </trkpt>
      <trkpt lat="44.08606301896447" lon="3.0501195788383484">
        <ele>354.0</ele>
      </trkpt>
      <trkpt lat="44.085949348302066" lon="3.0499961969772493">
        <ele>355.0</ele>
      </trkpt>
      <trkpt lat="44.085835677507774" lon="3.049872815608979">
        <ele>355.0</ele>
      </trkpt>
      <trkpt lat="44.08566613415778" lon="3.0496877431869502">
        <ele>355.0</ele>
      </trkpt>
      <trkpt lat="44.08554668286935" lon="3.049553632736207">
        <ele>356.0</ele>
      </trkpt>
      <trkpt lat="44.08541759814139" lon="3.0494168400764456">
        <ele>356.0</ele>
      </trkpt>
      <trkpt lat="44.08530970621236" lon="3.0492585897445683">
        <ele>357.0</ele>
      </trkpt>
      <trkpt lat="44.085217227259406" lon="3.0491057038307186">
        <ele>357.0</ele>
      </trkpt>
      <trkpt lat="44.08514594130116" lon="3.04897964000702">
        <ele>357.0</ele>
      </trkpt>
      <trkpt lat="44.08504768213681" lon="3.0487757921218877">
        <ele>357.0</ele>
      </trkpt>
      <trkpt lat="44.08498602924448" lon="3.048675209283829">
        <ele>358.0</ele>
      </trkpt>
      <trkpt lat="44.08490607305405" lon="3.0485102534294133">
        <ele>358.0</ele>
      </trkpt>
      <trkpt lat="44.08482515342598" lon="3.0483734607696515">
        <ele>358.0</ele>
      </trkpt>
      <trkpt lat="44.08475723869706" lon="3.048237338499722">
        <ele>358.0</ele>
      </trkpt>
      <trkpt lat="44.084689323801484" lon="3.0481012165546413">
        <ele>358.0</ele>
      </trkpt>
      <trkpt lat="44.08457179720803" lon="3.0478651821613316">
        <ele>358.0</ele>
      </trkpt>
      <trkpt lat="44.084455233716675" lon="3.047643899917603">
        <ele>358.0</ele>
      </trkpt>
      <trkpt lat="44.08436275342794" lon="3.0474494397640206">
        <ele>358.0</ele>
      </trkpt>
      <trkpt lat="44.084265938036324" lon="3.047269731454343">
        <ele>358.0</ele>
      </trkpt>
      <trkpt lat="44.08416912235504" lon="3.047090023756027">
        <ele>358.0</ele>
      </trkpt>
      <trkpt lat="44.08408723840592" lon="3.0469518897930348">
        <ele>358.0</ele>
      </trkpt>
      <trkpt lat="44.08400535428628" lon="3.0468137562274937">
        <ele>358.0</ele>
      </trkpt>
      <trkpt lat="44.083885899644294" lon="3.046592473983765">
        <ele>359.0</ele>
      </trkpt>
      <trkpt lat="44.08381509378509" lon="3.046465068897065">
        <ele>359.0</ele>
      </trkpt>
      <trkpt lat="44.08374428778048" lon="3.0463376641273494">
        <ele>359.0</ele>
      </trkpt>
      <trkpt lat="44.08366047653932" lon="3.046202882925888">
        <ele>359.0</ele>
      </trkpt>
      <trkpt lat="44.08357666513618" lon="3.0460681021213536">
        <ele>359.0</ele>
      </trkpt>
      <trkpt lat="44.08347840336525" lon="3.0459165573120117">
        <ele>360.0</ele>
      </trkpt>
      <trkpt lat="44.08336039262439" lon="3.045805245407107">
        <ele>360.0</ele>
      </trkpt>
      <trkpt lat="44.08324238177807" lon="3.0456939339637756">
        <ele>361.0</ele>
      </trkpt>
      <trkpt lat="44.08315086295015" lon="3.0456416308879857">
        <ele>361.0</ele>
      </trkpt>
      <trkpt lat="44.08304393024565" lon="3.0455973744392404">
        <ele>362.0</ele>
      </trkpt>
      <trkpt lat="44.08289749956174" lon="3.045562505722046">
        <ele>362.0</ele>
      </trkpt>
      <trkpt lat="44.08274528833504" lon="3.045549094676972">
        <ele>362.0</ele>
      </trkpt>
      <trkpt lat="44.082562248999544" lon="3.0455785989761366">
        <ele>363.0</ele>
      </trkpt>
      <trkpt lat="44.08248710637146" lon="3.045613467693329">
        <ele>363.0</ele>
      </trkpt>
      <trkpt lat="44.08246591227962" lon="3.0454525351524353">
        <ele>363.0</ele>
      </trkpt>
      <trkpt lat="44.082562248999366" lon="3.0454525351524357">
        <ele>364.0</ele>
      </trkpt>
      <trkpt lat="44.08268170631408" lon="3.045444488525391">
        <ele>364.0</ele>
      </trkpt>
      <trkpt lat="44.08275492196841" lon="3.0454310774803166">
        <ele>364.0</ele>
      </trkpt>
      <trkpt lat="44.082824284083664" lon="3.0454015731811532">
        <ele>364.0</ele>
      </trkpt>
      <trkpt lat="44.082891719395526" lon="3.045331835746766">
        <ele>365.0</ele>
      </trkpt>
      <trkpt lat="44.0829668615096" lon="3.045305013656616">
        <ele>366.0</ele>
      </trkpt>
      <trkpt lat="44.08313641259591" lon="3.045337200164795">
        <ele>366.0</ele>
      </trkpt>
      <trkpt lat="44.08326935572144" lon="3.045369386672974">
        <ele>367.0</ele>
      </trkpt>
      <trkpt lat="44.08341867535792" lon="3.045416325207596">
        <ele>368.0</ele>
      </trkpt>
      <trkpt lat="44.08356799498649" lon="3.0454632639884944">
        <ele>369.0</ele>
      </trkpt>
      <trkpt lat="44.083676853344414" lon="3.045503497046771">
        <ele>370.0</ele>
      </trkpt>
      <trkpt lat="44.08378571169408" lon="3.045543730258942">
        <ele>371.0</ele>
      </trkpt>
      <trkpt lat="44.08399379417019" lon="3.0456429719924927">
        <ele>372.0</ele>
      </trkpt>
      <trkpt lat="44.08412673536898" lon="3.0457422137260446">
        <ele>373.0</ele>
      </trkpt>
      <trkpt lat="44.08423655613394" lon="3.0458629131317143">
        <ele>374.0</ele>
      </trkpt>
      <trkpt lat="44.08423748804537" lon="3.045863923698555">
        <ele>374.0</ele>
      </trkpt>
      <trkpt lat="44.084328073254206" lon="3.045962154705695">
        <ele>375.0</ele>
      </trkpt>
      <trkpt lat="44.08441959028916" lon="3.046061396598817">
        <ele>375.0</ele>
      </trkpt>
      <trkpt lat="44.0845409705219" lon="3.0462411046028137">
        <ele>376.0</ele>
      </trkpt>
      <trkpt lat="44.0846141838752" lon="3.0463805794715886">
        <ele>376.0</ele>
      </trkpt>
      <trkpt lat="44.08473171038445" lon="3.046557605266571">
        <ele>376.0</ele>
      </trkpt>
      <trkpt lat="44.08485308997674" lon="3.0467721819877625">
        <ele>376.0</ele>
      </trkpt>
      <trkpt lat="44.0849648360479" lon="3.04694652557373">
        <ele>376.0</ele>
      </trkpt>
      <trkpt lat="44.08507658190795" lon="3.047104775905609">
        <ele>376.0</ele>
      </trkpt>
      <trkpt lat="44.085151721246916" lon="3.0471798777580257">
        <ele>377.0</ele>
      </trkpt>
      <trkpt lat="44.085261540035376" lon="3.0472630260770543">
        <ele>377.0</ele>
      </trkpt>
      <trkpt lat="44.085371358767325" lon="3.04734617471695">
        <ele>377.0</ele>
      </trkpt>
      <trkpt lat="44.08549466357666" lon="3.0474199353050615">
        <ele>378.0</ele>
      </trkpt>
      <trkpt lat="44.08561796834468" lon="3.0474936962127677">
        <ele>378.0</ele>
      </trkpt>
      <trkpt lat="44.085722969701074" lon="3.0475755034367995">
        <ele>378.0</ele>
      </trkpt>
      <trkpt lat="44.0858279710024" lon="3.0476573109626774">
        <ele>379.0</ele>
      </trkpt>
      <trkpt lat="44.085940678502" lon="3.0477806923330357">
        <ele>379.0</ele>
      </trkpt>
      <trkpt lat="44.08605338586959" lon="3.047904074192047">
        <ele>379.0</ele>
      </trkpt>
      <trkpt lat="44.08614490021466" lon="3.0480368433248044">
        <ele>379.0</ele>
      </trkpt>
      <trkpt lat="44.086236414403416" lon="3.048169612884522">
        <ele>379.0</ele>
      </trkpt>
      <trkpt lat="44.08640210290354" lon="3.048360049724579">
        <ele>379.0</ele>
      </trkpt>
      <trkpt lat="44.08649265337032" lon="3.048456609095491">
        <ele>379.0</ele>
      </trkpt>
      <trkpt lat="44.08658320375648" lon="3.0485531687736507">
        <ele>378.0</ele>
      </trkpt>
      <trkpt lat="44.086696873157585" lon="3.048665821552276">
        <ele>378.0</ele>
      </trkpt>
      <trkpt lat="44.086864486960714" lon="3.0487650632858285">
        <ele>377.0</ele>
      </trkpt>
      <trkpt lat="44.086983935587995" lon="3.048767745494842">
        <ele>377.0</ele>
      </trkpt>
      <trkpt lat="44.08710531055898" lon="3.048703372478486">
        <ele>377.0</ele>
      </trkpt>
      <trkpt lat="44.08723824476523" lon="3.0485799908638005">
        <ele>378.0</ele>
      </trkpt>
      <trkpt lat="44.08737695840109" lon="3.0484539270400997">
        <ele>378.0</ele>
      </trkpt>
      <trkpt lat="44.08752530456838" lon="3.0483224987983704">
        <ele>379.0</ele>
      </trkpt>
      <trkpt lat="44.08764475186124" lon="3.0482339859008785">
        <ele>380.0</ele>
      </trkpt>
      <trkpt lat="44.08780080360624" lon="3.0481347441673265">
        <ele>381.0</ele>
      </trkpt>
      <trkpt lat="44.08796648733684" lon="3.048034608947122">
        <ele>382.0</ele>
      </trkpt>
      <trkpt lat="44.08813217099092" lon="3.0479344731439015">
        <ele>383.0</ele>
      </trkpt>
      <trkpt lat="44.08829785456851" lon="3.0478343367576595">
        <ele>385.0</ele>
      </trkpt>
      <trkpt lat="44.08849243510313" lon="3.047744483062863">
        <ele>386.0</ele>
      </trkpt>
      <trkpt lat="44.08868701558476" lon="3.047654628753663">
        <ele>388.0</ele>
      </trkpt>
      <trkpt lat="44.08881609306135" lon="3.0475755037671766">
        <ele>389.0</ele>
      </trkpt>
      <trkpt lat="44.08894517048987" lon="3.047496378421783">
        <ele>390.0</ele>
      </trkpt>
      <trkpt lat="44.08904727622367" lon="3.0474373698234563">
        <ele>391.0</ele>
      </trkpt>
      <trkpt lat="44.0890954392442" lon="3.0473783612251286">
        <ele>392.0</ele>
      </trkpt>
      <trkpt lat="44.08915130829905" lon="3.047236204147339">
        <ele>392.0</ele>
      </trkpt>
      <trkpt lat="44.089168646960516" lon="3.0471128225326534">
        <ele>392.0</ele>
      </trkpt>
      <trkpt lat="44.08915323481725" lon="3.0469411611557">
        <ele>393.0</ele>
      </trkpt>
      <trkpt lat="44.08913396963252" lon="3.046772181987763">
        <ele>393.0</ele>
      </trkpt>
      <trkpt lat="44.08910410875576" lon="3.0465736984165193">
        <ele>392.0</ele>
      </trkpt>
      <trkpt lat="44.08907424751989" lon="3.046375215053558">
        <ele>392.0</ele>
      </trkpt>
      <trkpt lat="44.08902993752641" lon="3.0460882186889644">
        <ele>392.0</ele>
      </trkpt>
      <trkpt lat="44.08892783176289" lon="3.045862913131714">
        <ele>391.0</ele>
      </trkpt>
      <trkpt lat="44.08880838706107" lon="3.0456644296646114">
        <ele>391.0</ele>
      </trkpt>
      <trkpt lat="44.08874095849386" lon="3.0455517768859863">
        <ele>390.0</ele>
      </trkpt>
      <trkpt lat="44.088708207447766" lon="3.0454257130622864">
        <ele>389.0</ele>
      </trkpt>
      <trkpt lat="44.088717840110306" lon="3.045256733894349">
        <ele>389.0</ele>
      </trkpt>
      <trkpt lat="44.08874384839384" lon="3.0451025069464714">
        <ele>388.0</ele>
      </trkpt>
      <trkpt lat="44.08876985646066" lon="3.044948279857636">
        <ele>387.0</ele>
      </trkpt>
      <trkpt lat="44.088806460704646" lon="3.044747114310899">
        <ele>386.0</ele>
      </trkpt>
      <trkpt lat="44.088843064580004" lon="3.0445459485054007">
        <ele>385.0</ele>
      </trkpt>
      <trkpt lat="44.088914346082824" lon="3.044301867485046">
        <ele>384.0</ele>
      </trkpt>
      <trkpt lat="44.08902223143719" lon="3.044044375419615">
        <ele>383.0</ele>
      </trkpt>
      <trkpt lat="44.089135896151255" lon="3.043776154518128">
        <ele>382.0</ele>
      </trkpt>
      <trkpt lat="44.089207177301176" lon="3.0434945225715633">
        <ele>381.0</ele>
      </trkpt>
      <trkpt lat="44.08922355286099" lon="3.0432987213698137">
        <ele>379.0</ele>
      </trkpt>
      <trkpt lat="44.089239928071024" lon="3.0431029200553903">
        <ele>378.0</ele>
      </trkpt>
      <trkpt lat="44.08925630367296" lon="3.0428802967712087">
        <ele>377.0</ele>
      </trkpt>
      <trkpt lat="44.08927267882267" lon="3.042657673358918">
        <ele>376.0</ele>
      </trkpt>
      <trkpt lat="44.08933625394226" lon="3.042439073568394">
        <ele>375.0</ele>
      </trkpt>
      <trkpt lat="44.08939982862787" lon="3.0422204732894893">
        <ele>374.0</ele>
      </trkpt>
      <trkpt lat="44.08948266864021" lon="3.0420139434959625">
        <ele>373.0</ele>
      </trkpt>
      <trkpt lat="44.08956550826695" lon="3.0418074131011967">
        <ele>373.0</ele>
      </trkpt>
      <trkpt lat="44.08967146604451" lon="3.0415928367794978">
        <ele>372.0</ele>
      </trkpt>
      <trkpt lat="44.08977742340792" lon="3.0413782596588135">
        <ele>371.0</ele>
      </trkpt>
      <trkpt lat="44.08988916035323" lon="3.0411864828438158">
        <ele>371.0</ele>
      </trkpt>
      <trkpt lat="44.090000896969656" lon="3.040994705275774">
        <ele>370.0</ele>
      </trkpt>
      <trkpt lat="44.09011263325722" lon="3.040802926954688">
        <ele>370.0</ele>
      </trkpt>
      <trkpt lat="44.09022436921586" lon="3.040611147880554">
        <ele>369.0</ele>
      </trkpt>
      <trkpt lat="44.09032069329572" lon="3.040482402065746">
        <ele>368.0</ele>
      </trkpt>
      <trkpt lat="44.09041701722936" lon="3.0403536558151245">
        <ele>368.0</ele>
      </trkpt>
      <trkpt lat="44.09050948812572" lon="3.0401739481031194">
        <ele>367.0</ele>
      </trkpt>
      <trkpt lat="44.09060195873196" lon="3.0399942398071285">
        <ele>367.0</ele>
      </trkpt>
      <trkpt lat="44.09075607620906" lon="3.039795756340027">
        <ele>366.0</ele>
      </trkpt>
      <trkpt lat="44.09087166400619" lon="3.0396723749759333">
        <ele>366.0</ele>
      </trkpt>
      <trkpt lat="44.09098725167168" lon="3.0395489931106567">
        <ele>365.0</ele>
      </trkpt>
      <trkpt lat="44.09109705968687" lon="3.0394068363071565">
        <ele>365.0</ele>
      </trkpt>
      <trkpt lat="44.09120686752418" lon="3.0392646789550777">
        <ele>365.0</ele>
      </trkpt>
      <trkpt lat="44.09132823387608" lon="3.0390688781145516">
        <ele>364.0</ele>
      </trkpt>
      <trkpt lat="44.09144959988606" lon="3.038873076438904">
        <ele>364.0</ele>
      </trkpt>
      <trkpt lat="44.091528584042166" lon="3.0387362839689946">
        <ele>364.0</ele>
      </trkpt>
      <trkpt lat="44.09160756803089" lon="3.038599491119385">
        <ele>364.0</ele>
      </trkpt>
      <trkpt lat="44.09172122774264" lon="3.0384680631401397">
        <ele>363.0</ele>
      </trkpt>
      <trkpt lat="44.0918348873038" lon="3.0383366346359253">
        <ele>363.0</ele>
      </trkpt>
      <trkpt lat="44.09197936933821" lon="3.0382025245256594">
        <ele>363.0</ele>
      </trkpt>
      <trkpt lat="44.092123851219846" lon="3.0380684137344365">
        <ele>363.0</ele>
      </trkpt>
      <trkpt lat="44.092235583555535" lon="3.037888705730437">
        <ele>363.0</ele>
      </trkpt>
      <trkpt lat="44.09231360353347" lon="3.037699610254127">
        <ele>363.0</ele>
      </trkpt>
      <trkpt lat="44.09239162318836" lon="3.037510514259339">
        <ele>363.0</ele>
      </trkpt>
      <trkpt lat="44.09248409092467" lon="3.0372530221939087">
        <ele>363.0</ele>
      </trkpt>
      <trkpt lat="44.092558257784525" lon="3.03705319788272">
        <ele>363.0</ele>
      </trkpt>
      <trkpt lat="44.09263242428294" lon="3.0368533730506906">
        <ele>363.0</ele>
      </trkpt>
      <trkpt lat="44.092674805174134" lon="3.0366522073745728">
        <ele>362.0</ele>
      </trkpt>
      <trkpt lat="44.092690216572635" lon="3.036456406169509">
        <ele>362.0</ele>
      </trkpt>
      <trkpt lat="44.09270562762134" lon="3.0362606048583984">
        <ele>362.0</ele>
      </trkpt>
      <trkpt lat="44.092720075884664" lon="3.0360272527333456">
        <ele>362.0</ele>
      </trkpt>
      <trkpt lat="44.092734523651096" lon="3.035793900489807">
        <ele>362.0</ele>
      </trkpt>
      <trkpt lat="44.092729707805496" lon="3.0356074869474963">
        <ele>362.0</ele>
      </trkpt>
      <trkpt lat="44.092724891642746" lon="3.0354210734367375">
        <ele>362.0</ele>
      </trkpt>
      <trkpt lat="44.092711407004224" lon="3.03522393102743">
        <ele>361.0</ele>
      </trkpt>
      <trkpt lat="44.09269792201106" lon="3.0350267887115483">
        <ele>361.0</ele>
      </trkpt>
      <trkpt lat="44.092666136569896" lon="3.0348068474494827">
        <ele>361.0</ele>
      </trkpt>
      <trkpt lat="44.09263435068775" lon="3.0345869064331055">
        <ele>361.0</ele>
      </trkpt>
      <trkpt lat="44.09258619067379" lon="3.03440853938267">
        <ele>362.0</ele>
      </trkpt>
      <trkpt lat="44.0925380303707" lon="3.0342301726341248">
        <ele>362.0</ele>
      </trkpt>
      <trkpt lat="44.09246964302764" lon="3.0340115723367207">
        <ele>362.0</ele>
      </trkpt>
      <trkpt lat="44.09240125525097" lon="3.033792972564697">
        <ele>362.0</ele>
      </trkpt>
      <trkpt lat="44.09234057331838" lon="3.033630698746265">
        <ele>362.0</ele>
      </trkpt>
      <trkpt lat="44.09227989114745" lon="3.0334684252738944">
        <ele>362.0</ele>
      </trkpt>
      <trkpt lat="44.092214393012895" lon="3.0333249269264444">
        <ele>362.0</ele>
      </trkpt>
      <trkpt lat="44.09214889469272" lon="3.0331814289093013">
        <ele>362.0</ele>
      </trkpt>
      <trkpt lat="44.092035235768975" lon="3.0329722166061397">
        <ele>363.0</ele>
      </trkpt>
      <trkpt lat="44.09193120876598" lon="3.03272545337677">
        <ele>363.0</ele>
      </trkpt>
      <trkpt lat="44.091804064402716" lon="3.0324733257293697">
        <ele>363.0</ele>
      </trkpt>
      <trkpt lat="44.0916826990737" lon="3.032328486442566">
        <ele>363.0</ele>
      </trkpt>
      <trkpt lat="44.091503540275625" lon="3.032148778438568">
        <ele>363.0</ele>
      </trkpt>
      <trkpt lat="44.091372542101354" lon="3.032014667987823">
        <ele>363.0</ele>
      </trkpt>
      <trkpt lat="44.09126080807872" lon="3.0319073794165847">
        <ele>363.0</ele>
      </trkpt>
      <trkpt lat="44.09114907395782" lon="3.0318000912666325">
        <ele>363.0</ele>
      </trkpt>
      <trkpt lat="44.091046971810314" lon="3.0316968260342936">
        <ele>363.0</ele>
      </trkpt>
      <trkpt lat="44.090944869571175" lon="3.0315935611724854">
        <ele>363.0</ele>
      </trkpt>
      <trkpt lat="44.09079460551553" lon="3.031421899795532">
        <ele>363.0</ele>
      </trkpt>
      <trkpt lat="44.090695392439265" lon="3.031348138919035">
        <ele>363.0</ele>
      </trkpt>
      <trkpt lat="44.09059617931873" lon="3.0312743782997127">
        <ele>363.0</ele>
      </trkpt>
      <trkpt lat="44.09045747323246" lon="3.0311831831932072">
        <ele>363.0</ele>
      </trkpt>
      <trkpt lat="44.090332252180765" lon="3.0310490727424617">
        <ele>363.0</ele>
      </trkpt>
      <trkpt lat="44.090244597269674" lon="3.0309444664297662">
        <ele>363.0</ele>
      </trkpt>
      <trkpt lat="44.090156942262894" lon="3.0308398604393">
        <ele>363.0</ele>
      </trkpt>
      <trkpt lat="44.090059654614656" lon="3.0307580529245004">
        <ele>363.0</ele>
      </trkpt>
      <trkpt lat="44.08996236691049" lon="3.030676245689392">
        <ele>363.0</ele>
      </trkpt>
      <trkpt lat="44.08986218918898" lon="3.0306024848116464">
        <ele>364.0</ele>
      </trkpt>
      <trkpt lat="44.08976201142327" lon="3.030528724193573">
        <ele>364.0</ele>
      </trkpt>
      <trkpt lat="44.0896136708657" lon="3.0304268002510075">
        <ele>364.0</ele>
      </trkpt>
      <trkpt lat="44.08947175134328" lon="3.030341863208598">
        <ele>365.0</ele>
      </trkpt>
      <trkpt lat="44.089329831766044" lon="3.030256926589793">
        <ele>365.0</ele>
      </trkpt>
      <trkpt lat="44.089187912133944" lon="3.0301719903945923">
        <ele>366.0</ele>
      </trkpt>
      <trkpt lat="44.08906076176164" lon="3.030091523944373">
        <ele>366.0</ele>
      </trkpt>
      <trkpt lat="44.08893361133907" lon="3.030011057853699">
        <ele>366.0</ele>
      </trkpt>
      <trkpt lat="44.088814166564724" lon="3.029917180341154">
        <ele>367.0</ele>
      </trkpt>
      <trkpt lat="44.08869472171773" lon="3.0298233032226567">
        <ele>367.0</ele>
      </trkpt>
      <trkpt lat="44.088584909229446" lon="3.0297347903251652">
        <ele>367.0</ele>
      </trkpt>
      <trkpt lat="44.08847509653717" lon="3.029651641845704">
        <ele>367.0</ele>
      </trkpt>
      <trkpt lat="44.0883729898158" lon="3.029584586620331">
        <ele>367.0</ele>
      </trkpt>
      <trkpt lat="44.088328679296986" lon="3.0295389890670785">
        <ele>367.0</ele>
      </trkpt>
      <trkpt lat="44.08834601819963" lon="3.0294638872146615">
        <ele>367.0</ele>
      </trkpt>
      <trkpt lat="44.08832675275195" lon="3.029378056526184">
        <ele>367.0</ele>
      </trkpt>
      <trkpt lat="44.08827666255862" lon="3.0293458700180054">
        <ele>367.0</ele>
      </trkpt>
      <trkpt lat="44.08821308648293" lon="3.029327094554901">
        <ele>367.0</ele>
      </trkpt>
      <trkpt lat="44.08807822791436" lon="3.0292493104934706">
        <ele>368.0</ele>
      </trkpt>
      <trkpt lat="44.087939515923026" lon="3.0291420221328744">
        <ele>368.0</ele>
      </trkpt>
      <trkpt lat="44.08781814266379" lon="3.0290481448173527">
        <ele>368.0</ele>
      </trkpt>
      <trkpt lat="44.08771410819511" lon="3.0289475617954364">
        <ele>369.0</ele>
      </trkpt>
      <trkpt lat="44.08761007363997" lon="3.028846979141236">
        <ele>370.0</ele>
      </trkpt>
      <trkpt lat="44.08751374510803" lon="3.0287437139193836">
        <ele>370.0</ele>
      </trkpt>
      <trkpt lat="44.087417416483824" lon="3.02864044904709">
        <ele>371.0</ele>
      </trkpt>
      <trkpt lat="44.08731916106763" lon="3.0285264549671598">
        <ele>371.0</ele>
      </trkpt>
      <trkpt lat="44.08722090553811" lon="3.0284124612808228">
        <ele>371.0</ele>
      </trkpt>
      <trkpt lat="44.08722077352098" lon="3.028412324746551">
        <ele>371.0</ele>
      </trkpt>
      <trkpt lat="44.08708604470738" lon="3.0282729864120497">
        <ele>371.0</ele>
      </trkpt>
      <trkpt lat="44.08701861417674" lon="3.028211295604706">
        <ele>370.0</ele>
      </trkpt>
      <trkpt lat="44.08698200899934" lon="3.0281630158424386">
        <ele>369.0</ele>
      </trkpt>
      <trkpt lat="44.08696852287566" lon="3.0280959606170668">
        <ele>367.0</ele>
      </trkpt>
      <trkpt lat="44.08698200899934" lon="3.028034269809724">
        <ele>365.0</ele>
      </trkpt>
      <trkpt lat="44.087003201473244" lon="3.0279725790023817">
        <ele>362.0</ele>
      </trkpt>
      <trkpt lat="44.08708026495065" lon="3.0278599262237553">
        <ele>360.0</ele>
      </trkpt>
      <trkpt lat="44.08718430048589" lon="3.027728497982026">
        <ele>358.0</ele>
      </trkpt>
      <trkpt lat="44.08728833583814" lon="3.027580976486206">
        <ele>356.0</ele>
      </trkpt>
      <trkpt lat="44.087380811553196" lon="3.0274495482444777">
        <ele>354.0</ele>
      </trkpt>
      <trkpt lat="44.08745209481824" lon="3.027344942092896">
        <ele>354.0</ele>
      </trkpt>
      <trkpt lat="44.08754264370671" lon="3.027210831642152">
        <ele>353.0</ele>
      </trkpt>
      <trkpt lat="44.08763897215929" lon="3.027063310146332">
        <ele>354.0</ele>
      </trkpt>
      <trkpt lat="44.0877622723802" lon="3.026874214820445">
        <ele>355.0</ele>
      </trkpt>
      <trkpt lat="44.087885572283035" lon="3.026685118675233">
        <ele>356.0</ele>
      </trkpt>
      <trkpt lat="44.08798767984556" lon="3.026529550552369">
        <ele>358.0</ele>
      </trkpt>
      <trkpt lat="44.08807822791436" lon="3.0264168977737422">
        <ele>359.0</ele>
      </trkpt>
      <trkpt lat="44.088045476501286" lon="3.0263257026672363">
        <ele>361.0</ele>
      </trkpt>
      <trkpt lat="44.08801657818061" lon="3.0262130498886117">
        <ele>363.0</ele>
      </trkpt>
      <trkpt lat="44.087972267394406" lon="3.02615337073803">
        <ele>364.0</ele>
      </trkpt>
      <trkpt lat="44.08784126139866" lon="3.026043400168419">
        <ele>366.0</ele>
      </trkpt>
      <trkpt lat="44.08770832854762" lon="3.02591733634472">
        <ele>367.0</ele>
      </trkpt>
      <trkpt lat="44.08758310167552" lon="3.0256973952054977">
        <ele>367.0</ele>
      </trkpt>
      <trkpt lat="44.087483883424525" lon="3.025469407041781">
        <ele>368.0</ele>
      </trkpt>
      <trkpt lat="44.087384664704494" lon="3.0252414196729664">
        <ele>369.0</ele>
      </trkpt>
      <trkpt lat="44.0873076016236" lon="3.0250456184148797">
        <ele>369.0</ele>
      </trkpt>
      <trkpt lat="44.087247877666954" lon="3.024753257632255">
        <ele>370.0</ele>
      </trkpt>
      <trkpt lat="44.087234391603914" lon="3.0245655030012135">
        <ele>372.0</ele>
      </trkpt>
      <trkpt lat="44.0872131992128" lon="3.024447485804559">
        <ele>374.0</ele>
      </trkpt>
      <trkpt lat="44.0871496219941" lon="3.024265095591546">
        <ele>375.0</ele>
      </trkpt>
      <trkpt lat="44.08706485226283" lon="3.0240639299154286">
        <ele>377.0</ele>
      </trkpt>
      <trkpt lat="44.08698200899895" lon="3.0237876623868947">
        <ele>379.0</ele>
      </trkpt>
      <trkpt lat="44.086941550618626" lon="3.0235650390386586">
        <ele>381.0</ele>
      </trkpt>
      <trkpt lat="44.08694540379889" lon="3.02328072488308">
        <ele>383.0</ele>
      </trkpt>
      <trkpt lat="44.08694925697887" lon="3.0230715125799192">
        <ele>384.0</ele>
      </trkpt>
      <trkpt lat="44.08692999107633" lon="3.022905215620995">
        <ele>386.0</ele>
      </trkpt>
      <trkpt lat="44.08686256036776" lon="3.022655770182609">
        <ele>389.0</ele>
      </trkpt>
      <trkpt lat="44.08681054242691" lon="3.0225002019175617">
        <ele>390.0</ele>
      </trkpt>
      <trkpt lat="44.08675852426663" lon="3.022344633936882">
        <ele>392.0</ele>
      </trkpt>
      <trkpt lat="44.086694946559156" lon="3.0221193283796315">
        <ele>394.0</ele>
      </trkpt>
      <trkpt lat="44.08669494655922" lon="3.02200935781002">
        <ele>395.0</ele>
      </trkpt>
      <trkpt lat="44.086750817881544" lon="3.0219691246747975">
        <ele>396.0</ele>
      </trkpt>
      <trkpt lat="44.08683751465639" lon="3.021990582346917">
        <ele>398.0</ele>
      </trkpt>
      <trkpt lat="44.08692035814984" lon="3.02212871591012">
        <ele>399.0</ele>
      </trkpt>
      <trkpt lat="44.08700320147286" lon="3.0222668498754506">
        <ele>400.0</ele>
      </trkpt>
      <trkpt lat="44.087139989076206" lon="3.0224867910146727">
        <ele>401.0</ele>
      </trkpt>
      <trkpt lat="44.087230538442405" lon="3.0226128548383717">
        <ele>402.0</ele>
      </trkpt>
      <trkpt lat="44.08728062952165" lon="3.022701367735863">
        <ele>402.0</ele>
      </trkpt>
      <trkpt lat="44.0873076016236" lon="3.0228113383054733">
        <ele>403.0</ele>
      </trkpt>
      <trkpt lat="44.087317234514266" lon="3.022940084338188">
        <ele>404.0</ele>
      </trkpt>
      <trkpt lat="44.08735383948416" lon="3.0231332033872613">
        <ele>405.0</ele>
      </trkpt>
      <trkpt lat="44.08742897593053" lon="3.023286089301108">
        <ele>406.0</ele>
      </trkpt>
      <trkpt lat="44.08753301085241" lon="3.0234041064977646">
        <ele>407.0</ele>
      </trkpt>
      <trkpt lat="44.0876466784283" lon="3.0234631150960927">
        <ele>408.0</ele>
      </trkpt>
      <trkpt lat="44.08781043641632" lon="3.023522123694421">
        <ele>409.0</ele>
      </trkpt>
      <trkpt lat="44.087929883133434" lon="3.023597225546837">
        <ele>410.0</ele>
      </trkpt>
      <trkpt lat="44.088010798514375" lon="3.0237071961164474">
        <ele>412.0</ele>
      </trkpt>
      <trkpt lat="44.08806474204018" lon="3.023841306567192">
        <ele>413.0</ele>
      </trkpt>
      <trkpt lat="44.08811290586095" lon="3.0239780992269525">
        <ele>414.0</ele>
      </trkpt>
      <trkpt lat="44.08817262894428" lon="3.02415780723095">
        <ele>415.0</ele>
      </trkpt>
      <trkpt lat="44.0882554705406" lon="3.0243348330259328">
        <ele>416.0</ele>
      </trkpt>
      <trkpt lat="44.08834505491908" lon="3.024451508934427">
        <ele>417.0</ele>
      </trkpt>
      <trkpt lat="44.08843463917769" lon="3.0245681852102275">
        <ele>419.0</ele>
      </trkpt>
      <trkpt lat="44.08858683576564" lon="3.0247291177511215">
        <ele>420.0</ele>
      </trkpt>
      <trkpt lat="44.08875059115081" lon="3.0248364061117172">
        <ele>422.0</ele>
      </trkpt>
      <trkpt lat="44.08888544818646" lon="3.0249007791280755">
        <ele>423.0</ele>
      </trkpt>
      <trkpt lat="44.08901741499847" lon="3.0249664930965654">
        <ele>425.0</ele>
      </trkpt>
      <trkpt lat="44.089149381780594" lon="3.025032207369804">
        <ele>426.0</ele>
      </trkpt>
      <trkpt lat="44.08921680988221" lon="3.0250617116689686">
        <ele>427.0</ele>
      </trkpt>
      <trkpt lat="44.08929001744838" lon="3.0250241607427606">
        <ele>429.0</ele>
      </trkpt>
      <trkpt lat="44.08931698863411" lon="3.0249597877264027">
        <ele>430.0</ele>
      </trkpt>
      <trkpt lat="44.08932084165961" lon="3.024887368083">
        <ele>431.0</ele>
      </trkpt>
      <trkpt lat="44.08928616442086" lon="3.0248229950666436">
        <ele>432.0</ele>
      </trkpt>
      <trkpt lat="44.08922451594608" lon="3.024798855185509">
        <ele>433.0</ele>
      </trkpt>
      <trkpt lat="44.08904727622331" lon="3.0247344821691518">
        <ele>433.0</ele>
      </trkpt>
      <trkpt lat="44.08894324396469" lon="3.0246459692716607">
        <ele>434.0</ele>
      </trkpt>
      <trkpt lat="44.08885077069237" lon="3.0245118588209166">
        <ele>435.0</ele>
      </trkpt>
      <trkpt lat="44.08876985646046" lon="3.024340197443962">
        <ele>436.0</ele>
      </trkpt>
      <trkpt lat="44.08869472171744" lon="3.024144396185876">
        <ele>437.0</ele>
      </trkpt>
      <trkpt lat="44.08863499916129" lon="3.0239780992269525">
        <ele>438.0</ele>
      </trkpt>
      <trkpt lat="44.08860610112862" lon="3.0237876623868942">
        <ele>439.0</ele>
      </trkpt>
      <trkpt lat="44.088625366485346" lon="3.0235972255468377">
        <ele>441.0</ele>
      </trkpt>
      <trkpt lat="44.08863499916129" lon="3.0234041064977655">
        <ele>442.0</ele>
      </trkpt>
      <trkpt lat="44.08863307262623" lon="3.023251220583916">
        <ele>444.0</ele>
      </trkpt>
      <trkpt lat="44.08859454191161" lon="3.023119792342186">
        <ele>446.0</ele>
      </trkpt>
      <trkpt lat="44.08853289271604" lon="3.0229803174734124">
        <ele>448.0</ele>
      </trkpt>
      <trkpt lat="44.08844619842592" lon="3.02280329167843">
        <ele>449.0</ele>
      </trkpt>
      <trkpt lat="44.08839996141931" lon="3.0227067321538925">
        <ele>451.0</ele>
      </trkpt>
      <trkpt lat="44.08832482620645" lon="3.022449240088463">
        <ele>453.0</ele>
      </trkpt>
      <trkpt lat="44.08832462423946" lon="3.0224476356583065">
        <ele>455.0</ele>
      </trkpt>
      <trkpt lat="44.0882920749299" lon="3.022189065814017">
        <ele>456.0</ele>
      </trkpt>
      <trkpt lat="44.088259323635256" lon="3.0219986289739604">
        <ele>458.0</ele>
      </trkpt>
      <trkpt lat="44.088220792677184" lon="3.021867200732232">
        <ele>459.0</ele>
      </trkpt>
      <trkpt lat="44.08813217137832" lon="3.0216526240110384">
        <ele>461.0</ele>
      </trkpt>
      <trkpt lat="44.08806859514735" lon="3.021475598216056">
        <ele>462.0</ele>
      </trkpt>
      <trkpt lat="44.08797419395095" lon="3.021228834986686">
        <ele>464.0</ele>
      </trkpt>
      <trkpt lat="44.0879414424803" lon="3.0211269110441217">
        <ele>465.0</ele>
      </trkpt>
      <trkpt lat="44.087895205159775" lon="3.020979389428455">
        <ele>467.0</ele>
      </trkpt>
      <trkpt lat="44.08784896764173" lon="3.020831868052483">
        <ele>468.0</ele>
      </trkpt>
      <trkpt lat="44.087787317669004" lon="3.020536825060845">
        <ele>469.0</ele>
      </trkpt>
      <trkpt lat="44.087768052154345" lon="3.020375892465473">
        <ele>470.0</ele>
      </trkpt>
      <trkpt lat="44.08774878640347" lon="3.020214959979056">
        <ele>472.0</ele>
      </trkpt>
      <trkpt lat="44.08771603480801" lon="3.019911870360375">
        <ele>473.0</ele>
      </trkpt>
      <trkpt lat="44.0877189247775" lon="3.019748255618773">
        <ele>474.0</ele>
      </trkpt>
      <trkpt lat="44.08772181450265" lon="3.0195846408605567">
        <ele>475.0</ele>
      </trkpt>
      <trkpt lat="44.08777383172893" lon="3.019386157393456">
        <ele>476.0</ele>
      </trkpt>
      <trkpt lat="44.08785282076292" lon="3.0192118138074884">
        <ele>477.0</ele>
      </trkpt>
      <trkpt lat="44.08794722215289" lon="3.019083067774774">
        <ele>478.0</ele>
      </trkpt>
      <trkpt lat="44.08808593412615" lon="3.0189516395330442">
        <ele>479.0</ele>
      </trkpt>
      <trkpt lat="44.088186114793416" lon="3.0189355462789536">
        <ele>480.0</ele>
      </trkpt>
      <trkpt lat="44.088257397087936" lon="3.0189811438322067">
        <ele>481.0</ele>
      </trkpt>
      <trkpt lat="44.0882766625582" lon="3.019024059176446">
        <ele>482.0</ele>
      </trkpt>
      <trkpt lat="44.0882766625582" lon="3.0190696567296986">
        <ele>483.0</ele>
      </trkpt>
      <trkpt lat="44.0882612501825" lon="3.0191286653280267">
        <ele>484.0</ele>
      </trkpt>
      <trkpt lat="44.088195747541" lon="3.0192332714796066">
        <ele>485.0</ele>
      </trkpt>
      <trkpt lat="44.088128318275324" lon="3.0193700641393666">
        <ele>486.0</ele>
      </trkpt>
      <trkpt lat="44.088095566890026" lon="3.019466623663903">
        <ele>487.0</ele>
      </trkpt>
      <trkpt lat="44.08808015446713" lon="3.0196114629507074">
        <ele>488.0</ele>
      </trkpt>
      <trkpt lat="44.08807244825415" lon="3.01977775990963">
        <ele>489.0</ele>
      </trkpt>
      <trkpt lat="44.08808400757319" lon="3.0199118703603745">
        <ele>490.0</ele>
      </trkpt>
      <trkpt lat="44.08812061206865" lon="3.02004061639309">
        <ele>491.0</ele>
      </trkpt>
      <trkpt lat="44.08820152718874" lon="3.0202095955610275">
        <ele>493.0</ele>
      </trkpt>
      <trkpt lat="44.08829303823111" lon="3.020358457921999">
        <ele>495.0</ele>
      </trkpt>
      <trkpt lat="44.08838454907575" lon="3.0205073207616815">
        <ele>496.0</ele>
      </trkpt>
      <trkpt lat="44.08848376599955" lon="3.0206682530220212">
        <ele>498.0</ele>
      </trkpt>
      <trkpt lat="44.08858298269234" lon="3.0208291858434677">
        <ele>500.0</ele>
      </trkpt>
      <trkpt lat="44.08868797889588" lon="3.0210048702098318">
        <ele>502.0</ele>
      </trkpt>
      <trkpt lat="44.08879297482373" lon="3.0211805552244195">
        <ele>503.0</ele>
      </trkpt>
      <trkpt lat="44.0889268685407" lon="3.021388425934034">
        <ele>505.0</ele>
      </trkpt>
      <trkpt lat="44.089060761873064" lon="3.021596297621728">
        <ele>507.0</ele>
      </trkpt>
      <trkpt lat="44.08915901438458" lon="3.021742477760678">
        <ele>509.0</ele>
      </trkpt>
      <trkpt lat="44.089257266706305" lon="3.0218886584043516">
        <ele>510.0</ele>
      </trkpt>
      <trkpt lat="44.08941138768738" lon="3.0221032351255417">
        <ele>511.0</ele>
      </trkpt>
      <trkpt lat="44.08949904389075" lon="3.022207017402926">
        <ele>513.0</ele>
      </trkpt>
      <trkpt lat="44.0895867" lon="3.022310800000001">
        <ele>514.0</ele>
      </trkpt>
      <trkpt lat="44.089679171937085" lon="3.0224311351776127">
        <ele>515.0</ele>
      </trkpt>
      <trkpt lat="44.08975430542938" lon="3.022553846240043">
        <ele>517.0</ele>
      </trkpt>
      <trkpt lat="44.08988530718799" lon="3.0227603763341895">
        <ele>518.0</ele>
      </trkpt>
      <trkpt lat="44.09003942653247" lon="3.0229749530553818">
        <ele>519.0</ele>
      </trkpt>
      <trkpt lat="44.09016368487935" lon="3.0230822411817297">
        <ele>520.0</ele>
      </trkpt>
      <trkpt lat="44.0902879431296" lon="3.023189529776574">
        <ele>521.0</ele>
      </trkpt>
      <trkpt lat="44.09045169365313" lon="3.023323639841444">
        <ele>522.0</ele>
      </trkpt>
      <trkpt lat="44.09061544402714" lon="3.023457750678063">
        <ele>523.0</ele>
      </trkpt>
      <trkpt lat="44.09072428942766" lon="3.0235221235713032">
        <ele>525.0</ele>
      </trkpt>
      <trkpt lat="44.09083313479684" lon="3.0235864967107786">
        <ele>526.0</ele>
      </trkpt>
      <trkpt lat="44.091050824765354" lon="3.0236428231000905">
        <ele>528.0</ele>
      </trkpt>
      <trkpt lat="44.091175080938825" lon="3.0236723273348365">
        <ele>529.0</ele>
      </trkpt>
      <trkpt lat="44.09129933711279" lon="3.0237018316984186">
        <ele>531.0</ele>
      </trkpt>
      <trkpt lat="44.09146693787374" lon="3.02377961575985">
        <ele>533.0</ele>
      </trkpt>
      <trkpt lat="44.09167499333001" lon="3.023830577731133">
        <ele>536.0</ele>
      </trkpt>
      <trkpt lat="44.09187534233689" lon="3.0238171666860585">
        <ele>538.0</ele>
      </trkpt>
      <trkpt lat="44.09199478084502" lon="3.023822531104089">
        <ele>541.0</ele>
      </trkpt>
      <trkpt lat="44.09211421911196" lon="3.0238734930753695">
        <ele>543.0</ele>
      </trkpt>
      <trkpt lat="44.09231071380043" lon="3.0239861458539967">
        <ele>545.0</ele>
      </trkpt>
      <trkpt lat="44.092430151429284" lon="3.024045154452324">
        <ele>547.0</ele>
      </trkpt>
      <trkpt lat="44.092570779296025" lon="3.0240585654973997">
        <ele>549.0</ele>
      </trkpt>
      <trkpt lat="44.09279038926837" lon="3.023999556899071">
        <ele>551.0</ele>
      </trkpt>
      <trkpt lat="44.09300614564" lon="3.023962005972862">
        <ele>553.0</ele>
      </trkpt>
      <trkpt lat="44.093210342909515" lon="3.0239110440015797">
        <ele>554.0</ele>
      </trkpt>
      <trkpt lat="44.09332014681018" lon="3.0238842219114286">
        <ele>556.0</ele>
      </trkpt>
      <trkpt lat="44.093468478071514" lon="3.02380107343197">
        <ele>557.0</ele>
      </trkpt>
      <trkpt lat="44.093628367196295" lon="3.0236374586820616">
        <ele>558.0</ele>
      </trkpt>
      <trkpt lat="44.09374202298927" lon="3.023539558248543">
        <ele>559.0</ele>
      </trkpt>
      <trkpt lat="44.093855678701786" lon="3.0234416574239735">
        <ele>559.0</ele>
      </trkpt>
      <trkpt lat="44.09393369644134" lon="3.0233249814917813">
        <ele>560.0</ele>
      </trkpt>
      <trkpt lat="44.09401171405998" lon="3.023208305239678">
        <ele>561.0</ele>
      </trkpt>
      <trkpt lat="44.09410995833356" lon="3.023074194788933">
        <ele>561.0</ele>
      </trkpt>
      <trkpt lat="44.0942043497368" lon="3.0230259150266643">
        <ele>562.0</ele>
      </trkpt>
      <trkpt lat="44.09434112068645" lon="3.0230500549077988">
        <ele>562.0</ele>
      </trkpt>
      <trkpt lat="44.094497154763786" lon="3.023133203387261">
        <ele>562.0</ele>
      </trkpt>
      <trkpt lat="44.09460310359394" lon="3.0232592672109613">
        <ele>561.0</ele>
      </trkpt>
      <trkpt lat="44.09465318842942" lon="3.023369237780571">
        <ele>560.0</ele>
      </trkpt>
      <trkpt lat="44.094684009845544" lon="3.0235033482313156">
        <ele>559.0</ele>
      </trkpt>
      <trkpt lat="44.09471290490859" lon="3.023707196116448">
        <ele>558.0</ele>
      </trkpt>
      <trkpt lat="44.094739873621336" lon="3.023935183882714">
        <ele>557.0</ele>
      </trkpt>
      <trkpt lat="44.09477647399754" lon="3.0241953581571583">
        <ele>556.0</ele>
      </trkpt>
      <trkpt lat="44.09482270601933" lon="3.0243455618619928">
        <ele>555.0</ele>
      </trkpt>
      <trkpt lat="44.094901685639634" lon="3.0245574563741684">
        <ele>554.0</ele>
      </trkpt>
      <trkpt lat="44.09503074967005" lon="3.0248042196035385">
        <ele>553.0</ele>
      </trkpt>
      <trkpt lat="44.09510683954363" lon="3.0249262599505364">
        <ele>552.0</ele>
      </trkpt>
      <trkpt lat="44.09518292928439" lon="3.0250483006238946">
        <ele>551.0</ele>
      </trkpt>
      <trkpt lat="44.09530236111256" lon="3.025190457701684">
        <ele>550.0</ele>
      </trkpt>
      <trkpt lat="44.095481508402464" lon="3.0253192037343988">
        <ele>549.0</ele>
      </trkpt>
      <trkpt lat="44.09558841853874" lon="3.025376871119878">
        <ele>548.0</ele>
      </trkpt>
      <trkpt lat="44.0956953286509" lon="3.0254345387220365">
        <ele>547.0</ele>
      </trkpt>
      <trkpt lat="44.09582920655208" lon="3.025474771762609">
        <ele>547.0</ele>
      </trkpt>
      <trkpt lat="44.09596308444828" lon="3.0255150049924846">
        <ele>546.0</ele>
      </trkpt>
      <trkpt lat="44.09609118287343" lon="3.0255257338043933">
        <ele>546.0</ele>
      </trkpt>
      <trkpt lat="44.09621928130648" lon="3.025536462664603">
        <ele>546.0</ele>
      </trkpt>
      <trkpt lat="44.096335821500006" lon="3.0255096406293847">
        <ele>546.0</ele>
      </trkpt>
      <trkpt lat="44.096452361694354" lon="3.025482818484307">
        <ele>547.0</ele>
      </trkpt>
      <trkpt lat="44.096573717121736" lon="3.025425151113468">
        <ele>548.0</ele>
      </trkpt>
      <trkpt lat="44.096695072526785" lon="3.0253674834966664">
        <ele>549.0</ele>
      </trkpt>
      <trkpt lat="44.09688769946247" lon="3.0252387374639516">
        <ele>550.0</ele>
      </trkpt>
      <trkpt lat="44.097010980372005" lon="3.0250912159681325">
        <ele>551.0</ele>
      </trkpt>
      <trkpt lat="44.097136187282665" lon="3.024863228201867">
        <ele>552.0</ele>
      </trkpt>
      <trkpt lat="44.09720938504609" lon="3.024654015898706">
        <ele>554.0</ele>
      </trkpt>
      <trkpt lat="44.09722142414328" lon="3.02460439503193">
        <ele>555.0</ele>
      </trkpt>
      <trkpt lat="44.097237195356826" lon="3.024524431675673">
        <ele>556.0</ele>
      </trkpt>
      <trkpt lat="44.097252966566195" lon="3.024444468319417">
        <ele>557.0</ele>
      </trkpt>
      <trkpt lat="44.097278730212174" lon="3.024281859397889">
        <ele>558.0</ele>
      </trkpt>
      <trkpt lat="44.09733651778838" lon="3.0243167281150822">
        <ele>559.0</ele>
      </trkpt>
      <trkpt lat="44.09739430530813" lon="3.0243059992790235">
        <ele>560.0</ele>
      </trkpt>
      <trkpt lat="44.09749158083881" lon="3.024273812770845">
        <ele>561.0</ele>
      </trkpt>
      <trkpt lat="44.09751373266992" lon="3.024209439754486">
        <ele>562.0</ele>
      </trkpt>
      <trkpt lat="44.09759848742547" lon="3.0241960287094116">
        <ele>563.0</ele>
      </trkpt>
      <trkpt lat="44.09764086475773" lon="3.0241504311561593">
        <ele>564.0</ele>
      </trkpt>
      <trkpt lat="44.09768324205956" lon="3.024061918258667">
        <ele>566.0</ele>
      </trkpt>
      <trkpt lat="44.09774488171717" lon="3.0239680409431466">
        <ele>567.0</ele>
      </trkpt>
      <trkpt lat="44.09783926731835" lon="3.023903667926789">
        <ele>569.0</ele>
      </trkpt>
      <trkpt lat="44.098059820839765" lon="3.0239009857177748">
        <ele>571.0</ele>
      </trkpt>
      <trkpt lat="44.09821680778818" lon="3.023916184818329">
        <ele>573.0</ele>
      </trkpt>
      <trkpt lat="44.09837379474787" lon="3.023931384002746">
        <ele>575.0</ele>
      </trkpt>
      <trkpt lat="44.09853078171887" lon="3.0239465832710275">
        <ele>578.0</ele>
      </trkpt>
      <trkpt lat="44.09872661236944" lon="3.0239939686374715">
        <ele>580.0</ele>
      </trkpt>
      <trkpt lat="44.09892244302037" lon="3.024041354330067">
        <ele>582.0</ele>
      </trkpt>
      <trkpt lat="44.09911827367166" lon="3.024088740348817">
        <ele>584.0</ele>
      </trkpt>
      <trkpt lat="44.0993189814447" lon="3.0241799341686675">
        <ele>586.0</ele>
      </trkpt>
      <trkpt lat="44.09951968916376" lon="3.024271128631841">
        <ele>588.0</ele>
      </trkpt>
      <trkpt lat="44.099720396828836" lon="3.02436232373834">
        <ele>590.0</ele>
      </trkpt>
      <trkpt lat="44.09992110443988" lon="3.0244535194881745">
        <ele>591.0</ele>
      </trkpt>
      <trkpt lat="44.10012181199693" lon="3.024544715881348">
        <ele>593.0</ele>
      </trkpt>
      <trkpt lat="44.10027333610078" lon="3.0246144529443266">
        <ele>594.0</ele>
      </trkpt>
      <trkpt lat="44.1004248601727" lon="3.024684190378714">
        <ele>595.0</ele>
      </trkpt>
      <trkpt lat="44.10057638421273" lon="3.024753928184509">
        <ele>597.0</ele>
      </trkpt>
      <trkpt lat="44.10074492108967" lon="3.0248310410084778">
        <ele>597.0</ele>
      </trkpt>
      <trkpt lat="44.100913457927774" lon="3.024908154289251">
        <ele>598.0</ele>
      </trkpt>
      <trkpt lat="44.10108199472704" lon="3.02498526802683">
        <ele>599.0</ele>
      </trkpt>
      <trkpt lat="44.10125053148747" lon="3.025062382221223">
        <ele>600.0</ele>
      </trkpt>
      <trkpt lat="44.10145790982317" lon="3.025161623231388">
        <ele>600.0</ele>
      </trkpt>
      <trkpt lat="44.10166528809234" lon="3.0252608649649355">
        <ele>601.0</ele>
      </trkpt>
      <trkpt lat="44.10187266629498" lon="3.025360107421875">
        <ele>601.0</ele>
      </trkpt>
      <trkpt lat="44.10202579118045" lon="3.0254472789802693">
        <ele>602.0</ele>
      </trkpt>
      <trkpt lat="44.102178916009315" lon="3.0255344510078435">
        <ele>602.0</ele>
      </trkpt>
      <trkpt lat="44.102358042274076" lon="3.025673925437537">
        <ele>602.0</ele>
      </trkpt>
      <trkpt lat="44.10253716837874" lon="3.0258134007453914">
        <ele>602.0</ele>
      </trkpt>
      <trkpt lat="44.10269510661311" lon="3.025975673039506">
        <ele>602.0</ele>
      </trkpt>
      <trkpt lat="44.102853044620716" lon="3.026137946234476">
        <ele>602.0</ele>
      </trkpt>
      <trkpt lat="44.10301098240156" lon="3.0263002203303033">
        <ele>602.0</ele>
      </trkpt>
      <trkpt lat="44.10316891995562" lon="3.0264624953269967">
        <ele>602.0</ele>
      </trkpt>
      <trkpt lat="44.10332781973726" lon="3.0266341562245573">
        <ele>602.0</ele>
      </trkpt>
      <trkpt lat="44.103486719263685" lon="3.0268058180809025">
        <ele>602.0</ele>
      </trkpt>
      <trkpt lat="44.103611912360826" lon="3.0269435042044344">
        <ele>602.0</ele>
      </trkpt>
      <trkpt lat="44.10373710529346" lon="3.0270811909338646">
        <ele>602.0</ele>
      </trkpt>
      <trkpt lat="44.10386229806159" lon="3.0272188782691956">
        <ele>602.0</ele>
      </trkpt>
      <trkpt lat="44.10396148903752" lon="3.027391880449062">
        <ele>602.0</ele>
      </trkpt>
      <trkpt lat="44.10406067974566" lon="3.0275648832321176">
        <ele>602.0</ele>
      </trkpt>
      <trkpt lat="44.10412423884949" lon="3.0277125722010205">
        <ele>603.0</ele>
      </trkpt>
      <trkpt lat="44.104187797756474" lon="3.0278602614998817">
        <ele>603.0</ele>
      </trkpt>
      <trkpt lat="44.10429854422574" lon="3.0277583377557002">
        <ele>604.0</ele>
      </trkpt>
      <trkpt lat="44.10440929060687" lon="3.0276564136147486">
        <ele>605.0</ele>
      </trkpt>
      <trkpt lat="44.10452485176459" lon="3.0275035277009">
        <ele>606.0</ele>
      </trkpt>
      <trkpt lat="44.104622115666" lon="3.0273023623686677">
        <ele>607.0</ele>
      </trkpt>
      <trkpt lat="44.10471937920325" lon="3.0271011963486676">
        <ele>607.0</ele>
      </trkpt>
      <trkpt lat="44.1048253098795" lon="3.02686248019078">
        <ele>608.0</ele>
      </trkpt>
      <trkpt lat="44.10493124004185" lon="3.0266237631440163">
        <ele>609.0</ele>
      </trkpt>
      <trkpt lat="44.10500250215329" lon="3.026336766779423">
        <ele>610.0</ele>
      </trkpt>
      <trkpt lat="44.105040059325994" lon="3.0261490122723136">
        <ele>610.0</ele>
      </trkpt>
      <trkpt lat="44.10507761617775" lon="3.025961257517337">
        <ele>611.0</ele>
      </trkpt>
      <trkpt lat="44.10513154413643" lon="3.0256796255707745">
        <ele>612.0</ele>
      </trkpt>
      <trkpt lat="44.1052105099872" lon="3.025532104074955">
        <ele>612.0</ele>
      </trkpt>
      <trkpt lat="44.10531643956021" lon="3.025442250240244">
        <ele>613.0</ele>
      </trkpt>
      <trkpt lat="44.10542236906565" lon="3.0253523960709576">
        <ele>613.0</ele>
      </trkpt>
      <trkpt lat="44.105551410132236" lon="3.0252343788743015">
        <ele>614.0</ele>
      </trkpt>
      <trkpt lat="44.10567563587658" lon="3.02513647845901">
        <ele>615.0</ele>
      </trkpt>
      <trkpt lat="44.105799861541826" lon="3.025038577616215">
        <ele>615.0</ele>
      </trkpt>
      <trkpt lat="44.105900012202326" lon="3.025009073317051">
        <ele>616.0</ele>
      </trkpt>
      <trkpt lat="44.10600786657003" lon="3.0249956622719765">
        <ele>617.0</ele>
      </trkpt>
      <trkpt lat="44.1061407581404" lon="3.0250332131104773">
        <ele>617.0</ele>
      </trkpt>
      <trkpt lat="44.10627364970746" lon="3.0250707641243944">
        <ele>618.0</ele>
      </trkpt>
      <trkpt lat="44.10644602266518" lon="3.025116361539503">
        <ele>619.0</ele>
      </trkpt>
      <trkpt lat="44.106618395620025" lon="3.025161959230898">
        <ele>620.0</ele>
      </trkpt>
      <trkpt lat="44.10673106343712" lon="3.025200851184599">
        <ele>620.0</ele>
      </trkpt>
      <trkpt lat="44.10684373124728" lon="3.025239743292332">
        <ele>621.0</ele>
      </trkpt>
      <trkpt lat="44.106983361707094" lon="3.0252866818348974">
        <ele>622.0</ele>
      </trkpt>
      <trkpt lat="44.10712299215737" lon="3.0253336206078525">
        <ele>622.0</ele>
      </trkpt>
      <trkpt lat="44.10728284415118" lon="3.025388605738172">
        <ele>623.0</ele>
      </trkpt>
      <trkpt lat="44.10744269613121" lon="3.0254435911774635">
        <ele>623.0</ele>
      </trkpt>
      <trkpt lat="44.10758039926082" lon="3.0254851653165726">
        <ele>624.0</ele>
      </trkpt>
      <trkpt lat="44.10771810238494" lon="3.0255267396569256">
        <ele>625.0</ele>
      </trkpt>
      <trkpt lat="44.10785676798509" lon="3.0255428329110146">
        <ele>625.0</ele>
      </trkpt>
      <trkpt lat="44.1080281733699" lon="3.0255629494180214">
        <ele>626.0</ele>
      </trkpt>
      <trkpt lat="44.10819957876693" lon="3.025583066046238">
        <ele>626.0</ele>
      </trkpt>
      <trkpt lat="44.10837483519634" lon="3.0256045237183566">
        <ele>627.0</ele>
      </trkpt>
      <trkpt lat="44.10850194392993" lon="3.025604523718357">
        <ele>628.0</ele>
      </trkpt>
      <trkpt lat="44.10862520062263" lon="3.025561608374118">
        <ele>629.0</ele>
      </trkpt>
      <trkpt lat="44.10872919825718" lon="3.0254757776856427">
        <ele>629.0</ele>
      </trkpt>
      <trkpt lat="44.108846676846525" lon="3.0253443494439116">
        <ele>630.0</ele>
      </trkpt>
      <trkpt lat="44.108973784565414" lon="3.0251995101571083">
        <ele>631.0</ele>
      </trkpt>
      <trkpt lat="44.10907970745564" lon="3.025054670870304">
        <ele>632.0</ele>
      </trkpt>
      <trkpt lat="44.10915674216572" lon="3.024904467165471">
        <ele>633.0</ele>
      </trkpt>
      <trkpt lat="44.10922799921762" lon="3.0247730390883496">
        <ele>633.0</ele>
      </trkpt>
      <trkpt lat="44.10929925611464" lon="3.0246416106820084">
        <ele>634.0</ele>
      </trkpt>
      <trkpt lat="44.10939651209977" lon="3.024476655109577">
        <ele>635.0</ele>
      </trkpt>
      <trkpt lat="44.10949376784172" lon="3.024311698973179">
        <ele>636.0</ele>
      </trkpt>
      <trkpt lat="44.10961509661465" lon="3.0240783467888837">
        <ele>637.0</ele>
      </trkpt>
      <trkpt lat="44.109701759871385" lon="3.023997880518436">
        <ele>637.0</ele>
      </trkpt>
      <trkpt lat="44.10980960730232" lon="3.023976422846317">
        <ele>638.0</ele>
      </trkpt>
      <trkpt lat="44.1098827893755" lon="3.023997880518436">
        <ele>639.0</ele>
      </trkpt>
      <trkpt lat="44.10998678479734" lon="3.024078346788883">
        <ele>639.0</ele>
      </trkpt>
      <trkpt lat="44.11008692836391" lon="3.024110533297062">
        <ele>640.0</ele>
      </trkpt>
      <trkpt lat="44.11021210758358" lon="3.0241749063134185">
        <ele>641.0</ele>
      </trkpt>
      <trkpt lat="44.11040854213224" lon="3.0242473259568223">
        <ele>641.0</ele>
      </trkpt>
      <trkpt lat="44.11052023981724" lon="3.024290241216804">
        <ele>642.0</ele>
      </trkpt>
      <trkpt lat="44.11063193749217" lon="3.024333156645299">
        <ele>642.0</ele>
      </trkpt>
      <trkpt lat="44.110755189743095" lon="3.024378754198551">
        <ele>643.0</ele>
      </trkpt>
      <trkpt lat="44.11086688687353" lon="3.024365343153477">
        <ele>643.0</ele>
      </trkpt>
      <trkpt lat="44.110961251526064" lon="3.02430097013712">
        <ele>644.0</ele>
      </trkpt>
      <trkpt lat="44.11105176441858" lon="3.0241909995675087">
        <ele>644.0</ele>
      </trkpt>
      <trkpt lat="44.11117116419245" lon="3.0240327492356305">
        <ele>645.0</ele>
      </trkpt>
      <trkpt lat="44.11126552835918" lon="3.0238879099488267">
        <ele>645.0</ele>
      </trkpt>
      <trkpt lat="44.11127130575223" lon="3.0238289013504986">
        <ele>645.0</ele>
      </trkpt>
      <trkpt lat="44.111486994284384" lon="3.0238128081574227">
        <ele>645.0</ele>
      </trkpt>
      <trkpt lat="44.1117026828393" lon="3.02379671484232">
        <ele>645.0</ele>
      </trkpt>
      <trkpt lat="44.111848079133104" lon="3.023795541378875">
        <ele>645.0</ele>
      </trkpt>
      <trkpt lat="44.11199347543835" lon="3.023794367909432">
        <ele>645.0</ele>
      </trkpt>
      <trkpt lat="44.11217834945939" lon="3.023831248283385">
        <ele>645.0</ele>
      </trkpt>
      <trkpt lat="44.11238633204158" lon="3.0239177495241165">
        <ele>646.0</ele>
      </trkpt>
      <trkpt lat="44.11255387280937" lon="3.0239848045520104">
        <ele>646.0</ele>
      </trkpt>
      <trkpt lat="44.11272141355131" lon="3.024051859974861">
        <ele>646.0</ele>
      </trkpt>
      <trkpt lat="44.11286103019964" lon="3.0241871435600407">
        <ele>646.0</ele>
      </trkpt>
      <trkpt lat="44.113000646691496" lon="3.024322427809239">
        <ele>647.0</ele>
      </trkpt>
      <trkpt lat="44.113132559720135" lon="3.024429715921058">
        <ele>647.0</ele>
      </trkpt>
      <trkpt lat="44.11326447265311" lon="3.0245370045304294">
        <ele>648.0</ele>
      </trkpt>
      <trkpt lat="44.11337038778346" lon="3.024614788447045">
        <ele>648.0</ele>
      </trkpt>
      <trkpt lat="44.11347630286468" lon="3.0246925726532945">
        <ele>649.0</ele>
      </trkpt>
      <trkpt lat="44.113664060594424" lon="3.024821318261092">
        <ele>649.0</ele>
      </trkpt>
      <trkpt lat="44.11385181819195" lon="3.024950064718724">
        <ele>650.0</ele>
      </trkpt>
      <trkpt lat="44.11396254653453" lon="3.025026507526859">
        <ele>651.0</ele>
      </trkpt>
      <trkpt lat="44.11407327483042" lon="3.0251029506325726">
        <ele>651.0</ele>
      </trkpt>
      <trkpt lat="44.11418496568984" lon="3.0251941457390794">
        <ele>652.0</ele>
      </trkpt>
      <trkpt lat="44.11427354794547" lon="3.0253041163086882">
        <ele>653.0</ele>
      </trkpt>
      <trkpt lat="44.11437560994491" lon="3.0254194512963295">
        <ele>653.0</ele>
      </trkpt>
      <trkpt lat="44.114514259926" lon="3.0256125703454013">
        <ele>654.0</ele>
      </trkpt>
      <trkpt lat="44.11460380455124" lon="3.0257520449946367">
        <ele>655.0</ele>
      </trkpt>
      <trkpt lat="44.11469334900332" lon="3.0258915200829515">
        <ele>656.0</ele>
      </trkpt>
      <trkpt lat="44.11480215020447" lon="3.0260672044374197">
        <ele>656.0</ele>
      </trkpt>
      <trkpt lat="44.114910951130405" lon="3.026242889463902">
        <ele>657.0</ele>
      </trkpt>
      <trkpt lat="44.11505922822698" lon="3.0264547839760776">
        <ele>658.0</ele>
      </trkpt>
      <trkpt lat="44.115176694186225" lon="3.026580847539471">
        <ele>659.0</ele>
      </trkpt>
      <trkpt lat="44.1152937855195" lon="3.0267065097221924">
        <ele>659.0</ele>
      </trkpt>
      <trkpt lat="44.115294160007934" lon="3.026706911623479">
        <ele>660.0</ele>
      </trkpt>
      <trkpt lat="44.115430882171786" lon="3.026859797537327">
        <ele>660.0</ele>
      </trkpt>
      <trkpt lat="44.11555605007258" lon="3.0270609632134438">
        <ele>661.0</ele>
      </trkpt>
      <trkpt lat="44.11568892032333" lon="3.0272996798157696">
        <ele>661.0</ele>
      </trkpt>
      <trkpt lat="44.115775574673776" lon="3.027441836893559">
        <ele>661.0</ele>
      </trkpt>
      <trkpt lat="44.11585645195286" lon="3.0275357142090784">
        <ele>661.0</ele>
      </trkpt>
      <trkpt lat="44.116031685677775" lon="3.027683235704899">
        <ele>661.0</ele>
      </trkpt>
      <trkpt lat="44.11614144714413" lon="3.0277905238584837">
        <ele>662.0</ele>
      </trkpt>
      <trkpt lat="44.11625120851195" lon="3.0278978124260907">
        <ele>662.0</ele>
      </trkpt>
      <trkpt lat="44.11638215156866" lon="3.028013147413731">
        <ele>662.0</ele>
      </trkpt>
      <trkpt lat="44.11654053399006" lon="3.0281130588650074">
        <ele>662.0</ele>
      </trkpt>
      <trkpt lat="44.116698916333895" lon="3.028212970872634">
        <ele>662.0</ele>
      </trkpt>
      <trkpt lat="44.11685729860016" lon="3.0283128834366133">
        <ele>663.0</ele>
      </trkpt>
      <trkpt lat="44.11701568078885" lon="3.02841279655695">
        <ele>663.0</ele>
      </trkpt>
      <trkpt lat="44.11713410560161" lon="3.028467781727287">
        <ele>663.0</ele>
      </trkpt>
      <trkpt lat="44.1172525303943" lon="3.02852276712656">
        <ele>663.0</ele>
      </trkpt>
      <trkpt lat="44.11744509034944" lon="3.028584457933903">
        <ele>663.0</ele>
      </trkpt>
      <trkpt lat="44.11763572408686" lon="3.0286032333970074">
        <ele>663.0</ele>
      </trkpt>
      <trkpt lat="44.117728152344434" lon="3.028589822351932">
        <ele>664.0</ele>
      </trkpt>
      <trkpt lat="44.11778014317556" lon="3.028482533991336">
        <ele>664.0</ele>
      </trkpt>
      <trkpt lat="44.11783405954487" lon="3.028399385511876">
        <ele>664.0</ele>
      </trkpt>
      <trkpt lat="44.11798232930662" lon="3.028348423540593">
        <ele>665.0</ele>
      </trkpt>
      <trkpt lat="44.11815178000737" lon="3.028316237032414">
        <ele>665.0</ele>
      </trkpt>
      <trkpt lat="44.11830197454041" lon="3.0283001437783246">
        <ele>666.0</ele>
      </trkpt>
      <trkpt lat="44.11840595514733" lon="3.028318919241429">
        <ele>666.0</ele>
      </trkpt>
      <trkpt lat="44.118509935571275" lon="3.028367199003696">
        <ele>667.0</ele>
      </trkpt>
      <trkpt lat="44.11870441698411" lon="3.028487898409366">
        <ele>668.0</ele>
      </trkpt>
      <trkpt lat="44.11883920570657" lon="3.0285951867699623">
        <ele>668.0</ele>
      </trkpt>
      <trkpt lat="44.11891815324414" lon="3.028662241995334">
        <ele>669.0</ele>
      </trkpt>
      <trkpt lat="44.118964366387715" lon="3.028756119310855">
        <ele>670.0</ele>
      </trkpt>
      <trkpt lat="44.11907412245919" lon="3.028844632208347">
        <ele>671.0</ele>
      </trkpt>
      <trkpt lat="44.11921661249348" lon="3.028858043253422">
        <ele>672.0</ele>
      </trkpt>
      <trkpt lat="44.11935525094812" lon="3.0288580432534213">
        <ele>673.0</ele>
      </trkpt>
      <trkpt lat="44.11949388941307" lon="3.0288580432534213">
        <ele>675.0</ele>
      </trkpt>
      <trkpt lat="44.11966237277136" lon="3.028880841962521">
        <ele>676.0</ele>
      </trkpt>
      <trkpt lat="44.119830856140155" lon="3.028903640806676">
        <ele>677.0</ele>
      </trkpt>
      <trkpt lat="44.12002725838363" lon="3.028929121704336">
        <ele>679.0</ele>
      </trkpt>
      <trkpt lat="44.120223660641926" lon="3.0289546027779575">
        <ele>680.0</ele>
      </trkpt>
      <trkpt lat="44.12037513317881" lon="3.0289751662708873">
        <ele>682.0</ele>
      </trkpt>
      <trkpt lat="44.12052660572418" lon="3.0289957298733343">
        <ele>683.0</ele>
      </trkpt>
      <trkpt lat="44.12067807827801" lon="3.0290162935853004">
        <ele>684.0</ele>
      </trkpt>
      <trkpt lat="44.120874477705485" lon="3.0290431155828403">
        <ele>685.0</ele>
      </trkpt>
      <trkpt lat="44.121070877147105" lon="3.0290699377655987">
        <ele>685.0</ele>
      </trkpt>
      <trkpt lat="44.12119603296533" lon="3.0290860309842778">
        <ele>686.0</ele>
      </trkpt>
      <trkpt lat="44.121321188789565" lon="3.029102124273777">
        <ele>686.0</ele>
      </trkpt>
      <trkpt lat="44.12143864223106" lon="3.0291276052068037">
        <ele>686.0</ele>
      </trkpt>
      <trkpt lat="44.12155609567406" lon="3.0291530862450604">
        <ele>686.0</ele>
      </trkpt>
      <trkpt lat="44.12173131225111" lon="3.0292241645650053">
        <ele>686.0</ele>
      </trkpt>
      <trkpt lat="44.12190652879852" lon="3.0292952433228497">
        <ele>685.0</ele>
      </trkpt>
      <trkpt lat="44.1220519000109" lon="3.0293676627811665">
        <ele>685.0</ele>
      </trkpt>
      <trkpt lat="44.12219727118679" lon="3.0294400826096535">
        <ele>684.0</ele>
      </trkpt>
      <trkpt lat="44.122375374021885" lon="3.029531277430611">
        <ele>683.0</ele>
      </trkpt>
      <trkpt lat="44.12255347679812" lon="3.029622472822665">
        <ele>682.0</ele>
      </trkpt>
      <trkpt lat="44.122720988750295" lon="3.029704279956697">
        <ele>682.0</ele>
      </trkpt>
      <trkpt lat="44.122888500656465" lon="3.029786087572575">
        <ele>681.0</ele>
      </trkpt>
      <trkpt lat="44.12303868296414" lon="3.0298382228726455">
        <ele>680.0</ele>
      </trkpt>
      <trkpt lat="44.12318886525915" lon="3.029890358448028">
        <ele>680.0</ele>
      </trkpt>
      <trkpt lat="44.123364718517415" lon="3.029934279349066">
        <ele>680.0</ele>
      </trkpt>
      <trkpt lat="44.123540571774704" lon="3.0299782005216858">
        <ele>680.0</ele>
      </trkpt>
      <trkpt lat="44.123716425030956" lon="3.030022121965886">
        <ele>680.0</ele>
      </trkpt>
      <trkpt lat="44.12384542601293" lon="3.0300435795893392">
        <ele>680.0</ele>
      </trkpt>
      <trkpt lat="44.123974426999624" lon="3.030065037310124">
        <ele>681.0</ele>
      </trkpt>
      <trkpt lat="44.12409283785178" lon="3.030054308496399">
        <ele>682.0</ele>
      </trkpt>
      <trkpt lat="44.124211248710395" lon="3.0300435796380043">
        <ele>683.0</ele>
      </trkpt>
      <trkpt lat="44.124331584458" lon="3.0300194398079427">
        <ele>684.0</ele>
      </trkpt>
      <trkpt lat="44.124451920208024" lon="3.029995299875736">
        <ele>685.0</ele>
      </trkpt>
      <trkpt lat="44.124575143504266" lon="3.0299765244533075">
        <ele>686.0</ele>
      </trkpt>
      <trkpt lat="44.12469836680546" lon="3.0299577489495273">
        <ele>687.0</ele>
      </trkpt>
      <trkpt lat="44.12488512643282" lon="3.029941655695439">
        <ele>688.0</ele>
      </trkpt>
      <trkpt lat="44.125046855942415" lon="3.029971159994603">
        <ele>689.0</ele>
      </trkpt>
      <trkpt lat="44.125157563286066" lon="3.030007369745825">
        <ele>690.0</ele>
      </trkpt>
      <trkpt lat="44.12526827062433" lon="3.0300435796380047">
        <ele>691.0</ele>
      </trkpt>
      <trkpt lat="44.12541074555452" lon="3.030094373843986">
        <ele>692.0</ele>
      </trkpt>
      <trkpt lat="44.12555322047204" lon="3.0301451683044434">
        <ele>694.0</ele>
      </trkpt>
      <trkpt lat="44.125691844058835" lon="3.0301626026205475">
        <ele>695.0</ele>
      </trkpt>
      <trkpt lat="44.12583046765314" lon="3.030180037021637">
        <ele>696.0</ele>
      </trkpt>
      <trkpt lat="44.12602299932866" lon="3.030186910158972">
        <ele>697.0</ele>
      </trkpt>
      <trkpt lat="44.126215531023625" lon="3.0301937833428383">
        <ele>698.0</ele>
      </trkpt>
      <trkpt lat="44.12638110726331" lon="3.0301761813974197">
        <ele>699.0</ele>
      </trkpt>
      <trkpt lat="44.12654668351485" lon="3.030158579349517">
        <ele>700.0</ele>
      </trkpt>
      <trkpt lat="44.126727661139235" lon="3.0301170052420727">
        <ele>700.0</ele>
      </trkpt>
      <trkpt lat="44.1269086387654" lon="3.0300754308700557">
        <ele>700.0</ele>
      </trkpt>
      <trkpt lat="44.127033782218064" lon="3.0300501175781744">
        <ele>700.0</ele>
      </trkpt>
      <trkpt lat="44.12715892567329" lon="3.0300248041749">
        <ele>700.0</ele>
      </trkpt>
      <trkpt lat="44.127292732316455" lon="3.0299993232492057">
        <ele>699.0</ele>
      </trkpt>
      <trkpt lat="44.127426538963306" lon="3.029973842203618">
        <ele>698.0</ele>
      </trkpt>
      <trkpt lat="44.12760655125821" lon="3.029945511460565">
        <ele>697.0</ele>
      </trkpt>
      <trkpt lat="44.127786563563156" lon="3.029917180538178">
        <ele>695.0</ele>
      </trkpt>
      <trkpt lat="44.12800700493433" lon="3.02987309189838">
        <ele>693.0</ele>
      </trkpt>
      <trkpt lat="44.128227446313765" lon="3.0298290029168133">
        <ele>691.0</ele>
      </trkpt>
      <trkpt lat="44.128387241432684" lon="3.0297673121094686">
        <ele>689.0</ele>
      </trkpt>
      <trkpt lat="44.128516232357995" lon="3.029665388166904">
        <ele>686.0</ele>
      </trkpt>
      <trkpt lat="44.12862500801141" lon="3.029564805521215">
        <ele>684.0</ele>
      </trkpt>
      <trkpt lat="44.12873378357885" lon="3.029464222490787">
        <ele>682.0</ele>
      </trkpt>
      <trkpt lat="44.12883774577923" lon="3.0293622987345312">
        <ele>680.0</ele>
      </trkpt>
      <trkpt lat="44.12894170789062" lon="3.0292603746056552">
        <ele>678.0</ele>
      </trkpt>
      <trkpt lat="44.1290504827793" lon="3.029141016532773">
        <ele>676.0</ele>
      </trkpt>
      <trkpt lat="44.12915925754436" lon="3.0290216580033302">
        <ele>675.0</ele>
      </trkpt>
      <trkpt lat="44.12930653621656" lon="3.0288553614750446">
        <ele>673.0</ele>
      </trkpt>
      <trkpt lat="44.12945381464813" lon="3.0286890640854836">
        <ele>672.0</ele>
      </trkpt>
      <trkpt lat="44.12956868506163" lon="3.0285451194498183">
        <ele>670.0</ele>
      </trkpt>
      <trkpt lat="44.12968355529316" lon="3.028401174232686">
        <ele>669.0</ele>
      </trkpt>
      <trkpt lat="44.129798425342756" lon="3.0282572284340854">
        <ele>667.0</ele>
      </trkpt>
      <trkpt lat="44.12994088946068" lon="3.0280909318917266">
        <ele>666.0</ele>
      </trkpt>
      <trkpt lat="44.13008335333721" lon="3.027924634516239">
        <ele>665.0</ele>
      </trkpt>
      <trkpt lat="44.13019116357132" lon="3.0278253927826877">
        <ele>663.0</ele>
      </trkpt>
      <trkpt lat="44.13036827995714" lon="3.02767250686884">
        <ele>662.0</ele>
      </trkpt>
      <trkpt lat="44.13049052836567" lon="3.0275799708567326">
        <ele>661.0</ele>
      </trkpt>
      <trkpt lat="44.13061277670409" lon="3.0274874344468095">
        <ele>660.0</ele>
      </trkpt>
      <trkpt lat="44.13072732396137" lon="3.027404286134819">
        <ele>659.0</ele>
      </trkpt>
      <trkpt lat="44.1308418711626" lon="3.0273211374878883">
        <ele>658.0</ele>
      </trkpt>
      <trkpt lat="44.13095834312011" lon="3.027248717992798">
        <ele>657.0</ele>
      </trkpt>
      <trkpt lat="44.13107481503703" lon="3.027176298201084">
        <ele>656.0</ele>
      </trkpt>
      <trkpt lat="44.13126347965029" lon="3.027144111692906">
        <ele>655.0</ele>
      </trkpt>
      <trkpt lat="44.13141171551767" lon="3.027137406187846">
        <ele>654.0</ele>
      </trkpt>
      <trkpt lat="44.13155995139638" lon="3.0271307006478305">
        <ele>652.0</ele>
      </trkpt>
      <trkpt lat="44.1317620903702" lon="3.0271199718117723">
        <ele>651.0</ele>
      </trkpt>
      <trkpt lat="44.131698561053" lon="3.02736137062311">
        <ele>650.0</ele>
      </trkpt>
      <trkpt lat="44.13163310653361" lon="3.027570247650147">
        <ele>649.0</ele>
      </trkpt>
      <trkpt lat="44.13163310653361" lon="3.027806282043457">
        <ele>648.0</ele>
      </trkpt>
      <trkpt lat="44.13171203708554" lon="3.0279967186192116">
        <ele>647.0</ele>
      </trkpt>
      <trkpt lat="44.13179096730998" lon="3.0281871557235718">
        <ele>646.0</ele>
      </trkpt>
      <trkpt lat="44.13188337352542" lon="3.0283534521420865">
        <ele>645.0</ele>
      </trkpt>
      <trkpt lat="44.13197577949313" lon="3.02851974910101">
        <ele>645.0</ele>
      </trkpt>
      <trkpt lat="44.13206818521319" lon="3.0286860466003422">
        <ele>644.0</ele>
      </trkpt>
      <trkpt lat="44.13218754252078" lon="3.028938174247742">
        <ele>644.0</ele>
      </trkpt>
      <trkpt lat="44.13229534891387" lon="3.029147386550904">
        <ele>644.0</ele>
      </trkpt>
      <trkpt lat="44.132330000926984" lon="3.029329776763917">
        <ele>644.0</ele>
      </trkpt>
      <trkpt lat="44.132320375634784" lon="3.0295711756161157">
        <ele>645.0</ele>
      </trkpt>
      <trkpt lat="44.13231074981112" lon="3.029812574386598">
        <ele>645.0</ele>
      </trkpt>
      <trkpt lat="44.13230641963957" lon="3.0301244650748704">
        <ele>646.0</ele>
      </trkpt>
      <trkpt lat="44.13230208858074" lon="3.0304363557156417">
        <ele>646.0</ele>
      </trkpt>
      <trkpt lat="44.13229775663466" lon="3.030748246308905">
        <ele>647.0</ele>
      </trkpt>
      <trkpt lat="44.13229342380134" lon="3.0310601368546486">
        <ele>647.0</ele>
      </trkpt>
      <trkpt lat="44.132276098142306" lon="3.031340427782097">
        <ele>647.0</ele>
      </trkpt>
      <trkpt lat="44.13225877176685" lon="3.031620718538761">
        <ele>648.0</ele>
      </trkpt>
      <trkpt lat="44.13245994544193" lon="3.031612504302711">
        <ele>648.0</ele>
      </trkpt>
      <trkpt lat="44.132661119138014" lon="3.0316042900085454">
        <ele>648.0</ele>
      </trkpt>
      <trkpt lat="44.132833415120956" lon="3.0315949023054354">
        <ele>648.0</ele>
      </trkpt>
      <trkpt lat="44.133005711118955" lon="3.031585514545441">
        <ele>647.0</ele>
      </trkpt>
      <trkpt lat="44.13320976986526" lon="3.0315640569503164">
        <ele>647.0</ele>
      </trkpt>
      <trkpt lat="44.13341382862958" lon="3.0315425992012037">
        <ele>647.0</ele>
      </trkpt>
      <trkpt lat="44.13354473357026" lon="3.0316981666078804">
        <ele>647.0</ele>
      </trkpt>
      <trkpt lat="44.13367563829933" lon="3.0318537347307437">
        <ele>647.0</ele>
      </trkpt>
      <trkpt lat="44.13380654281681" lon="3.0320093035697946">
        <ele>646.0</ele>
      </trkpt>
      <trkpt lat="44.13396632284159" lon="3.0322104692459115">
        <ele>646.0</ele>
      </trkpt>
      <trkpt lat="44.134075088441" lon="3.0322909353624614">
        <ele>646.0</ele>
      </trkpt>
      <trkpt lat="44.13418385398767" lon="3.0323714017868046">
        <ele>646.0</ele>
      </trkpt>
      <trkpt lat="44.13432053228878" lon="3.032423704736891">
        <ele>646.0</ele>
      </trkpt>
      <trkpt lat="44.134457210574894" lon="3.0324760079383863">
        <ele>646.0</ele>
      </trkpt>
      <trkpt lat="44.13462565127052" lon="3.0325323341608645">
        <ele>646.0</ele>
      </trkpt>
      <trkpt lat="44.13479409195232" lon="3.032588660717012">
        <ele>646.0</ele>
      </trkpt>
      <trkpt lat="44.13494167711124" lon="3.0326324699035325">
        <ele>646.0</ele>
      </trkpt>
      <trkpt lat="44.135089262264245" lon="3.03267627931744">
        <ele>646.0</ele>
      </trkpt>
      <trkpt lat="44.13523684741136" lon="3.0327200889587402">
        <ele>646.0</ele>
      </trkpt>
      <trkpt lat="44.13545341098603" lon="3.032791167226954">
        <ele>646.0</ele>
      </trkpt>
      <trkpt lat="44.135669974539624" lon="3.032862246036531">
        <ele>645.0</ele>
      </trkpt>
      <trkpt lat="44.13583071180675" lon="3.032911866763051">
        <ele>645.0</ele>
      </trkpt>
      <trkpt lat="44.135991449065195" lon="3.032961487770081">
        <ele>645.0</ele>
      </trkpt>
      <trkpt lat="44.1360645987128" lon="3.033020496368409">
        <ele>645.0</ele>
      </trkpt>
      <trkpt lat="44.136110798443475" lon="3.0330855399370193">
        <ele>644.0</ele>
      </trkpt>
      <trkpt lat="44.13615507315162" lon="3.033184111118318">
        <ele>643.0</ele>
      </trkpt>
      <trkpt lat="44.13617239802834" lon="3.033296763896943">
        <ele>642.0</ele>
      </trkpt>
      <trkpt lat="44.136174968221916" lon="3.0336085333294043">
        <ele>642.0</ele>
      </trkpt>
      <trkpt lat="44.136177537528965" lon="3.0339203027900425">
        <ele>641.0</ele>
      </trkpt>
      <trkpt lat="44.1361801059495" lon="3.0342320722788467">
        <ele>640.0</ele>
      </trkpt>
      <trkpt lat="44.136182673483525" lon="3.0345438417958097">
        <ele>638.0</ele>
      </trkpt>
      <trkpt lat="44.13618524013103" lon="3.0348556113409204">
        <ele>637.0</ele>
      </trkpt>
      <trkpt lat="44.13618780589203" lon="3.0351673809141695">
        <ele>636.0</ele>
      </trkpt>
      <trkpt lat="44.13619037076652" lon="3.0354791505155454">
        <ele>635.0</ele>
      </trkpt>
      <trkpt lat="44.13619293475448" lon="3.035790920145041">
        <ele>634.0</ele>
      </trkpt>
      <trkpt lat="44.13619549785596" lon="3.0361026898026457">
        <ele>634.0</ele>
      </trkpt>
      <trkpt lat="44.13619453552643" lon="3.036291785541397">
        <ele>633.0</ele>
      </trkpt>
      <trkpt lat="44.13619357287077" lon="3.036480881273746">
        <ele>632.0</ele>
      </trkpt>
      <trkpt lat="44.13629752191572" lon="3.036551959682713">
        <ele>632.0</ele>
      </trkpt>
      <trkpt lat="44.136401470920376" lon="3.0366230383515354">
        <ele>631.0</ele>
      </trkpt>
      <trkpt lat="44.13658626857228" lon="3.0367517843842498">
        <ele>631.0</ele>
      </trkpt>
      <trkpt lat="44.13672679139963" lon="3.0369234457612033">
        <ele>630.0</ele>
      </trkpt>
      <trkpt lat="44.13687308878244" lon="3.0370280519127846">
        <ele>630.0</ele>
      </trkpt>
      <trkpt lat="44.13702901059404" lon="3.0371541157364845">
        <ele>629.0</ele>
      </trkpt>
      <trkpt lat="44.13713007074787" lon="3.037234581863931">
        <ele>629.0</ele>
      </trkpt>
      <trkpt lat="44.1372311308481" lon="3.037315048277378">
        <ele>628.0</ele>
      </trkpt>
      <trkpt lat="44.13732834081684" lon="3.037447649758876">
        <ele>628.0</ele>
      </trkpt>
      <trkpt lat="44.13742555063026" lon="3.0375802516937265">
        <ele>627.0</ele>
      </trkpt>
      <trkpt lat="44.13754297216868" lon="3.0377093330025673">
        <ele>627.0</ele>
      </trkpt>
      <trkpt lat="44.13759205823429" lon="3.0378595365777468">
        <ele>627.0</ele>
      </trkpt>
      <trkpt lat="44.137641144095426" lon="3.0380097404122357">
        <ele>627.0</ele>
      </trkpt>
      <trkpt lat="44.13767483066103" lon="3.0382015182431945">
        <ele>627.0</ele>
      </trkpt>
      <trkpt lat="44.137708516891834" lon="3.0383932963013653">
        <ele>627.0</ele>
      </trkpt>
      <trkpt lat="44.137714291699524" lon="3.0385549413040285">
        <ele>627.0</ele>
      </trkpt>
      <trkpt lat="44.1377604901393" lon="3.038544212467969">
        <ele>628.0</ele>
      </trkpt>
      <trkpt lat="44.1378413373224" lon="3.0385308014228944">
        <ele>628.0</ele>
      </trkpt>
      <trkpt lat="44.13793758382461" lon="3.038560305722058">
        <ele>628.0</ele>
      </trkpt>
      <trkpt lat="44.138072328664215" lon="3.0386729585006833">
        <ele>629.0</ele>
      </trkpt>
      <trkpt lat="44.138259046005004" lon="3.038831208832562">
        <ele>629.0</ele>
      </trkpt>
      <trkpt lat="44.13844576275542" lon="3.038981412537396">
        <ele>630.0</ele>
      </trkpt>
      <trkpt lat="44.13859783060044" lon="3.0391047941520806">
        <ele>631.0</ele>
      </trkpt>
      <trkpt lat="44.13871043747913" lon="3.0391986712817007">
        <ele>631.0</ele>
      </trkpt>
      <trkpt lat="44.13882304428422" lon="3.0392925487831235">
        <ele>632.0</ele>
      </trkpt>
      <trkpt lat="44.1390116841446" lon="3.039440070278943">
        <ele>632.0</ele>
      </trkpt>
      <trkpt lat="44.139140651765196" lon="3.039539311787414">
        <ele>632.0</ele>
      </trkpt>
      <trkpt lat="44.139269619304805" lon="3.0396385537460437">
        <ele>633.0</ele>
      </trkpt>
      <trkpt lat="44.13943419661722" lon="3.0397914392174066">
        <ele>633.0</ele>
      </trkpt>
      <trkpt lat="44.13959877373089" lon="3.039944325573742">
        <ele>633.0</ele>
      </trkpt>
      <trkpt lat="44.13977586190277" lon="3.0401267157867555">
        <ele>632.0</ele>
      </trkpt>
      <trkpt lat="44.139900015732856" lon="3.0402541204367903">
        <ele>632.0</ele>
      </trkpt>
      <trkpt lat="44.140024169423114" lon="3.0403815256431694">
        <ele>632.0</ele>
      </trkpt>
      <trkpt lat="44.14013677362672" lon="3.040518318032042">
        <ele>631.0</ele>
      </trkpt>
      <trkpt lat="44.140249377666414" lon="3.0406551109626876">
        <ele>631.0</ele>
      </trkpt>
      <trkpt lat="44.14034562024345" lon="3.040818725712597">
        <ele>631.0</ele>
      </trkpt>
      <trkpt lat="44.1404091402583" lon="3.0410091625526547">
        <ele>631.0</ele>
      </trkpt>
      <trkpt lat="44.14046496082105" lon="3.0411969171836977">
        <ele>630.0</ele>
      </trkpt>
      <trkpt lat="44.140543879457624" lon="3.041427587158977">
        <ele>630.0</ele>
      </trkpt>
      <trkpt lat="44.14060932410063" lon="3.041550968773662">
        <ele>630.0</ele>
      </trkpt>
      <trkpt lat="44.14068054318853" lon="3.0416555749252447">
        <ele>631.0</ele>
      </trkpt>
      <trkpt lat="44.140757536700356" lon="3.0417467700317498">
        <ele>631.0</ele>
      </trkpt>
      <trkpt lat="44.14085955294901" lon="3.041813825257123">
        <ele>632.0</ele>
      </trkpt>
      <trkpt lat="44.141040486994086" lon="3.0418835626915097">
        <ele>632.0</ele>
      </trkpt>
      <trkpt lat="44.141234894233094" lon="3.0419425712898382">
        <ele>633.0</ele>
      </trkpt>
      <trkpt lat="44.141371556364454" lon="3.041964028961957">
        <ele>633.0</ele>
      </trkpt>
      <trkpt lat="44.14154286478652" lon="3.0419720755889994">
        <ele>633.0</ele>
      </trkpt>
      <trkpt lat="44.141689150236644" lon="3.0419693933799863">
        <ele>634.0</ele>
      </trkpt>
      <trkpt lat="44.141877780939936" lon="3.0419667111709723">
        <ele>634.0</ele>
      </trkpt>
      <trkpt lat="44.14207218542187" lon="3.0419559823349123">
        <ele>634.0</ele>
      </trkpt>
      <trkpt lat="44.14225889011374" lon="3.041947935707867">
        <ele>635.0</ele>
      </trkpt>
      <trkpt lat="44.14236667812064" lon="3.0419345246627922">
        <ele>635.0</ele>
      </trkpt>
      <trkpt lat="44.14245136855944" lon="3.041934524662793">
        <ele>635.0</ele>
      </trkpt>
      <trkpt lat="44.14259380220521" lon="3.0419774400070314">
        <ele>635.0</ele>
      </trkpt>
      <trkpt lat="44.14271506301124" lon="3.0420418130233875">
        <ele>634.0</ele>
      </trkpt>
      <trkpt lat="44.14281322633846" lon="3.042138372547925">
        <ele>634.0</ele>
      </trkpt>
      <trkpt lat="44.14289791613664" lon="3.0423100339248768">
        <ele>633.0</ele>
      </trkpt>
      <trkpt lat="44.14297298199261" lon="3.0425380216911435">
        <ele>632.0</ele>
      </trkpt>
      <trkpt lat="44.14301917631803" lon="3.0427338229492316">
        <ele>631.0</ele>
      </trkpt>
      <trkpt lat="44.14308846773842" lon="3.0430100904777646">
        <ele>630.0</ele>
      </trkpt>
      <trkpt lat="44.143132737346754" lon="3.043191139445312">
        <ele>629.0</ele>
      </trkpt>
      <trkpt lat="44.14317700665718" lon="3.0433721886947747">
        <ele>628.0</ele>
      </trkpt>
      <trkpt lat="44.1432308999848" lon="3.0435612842510964">
        <ele>627.0</ele>
      </trkpt>
      <trkpt lat="44.14328479298788" lon="3.0437503801658745">
        <ele>626.0</ele>
      </trkpt>
      <trkpt lat="44.14335119707514" lon="3.043928746857058">
        <ele>625.0</ele>
      </trkpt>
      <trkpt lat="44.14341760087462" lon="3.0441071139648552">
        <ele>624.0</ele>
      </trkpt>
      <trkpt lat="44.14348496714858" lon="3.0442613408004884">
        <ele>623.0</ele>
      </trkpt>
      <trkpt lat="44.14355233320803" lon="3.0444155680015683">
        <ele>622.0</ele>
      </trkpt>
      <trkpt lat="44.14363509724632" lon="3.044565771487769">
        <ele>622.0</ele>
      </trkpt>
      <trkpt lat="44.14371786108248" lon="3.0447159754112363">
        <ele>622.0</ele>
      </trkpt>
      <trkpt lat="44.14384874325921" lon="3.044909094460308">
        <ele>621.0</ele>
      </trkpt>
      <trkpt lat="44.14397866272132" lon="3.045048569010394">
        <ele>621.0</ele>
      </trkpt>
      <trkpt lat="44.14410858201501" lon="3.0451880441978574">
        <ele>621.0</ele>
      </trkpt>
      <trkpt lat="44.14421059247315" lon="3.04524437058717">
        <ele>621.0</ele>
      </trkpt>
      <trkpt lat="44.1444126881433" lon="3.0452953325584535">
        <ele>621.0</ele>
      </trkpt>
      <trkpt lat="44.14458398774097" lon="3.045338247902691">
        <ele>621.0</ele>
      </trkpt>
      <trkpt lat="44.144760098339944" lon="3.0453677521104696">
        <ele>621.0</ele>
      </trkpt>
      <trkpt lat="44.144936208947456" lon="3.0453972565010186">
        <ele>621.0</ele>
      </trkpt>
      <trkpt lat="44.1450584271634" lon="3.045425419635137">
        <ele>621.0</ele>
      </trkpt>
      <trkpt lat="44.14518064538003" lon="3.0454535828903317">
        <ele>621.0</ele>
      </trkpt>
      <trkpt lat="44.14531633587644" lon="3.045481746017778">
        <ele>621.0</ele>
      </trkpt>
      <trkpt lat="44.1454520263754" lon="3.045509909279644">
        <ele>621.0</ele>
      </trkpt>
      <trkpt lat="44.14561947336227" lon="3.0455461189947077">
        <ele>622.0</ele>
      </trkpt>
      <trkpt lat="44.14578692035207" lon="3.0455823289230466">
        <ele>622.0</ele>
      </trkpt>
      <trkpt lat="44.14600440795152" lon="3.04563329089433">
        <ele>622.0</ele>
      </trkpt>
      <trkpt lat="44.146218045432754" lon="3.045727168209851">
        <ele>622.0</ele>
      </trkpt>
      <trkpt lat="44.1463758672196" lon="3.0458210455253725">
        <ele>622.0</ele>
      </trkpt>
      <trkpt lat="44.14648364770958" lon="3.0459202872589226">
        <ele>621.0</ele>
      </trkpt>
      <trkpt lat="44.14657218153636" lon="3.0460383044555783">
        <ele>621.0</ele>
      </trkpt>
      <trkpt lat="44.14664724272019" lon="3.046218012459576">
        <ele>620.0</ele>
      </trkpt>
      <trkpt lat="44.146689584884406" lon="3.0464755045250063">
        <ele>619.0</ele>
      </trkpt>
      <trkpt lat="44.146708831312566" lon="3.046735678799451">
        <ele>618.0</ele>
      </trkpt>
      <trkpt lat="44.14674732415024" lon="3.0469502555206422">
        <ele>616.0</ele>
      </trkpt>
      <trkpt lat="44.14678581706203" lon="3.047107164641783">
        <ele>615.0</ele>
      </trkpt>
      <trkpt lat="44.146824309750116" lon="3.047264073975383">
        <ele>614.0</ele>
      </trkpt>
      <trkpt lat="44.146894238691694" lon="3.047504578125454">
        <ele>612.0</ele>
      </trkpt>
      <trkpt lat="44.14696416710844" lon="3.0477450828671233">
        <ele>611.0</ele>
      </trkpt>
      <trkpt lat="44.1470340950003" lon="3.0479855882003903">
        <ele>610.0</ele>
      </trkpt>
      <trkpt lat="44.147093758559144" lon="3.04813847411424">
        <ele>609.0</ele>
      </trkpt>
      <trkpt lat="44.147178442216536" lon="3.0483020888641468">
        <ele>609.0</ele>
      </trkpt>
      <trkpt lat="44.14727659822972" lon="3.04850727749955">
        <ele>608.0</ele>
      </trkpt>
      <trkpt lat="44.147374753864085" lon="3.0487124668434253">
        <ele>607.0</ele>
      </trkpt>
      <trkpt lat="44.14744981402738" lon="3.0488707171753044">
        <ele>606.0</ele>
      </trkpt>
      <trkpt lat="44.14749600484965" lon="3.0490477429702882">
        <ele>606.0</ele>
      </trkpt>
      <trkpt lat="44.14755181871168" lon="3.049256955273449">
        <ele>605.0</ele>
      </trkpt>
      <trkpt lat="44.147610519673314" lon="3.0494970127324343">
        <ele>604.0</ele>
      </trkpt>
      <trkpt lat="44.147669220111275" lon="3.0497370706871147">
        <ele>603.0</ele>
      </trkpt>
      <trkpt lat="44.147706750110025" lon="3.0498886153964233">
        <ele>602.0</ele>
      </trkpt>
      <trkpt lat="44.147744279900095" lon="3.0500401603057976">
        <ele>601.0</ele>
      </trkpt>
      <trkpt lat="44.14780779195458" lon="3.050257419236004">
        <ele>600.0</ele>
      </trkpt>
      <trkpt lat="44.14785205789152" lon="3.0504049407318234">
        <ele>599.0</ele>
      </trkpt>
      <trkpt lat="44.147859756311966" lon="3.050549780018627">
        <ele>597.0</ele>
      </trkpt>
      <trkpt lat="44.147821264199806" lon="3.0506758438423276">
        <ele>596.0</ele>
      </trkpt>
      <trkpt lat="44.14776929980852" lon="3.0507348524406552">
        <ele>595.0</ele>
      </trkpt>
      <trkpt lat="44.1476807677773" lon="3.050780449993909">
        <ele>594.0</ele>
      </trkpt>
      <trkpt lat="44.14755374332667" lon="3.0507938610389833">
        <ele>593.0</ele>
      </trkpt>
      <trkpt lat="44.147469060207776" lon="3.0507348524406557">
        <ele>592.0</ele>
      </trkpt>
      <trkpt lat="44.14739015082844" lon="3.0506248818710446">
        <ele>591.0</ele>
      </trkpt>
      <trkpt lat="44.14732471370221" lon="3.0505068646743894">
        <ele>591.0</ele>
      </trkpt>
      <trkpt lat="44.14730161822857" lon="3.050455902703106">
        <ele>590.0</ele>
      </trkpt>
      <trkpt lat="44.147255427254244" lon="3.0504092574119577">
        <ele>590.0</ele>
      </trkpt>
      <trkpt lat="44.14720923624373" lon="3.050366342067718">
        <ele>589.0</ele>
      </trkpt>
      <trkpt lat="44.147157271313766" lon="3.050326108932496">
        <ele>589.0</ele>
      </trkpt>
      <trkpt lat="44.14708798466918" lon="3.0502754822373386">
        <ele>588.0</ele>
      </trkpt>
      <trkpt lat="44.14701099941315" lon="3.050216473639011">
        <ele>587.0</ele>
      </trkpt>
      <trkpt lat="44.14689937061358" lon="3.05014405399561">
        <ele>587.0</ele>
      </trkpt>
      <trkpt lat="44.14681468655585" lon="3.050168193876743">
        <ele>586.0</ele>
      </trkpt>
      <trkpt lat="44.1467627212784" lon="3.0502459779381756">
        <ele>585.0</ele>
      </trkpt>
      <trkpt lat="44.146753098073845" lon="3.0503505840897565">
        <ele>584.0</ele>
      </trkpt>
      <trkpt lat="44.146814686555835" lon="3.0505517497658725">
        <ele>584.0</ele>
      </trkpt>
      <trkpt lat="44.14685317932441" lon="3.0507770553231235">
        <ele>583.0</ele>
      </trkpt>
      <trkpt lat="44.146857028599854" lon="3.0510452762246123">
        <ele>583.0</ele>
      </trkpt>
      <trkpt lat="44.14685991569482" lon="3.0512196198017287">
        <ele>582.0</ele>
      </trkpt>
      <trkpt lat="44.14686280251263" lon="3.051393963396549">
        <ele>582.0</ele>
      </trkpt>
      <trkpt lat="44.14687819961051" lon="3.0516809597611427">
        <ele>582.0</ele>
      </trkpt>
      <trkpt lat="44.14694363723173" lon="3.0519760027527805">
        <ele>582.0</ele>
      </trkpt>
      <trkpt lat="44.14705141668505" lon="3.0522415414452535">
        <ele>582.0</ele>
      </trkpt>
      <trkpt lat="44.14711974111648" lon="3.052389062763797">
        <ele>582.0</ele>
      </trkpt>
      <trkpt lat="44.14718806535191" lon="3.052536584436894">
        <ele>582.0</ele>
      </trkpt>
      <trkpt lat="44.147270824249816" lon="3.0527967587113376">
        <ele>582.0</ele>
      </trkpt>
      <trkpt lat="44.14730258070872" lon="3.0529939009638207">
        <ele>582.0</ele>
      </trkpt>
      <trkpt lat="44.147334336813735" lon="3.053191043436527">
        <ele>582.0</ele>
      </trkpt>
      <trkpt lat="44.14731124134386" lon="3.0534404888749123">
        <ele>582.0</ele>
      </trkpt>
      <trkpt lat="44.147257351879" lon="3.0535933747887607">
        <ele>582.0</ele>
      </trkpt>
      <trkpt lat="44.14715342205786" lon="3.053663112223148">
        <ele>583.0</ele>
      </trkpt>
      <trkpt lat="44.147032170250185" lon="3.0537100509810102">
        <ele>583.0</ele>
      </trkpt>
      <trkpt lat="44.146910918430194" lon="3.053756989538669">
        <ele>583.0</ele>
      </trkpt>
      <trkpt lat="44.14673000237654" lon="3.0538267269730572">
        <ele>582.0</ele>
      </trkpt>
      <trkpt lat="44.14657410618347" lon="3.0539635196328163">
        <ele>582.0</ele>
      </trkpt>
      <trkpt lat="44.14647209980959" lon="3.054081536829472">
        <ele>581.0</ele>
      </trkpt>
      <trkpt lat="44.1464663258586" lon="3.0541995540261264">
        <ele>581.0</ele>
      </trkpt>
      <trkpt lat="44.14651829139695" lon="3.054309524595738">
        <ele>580.0</ele>
      </trkpt>
      <trkpt lat="44.14661452375455" lon="3.054392673075199">
        <ele>579.0</ele>
      </trkpt>
      <trkpt lat="44.14673000237654" lon="3.0544972792267795">
        <ele>579.0</ele>
      </trkpt>
      <trkpt lat="44.14688974743131" lon="3.0546179786324505">
        <ele>577.0</ele>
      </trkpt>
      <trkpt lat="44.14699271539113" lon="3.0547534299423975">
        <ele>576.0</ele>
      </trkpt>
      <trkpt lat="44.147095683189264" lon="3.054888881742954">
        <ele>576.0</ele>
      </trkpt>
      <trkpt lat="44.14724387950512" lon="3.0550980940461145">
        <ele>575.0</ele>
      </trkpt>
      <trkpt lat="44.14734877147559" lon="3.0552415919636777">
        <ele>575.0</ele>
      </trkpt>
      <trkpt lat="44.14745366326413" lon="3.055385090410709">
        <ele>575.0</ele>
      </trkpt>
      <trkpt lat="44.14759704711521" lon="3.055564797961507">
        <ele>575.0</ele>
      </trkpt>
      <trkpt lat="44.14774043068269" lon="3.055744506418706">
        <ele>575.0</ele>
      </trkpt>
      <trkpt lat="44.147832811825204" lon="3.0558625234236025">
        <ele>575.0</ele>
      </trkpt>
      <trkpt lat="44.147925192845214" lon="3.0559805408120155">
        <ele>576.0</ele>
      </trkpt>
      <trkpt lat="44.14805414109517" lon="3.0561200156807895">
        <ele>577.0</ele>
      </trkpt>
      <trkpt lat="44.14824082686836" lon="3.056283630430699">
        <ele>578.0</ele>
      </trkpt>
      <trkpt lat="44.14837554809561" lon="3.056398965145048">
        <ele>578.0</ele>
      </trkpt>
      <trkpt lat="44.14851026921118" lon="3.05651430040598">
        <ele>579.0</ele>
      </trkpt>
      <trkpt lat="44.14863344235759" lon="3.0566148830261315">
        <ele>580.0</ele>
      </trkpt>
      <trkpt lat="44.14875661541977" lon="3.056715466082096">
        <ele>581.0</ele>
      </trkpt>
      <trkpt lat="44.148875938994905" lon="3.056817390024662">
        <ele>582.0</ele>
      </trkpt>
      <trkpt lat="44.14895484638788" lon="3.056924678385258">
        <ele>583.0</ele>
      </trkpt>
      <trkpt lat="44.14897986578316" lon="3.057061471045018">
        <ele>584.0</ele>
      </trkpt>
      <trkpt lat="44.148970242940074" lon="3.0572009459137908">
        <ele>584.0</ele>
      </trkpt>
      <trkpt lat="44.14891250605653" lon="3.057428933911583">
        <ele>585.0</ele>
      </trkpt>
      <trkpt lat="44.14885476870081" lon="3.0576569214463234">
        <ele>585.0</ele>
      </trkpt>
      <trkpt lat="44.14878740877844" lon="3.0578634517851624">
        <ele>585.0</ele>
      </trkpt>
      <trkpt lat="44.148720048469514" lon="3.058069981634617">
        <ele>586.0</ele>
      </trkpt>
      <trkpt lat="44.14863729160341" lon="3.058279193937778">
        <ele>586.0</ele>
      </trkpt>
      <trkpt lat="44.14860072469149" lon="3.0584441498982877">
        <ele>586.0</ele>
      </trkpt>
      <trkpt lat="44.148564157532164" lon="3.0586091056466103">
        <ele>586.0</ele>
      </trkpt>
      <trkpt lat="44.14856223295014" lon="3.058853186666966">
        <ele>586.0</ele>
      </trkpt>
      <trkpt lat="44.14859879999825" lon="3.059102632105351">
        <ele>586.0</ele>
      </trkpt>
      <trkpt lat="44.14865846197554" lon="3.0593708530068398">
        <ele>586.0</ele>
      </trkpt>
      <trkpt lat="44.1487258221999" lon="3.0596578493714337">
        <ele>586.0</ele>
      </trkpt>
      <trkpt lat="44.148781634899066" lon="3.059893883764743">
        <ele>586.0</ele>
      </trkpt>
      <trkpt lat="44.148822050958564" lon="3.0601004138588914">
        <ele>586.0</ele>
      </trkpt>
      <trkpt lat="44.14886631626501" lon="3.060280121722974">
        <ele>586.0</ele>
      </trkpt>
      <trkpt lat="44.14891058127797" lon="3.0604598298668857">
        <ele>587.0</ele>
      </trkpt>
      <trkpt lat="44.14899333776086" lon="3.0606985464692116">
        <ele>587.0</ele>
      </trkpt>
      <trkpt lat="44.14906839586584" lon="3.0608246102929115">
        <ele>586.0</ele>
      </trkpt>
      <trkpt lat="44.14916269950357" lon="3.0609587207436566">
        <ele>586.0</ele>
      </trkpt>
      <trkpt lat="44.14925700299057" lon="3.061084784567356">
        <ele>585.0</ele>
      </trkpt>
      <trkpt lat="44.149333985317256" lon="3.0612162128090863">
        <ele>585.0</ele>
      </trkpt>
      <trkpt lat="44.14937055188726" lon="3.0613288655877113">
        <ele>584.0</ele>
      </trkpt>
      <trkpt lat="44.14937247644292" lon="3.06150320917368">
        <ele>583.0</ele>
      </trkpt>
      <trkpt lat="44.149337834430945" lon="3.061685599386692">
        <ele>582.0</ele>
      </trkpt>
      <trkpt lat="44.14925700299057" lon="3.061937727034092">
        <ele>581.0</ele>
      </trkpt>
      <trkpt lat="44.14919156793394" lon="3.0621523037552834">
        <ele>580.0</ele>
      </trkpt>
      <trkpt lat="44.14911650998554" lon="3.0624205246567726">
        <ele>579.0</ele>
      </trkpt>
      <trkpt lat="44.14903760280865" lon="3.0625787749886517">
        <ele>578.0</ele>
      </trkpt>
      <trkpt lat="44.14895484638788" lon="3.0626699700951576">
        <ele>577.0</ele>
      </trkpt>
      <trkpt lat="44.14881820181123" lon="3.0627289786934844">
        <ele>576.0</ele>
      </trkpt>
      <trkpt lat="44.14869117966744" lon="3.0627303198009894">
        <ele>575.0</ele>
      </trkpt>
      <trkpt lat="44.14856415753217" lon="3.0627316609025006">
        <ele>574.0</ele>
      </trkpt>
      <trkpt lat="44.14834860395306" lon="3.062734343111516">
        <ele>574.0</ele>
      </trkpt>
      <trkpt lat="44.14814267256636" lon="3.06271020323038">
        <ele>574.0</ele>
      </trkpt>
      <trkpt lat="44.14797330789684" lon="3.0626377835869785">
        <ele>573.0</ele>
      </trkpt>
      <trkpt lat="44.14780971656143" lon="3.0624956265091905">
        <ele>573.0</ele>
      </trkpt>
      <trkpt lat="44.147644200160656" lon="3.0623051896691327">
        <ele>573.0</ele>
      </trkpt>
      <trkpt lat="44.1475037033167" lon="3.062120117247105">
        <ele>572.0</ele>
      </trkpt>
      <trkpt lat="44.14739592468923" lon="3.062002100050448">
        <ele>572.0</ele>
      </trkpt>
      <trkpt lat="44.14727659812209" lon="3.061943091452122">
        <ele>571.0</ele>
      </trkpt>
      <trkpt lat="44.14716496982477" lon="3.0619565024971958">
        <ele>570.0</ele>
      </trkpt>
      <trkpt lat="44.14708413540873" lon="3.0620289221405987">
        <ele>569.0</ele>
      </trkpt>
      <trkpt lat="44.14701484867834" lon="3.0621683970093736">
        <ele>568.0</ele>
      </trkpt>
      <trkpt lat="44.14702639647241" lon="3.0623159185051922">
        <ele>567.0</ele>
      </trkpt>
      <trkpt lat="44.147111080226395" lon="3.062511719763279">
        <ele>565.0</ele>
      </trkpt>
      <trkpt lat="44.14720923624384" lon="3.0627370253205304">
        <ele>564.0</ele>
      </trkpt>
      <trkpt lat="44.147294882070156" lon="3.062875158876719">
        <ele>562.0</ele>
      </trkpt>
      <trkpt lat="44.147380527726355" lon="3.0630132928490648">
        <ele>561.0</ele>
      </trkpt>
      <trkpt lat="44.147466173297566" lon="3.0631460619953037">
        <ele>559.0</ele>
      </trkpt>
      <trkpt lat="44.147551818711904" lon="3.0632788315415387">
        <ele>557.0</ele>
      </trkpt>
      <trkpt lat="44.147647087081296" lon="3.0634129417675666">
        <ele>556.0</ele>
      </trkpt>
      <trkpt lat="44.14774235529153" lon="3.0635470524430284">
        <ele>554.0</ele>
      </trkpt>
      <trkpt lat="44.147890549969155" lon="3.06374419429177">
        <ele>553.0</ele>
      </trkpt>
      <trkpt lat="44.148038744304024" lon="3.063941337168216">
        <ele>553.0</ele>
      </trkpt>
      <trkpt lat="44.148186938252174" lon="3.064153231680393">
        <ele>553.0</ele>
      </trkpt>
      <trkpt lat="44.14828509248054" lon="3.064421452581883">
        <ele>552.0</ele>
      </trkpt>
      <trkpt lat="44.14829279084446" lon="3.064555563032627">
        <ele>552.0</ele>
      </trkpt>
      <trkpt lat="44.148258148198785" lon="3.064743317663669">
        <ele>553.0</ele>
      </trkpt>
      <trkpt lat="44.14820425959848" lon="3.0648774281144138">
        <ele>553.0</ele>
      </trkpt>
      <trkpt lat="44.14810995442946" lon="3.065003491938114">
        <ele>553.0</ele>
      </trkpt>
      <trkpt lat="44.14805799029232" lon="3.0651349201798435">
        <ele>554.0</ele>
      </trkpt>
      <trkpt lat="44.14807916087224" lon="3.065269030630588">
        <ele>554.0</ele>
      </trkpt>
      <trkpt lat="44.1481388233747" lon="3.0653387680649757">
        <ele>555.0</ele>
      </trkpt>
      <trkpt lat="44.148235053090396" lon="3.06536827236414">
        <ele>555.0</ele>
      </trkpt>
      <trkpt lat="44.148358226897514" lon="3.065344132483006">
        <ele>554.0</ele>
      </trkpt>
      <trkpt lat="44.14849872170747" lon="3.0652475729584685">
        <ele>554.0</ele>
      </trkpt>
      <trkpt lat="44.148670009448" lon="3.0651268735527997">
        <ele>554.0</ele>
      </trkpt>
      <trkpt lat="44.14882974925249" lon="3.0650383606553073">
        <ele>554.0</ele>
      </trkpt>
      <trkpt lat="44.148945223540764" lon="3.064992763102053">
        <ele>554.0</ele>
      </trkpt>
      <trkpt lat="44.14907416956229" lon="3.0649873986840244">
        <ele>554.0</ele>
      </trkpt>
      <trkpt lat="44.14925315387161" lon="3.065041042864322">
        <ele>554.0</ele>
      </trkpt>
      <trkpt lat="44.149379212253265" lon="3.0650732293011376">
        <ele>555.0</ele>
      </trkpt>
      <trkpt lat="44.14950527063389" lon="3.0651054158806796">
        <ele>555.0</ele>
      </trkpt>
      <trkpt lat="44.14966500817783" lon="3.0651805177330966">
        <ele>556.0</ele>
      </trkpt>
      <trkpt lat="44.14975738631922" lon="3.065293170511723">
        <ele>556.0</ele>
      </trkpt>
      <trkpt lat="44.1497958771688" lon="3.0654728785157195">
        <ele>557.0</ele>
      </trkpt>
      <trkpt lat="44.14977470720463" lon="3.06573037058115">
        <ele>558.0</ele>
      </trkpt>
      <trkpt lat="44.14977431125136" lon="3.0657326986576945">
        <ele>558.0</ele>
      </trkpt>
      <trkpt lat="44.14974391465711" lon="3.0659114197877146">
        <ele>558.0</ele>
      </trkpt>
      <trkpt lat="44.149713121811196" lon="3.0660924687981606">
        <ele>558.0</ele>
      </trkpt>
      <trkpt lat="44.14973814088502" lon="3.066269494593143">
        <ele>558.0</ele>
      </trkpt>
      <trkpt lat="44.14980934896021" lon="3.066449202597141">
        <ele>558.0</ele>
      </trkpt>
      <trkpt lat="44.14993059494458" lon="3.066623546183109">
        <ele>558.0</ele>
      </trkpt>
      <trkpt lat="44.15004029347778" lon="3.0667844787240037">
        <ele>558.0</ele>
      </trkpt>
      <trkpt lat="44.15011053894892" lon="3.0669078601862436">
        <ele>558.0</ele>
      </trkpt>
      <trkpt lat="44.15018078428389" lon="3.0670312419533734">
        <ele>557.0</ele>
      </trkpt>
      <trkpt lat="44.15023659568656" lon="3.067184127717139">
        <ele>557.0</ele>
      </trkpt>
      <trkpt lat="44.150292406877725" lon="3.0673370137810707">
        <ele>556.0</ele>
      </trkpt>
      <trkpt lat="44.150346293571616" lon="3.0675945058465">
        <ele>556.0</ele>
      </trkpt>
      <trkpt lat="44.15034148240434" lon="3.0677715316564638">
        <ele>555.0</ele>
      </trkpt>
      <trkpt lat="44.15033667095132" lon="3.067948557436466">
        <ele>555.0</ele>
      </trkpt>
      <trkpt lat="44.150302029505234" lon="3.068214096128941">
        <ele>554.0</ele>
      </trkpt>
      <trkpt lat="44.15025776540566" lon="3.0684098973870277">
        <ele>554.0</ele>
      </trkpt>
      <trkpt lat="44.150190406929575" lon="3.0685520544648166">
        <ele>553.0</ele>
      </trkpt>
      <trkpt lat="44.15005953881345" lon="3.068761266767978">
        <ele>553.0</ele>
      </trkpt>
      <trkpt lat="44.14997774610148" lon="3.0688819663472935">
        <ele>553.0</ele>
      </trkpt>
      <trkpt lat="44.14989595326019" lon="3.0690026655793194">
        <ele>553.0</ele>
      </trkpt>
      <trkpt lat="44.14981223577026" lon="3.069116659630309">
        <ele>553.0</ele>
      </trkpt>
      <trkpt lat="44.14972851816556" lon="3.0692306533455844">
        <ele>554.0</ele>
      </trkpt>
      <trkpt lat="44.149627479506165" lon="3.069362081820883">
        <ele>554.0</ele>
      </trkpt>
      <trkpt lat="44.149526440694665" lon="3.069493509829043">
        <ele>554.0</ele>
      </trkpt>
      <trkpt lat="44.1494205903179" lon="3.06964237270652">
        <ele>555.0</ele>
      </trkpt>
      <trkpt lat="44.149314739744995" lon="3.069791235029697">
        <ele>555.0</ele>
      </trkpt>
      <trkpt lat="44.14925700299055" lon="3.069936074316502">
        <ele>556.0</ele>
      </trkpt>
      <trkpt lat="44.149239681953325" lon="3.070085942745209">
        <ele>556.0</ele>
      </trkpt>
      <trkpt lat="44.14925315387168" lon="3.0701828375458726">
        <ele>557.0</ele>
      </trkpt>
      <trkpt lat="44.14929741872461" lon="3.070260621607303">
        <ele>557.0</ele>
      </trkpt>
      <trkpt lat="44.149399420215936" lon="3.070338405668736">
        <ele>557.0</ele>
      </trkpt>
      <trkpt lat="44.149551459847636" lon="3.070421554148198">
        <ele>557.0</ele>
      </trkpt>
      <trkpt lat="44.14968617803656" lon="3.070476539302714">
        <ele>556.0</ele>
      </trkpt>
      <trkpt lat="44.149820896207515" lon="3.0705315247178087">
        <ele>556.0</ele>
      </trkpt>
      <trkpt lat="44.15001912360129" lon="3.0706200376152992">
        <ele>556.0</ele>
      </trkpt>
      <trkpt lat="44.15008648227293" lon="3.0707055330276494">
        <ele>555.0</ele>
      </trkpt>
      <trkpt lat="44.15014229368542" lon="3.0708181858062757">
        <ele>555.0</ele>
      </trkpt>
      <trkpt lat="44.15014421821585" lon="3.070947267115116">
        <ele>554.0</ele>
      </trkpt>
      <trkpt lat="44.150092255869644" lon="3.0711430683732037">
        <ele>554.0</ele>
      </trkpt>
      <trkpt lat="44.15003836894386" lon="3.071266449987889">
        <ele>553.0</ele>
      </trkpt>
      <trkpt lat="44.149969085681164" lon="3.071424700319767">
        <ele>553.0</ele>
      </trkpt>
      <trkpt lat="44.1498844060275" lon="3.0715936794877057">
        <ele>553.0</ele>
      </trkpt>
      <trkpt lat="44.14983436799322" lon="3.0718082562088966">
        <ele>553.0</ele>
      </trkpt>
      <trkpt lat="44.14981897166657" lon="3.0719044804573064">
        <ele>553.0</ele>
      </trkpt>
      <trkpt lat="44.14981512258416" lon="3.0720013752579685">
        <ele>553.0</ele>
      </trkpt>
      <trkpt lat="44.14982089620764" lon="3.072086870670319">
        <ele>553.0</ele>
      </trkpt>
      <trkpt lat="44.1498593870158" lon="3.072172701358795">
        <ele>553.0</ele>
      </trkpt>
      <trkpt lat="44.14991904771871" lon="3.072256185114384">
        <ele>553.0</ele>
      </trkpt>
      <trkpt lat="44.15002297267026" lon="3.0723312869667985">
        <ele>552.0</ele>
      </trkpt>
      <trkpt lat="44.15013844462408" lon="3.0724144354462632">
        <ele>552.0</ele>
      </trkpt>
      <trkpt lat="44.15034436904768" lon="3.07248953729868">
        <ele>551.0</ele>
      </trkpt>
      <trkpt lat="44.15045887800131" lon="3.072516359334805">
        <ele>550.0</ele>
      </trkpt>
      <trkpt lat="44.15057338695531" lon="3.0725431814789768">
        <ele>549.0</ele>
      </trkpt>
      <trkpt lat="44.15077738535155" lon="3.0726048722863197">
        <ele>548.0</ele>
      </trkpt>
      <trkpt lat="44.150958288999895" lon="3.072704114019871">
        <ele>547.0</ele>
      </trkpt>
      <trkpt lat="44.1511160981126" lon="3.0728301778435703">
        <ele>546.0</ele>
      </trkpt>
      <trkpt lat="44.15129315173678" lon="3.072966970503331">
        <ele>544.0</ele>
      </trkpt>
      <trkpt lat="44.15139322528941" lon="3.073042072355747">
        <ele>543.0</ele>
      </trkpt>
      <trkpt lat="44.15154141081526" lon="3.0731144919991498">
        <ele>542.0</ele>
      </trkpt>
      <trkpt lat="44.15174348138728" lon="3.073157407343388">
        <ele>541.0</ele>
      </trkpt>
      <trkpt lat="44.15192534402325" lon="3.0731761827464306">
        <ele>540.0</ele>
      </trkpt>
      <trkpt lat="44.15210720667346" lon="3.073194958269596">
        <ele>539.0</ele>
      </trkpt>
      <trkpt lat="44.15223614578701" lon="3.0732325091958037">
        <ele>538.0</ele>
      </trkpt>
      <trkpt lat="44.15232659544476" lon="3.0732646957039838">
        <ele>538.0</ele>
      </trkpt>
      <trkpt lat="44.15242474278897" lon="3.0733532086014743">
        <ele>537.0</ele>
      </trkpt>
      <trkpt lat="44.15248440089883" lon="3.073479272425174">
        <ele>536.0</ele>
      </trkpt>
      <trkpt lat="44.152515192157715" lon="3.0736080184578896">
        <ele>536.0</ele>
      </trkpt>
      <trkpt lat="44.15252096551699" lon="3.0738279595971107">
        <ele>535.0</ele>
      </trkpt>
      <trkpt lat="44.15251904106395" lon="3.0739996209740634">
        <ele>534.0</ele>
      </trkpt>
      <trkpt lat="44.15253251223376" lon="3.074139095842839">
        <ele>534.0</ele>
      </trkpt>
      <trkpt lat="44.152557530112475" lon="3.074259795248509">
        <ele>533.0</ele>
      </trkpt>
      <trkpt lat="44.15259217023464" lon="3.074369765818119">
        <ele>533.0</ele>
      </trkpt>
      <trkpt lat="44.15262488588709" lon="3.074444532394409">
        <ele>532.0</ele>
      </trkpt>
      <trkpt lat="44.15265375262385" lon="3.0745035409927355">
        <ele>531.0</ele>
      </trkpt>
      <trkpt lat="44.152776917209664" lon="3.0746430158615112">
        <ele>530.0</ele>
      </trkpt>
      <trkpt lat="44.152892383775374" lon="3.0747610330581665">
        <ele>530.0</ele>
      </trkpt>
      <trkpt lat="44.15298283241107" lon="3.0748710034528157">
        <ele>529.0</ele>
      </trkpt>
      <trkpt lat="44.15307328094079" lon="3.0749809741973877">
        <ele>528.0</ele>
      </trkpt>
      <trkpt lat="44.153163729301966" lon="3.0750936267967846">
        <ele>527.0</ele>
      </trkpt>
      <trkpt lat="44.15325417755175" lon="3.075206279754639">
        <ele>527.0</ele>
      </trkpt>
      <trkpt lat="44.15336098321081" lon="3.075301497995779">
        <ele>526.0</ele>
      </trkpt>
      <trkpt lat="44.15346778879321" lon="3.0753967165946956">
        <ele>525.0</ele>
      </trkpt>
      <trkpt lat="44.15358132950287" lon="3.0754731593989484">
        <ele>525.0</ele>
      </trkpt>
      <trkpt lat="44.153694870166056" lon="3.075549602508544">
        <ele>524.0</ele>
      </trkpt>
      <trkpt lat="44.15387672684359" lon="3.0756609138265882">
        <ele>523.0</ele>
      </trkpt>
      <trkpt lat="44.154058583425616" lon="3.0757722258567814">
        <ele>523.0</ele>
      </trkpt>
      <trkpt lat="44.15418270715557" lon="3.0758218466152156">
        <ele>522.0</ele>
      </trkpt>
      <trkpt lat="44.15430683087119" lon="3.0758714675903325">
        <ele>522.0</ele>
      </trkpt>
      <trkpt lat="44.15448772342752" lon="3.0759237704996965">
        <ele>521.0</ele>
      </trkpt>
      <trkpt lat="44.15466861597618" lon="3.0759760737419133">
        <ele>521.0</ele>
      </trkpt>
      <trkpt lat="44.154782154352425" lon="3.076004236880323">
        <ele>520.0</ele>
      </trkpt>
      <trkpt lat="44.15489569272825" lon="3.0760324001312256">
        <ele>519.0</ele>
      </trkpt>
      <trkpt lat="44.15511122239652" lon="3.0761182308197026">
        <ele>518.0</ele>
      </trkpt>
      <trkpt lat="44.15521898693548" lon="3.0762335658073434">
        <ele>517.0</ele>
      </trkpt>
      <trkpt lat="44.15527864222061" lon="3.0764400959014893">
        <ele>515.0</ele>
      </trkpt>
      <trkpt lat="44.155276717857504" lon="3.0765661597251888">
        <ele>514.0</ele>
      </trkpt>
      <trkpt lat="44.155236306218015" lon="3.076772689819336">
        <ele>512.0</ele>
      </trkpt>
      <trkpt lat="44.15513816354973" lon="3.076941668987275">
        <ele>511.0</ele>
      </trkpt>
      <trkpt lat="44.15501885263505" lon="3.077094554901123">
        <ele>509.0</ele>
      </trkpt>
      <trkpt lat="44.154929369268196" lon="3.0771964790041237">
        <ele>508.0</ele>
      </trkpt>
      <trkpt lat="44.154839885810844" lon="3.0772984027862558">
        <ele>507.0</ele>
      </trkpt>
      <trkpt lat="44.15470710352388" lon="3.0774083736127236">
        <ele>506.0</ele>
      </trkpt>
      <trkpt lat="44.15457432113592" lon="3.077518343925477">
        <ele>505.0</ele>
      </trkpt>
      <trkpt lat="44.15437803343417" lon="3.0776444077491756">
        <ele>504.0</ele>
      </trkpt>
      <trkpt lat="44.15425487208593" lon="3.0777235330865356">
        <ele>503.0</ele>
      </trkpt>
      <trkpt lat="44.15413171068861" lon="3.0778026580810547">
        <ele>502.0</ele>
      </trkpt>
      <trkpt lat="44.154066281036506" lon="3.0778697133064266">
        <ele>502.0</ele>
      </trkpt>
      <trkpt lat="44.153931572700806" lon="3.0780172348022456">
        <ele>501.0</ele>
      </trkpt>
      <trkpt lat="44.15383246573239" lon="3.078204989760603">
        <ele>500.0</ele>
      </trkpt>
      <trkpt lat="44.15373335844773" lon="3.0783927440643306">
        <ele>500.0</ele>
      </trkpt>
      <trkpt lat="44.153645797675935" lon="3.0785872045174187">
        <ele>499.0</ele>
      </trkpt>
      <trkpt lat="44.15355823656337" lon="3.078781664371491">
        <ele>498.0</ele>
      </trkpt>
      <trkpt lat="44.15349280638527" lon="3.078961372582319">
        <ele>497.0</ele>
      </trkpt>
      <trkpt lat="44.153427375914966" lon="3.0791410803794865">
        <ele>496.0</ele>
      </trkpt>
      <trkpt lat="44.15335617220495" lon="3.0794307589530945">
        <ele>495.0</ele>
      </trkpt>
      <trkpt lat="44.15333981471575" lon="3.0796024203794405">
        <ele>493.0</ele>
      </trkpt>
      <trkpt lat="44.153323456958034" lon="3.0797740817070003">
        <ele>492.0</ele>
      </trkpt>
      <trkpt lat="44.15330806191841" lon="3.080062419254185">
        <ele>490.0</ele>
      </trkpt>
      <trkpt lat="44.15329266612085" lon="3.0803507566452026">
        <ele>488.0</ele>
      </trkpt>
      <trkpt lat="44.15326957339285" lon="3.08065250528195">
        <ele>486.0</ele>
      </trkpt>
      <trkpt lat="44.15324647983492" lon="3.080954253673553">
        <ele>484.0</ele>
      </trkpt>
      <trkpt lat="44.15323300911627" lon="3.0812063813806967">
        <ele>482.0</ele>
      </trkpt>
      <trkpt lat="44.1532195378181" lon="3.0814585089683533">
        <ele>479.0</ele>
      </trkpt>
      <trkpt lat="44.15321087807283" lon="3.081663697989247">
        <ele>477.0</ele>
      </trkpt>
      <trkpt lat="44.153202217943694" lon="3.0818688869476305">
        <ele>475.0</ele>
      </trkpt>
      <trkpt lat="44.153182973632795" lon="3.0821451544761658">
        <ele>474.0</ele>
      </trkpt>
      <trkpt lat="44.15317142704323" lon="3.082298040390014">
        <ele>472.0</ele>
      </trkpt>
      <trkpt lat="44.15311176962788" lon="3.082464337348937">
        <ele>471.0</ele>
      </trkpt>
      <trkpt lat="44.153036716664836" lon="3.082536756992339">
        <ele>471.0</ele>
      </trkpt>
      <trkpt lat="44.15292894814078" lon="3.082539439201356">
        <ele>470.0</ele>
      </trkpt>
      <trkpt lat="44.15280385942853" lon="3.0825582146644592">
        <ele>469.0</ele>
      </trkpt>
      <trkpt lat="44.152753823869425" lon="3.082611858844757">
        <ele>469.0</ele>
      </trkpt>
      <trkpt lat="44.15272303273502" lon="3.0826950073242165">
        <ele>468.0</ele>
      </trkpt>
      <trkpt lat="44.15273650385829" lon="3.0827781558036813">
        <ele>468.0</ele>
      </trkpt>
      <trkpt lat="44.152813481646604" lon="3.0829337239265446">
        <ele>467.0</ele>
      </trkpt>
      <trkpt lat="44.15289238377536" lon="3.0830651521682744">
        <ele>467.0</ele>
      </trkpt>
      <trkpt lat="44.152942419217034" lon="3.083164393901824">
        <ele>466.0</ele>
      </trkpt>
      <trkpt lat="44.15300785011519" lon="3.083354830741882">
        <ele>465.0</ele>
      </trkpt>
      <trkpt lat="44.153071356596655" lon="3.083521127515039">
        <ele>464.0</ele>
      </trkpt>
      <trkpt lat="44.1531348628281" lon="3.083687424659729">
        <ele>463.0</ele>
      </trkpt>
      <trkpt lat="44.15320125578899" lon="3.083834945983265">
        <ele>462.0</ele>
      </trkpt>
      <trkpt lat="44.15326764855378" lon="3.083982467651367">
        <ele>461.0</ele>
      </trkpt>
      <trkpt lat="44.15330036383163" lon="3.0841112136840816">
        <ele>461.0</ele>
      </trkpt>
      <trkpt lat="44.153311910395985" lon="3.084277510643006">
        <ele>460.0</ele>
      </trkpt>
      <trkpt lat="44.15328111955275" lon="3.0845215916633606">
        <ele>460.0</ele>
      </trkpt>
      <trkpt lat="44.153243593328014" lon="3.084702640891375">
        <ele>460.0</ele>
      </trkpt>
      <trkpt lat="44.15320606680512" lon="3.084883689880371">
        <ele>460.0</ele>
      </trkpt>
      <trkpt lat="44.15315988045141" lon="3.0850660800933833">
        <ele>460.0</ele>
      </trkpt>
      <trkpt lat="44.15316565374762" lon="3.0851760506629935">
        <ele>460.0</ele>
      </trkpt>
      <trkpt lat="44.15320606680514" lon="3.0852726101875314">
        <ele>460.0</ele>
      </trkpt>
      <trkpt lat="44.15328304398093" lon="3.0853047966957097">
        <ele>460.0</ele>
      </trkpt>
      <trkpt lat="44.15343507360822" lon="3.0852940678596497">
        <ele>460.0</ele>
      </trkpt>
      <trkpt lat="44.153563047473575" lon="3.0852591992209475">
        <ele>460.0</ele>
      </trkpt>
      <trkpt lat="44.153691021336506" lon="3.085224330425262">
        <ele>460.0</ele>
      </trkpt>
      <trkpt lat="44.1537372072746" lon="3.0852055549621586">
        <ele>460.0</ele>
      </trkpt>
      <trkpt lat="44.1538488231422" lon="3.0851281061768536">
        <ele>459.0</ele>
      </trkpt>
      <trkpt lat="44.15402586856815" lon="3.085055686533451">
        <ele>459.0</ele>
      </trkpt>
      <trkpt lat="44.15413363508917" lon="3.0850074067711826">
        <ele>459.0</ele>
      </trkpt>
      <trkpt lat="44.154258720982774" lon="3.0849698558449754">
        <ele>459.0</ele>
      </trkpt>
      <trkpt lat="44.15440689931369" lon="3.085007406771182">
        <ele>458.0</ele>
      </trkpt>
      <trkpt lat="44.15455315288585" lon="3.0850449576973924">
        <ele>458.0</ele>
      </trkpt>
      <trkpt lat="44.15473212057969" lon="3.085106648504734">
        <ele>457.0</ele>
      </trkpt>
      <trkpt lat="44.15486875146444" lon="3.085114695131779">
        <ele>457.0</ele>
      </trkpt>
      <trkpt lat="44.1550092307767" lon="3.085069097578525">
        <ele>457.0</ele>
      </trkpt>
      <trkpt lat="44.155174726523725" lon="3.0850047245621686">
        <ele>457.0</ele>
      </trkpt>
      <trkpt lat="44.155376784655374" lon="3.084916211664676">
        <ele>457.0</ele>
      </trkpt>
      <trkpt lat="44.15550764098102" lon="3.0848732963204384">
        <ele>457.0</ele>
      </trkpt>
      <trkpt lat="44.15564234571902" lon="3.0848840251564975">
        <ele>457.0</ele>
      </trkpt>
      <trkpt lat="44.155761655255574" lon="3.08492291710559">
        <ele>457.0</ele>
      </trkpt>
      <trkpt lat="44.155880964785844" lon="3.08496180921793">
        <ele>457.0</ele>
      </trkpt>
      <trkpt lat="44.15605319302677" lon="3.0850194765370382">
        <ele>457.0</ele>
      </trkpt>
      <trkpt lat="44.15622542125302" lon="3.08507714420557">
        <ele>457.0</ele>
      </trkpt>
      <trkpt lat="44.15636685932762" lon="3.085102625127814">
        <ele>457.0</ele>
      </trkpt>
      <trkpt lat="44.15650829740683" lon="3.0851281061768536">
        <ele>457.0</ele>
      </trkpt>
      <trkpt lat="44.156635302585784" lon="3.0851200595498085">
        <ele>457.0</ele>
      </trkpt>
      <trkpt lat="44.15678732357692" lon="3.085058368742466">
        <ele>457.0</ele>
      </trkpt>
      <trkpt lat="44.156962435878775" lon="3.0849296227097507">
        <ele>457.0</ele>
      </trkpt>
      <trkpt lat="44.157095212992054" lon="3.084825016558169">
        <ele>457.0</ele>
      </trkpt>
      <trkpt lat="44.15720104960746" lon="3.084774054586888">
        <ele>457.0</ele>
      </trkpt>
      <trkpt lat="44.15730881032994" lon="3.0847525969147673">
        <ele>456.0</ele>
      </trkpt>
      <trkpt lat="44.157410797975274" lon="3.0847660079598422">
        <ele>455.0</ele>
      </trkpt>
      <trkpt lat="44.15753587692235" lon="3.084854520857334">
        <ele>455.0</ele>
      </trkpt>
      <trkpt lat="44.1576301670302" lon="3.08494571596384">
        <ele>454.0</ele>
      </trkpt>
      <trkpt lat="44.1577244569874" lon="3.0850851908326153">
        <ele>454.0</ele>
      </trkpt>
      <trkpt lat="44.15782644391434" lon="3.085326589643955">
        <ele>453.0</ele>
      </trkpt>
      <trkpt lat="44.157881606994565" lon="3.0855527888318734">
        <ele>453.0</ele>
      </trkpt>
      <trkpt lat="44.15793676960989" lon="3.085778988458798">
        <ele>452.0</ele>
      </trkpt>
      <trkpt lat="44.15799193176033" lon="3.086005188524722">
        <ele>452.0</ele>
      </trkpt>
      <trkpt lat="44.15799316465375" lon="3.086009857638852">
        <ele>451.0</ele>
      </trkpt>
      <trkpt lat="44.15804292516197" lon="3.0861983074005597">
        <ele>451.0</ele>
      </trkpt>
      <trkpt lat="44.15809391822495" lon="3.086391426622868">
        <ele>450.0</ele>
      </trkpt>
      <trkpt lat="44.15813817663738" lon="3.0866046620735332">
        <ele>449.0</ele>
      </trkpt>
      <trkpt lat="44.158182434636274" lon="3.086817897856235">
        <ele>448.0</ele>
      </trkpt>
      <trkpt lat="44.15821707145676" lon="3.0870941653847686">
        <ele>447.0</ele>
      </trkpt>
      <trkpt lat="44.15821707158079" lon="3.087259121239185">
        <ele>446.0</ele>
      </trkpt>
      <trkpt lat="44.15821707145677" lon="3.0874240770936017">
        <ele>445.0</ele>
      </trkpt>
      <trkpt lat="44.15820745030839" lon="3.087627925013235">
        <ele>444.0</ele>
      </trkpt>
      <trkpt lat="44.15819782878121" lon="3.0878317728638653">
        <ele>443.0</ele>
      </trkpt>
      <trkpt lat="44.15815934341138" lon="3.0880812183022495">
        <ele>442.0</ele>
      </trkpt>
      <trkpt lat="44.15810738812221" lon="3.088268972933292">
        <ele>440.0</ele>
      </trkpt>
      <trkpt lat="44.15799962885817" lon="3.088499642908573">
        <ele>439.0</ele>
      </trkpt>
      <trkpt lat="44.15785915664863" lon="3.088684715787933">
        <ele>438.0</ele>
      </trkpt>
      <trkpt lat="44.15771868413722" lon="3.0888697877526288">
        <ele>437.0</ele>
      </trkpt>
      <trkpt lat="44.157572438405765" lon="3.0890696128383173">
        <ele>435.0</ele>
      </trkpt>
      <trkpt lat="44.15742619232155" lon="3.089269436895848">
        <ele>434.0</ele>
      </trkpt>
      <trkpt lat="44.15735114484576" lon="3.0894327163696294">
        <ele>433.0</ele>
      </trkpt>
      <trkpt lat="44.15726070288877" lon="3.0897093191742893">
        <ele>431.0</ele>
      </trkpt>
      <trkpt lat="44.157200087548965" lon="3.0898741075663554">
        <ele>430.0</ele>
      </trkpt>
      <trkpt lat="44.157139471963504" lon="3.090038895606995">
        <ele>429.0</ele>
      </trkpt>
      <trkpt lat="44.15708944008038" lon="3.09017300605774">
        <ele>428.0</ele>
      </trkpt>
      <trkpt lat="44.15704710537696" lon="3.0903097987174997">
        <ele>428.0</ele>
      </trkpt>
      <trkpt lat="44.15698552757223" lon="3.090519011020661">
        <ele>427.0</ele>
      </trkpt>
      <trkpt lat="44.15690085798581" lon="3.0906745791435237">
        <ele>426.0</ele>
      </trkpt>
      <trkpt lat="44.15680560456543" lon="3.0908142218843495">
        <ele>426.0</ele>
      </trkpt>
      <trkpt lat="44.15671035097206" lon="3.0909538641572007">
        <ele>426.0</ele>
      </trkpt>
      <trkpt lat="44.1565746864873" lon="3.091126867051526">
        <ele>425.0</ele>
      </trkpt>
      <trkpt lat="44.15643902173936" lon="3.091299869120121">
        <ele>424.0</ele>
      </trkpt>
      <trkpt lat="44.15629373496675" lon="3.091478236475469">
        <ele>424.0</ele>
      </trkpt>
      <trkpt lat="44.15614844791519" lon="3.0916566029191013">
        <ele>423.0</ele>
      </trkpt>
      <trkpt lat="44.156032025523025" lon="3.0917974191807702">
        <ele>422.0</ele>
      </trkpt>
      <trkpt lat="44.15591560295718" lon="3.0919382348656654">
        <ele>421.0</ele>
      </trkpt>
      <trkpt lat="44.15580880181352" lon="3.0920428412137713">
        <ele>420.0</ele>
      </trkpt>
      <trkpt lat="44.155702000576106" lon="3.0921474471688275">
        <ele>418.0</ele>
      </trkpt>
      <trkpt lat="44.15556152291305" lon="3.0923056975007044">
        <ele>417.0</ele>
      </trkpt>
      <trkpt lat="44.155521111468765" lon="3.0924072861671448">
        <ele>416.0</ele>
      </trkpt>
      <trkpt lat="44.155496094846406" lon="3.0925413966178894">
        <ele>414.0</ele>
      </trkpt>
      <trkpt lat="44.155499943814995" lon="3.092778772099638">
        <ele>413.0</ele>
      </trkpt>
      <trkpt lat="44.15550379226981" lon="3.0930161476135263">
        <ele>412.0</ele>
      </trkpt>
      <trkpt lat="44.155505716848914" lon="3.093237597487822">
        <ele>411.0</ele>
      </trkpt>
      <trkpt lat="44.15550764098091" lon="3.09345904737711">
        <ele>410.0</ele>
      </trkpt>
      <trkpt lat="44.15549032191183" lon="3.093632049911275">
        <ele>409.0</ele>
      </trkpt>
      <trkpt lat="44.15547300257003" lon="3.09380505234003">
        <ele>408.0</ele>
      </trkpt>
      <trkpt lat="44.15543162904334" lon="3.0939995126351363">
        <ele>407.0</ele>
      </trkpt>
      <trkpt lat="44.1553902551728" lon="3.0941939726471896">
        <ele>406.0</ele>
      </trkpt>
      <trkpt lat="44.15533252436182" lon="3.0944246426224717">
        <ele>405.0</ele>
      </trkpt>
      <trkpt lat="44.15537293593564" lon="3.0945986509323125">
        <ele>404.0</ele>
      </trkpt>
      <trkpt lat="44.155465305142826" lon="3.0946978926658644">
        <ele>404.0</ele>
      </trkpt>
      <trkpt lat="44.155575955464684" lon="3.0947356111567195">
        <ele>403.0</ele>
      </trkpt>
      <trkpt lat="44.15568660577999" lon="3.094773329794407">
        <ele>403.0</ele>
      </trkpt>
      <trkpt lat="44.15580783957201" lon="3.0948202683520654">
        <ele>403.0</ele>
      </trkpt>
      <trkpt lat="44.15592907335169" lon="3.0948672071099272">
        <ele>402.0</ele>
      </trkpt>
      <trkpt lat="44.156092642182514" lon="3.094955720007419">
        <ele>402.0</ele>
      </trkpt>
      <trkpt lat="44.1561330532358" lon="3.094998300075532">
        <ele>402.0</ele>
      </trkpt>
      <trkpt lat="44.15616576692514" lon="3.0950519442558293">
        <ele>401.0</ele>
      </trkpt>
      <trkpt lat="44.15618501026336" lon="3.0950975418090825">
        <ele>401.0</ele>
      </trkpt>
      <trkpt lat="44.15617923726254" lon="3.0951538681983957">
        <ele>400.0</ele>
      </trkpt>
      <trkpt lat="44.15615422091919" lon="3.0952370166778573">
        <ele>399.0</ele>
      </trkpt>
      <trkpt lat="44.15615399712985" lon="3.0952382156468383">
        <ele>399.0</ele>
      </trkpt>
      <trkpt lat="44.15613112890035" lon="3.095360733568669">
        <ele>398.0</ele>
      </trkpt>
      <trkpt lat="44.15616191867389" lon="3.0955788863322375">
        <ele>397.0</ele>
      </trkpt>
      <trkpt lat="44.156192708014004" lon="3.095797039332116">
        <ele>396.0</ele>
      </trkpt>
      <trkpt lat="44.15622349692071" lon="3.0960151925683017">
        <ele>395.0</ele>
      </trkpt>
      <trkpt lat="44.15625621056015" lon="3.096146285533906">
        <ele>394.0</ele>
      </trkpt>
      <trkpt lat="44.15633511331455" lon="3.0962371373128055">
        <ele>393.0</ele>
      </trkpt>
      <trkpt lat="44.15639861089594" lon="3.096261955797672">
        <ele>392.0</ele>
      </trkpt>
      <trkpt lat="44.156606437796405" lon="3.0963638797402373">
        <ele>391.0</ele>
      </trkpt>
      <trkpt lat="44.15671612382481" lon="3.0964081361035904">
        <ele>390.0</ele>
      </trkpt>
      <trkpt lat="44.156825809841656" lon="3.0964523926377296">
        <ele>389.0</ele>
      </trkpt>
      <trkpt lat="44.156942230533126" lon="3.096503354504645">
        <ele>388.0</ele>
      </trkpt>
      <trkpt lat="44.15705865120802" lon="3.096554316580296">
        <ele>387.0</ele>
      </trkpt>
      <trkpt lat="44.157190465815745" lon="3.096607960636205">
        <ele>387.0</ele>
      </trkpt>
      <trkpt lat="44.15732228040641" lon="3.0966616049408913">
        <ele>386.0</ele>
      </trkpt>
      <trkpt lat="44.15747045104463" lon="3.0967018380761147">
        <ele>384.0</ele>
      </trkpt>
      <trkpt lat="44.157471208355574" lon="3.0967016894014088">
        <ele>383.0</ele>
      </trkpt>
      <trkpt lat="44.15760707558914" lon="3.0966750159859644">
        <ele>382.0</ele>
      </trkpt>
      <trkpt lat="44.15779950398853" lon="3.0965972319245343">
        <ele>381.0</ele>
      </trkpt>
      <trkpt lat="44.15786685378002" lon="3.0965811386704445">
        <ele>380.0</ele>
      </trkpt>
      <trkpt lat="44.1578995665082" lon="3.096616007387638">
        <ele>379.0</ele>
      </trkpt>
      <trkpt lat="44.15792650638832" lon="3.096685744822025">
        <ele>378.0</ele>
      </trkpt>
      <trkpt lat="44.15791496072692" lon="3.0967903509736066">
        <ele>378.0</ele>
      </trkpt>
      <trkpt lat="44.15787262661574" lon="3.0968761816620827">
        <ele>377.0</ele>
      </trkpt>
      <trkpt lat="44.15777448833207" lon="3.0970719829201694">
        <ele>376.0</ele>
      </trkpt>
      <trkpt lat="44.15770521415122" lon="3.0972275510430336">
        <ele>376.0</ele>
      </trkpt>
      <trkpt lat="44.1577167598538" lon="3.097321428358555">
        <ele>375.0</ele>
      </trkpt>
      <trkpt lat="44.15760707558912" lon="3.0974653875455256">
        <ele>375.0</ele>
      </trkpt>
      <trkpt lat="44.157437738078585" lon="3.0976370489224787">
        <ele>375.0</ele>
      </trkpt>
      <trkpt lat="44.157281870167736" lon="3.0977282440289864">
        <ele>375.0</ele>
      </trkpt>
      <trkpt lat="44.15712792614799" lon="3.0977952992543574">
        <ele>375.0</ele>
      </trkpt>
      <trkpt lat="44.15698264094389" lon="3.097856990219365">
        <ele>376.0</ele>
      </trkpt>
      <trkpt lat="44.1568373557162" lon="3.0979186808690424">
        <ele>376.0</ele>
      </trkpt>
      <trkpt lat="44.156621832352606" lon="3.0979943275451673">
        <ele>376.0</ele>
      </trkpt>
      <trkpt lat="44.15642170280999" lon="3.098050653934479">
        <ele>377.0</ele>
      </trkpt>
      <trkpt lat="44.156325486442036" lon="3.098071566782892">
        <ele>377.0</ele>
      </trkpt>
      <trkpt lat="44.156147485471756" lon="3.0980594968045327">
        <ele>377.0</ele>
      </trkpt>
      <trkpt lat="44.15596948451685" lon="3.098047426901758">
        <ele>377.0</ele>
      </trkpt>
      <trkpt lat="44.155791963009946" lon="3.0980413918749368">
        <ele>378.0</ele>
      </trkpt>
      <trkpt lat="44.15561444151931" lon="3.0980353568858088">
        <ele>378.0</ele>
      </trkpt>
      <trkpt lat="44.15543692004498" lon="3.09802932193437">
        <ele>378.0</ele>
      </trkpt>
      <trkpt lat="44.155259398586914" lon="3.0980232870206224">
        <ele>378.0</ele>
      </trkpt>
      <trkpt lat="44.15509582744656" lon="3.0980533361434937">
        <ele>378.0</ele>
      </trkpt>
      <trkpt lat="44.15497459207335" lon="3.098007738590242">
        <ele>378.0</ele>
      </trkpt>
      <trkpt lat="44.15492455835466" lon="3.097983598709107">
        <ele>378.0</ele>
      </trkpt>
      <trkpt lat="44.15485143207415" lon="3.0979675054550175">
        <ele>378.0</ele>
      </trkpt>
      <trkpt lat="44.15481294452159" lon="3.0980318784713745">
        <ele>378.0</ele>
      </trkpt>
      <trkpt lat="44.15476675942547" lon="3.0981686711311354">
        <ele>378.0</ele>
      </trkpt>
      <trkpt lat="44.15470517924114" lon="3.098332285881043">
        <ele>378.0</ele>
      </trkpt>
      <trkpt lat="44.154645523376246" lon="3.0985414981842054">
        <ele>378.0</ele>
      </trkpt>
      <trkpt lat="44.154603186919545" lon="3.098804354667663">
        <ele>378.0</ele>
      </trkpt>
      <trkpt lat="44.15457816990795" lon="3.0989867448806785">
        <ele>378.0</ele>
      </trkpt>
      <trkpt lat="44.15455892604586" lon="3.099129404872656">
        <ele>378.0</ele>
      </trkpt>
      <trkpt lat="44.15453583340292" lon="3.0992501042783265">
        <ele>379.0</ele>
      </trkpt>
      <trkpt lat="44.15449542125605" lon="3.099456634372473">
        <ele>379.0</ele>
      </trkpt>
      <trkpt lat="44.154470404198854" lon="3.099499549716712">
        <ele>379.0</ele>
      </trkpt>
      <trkpt lat="44.15442806761643" lon="3.0995049141347404">
        <ele>379.0</ele>
      </trkpt>
      <trkpt lat="44.15428951131605" lon="3.0995022319257264">
        <ele>379.0</ele>
      </trkpt>
      <trkpt lat="44.154260645379196" lon="3.09953710064292">
        <ele>379.0</ele>
      </trkpt>
      <trkpt lat="44.15427604054727" lon="3.0996148847043523">
        <ele>379.0</ele>
      </trkpt>
      <trkpt lat="44.154195215870004" lon="3.099614381790161">
        <ele>379.0</ele>
      </trkpt>
      <trkpt lat="44.15410669347748" lon="3.0996304750442505">
        <ele>379.0</ele>
      </trkpt>
      <trkpt lat="44.153975834045184" lon="3.0996733903884897">
        <ele>379.0</ele>
      </trkpt>
      <trkpt lat="44.15377954435278" lon="3.0997753143310542">
        <ele>379.0</ele>
      </trkpt>
      <trkpt lat="44.15361789333949" lon="3.099869191913512">
        <ele>380.0</ele>
      </trkpt>
      <trkpt lat="44.15345624225961" lon="3.0999630689620976">
        <ele>380.0</ele>
      </trkpt>
      <trkpt lat="44.15328496819545" lon="3.1000596287775393">
        <ele>380.0</ele>
      </trkpt>
      <trkpt lat="44.15311369406177" lon="3.10015618801117">
        <ele>379.0</ele>
      </trkpt>
      <trkpt lat="44.15294241921726" lon="3.100247383117676">
        <ele>379.0</ele>
      </trkpt>
      <trkpt lat="44.152801934984936" lon="3.1003412604331975">
        <ele>379.0</ele>
      </trkpt>
      <trkpt lat="44.15263643258354" lon="3.100486099720002">
        <ele>379.0</ele>
      </trkpt>
      <trkpt lat="44.15247862753609" lon="3.100606799125672">
        <ele>379.0</ele>
      </trkpt>
      <trkpt lat="44.15232467098552" lon="3.100757002830506">
        <ele>379.0</ele>
      </trkpt>
      <trkpt lat="44.1522496170215" lon="3.1007891893386836">
        <ele>378.0</ele>
      </trkpt>
      <trkpt lat="44.1520978878379" lon="3.1008507569951633">
        <ele>378.0</ele>
      </trkpt>
      <trkpt lat="44.15209758434037" lon="3.1008508801460266">
        <ele>378.0</ele>
      </trkpt>
      <trkpt lat="44.15191668418419" lon="3.1009179353713994">
        <ele>378.0</ele>
      </trkpt>
      <trkpt lat="44.151751179300284" lon="3.100979626178742">
        <ele>377.0</ele>
      </trkpt>
      <trkpt lat="44.151568353598286" lon="3.101001083850861">
        <ele>377.0</ele>
      </trkpt>
      <trkpt lat="44.15141631916219" lon="3.1010225415229797">
        <ele>377.0</ele>
      </trkpt>
      <trkpt lat="44.15128930275068" lon="3.1010198593139657">
        <ele>377.0</ele>
      </trkpt>
      <trkpt lat="44.151171908435884" lon="3.1009876727393246">
        <ele>377.0</ele>
      </trkpt>
      <trkpt lat="44.15105451411892" lon="3.1009554862976074">
        <ele>377.0</ele>
      </trkpt>
      <trkpt lat="44.150877459506596" lon="3.100936710776031">
        <ele>377.0</ele>
      </trkpt>
      <trkpt lat="44.150700404907624" lon="3.1009179353713994">
        <ele>377.0</ele>
      </trkpt>
      <trkpt lat="44.15057916037624" lon="3.100915253156664">
        <ele>377.0</ele>
      </trkpt>
      <trkpt lat="44.15045791585254" lon="3.1009125709533696">
        <ele>377.0</ele>
      </trkpt>
      <trkpt lat="44.15033859547561" lon="3.1008803844451904">
        <ele>377.0</ele>
      </trkpt>
      <trkpt lat="44.15020772768802" lon="3.1007945537567143">
        <ele>377.0</ele>
      </trkpt>
      <trkpt lat="44.1501461427464" lon="3.1007462739944454">
        <ele>377.0</ele>
      </trkpt>
      <trkpt lat="44.15003836894395" lon="3.100740909576417">
        <ele>377.0</ele>
      </trkpt>
      <trkpt lat="44.14989402854125" lon="3.1007221340656455">
        <ele>377.0</ele>
      </trkpt>
      <trkpt lat="44.14974968814639" lon="3.1007033586502084">
        <ele>377.0</ele>
      </trkpt>
      <trkpt lat="44.14955723349691" lon="3.100697994232179">
        <ele>377.0</ele>
      </trkpt>
      <trkpt lat="44.14949564787656" lon="3.1006604433059692">
        <ele>377.0</ele>
      </trkpt>
      <trkpt lat="44.14942251486889" lon="3.1004995107650752">
        <ele>377.0</ele>
      </trkpt>
      <trkpt lat="44.149366702775765" lon="3.100381996482611">
        <ele>376.0</ele>
      </trkpt>
      <trkpt lat="44.149368627331505" lon="3.100218381732702">
        <ele>376.0</ele>
      </trkpt>
      <trkpt lat="44.14932243797465" lon="3.1000601314008227">
        <ele>376.0</ele>
      </trkpt>
      <trkpt lat="44.14932051341733" lon="3.099861647933721">
        <ele>376.0</ele>
      </trkpt>
      <trkpt lat="44.14933398531724" lon="3.0997919104993343">
        <ele>375.0</ele>
      </trkpt>
      <trkpt lat="44.14933013620332" lon="3.0994861386716366">
        <ele>375.0</ele>
      </trkpt>
      <trkpt lat="44.14934360810115" lon="3.0992844700813302">
        <ele>375.0</ele>
      </trkpt>
      <trkpt lat="44.14926277666846" lon="3.09925764799118">
        <ele>375.0</ele>
      </trkpt>
      <trkpt lat="44.14912805736844" lon="3.0992281436920175">
        <ele>375.0</ele>
      </trkpt>
      <trkpt lat="44.14895484638788" lon="3.0992093682289132">
        <ele>375.0</ele>
      </trkpt>
      <trkpt lat="44.148783559473934" lon="3.09928983449936">
        <ele>375.0</ele>
      </trkpt>
      <trkpt lat="44.1486546128174" lon="3.099445402622223">
        <ele>375.0</ele>
      </trkpt>
      <trkpt lat="44.14865432224235" lon="3.0994461468803167">
        <ele>376.0</ele>
      </trkpt>
      <trkpt lat="44.148583403349086" lon="3.099627792835236">
        <ele>376.0</ele>
      </trkpt>
      <trkpt lat="44.14853721337777" lon="3.09978872537613">
        <ele>376.0</ele>
      </trkpt>
      <trkpt lat="44.14850449545953" lon="3.0999925732612614">
        <ele>377.0</ele>
      </trkpt>
      <trkpt lat="44.14849872170737" lon="3.100153505802155">
        <ele>377.0</ele>
      </trkpt>
      <trkpt lat="44.14854298712613" lon="3.1003573536872873">
        <ele>377.0</ele>
      </trkpt>
      <trkpt lat="44.14862189496425" lon="3.100461959838868">
        <ele>377.0</ele>
      </trkpt>
      <trkpt lat="44.1487585399954" lon="3.100531697273254">
        <ele>377.0</ele>
      </trkpt>
      <trkpt lat="44.14894907267967" lon="3.1005021929740906">
        <ele>377.0</ele>
      </trkpt>
      <trkpt lat="44.14912420824116" lon="3.1004941463470463">
        <ele>377.0</ele>
      </trkpt>
      <trkpt lat="44.14922043635019" lon="3.100507557392121">
        <ele>377.0</ele>
      </trkpt>
      <trkpt lat="44.14925700299057" lon="3.1005370616912864">
        <ele>377.0</ele>
      </trkpt>
      <trkpt lat="44.1492781731404" lon="3.1005960702896123">
        <ele>377.0</ele>
      </trkpt>
      <trkpt lat="44.149295494166346" lon="3.1006931327283387">
        <ele>377.0</ele>
      </trkpt>
      <trkpt lat="44.149303303131866" lon="3.100925058634595">
        <ele>377.0</ele>
      </trkpt>
      <trkpt lat="44.14931111160695" lon="3.1011569846045615">
        <ele>377.0</ele>
      </trkpt>
      <trkpt lat="44.1493186995796" lon="3.1013823752734084">
        <ele>378.0</ele>
      </trkpt>
      <trkpt lat="44.149326287089096" lon="3.101607766002417">
        <ele>378.0</ele>
      </trkpt>
      <trkpt lat="44.149343608101034" lon="3.101782109588384">
        <ele>378.0</ele>
      </trkpt>
      <trkpt lat="44.149397495661134" lon="3.1018840335309514">
        <ele>378.0</ele>
      </trkpt>
      <trkpt lat="44.14946485504218" lon="3.1019618175923815">
        <ele>379.0</ele>
      </trkpt>
      <trkpt lat="44.149599573573525" lon="3.101996686309578">
        <ele>379.0</ele>
      </trkpt>
      <trkpt lat="44.14974583905945" lon="3.102053012698889">
        <ele>380.0</ele>
      </trkpt>
      <trkpt lat="44.14992866985109" lon="3.1021084446620097">
        <ele>380.0</ele>
      </trkpt>
      <trkpt lat="44.1501115006324" lon="3.102163876981651">
        <ele>381.0</ele>
      </trkpt>
      <trkpt lat="44.15029433140335" lon="3.102219309657812">
        <ele>381.0</ele>
      </trkpt>
      <trkpt lat="44.15041461401213" lon="3.1022608838095858">
        <ele>382.0</ele>
      </trkpt>
      <trkpt lat="44.1505348966128" lon="3.1023024581372733">
        <ele>382.0</ele>
      </trkpt>
      <trkpt lat="44.15066095226168" lon="3.1023480555894274">
        <ele>383.0</ele>
      </trkpt>
      <trkpt lat="44.15078700790001" lon="3.1023936532437792">
        <ele>383.0</ele>
      </trkpt>
      <trkpt lat="44.15094481747081" lon="3.1024387478828435">
        <ele>383.0</ele>
      </trkpt>
      <trkpt lat="44.150996779066375" lon="3.102454841136933">
        <ele>384.0</ele>
      </trkpt>
      <trkpt lat="44.1510294956031" lon="3.1024843454360966">
        <ele>384.0</ele>
      </trkpt>
      <trkpt lat="44.15105836312041" lon="3.1025701761245723">
        <ele>384.0</ele>
      </trkpt>
      <trkpt lat="44.15125851085212" lon="3.1025517359375945">
        <ele>384.0</ele>
      </trkpt>
      <trkpt lat="44.151391300646836" lon="3.1025354750834233">
        <ele>384.0</ele>
      </trkpt>
      <trkpt lat="44.15152409044842" lon="3.102519214153291">
        <ele>384.0</ele>
      </trkpt>
      <trkpt lat="44.151674200126266" lon="3.102541007101536">
        <ele>384.0</ele>
      </trkpt>
      <trkpt lat="44.15184355417645" lon="3.102610409259796">
        <ele>384.0</ele>
      </trkpt>
      <trkpt lat="44.15190128840061" lon="3.102599680423738">
        <ele>384.0</ele>
      </trkpt>
      <trkpt lat="44.152009058801305" lon="3.102594316005707">
        <ele>384.0</ele>
      </trkpt>
      <trkpt lat="44.152101433273735" lon="3.1025969982147212">
        <ele>384.0</ele>
      </trkpt>
      <trkpt lat="44.15215531831605" lon="3.1026077270507812">
        <ele>383.0</ele>
      </trkpt>
      <trkpt lat="44.15220920330905" lon="3.102626502513886">
        <ele>383.0</ele>
      </trkpt>
      <trkpt lat="44.15228810624577" lon="3.102677464485169">
        <ele>383.0</ele>
      </trkpt>
      <trkpt lat="44.15238817811128" lon="3.10278743505478">
        <ele>383.0</ele>
      </trkpt>
      <trkpt lat="44.152453609623734" lon="3.1028974056243896">
        <ele>383.0</ele>
      </trkpt>
      <trkpt lat="44.15249594762287" lon="3.1029805541038513">
        <ele>383.0</ele>
      </trkpt>
      <trkpt lat="44.15256522791927" lon="3.1029886007308973">
        <ele>383.0</ele>
      </trkpt>
      <trkpt lat="44.15264797927748" lon="3.103036880493164">
        <ele>383.0</ele>
      </trkpt>
      <trkpt lat="44.152728806073846" lon="3.1030637025833134">
        <ele>383.0</ele>
      </trkpt>
      <trkpt lat="44.15280193498464" lon="3.1031066179275504">
        <ele>382.0</ele>
      </trkpt>
      <trkpt lat="44.152871214921824" lon="3.1031495332717896">
        <ele>382.0</ele>
      </trkpt>
      <trkpt lat="44.15293664589893" lon="3.103160262107849">
        <ele>381.0</ele>
      </trkpt>
      <trkpt lat="44.15300977455215" lon="3.1031763553619376">
        <ele>380.0</ele>
      </trkpt>
      <trkpt lat="44.153212802311884" lon="3.1032420694828033">
        <ele>380.0</ele>
      </trkpt>
      <trkpt lat="44.15340813167739" lon="3.1032983958721165">
        <ele>379.0</ele>
      </trkpt>
      <trkpt lat="44.15355631214408" lon="3.103337287902832">
        <ele>379.0</ele>
      </trkpt>
      <trkpt lat="44.153629440029476" lon="3.103354722261429">
        <ele>378.0</ele>
      </trkpt>
      <trkpt lat="44.15380263729137" lon="3.1034217774867994">
        <ele>378.0</ele>
      </trkpt>
      <trkpt lat="44.153927723757775" lon="3.1034633516350545">
        <ele>377.0</ele>
      </trkpt>
      <trkpt lat="44.15405281021669" lon="3.1035049259662624">
        <ele>377.0</ele>
      </trkpt>
      <trkpt lat="44.154231779427946" lon="3.103580027818679">
        <ele>377.0</ele>
      </trkpt>
      <trkpt lat="44.1543732224528" lon="3.103629648685455">
        <ele>377.0</ele>
      </trkpt>
      <trkpt lat="44.154506967586265" lon="3.103672564029694">
        <ele>377.0</ele>
      </trkpt>
      <trkpt lat="44.154593564993" lon="3.1036618351936345">
        <ele>377.0</ele>
      </trkpt>
      <trkpt lat="44.15476098628571" lon="3.1036376953125">
        <ele>377.0</ele>
      </trkpt>
      <trkpt lat="44.15496497020738" lon="3.103653788566589">
        <ele>378.0</ele>
      </trkpt>
      <trkpt lat="44.15508620547929" lon="3.103694021616011">
        <ele>378.0</ele>
      </trkpt>
      <trkpt lat="44.15520744074419" lon="3.1037342548370352">
        <ele>378.0</ele>
      </trkpt>
      <trkpt lat="44.15531135638354" lon="3.103761076927184">
        <ele>379.0</ele>
      </trkpt>
      <trkpt lat="44.155484548709126" lon="3.103766441345215">
        <ele>379.0</ele>
      </trkpt>
      <trkpt lat="44.15567698403033" lon="3.1038254499435416">
        <ele>379.0</ele>
      </trkpt>
      <trkpt lat="44.15578859622909" lon="3.1039273738861093">
        <ele>379.0</ele>
      </trkpt>
      <trkpt lat="44.15592714900972" lon="3.104077577590942">
        <ele>380.0</ele>
      </trkpt>
      <trkpt lat="44.15601951736698" lon="3.10421973443775">
        <ele>380.0</ele>
      </trkpt>
      <trkpt lat="44.15611188554447" lon="3.104361891746521">
        <ele>380.0</ele>
      </trkpt>
      <trkpt lat="44.15621195092595" lon="3.1045496463775635">
        <ele>380.0</ele>
      </trkpt>
      <trkpt lat="44.156273529611354" lon="3.104702532125803">
        <ele>380.0</ele>
      </trkpt>
      <trkpt lat="44.156335108085656" lon="3.1048554182052603">
        <ele>380.0</ele>
      </trkpt>
      <trkpt lat="44.15641977861063" lon="3.1050592657867755">
        <ele>380.0</ele>
      </trkpt>
      <trkpt lat="44.15650444876055" lon="3.1052631139755245">
        <ele>380.0</ele>
      </trkpt>
      <trkpt lat="44.15659681619657" lon="3.1055045127868643">
        <ele>380.0</ele>
      </trkpt>
      <trkpt lat="44.156648773034775" lon="3.1057351825513195">
        <ele>380.0</ele>
      </trkpt>
      <trkpt lat="44.156700729389286" lon="3.1059658527374254">
        <ele>379.0</ele>
      </trkpt>
      <trkpt lat="44.156750761779655" lon="3.106175064856456">
        <ele>379.0</ele>
      </trkpt>
      <trkpt lat="44.156800793772284" lon="3.10638427734375">
        <ele>379.0</ele>
      </trkpt>
      <trkpt lat="44.156848901799485" lon="3.106609582710332">
        <ele>379.0</ele>
      </trkpt>
      <trkpt lat="44.15689700936511" lon="3.1068348884582524">
        <ele>379.0</ele>
      </trkpt>
      <trkpt lat="44.1569220255534" lon="3.1070253252145057">
        <ele>379.0</ele>
      </trkpt>
      <trkpt lat="44.15694704141136" lon="3.1072157621383663">
        <ele>379.0</ele>
      </trkpt>
      <trkpt lat="44.15697975476214" lon="3.107379376794121">
        <ele>379.0</ele>
      </trkpt>
      <trkpt lat="44.157012467869414" lon="3.107542991638184">
        <ele>379.0</ele>
      </trkpt>
      <trkpt lat="44.15703748399956" lon="3.107728063978769">
        <ele>379.0</ele>
      </trkpt>
      <trkpt lat="44.157062499817755" lon="3.1079131364822405">
        <ele>379.0</ele>
      </trkpt>
      <trkpt lat="44.15712407767901" lon="3.1081062553221193">
        <ele>379.0</ele>
      </trkpt>
      <trkpt lat="44.157185655202255" lon="3.108299374580382">
        <ele>379.0</ele>
      </trkpt>
      <trkpt lat="44.157216444138484" lon="3.108473718071924">
        <ele>379.0</ele>
      </trkpt>
      <trkpt lat="44.1572472327981" lon="3.108648061752318">
        <ele>379.0</ele>
      </trkpt>
      <trkpt lat="44.157270324522564" lon="3.108827769683318">
        <ele>379.0</ele>
      </trkpt>
      <trkpt lat="44.157293415952864" lon="3.1090074777603154">
        <ele>379.0</ele>
      </trkpt>
      <trkpt lat="44.157322280598436" lon="3.109216689957246">
        <ele>379.0</ele>
      </trkpt>
      <trkpt lat="44.15735114484539" lon="3.1094259023666377">
        <ele>379.0</ele>
      </trkpt>
      <trkpt lat="44.15736076646407" lon="3.1096029281316593">
        <ele>380.0</ele>
      </trkpt>
      <trkpt lat="44.15737038779708" lon="3.1097799539566053">
        <ele>380.0</ele>
      </trkpt>
      <trkpt lat="44.157339599071435" lon="3.109989166259766">
        <ele>380.0</ele>
      </trkpt>
      <trkpt lat="44.15736653920722" lon="3.1102573871612544">
        <ele>380.0</ele>
      </trkpt>
      <trkpt lat="44.15740502509422" lon="3.1105309724807726">
        <ele>380.0</ele>
      </trkpt>
      <trkpt lat="44.157435813915995" lon="3.110705315972315">
        <ele>380.0</ele>
      </trkpt>
      <trkpt lat="44.15746660246114" lon="3.11087965965271">
        <ele>381.0</ele>
      </trkpt>
      <trkpt lat="44.15746708861303" lon="3.11088224695866">
        <ele>381.0</ele>
      </trkpt>
      <trkpt lat="44.15750893686359" lon="3.11110496520996">
        <ele>381.0</ele>
      </trkpt>
      <trkpt lat="44.15750123970178" lon="3.111292719841004">
        <ele>382.0</ele>
      </trkpt>
      <trkpt lat="44.15750123970179" lon="3.1114590167999268">
        <ele>382.0</ele>
      </trkpt>
      <trkpt lat="44.15753972550091" lon="3.1116199493408194">
        <ele>383.0</ele>
      </trkpt>
      <trkpt lat="44.157585908426675" lon="3.111770153045654">
        <ele>383.0</ele>
      </trkpt>
      <trkpt lat="44.15766287988936" lon="3.112027645111084">
        <ele>384.0</ele>
      </trkpt>
      <trkpt lat="44.15770521415103" lon="3.112252950668335">
        <ele>385.0</ele>
      </trkpt>
      <trkpt lat="44.15772445698721" lon="3.112429976463317">
        <ele>386.0</ele>
      </trkpt>
      <trkpt lat="44.15771675985347" lon="3.1126230955123892">
        <ele>387.0</ele>
      </trkpt>
      <trkpt lat="44.15767827416984" lon="3.112826943397521">
        <ele>388.0</ele>
      </trkpt>
      <trkpt lat="44.15767442560033" lon="3.1130146980285645">
        <ele>388.0</ele>
      </trkpt>
      <trkpt lat="44.15764748560515" lon="3.1130790710449228">
        <ele>389.0</ele>
      </trkpt>
      <trkpt lat="44.15771964630594" lon="3.1132051347085965">
        <ele>390.0</ele>
      </trkpt>
      <trkpt lat="44.157791806864566" lon="3.1133311986923227">
        <ele>391.0</ele>
      </trkpt>
      <trkpt lat="44.15786685378002" lon="3.113470673561097">
        <ele>392.0</ele>
      </trkpt>
      <trkpt lat="44.15790341506326" lon="3.1135699152946477">
        <ele>393.0</ele>
      </trkpt>
      <trkpt lat="44.157913036449806" lon="3.1136369705200204">
        <ele>394.0</ele>
      </trkpt>
      <trkpt lat="44.157913036449806" lon="3.113714754581451">
        <ele>395.0</ele>
      </trkpt>
      <trkpt lat="44.15788224800731" lon="3.113870322704318">
        <ele>397.0</ele>
      </trkpt>
      <trkpt lat="44.15781393616866" lon="3.114030081970749">
        <ele>398.0</ele>
      </trkpt>
      <trkpt lat="44.15774562409975" lon="3.1141898408532143">
        <ele>399.0</ele>
      </trkpt>
      <trkpt lat="44.15768019845464" lon="3.1144419685006164">
        <ele>400.0</ele>
      </trkpt>
      <trkpt lat="44.15769944129896" lon="3.11464849859476">
        <ele>401.0</ele>
      </trkpt>
      <trkpt lat="44.15775909412741" lon="3.1147826089047728">
        <ele>402.0</ele>
      </trkpt>
      <trkpt lat="44.15781874679372" lon="3.1149167194962493">
        <ele>403.0</ele>
      </trkpt>
      <trkpt lat="44.15790437721172" lon="3.115044124232541">
        <ele>404.0</ele>
      </trkpt>
      <trkpt lat="44.157990007485566" lon="3.1151715293526654">
        <ele>404.0</ele>
      </trkpt>
      <trkpt lat="44.15807371343199" lon="3.1153338027591175">
        <ele>405.0</ele>
      </trkpt>
      <trkpt lat="44.15815741914205" lon="3.115496076643467">
        <ele>405.0</ele>
      </trkpt>
      <trkpt lat="44.158273516626664" lon="3.115665055121185">
        <ele>406.0</ele>
      </trkpt>
      <trkpt lat="44.15838961385809" lon="3.115834034289121">
        <ele>406.0</ele>
      </trkpt>
      <trkpt lat="44.15850571083626" lon="3.116003014147281">
        <ele>407.0</ele>
      </trkpt>
      <trkpt lat="44.158645219323766" lon="3.1161719929005156">
        <ele>407.0</ele>
      </trkpt>
      <trkpt lat="44.15878472756121" lon="3.1163409724831603">
        <ele>407.0</ele>
      </trkpt>
      <trkpt lat="44.15890499288915" lon="3.116424120786706">
        <ele>407.0</ele>
      </trkpt>
      <trkpt lat="44.159025258161684" lon="3.1165072694420806">
        <ele>407.0</ele>
      </trkpt>
      <trkpt lat="44.159237886025714" lon="3.1165810299140877">
        <ele>407.0</ele>
      </trkpt>
      <trkpt lat="44.15945051386394" lon="3.1166547909378997">
        <ele>407.0</ele>
      </trkpt>
      <trkpt lat="44.15964870827358" lon="3.1167263160128647">
        <ele>407.0</ele>
      </trkpt>
      <trkpt lat="44.15984690265723" lon="3.116797841586595">
        <ele>406.0</ele>
      </trkpt>
      <trkpt lat="44.16004509701489" lon="3.1168693676590924">
        <ele>406.0</ele>
      </trkpt>
      <trkpt lat="44.160195184825966" lon="3.1169002129813212">
        <ele>406.0</ele>
      </trkpt>
      <trkpt lat="44.160345272640214" lon="3.116931058466435">
        <ele>407.0</ele>
      </trkpt>
      <trkpt lat="44.16055308564009" lon="3.117032982409">
        <ele>407.0</ele>
      </trkpt>
      <trkpt lat="44.16072722395301" lon="3.1171067424790158">
        <ele>407.0</ele>
      </trkpt>
      <trkpt lat="44.16090136223228" lon="3.117180503000958">
        <ele>407.0</ele>
      </trkpt>
      <trkpt lat="44.16107550047789" lon="3.11725426397483">
        <ele>407.0</ele>
      </trkpt>
      <trkpt lat="44.16124963868984" lon="3.1173280254006386">
        <ele>408.0</ele>
      </trkpt>
      <trkpt lat="44.161461296827284" lon="3.117322660982606">
        <ele>408.0</ele>
      </trkpt>
      <trkpt lat="44.161657560652706" lon="3.117252923789008">
        <ele>408.0</ele>
      </trkpt>
      <trkpt lat="44.161853824454035" lon="3.117183186113834">
        <ele>408.0</ele>
      </trkpt>
      <trkpt lat="44.161979855922425" lon="3.117145635270885">
        <ele>408.0</ele>
      </trkpt>
      <trkpt lat="44.1621058873863" lon="3.117108084261417">
        <ele>408.0</ele>
      </trkpt>
      <trkpt lat="44.16221844939538" lon="3.117161728335485">
        <ele>407.0</ele>
      </trkpt>
      <trkpt lat="44.16233101138491" lon="3.117215372622013">
        <ele>407.0</ele>
      </trkpt>
      <trkpt lat="44.16251668972127" lon="3.117354847035179">
        <ele>407.0</ele>
      </trkpt>
      <trkpt lat="44.16270236789837" lon="3.117494322359562">
        <ele>407.0</ele>
      </trkpt>
      <trkpt lat="44.162817814972506" lon="3.117594904993333">
        <ele>407.0</ele>
      </trkpt>
      <trkpt lat="44.16293326196139" lon="3.117695488035679">
        <ele>407.0</ele>
      </trkpt>
      <trkpt lat="44.16301792290753" lon="3.117826916081655">
        <ele>407.0</ele>
      </trkpt>
      <trkpt lat="44.16310258369997" lon="3.1179583445191374">
        <ele>407.0</ele>
      </trkpt>
      <trkpt lat="44.163209692412416" lon="3.118150568774097">
        <ele>407.0</ele>
      </trkpt>
      <trkpt lat="44.16331680079402" lon="3.118342793753497">
        <ele>407.0</ele>
      </trkpt>
      <trkpt lat="44.16342390884482" lon="3.1185350194573394">
        <ele>408.0</ele>
      </trkpt>
      <trkpt lat="44.16354608899483" lon="3.1187549601237916">
        <ele>408.0</ele>
      </trkpt>
      <trkpt lat="44.16366826871165" lon="3.118974901735781">
        <ele>409.0</ele>
      </trkpt>
      <trkpt lat="44.163755814714804" lon="3.1190942598531075">
        <ele>409.0</ele>
      </trkpt>
      <trkpt lat="44.16384336059212" lon="3.119213618338108">
        <ele>410.0</ele>
      </trkpt>
      <trkpt lat="44.164025186069" lon="3.119383938065717">
        <ele>410.0</ele>
      </trkpt>
      <trkpt lat="44.164207011298785" lon="3.1195542588829985">
        <ele>411.0</ele>
      </trkpt>
      <trkpt lat="44.16434554408476" lon="3.1196633348512446">
        <ele>411.0</ele>
      </trkpt>
      <trkpt lat="44.16448407677234" lon="3.1197724113511813">
        <ele>411.0</ele>
      </trkpt>
      <trkpt lat="44.16462260936154" lon="3.119881488382816">
        <ele>411.0</ele>
      </trkpt>
      <trkpt lat="44.16476595143201" lon="3.1200129162931">
        <ele>411.0</ele>
      </trkpt>
      <trkpt lat="44.16490929335579" lon="3.120144344866276">
        <ele>410.0</ele>
      </trkpt>
      <trkpt lat="44.16503147032304" lon="3.1203025948579928">
        <ele>410.0</ele>
      </trkpt>
      <trkpt lat="44.16515364706982" lon="3.1204608455300344">
        <ele>409.0</ele>
      </trkpt>
      <trkpt lat="44.16520559615412" lon="3.120664693415164">
        <ele>408.0</ele>
      </trkpt>
      <trkpt lat="44.165195975956756" lon="3.120863176882267">
        <ele>408.0</ele>
      </trkpt>
      <trkpt lat="44.16514979898764" lon="3.121075071394443">
        <ele>407.0</ele>
      </trkpt>
      <trkpt lat="44.16514979921901" lon="3.1213003769516927">
        <ele>406.0</ele>
      </trkpt>
      <trkpt lat="44.16514979898762" lon="3.1215256825089446">
        <ele>406.0</ele>
      </trkpt>
      <trkpt lat="44.16517160530604" lon="3.1217670811350637">
        <ele>406.0</ele>
      </trkpt>
      <trkpt lat="44.16519341109343" lon="3.1220084799464054">
        <ele>406.0</ele>
      </trkpt>
      <trkpt lat="44.1652152163499" lon="3.1222498789429673">
        <ele>406.0</ele>
      </trkpt>
      <trkpt lat="44.165298591478475" lon="3.122426904218604">
        <ele>406.0</ele>
      </trkpt>
      <trkpt lat="44.16538196632502" lon="3.122603930013585">
        <ele>407.0</ele>
      </trkpt>
      <trkpt lat="44.16546534088955" lon="3.1227809563279143">
        <ele>407.0</ele>
      </trkpt>
      <trkpt lat="44.16554807432662" lon="3.122958875674615">
        <ele>407.0</ele>
      </trkpt>
      <trkpt lat="44.16563080747874" lon="3.123136795539269">
        <ele>408.0</ele>
      </trkpt>
      <trkpt lat="44.16571354034588" lon="3.123314715921878">
        <ele>408.0</ele>
      </trkpt>
      <trkpt lat="44.165798197390934" lon="3.123506493580803">
        <ele>409.0</ele>
      </trkpt>
      <trkpt lat="44.165882854104495" lon="3.123698271811009">
        <ele>409.0</ele>
      </trkpt>
      <trkpt lat="44.16594346076334" lon="3.123896755066469">
        <ele>410.0</ele>
      </trkpt>
      <trkpt lat="44.16600406706499" lon="3.1240952387452134">
        <ele>410.0</ele>
      </trkpt>
      <trkpt lat="44.16607910370609" lon="3.124315179594071">
        <ele>410.0</ele>
      </trkpt>
      <trkpt lat="44.16615413990914" lon="3.1245351210236545">
        <ele>410.0</ele>
      </trkpt>
      <trkpt lat="44.16631864228538" lon="3.1247014175012757">
        <ele>410.0</ele>
      </trkpt>
      <trkpt lat="44.166483144423694" lon="3.124867714941502">
        <ele>411.0</ele>
      </trkpt>
      <trkpt lat="44.16657549620394" lon="3.124961592104486">
        <ele>411.0</ele>
      </trkpt>
      <trkpt lat="44.166667847908336" lon="3.1250554695725428">
        <ele>411.0</ele>
      </trkpt>
      <trkpt lat="44.166809261120456" lon="3.1252499292422997">
        <ele>411.0</ele>
      </trkpt>
      <trkpt lat="44.166950673998336" lon="3.125444389879704">
        <ele>411.0</ele>
      </trkpt>
      <trkpt lat="44.16706418878891" lon="3.1255503369241957">
        <ele>411.0</ele>
      </trkpt>
      <trkpt lat="44.167177703483915" lon="3.1256562843918814">
        <ele>411.0</ele>
      </trkpt>
      <trkpt lat="44.16730660958418" lon="3.125772960219407">
        <ele>412.0</ele>
      </trkpt>
      <trkpt lat="44.167435515569046" lon="3.1258896365761757">
        <ele>412.0</ele>
      </trkpt>
      <trkpt lat="44.167522093993945" lon="3.1260022891832">
        <ele>412.0</ele>
      </trkpt>
      <trkpt lat="44.16760867230709" lon="3.1261149421334284">
        <ele>412.0</ele>
      </trkpt>
      <trkpt lat="44.16773565356708" lon="3.1262745332132615">
        <ele>412.0</ele>
      </trkpt>
      <trkpt lat="44.167862634603345" lon="3.1264341250061993">
        <ele>412.0</ele>
      </trkpt>
      <trkpt lat="44.16802424640439" lon="3.1266138330101962">
        <ele>412.0</ele>
      </trkpt>
      <trkpt lat="44.16821856451032" lon="3.1267385553029703">
        <ele>412.0</ele>
      </trkpt>
      <trkpt lat="44.16841288249418" lon="3.126863278448581">
        <ele>412.0</ele>
      </trkpt>
      <trkpt lat="44.16856294907235" lon="3.12697727203073">
        <ele>412.0</ele>
      </trkpt>
      <trkpt lat="44.16871301554385" lon="3.12709126621485">
        <ele>412.0</ele>
      </trkpt>
      <trkpt lat="44.1688611575759" lon="3.1272468343377104">
        <ele>413.0</ele>
      </trkpt>
      <trkpt lat="44.1689506197729" lon="3.1273527814270308">
        <ele>413.0</ele>
      </trkpt>
      <trkpt lat="44.16904008187178" lon="3.127458728849887">
        <ele>413.0</ele>
      </trkpt>
      <trkpt lat="44.169222853223644" lon="3.1275861333683843">
        <ele>414.0</ele>
      </trkpt>
      <trkpt lat="44.16940562444506" lon="3.1277135387063035">
        <ele>414.0</ele>
      </trkpt>
      <trkpt lat="44.169605709383866" lon="3.127836025388888">
        <ele>414.0</ele>
      </trkpt>
      <trkpt lat="44.16980579420686" lon="3.1279585129338985">
        <ele>415.0</ele>
      </trkpt>
      <trkpt lat="44.17000587891404" lon="3.1280810013413434">
        <ele>415.0</ele>
      </trkpt>
      <trkpt lat="44.17016620192232" lon="3.1281927594197776">
        <ele>415.0</ele>
      </trkpt>
      <trkpt lat="44.17032652483017" lon="3.128304518128731">
        <ele>415.0</ele>
      </trkpt>
      <trkpt lat="44.170486847637626" lon="3.128416277468205">
        <ele>415.0</ele>
      </trkpt>
      <trkpt lat="44.17062023537787" lon="3.128513730604969">
        <ele>415.0</ele>
      </trkpt>
      <trkpt lat="44.170753623040845" lon="3.128611184199174">
        <ele>414.0</ele>
      </trkpt>
      <trkpt lat="44.17088701062655" lon="3.1287086382508265">
        <ele>414.0</ele>
      </trkpt>
      <trkpt lat="44.17103129934742" lon="3.128789104316985">
        <ele>414.0</ele>
      </trkpt>
      <trkpt lat="44.17117558802012" lon="3.12886957079172">
        <ele>413.0</ele>
      </trkpt>
      <trkpt lat="44.17136284138469" lon="3.1289562949783867">
        <ele>413.0</ele>
      </trkpt>
      <trkpt lat="44.171550094699064" lon="3.129043019736532">
        <ele>413.0</ele>
      </trkpt>
      <trkpt lat="44.171737347963166" lon="3.1291297450661646">
        <ele>413.0</ele>
      </trkpt>
      <trkpt lat="44.17190600271043" lon="3.129203952408476">
        <ele>413.0</ele>
      </trkpt>
      <trkpt lat="44.17207465742235" lon="3.1292781601912196">
        <ele>413.0</ele>
      </trkpt>
      <trkpt lat="44.172243312098935" lon="3.1293523684144025">
        <ele>413.0</ele>
      </trkpt>
      <trkpt lat="44.17242222587624" lon="3.1294205968914253">
        <ele>413.0</ele>
      </trkpt>
      <trkpt lat="44.17260113962783" lon="3.1294888257980342">
        <ele>413.0</ele>
      </trkpt>
      <trkpt lat="44.17278967153852" lon="3.129478096961975">
        <ele>413.0</ele>
      </trkpt>
      <trkpt lat="44.17293587954402" lon="3.129440881311894">
        <ele>413.0</ele>
      </trkpt>
      <trkpt lat="44.17309170609859" lon="3.1293573975563054">
        <ele>414.0</ele>
      </trkpt>
      <trkpt lat="44.17322059921239" lon="3.1293696351071807">
        <ele>414.0</ele>
      </trkpt>
      <trkpt lat="44.17334949233349" lon="3.1293818727135645">
        <ele>414.0</ele>
      </trkpt>
      <trkpt lat="44.173558541298334" lon="3.129436298804416">
        <ele>415.0</ele>
      </trkpt>
      <trkpt lat="44.17376759025897" lon="3.1294907252956747">
        <ele>415.0</ele>
      </trkpt>
      <trkpt lat="44.173976639215425" lon="3.1295451521873474">
        <ele>416.0</ele>
      </trkpt>
      <trkpt lat="44.17416901422268" lon="3.129574991762638">
        <ele>416.0</ele>
      </trkpt>
      <trkpt lat="44.174376778148684" lon="3.1295734830255832">
        <ele>416.0</ele>
      </trkpt>
      <trkpt lat="44.1745845420972" lon="3.1295719742774963">
        <ele>417.0</ele>
      </trkpt>
      <trkpt lat="44.174738440359725" lon="3.129573483015982">
        <ele>417.0</ele>
      </trkpt>
      <trkpt lat="44.17489233863458" lon="3.129574991762638">
        <ele>417.0</ele>
      </trkpt>
      <trkpt lat="44.1750885580888" lon="3.12963131815195">
        <ele>417.0</ele>
      </trkpt>
      <trkpt lat="44.17523668394103" lon="3.129706419808614">
        <ele>417.0</ele>
      </trkpt>
      <trkpt lat="44.175384809753275" lon="3.129781521856784">
        <ele>417.0</ele>
      </trkpt>
      <trkpt lat="44.17548388054465" lon="3.1298700345999695">
        <ele>416.0</ele>
      </trkpt>
      <trkpt lat="44.1755829512697" lon="3.129958547651767">
        <ele>416.0</ele>
      </trkpt>
      <trkpt lat="44.175676250656466" lon="3.1300604714269977">
        <ele>416.0</ele>
      </trkpt>
      <trkpt lat="44.1757695499531" lon="3.1301623955369">
        <ele>416.0</ele>
      </trkpt>
      <trkpt lat="44.17586862011352" lon="3.1302683426082893">
        <ele>416.0</ele>
      </trkpt>
      <trkpt lat="44.17596769017671" lon="3.1303742900490765">
        <ele>415.0</ele>
      </trkpt>
      <trkpt lat="44.17608407313569" lon="3.130481578189947">
        <ele>415.0</ele>
      </trkpt>
      <trkpt lat="44.1762004559968" lon="3.1305888667702675">
        <ele>415.0</ele>
      </trkpt>
      <trkpt lat="44.17638512905153" lon="3.130674697458745">
        <ele>415.0</ele>
      </trkpt>
      <trkpt lat="44.1764976638014" lon="3.1306921317828174">
        <ele>414.0</ele>
      </trkpt>
      <trkpt lat="44.17661019855509" lon="3.1307095661759394">
        <ele>414.0</ele>
      </trkpt>
      <trkpt lat="44.176833343104406" lon="3.13071090727518">
        <ele>414.0</ele>
      </trkpt>
      <trkpt lat="44.17705648767965" lon="3.130712248384952">
        <ele>413.0</ele>
      </trkpt>
      <trkpt lat="44.177270012349105" lon="3.13072163608123">
        <ele>414.0</ele>
      </trkpt>
      <trkpt lat="44.177483537041525" lon="3.130731023848056">
        <ele>414.0</ele>
      </trkpt>
      <trkpt lat="44.17770283145816" lon="3.1307387351989746">
        <ele>415.0</ele>
      </trkpt>
      <trkpt lat="44.17776054037944" lon="3.1308728456497197">
        <ele>415.0</ele>
      </trkpt>
      <trkpt lat="44.17779131844777" lon="3.1310766935348506">
        <ele>416.0</ele>
      </trkpt>
      <trkpt lat="44.177833638265454" lon="3.1312912702560425">
        <ele>417.0</ele>
      </trkpt>
      <trkpt lat="44.17788749980767" lon="3.1315809488296504">
        <ele>418.0</ele>
      </trkpt>
      <trkpt lat="44.17792981968785" lon="3.131760656699818">
        <ele>419.0</ele>
      </trkpt>
      <trkpt lat="44.17797213927462" lon="3.131940364837647">
        <ele>421.0</ele>
      </trkpt>
      <trkpt lat="44.17804138965722" lon="3.132213950157166">
        <ele>422.0</ele>
      </trkpt>
      <trkpt lat="44.17809525100965" lon="3.1324768066406254">
        <ele>423.0</ele>
      </trkpt>
      <trkpt lat="44.17812602890325" lon="3.132691383361816">
        <ele>423.0</ele>
      </trkpt>
      <trkpt lat="44.17816065401445" lon="3.1328469514846797">
        <ele>424.0</ele>
      </trkpt>
      <trkpt lat="44.178168348480824" lon="3.133077621459962">
        <ele>425.0</ele>
      </trkpt>
      <trkpt lat="44.17814526507872" lon="3.1332653760910043">
        <ele>426.0</ele>
      </trkpt>
      <trkpt lat="44.17812987613893" lon="3.1333726644515982">
        <ele>427.0</ele>
      </trkpt>
      <trkpt lat="44.17809909824734" lon="3.133463859558106">
        <ele>427.0</ele>
      </trkpt>
      <trkpt lat="44.17806351129014" lon="3.133589923381806">
        <ele>428.0</ele>
      </trkpt>
      <trkpt lat="44.178006764476194" lon="3.1338179111480726">
        <ele>429.0</ele>
      </trkpt>
      <trkpt lat="44.17795675028976" lon="3.1339681148529053">
        <ele>430.0</ele>
      </trkpt>
      <trkpt lat="44.17795482666634" lon="3.1341746449470516">
        <ele>431.0</ele>
      </trkpt>
      <trkpt lat="44.1779240486834" lon="3.1343583762645717">
        <ele>433.0</ele>
      </trkpt>
      <trkpt lat="44.177925972307705" lon="3.134536743164063">
        <ele>434.0</ele>
      </trkpt>
      <trkpt lat="44.178056778620174" lon="3.1345850229263306">
        <ele>435.0</ele>
      </trkpt>
      <trkpt lat="44.17820682079762" lon="3.134579658508301">
        <ele>437.0</ele>
      </trkpt>
      <trkpt lat="44.17834916815148" lon="3.1345582008361816">
        <ele>438.0</ele>
      </trkpt>
      <trkpt lat="44.1785184456385" lon="3.1345152854919434">
        <ele>440.0</ele>
      </trkpt>
      <trkpt lat="44.17864155623287" lon="3.134499192237854">
        <ele>441.0</ele>
      </trkpt>
      <trkpt lat="44.17877236095778" lon="3.1344187259674077">
        <ele>443.0</ele>
      </trkpt>
      <trkpt lat="44.17886469353006" lon="3.1343221664428715">
        <ele>445.0</ele>
      </trkpt>
      <trkpt lat="44.17894163722982" lon="3.134279251098633">
        <ele>446.0</ele>
      </trkpt>
      <trkpt lat="44.17899549775993" lon="3.134273886680603">
        <ele>447.0</ele>
      </trkpt>
      <trkpt lat="44.17916092622321" lon="3.1342738866806035">
        <ele>449.0</ele>
      </trkpt>
      <trkpt lat="44.17931865990724" lon="3.134327530860901">
        <ele>450.0</ele>
      </trkpt>
      <trkpt lat="44.17944561598054" lon="3.1343597173690787">
        <ele>451.0</ele>
      </trkpt>
      <trkpt lat="44.17958411320327" lon="3.13436508178711">
        <ele>453.0</ele>
      </trkpt>
      <trkpt lat="44.179711068705" lon="3.1344294548034672">
        <ele>454.0</ele>
      </trkpt>
      <trkpt lat="44.17984187105722" lon="3.1345045566558833">
        <ele>455.0</ele>
      </trkpt>
      <trkpt lat="44.17999960291948" lon="3.134633302688598">
        <ele>456.0</ele>
      </trkpt>
      <trkpt lat="44.180111169103945" lon="3.1347459554672255">
        <ele>457.0</ele>
      </trkpt>
      <trkpt lat="44.18024581766605" lon="3.134896159172058">
        <ele>458.0</ele>
      </trkpt>
      <trkpt lat="44.18037661883192" lon="3.1350034475326534">
        <ele>459.0</ele>
      </trkpt>
      <trkpt lat="44.180503572627174" lon="3.1351107358932486">
        <ele>459.0</ele>
      </trkpt>
      <trkpt lat="44.18059205541373" lon="3.135196566581728">
        <ele>460.0</ele>
      </trkpt>
      <trkpt lat="44.180692079273435" lon="3.1353253126144405">
        <ele>460.0</ele>
      </trkpt>
      <trkpt lat="44.180876738260984" lon="3.1355023384094234">
        <ele>460.0</ele>
      </trkpt>
      <trkpt lat="44.180910399993" lon="3.1354822218418126">
        <ele>460.0</ele>
      </trkpt>
      <trkpt lat="44.180953679334856" lon="3.1354958843439817">
        <ele>460.0</ele>
      </trkpt>
      <trkpt lat="44.1810421614459" lon="3.1355495285242787">
        <ele>459.0</ele>
      </trkpt>
      <trkpt lat="44.181138337502894" lon="3.135613901540637">
        <ele>459.0</ele>
      </trkpt>
      <trkpt lat="44.181276830749475" lon="3.135726554319262">
        <ele>458.0</ele>
      </trkpt>
      <trkpt lat="44.18146533492338" lon="3.135849935933947">
        <ele>458.0</ele>
      </trkpt>
      <trkpt lat="44.18158843936465" lon="3.1359143089503054">
        <ele>457.0</ele>
      </trkpt>
      <trkpt lat="44.18169230853711" lon="3.1359143089503045">
        <ele>457.0</ele>
      </trkpt>
      <trkpt lat="44.18183464747612" lon="3.135876758024096">
        <ele>456.0</ele>
      </trkpt>
      <trkpt lat="44.182015455903176" lon="3.1358016561716786">
        <ele>456.0</ele>
      </trkpt>
      <trkpt lat="44.182146253143074" lon="3.135796291753649">
        <ele>456.0</ele>
      </trkpt>
      <trkpt lat="44.18225396829917" lon="3.135833842679858">
        <ele>455.0</ele>
      </trkpt>
      <trkpt lat="44.18236553021771" lon="3.135919673368335">
        <ele>455.0</ele>
      </trkpt>
      <trkpt lat="44.18245401020985" lon="3.136021597310899">
        <ele>455.0</ele>
      </trkpt>
      <trkpt lat="44.182534796173684" lon="3.136096699163316">
        <ele>454.0</ele>
      </trkpt>
      <trkpt lat="44.18260788814079" lon="3.1360645126551394">
        <ele>454.0</ele>
      </trkpt>
      <trkpt lat="44.182677133078656" lon="3.135994775220752">
        <ele>454.0</ele>
      </trkpt>
      <trkpt lat="44.1827733064686" lon="3.1359035801142454">
        <ele>453.0</ele>
      </trkpt>
      <trkpt lat="44.18289640817875" lon="3.1358392070978884">
        <ele>452.0</ele>
      </trkpt>
      <trkpt lat="44.18289810673024" lon="3.1358383457982617">
        <ele>452.0</ele>
      </trkpt>
      <trkpt lat="44.1830656726105" lon="3.135753376409412">
        <ele>451.0</ele>
      </trkpt>
      <trkpt lat="44.18322339584812" lon="3.135699732229114">
        <ele>450.0</ele>
      </trkpt>
      <trkpt lat="44.183373424877715" lon="3.1356460880488153">
        <ele>449.0</ele>
      </trkpt>
      <trkpt lat="44.183511912873755" lon="3.1356085371226072">
        <ele>448.0</ele>
      </trkpt>
      <trkpt lat="44.18363501304162" lon="3.135667545720934">
        <ele>447.0</ele>
      </trkpt>
      <trkpt lat="44.18378119415709" lon="3.1357748340815297">
        <ele>447.0</ele>
      </trkpt>
      <trkpt lat="44.183877365745936" lon="3.1358553003519773">
        <ele>446.0</ele>
      </trkpt>
      <trkpt lat="44.183977384031884" lon="3.1359250377863654">
        <ele>446.0</ele>
      </trkpt>
      <trkpt lat="44.184081248995376" lon="3.1360645126551385">
        <ele>445.0</ele>
      </trkpt>
      <trkpt lat="44.18418126693541" lon="3.136230809614062">
        <ele>445.0</ele>
      </trkpt>
      <trkpt lat="44.18430821253799" lon="3.1364078354090448">
        <ele>445.0</ele>
      </trkpt>
      <trkpt lat="44.184408230092956" lon="3.136574132367968">
        <ele>444.0</ele>
      </trkpt>
      <trkpt lat="44.18454286884124" lon="3.1367189716547723">
        <ele>444.0</ele>
      </trkpt>
      <trkpt lat="44.18464288599809" lon="3.136847717687487">
        <ele>444.0</ele>
      </trkpt>
      <trkpt lat="44.184746749789035" lon="3.1369442772120237">
        <ele>444.0</ele>
      </trkpt>
      <trkpt lat="44.18480829861582" lon="3.137056929990649">
        <ele>444.0</ele>
      </trkpt>
      <trkpt lat="44.18481214541555" lon="3.1371599435806283">
        <ele>443.0</ele>
      </trkpt>
      <trkpt lat="44.184800605016" lon="3.1372607778757806">
        <ele>443.0</ele>
      </trkpt>
      <trkpt lat="44.1847852178135" lon="3.1374254822731027">
        <ele>443.0</ele>
      </trkpt>
      <trkpt lat="44.184808298616005" lon="3.1375810503959656">
        <ele>443.0</ele>
      </trkpt>
      <trkpt lat="44.184835226207326" lon="3.1376792024821043">
        <ele>443.0</ele>
      </trkpt>
      <trkpt lat="44.184866000582595" lon="3.1378186773508783">
        <ele>443.0</ele>
      </trkpt>
      <trkpt lat="44.18488138776418" lon="3.13803325407207">
        <ele>443.0</ele>
      </trkpt>
      <trkpt lat="44.18492370249288" lon="3.1382263731211424">
        <ele>443.0</ele>
      </trkpt>
      <trkpt lat="44.18493524286817" lon="3.138371212407947">
        <ele>443.0</ele>
      </trkpt>
      <trkpt lat="44.18495447682213" lon="3.138581514358521">
        <ele>443.0</ele>
      </trkpt>
      <trkpt lat="44.184975634164026" lon="3.1387317180633545">
        <ele>443.0</ele>
      </trkpt>
      <trkpt lat="44.18499486810463" lon="3.1388470530509958">
        <ele>442.0</ele>
      </trkpt>
      <trkpt lat="44.18504679971291" lon="3.138879239559174">
        <ele>442.0</ele>
      </trkpt>
      <trkpt lat="44.18513527568068" lon="3.1389076542109247">
        <ele>441.0</ele>
      </trkpt>
      <trkpt lat="44.18526991276847" lon="3.1389934848994017">
        <ele>440.0</ele>
      </trkpt>
      <trkpt lat="44.18543917038537" lon="3.1391275953501454">
        <ele>439.0</ele>
      </trkpt>
      <trkpt lat="44.185569960029255" lon="3.1391973327845335">
        <ele>438.0</ele>
      </trkpt>
      <trkpt lat="44.18570844286532" lon="3.1392724346369505">
        <ele>437.0</ele>
      </trkpt>
      <trkpt lat="44.18588154595286" lon="3.1393689941614866">
        <ele>435.0</ele>
      </trkpt>
      <trkpt lat="44.1860469550949" lon="3.139465553686022">
        <ele>433.0</ele>
      </trkpt>
      <trkpt lat="44.18612773613514" lon="3.139551384374499">
        <ele>432.0</ele>
      </trkpt>
      <trkpt lat="44.18620851706466" lon="3.139690859243273">
        <ele>430.0</ele>
      </trkpt>
      <trkpt lat="44.18632776490116" lon="3.139841062948108">
        <ele>429.0</ele>
      </trkpt>
      <trkpt lat="44.1864239323355" lon="3.139916164800524">
        <ele>428.0</ele>
      </trkpt>
      <trkpt lat="44.186523946300795" lon="3.139980537816882">
        <ele>426.0</ele>
      </trkpt>
      <trkpt lat="44.186620113415074" lon="3.1400502752512693">
        <ele>425.0</ele>
      </trkpt>
      <trkpt lat="44.18668935364023" lon="3.140152199193835">
        <ele>424.0</ele>
      </trkpt>
      <trkpt lat="44.18672397372234" lon="3.140318496152759">
        <ele>423.0</ele>
      </trkpt>
      <trkpt lat="44.18678552048468" lon="3.140468699857592">
        <ele>422.0</ele>
      </trkpt>
      <trkpt lat="44.186866300512776" lon="3.140581352636219">
        <ele>420.0</ele>
      </trkpt>
      <trkpt lat="44.186977853702885" lon="3.140683276578783">
        <ele>419.0</ele>
      </trkpt>
      <trkpt lat="44.187112486582265" lon="3.1408281158655895">
        <ele>417.0</ele>
      </trkpt>
      <trkpt lat="44.18722403930646" lon="3.1409675907343626">
        <ele>416.0</ele>
      </trkpt>
      <trkpt lat="44.18733174518471" lon="3.1410909723490494">
        <ele>414.0</ele>
      </trkpt>
      <trkpt lat="44.18745868400285" lon="3.141241176053882">
        <ele>412.0</ele>
      </trkpt>
      <trkpt lat="44.187535616486834" lon="3.141300184652209">
        <ele>411.0</ele>
      </trkpt>
      <trkpt lat="44.18765101502459" lon="3.141396744176745">
        <ele>409.0</ele>
      </trkpt>
      <trkpt lat="44.18776641333639" lon="3.141391379758716">
        <ele>407.0</ele>
      </trkpt>
      <trkpt lat="44.18784334541874" lon="3.1414074730128054">
        <ele>406.0</ele>
      </trkpt>
      <trkpt lat="44.18795105016537" lon="3.141541583463551">
        <ele>405.0</ele>
      </trkpt>
      <trkpt lat="44.18799720928224" lon="3.1416166853159666">
        <ele>403.0</ele>
      </trkpt>
      <trkpt lat="44.188035675185375" lon="3.1417776178568597">
        <ele>402.0</ele>
      </trkpt>
      <trkpt lat="44.18807798764982" lon="3.1419224571436644">
        <ele>401.0</ele>
      </trkpt>
      <trkpt lat="44.18812414666729" lon="3.1420351099222903">
        <ele>400.0</ele>
      </trkpt>
      <trkpt lat="44.18815173666069" lon="3.142132781705664">
        <ele>399.0</ele>
      </trkpt>
      <trkpt lat="44.18819915499357" lon="3.1420952081680302">
        <ele>398.0</ele>
      </trkpt>
      <trkpt lat="44.18824146734066" lon="3.1419155001640324">
        <ele>397.0</ele>
      </trkpt>
      <trkpt lat="44.18829916594681" lon="3.141674101352692">
        <ele>395.0</ele>
      </trkpt>
      <trkpt lat="44.18838956031621" lon="3.141612745821477">
        <ele>394.0</ele>
      </trkpt>
      <trkpt lat="44.188442450692804" lon="3.1417897714516663">
        <ele>393.0</ele>
      </trkpt>
      <trkpt lat="44.18849534078528" lon="3.141966797411442">
        <ele>392.0</ele>
      </trkpt>
      <trkpt lat="44.18849534945454" lon="3.14196682755149">
        <ele>391.0</ele>
      </trkpt>
      <trkpt lat="44.188563617385014" lon="3.1422041726240035">
        <ele>390.0</ele>
      </trkpt>
      <trkpt lat="44.18863189347373" lon="3.1424415484070773">
        <ele>389.0</ele>
      </trkpt>
      <trkpt lat="44.18870209324383" lon="3.1427044045657624">
        <ele>388.0</ele>
      </trkpt>
      <trkpt lat="44.18877229238688" lon="3.1429672613739967">
        <ele>388.0</ele>
      </trkpt>
      <trkpt lat="44.18882422099549" lon="3.143170214818468">
        <ele>388.0</ele>
      </trkpt>
      <trkpt lat="44.188876149230175" lon="3.1433731686339286">
        <ele>387.0</ele>
      </trkpt>
      <trkpt lat="44.1889280770909" lon="3.1435761228203773">
        <ele>387.0</ele>
      </trkpt>
      <trkpt lat="44.1889771204895" lon="3.1437704151681816">
        <ele>387.0</ele>
      </trkpt>
      <trkpt lat="44.18902616354536" lon="3.143964707851411">
        <ele>388.0</ele>
      </trkpt>
      <trkpt lat="44.18904924268734" lon="3.1440961360931396">
        <ele>388.0</ele>
      </trkpt>
      <trkpt lat="44.18907424508057" lon="3.144282801076768">
        <ele>388.0</ele>
      </trkpt>
      <trkpt lat="44.1890857846433" lon="3.1444222759455434">
        <ele>388.0</ele>
      </trkpt>
      <trkpt lat="44.189093477684146" lon="3.1444796919822693">
        <ele>389.0</ele>
      </trkpt>
      <trkpt lat="44.18909540094403" lon="3.144699633121491">
        <ele>389.0</ele>
      </trkpt>
      <trkpt lat="44.18908193812286" lon="3.1449759006500244">
        <ele>390.0</ele>
      </trkpt>
      <trkpt lat="44.18906462890843" lon="3.145147562079276">
        <ele>390.0</ele>
      </trkpt>
      <trkpt lat="44.18904731942569" lon="3.145319223403932">
        <ele>390.0</ele>
      </trkpt>
      <trkpt lat="44.18900500765706" lon="3.145624995231629">
        <ele>391.0</ele>
      </trkpt>
      <trkpt lat="44.18896269585811" lon="3.145928084850311">
        <ele>391.0</ele>
      </trkpt>
      <trkpt lat="44.1889386551918" lon="3.146107792930349">
        <ele>391.0</ele>
      </trkpt>
      <trkpt lat="44.18891461423147" lon="3.1462875008583073">
        <ele>391.0</ele>
      </trkpt>
      <trkpt lat="44.18888961177017" lon="3.1465020775794983">
        <ele>391.0</ele>
      </trkpt>
      <trkpt lat="44.188891535036795" lon="3.1467756628990173">
        <ele>391.0</ele>
      </trkpt>
      <trkpt lat="44.188908844433264" lon="3.147033490240572">
        <ele>390.0</ele>
      </trkpt>
      <trkpt lat="44.18892038414521" lon="3.1471944227487794">
        <ele>390.0</ele>
      </trkpt>
      <trkpt lat="44.18893192362122" lon="3.14735535532236">
        <ele>390.0</ele>
      </trkpt>
      <trkpt lat="44.18892807721639" lon="3.1475216522925424">
        <ele>389.0</ele>
      </trkpt>
      <trkpt lat="44.18892423055956" lon="3.1476879492402063">
        <ele>389.0</ele>
      </trkpt>
      <trkpt lat="44.1888857652363" lon="3.1479695811867705">
        <ele>388.0</ele>
      </trkpt>
      <trkpt lat="44.18881075778379" lon="3.1482163444161424">
        <ele>388.0</ele>
      </trkpt>
      <trkpt lat="44.188733058573405" lon="3.1484652547743286">
        <ele>387.0</ele>
      </trkpt>
      <trkpt lat="44.18865535880158" lon="3.1487141644517136">
        <ele>387.0</ele>
      </trkpt>
      <trkpt lat="44.18857765846832" lon="3.148963073448298">
        <ele>387.0</ele>
      </trkpt>
      <trkpt lat="44.188499957573626" lon="3.149211981764077">
        <ele>387.0</ele>
      </trkpt>
      <trkpt lat="44.188422256117484" lon="3.149460889399051">
        <ele>388.0</ele>
      </trkpt>
      <trkpt lat="44.188334426698624" lon="3.149729111129801">
        <ele>388.0</ele>
      </trkpt>
      <trkpt lat="44.18824659662821" lon="3.1499973320312926">
        <ele>389.0</ele>
      </trkpt>
      <trkpt lat="44.188158765906195" lon="3.1502655521035203">
        <ele>390.0</ele>
      </trkpt>
      <trkpt lat="44.18807221805191" lon="3.1505418200528874">
        <ele>392.0</ele>
      </trkpt>
      <trkpt lat="44.187985669506006" lon="3.150818087160586">
        <ele>393.0</ele>
      </trkpt>
      <trkpt lat="44.18788181142195" lon="3.1510648503899565">
        <ele>395.0</ele>
      </trkpt>
      <trkpt lat="44.18780295608763" lon="3.151201643049718">
        <ele>398.0</ele>
      </trkpt>
      <trkpt lat="44.18771256081855" lon="3.151343800127505">
        <ele>400.0</ele>
      </trkpt>
      <trkpt lat="44.187626973664045" lon="3.151445724223605">
        <ele>402.0</ele>
      </trkpt>
      <trkpt lat="44.18754138641868" lon="3.151547648012637">
        <ele>404.0</ele>
      </trkpt>
      <trkpt lat="44.18741637109348" lon="3.151630796492099">
        <ele>405.0</ele>
      </trkpt>
      <trkpt lat="44.18731251200619" lon="3.151727356016634">
        <ele>406.0</ele>
      </trkpt>
      <trkpt lat="44.18723750255162" lon="3.1518319621682167">
        <ele>407.0</ele>
      </trkpt>
      <trkpt lat="44.18717787958373" lon="3.1519875302910805">
        <ele>408.0</ele>
      </trkpt>
      <trkpt lat="44.18714133644455" lon="3.1521618738770485">
        <ele>408.0</ele>
      </trkpt>
      <trkpt lat="44.18713171982521" lon="3.1523844972252837">
        <ele>408.0</ele>
      </trkpt>
      <trkpt lat="44.18713652829094" lon="3.1525695696316487">
        <ele>407.0</ele>
      </trkpt>
      <trkpt lat="44.18714133644455" lon="3.152754642069338">
        <ele>407.0</ele>
      </trkpt>
      <trkpt lat="44.187169224902426" lon="3.1530014051775885">
        <ele>407.0</ele>
      </trkpt>
      <trkpt lat="44.187197112805805" lon="3.1532481685280795">
        <ele>406.0</ele>
      </trkpt>
      <trkpt lat="44.18721538460043" lon="3.1534788384291814">
        <ele>406.0</ele>
      </trkpt>
      <trkpt lat="44.187233655910354" lon="3.1537095084786424">
        <ele>405.0</ele>
      </trkpt>
      <trkpt lat="44.18726442903347" lon="3.1539509072899814">
        <ele>405.0</ele>
      </trkpt>
      <trkpt lat="44.18728366234207" lon="3.154111839776398">
        <ele>404.0</ele>
      </trkpt>
      <trkpt lat="44.18730289541482" lon="3.154272772371767">
        <ele>404.0</ele>
      </trkpt>
      <trkpt lat="44.18732597544197" lon="3.1544900312137214">
        <ele>405.0</ele>
      </trkpt>
      <trkpt lat="44.18734905503928" lon="3.1547072902321798">
        <ele>405.0</ele>
      </trkpt>
      <trkpt lat="44.18739521462755" lon="3.1549594178795792">
        <ele>406.0</ele>
      </trkpt>
      <trkpt lat="44.187420217919325" lon="3.1551699711945917">
        <ele>406.0</ele>
      </trkpt>
      <trkpt lat="44.18744522080744" lon="3.155380524694917">
        <ele>406.0</ele>
      </trkpt>
      <trkpt lat="44.18747407060652" lon="3.1555334105311363">
        <ele>405.0</ele>
      </trkpt>
      <trkpt lat="44.18750292019302" lon="3.1556862965226173">
        <ele>405.0</ele>
      </trkpt>
      <trkpt lat="44.1875461947988" lon="3.1558485700444234">
        <ele>405.0</ele>
      </trkpt>
      <trkpt lat="44.18758946916557" lon="3.156010843813419">
        <ele>404.0</ele>
      </trkpt>
      <trkpt lat="44.187658708433226" lon="3.1562321257874855">
        <ele>404.0</ele>
      </trkpt>
      <trkpt lat="44.18772794725719" lon="3.156453408300875">
        <ele>403.0</ele>
      </trkpt>
      <trkpt lat="44.1878164192668" lon="3.1566250694105276">
        <ele>401.0</ele>
      </trkpt>
      <trkpt lat="44.187904891011954" lon="3.156796731054782">
        <ele>400.0</ele>
      </trkpt>
      <trkpt lat="44.18798182300034" lon="3.1569710744046824">
        <ele>398.0</ele>
      </trkpt>
      <trkpt lat="44.188058754714795" lon="3.157145418226717">
        <ele>397.0</ele>
      </trkpt>
      <trkpt lat="44.18814530287116" lon="3.157341219484806">
        <ele>396.0</ele>
      </trkpt>
      <trkpt lat="44.188266470076506" lon="3.1575987115502375">
        <ele>395.0</ele>
      </trkpt>
      <trkpt lat="44.188341478246485" lon="3.157726116310245">
        <ele>394.0</ele>
      </trkpt>
      <trkpt lat="44.18841648627145" lon="3.157853521406649">
        <ele>393.0</ele>
      </trkpt>
      <trkpt lat="44.18852130500166" lon="3.157952762957113">
        <ele>393.0</ele>
      </trkpt>
      <trkpt lat="44.188626123647786" lon="3.158052004873752">
        <ele>392.0</ele>
      </trkpt>
      <trkpt lat="44.188809795917685" lon="3.1581700216888855">
        <ele>392.0</ele>
      </trkpt>
      <trkpt lat="44.18899346807813" lon="3.1582880392670614">
        <ele>392.0</ele>
      </trkpt>
      <trkpt lat="44.1891473287823" lon="3.1583926451353608">
        <ele>391.0</ele>
      </trkpt>
      <trkpt lat="44.18930118939902" lon="3.1584972515702217">
        <ele>391.0</ele>
      </trkpt>
      <trkpt lat="44.18947332011511" lon="3.1586139273088816">
        <ele>391.0</ele>
      </trkpt>
      <trkpt lat="44.189645450722516" lon="3.1587306037545195">
        <ele>391.0</ele>
      </trkpt>
      <trkpt lat="44.1898531604927" lon="3.1588298454880706">
        <ele>392.0</ele>
      </trkpt>
      <trkpt lat="44.18999868478017" lon="3.1588951122397533">
        <ele>393.0</ele>
      </trkpt>
      <trkpt lat="44.19014420903977" lon="3.1589603793257814">
        <ele>394.0</ele>
      </trkpt>
      <trkpt lat="44.19028973327152" lon="3.15902564674616">
        <ele>395.0</ele>
      </trkpt>
      <trkpt lat="44.19050256859907" lon="3.159098959909944">
        <ele>397.0</ele>
      </trkpt>
      <trkpt lat="44.19071540390105" lon="3.159172273623015">
        <ele>399.0</ele>
      </trkpt>
      <trkpt lat="44.190928239177495" lon="3.159245587885379">
        <ele>401.0</ele>
      </trkpt>
      <trkpt lat="44.1910628628884" lon="3.1592992319385633">
        <ele>404.0</ele>
      </trkpt>
      <trkpt lat="44.19119748658245" lon="3.1593528762459737">
        <ele>406.0</ele>
      </trkpt>
      <trkpt lat="44.19131383942712" lon="3.159366287263583">
        <ele>408.0</ele>
      </trkpt>
      <trkpt lat="44.19143019227715" lon="3.159379698336124">
        <ele>411.0</ele>
      </trkpt>
      <trkpt lat="44.19164174172048" lon="3.1593716517390416">
        <ele>413.0</ele>
      </trkpt>
      <trkpt lat="44.191853291186355" lon="3.1593636050820337">
        <ele>414.0</ele>
      </trkpt>
      <trkpt lat="44.19206483911425" lon="3.1593354419922473">
        <ele>416.0</ele>
      </trkpt>
      <trkpt lat="44.19227638705805" lon="3.1593072786927228">
        <ele>418.0</ele>
      </trkpt>
      <trkpt lat="44.192426392673866" lon="3.159259893250358">
        <ele>419.0</ele>
      </trkpt>
      <trkpt lat="44.192576398280856" lon="3.1592125075577613">
        <ele>421.0</ele>
      </trkpt>
      <trkpt lat="44.19272640387903" lon="3.1591651216149343">
        <ele>422.0</ele>
      </trkpt>
      <trkpt lat="44.192878331483335" lon="3.159109689591769">
        <ele>423.0</ele>
      </trkpt>
      <trkpt lat="44.19303025907158" lon="3.1590542572721265">
        <ele>425.0</ele>
      </trkpt>
      <trkpt lat="44.19318218664372" lon="3.158998824656009">
        <ele>426.0</ele>
      </trkpt>
      <trkpt lat="44.193342446576246" lon="3.1589246172919285">
        <ele>427.0</ele>
      </trkpt>
      <trkpt lat="44.19350270647187" lon="3.1588504095091854">
        <ele>428.0</ele>
      </trkpt>
      <trkpt lat="44.19366296633056" lon="3.1587762013077723">
        <ele>429.0</ele>
      </trkpt>
      <trkpt lat="44.19381008397123" lon="3.1586957352456992">
        <ele>429.0</ele>
      </trkpt>
      <trkpt lat="44.193957201564075" lon="3.158615268766878">
        <ele>429.0</ele>
      </trkpt>
      <trkpt lat="44.19415720350062" lon="3.158474453289337">
        <ele>428.0</ele>
      </trkpt>
      <trkpt lat="44.194357205277136" lon="3.1583336368203137">
        <ele>428.0</ele>
      </trkpt>
      <trkpt lat="44.19449374426637" lon="3.1582343953252816">
        <ele>427.0</ele>
      </trkpt>
      <trkpt lat="44.19463028317548" lon="3.1581351533532125">
        <ele>427.0</ele>
      </trkpt>
      <trkpt lat="44.194792782982304" lon="3.1580225008968204">
        <ele>426.0</ele>
      </trkpt>
      <trkpt lat="44.194955282687104" lon="3.1579098477959633">
        <ele>425.0</ele>
      </trkpt>
      <trkpt lat="44.19506778199666" lon="3.157870955842264">
        <ele>424.0</ele>
      </trkpt>
      <trkpt lat="44.19518028129898" lon="3.1578320637345305">
        <ele>423.0</ele>
      </trkpt>
      <trkpt lat="44.19529566475402" lon="3.1578159705131297">
        <ele>422.0</ele>
      </trkpt>
      <trkpt lat="44.195411048213586" lon="3.1577998772263545">
        <ele>422.0</ele>
      </trkpt>
      <trkpt lat="44.19562066071111" lon="3.157786466181277">
        <ele>422.0</ele>
      </trkpt>
      <trkpt lat="44.19580911901732" lon="3.1577355042099957">
        <ele>423.0</ele>
      </trkpt>
      <trkpt lat="44.19592546277237" lon="3.1576764957325154">
        <ele>423.0</ele>
      </trkpt>
      <trkpt lat="44.19604180650267" lon="3.1576174870133387">
        <ele>423.0</ele>
      </trkpt>
      <trkpt lat="44.19616103433957" lon="3.1575531141320856">
        <ele>422.0</ele>
      </trkpt>
      <trkpt lat="44.19628026214603" lon="3.157488740980628">
        <ele>421.0</ele>
      </trkpt>
      <trkpt lat="44.19644179606585" lon="3.1574458256363855">
        <ele>420.0</ele>
      </trkpt>
      <trkpt lat="44.19665332791019" lon="3.157448507845401">
        <ele>418.0</ele>
      </trkpt>
      <trkpt lat="44.19687447402651" lon="3.157491423189641">
        <ele>416.0</ele>
      </trkpt>
      <trkpt lat="44.19700523829614" lon="3.157558478415012">
        <ele>413.0</ele>
      </trkpt>
      <trkpt lat="44.19718215419896" lon="3.1576416268944736">
        <ele>411.0</ele>
      </trkpt>
      <trkpt lat="44.19728503432456" lon="3.15770599979425">
        <ele>408.0</ele>
      </trkpt>
      <trkpt lat="44.19738791441784" lon="3.157770372927187">
        <ele>405.0</ele>
      </trkpt>
      <trkpt lat="44.19750906262192" lon="3.1578964367508884">
        <ele>402.0</ele>
      </trkpt>
      <trkpt lat="44.19761963416669" lon="3.1580412757557723">
        <ele>399.0</ele>
      </trkpt>
      <trkpt lat="44.19773020552662" lon="3.158186115324496">
        <ele>397.0</ele>
      </trkpt>
      <trkpt lat="44.19788500505853" lon="3.1583966681584084">
        <ele>395.0</ele>
      </trkpt>
      <trkpt lat="44.198039804198864" lon="3.158607222139835">
        <ele>393.0</ele>
      </trkpt>
      <trkpt lat="44.19818883403083" lon="3.1588110694901834">
        <ele>392.0</ele>
      </trkpt>
      <trkpt lat="44.19833786349559" lon="3.159014917910099">
        <ele>391.0</ele>
      </trkpt>
      <trkpt lat="44.198472470425614" lon="3.1592509523034096">
        <ele>391.0</ele>
      </trkpt>
      <trkpt lat="44.19859938524948" lon="3.1594843044877043">
        <ele>390.0</ele>
      </trkpt>
      <trkpt lat="44.1986782261388" lon="3.1596988812088975">
        <ele>390.0</ele>
      </trkpt>
      <trkpt lat="44.19872341548354" lon="3.1598611547252102">
        <ele>389.0</ele>
      </trkpt>
      <trkpt lat="44.198768604589425" lon="3.1600234284996986">
        <ele>389.0</ele>
      </trkpt>
      <trkpt lat="44.19882917755153" lon="3.160271532569022">
        <ele>389.0</ele>
      </trkpt>
      <trkpt lat="44.198889749954716" lon="3.1605196371674547">
        <ele>389.0</ele>
      </trkpt>
      <trkpt lat="44.198939746710316" lon="3.160721696557567">
        <ele>390.0</ele>
      </trkpt>
      <trkpt lat="44.1989897430952" lon="3.160923756303355">
        <ele>390.0</ele>
      </trkpt>
      <trkpt lat="44.199039739109416" lon="3.1611258164048177">
        <ele>390.0</ele>
      </trkpt>
      <trkpt lat="44.199078197926845" lon="3.1612974776655522">
        <ele>391.0</ele>
      </trkpt>
      <trkpt lat="44.19911665647657" lon="3.1614691391587235">
        <ele>391.0</ele>
      </trkpt>
      <trkpt lat="44.19916761432419" lon="3.1616622580345606">
        <ele>391.0</ele>
      </trkpt>
      <trkpt lat="44.199218571833384" lon="3.1618553772568725">
        <ele>391.0</ele>
      </trkpt>
      <trkpt lat="44.19926087646873" lon="3.16207263602528">
        <ele>391.0</ele>
      </trkpt>
      <trkpt lat="44.199303180674946" lon="3.1622898951172806">
        <ele>391.0</ele>
      </trkpt>
      <trkpt lat="44.19933490908887" lon="3.1624642386058723">
        <ele>391.0</ele>
      </trkpt>
      <trkpt lat="44.199366637226376" lon="3.1626385822892176">
        <ele>391.0</ele>
      </trkpt>
      <trkpt lat="44.19939548128811" lon="3.162850476693801">
        <ele>391.0</ele>
      </trkpt>
      <trkpt lat="44.19942432494119" lon="3.16306237131357">
        <ele>391.0</ele>
      </trkpt>
      <trkpt lat="44.19946855308274" lon="3.16333059158857">
        <ele>391.0</ele>
      </trkpt>
      <trkpt lat="44.199512780569854" lon="3.1635988122812333">
        <ele>390.0</ele>
      </trkpt>
      <trkpt lat="44.19955700740253" lon="3.163867033391555">
        <ele>390.0</ele>
      </trkpt>
      <trkpt lat="44.199601233580765" lon="3.1641352549195276">
        <ele>389.0</ele>
      </trkpt>
      <trkpt lat="44.19962430876124" lon="3.16433642051393">
        <ele>388.0</ele>
      </trkpt>
      <trkpt lat="44.1996473835733" lon="3.164537586271763">
        <ele>387.0</ele>
      </trkpt>
      <trkpt lat="44.19968199639826" lon="3.164820559150413">
        <ele>387.0</ele>
      </trkpt>
      <trkpt lat="44.19971660849435" lon="3.1651035323739043">
        <ele>386.0</ele>
      </trkpt>
      <trkpt lat="44.19975891288151" lon="3.1653704119721358">
        <ele>385.0</ele>
      </trkpt>
      <trkpt lat="44.19980121662068" lon="3.1656372919678684">
        <ele>384.0</ele>
      </trkpt>
      <trkpt lat="44.199832624586115" lon="3.165859915069928">
        <ele>384.0</ele>
      </trkpt>
      <trkpt lat="44.199864032100514" lon="3.1660825384181654">
        <ele>383.0</ele>
      </trkpt>
      <trkpt lat="44.19989543916389" lon="3.1663051620125775">
        <ele>382.0</ele>
      </trkpt>
      <trkpt lat="44.19993485905256" lon="3.1665666772100507">
        <ele>382.0</ele>
      </trkpt>
      <trkpt lat="44.199974278318955" lon="3.1668281927704784">
        <ele>382.0</ele>
      </trkpt>
      <trkpt lat="44.20002235127769" lon="3.167115188892196">
        <ele>381.0</ele>
      </trkpt>
      <trkpt lat="44.200070423487205" lon="3.167402185499668">
        <ele>381.0</ele>
      </trkpt>
      <trkpt lat="44.200094780802914" lon="3.1676534188619487">
        <ele>381.0</ele>
      </trkpt>
      <trkpt lat="44.20011913754388" lon="3.1679046524396774">
        <ele>381.0</ele>
      </trkpt>
      <trkpt lat="44.2001434937101" lon="3.168155886232852">
        <ele>382.0</ele>
      </trkpt>
      <trkpt lat="44.20015503125584" lon="3.168338276408822">
        <ele>383.0</ele>
      </trkpt>
      <trkpt lat="44.20016656849858" lon="3.1685206666588788">
        <ele>384.0</ele>
      </trkpt>
      <trkpt lat="44.20015310835861" lon="3.168704398019935">
        <ele>384.0</ele>
      </trkpt>
      <trkpt lat="44.200139647911215" lon="3.1688881292939177">
        <ele>385.0</ele>
      </trkpt>
      <trkpt lat="44.20013003367736" lon="3.1691295281461147">
        <ele>386.0</ele>
      </trkpt>
      <trkpt lat="44.20012041891267" lon="3.1693709269165975">
        <ele>387.0</ele>
      </trkpt>
      <trkpt lat="44.20010503570936" lon="3.16966865211725">
        <ele>388.0</ele>
      </trkpt>
      <trkpt lat="44.200081961024345" lon="3.169838972458882">
        <ele>388.0</ele>
      </trkpt>
      <trkpt lat="44.20005888607531" lon="3.170009292662143">
        <ele>389.0</ele>
      </trkpt>
      <trkpt lat="44.199993507365086" lon="3.170242644846438">
        <ele>389.0</ele>
      </trkpt>
      <trkpt lat="44.19995216505138" lon="3.170429058508643">
        <ele>389.0</ele>
      </trkpt>
      <trkpt lat="44.19991082242195" lon="3.1706154718995085">
        <ele>390.0</ele>
      </trkpt>
      <trkpt lat="44.19986082715346" lon="3.170819320143463">
        <ele>390.0</ele>
      </trkpt>
      <trkpt lat="44.1998108315077" lon="3.171023168028595">
        <ele>390.0</ele>
      </trkpt>
      <trkpt lat="44.199760835484625" lon="3.1712270155549045">
        <ele>390.0</ele>
      </trkpt>
      <trkpt lat="44.19971949311477" lon="3.171468414541933">
        <ele>390.0</ele>
      </trkpt>
      <trkpt lat="44.19967815021488" lon="3.1717098131775843">
        <ele>390.0</ele>
      </trkpt>
      <trkpt lat="44.1996435378742" lon="3.1718868390804325">
        <ele>390.0</ele>
      </trkpt>
      <trkpt lat="44.19960892524864" lon="3.172063864767551">
        <ele>390.0</ele>
      </trkpt>
      <trkpt lat="44.19958585024185" lon="3.1723320856690385">
        <ele>390.0</ele>
      </trkpt>
      <trkpt lat="44.19957719733167" lon="3.1725520268417644">
        <ele>390.0</ele>
      </trkpt>
      <trkpt lat="44.19956854398078" lon="3.1727719679474853">
        <ele>390.0</ele>
      </trkpt>
      <trkpt lat="44.19956085257847" lon="3.1730160490008883">
        <ele>389.0</ele>
      </trkpt>
      <trkpt lat="44.199553160633414" lon="3.173260129988194">
        <ele>389.0</ele>
      </trkpt>
      <trkpt lat="44.1995531608959" lon="3.173500187695027">
        <ele>389.0</ele>
      </trkpt>
      <trkpt lat="44.1995531606334" lon="3.1737402454018597">
        <ele>389.0</ele>
      </trkpt>
      <trkpt lat="44.199530085769986" lon="3.1739333645293777">
        <ele>389.0</ele>
      </trkpt>
      <trkpt lat="44.19950701056706" lon="3.1741264835000025">
        <ele>390.0</ele>
      </trkpt>
      <trkpt lat="44.19947239811736" lon="3.1742981449815533">
        <ele>390.0</ele>
      </trkpt>
      <trkpt lat="44.199437785399816" lon="3.174469806253911">
        <ele>391.0</ele>
      </trkpt>
      <trkpt lat="44.19938682800762" lon="3.1746159867763515">
        <ele>391.0</ele>
      </trkpt>
      <trkpt lat="44.199335870422075" lon="3.174762167036532">
        <ele>392.0</ele>
      </trkpt>
      <trkpt lat="44.19926087635653" lon="3.174935169746388">
        <ele>392.0</ele>
      </trkpt>
      <trkpt lat="44.1991858820212" lon="3.1751081719994536">
        <ele>393.0</ele>
      </trkpt>
      <trkpt lat="44.199070506266715" lon="3.1753710290167882">
        <ele>393.0</ele>
      </trkpt>
      <trkpt lat="44.19895512988958" lon="3.175633884966371">
        <ele>393.0</ele>
      </trkpt>
      <trkpt lat="44.19887821240043" lon="3.1758095698947293">
        <ele>393.0</ele>
      </trkpt>
      <trkpt lat="44.19880129463312" lon="3.1759852543473226">
        <ele>393.0</ele>
      </trkpt>
      <trkpt lat="44.198690725397306" lon="3.176199831486173">
        <ele>393.0</ele>
      </trkpt>
      <trkpt lat="44.19858015574832" lon="3.176414407789707">
        <ele>393.0</ele>
      </trkpt>
      <trkpt lat="44.198497468938896" lon="3.176611550439259">
        <ele>393.0</ele>
      </trkpt>
      <trkpt lat="44.19841478177894" lon="3.1768086925148946">
        <ele>393.0</ele>
      </trkpt>
      <trkpt lat="44.198296519980225" lon="3.1770313163265937">
        <ele>392.0</ele>
      </trkpt>
      <trkpt lat="44.19817825773715" lon="3.1772539392113663">
        <ele>392.0</ele>
      </trkpt>
      <trkpt lat="44.198086917235656" lon="3.1774557764133453">
        <ele>392.0</ele>
      </trkpt>
      <trkpt lat="44.19799557636728" lon="3.1776576129662515">
        <ele>391.0</ele>
      </trkpt>
      <trkpt lat="44.19790423513206" lon="3.177859448870086">
        <ele>391.0</ele>
      </trkpt>
      <trkpt lat="44.197812893529964" lon="3.178061284124849">
        <ele>391.0</ele>
      </trkpt>
      <trkpt lat="44.19773982049196" lon="3.1782248990852198">
        <ele>390.0</ele>
      </trkpt>
      <trkpt lat="44.19766674721279" lon="3.1783885136246655">
        <ele>390.0</ele>
      </trkpt>
      <trkpt lat="44.19759463543803" lon="3.1785159187146026">
        <ele>389.0</ele>
      </trkpt>
      <trkpt lat="44.197522523518046" lon="3.1786433234810825">
        <ele>389.0</ele>
      </trkpt>
      <trkpt lat="44.19740041381423" lon="3.178789504186614">
        <ele>388.0</ele>
      </trkpt>
      <trkpt lat="44.19727830392339" lon="3.1789356842637067">
        <ele>388.0</ele>
      </trkpt>
      <trkpt lat="44.197131194720235" lon="3.179103322761251">
        <ele>388.0</ele>
      </trkpt>
      <trkpt lat="44.19698408527218" lon="3.179270960390568">
        <ele>388.0</ele>
      </trkpt>
      <trkpt lat="44.19687735853513" lon="3.179418482163539">
        <ele>388.0</ele>
      </trkpt>
      <trkpt lat="44.196770631605695" lon="3.1795660033822064">
        <ele>387.0</ele>
      </trkpt>
      <trkpt lat="44.19665909694985" lon="3.179692067205905">
        <ele>387.0</ele>
      </trkpt>
      <trkpt lat="44.196545639066116" lon="3.1799361482262607">
        <ele>387.0</ele>
      </trkpt>
      <trkpt lat="44.19647544900329" lon="3.1801091509214765">
        <ele>386.0</ele>
      </trkpt>
      <trkpt lat="44.1964052586703" lon="3.180282153189182">
        <ele>386.0</ele>
      </trkpt>
      <trkpt lat="44.19633602992158" lon="3.1804336981832">
        <ele>386.0</ele>
      </trkpt>
      <trkpt lat="44.19626680096606" lon="3.180585242807863">
        <ele>386.0</ele>
      </trkpt>
      <trkpt lat="44.196174495805884" lon="3.1808105487312006">
        <ele>386.0</ele>
      </trkpt>
      <trkpt lat="44.196082190187575" lon="3.181035853922368">
        <ele>385.0</ele>
      </trkpt>
      <trkpt lat="44.19600526893754" lon="3.1812048333191094">
        <ele>385.0</ele>
      </trkpt>
      <trkpt lat="44.19592834743042" lon="3.181373812258245">
        <ele>385.0</ele>
      </trkpt>
      <trkpt lat="44.19580623455409" lon="3.181597777192405">
        <ele>385.0</ele>
      </trkpt>
      <trkpt lat="44.195684121228446" lon="3.181821741163728">
        <ele>385.0</ele>
      </trkpt>
      <trkpt lat="44.19557739222459" lon="3.1820242483248067">
        <ele>386.0</ele>
      </trkpt>
      <trkpt lat="44.195470662852955" lon="3.182226754724978">
        <ele>386.0</ele>
      </trkpt>
      <trkpt lat="44.19540239450533" lon="3.1823555009124087">
        <ele>387.0</ele>
      </trkpt>
      <trkpt lat="44.195334126009094" lon="3.182484246790409">
        <ele>387.0</ele>
      </trkpt>
      <trkpt lat="44.195228357961426" lon="3.1827162583021535">
        <ele>388.0</ele>
      </trkpt>
      <trkpt lat="44.19512258942905" lon="3.182948268949984">
        <ele>389.0</ele>
      </trkpt>
      <trkpt lat="44.19503669272951" lon="3.183135130076425">
        <ele>389.0</ele>
      </trkpt>
      <trkpt lat="44.194950795715634" lon="3.1833219906377948">
        <ele>390.0</ele>
      </trkpt>
      <trkpt lat="44.19486489838743" lon="3.183508850634098">
        <ele>390.0</ele>
      </trkpt>
      <trkpt lat="44.19478412943206" lon="3.183700628851321">
        <ele>391.0</ele>
      </trkpt>
      <trkpt lat="44.19470336014495" lon="3.1838924065232286">
        <ele>391.0</ele>
      </trkpt>
      <trkpt lat="44.19462259085763" lon="3.1841177120804764">
        <ele>391.0</ele>
      </trkpt>
      <trkpt lat="44.19457259076718" lon="3.1844047084450717">
        <ele>391.0</ele>
      </trkpt>
      <trkpt lat="44.194555283149036" lon="3.184565641034994">
        <ele>391.0</ele>
      </trkpt>
      <trkpt lat="44.194537975295056" lon="3.1847265735268575">
        <ele>391.0</ele>
      </trkpt>
      <trkpt lat="44.19453412924615" lon="3.184886164974049">
        <ele>391.0</ele>
      </trkpt>
      <trkpt lat="44.1945302829652" lon="3.185045756399632">
        <ele>391.0</ele>
      </trkpt>
      <trkpt lat="44.19453124463039" lon="3.185210712251255">
        <ele>392.0</ele>
      </trkpt>
      <trkpt lat="44.19453220604769" lon="3.1853756681084624">
        <ele>392.0</ele>
      </trkpt>
      <trkpt lat="44.194528359882554" lon="3.185611702501773">
        <ele>393.0</ele>
      </trkpt>
      <trkpt lat="44.19452259077037" lon="3.1857847050008035">
        <ele>394.0</ele>
      </trkpt>
      <trkpt lat="44.19451682138549" lon="3.1859577074646954">
        <ele>395.0</ele>
      </trkpt>
      <trkpt lat="44.19448797513281" lon="3.1862366572022416">
        <ele>397.0</ele>
      </trkpt>
      <trkpt lat="44.194422590241224" lon="3.186518289148809">
        <ele>398.0</ele>
      </trkpt>
      <trkpt lat="44.194365859317706" lon="3.1867127494965772">
        <ele>399.0</ele>
      </trkpt>
      <trkpt lat="44.194309128051295" lon="3.1869072094559683">
        <ele>401.0</ele>
      </trkpt>
      <trkpt lat="44.19424758931391" lon="3.1871177630917145">
        <ele>402.0</ele>
      </trkpt>
      <trkpt lat="44.194186050174544" lon="3.1873283162713055">
        <ele>403.0</ele>
      </trkpt>
      <trkpt lat="44.194123549734755" lon="3.187525458850787">
        <ele>403.0</ele>
      </trkpt>
      <trkpt lat="44.194061048942864" lon="3.187722600996496">
        <ele>404.0</ele>
      </trkpt>
      <trkpt lat="44.194059125844895" lon="3.188014961779117">
        <ele>404.0</ele>
      </trkpt>
      <trkpt lat="44.19407066466445" lon="3.188241608394843">
        <ele>403.0</ele>
      </trkpt>
      <trkpt lat="44.19408220301603" lon="3.1884682551026353">
        <ele>403.0</ele>
      </trkpt>
      <trkpt lat="44.194120665252974" lon="3.1887324525117346">
        <ele>402.0</ele>
      </trkpt>
      <trkpt lat="44.19415912685469" lon="3.188996650278566">
        <ele>401.0</ele>
      </trkpt>
      <trkpt lat="44.19418412722013" lon="3.1891750170995654">
        <ele>400.0</ele>
      </trkpt>
      <trkpt lat="44.19420912729603" lon="3.1893533840775485">
        <ele>399.0</ele>
      </trkpt>
      <trkpt lat="44.194243743527785" lon="3.1896072995548614">
        <ele>398.0</ele>
      </trkpt>
      <trkpt lat="44.19427835917271" lon="3.1898612153416055">
        <ele>397.0</ele>
      </trkpt>
      <trkpt lat="44.194312974230826" lon="3.1901151314377776">
        <ele>396.0</ele>
      </trkpt>
      <trkpt lat="44.19433669279972" lon="3.190344013082601">
        <ele>395.0</ele>
      </trkpt>
      <trkpt lat="44.194360410891576" lon="3.190572894918538">
        <ele>395.0</ele>
      </trkpt>
      <trkpt lat="44.19438412850641" lon="3.190801776945588">
        <ele>394.0</ele>
      </trkpt>
      <trkpt lat="44.194410090505315" lon="3.191071338828398">
        <ele>393.0</ele>
      </trkpt>
      <trkpt lat="44.1944360518425" lon="3.191340900957582">
        <ele>393.0</ele>
      </trkpt>
      <trkpt lat="44.194468744666395" lon="3.1916319204682284">
        <ele>392.0</ele>
      </trkpt>
      <trkpt lat="44.19450143671918" lon="3.191922940313818">
        <ele>392.0</ele>
      </trkpt>
      <trkpt lat="44.194543745123106" lon="3.192182220132407">
        <ele>391.0</ele>
      </trkpt>
      <trkpt lat="44.19458605291542" lon="3.192441500337182">
        <ele>391.0</ele>
      </trkpt>
      <trkpt lat="44.19462836009613" lon="3.1927007809281354">
        <ele>390.0</ele>
      </trkpt>
      <trkpt lat="44.19466778344511" lon="3.192934132950496">
        <ele>390.0</ele>
      </trkpt>
      <trkpt lat="44.194707206298744" lon="3.1931674852967245">
        <ele>389.0</ele>
      </trkpt>
      <trkpt lat="44.19474566808118" lon="3.1934115661518336">
        <ele>389.0</ele>
      </trkpt>
      <trkpt lat="44.194784129321555" lon="3.1936556473374353">
        <ele>389.0</ele>
      </trkpt>
      <trkpt lat="44.19481297542923" lon="3.1939050927758226">
        <ele>389.0</ele>
      </trkpt>
      <trkpt lat="44.19480432173203" lon="3.194076754178924">
        <ele>389.0</ele>
      </trkpt>
      <trkpt lat="44.194795667766385" lon="3.194248415529727">
        <ele>389.0</ele>
      </trkpt>
      <trkpt lat="44.19477355255038" lon="3.1944254413936237">
        <ele>390.0</ele>
      </trkpt>
      <trkpt lat="44.19475143704911" lon="3.1946024671196933">
        <ele>390.0</ele>
      </trkpt>
      <trkpt lat="44.19471425829235" lon="3.1948867816474094">
        <ele>391.0</ele>
      </trkpt>
      <trkpt lat="44.19467707879978" lon="3.1951710958029897">
        <ele>392.0</ele>
      </trkpt>
      <trkpt lat="44.1946398985714" lon="3.195455409586428">
        <ele>393.0</ele>
      </trkpt>
      <trkpt lat="44.19460047571121" lon="3.1957061963033535">
        <ele>393.0</ele>
      </trkpt>
      <trkpt lat="44.19456105227877" lon="3.1959569826722154">
        <ele>394.0</ele>
      </trkpt>
      <trkpt lat="44.19449566770529" lon="3.1962024050795397">
        <ele>395.0</ele>
      </trkpt>
      <trkpt lat="44.19443028258519" lon="3.196447826921938">
        <ele>395.0</ele>
      </trkpt>
      <trkpt lat="44.19437547468369" lon="3.196594007454278">
        <ele>396.0</ele>
      </trkpt>
      <trkpt lat="44.19432066658905" lon="3.196740187704563">
        <ele>396.0</ele>
      </trkpt>
      <trkpt lat="44.19419662731768" lon="3.1969802459355323">
        <ele>397.0</ele>
      </trkpt>
      <trkpt lat="44.194072587529185" lon="3.1972203031182267">
        <ele>397.0</ele>
      </trkpt>
      <trkpt lat="44.19398220187572" lon="3.197442926466463">
        <ele>398.0</ele>
      </trkpt>
      <trkpt lat="44.19387643125412" lon="3.197695054113864">
        <ele>398.0</ele>
      </trkpt>
      <trkpt lat="44.19377258355006" lon="3.1979605928063375">
        <ele>398.0</ele>
      </trkpt>
      <trkpt lat="44.19372450591918" lon="3.19810275000443">
        <ele>398.0</ele>
      </trkpt>
      <trkpt lat="44.19367642810536" lon="3.198244906961916">
        <ele>398.0</ele>
      </trkpt>
      <trkpt lat="44.19359373429739" lon="3.1984943524003033">
        <ele>398.0</ele>
      </trkpt>
      <trkpt lat="44.19350142497554" lon="3.1987317282838177">
        <ele>398.0</ele>
      </trkpt>
      <trkpt lat="44.19340911514467" lon="3.1989691033959367">
        <ele>398.0</ele>
      </trkpt>
      <trkpt lat="44.19332578028064" lon="3.1991988799756483">
        <ele>398.0</ele>
      </trkpt>
      <trkpt lat="44.193242444939116" lon="3.199428655881258">
        <ele>398.0</ele>
      </trkpt>
      <trkpt lat="44.193159109120124" lon="3.1996584311127636">
        <ele>398.0</ele>
      </trkpt>
      <trkpt lat="44.193057183282754" lon="3.199932016432284">
        <ele>398.0</ele>
      </trkpt>
      <trkpt lat="44.1929725654725" lon="3.2001465931534785">
        <ele>398.0</ele>
      </trkpt>
      <trkpt lat="44.19289756324255" lon="3.200271316037327">
        <ele>398.0</ele>
      </trkpt>
      <trkpt lat="44.192822560873786" lon="3.2003960385918613">
        <ele>398.0</ele>
      </trkpt>
      <trkpt lat="44.19273601956742" lon="3.2004979626896874">
        <ele>397.0</ele>
      </trkpt>
      <trkpt lat="44.192649478170246" lon="3.2005998864769944">
        <ele>397.0</ele>
      </trkpt>
      <trkpt lat="44.19249754952868" lon="3.2007688660968183">
        <ele>397.0</ele>
      </trkpt>
      <trkpt lat="44.192346655892955" lon="3.200936693384052">
        <ele>397.0</ele>
      </trkpt>
      <trkpt lat="44.19234562063886" lon="3.2009378448128682">
        <ele>397.0</ele>
      </trkpt>
      <trkpt lat="44.19217734433715" lon="3.201120235566112">
        <ele>398.0</ele>
      </trkpt>
      <trkpt lat="44.19200906774692" lon="3.201302625238893">
        <ele>398.0</ele>
      </trkpt>
      <trkpt lat="44.191897524029166" lon="3.201416619345837">
        <ele>398.0</ele>
      </trkpt>
      <trkpt lat="44.19178598019939" lon="3.2015306130051595">
        <ele>399.0</ele>
      </trkpt>
      <trkpt lat="44.19162635669458" lon="3.2016727700829484">
        <ele>399.0</ele>
      </trkpt>
      <trkpt lat="44.19149173412544" lon="3.201763965189455">
        <ele>400.0</ele>
      </trkpt>
      <trkpt lat="44.19134172556392" lon="3.201789446242376">
        <ele>401.0</ele>
      </trkpt>
      <trkpt lat="44.1911917170081" lon="3.201814927160738">
        <ele>401.0</ele>
      </trkpt>
      <trkpt lat="44.19102824529124" lon="3.2018886881208832">
        <ele>402.0</ele>
      </trkpt>
      <trkpt lat="44.190864773538614" lon="3.20196244865656">
        <ele>403.0</ele>
      </trkpt>
      <trkpt lat="44.190723417846165" lon="3.2020187751860134">
        <ele>404.0</ele>
      </trkpt>
      <trkpt lat="44.19058206213516" lon="3.2020751014351836">
        <ele>405.0</ele>
      </trkpt>
      <trkpt lat="44.19046666923326" lon="3.2021300868316676">
        <ele>406.0</ele>
      </trkpt>
      <trkpt lat="44.190351276310714" lon="3.2021850720047955">
        <ele>406.0</ele>
      </trkpt>
      <trkpt lat="44.190218574052366" lon="3.202289678156374">
        <ele>407.0</ele>
      </trkpt>
      <trkpt lat="44.19011279667602" lon="3.2024184241890903">
        <ele>407.0</ele>
      </trkpt>
      <trkpt lat="44.189987786804615" lon="3.202619589865206">
        <ele>408.0</ele>
      </trkpt>
      <trkpt lat="44.189885855482416" lon="3.2028904929757105">
        <ele>408.0</ele>
      </trkpt>
      <trkpt lat="44.18980507959246" lon="3.2031050696969015">
        <ele>408.0</ele>
      </trkpt>
      <trkpt lat="44.18974161274417" lon="3.2033732905983907">
        <ele>408.0</ele>
      </trkpt>
      <trkpt lat="44.1896742993455" lon="3.2036415114998844">
        <ele>409.0</ele>
      </trkpt>
      <trkpt lat="44.18964256600005" lon="3.2038225607095097">
        <ele>410.0</ele>
      </trkpt>
      <trkpt lat="44.18961083235643" lon="3.2040036097168905">
        <ele>411.0</ele>
      </trkpt>
      <trkpt lat="44.189583907058044" lon="3.204164542334053">
        <ele>412.0</ele>
      </trkpt>
      <trkpt lat="44.18955698152404" lon="3.204325474798679">
        <ele>414.0</ele>
      </trkpt>
      <trkpt lat="44.18952717140737" lon="3.204532005001189">
        <ele>415.0</ele>
      </trkpt>
      <trkpt lat="44.189497360902486" lon="3.2047385349869715">
        <ele>417.0</ele>
      </trkpt>
      <trkpt lat="44.18948485994915" lon="3.204922266344919">
        <ele>418.0</ele>
      </trkpt>
      <trkpt lat="44.18947235868828" lon="3.205105997622013">
        <ele>419.0</ele>
      </trkpt>
      <trkpt lat="44.18946178098951" lon="3.2052964344975243">
        <ele>421.0</ele>
      </trkpt>
      <trkpt lat="44.18945120296035" lon="3.2054868713021265">
        <ele>422.0</ele>
      </trkpt>
      <trkpt lat="44.18944543321511" lon="3.2057899609208134">
        <ele>423.0</ele>
      </trkpt>
      <trkpt lat="44.18943004722514" lon="3.2060042023658744">
        <ele>424.0</ele>
      </trkpt>
      <trkpt lat="44.189399275232326" lon="3.2063103094697">
        <ele>424.0</ele>
      </trkpt>
      <trkpt lat="44.18937234972599" lon="3.206546008586883">
        <ele>425.0</ele>
      </trkpt>
      <trkpt lat="44.18935119396183" lon="3.2068065181374545">
        <ele>426.0</ele>
      </trkpt>
      <trkpt lat="44.18929734289241" lon="3.207026459276676">
        <ele>426.0</ele>
      </trkpt>
      <trkpt lat="44.18922233596361" lon="3.207313455641267">
        <ele>427.0</ele>
      </trkpt>
      <trkpt lat="44.18918290929196" lon="3.2074609772394584">
        <ele>427.0</ele>
      </trkpt>
      <trkpt lat="44.18914348242278" lon="3.2076084986329065">
        <ele>428.0</ele>
      </trkpt>
      <trkpt lat="44.189087707964845" lon="3.207747806000373">
        <ele>428.0</ele>
      </trkpt>
      <trkpt lat="44.189031933331705" lon="3.2078871130943303">
        <ele>428.0</ele>
      </trkpt>
      <trkpt lat="44.188970388914285" lon="3.2080510631203625">
        <ele>427.0</ele>
      </trkpt>
      <trkpt lat="44.18893000035588" lon="3.208185173571107">
        <ele>426.0</ele>
      </trkpt>
      <trkpt lat="44.18894538647664" lon="3.208370245993135">
        <ele>425.0</ele>
      </trkpt>
      <trkpt lat="44.18898385176101" lon="3.2084909453988066">
        <ele>424.0</ele>
      </trkpt>
      <trkpt lat="44.189062705515425" lon="3.208600915968416">
        <ele>423.0</ele>
      </trkpt>
      <trkpt lat="44.189128096353706" lon="3.2086652889847733">
        <ele>421.0</ele>
      </trkpt>
      <trkpt lat="44.18920310340237" lon="3.2087833061814286">
        <ele>419.0</ele>
      </trkpt>
      <trkpt lat="44.189216566195896" lon="3.208938874304294">
        <ele>417.0</ele>
      </trkpt>
      <trkpt lat="44.18923964526336" lon="3.2092124596238114">
        <ele>415.0</ele>
      </trkpt>
      <trkpt lat="44.18926080106718" lon="3.209354616701602">
        <ele>414.0</ele>
      </trkpt>
      <trkpt lat="44.18928772662483" lon="3.209598697721957">
        <ele>413.0</ele>
      </trkpt>
      <trkpt lat="44.189314652170104" lon="3.2098481431603445">
        <ele>412.0</ele>
      </trkpt>
      <trkpt lat="44.18932234518074" lon="3.2099768891930576">
        <ele>412.0</ele>
      </trkpt>
      <trkpt lat="44.18930888241142" lon="3.210100270807741">
        <ele>412.0</ele>
      </trkpt>
      <trkpt lat="44.18927041733919" lon="3.2102263346314417">
        <ele>412.0</ele>
      </trkpt>
      <trkpt lat="44.18919348711944" lon="3.2102612033486375">
        <ele>412.0</ele>
      </trkpt>
      <trkpt lat="44.18911271028067" lon="3.210212923586367">
        <ele>412.0</ele>
      </trkpt>
      <trkpt lat="44.189012700707806" lon="3.2101109996438018">
        <ele>413.0</ele>
      </trkpt>
      <trkpt lat="44.188933846886464" lon="3.2100171223282805">
        <ele>414.0</ele>
      </trkpt>
      <trkpt lat="44.18879152508827" lon="3.2098830118775346">
        <ele>415.0</ele>
      </trkpt>
      <trkpt lat="44.18866502499974" lon="3.2097279779264003">
        <ele>416.0</ele>
      </trkpt>
      <trkpt lat="44.18866458914052" lon="3.2097274437546734">
        <ele>416.0</ele>
      </trkpt>
      <trkpt lat="44.18854726930934" lon="3.209612108767035">
        <ele>417.0</ele>
      </trkpt>
      <trkpt lat="44.18843379580783" lon="3.2095101848244654">
        <ele>418.0</ele>
      </trkpt>
      <trkpt lat="44.18836263434817" lon="3.20948839187622">
        <ele>418.0</ele>
      </trkpt>
      <trkpt lat="44.18830493580452" lon="3.20952594280243">
        <ele>418.0</ele>
      </trkpt>
      <trkpt lat="44.18827031665089" lon="3.209397196769714">
        <ele>419.0</ele>
      </trkpt>
      <trkpt lat="44.188258776928514" lon="3.20925235748291">
        <ele>420.0</ele>
      </trkpt>
      <trkpt lat="44.18824531391624" lon="3.209150433540344">
        <ele>421.0</ele>
      </trkpt>
      <trkpt lat="44.18820877143892" lon="3.2090243697166443">
        <ele>422.0</ele>
      </trkpt>
      <trkpt lat="44.18817030582757" lon="3.208819180588088">
        <ele>423.0</ele>
      </trkpt>
      <trkpt lat="44.188131839833325" lon="3.208613991737365">
        <ele>424.0</ele>
      </trkpt>
      <trkpt lat="44.18805683142136" lon="3.2083243131637564">
        <ele>426.0</ele>
      </trkpt>
      <trkpt lat="44.187991439394594" lon="3.20805609226227">
        <ele>427.0</ele>
      </trkpt>
      <trkpt lat="44.187964513244864" lon="3.2079353928565983">
        <ele>429.0</ele>
      </trkpt>
      <trkpt lat="44.187968359838436" lon="3.207814693450927">
        <ele>430.0</ele>
      </trkpt>
      <trkpt lat="44.18800682576038" lon="3.2077047228813163">
        <ele>431.0</ele>
      </trkpt>
      <trkpt lat="44.188076064356586" lon="3.2075920701026903">
        <ele>433.0</ele>
      </trkpt>
      <trkpt lat="44.18821454130531" lon="3.2074579596519484">
        <ele>434.0</ele>
      </trkpt>
      <trkpt lat="44.18830397413407" lon="3.207361400279402">
        <ele>435.0</ele>
      </trkpt>
      <trkpt lat="44.188393406882035" lon="3.2072648406028748">
        <ele>436.0</ele>
      </trkpt>
      <trkpt lat="44.18850495718216" lon="3.2070824503898625">
        <ele>437.0</ele>
      </trkpt>
      <trkpt lat="44.188554962420724" lon="3.2068490982055664">
        <ele>437.0</ele>
      </trkpt>
      <trkpt lat="44.188533806363296" lon="3.2065433263778687">
        <ele>438.0</ele>
      </trkpt>
      <trkpt lat="44.18850111062361" lon="3.2063046097755428">
        <ele>438.0</ele>
      </trkpt>
      <trkpt lat="44.18843571908971" lon="3.2060953974723816">
        <ele>439.0</ele>
      </trkpt>
      <trkpt lat="44.18834147822211" lon="3.205902278423308">
        <ele>439.0</ele>
      </trkpt>
      <trkpt lat="44.188279933084544" lon="3.2058084011077876">
        <ele>440.0</ele>
      </trkpt>
      <trkpt lat="44.18823377418909" lon="3.2057252526283273">
        <ele>440.0</ele>
      </trkpt>
      <trkpt lat="44.18813376312492" lon="3.205588459968567">
        <ele>441.0</ele>
      </trkpt>
      <trkpt lat="44.188022212122334" lon="3.2054167985916138">
        <ele>441.0</ele>
      </trkpt>
      <trkpt lat="44.187893351218634" lon="3.2053014636039743">
        <ele>442.0</ele>
      </trkpt>
      <trkpt lat="44.18772987056229" lon="3.205223679542541">
        <ele>443.0</ele>
      </trkpt>
      <trkpt lat="44.18755581099572" lon="3.2051700351979044">
        <ele>444.0</ele>
      </trkpt>
      <trkpt lat="44.18738175141861" lon="3.2051163911819454">
        <ele>445.0</ele>
      </trkpt>
      <trkpt lat="44.187254812302875" lon="3.2050721346343236">
        <ele>447.0</ele>
      </trkpt>
      <trkpt lat="44.18712787317762" lon="3.205027878284455">
        <ele>448.0</ele>
      </trkpt>
      <trkpt lat="44.18702016683792" lon="3.2049755751095157">
        <ele>449.0</ele>
      </trkpt>
      <trkpt lat="44.186912460479284" lon="3.204923272132873">
        <ele>451.0</ele>
      </trkpt>
      <trkpt lat="44.18677782714308" lon="3.2048240303993225">
        <ele>452.0</ele>
      </trkpt>
      <trkpt lat="44.18666627357441" lon="3.2046979665756234">
        <ele>453.0</ele>
      </trkpt>
      <trkpt lat="44.18653356301947" lon="3.2044807076454176">
        <ele>454.0</ele>
      </trkpt>
      <trkpt lat="44.186425855682764" lon="3.204260766506195">
        <ele>455.0</ele>
      </trkpt>
      <trkpt lat="44.186325841551046" lon="3.2040703296661386">
        <ele>456.0</ele>
      </trkpt>
      <trkpt lat="44.1861950535843" lon="3.203898668289184">
        <ele>456.0</ele>
      </trkpt>
      <trkpt lat="44.18609407736378" lon="3.2037739453483387">
        <ele>457.0</ele>
      </trkpt>
      <trkpt lat="44.1859931010068" lon="3.2036492228508004">
        <ele>458.0</ele>
      </trkpt>
      <trkpt lat="44.18588923941181" lon="3.203525841236115">
        <ele>458.0</ele>
      </trkpt>
      <trkpt lat="44.18580076457544" lon="3.2034587860107413">
        <ele>459.0</ele>
      </trkpt>
      <trkpt lat="44.18575460373855" lon="3.2034534215927124">
        <ele>459.0</ele>
      </trkpt>
      <trkpt lat="44.18570267275357" lon="3.2034882903099064">
        <ele>459.0</ele>
      </trkpt>
      <trkpt lat="44.18567959230151" lon="3.2035285234451303">
        <ele>459.0</ele>
      </trkpt>
      <trkpt lat="44.185658435212225" lon="3.203584849834443">
        <ele>460.0</ele>
      </trkpt>
      <trkpt lat="44.18565651184011" lon="3.203667998313904">
        <ele>460.0</ele>
      </trkpt>
      <trkpt lat="44.185681515672506" lon="3.2037568464875203">
        <ele>461.0</ele>
      </trkpt>
      <trkpt lat="44.18575652710711" lon="3.203880228102209">
        <ele>462.0</ele>
      </trkpt>
      <trkpt lat="44.18582769171325" lon="3.2040036097168914">
        <ele>462.0</ele>
      </trkpt>
      <trkpt lat="44.18586808239744" lon="3.204132355749606">
        <ele>463.0</ele>
      </trkpt>
      <trkpt lat="44.18587769922292" lon="3.204269148409365">
        <ele>464.0</ele>
      </trkpt>
      <trkpt lat="44.18590654968999" lon="3.204470314085483">
        <ele>464.0</ele>
      </trkpt>
      <trkpt lat="44.18595271040787" lon="3.2046822085976605">
        <ele>465.0</ele>
      </trkpt>
      <trkpt lat="44.18604310837579" lon="3.2049638405442225">
        <ele>465.0</ele>
      </trkpt>
      <trkpt lat="44.18610561757232" lon="3.2050952686413616">
        <ele>466.0</ele>
      </trkpt>
      <trkpt lat="44.186168126613495" lon="3.205226697027682">
        <ele>467.0</ele>
      </trkpt>
      <trkpt lat="44.18627006436503" lon="3.2053527608513845">
        <ele>467.0</ele>
      </trkpt>
      <trkpt lat="44.186362385195444" lon="3.2054439559578904">
        <ele>468.0</ele>
      </trkpt>
      <trkpt lat="44.18647490094027" lon="3.205536491985656">
        <ele>469.0</ele>
      </trkpt>
      <trkpt lat="44.18658741661363" lon="3.2056290283799176">
        <ele>469.0</ele>
      </trkpt>
      <trkpt lat="44.18674705376558" lon="3.2057899609208125">
        <ele>470.0</ele>
      </trkpt>
      <trkpt lat="44.186837450515256" lon="3.20594284683466">
        <ele>471.0</ele>
      </trkpt>
      <trkpt lat="44.186875917175236" lon="3.2060903683304782">
        <ele>473.0</ele>
      </trkpt>
      <trkpt lat="44.186875917175186" lon="3.2062861695885654">
        <ele>474.0</ele>
      </trkpt>
      <trkpt lat="44.186833603847866" lon="3.206431008875371">
        <ele>476.0</ele>
      </trkpt>
      <trkpt lat="44.18675667044763" lon="3.206610716879367">
        <ele>477.0</ele>
      </trkpt>
      <trkpt lat="44.18663357679837" lon="3.206844069063664">
        <ele>478.0</ele>
      </trkpt>
      <trkpt lat="44.18653933304943" lon="3.2070532813668255">
        <ele>479.0</ele>
      </trkpt>
      <trkpt lat="44.18648547941095" lon="3.2071900740265855">
        <ele>480.0</ele>
      </trkpt>
      <trkpt lat="44.186447012496224" lon="3.2073483243584624">
        <ele>481.0</ele>
      </trkpt>
      <trkpt lat="44.186422009147954" lon="3.207538761282325">
        <ele>483.0</ele>
      </trkpt>
      <trkpt lat="44.186397005469516" lon="3.207729198038579">
        <ele>484.0</ele>
      </trkpt>
      <trkpt lat="44.18637777214151" lon="3.207915611628216">
        <ele>485.0</ele>
      </trkpt>
      <trkpt lat="44.186358538497025" lon="3.208102025091647">
        <ele>486.0</ele>
      </trkpt>
      <trkpt lat="44.1863219948499" lon="3.208378292620182">
        <ele>487.0</ele>
      </trkpt>
      <trkpt lat="44.18623736736962" lon="3.208536542952061">
        <ele>488.0</ele>
      </trkpt>
      <trkpt lat="44.186171973379054" lon="3.208678700193463">
        <ele>489.0</ele>
      </trkpt>
      <trkpt lat="44.18610657920654" lon="3.2088208571076415">
        <ele>490.0</ele>
      </trkpt>
      <trkpt lat="44.18601233461542" lon="3.2089787721633907">
        <ele>492.0</ele>
      </trkpt>
      <trkpt lat="44.18597771411536" lon="3.2091075181961064">
        <ele>493.0</ele>
      </trkpt>
      <trkpt lat="44.18596809730584" lon="3.209260739386081">
        <ele>495.0</ele>
      </trkpt>
      <trkpt lat="44.185925783326844" lon="3.209429718554018">
        <ele>496.0</ele>
      </trkpt>
      <trkpt lat="44.185862312301374" lon="3.209641613066196">
        <ele>497.0</ele>
      </trkpt>
      <trkpt lat="44.185773837424584" lon="3.2098454609513274">
        <ele>497.0</ele>
      </trkpt>
      <trkpt lat="44.185629584623356" lon="3.2100627198815355">
        <ele>498.0</ele>
      </trkpt>
      <trkpt lat="44.185518028881695" lon="3.2102021947503094">
        <ele>498.0</ele>
      </trkpt>
      <trkpt lat="44.18539685602654" lon="3.210309483110905">
        <ele>499.0</ele>
      </trkpt>
      <trkpt lat="44.18531030383467" lon="3.2103845849633204">
        <ele>501.0</ele>
      </trkpt>
      <trkpt lat="44.18524490876096" lon="3.210486508905887">
        <ele>503.0</ele>
      </trkpt>
      <trkpt lat="44.18516604989947" lon="3.210614919662476">
        <ele>504.0</ele>
      </trkpt>
      <trkpt lat="44.18502371900334" lon="3.2107010856270777">
        <ele>506.0</ele>
      </trkpt>
      <trkpt lat="44.1848448432012" lon="3.210762776434422">
        <ele>507.0</ele>
      </trkpt>
      <trkpt lat="44.18464865621336" lon="3.210786916315555">
        <ele>508.0</ele>
      </trkpt>
      <trkpt lat="44.1844582388066" lon="3.210811056196689">
        <ele>510.0</ele>
      </trkpt>
      <trkpt lat="44.18428705495638" lon="3.2108459249138814">
        <ele>512.0</ele>
      </trkpt>
      <trkpt lat="44.18416972641228" lon="3.210872747004031">
        <ele>513.0</ele>
      </trkpt>
      <trkpt lat="44.18406778502876" lon="3.210907615721227">
        <ele>515.0</ele>
      </trkpt>
      <trkpt lat="44.18397930745863" lon="3.21092639118433">
        <ele>516.0</ele>
      </trkpt>
      <trkpt lat="44.183879289175984" lon="3.2109263911843304">
        <ele>515.0</ele>
      </trkpt>
      <trkpt lat="44.183798505054526" lon="3.2110417261719695">
        <ele>515.0</ele>
      </trkpt>
      <trkpt lat="44.183729261433704" lon="3.211116828024386">
        <ele>515.0</ele>
      </trkpt>
      <trkpt lat="44.18366386460611" lon="3.211186565458773">
        <ele>515.0</ele>
      </trkpt>
      <trkpt lat="44.18360616146266" lon="3.2112723961472494">
        <ele>515.0</ele>
      </trkpt>
      <trkpt lat="44.183556152026014" lon="3.2114333286881465">
        <ele>516.0</ele>
      </trkpt>
      <trkpt lat="44.1835042191046" lon="3.2114896550774565">
        <ele>516.0</ele>
      </trkpt>
      <trkpt lat="44.1834330516935" lon="3.2114869728684408">
        <ele>517.0</ele>
      </trkpt>
      <trkpt lat="44.183409970352535" lon="3.211422599852086">
        <ele>518.0</ele>
      </trkpt>
      <trkpt lat="44.18342343446913" lon="3.211339451372624">
        <ele>520.0</ele>
      </trkpt>
      <trkpt lat="44.18346767368801" lon="3.2112455740571004">
        <ele>522.0</ele>
      </trkpt>
      <trkpt lat="44.183534994174686" lon="3.211199976503849">
        <ele>524.0</ele>
      </trkpt>
      <trkpt lat="44.183619625534575" lon="3.211149014532568">
        <ele>526.0</ele>
      </trkpt>
      <trkpt lat="44.18367732866481" lon="3.2110926881432524">
        <ele>528.0</ele>
      </trkpt>
      <trkpt lat="44.18374657234655" lon="3.211009539663793">
        <ele>529.0</ele>
      </trkpt>
      <trkpt lat="44.183817739379194" lon="3.210886158049108">
        <ele>530.0</ele>
      </trkpt>
      <trkpt lat="44.18387928917595" lon="3.210829831659792">
        <ele>530.0</ele>
      </trkpt>
      <trkpt lat="44.18408894268888" lon="3.21075204759836">
        <ele>530.0</ele>
      </trkpt>
      <trkpt lat="44.18424185445936" lon="3.2106849925534435">
        <ele>531.0</ele>
      </trkpt>
      <trkpt lat="44.18439476620098" lon="3.2106179371476165">
        <ele>530.0</ele>
      </trkpt>
      <trkpt lat="44.18452363462367" lon="3.210558928683122">
        <ele>530.0</ele>
      </trkpt>
      <trkpt lat="44.184652503023244" lon="3.2104999199509625">
        <ele>529.0</ele>
      </trkpt>
      <trkpt lat="44.18475636679727" lon="3.2104194536805144">
        <ele>528.0</ele>
      </trkpt>
      <trkpt lat="44.184856383591885" lon="3.2102558389306055">
        <ele>528.0</ele>
      </trkpt>
      <trkpt lat="44.18498140434649" lon="3.210009075701235">
        <ele>528.0</ele>
      </trkpt>
      <trkpt lat="44.18504679977978" lon="3.2098575310663113">
        <ele>528.0</ele>
      </trkpt>
      <trkpt lat="44.18511219500601" lon="3.2097059860825534">
        <ele>529.0</ele>
      </trkpt>
      <trkpt lat="44.18520451764978" lon="3.209461905062201">
        <ele>529.0</ele>
      </trkpt>
      <trkpt lat="44.18525067891745" lon="3.2091614976525293">
        <ele>530.0</ele>
      </trkpt>
      <trkpt lat="44.18529010842354" lon="3.2089911774982762">
        <ele>531.0</ele>
      </trkpt>
      <trkpt lat="44.185329537666064" lon="3.208820857107638">
        <ele>531.0</ele>
      </trkpt>
      <trkpt lat="44.185386277585934" lon="3.2086210327355738">
        <ele>532.0</ele>
      </trkpt>
      <trkpt lat="44.185443017143584" lon="3.208421207964419">
        <ele>533.0</ele>
      </trkpt>
      <trkpt lat="44.1854987951118" lon="3.2082629576325408">
        <ele>533.0</ele>
      </trkpt>
      <trkpt lat="44.18551995225834" lon="3.2080349698662745">
        <ele>534.0</ele>
      </trkpt>
      <trkpt lat="44.18549879511177" lon="3.2077774778008465">
        <ele>535.0</ele>
      </trkpt>
      <trkpt lat="44.185481484713534" lon="3.207503892481328">
        <ele>536.0</ele>
      </trkpt>
      <trkpt lat="44.1854872548468" lon="3.207208849489689">
        <ele>537.0</ele>
      </trkpt>
      <trkpt lat="44.18548725484679" lon="3.2069486752152425">
        <ele>539.0</ele>
      </trkpt>
      <trkpt lat="44.185496871734465" lon="3.2067287340760235">
        <ele>541.0</ele>
      </trkpt>
      <trkpt lat="44.185464174310155" lon="3.206575848162173">
        <ele>542.0</ele>
      </trkpt>
      <trkpt lat="44.18542185996936" lon="3.2064926996827126">
        <ele>544.0</ele>
      </trkpt>
      <trkpt lat="44.18533915457943" lon="3.206455148756504">
        <ele>546.0</ele>
      </trkpt>
      <trkpt lat="44.18521605787442" lon="3.2063652945598404">
        <ele>548.0</ele>
      </trkpt>
      <trkpt lat="44.18509296110369" lon="3.2062754407525045">
        <ele>550.0</ele>
      </trkpt>
      <trkpt lat="44.1849256258887" lon="3.206135965883731">
        <ele>551.0</ele>
      </trkpt>
      <trkpt lat="44.1848429198025" lon="3.205991126596929">
        <ele>552.0</ele>
      </trkpt>
      <trkpt lat="44.18472751576729" lon="3.2058248296380025">
        <ele>553.0</ele>
      </trkpt>
      <trkpt lat="44.18464096259802" lon="3.2057001067288224">
        <ele>554.0</ele>
      </trkpt>
      <trkpt lat="44.18455440929086" lon="3.205575384199619">
        <ele>555.0</ele>
      </trkpt>
      <trkpt lat="44.18442746421845" lon="3.2053393498063096">
        <ele>556.0</ele>
      </trkpt>
      <trkpt lat="44.18433514035257" lon="3.2052159679911485">
        <ele>557.0</ele>
      </trkpt>
      <trkpt lat="44.18424281635237" lon="3.2050925865769395">
        <ele>558.0</ele>
      </trkpt>
      <trkpt lat="44.184125487720365" lon="3.2049933448433876">
        <ele>559.0</ele>
      </trkpt>
      <trkpt lat="44.184012005614484" lon="3.2049262894840926">
        <ele>561.0</ele>
      </trkpt>
      <trkpt lat="44.18389852347429" lon="3.2048592343926425">
        <ele>563.0</ele>
      </trkpt>
      <trkpt lat="44.18369271615667" lon="3.204746581614018">
        <ele>565.0</ele>
      </trkpt>
      <trkpt lat="44.183576348032595" lon="3.20473048832697">
        <ele>567.0</ele>
      </trkpt>
      <trkpt lat="44.1834599799132" lon="3.204714395105841">
        <ele>569.0</ele>
      </trkpt>
      <trkpt lat="44.18333207061784" lon="3.2047009840305747">
        <ele>571.0</ele>
      </trkpt>
      <trkpt lat="44.18320416132935" lon="3.204687573015689">
        <ele>572.0</ele>
      </trkpt>
      <trkpt lat="44.18307721320896" lon="3.2046768441556606">
        <ele>573.0</ele>
      </trkpt>
      <trkpt lat="44.182950265095904" lon="3.2046661153435716">
        <ele>574.0</ele>
      </trkpt>
      <trkpt lat="44.18282716337314" lon="3.2046258821211833">
        <ele>575.0</ele>
      </trkpt>
      <trkpt lat="44.1827040616435" lon="3.2045856490731226">
        <ele>577.0</ele>
      </trkpt>
      <trkpt lat="44.18254633701639" lon="3.2045534625649443">
        <ele>578.0</ele>
      </trkpt>
      <trkpt lat="44.18243285196274" lon="3.204556144773959">
        <ele>579.0</ele>
      </trkpt>
      <trkpt lat="44.182278973369364" lon="3.2045735791797685">
        <ele>579.0</ele>
      </trkpt>
      <trkpt lat="44.18212509478551" lon="3.2045910134911524">
        <ele>580.0</ele>
      </trkpt>
      <trkpt lat="44.181936592721094" lon="3.204574920237063">
        <ele>581.0</ele>
      </trkpt>
      <trkpt lat="44.181780789337274" lon="3.2045279814506005">
        <ele>581.0</ele>
      </trkpt>
      <trkpt lat="44.181624985946016" lon="3.204481042921542">
        <ele>582.0</ele>
      </trkpt>
      <trkpt lat="44.18146341141424" lon="3.2043898478150386">
        <ele>583.0</ele>
      </trkpt>
      <trkpt lat="44.18136338882431" lon="3.204286582586193">
        <ele>583.0</ele>
      </trkpt>
      <trkpt lat="44.181263366142396" lon="3.204183317720889">
        <ele>584.0</ele>
      </trkpt>
      <trkpt lat="44.181185463725306" lon="3.2040639592560916">
        <ele>584.0</ele>
      </trkpt>
      <trkpt lat="44.18110756118153" lon="3.203944601118565">
        <ele>584.0</ele>
      </trkpt>
      <trkpt lat="44.181017155645186" lon="3.203780986368655">
        <ele>584.0</ele>
      </trkpt>
      <trkpt lat="44.180965220487494" lon="3.203700184822083">
        <ele>585.0</ele>
      </trkpt>
      <trkpt lat="44.18092290291746" lon="3.20362240076065">
        <ele>585.0</ele>
      </trkpt>
      <trkpt lat="44.18087866178906" lon="3.2036063075065613">
        <ele>586.0</ele>
      </trkpt>
      <trkpt lat="44.18083442062743" lon="3.2036143541336064">
        <ele>587.0</ele>
      </trkpt>
      <trkpt lat="44.180797873555825" lon="3.2036358118057247">
        <ele>588.0</ele>
      </trkpt>
      <trkpt lat="44.18077863824591" lon="3.203697502613068">
        <ele>589.0</ele>
      </trkpt>
      <trkpt lat="44.18079595002512" lon="3.2037591934204097">
        <ele>590.0</ele>
      </trkpt>
      <trkpt lat="44.18084211474486" lon="3.2038021087646484">
        <ele>591.0</ele>
      </trkpt>
      <trkpt lat="44.180903667648316" lon="3.2038342952728276">
        <ele>593.0</ele>
      </trkpt>
      <trkpt lat="44.18095175580942" lon="3.2038745284080505">
        <ele>594.0</ele>
      </trkpt>
      <trkpt lat="44.18100176745496" lon="3.2039204612374306">
        <ele>595.0</ele>
      </trkpt>
      <trkpt lat="44.18107870836586" lon="3.2040411606430994">
        <ele>597.0</ele>
      </trkpt>
      <trkpt lat="44.18119604306166" lon="3.20430401712656">
        <ele>598.0</ele>
      </trkpt>
      <trkpt lat="44.18129221886768" lon="3.204502500593661">
        <ele>599.0</ele>
      </trkpt>
      <trkpt lat="44.18143840579275" lon="3.204647004604339">
        <ele>601.0</ele>
      </trkpt>
      <trkpt lat="44.18161729193071" lon="3.204768039286136">
        <ele>602.0</ele>
      </trkpt>
      <trkpt lat="44.18176251615914" lon="3.2048657720273366">
        <ele>604.0</ele>
      </trkpt>
      <trkpt lat="44.181907740311466" lon="3.2049635052680974">
        <ele>605.0</ele>
      </trkpt>
      <trkpt lat="44.18200391495652" lon="3.205011785030366">
        <ele>606.0</ele>
      </trkpt>
      <trkpt lat="44.18210008944428" lon="3.205033577978611">
        <ele>607.0</ele>
      </trkpt>
      <trkpt lat="44.182242427399196" lon="3.2050493359565735">
        <ele>607.0</ele>
      </trkpt>
      <trkpt lat="44.182367453697026" lon="3.2050791755318664">
        <ele>608.0</ele>
      </trkpt>
      <trkpt lat="44.18256941869551" lon="3.205165006220341">
        <ele>608.0</ele>
      </trkpt>
      <trkpt lat="44.18275407180293" lon="3.205242790281772">
        <ele>608.0</ele>
      </trkpt>
      <trkpt lat="44.1828983314785" lon="3.2053085042358">
        <ele>608.0</ele>
      </trkpt>
      <trkpt lat="44.18304259112552" lon="3.2053742185235006">
        <ele>608.0</ele>
      </trkpt>
      <trkpt lat="44.183167615609804" lon="3.205439932499776">
        <ele>609.0</ele>
      </trkpt>
      <trkpt lat="44.18329264006285" lon="3.205505646765233">
        <ele>610.0</ele>
      </trkpt>
      <trkpt lat="44.18344459236057" lon="3.205602206289767">
        <ele>611.0</ele>
      </trkpt>
      <trkpt lat="44.18353307073325" lon="3.205677308142187">
        <ele>612.0</ele>
      </trkpt>
      <trkpt lat="44.18361577865719" lon="3.205773867666721">
        <ele>613.0</ele>
      </trkpt>
      <trkpt lat="44.18369944819744" lon="3.205902613509854">
        <ele>614.0</ele>
      </trkpt>
      <trkpt lat="44.18378311759026" lon="3.206031359732149">
        <ele>615.0</ele>
      </trkpt>
      <trkpt lat="44.18386486349064" lon="3.2061802221183124">
        <ele>616.0</ele>
      </trkpt>
      <trkpt lat="44.18394660919254" lon="3.2063290849328023">
        <ele>617.0</ele>
      </trkpt>
      <trkpt lat="44.184045665693006" lon="3.2064980638061553">
        <ele>618.0</ele>
      </trkpt>
      <trkpt lat="44.18414472193836" lon="3.2066670432686792">
        <ele>619.0</ele>
      </trkpt>
      <trkpt lat="44.184283208122565" lon="3.206854797899721">
        <ele>619.0</ele>
      </trkpt>
      <trkpt lat="44.18435822133639" lon="3.2070023193955417">
        <ele>619.0</ele>
      </trkpt>
      <trkpt lat="44.184431311042836" lon="3.2071444764733315">
        <ele>619.0</ele>
      </trkpt>
      <trkpt lat="44.184485166558" lon="3.207302726805209">
        <ele>618.0</ele>
      </trkpt>
      <trkpt lat="44.18451978793466" lon="3.2074743881821615">
        <ele>618.0</ele>
      </trkpt>
      <trkpt lat="44.184537098615316" lon="3.207629956305027">
        <ele>619.0</ele>
      </trkpt>
      <trkpt lat="44.18450440065861" lon="3.2077989354729635">
        <ele>619.0</ele>
      </trkpt>
      <trkpt lat="44.184435157867405" lon="3.207967579364776">
        <ele>620.0</ele>
      </trkpt>
      <trkpt lat="44.18438707254757" lon="3.208066821098327">
        <ele>620.0</ele>
      </trkpt>
      <trkpt lat="44.18435245109303" lon="3.2080936431884766">
        <ele>621.0</ele>
      </trkpt>
      <trkpt lat="44.18431975303394" lon="3.208088278770447">
        <ele>621.0</ele>
      </trkpt>
      <trkpt lat="44.18428320812253" lon="3.208056427538394">
        <ele>622.0</ele>
      </trkpt>
      <trkpt lat="44.184269744202226" lon="3.2079759612679464">
        <ele>623.0</ele>
      </trkpt>
      <trkpt lat="44.184321676449265" lon="3.207839168608189">
        <ele>625.0</ele>
      </trkpt>
      <trkpt lat="44.18437937889237" lon="3.207678236067295">
        <ele>627.0</ele>
      </trkpt>
      <trkpt lat="44.18438514913364" lon="3.207487799227236">
        <ele>628.0</ele>
      </trkpt>
      <trkpt lat="44.184319753033535" lon="3.207302726805211">
        <ele>630.0</ele>
      </trkpt>
      <trkpt lat="44.18425435686103" lon="3.2072168961167318">
        <ele>631.0</ele>
      </trkpt>
      <trkpt lat="44.18414472193834" lon="3.2070774212479574">
        <ele>633.0</ele>
      </trkpt>
      <trkpt lat="44.18399661829801" lon="3.2069164887070634">
        <ele>634.0</ele>
      </trkpt>
      <trkpt lat="44.18386390173277" lon="3.2067770138382925">
        <ele>636.0</ele>
      </trkpt>
      <trkpt lat="44.183711950515836" lon="3.2065838947892185">
        <ele>638.0</ele>
      </trkpt>
      <trkpt lat="44.183558075466685" lon="3.206441737711428">
        <ele>639.0</ele>
      </trkpt>
      <trkpt lat="44.183463826800725" lon="3.206345178186893">
        <ele>640.0</ele>
      </trkpt>
      <trkpt lat="44.18332149179507" lon="3.206251300871371">
        <ele>642.0</ele>
      </trkpt>
      <trkpt lat="44.18322724275086" lon="3.206173516809938">
        <ele>643.0</ele>
      </trkpt>
      <trkpt lat="44.183111835552815" lon="3.206138648092749">
        <ele>644.0</ele>
      </trkpt>
      <trkpt lat="44.18297142315716" lon="3.2060984149575225">
        <ele>645.0</ele>
      </trkpt>
      <trkpt lat="44.18285793880919" lon="3.206098414957522">
        <ele>646.0</ele>
      </trkpt>
      <trkpt lat="44.1827444544679" lon="3.2060984149575216">
        <ele>648.0</ele>
      </trkpt>
      <trkpt lat="44.18263096968464" lon="3.206079639456919">
        <ele>650.0</ele>
      </trkpt>
      <trkpt lat="44.182517484904835" lon="3.206060864031313">
        <ele>651.0</ele>
      </trkpt>
      <trkpt lat="44.18240303794314" lon="3.2060447707448114">
        <ele>653.0</ele>
      </trkpt>
      <trkpt lat="44.18228859098589" lon="3.206028677523137">
        <ele>655.0</ele>
      </trkpt>
      <trkpt lat="44.182136635708645" lon="3.206009902060032">
        <ele>656.0</ele>
      </trkpt>
      <trkpt lat="44.181967368609534" lon="3.205975033342837">
        <ele>658.0</ele>
      </trkpt>
      <trkpt lat="44.18182695348803" lon="3.2059508934617025">
        <ele>659.0</ele>
      </trkpt>
      <trkpt lat="44.18162498594602" lon="3.205865062773228">
        <ele>661.0</ele>
      </trkpt>
      <trkpt lat="44.181515346133445" lon="3.20578459650278">
        <ele>663.0</ele>
      </trkpt>
      <trkpt lat="44.181405706117005" lon="3.2057389989495295">
        <ele>664.0</ele>
      </trkpt>
      <trkpt lat="44.181242207468145" lon="3.2056719437241554">
        <ele>665.0</ele>
      </trkpt>
      <trkpt lat="44.181094096535986" lon="3.205599524080752">
        <ele>666.0</ele>
      </trkpt>
      <trkpt lat="44.18090366764794" lon="3.205478824675084">
        <ele>667.0</ele>
      </trkpt>
      <trkpt lat="44.180708429017955" lon="3.2053849470370115">
        <ele>668.0</ele>
      </trkpt>
      <trkpt lat="44.1805131903275" lon="3.205291070044039">
        <ele>669.0</ele>
      </trkpt>
      <trkpt lat="44.18042855450821" lon="3.2052132859826075">
        <ele>670.0</ele>
      </trkpt>
      <trkpt lat="44.180307371191745" lon="3.2050979509949675">
        <ele>672.0</ele>
      </trkpt>
      <trkpt lat="44.180165028565774" lon="3.2048803567886357">
        <ele>673.0</ele>
      </trkpt>
      <trkpt lat="44.180115016210074" lon="3.2048562169075017">
        <ele>675.0</ele>
      </trkpt>
      <trkpt lat="44.180080392246666" lon="3.2048723101615906">
        <ele>676.0</ele>
      </trkpt>
      <trkpt lat="44.18003037981918" lon="3.204947412014007">
        <ele>677.0</ele>
      </trkpt>
      <trkpt lat="44.179972673118975" lon="3.2050255313515654">
        <ele>679.0</ele>
      </trkpt>
      <trkpt lat="44.179907272124204" lon="3.2051113620400424">
        <ele>680.0</ele>
      </trkpt>
      <trkpt lat="44.179797629117346" lon="3.205178417265417">
        <ele>682.0</ele>
      </trkpt>
      <trkpt lat="44.179591807483575" lon="3.2053017988800976">
        <ele>684.0</ele>
      </trkpt>
      <trkpt lat="44.17942445665366" lon="3.2054198160767564">
        <ele>686.0</ele>
      </trkpt>
      <trkpt lat="44.17926287609135" lon="3.205586113035678">
        <ele>688.0</ele>
      </trkpt>
      <trkpt lat="44.179101295086134" lon="3.2057685032486924">
        <ele>689.0</ele>
      </trkpt>
      <trkpt lat="44.17895798772038" lon="3.205948211705892">
        <ele>690.0</ele>
      </trkpt>
      <trkpt lat="44.178814680070985" lon="3.206127919256686">
        <ele>692.0</ele>
      </trkpt>
      <trkpt lat="44.178704073212835" lon="3.2062660532898195">
        <ele>693.0</ele>
      </trkpt>
      <trkpt lat="44.178593466187145" lon="3.2064041867852198">
        <ele>694.0</ele>
      </trkpt>
      <trkpt lat="44.178479973524574" lon="3.206642903387547">
        <ele>695.0</ele>
      </trkpt>
      <trkpt lat="44.17844727220843" lon="3.2069030776619916">
        <ele>696.0</ele>
      </trkpt>
      <trkpt lat="44.1784838207371" lon="3.207082785665988">
        <ele>697.0</ele>
      </trkpt>
      <trkpt lat="44.178597313392196" lon="3.20725444704294">
        <ele>697.0</ele>
      </trkpt>
      <trkpt lat="44.178603084199395" lon="3.20738587528467">
        <ele>698.0</ele>
      </trkpt>
      <trkpt lat="44.178554994122656" lon="3.2074931636452666">
        <ele>698.0</ele>
      </trkpt>
      <trkpt lat="44.17838956395922" lon="3.2076031342148794">
        <ele>699.0</ele>
      </trkpt>
      <trkpt lat="44.178275108993844" lon="3.2076514140743866">
        <ele>700.0</ele>
      </trkpt>
      <trkpt lat="44.178160654014036" lon="3.2076996937394124">
        <ele>701.0</ele>
      </trkpt>
      <trkpt lat="44.17803177155306" lon="3.207777477800846">
        <ele>702.0</ele>
      </trkpt>
      <trkpt lat="44.17793174318023" lon="3.2079384103417374">
        <ele>703.0</ele>
      </trkpt>
      <trkpt lat="44.17780093659053" lon="3.208163715898989">
        <ele>704.0</ele>
      </trkpt>
      <trkpt lat="44.177697060562515" lon="3.208343423902988">
        <ele>705.0</ele>
      </trkpt>
      <trkpt lat="44.17755471163433" lon="3.208456076681614">
        <ele>706.0</ele>
      </trkpt>
      <trkpt lat="44.17740082051466" lon="3.2085472717881185">
        <ele>708.0</ele>
      </trkpt>
      <trkpt lat="44.177258470871344" lon="3.2087082043290125">
        <ele>709.0</ele>
      </trkpt>
      <trkpt lat="44.17708726611539" lon="3.2089040055871014">
        <ele>710.0</ele>
      </trkpt>
      <trkpt lat="44.176957419409824" lon="3.209033925383119">
        <ele>711.0</ele>
      </trkpt>
      <trkpt lat="44.17682757255921" lon="3.209163844585421">
        <ele>712.0</ele>
      </trkpt>
      <trkpt lat="44.176677526872425" lon="3.209217824041843">
        <ele>712.0</ele>
      </trkpt>
      <trkpt lat="44.176544793830736" lon="3.209123946726321">
        <ele>712.0</ele>
      </trkpt>
      <trkpt lat="44.1764024420225" lon="3.2089925181553696">
        <ele>713.0</ele>
      </trkpt>
      <trkpt lat="44.176260090067395" lon="3.208861090242863">
        <ele>713.0</ele>
      </trkpt>
      <trkpt lat="44.17617352446138" lon="3.20876721292734">
        <ele>713.0</ele>
      </trkpt>
      <trkpt lat="44.17605810345584" lon="3.208678364753723">
        <ele>714.0</ele>
      </trkpt>
      <trkpt lat="44.17591190319103" lon="3.2086247205734253">
        <ele>714.0</ele>
      </trkpt>
      <trkpt lat="44.17575608408872" lon="3.20862740278244">
        <ele>715.0</ele>
      </trkpt>
      <trkpt lat="44.1756156541746" lon="3.2086086273193373">
        <ele>716.0</ele>
      </trkpt>
      <trkpt lat="44.17550792689054" lon="3.2085523009300227">
        <ele>716.0</ele>
      </trkpt>
      <trkpt lat="44.17538480975348" lon="3.208466470241546">
        <ele>717.0</ele>
      </trkpt>
      <trkpt lat="44.17527323462598" lon="3.2083752751350403">
        <ele>717.0</ele>
      </trkpt>
      <trkpt lat="44.17519820985259" lon="3.2083430886268625">
        <ele>718.0</ele>
      </trkpt>
      <trkpt lat="44.175096252956294" lon="3.208313584327698">
        <ele>719.0</ele>
      </trkpt>
      <trkpt lat="44.17498467728282" lon="3.2082840800285344">
        <ele>720.0</ele>
      </trkpt>
      <trkpt lat="44.17489618608135" lon="3.208241164684298">
        <ele>721.0</ele>
      </trkpt>
      <trkpt lat="44.17481346592511" lon="3.208192884922028">
        <ele>722.0</ele>
      </trkpt>
      <trkpt lat="44.17466533884376" lon="3.208152651786804">
        <ele>722.0</ele>
      </trkpt>
      <trkpt lat="44.17453644859938" lon="3.2081338762811185">
        <ele>723.0</ele>
      </trkpt>
      <trkpt lat="44.17440755836047" lon="3.2081151008605966">
        <ele>724.0</ele>
      </trkpt>
      <trkpt lat="44.17423057409265" lon="3.2080990076065072">
        <ele>725.0</ele>
      </trkpt>
      <trkpt lat="44.17401703801904" lon="3.2081070542335524">
        <ele>726.0</ele>
      </trkpt>
      <trkpt lat="44.17380734868983" lon="3.2080990076065063">
        <ele>726.0</ele>
      </trkpt>
      <trkpt lat="44.17368999929024" lon="3.208061456680298">
        <ele>727.0</ele>
      </trkpt>
      <trkpt lat="44.17358611597574" lon="3.207957017975873">
        <ele>728.0</ele>
      </trkpt>
      <trkpt lat="44.17348223256745" lon="3.207852579653262">
        <ele>728.0</ele>
      </trkpt>
      <trkpt lat="44.17342067191654" lon="3.2078120112419124">
        <ele>729.0</ele>
      </trkpt>
      <trkpt lat="44.17336103497457" lon="3.2077905535697937">
        <ele>729.0</ele>
      </trkpt>
      <trkpt lat="44.17327638888902" lon="3.207780160009861">
        <ele>729.0</ele>
      </trkpt>
      <trkpt lat="44.173149419532336" lon="3.2078552618622767">
        <ele>730.0</ele>
      </trkpt>
      <trkpt lat="44.17303495442636" lon="3.207950480474087">
        <ele>731.0</ele>
      </trkpt>
      <trkpt lat="44.172920489244596" lon="3.2080456987023345">
        <ele>731.0</ele>
      </trkpt>
      <trkpt lat="44.17275889085936" lon="3.2081905379891413">
        <ele>732.0</ele>
      </trkpt>
      <trkpt lat="44.17264153937352" lon="3.2083514705300313">
        <ele>733.0</ele>
      </trkpt>
      <trkpt lat="44.17251969878672" lon="3.2085204504225135">
        <ele>733.0</ele>
      </trkpt>
      <trkpt lat="44.172397857947416" lon="3.20868942959045">
        <ele>734.0</ele>
      </trkpt>
      <trkpt lat="44.17227601685559" lon="3.2088584080338465">
        <ele>734.0</ele>
      </trkpt>
      <trkpt lat="44.17218655967305" lon="3.2089724020964128">
        <ele>734.0</ele>
      </trkpt>
      <trkpt lat="44.17209710237625" lon="3.2090863958001123">
        <ele>735.0</ele>
      </trkpt>
      <trkpt lat="44.1719932162535" lon="3.209188319928989">
        <ele>735.0</ele>
      </trkpt>
      <trkpt lat="44.171889330041665" lon="3.2092902436852433">
        <ele>735.0</ele>
      </trkpt>
      <trkpt lat="44.171739271789285" lon="3.209413625299932">
        <ele>734.0</ele>
      </trkpt>
      <trkpt lat="44.171614222842095" lon="3.209487386210137">
        <ele>734.0</ele>
      </trkpt>
      <trkpt lat="44.17148917385348" lon="3.20956114679575">
        <ele>734.0</ele>
      </trkpt>
      <trkpt lat="44.17131987597474" lon="3.2096523421739143">
        <ele>734.0</ele>
      </trkpt>
      <trkpt lat="44.171150578035174" lon="3.209743537008762">
        <ele>734.0</ele>
      </trkpt>
      <trkpt lat="44.17095915480754" lon="3.209810592459986">
        <ele>734.0</ele>
      </trkpt>
      <trkpt lat="44.17076773155808" lon="3.209877647459506">
        <ele>734.0</ele>
      </trkpt>
      <trkpt lat="44.170565244201605" lon="3.2099668318624808">
        <ele>734.0</ele>
      </trkpt>
      <trkpt lat="44.17036275679407" lon="3.2100560156299647">
        <ele>734.0</ele>
      </trkpt>
      <trkpt lat="44.170160269335476" lon="3.2101451987619654">
        <ele>734.0</ele>
      </trkpt>
      <trkpt lat="44.16995778182582" lon="3.2102343812584864">
        <ele>734.0</ele>
      </trkpt>
      <trkpt lat="44.16976731640218" lon="3.2103184243709117">
        <ele>734.0</ele>
      </trkpt>
      <trkpt lat="44.16957685093312" lon="3.2104024669200433">
        <ele>734.0</ele>
      </trkpt>
      <trkpt lat="44.16938638541866" lon="3.2104865089058863">
        <ele>734.0</ele>
      </trkpt>
      <trkpt lat="44.16922766300565" lon="3.2105414943442487">
        <ele>734.0</ele>
      </trkpt>
      <trkpt lat="44.16906894057827" lon="3.2105964794754973">
        <ele>735.0</ele>
      </trkpt>
      <trkpt lat="44.16895542958433" lon="3.2106018438935267">
        <ele>735.0</ele>
      </trkpt>
      <trkpt lat="44.16877458110878" lon="3.210566975176334">
        <ele>735.0</ele>
      </trkpt>
      <trkpt lat="44.16859565600742" lon="3.210443593561648">
        <ele>735.0</ele>
      </trkpt>
      <trkpt lat="44.16843404551632" lon="3.2102951771521284">
        <ele>736.0</ele>
      </trkpt>
      <trkpt lat="44.1682724348381" lon="3.210146761586639">
        <ele>736.0</ele>
      </trkpt>
      <trkpt lat="44.16811082397277" lon="3.209998346865177">
        <ele>737.0</ele>
      </trkpt>
      <trkpt lat="44.167938630535126" lon="3.2098427782709975">
        <ele>737.0</ele>
      </trkpt>
      <trkpt lat="44.167766436892414" lon="3.20968721061945">
        <ele>737.0</ele>
      </trkpt>
      <trkpt lat="44.167638493610056" lon="3.209573216479709">
        <ele>738.0</ele>
      </trkpt>
      <trkpt lat="44.16751055021783" lon="3.209459222853186">
        <ele>738.0</ele>
      </trkpt>
      <trkpt lat="44.16741242796549" lon="3.2094404473900804">
        <ele>739.0</ele>
      </trkpt>
      <trkpt lat="44.167229650785664" lon="3.20944044739008">
        <ele>739.0</ele>
      </trkpt>
      <trkpt lat="44.16711036419743" lon="3.2094550319322073">
        <ele>740.0</ele>
      </trkpt>
      <trkpt lat="44.166991077614725" lon="3.209469616413117">
        <ele>740.0</ele>
      </trkpt>
      <trkpt lat="44.166854474800154" lon="3.2095232605934134">
        <ele>741.0</ele>
      </trkpt>
      <trkpt lat="44.166771743364265" lon="3.2095849514007564">
        <ele>741.0</ele>
      </trkpt>
      <trkpt lat="44.16670825171839" lon="3.209660388529299">
        <ele>741.0</ele>
      </trkpt>
      <trkpt lat="44.16661012813153" lon="3.209780752658844">
        <ele>742.0</ele>
      </trkpt>
      <trkpt lat="44.1665447123161" lon="3.2099420204758653">
        <ele>742.0</ele>
      </trkpt>
      <trkpt lat="44.16649180262206" lon="3.210168667348606">
        <ele>743.0</ele>
      </trkpt>
      <trkpt lat="44.166438892461215" lon="3.2103953137993795">
        <ele>743.0</ele>
      </trkpt>
      <trkpt lat="44.1663696284534" lon="3.210583068430423">
        <ele>744.0</ele>
      </trkpt>
      <trkpt lat="44.16626958029859" lon="3.2107305899262424">
        <ele>744.0</ele>
      </trkpt>
      <trkpt lat="44.16610026764998" lon="3.210864700376986">
        <ele>745.0</ele>
      </trkpt>
      <trkpt lat="44.1659694348159" lon="3.2109907642006887">
        <ele>746.0</ele>
      </trkpt>
      <trkpt lat="44.16587130999989" lon="3.211151696741582">
        <ele>747.0</ele>
      </trkpt>
      <trkpt lat="44.165792425283456" lon="3.2113086061867238">
        <ele>748.0</ele>
      </trkpt>
      <trkpt lat="44.16571354034583" lon="3.2114655151963234">
        <ele>749.0</ele>
      </trkpt>
      <trkpt lat="44.16560579497357" lon="3.211696185171603">
        <ele>751.0</ele>
      </trkpt>
      <trkpt lat="44.16554230207282" lon="3.2119214907288542">
        <ele>752.0</ele>
      </trkpt>
      <trkpt lat="44.1655230617864" lon="3.212232626974583">
        <ele>753.0</ele>
      </trkpt>
      <trkpt lat="44.16551728969933" lon="3.212334215641021">
        <ele>754.0</ele>
      </trkpt>
      <trkpt lat="44.16548650522498" lon="3.212428092956543">
        <ele>756.0</ele>
      </trkpt>
      <trkpt lat="44.16544802460938" lon="3.212479054927826">
        <ele>757.0</ele>
      </trkpt>
      <trkpt lat="44.16540184783748" lon="3.2125169411301604">
        <ele>758.0</ele>
      </trkpt>
      <trkpt lat="44.16530372207733" lon="3.212594725191594">
        <ele>758.0</ele>
      </trkpt>
      <trkpt lat="44.16513440665649" lon="3.2126751914620413">
        <ele>759.0</ele>
      </trkpt>
      <trkpt lat="44.16493238193888" lon="3.2127878442406654">
        <ele>759.0</ele>
      </trkpt>
      <trkpt lat="44.16482271099198" lon="3.2128321007748037">
        <ele>760.0</ele>
      </trkpt>
      <trkpt lat="44.164713040033554" lon="3.212876357138157">
        <ele>760.0</ele>
      </trkpt>
      <trkpt lat="44.16450908981086" lon="3.212919272482396">
        <ele>760.0</ele>
      </trkpt>
      <trkpt lat="44.164374405314994" lon="3.2129541411995888">
        <ele>760.0</ele>
      </trkpt>
      <trkpt lat="44.16422625201444" lon="3.21301583200693">
        <ele>760.0</ele>
      </trkpt>
      <trkpt lat="44.164070402036835" lon="3.2131418958306295">
        <ele>760.0</ele>
      </trkpt>
      <trkpt lat="44.16389531083061" lon="3.213292099535466">
        <ele>760.0</ele>
      </trkpt>
      <trkpt lat="44.16377216945075" lon="3.213227726519107">
        <ele>760.0</ele>
      </trkpt>
      <trkpt lat="44.16357206416054" lon="3.2131660357117653">
        <ele>760.0</ele>
      </trkpt>
      <trkpt lat="44.16344892197763" lon="3.2131365313486815">
        <ele>759.0</ele>
      </trkpt>
      <trkpt lat="44.16332577979473" lon="3.2131070271134385">
        <ele>759.0</ele>
      </trkpt>
      <trkpt lat="44.16319686477011" lon="3.2130802049624556">
        <ele>759.0</ele>
      </trkpt>
      <trkpt lat="44.163067949747614" lon="3.213053382933139">
        <ele>759.0</ele>
      </trkpt>
      <trkpt lat="44.162934223866294" lon="3.213022537456901">
        <ele>758.0</ele>
      </trkpt>
      <trkpt lat="44.16280049798568" lon="3.2129916921257964">
        <ele>758.0</ele>
      </trkpt>
      <trkpt lat="44.162669657687886" lon="3.212960846651124">
        <ele>757.0</ele>
      </trkpt>
      <trkpt lat="44.16253881739039" lon="3.2129300013184547">
        <ele>757.0</ele>
      </trkpt>
      <trkpt lat="44.16238296274703" lon="3.212899155830208">
        <ele>757.0</ele>
      </trkpt>
      <trkpt lat="44.16222710810776" lon="3.2128683105111113">
        <ele>756.0</ele>
      </trkpt>
      <trkpt lat="44.16201737686122" lon="3.2127875089645395">
        <ele>756.0</ele>
      </trkpt>
      <trkpt lat="44.161848052007905" lon="3.212702013552189">
        <ele>755.0</ele>
      </trkpt>
      <trkpt lat="44.16170566482347" lon="3.212669491767885">
        <ele>755.0</ele>
      </trkpt>
      <trkpt lat="44.161592139547245" lon="3.2126669771919105">
        <ele>754.0</ele>
      </trkpt>
      <trkpt lat="44.16147861427773" lon="3.21266446262598">
        <ele>754.0</ele>
      </trkpt>
      <trkpt lat="44.161341998534866" lon="3.2126616127720538">
        <ele>753.0</ele>
      </trkpt>
      <trkpt lat="44.161205382801725" lon="3.212658762931826">
        <ele>752.0</ele>
      </trkpt>
      <trkpt lat="44.161048241629274" lon="3.21265183385356">
        <ele>751.0</ele>
      </trkpt>
      <trkpt lat="44.160891100469364" lon="3.212644904813606">
        <ele>751.0</ele>
      </trkpt>
      <trkpt lat="44.16073395932201" lon="3.21263797581196">
        <ele>750.0</ele>
      </trkpt>
      <trkpt lat="44.16055308564016" lon="3.212675526738166">
        <ele>749.0</ele>
      </trkpt>
      <trkpt lat="44.160479966334925" lon="3.2126829028129578">
        <ele>748.0</ele>
      </trkpt>
      <trkpt lat="44.16041646791727" lon="3.2126721739768977">
        <ele>747.0</ele>
      </trkpt>
      <trkpt lat="44.160349121035985" lon="3.212613165378571">
        <ele>746.0</ele>
      </trkpt>
      <trkpt lat="44.16031448546718" lon="3.212533034384251">
        <ele>746.0</ele>
      </trkpt>
      <trkpt lat="44.16036066622097" lon="3.212436474859713">
        <ele>745.0</ele>
      </trkpt>
      <trkpt lat="44.16043186147922" lon="3.2123050466179848">
        <ele>745.0</ele>
      </trkpt>
      <trkpt lat="44.16046264859133" lon="3.2121870294213277">
        <ele>744.0</ele>
      </trkpt>
      <trkpt lat="44.16046072439736" lon="3.2121115922927874">
        <ele>744.0</ele>
      </trkpt>
      <trkpt lat="44.160435709869205" lon="3.2120364904403687">
        <ele>743.0</ele>
      </trkpt>
      <trkpt lat="44.16038375658439" lon="3.211929537355899">
        <ele>743.0</ele>
      </trkpt>
      <trkpt lat="44.160289470876826" lon="3.2117364183068267">
        <ele>743.0</ele>
      </trkpt>
      <trkpt lat="44.160250986871226" lon="3.211500383913516">
        <ele>742.0</ele>
      </trkpt>
      <trkpt lat="44.16025675947368" lon="3.2113394513726226">
        <ele>742.0</ele>
      </trkpt>
      <trkpt lat="44.1602933192761" lon="3.2111030817031856">
        <ele>742.0</ele>
      </trkpt>
      <trkpt lat="44.1603375758486" lon="3.2109636068344125">
        <ele>742.0</ele>
      </trkpt>
      <trkpt lat="44.16038183238783" lon="3.2108727470040312">
        <ele>742.0</ele>
      </trkpt>
      <trkpt lat="44.16045687600901" lon="3.210765458643437">
        <ele>741.0</ele>
      </trkpt>
      <trkpt lat="44.16050690503688" lon="3.210684657096863">
        <ele>741.0</ele>
      </trkpt>
      <trkpt lat="44.16053576791822" lon="3.210588097572327">
        <ele>741.0</ele>
      </trkpt>
      <trkpt lat="44.16054346468412" lon="3.2104918733239183">
        <ele>741.0</ele>
      </trkpt>
      <trkpt lat="44.16053769210972" lon="3.210344351828097">
        <ele>742.0</ele>
      </trkpt>
      <trkpt lat="44.160510753421775" lon="3.21015391498804">
        <ele>742.0</ele>
      </trkpt>
      <trkpt lat="44.16044340664811" lon="3.2099742069840445">
        <ele>742.0</ele>
      </trkpt>
      <trkpt lat="44.16035104523355" lon="3.209842778742313">
        <ele>742.0</ele>
      </trkpt>
      <trkpt lat="44.16024521426825" lon="3.209740854799748">
        <ele>743.0</ele>
      </trkpt>
      <trkpt lat="44.16013361049919" lon="3.2096791639924054">
        <ele>743.0</ele>
      </trkpt>
      <trkpt lat="44.16002008231061" lon="3.2096711173653594">
        <ele>743.0</ele>
      </trkpt>
      <trkpt lat="44.1599065539036" lon="3.2097462192177764">
        <ele>743.0</ele>
      </trkpt>
      <trkpt lat="44.15980457057205" lon="3.209832049906254">
        <ele>744.0</ele>
      </trkpt>
      <trkpt lat="44.15971798081254" lon="3.2098669186234474">
        <ele>744.0</ele>
      </trkpt>
      <trkpt lat="44.15966025423574" lon="3.2098558545112605">
        <ele>744.0</ele>
      </trkpt>
      <trkpt lat="44.15959675493584" lon="3.2097968459129333">
        <ele>744.0</ele>
      </trkpt>
      <trkpt lat="44.15946205922498" lon="3.2096389308571824">
        <ele>744.0</ele>
      </trkpt>
      <trkpt lat="44.159313893588" lon="3.2095584645867343">
        <ele>744.0</ele>
      </trkpt>
      <trkpt lat="44.15915610620299" lon="3.2094860447423126">
        <ele>744.0</ele>
      </trkpt>
      <trkpt lat="44.15899831878328" lon="3.209413625299931">
        <ele>743.0</ele>
      </trkpt>
      <trkpt lat="44.158877091310096" lon="3.2093653454347013">
        <ele>743.0</ele>
      </trkpt>
      <trkpt lat="44.158755863823394" lon="3.2093170657753936">
        <ele>743.0</ele>
      </trkpt>
      <trkpt lat="44.15866157551446" lon="3.2092630863189693">
        <ele>743.0</ele>
      </trkpt>
      <trkpt lat="44.15859037811995" lon="3.2092017307877545">
        <ele>743.0</ele>
      </trkpt>
      <trkpt lat="44.15844605881366" lon="3.208976425230502">
        <ele>743.0</ele>
      </trkpt>
      <trkpt lat="44.15837678542128" lon="3.208810128271581">
        <ele>743.0</ele>
      </trkpt>
      <trkpt lat="44.15829981488988" lon="3.208708204329013">
        <ele>744.0</ele>
      </trkpt>
      <trkpt lat="44.15820745011966" lon="3.208614327013493">
        <ele>744.0</ele>
      </trkpt>
      <trkpt lat="44.1580227201455" lon="3.2085392251610743">
        <ele>745.0</ele>
      </trkpt>
      <trkpt lat="44.15783606531342" lon="3.208461105823517">
        <ele>746.0</ele>
      </trkpt>
      <trkpt lat="44.157626318457204" lon="3.208434619009494">
        <ele>746.0</ele>
      </trkpt>
      <trkpt lat="44.15741657085548" lon="3.2084024325013165">
        <ele>747.0</ele>
      </trkpt>
      <trkpt lat="44.15729918873342" lon="3.208358008322778">
        <ele>748.0</ele>
      </trkpt>
      <trkpt lat="44.15718180660061" lon="3.2083135843277">
        <ele>749.0</ele>
      </trkpt>
      <trkpt lat="44.15704710522825" lon="3.2082668131971754">
        <ele>750.0</ele>
      </trkpt>
      <trkpt lat="44.156912403845496" lon="3.208220042288303">
        <ele>751.0</ele>
      </trkpt>
      <trkpt lat="44.15672959413264" lon="3.2082012668251982">
        <ele>752.0</ele>
      </trkpt>
      <trkpt lat="44.15651599469811" lon="3.20828977972269">
        <ele>752.0</ele>
      </trkpt>
      <trkpt lat="44.15639861079357" lon="3.2083528117646933">
        <ele>753.0</ele>
      </trkpt>
      <trkpt lat="44.15628122686008" lon="3.20841584354639">
        <ele>754.0</ele>
      </trkpt>
      <trkpt lat="44.15612728022966" lon="3.2084936276078215">
        <ele>754.0</ele>
      </trkpt>
      <trkpt lat="44.156004122636226" lon="3.208493627607821">
        <ele>755.0</ele>
      </trkpt>
      <trkpt lat="44.15592907335179" lon="3.2084637880325313">
        <ele>756.0</ele>
      </trkpt>
      <trkpt lat="44.155850175283035" lon="3.208396732807159">
        <ele>756.0</ele>
      </trkpt>
      <trkpt lat="44.15573279015623" lon="3.208222724497317">
        <ele>756.0</ele>
      </trkpt>
      <trkpt lat="44.15563849701641" lon="3.208016194403171">
        <ele>756.0</ele>
      </trkpt>
      <trkpt lat="44.155582690801545" lon="3.2078602910041805">
        <ele>756.0</ele>
      </trkpt>
      <trkpt lat="44.15554805243471" lon="3.2077047228813176">
        <ele>756.0</ele>
      </trkpt>
      <trkpt lat="44.15553073324367" lon="3.207498192787171">
        <ele>756.0</ele>
      </trkpt>
      <trkpt lat="44.155532657598414" lon="3.2072008028626446">
        <ele>756.0</ele>
      </trkpt>
      <trkpt lat="44.155534582140085" lon="3.2069982960888734">
        <ele>755.0</ele>
      </trkpt>
      <trkpt lat="44.15553650630784" lon="3.206795789301394">
        <ele>755.0</ele>
      </trkpt>
      <trkpt lat="44.1555422793715" lon="3.2065678015351313">
        <ele>754.0</ele>
      </trkpt>
      <trkpt lat="44.15556152291305" lon="3.206283487379551">
        <ele>753.0</ele>
      </trkpt>
      <trkpt lat="44.15557499338846" lon="3.206044435501098">
        <ele>751.0</ele>
      </trkpt>
      <trkpt lat="44.15556152291305" lon="3.2057631388306613">
        <ele>750.0</ele>
      </trkpt>
      <trkpt lat="44.15553073324357" lon="3.20553783327341">
        <ele>749.0</ele>
      </trkpt>
      <trkpt lat="44.15548262435287" lon="3.2053044810891143">
        <ele>747.0</ele>
      </trkpt>
      <trkpt lat="44.15541719619857" lon="3.205014802515506">
        <ele>746.0</ele>
      </trkpt>
      <trkpt lat="44.155345994889416" lon="3.2048029080033293">
        <ele>745.0</ele>
      </trkpt>
      <trkpt lat="44.15525747422308" lon="3.2046768441796294">
        <ele>744.0</ele>
      </trkpt>
      <trkpt lat="44.155126617342674" lon="3.204607106745244">
        <ele>743.0</ele>
      </trkpt>
      <trkpt lat="44.15496497020747" lon="3.2046044245362273">
        <ele>742.0</ele>
      </trkpt>
      <trkpt lat="44.15475521314571" lon="3.204684890806675">
        <ele>742.0</ele>
      </trkpt>
      <trkpt lat="44.15458105623977" lon="3.204747922911623">
        <ele>741.0</ele>
      </trkpt>
      <trkpt lat="44.15440689931359" lon="3.2048109546303736">
        <ele>741.0</ele>
      </trkpt>
      <trkpt lat="44.15422600623614" lon="3.2048887386918072">
        <ele>741.0</ele>
      </trkpt>
      <trkpt lat="44.15412016422149" lon="3.2049759106470868">
        <ele>741.0</ele>
      </trkpt>
      <trkpt lat="44.15401432214346" lon="3.205063082277774">
        <ele>741.0</ele>
      </trkpt>
      <trkpt lat="44.15388442466429" lon="3.2052119452182395">
        <ele>741.0</ele>
      </trkpt>
      <trkpt lat="44.153754526991946" lon="3.2053608074784274">
        <ele>741.0</ele>
      </trkpt>
      <trkpt lat="44.153645797524995" lon="3.2054732928341245">
        <ele>742.0</ele>
      </trkpt>
      <trkpt lat="44.15353706794889" lon="3.2055857777595516">
        <ele>742.0</ele>
      </trkpt>
      <trkpt lat="44.15346009110438" lon="3.2056286931037907">
        <ele>742.0</ele>
      </trkpt>
      <trkpt lat="44.153371567608964" lon="3.2056397572159767">
        <ele>743.0</ele>
      </trkpt>
      <trkpt lat="44.15330998596883" lon="3.20563942193985">
        <ele>743.0</ele>
      </trkpt>
      <trkpt lat="44.153231084398364" lon="3.2056313753128047">
        <ele>743.0</ele>
      </trkpt>
      <trkpt lat="44.153125240662554" lon="3.205567002296448">
        <ele>744.0</ele>
      </trkpt>
      <trkpt lat="44.15304441440915" lon="3.2054838538169865">
        <ele>744.0</ele>
      </trkpt>
      <trkpt lat="44.15298475686531" lon="3.205360807478428">
        <ele>744.0</ele>
      </trkpt>
      <trkpt lat="44.15294819253452" lon="3.205130137503149">
        <ele>744.0</ele>
      </trkpt>
      <trkpt lat="44.15295204141252" lon="3.2049236074089995">
        <ele>744.0</ele>
      </trkpt>
      <trkpt lat="44.152969361360405" lon="3.2046553865075103">
        <ele>744.0</ele>
      </trkpt>
      <trkpt lat="44.1529712857987" lon="3.204454220831394">
        <ele>744.0</ele>
      </trkpt>
      <trkpt lat="44.15294434365627" lon="3.204236961901187">
        <ele>743.0</ele>
      </trkpt>
      <trkpt lat="44.15290970392476" lon="3.204030431681199">
        <ele>742.0</ele>
      </trkpt>
      <trkpt lat="44.15287506380495" lon="3.203823901712895">
        <ele>742.0</ele>
      </trkpt>
      <trkpt lat="44.15282695306736" lon="3.2035514896292865">
        <ele>741.0</ele>
      </trkpt>
      <trkpt lat="44.152778841654396" lon="3.203279078006745">
        <ele>741.0</ele>
      </trkpt>
      <trkpt lat="44.15274612608743" lon="3.203075230121613">
        <ele>740.0</ele>
      </trkpt>
      <trkpt lat="44.15272303273502" lon="3.2028636708855625">
        <ele>740.0</ele>
      </trkpt>
      <trkpt lat="44.15272303273502" lon="3.2026544585824013">
        <ele>739.0</ele>
      </trkpt>
      <trkpt lat="44.15275959720532" lon="3.2024291530251503">
        <ele>739.0</ele>
      </trkpt>
      <trkpt lat="44.15279808621419" lon="3.202260173971613">
        <ele>739.0</ele>
      </trkpt>
      <trkpt lat="44.15283657496353" lon="3.2020911946892734">
        <ele>739.0</ele>
      </trkpt>
      <trkpt lat="44.15289815709774" lon="3.201839067041874">
        <ele>739.0</ele>
      </trkpt>
      <trkpt lat="44.15294241921706" lon="3.2017237320542344">
        <ele>739.0</ele>
      </trkpt>
      <trkpt lat="44.153023245610136" lon="3.20158425718546">
        <ele>740.0</ele>
      </trkpt>
      <trkpt lat="44.153092525287605" lon="3.201452493667603">
        <ele>740.0</ele>
      </trkpt>
      <trkpt lat="44.153150258289976" lon="3.2012969255447388">
        <ele>740.0</ele>
      </trkpt>
      <trkpt lat="44.15319452022008" lon="3.2011658325791363">
        <ele>740.0</ele>
      </trkpt>
      <trkpt lat="44.15322531110851" lon="3.201031722128391">
        <ele>740.0</ele>
      </trkpt>
      <trkpt lat="44.15324647983493" lon="3.2008332386612883">
        <ele>740.0</ele>
      </trkpt>
      <trkpt lat="44.15325225312263" lon="3.200672306120395">
        <ele>739.0</ele>
      </trkpt>
      <trkpt lat="44.1531964446511" lon="3.2004577293992034">
        <ele>739.0</ele>
      </trkpt>
      <trkpt lat="44.15310599632641" lon="3.200227059423923">
        <ele>739.0</ele>
      </trkpt>
      <trkpt lat="44.15302035909059" lon="3.2000178468056135">
        <ele>739.0</ele>
      </trkpt>
      <trkpt lat="44.152934721459566" lon="3.1998086348175994">
        <ele>739.0</ele>
      </trkpt>
      <trkpt lat="44.15288083724651" lon="3.199631608854829">
        <ele>739.0</ele>
      </trkpt>
      <trkpt lat="44.15282695274925" lon="3.199454583227634">
        <ele>739.0</ele>
      </trkpt>
      <trkpt lat="44.15274997497848" lon="3.1992105022072783">
        <ele>740.0</ele>
      </trkpt>
      <trkpt lat="44.15272303273503" lon="3.198995925486087">
        <ele>740.0</ele>
      </trkpt>
      <trkpt lat="44.152711486055466" lon="3.198829628527164">
        <ele>740.0</ele>
      </trkpt>
      <trkpt lat="44.152694166031935" lon="3.1986552849411956">
        <ele>741.0</ele>
      </trkpt>
      <trkpt lat="44.152692241584646" lon="3.1984430551528926">
        <ele>741.0</ele>
      </trkpt>
      <trkpt lat="44.152711486055466" lon="3.1983119621872893">
        <ele>742.0</ele>
      </trkpt>
      <trkpt lat="44.1527384283042" lon="3.1981510296463966">
        <ele>742.0</ele>
      </trkpt>
      <trkpt lat="44.15278653943213" lon="3.197971321642399">
        <ele>743.0</ele>
      </trkpt>
      <trkpt lat="44.15282117941993" lon="3.1977218762040143">
        <ele>744.0</ele>
      </trkpt>
      <trkpt lat="44.15283657496352" lon="3.1976065412163726">
        <ele>744.0</ele>
      </trkpt>
      <trkpt lat="44.15280770831593" lon="3.197464384138585">
        <ele>745.0</ele>
      </trkpt>
      <trkpt lat="44.15270186382079" lon="3.1972900405526175">
        <ele>745.0</ele>
      </trkpt>
      <trkpt lat="44.152633545939615" lon="3.197165317683544">
        <ele>746.0</ele>
      </trkpt>
      <trkpt lat="44.15256522791905" lon="3.1970405951142307">
        <ele>746.0</ele>
      </trkpt>
      <trkpt lat="44.152506532172886" lon="3.1969038023132397">
        <ele>747.0</ele>
      </trkpt>
      <trkpt lat="44.152447836257934" lon="3.196767009794711">
        <ele>747.0</ele>
      </trkpt>
      <trkpt lat="44.152359311244204" lon="3.1966141238808623">
        <ele>748.0</ele>
      </trkpt>
      <trkpt lat="44.15223422132471" lon="3.196517229080201">
        <ele>749.0</ele>
      </trkpt>
      <trkpt lat="44.15210913101756" lon="3.1964610702053866">
        <ele>750.0</ele>
      </trkpt>
      <trkpt lat="44.15198404068992" lon="3.1964049115777033">
        <ele>750.0</ele>
      </trkpt>
      <trkpt lat="44.15184644074" lon="3.1963445617288015">
        <ele>751.0</ele>
      </trkpt>
      <trkpt lat="44.15170884076688" lon="3.1962842121720323">
        <ele>752.0</ele>
      </trkpt>
      <trkpt lat="44.15157220240543" lon="3.196261245702145">
        <ele>753.0</ele>
      </trkpt>
      <trkpt lat="44.151435564049045" lon="3.196238279342651">
        <ele>754.0</ele>
      </trkpt>
      <trkpt lat="44.1512306053172" lon="3.1962087749371215">
        <ele>755.0</ele>
      </trkpt>
      <trkpt lat="44.15102564659963" lon="3.196179270744325">
        <ele>756.0</ele>
      </trkpt>
      <trkpt lat="44.150898629208704" lon="3.1961566395552">
        <ele>757.0</ele>
      </trkpt>
      <trkpt lat="44.150771611821646" lon="3.1961340084671974">
        <ele>758.0</ele>
      </trkpt>
      <trkpt lat="44.150686933319484" lon="3.1960907578468323">
        <ele>759.0</ele>
      </trkpt>
      <trkpt lat="44.15062342436304" lon="3.196002244949343">
        <ele>759.0</ele>
      </trkpt>
      <trkpt lat="44.15050025528307" lon="3.1958171725273137">
        <ele>760.0</ele>
      </trkpt>
      <trkpt lat="44.15040980282626" lon="3.195610642433168">
        <ele>761.0</ele>
      </trkpt>
      <trkpt lat="44.150332821902765" lon="3.1954658031463645">
        <ele>762.0</ele>
      </trkpt>
      <trkpt lat="44.150190406929475" lon="3.1953400745987883">
        <ele>762.0</ele>
      </trkpt>
      <trkpt lat="44.15007493507748" lon="3.195178806781769">
        <ele>763.0</ele>
      </trkpt>
      <trkpt lat="44.15002297267029" lon="3.195068836212158">
        <ele>763.0</ele>
      </trkpt>
      <trkpt lat="44.150007576392625" lon="3.194983340799808">
        <ele>764.0</ele>
      </trkpt>
      <trkpt lat="44.15001334999728" lon="3.194926679134369">
        <ele>764.0</ele>
      </trkpt>
      <trkpt lat="44.15003451987575" lon="3.194870688021183">
        <ele>765.0</ele>
      </trkpt>
      <trkpt lat="44.15009418040174" lon="3.1948063150048243">
        <ele>765.0</ele>
      </trkpt>
      <trkpt lat="44.15014036915472" lon="3.194773793220519">
        <ele>765.0</ele>
      </trkpt>
      <trkpt lat="44.150192331458435" lon="3.194774128496647">
        <ele>765.0</ele>
      </trkpt>
      <trkpt lat="44.15025006729802" lon="3.1948086619377154">
        <ele>765.0</ele>
      </trkpt>
      <trkpt lat="44.15033089737839" lon="3.1949105858802795">
        <ele>766.0</ele>
      </trkpt>
      <trkpt lat="44.15040595378248" lon="3.1949561834335327">
        <ele>766.0</ele>
      </trkpt>
      <trkpt lat="44.15047716105186" lon="3.194972611963749">
        <ele>767.0</ele>
      </trkpt>
      <trkpt lat="44.15052719854119" lon="3.1949431076645873">
        <ele>767.0</ele>
      </trkpt>
      <trkpt lat="44.150592632117174" lon="3.194886445999147">
        <ele>768.0</ele>
      </trkpt>
      <trkpt lat="44.15061957533309" lon="3.1947848573327056">
        <ele>769.0</ele>
      </trkpt>
      <trkpt lat="44.15060417921124" lon="3.1946557760238656">
        <ele>770.0</ele>
      </trkpt>
      <trkpt lat="44.150586858569156" lon="3.1945085898041725">
        <ele>771.0</ele>
      </trkpt>
      <trkpt lat="44.150590707601154" lon="3.194323517382145">
        <ele>773.0</ele>
      </trkpt>
      <trkpt lat="44.150606103726616" lon="3.194130398333073">
        <ele>774.0</ele>
      </trkpt>
      <trkpt lat="44.15061957533311" lon="3.193966783583163">
        <ele>775.0</ele>
      </trkpt>
      <trkpt lat="44.150656141106616" lon="3.193840719759464">
        <ele>776.0</ele>
      </trkpt>
      <trkpt lat="44.150675386241474" lon="3.1937280669808383">
        <ele>777.0</ele>
      </trkpt>
      <trkpt lat="44.15071002746844" lon="3.1936717405915274">
        <ele>778.0</ele>
      </trkpt>
      <trkpt lat="44.15079663044679" lon="3.1936422362923627">
        <ele>779.0</ele>
      </trkpt>
      <trkpt lat="44.150881308791654" lon="3.193618096411227">
        <ele>780.0</ele>
      </trkpt>
      <trkpt lat="44.151019873093986" lon="3.1935912743210793">
        <ele>781.0</ele>
      </trkpt>
      <trkpt lat="44.151093004122366" lon="3.1935483589768414">
        <ele>781.0</ele>
      </trkpt>
      <trkpt lat="44.15123156792763" lon="3.193441070616245">
        <ele>782.0</ele>
      </trkpt>
      <trkpt lat="44.1513316415847" lon="3.1933659687638283">
        <ele>783.0</ele>
      </trkpt>
      <trkpt lat="44.151389376309666" lon="3.1932881847023955">
        <ele>783.0</ele>
      </trkpt>
      <trkpt lat="44.15141631916198" lon="3.193191625177859">
        <ele>784.0</ele>
      </trkpt>
      <trkpt lat="44.15144326200199" lon="3.1930897012352935">
        <ele>784.0</ele>
      </trkpt>
      <trkpt lat="44.15148560072572" lon="3.192971684038639">
        <ele>784.0</ele>
      </trkpt>
      <trkpt lat="44.151545259784925" lon="3.192901946604251">
        <ele>785.0</ele>
      </trkpt>
      <trkpt lat="44.1516106922322" lon="3.1928533315658565">
        <ele>785.0</ele>
      </trkpt>
      <trkpt lat="44.151693444929144" lon="3.192834556102753">
        <ele>785.0</ele>
      </trkpt>
      <trkpt lat="44.15177427303278" lon="3.192778229713441">
        <ele>786.0</ele>
      </trkpt>
      <trkpt lat="44.151803140185834" lon="3.192716538906098">
        <ele>786.0</ele>
      </trkpt>
      <trkpt lat="44.15180698913849" lon="3.1926333904266375">
        <ele>787.0</ele>
      </trkpt>
      <trkpt lat="44.151766575122934" lon="3.1925690174102783">
        <ele>787.0</ele>
      </trkpt>
      <trkpt lat="44.15165303083574" lon="3.192513026297092">
        <ele>788.0</ele>
      </trkpt>
      <trkpt lat="44.15150099661774" lon="3.1924432888627052">
        <ele>789.0</ele>
      </trkpt>
      <trkpt lat="44.151398998758296" lon="3.192454017698764">
        <ele>790.0</ele>
      </trkpt>
      <trkpt lat="44.15120847398269" lon="3.192529119551181">
        <ele>791.0</ele>
      </trkpt>
      <trkpt lat="44.151062212121566" lon="3.1926199793815613">
        <ele>792.0</ele>
      </trkpt>
      <trkpt lat="44.150971760526" lon="3.192652165889741">
        <ele>793.0</ele>
      </trkpt>
      <trkpt lat="44.150908251876025" lon="3.1926038861274724">
        <ele>794.0</ele>
      </trkpt>
      <trkpt lat="44.150908251876025" lon="3.192472457885742">
        <ele>795.0</ele>
      </trkpt>
      <trkpt lat="44.15094096846183" lon="3.1924134492874154">
        <ele>795.0</ele>
      </trkpt>
      <trkpt lat="44.151010250583525" lon="3.192384280264377">
        <ele>796.0</ele>
      </trkpt>
      <trkpt lat="44.1511353430975" lon="3.1923034787178044">
        <ele>797.0</ele>
      </trkpt>
      <trkpt lat="44.15124503939147" lon="3.1922069191932705">
        <ele>798.0</ele>
      </trkpt>
      <trkpt lat="44.151416319161996" lon="3.19208387285471">
        <ele>798.0</ele>
      </trkpt>
      <trkpt lat="44.15152024147713" lon="3.1919846311211573">
        <ele>799.0</ele>
      </trkpt>
      <trkpt lat="44.15154910875438" lon="3.191882707178592">
        <ele>800.0</ele>
      </trkpt>
      <trkpt lat="44.151545259784925" lon="3.1917968764901166">
        <ele>800.0</ele>
      </trkpt>
      <trkpt lat="44.151504845590125" lon="3.1917351856827727">
        <ele>800.0</ele>
      </trkpt>
      <trkpt lat="44.15147982726539" lon="3.1916892528533944">
        <ele>801.0</ele>
      </trkpt>
      <trkpt lat="44.15142401711772" lon="3.1916597485542297">
        <ele>801.0</ele>
      </trkpt>
      <trkpt lat="44.15137590487909" lon="3.19167584180832">
        <ele>801.0</ele>
      </trkpt>
      <trkpt lat="44.1512623598404" lon="3.191748261451722">
        <ele>801.0</ele>
      </trkpt>
      <trkpt lat="44.15109300412258" lon="3.191909193992616">
        <ele>801.0</ele>
      </trkpt>
      <trkpt lat="44.15097368493573" lon="3.191991169177676">
        <ele>802.0</ele>
      </trkpt>
      <trkpt lat="44.15085436569512" lon="3.192073144018649">
        <ele>802.0</ele>
      </trkpt>
      <trkpt lat="44.150697517951414" lon="3.1921507606561494">
        <ele>803.0</ele>
      </trkpt>
      <trkpt lat="44.150540670165775" lon="3.1922283768653874">
        <ele>803.0</ele>
      </trkpt>
      <trkpt lat="44.15038991576059" lon="3.1923097376369824">
        <ele>804.0</ele>
      </trkpt>
      <trkpt lat="44.150239161307084" lon="3.192391097977099">
        <ele>805.0</ele>
      </trkpt>
      <trkpt lat="44.15008840680521" lon="3.1924724578857417">
        <ele>806.0</ele>
      </trkpt>
      <trkpt lat="44.149883122370404" lon="3.1925798587806358">
        <ele>806.0</ele>
      </trkpt>
      <trkpt lat="44.149677837852735" lon="3.1926872588999395">
        <ele>807.0</ele>
      </trkpt>
      <trkpt lat="44.14947255325216" lon="3.192794658243657">
        <ele>808.0</ele>
      </trkpt>
      <trkpt lat="44.149291163163284" lon="3.1928864409618583">
        <ele>809.0</ele>
      </trkpt>
      <trkpt lat="44.149109773015034" lon="3.192978223094408">
        <ele>810.0</ele>
      </trkpt>
      <trkpt lat="44.14892838280735" lon="3.1930700046413087">
        <ele>810.0</ele>
      </trkpt>
      <trkpt lat="44.14874699254029" lon="3.19316178560257">
        <ele>810.0</ele>
      </trkpt>
      <trkpt lat="44.14863632921722" lon="3.1932100654588105">
        <ele>810.0</ele>
      </trkpt>
      <trkpt lat="44.14852566587937" lon="3.1932583451271066">
        <ele>810.0</ele>
      </trkpt>
      <trkpt lat="44.148437134982636" lon="3.1932932138443">
        <ele>810.0</ele>
      </trkpt>
      <trkpt lat="44.1483659252518" lon="3.193290866911411">
        <ele>810.0</ele>
      </trkpt>
      <trkpt lat="44.148283167889396" lon="3.1932932138442993">
        <ele>810.0</ele>
      </trkpt>
      <trkpt lat="44.14820233500469" lon="3.19328248500824">
        <ele>810.0</ele>
      </trkpt>
      <trkpt lat="44.1481330495868" lon="3.19326639175415">
        <ele>810.0</ele>
      </trkpt>
      <trkpt lat="44.148071462480445" lon="3.1932449340820317">
        <ele>809.0</ele>
      </trkpt>
      <trkpt lat="44.14802334750886" lon="3.193215429782868">
        <ele>809.0</ele>
      </trkpt>
      <trkpt lat="44.147982930902536" lon="3.1931808963418007">
        <ele>809.0</ele>
      </trkpt>
      <trkpt lat="44.14792904205062" lon="3.19327712059021">
        <ele>809.0</ele>
      </trkpt>
      <trkpt lat="44.147882851567246" lon="3.193545341491701">
        <ele>808.0</ele>
      </trkpt>
      <trkpt lat="44.14786937956323" lon="3.193769305997513">
        <ele>808.0</ele>
      </trkpt>
      <trkpt lat="44.14785590710191" lon="3.193993270397186">
        <ele>808.0</ele>
      </trkpt>
      <trkpt lat="44.14784724673924" lon="3.1942749023866517">
        <ele>807.0</ele>
      </trkpt>
      <trkpt lat="44.14783858565334" lon="3.1945565342903146">
        <ele>807.0</ele>
      </trkpt>
      <trkpt lat="44.147833774490145" lon="3.194834142946848">
        <ele>806.0</ele>
      </trkpt>
      <trkpt lat="44.1478289626242" lon="3.195111751556396">
        <ele>806.0</ele>
      </trkpt>
      <trkpt lat="44.14789439919144" lon="3.1952807307243356">
        <ele>806.0</ele>
      </trkpt>
      <trkpt lat="44.147959835686144" lon="3.195390701293945">
        <ele>805.0</ele>
      </trkpt>
      <trkpt lat="44.1480079507095" lon="3.1955569982528695">
        <ele>805.0</ele>
      </trkpt>
      <trkpt lat="44.14803681970467" lon="3.1957715749740605">
        <ele>805.0</ele>
      </trkpt>
      <trkpt lat="44.14805029189761" lon="3.1959807872772235">
        <ele>805.0</ele>
      </trkpt>
      <trkpt lat="44.14800217690877" lon="3.1961363554000846">
        <ele>805.0</ele>
      </trkpt>
      <trkpt lat="44.147898248399045" lon="3.1963536143302944">
        <ele>805.0</ele>
      </trkpt>
      <trkpt lat="44.14782415116215" lon="3.1965024771246258">
        <ele>805.0</ele>
      </trkpt>
      <trkpt lat="44.14775005372608" lon="3.1966513395309457">
        <ele>805.0</ele>
      </trkpt>
      <trkpt lat="44.14769167419753" lon="3.19684803526264">
        <ele>805.0</ele>
      </trkpt>
      <trkpt lat="44.147633294317956" lon="3.1970447305904006">
        <ele>806.0</ele>
      </trkpt>
      <trkpt lat="44.14757491408742" lon="3.1972414255142243">
        <ele>806.0</ele>
      </trkpt>
      <trkpt lat="44.14750947730582" lon="3.197438568103714">
        <ele>807.0</ele>
      </trkpt>
      <trkpt lat="44.14744404017208" lon="3.1976357102394104">
        <ele>807.0</ele>
      </trkpt>
      <trkpt lat="44.14732936865235" lon="3.1978809056784434">
        <ele>808.0</ele>
      </trkpt>
      <trkpt lat="44.14723369695685" lon="3.1980412812798615">
        <ele>809.0</ele>
      </trkpt>
      <trkpt lat="44.147138025031666" lon="3.1982016563415545">
        <ele>810.0</ele>
      </trkpt>
      <trkpt lat="44.14700041392326" lon="3.1983867292115167">
        <ele>810.0</ele>
      </trkpt>
      <trkpt lat="44.146862802512565" lon="3.1985718011856075">
        <ele>811.0</ele>
      </trkpt>
      <trkpt lat="44.14677138213298" lon="3.1986710430787313">
        <ele>812.0</ele>
      </trkpt>
      <trkpt lat="44.14667996166802" lon="3.19877028465271">
        <ele>813.0</ele>
      </trkpt>
      <trkpt lat="44.14648172305983" lon="3.19890707731247">
        <ele>814.0</ele>
      </trkpt>
      <trkpt lat="44.146295031723064" lon="3.1990599632263175">
        <ele>814.0</ele>
      </trkpt>
      <trkpt lat="44.14620072350371" lon="3.1992101669311523">
        <ele>815.0</ele>
      </trkpt>
      <trkpt lat="44.146087168486815" lon="3.199350983185672">
        <ele>815.0</ele>
      </trkpt>
      <trkpt lat="44.145973613295936" lon="3.1994917988777174">
        <ele>815.0</ele>
      </trkpt>
      <trkpt lat="44.14585428380795" lon="3.1996232273952807">
        <ele>816.0</ele>
      </trkpt>
      <trkpt lat="44.14573495416998" lon="3.199754655361176">
        <ele>816.0</ele>
      </trkpt>
      <trkpt lat="44.14562236064829" lon="3.1999303403995527">
        <ele>816.0</ele>
      </trkpt>
      <trkpt lat="44.14550976685185" lon="3.2001060247421265">
        <ele>816.0</ele>
      </trkpt>
      <trkpt lat="44.145383700115424" lon="3.2003058497567904">
        <ele>816.0</ele>
      </trkpt>
      <trkpt lat="44.1452576330233" lon="3.2005056738853446">
        <ele>817.0</ele>
      </trkpt>
      <trkpt lat="44.14514600097309" lon="3.2006818063022693">
        <ele>817.0</ele>
      </trkpt>
      <trkpt lat="44.14503436864661" lon="3.20085793802758">
        <ele>817.0</ele>
      </trkpt>
      <trkpt lat="44.144922736043846" lon="3.2010340690612793">
        <ele>817.0</ele>
      </trkpt>
      <trkpt lat="44.14480917866512" lon="3.2012365762463486">
        <ele>817.0</ele>
      </trkpt>
      <trkpt lat="44.144695620919244" lon="3.2014390826225294">
        <ele>816.0</ele>
      </trkpt>
      <trkpt lat="44.14457436418137" lon="3.2016214728355425">
        <ele>816.0</ele>
      </trkpt>
      <trkpt lat="44.14444925776213" lon="3.2017502188682556">
        <ele>816.0</ele>
      </trkpt>
      <trkpt lat="44.144324151077846" lon="3.2018172740936284">
        <ele>816.0</ele>
      </trkpt>
      <trkpt lat="44.144147076548336" lon="3.2018655538558964">
        <ele>815.0</ele>
      </trkpt>
      <trkpt lat="44.14397192595512" lon="3.2018937171373074">
        <ele>815.0</ele>
      </trkpt>
      <trkpt lat="44.14379677537093" lon="3.2019218802452105">
        <ele>815.0</ele>
      </trkpt>
      <trkpt lat="44.14358120438247" lon="3.2019379734992985">
        <ele>814.0</ele>
      </trkpt>
      <trkpt lat="44.14341760040758" lon="3.2019451260978324">
        <ele>814.0</ele>
      </trkpt>
      <trkpt lat="44.14325399644643" lon="3.201952278655205">
        <ele>814.0</ele>
      </trkpt>
      <trkpt lat="44.143090392499026" lon="3.2019594311714177">
        <ele>813.0</ele>
      </trkpt>
      <trkpt lat="44.14296720756988" lon="3.2019849122122648">
        <ele>813.0</ele>
      </trkpt>
      <trkpt lat="44.14284402264287" lon="3.2020103931427033">
        <ele>813.0</ele>
      </trkpt>
      <trkpt lat="44.14273238586089" lon="3.202047944142636">
        <ele>813.0</ele>
      </trkpt>
      <trkpt lat="44.142620749072684" lon="3.202085494995117">
        <ele>812.0</ele>
      </trkpt>
      <trkpt lat="44.1424956383802" lon="3.2021136582517404">
        <ele>812.0</ele>
      </trkpt>
      <trkpt lat="44.142370527688804" lon="3.202141821384429">
        <ele>812.0</ele>
      </trkpt>
      <trkpt lat="44.14216714111163" lon="3.2021480799169026">
        <ele>812.0</ele>
      </trkpt>
      <trkpt lat="44.141963754556045" lon="3.202154338404606">
        <ele>811.0</ele>
      </trkpt>
      <trkpt lat="44.14176036802208" lon="3.2021605968475355">
        <ele>811.0</ele>
      </trkpt>
      <trkpt lat="44.14161600755702" lon="3.2021579146385206">
        <ele>810.0</ele>
      </trkpt>
      <trkpt lat="44.14142352638782" lon="3.20212572813034">
        <ele>810.0</ele>
      </trkpt>
      <trkpt lat="44.141302262929024" lon="3.202131092548371">
        <ele>809.0</ele>
      </trkpt>
      <trkpt lat="44.14115020204932" lon="3.2022303342819227">
        <ele>809.0</ele>
      </trkpt>
      <trkpt lat="44.14100583995396" lon="3.2023282351595173">
        <ele>808.0</ele>
      </trkpt>
      <trkpt lat="44.140861477782295" lon="3.2024261355400094">
        <ele>808.0</ele>
      </trkpt>
      <trkpt lat="44.14070107439314" lon="3.202493191143693">
        <ele>808.0</ele>
      </trkpt>
      <trkpt lat="44.14054067097667" lon="3.202560246369064">
        <ele>807.0</ele>
      </trkpt>
      <trkpt lat="44.140380267532855" lon="3.2026273012161255">
        <ele>807.0</ele>
      </trkpt>
      <trkpt lat="44.140260926660176" lon="3.202616572357549">
        <ele>807.0</ele>
      </trkpt>
      <trkpt lat="44.140141585794005" lon="3.2026058435440063">
        <ele>807.0</ele>
      </trkpt>
      <trkpt lat="44.13998567199015" lon="3.2026192546258514">
        <ele>807.0</ele>
      </trkpt>
      <trkpt lat="44.139829758197614" lon="3.202632665634155">
        <ele>807.0</ele>
      </trkpt>
      <trkpt lat="44.13967769332462" lon="3.2026487589312804">
        <ele>807.0</ele>
      </trkpt>
      <trkpt lat="44.139525628461556" lon="3.2026648521423344">
        <ele>806.0</ele>
      </trkpt>
      <trkpt lat="44.13934853953919" lon="3.2026702165603647">
        <ele>806.0</ele>
      </trkpt>
      <trkpt lat="44.1392311214914" lon="3.2027372719241978">
        <ele>805.0</ele>
      </trkpt>
      <trkpt lat="44.13911370340991" lon="3.202804327011109">
        <ele>804.0</ele>
      </trkpt>
      <trkpt lat="44.13891351449665" lon="3.2028955221176174">
        <ele>803.0</ele>
      </trkpt>
      <trkpt lat="44.138771071972" lon="3.2028472423553476">
        <ele>802.0</ele>
      </trkpt>
      <trkpt lat="44.13869407588728" lon="3.2027238605736006">
        <ele>801.0</ele>
      </trkpt>
      <trkpt lat="44.13861707966687" lon="3.2026004791259775">
        <ele>800.0</ele>
      </trkpt>
      <trkpt lat="44.13852853390956" lon="3.20252537727356">
        <ele>799.0</ele>
      </trkpt>
      <trkpt lat="44.1383937901111" lon="3.202477097511291">
        <ele>799.0</ele>
      </trkpt>
      <trkpt lat="44.138228247309165" lon="3.2024878263473524">
        <ele>798.0</ele>
      </trkpt>
      <trkpt lat="44.13814355081242" lon="3.2026487588882464">
        <ele>798.0</ele>
      </trkpt>
      <trkpt lat="44.13809350282541" lon="3.202782869338991">
        <ele>798.0</ele>
      </trkpt>
      <trkpt lat="44.13814355081242" lon="3.2026487588882464">
        <ele>798.0</ele>
      </trkpt>
      <trkpt lat="44.138228247309165" lon="3.2024878263473524">
        <ele>798.0</ele>
      </trkpt>
      <trkpt lat="44.1383937901111" lon="3.202477097511291">
        <ele>799.0</ele>
      </trkpt>
      <trkpt lat="44.13852853390956" lon="3.20252537727356">
        <ele>799.0</ele>
      </trkpt>
      <trkpt lat="44.13861707966687" lon="3.2026004791259775">
        <ele>800.0</ele>
      </trkpt>
      <trkpt lat="44.13869407588728" lon="3.2027238605736006">
        <ele>801.0</ele>
      </trkpt>
      <trkpt lat="44.138771071972" lon="3.2028472423553476">
        <ele>802.0</ele>
      </trkpt>
      <trkpt lat="44.13891351449665" lon="3.2028955221176174">
        <ele>803.0</ele>
      </trkpt>
      <trkpt lat="44.13911370340991" lon="3.202804327011109">
        <ele>804.0</ele>
      </trkpt>
      <trkpt lat="44.1392311214914" lon="3.2027372719241978">
        <ele>805.0</ele>
      </trkpt>
      <trkpt lat="44.13934853953919" lon="3.2026702165603647">
        <ele>806.0</ele>
      </trkpt>
      <trkpt lat="44.139525628461556" lon="3.2026648521423344">
        <ele>806.0</ele>
      </trkpt>
      <trkpt lat="44.13967769332462" lon="3.2026487589312804">
        <ele>807.0</ele>
      </trkpt>
      <trkpt lat="44.139829758197614" lon="3.202632665634155">
        <ele>807.0</ele>
      </trkpt>
      <trkpt lat="44.13998567199015" lon="3.2026192546258514">
        <ele>807.0</ele>
      </trkpt>
      <trkpt lat="44.140141585794005" lon="3.2026058435440063">
        <ele>807.0</ele>
      </trkpt>
      <trkpt lat="44.140260926660176" lon="3.202616572357549">
        <ele>807.0</ele>
      </trkpt>
      <trkpt lat="44.140380267532855" lon="3.2026273012161255">
        <ele>807.0</ele>
      </trkpt>
      <trkpt lat="44.14054067097667" lon="3.202560246369064">
        <ele>807.0</ele>
      </trkpt>
      <trkpt lat="44.14070107439314" lon="3.202493191143693">
        <ele>808.0</ele>
      </trkpt>
      <trkpt lat="44.140861477782295" lon="3.2024261355400094">
        <ele>808.0</ele>
      </trkpt>
      <trkpt lat="44.14100583995396" lon="3.2023282351595173">
        <ele>808.0</ele>
      </trkpt>
      <trkpt lat="44.14115020204932" lon="3.2022303342819227">
        <ele>809.0</ele>
      </trkpt>
      <trkpt lat="44.141302262929024" lon="3.202131092548371">
        <ele>809.0</ele>
      </trkpt>
      <trkpt lat="44.14142352638782" lon="3.20212572813034">
        <ele>810.0</ele>
      </trkpt>
      <trkpt lat="44.14161600755702" lon="3.2021579146385206">
        <ele>810.0</ele>
      </trkpt>
      <trkpt lat="44.14176036802208" lon="3.2021605968475355">
        <ele>811.0</ele>
      </trkpt>
      <trkpt lat="44.141963754556045" lon="3.202154338404606">
        <ele>811.0</ele>
      </trkpt>
      <trkpt lat="44.14216714111163" lon="3.2021480799169026">
        <ele>812.0</ele>
      </trkpt>
      <trkpt lat="44.142370527688804" lon="3.202141821384429">
        <ele>812.0</ele>
      </trkpt>
      <trkpt lat="44.1424956383802" lon="3.2021136582517404">
        <ele>812.0</ele>
      </trkpt>
      <trkpt lat="44.142620749072684" lon="3.202085494995117">
        <ele>812.0</ele>
      </trkpt>
      <trkpt lat="44.14273238586089" lon="3.202047944142636">
        <ele>813.0</ele>
      </trkpt>
      <trkpt lat="44.14284402264287" lon="3.2020103931427033">
        <ele>813.0</ele>
      </trkpt>
      <trkpt lat="44.14296720756988" lon="3.2019849122122648">
        <ele>813.0</ele>
      </trkpt>
      <trkpt lat="44.143090392499026" lon="3.2019594311714177">
        <ele>813.0</ele>
      </trkpt>
      <trkpt lat="44.14325399644643" lon="3.201952278655205">
        <ele>814.0</ele>
      </trkpt>
      <trkpt lat="44.14341760040758" lon="3.2019451260978324">
        <ele>814.0</ele>
      </trkpt>
      <trkpt lat="44.14358120438247" lon="3.2019379734992985">
        <ele>814.0</ele>
      </trkpt>
      <trkpt lat="44.14379677537093" lon="3.2019218802452105">
        <ele>815.0</ele>
      </trkpt>
      <trkpt lat="44.14397192595512" lon="3.2018937171373074">
        <ele>815.0</ele>
      </trkpt>
      <trkpt lat="44.144147076548336" lon="3.2018655538558964">
        <ele>815.0</ele>
      </trkpt>
      <trkpt lat="44.144324151077846" lon="3.2018172740936284">
        <ele>816.0</ele>
      </trkpt>
      <trkpt lat="44.14444925776213" lon="3.2017502188682556">
        <ele>816.0</ele>
      </trkpt>
      <trkpt lat="44.14457436418137" lon="3.2016214728355425">
        <ele>816.0</ele>
      </trkpt>
      <trkpt lat="44.144695620919244" lon="3.2014390826225294">
        <ele>816.0</ele>
      </trkpt>
      <trkpt lat="44.14480917866512" lon="3.2012365762463486">
        <ele>817.0</ele>
      </trkpt>
      <trkpt lat="44.144922736043846" lon="3.2010340690612793">
        <ele>817.0</ele>
      </trkpt>
      <trkpt lat="44.14503436864661" lon="3.20085793802758">
        <ele>817.0</ele>
      </trkpt>
      <trkpt lat="44.14514600097309" lon="3.2006818063022693">
        <ele>817.0</ele>
      </trkpt>
      <trkpt lat="44.1452576330233" lon="3.2005056738853446">
        <ele>817.0</ele>
      </trkpt>
      <trkpt lat="44.145383700115424" lon="3.2003058497567904">
        <ele>816.0</ele>
      </trkpt>
      <trkpt lat="44.14550976685185" lon="3.2001060247421265">
        <ele>816.0</ele>
      </trkpt>
      <trkpt lat="44.14562236064829" lon="3.1999303403995527">
        <ele>816.0</ele>
      </trkpt>
      <trkpt lat="44.14573495416998" lon="3.199754655361176">
        <ele>816.0</ele>
      </trkpt>
      <trkpt lat="44.14585428380795" lon="3.1996232273952807">
        <ele>816.0</ele>
      </trkpt>
      <trkpt lat="44.145973613295936" lon="3.1994917988777174">
        <ele>815.0</ele>
      </trkpt>
      <trkpt lat="44.146087168486815" lon="3.199350983185672">
        <ele>815.0</ele>
      </trkpt>
      <trkpt lat="44.14620072350371" lon="3.1992101669311523">
        <ele>815.0</ele>
      </trkpt>
      <trkpt lat="44.146295031723064" lon="3.1990599632263175">
        <ele>814.0</ele>
      </trkpt>
      <trkpt lat="44.14648172305983" lon="3.19890707731247">
        <ele>814.0</ele>
      </trkpt>
      <trkpt lat="44.14667996166802" lon="3.19877028465271">
        <ele>813.0</ele>
      </trkpt>
      <trkpt lat="44.14677138213298" lon="3.1986710430787313">
        <ele>812.0</ele>
      </trkpt>
      <trkpt lat="44.146862802512565" lon="3.1985718011856075">
        <ele>812.0</ele>
      </trkpt>
      <trkpt lat="44.14700041392326" lon="3.1983867292115167">
        <ele>811.0</ele>
      </trkpt>
      <trkpt lat="44.147138025031666" lon="3.1982016563415545">
        <ele>810.0</ele>
      </trkpt>
      <trkpt lat="44.14723369695685" lon="3.1980412812798615">
        <ele>809.0</ele>
      </trkpt>
      <trkpt lat="44.14732936865235" lon="3.1978809056784434">
        <ele>808.0</ele>
      </trkpt>
      <trkpt lat="44.14744404017208" lon="3.1976357102394104">
        <ele>808.0</ele>
      </trkpt>
      <trkpt lat="44.14750947730582" lon="3.197438568103714">
        <ele>807.0</ele>
      </trkpt>
      <trkpt lat="44.14757491408742" lon="3.1972414255142243">
        <ele>806.0</ele>
      </trkpt>
      <trkpt lat="44.147633294317956" lon="3.1970447305904006">
        <ele>806.0</ele>
      </trkpt>
      <trkpt lat="44.14769167419753" lon="3.19684803526264">
        <ele>805.0</ele>
      </trkpt>
      <trkpt lat="44.14775005372608" lon="3.1966513395309457">
        <ele>805.0</ele>
      </trkpt>
      <trkpt lat="44.14782415116215" lon="3.1965024771246258">
        <ele>805.0</ele>
      </trkpt>
      <trkpt lat="44.147898248399045" lon="3.1963536143302944">
        <ele>805.0</ele>
      </trkpt>
      <trkpt lat="44.14800217690877" lon="3.1961363554000846">
        <ele>805.0</ele>
      </trkpt>
      <trkpt lat="44.14805029189761" lon="3.1959807872772235">
        <ele>805.0</ele>
      </trkpt>
      <trkpt lat="44.14803681970467" lon="3.1957715749740605">
        <ele>805.0</ele>
      </trkpt>
      <trkpt lat="44.1480079507095" lon="3.1955569982528695">
        <ele>805.0</ele>
      </trkpt>
      <trkpt lat="44.147959835686144" lon="3.195390701293945">
        <ele>805.0</ele>
      </trkpt>
      <trkpt lat="44.14789439919144" lon="3.1952807307243356">
        <ele>806.0</ele>
      </trkpt>
      <trkpt lat="44.1478289626242" lon="3.195111751556396">
        <ele>806.0</ele>
      </trkpt>
      <trkpt lat="44.147833774490145" lon="3.194834142946848">
        <ele>806.0</ele>
      </trkpt>
      <trkpt lat="44.14783858565334" lon="3.1945565342903146">
        <ele>807.0</ele>
      </trkpt>
      <trkpt lat="44.14784724673924" lon="3.1942749023866517">
        <ele>807.0</ele>
      </trkpt>
      <trkpt lat="44.14785590710191" lon="3.193993270397186">
        <ele>807.0</ele>
      </trkpt>
      <trkpt lat="44.14786937956323" lon="3.193769305997513">
        <ele>808.0</ele>
      </trkpt>
      <trkpt lat="44.147882851567246" lon="3.193545341491701">
        <ele>808.0</ele>
      </trkpt>
      <trkpt lat="44.14792904205062" lon="3.19327712059021">
        <ele>808.0</ele>
      </trkpt>
      <trkpt lat="44.147982930902536" lon="3.1931808963418007">
        <ele>809.0</ele>
      </trkpt>
      <trkpt lat="44.14802334750886" lon="3.193215429782868">
        <ele>809.0</ele>
      </trkpt>
      <trkpt lat="44.148071462480445" lon="3.1932449340820317">
        <ele>809.0</ele>
      </trkpt>
      <trkpt lat="44.1481330495868" lon="3.19326639175415">
        <ele>810.0</ele>
      </trkpt>
      <trkpt lat="44.14820233500469" lon="3.19328248500824">
        <ele>810.0</ele>
      </trkpt>
      <trkpt lat="44.148283167889396" lon="3.1932932138442993">
        <ele>810.0</ele>
      </trkpt>
      <trkpt lat="44.1483659252518" lon="3.193290866911411">
        <ele>810.0</ele>
      </trkpt>
      <trkpt lat="44.148437134982636" lon="3.1932932138443">
        <ele>810.0</ele>
      </trkpt>
      <trkpt lat="44.14852566587937" lon="3.1932583451271066">
        <ele>810.0</ele>
      </trkpt>
      <trkpt lat="44.14863632921722" lon="3.1932100654588105">
        <ele>810.0</ele>
      </trkpt>
      <trkpt lat="44.14874699254029" lon="3.19316178560257">
        <ele>810.0</ele>
      </trkpt>
      <trkpt lat="44.14892838280735" lon="3.1930700046413087">
        <ele>810.0</ele>
      </trkpt>
      <trkpt lat="44.149109773015034" lon="3.192978223094408">
        <ele>810.0</ele>
      </trkpt>
      <trkpt lat="44.149291163163284" lon="3.1928864409618583">
        <ele>809.0</ele>
      </trkpt>
      <trkpt lat="44.14947255325216" lon="3.192794658243657">
        <ele>808.0</ele>
      </trkpt>
      <trkpt lat="44.149677837852735" lon="3.1926872588999395">
        <ele>807.0</ele>
      </trkpt>
      <trkpt lat="44.149883122370404" lon="3.1925798587806358">
        <ele>806.0</ele>
      </trkpt>
      <trkpt lat="44.15008840680521" lon="3.1924724578857417">
        <ele>806.0</ele>
      </trkpt>
      <trkpt lat="44.150239161307084" lon="3.192391097977099">
        <ele>805.0</ele>
      </trkpt>
      <trkpt lat="44.15038991576059" lon="3.1923097376369824">
        <ele>804.0</ele>
      </trkpt>
      <trkpt lat="44.150540670165775" lon="3.1922283768653874">
        <ele>803.0</ele>
      </trkpt>
      <trkpt lat="44.150697517951414" lon="3.1921507606561494">
        <ele>803.0</ele>
      </trkpt>
      <trkpt lat="44.15085436569512" lon="3.192073144018649">
        <ele>802.0</ele>
      </trkpt>
      <trkpt lat="44.15097368493573" lon="3.191991169177676">
        <ele>802.0</ele>
      </trkpt>
      <trkpt lat="44.15109300412258" lon="3.191909193992616">
        <ele>802.0</ele>
      </trkpt>
      <trkpt lat="44.1512623598404" lon="3.191748261451722">
        <ele>802.0</ele>
      </trkpt>
      <trkpt lat="44.15137590487909" lon="3.19167584180832">
        <ele>802.0</ele>
      </trkpt>
      <trkpt lat="44.15142401711772" lon="3.1916597485542297">
        <ele>802.0</ele>
      </trkpt>
      <trkpt lat="44.151481751752115" lon="3.1915739178657536">
        <ele>802.0</ele>
      </trkpt>
      <trkpt lat="44.15163763498336" lon="3.191426396369936">
        <ele>802.0</ele>
      </trkpt>
      <trkpt lat="44.15172808555846" lon="3.191329836845398">
        <ele>802.0</ele>
      </trkpt>
      <trkpt lat="44.15177812198727" lon="3.191233277320864">
        <ele>802.0</ele>
      </trkpt>
      <trkpt lat="44.151797366756234" lon="3.1911152601242065">
        <ele>802.0</ele>
      </trkpt>
      <trkpt lat="44.15182430942231" lon="3.190817534923553">
        <ele>802.0</ele>
      </trkpt>
      <trkpt lat="44.151855101153764" lon="3.1906445325357935">
        <ele>802.0</ele>
      </trkpt>
      <trkpt lat="44.15188589261282" lon="3.1904715299606345">
        <ele>802.0</ele>
      </trkpt>
      <trkpt lat="44.151957098096766" lon="3.19017916917801">
        <ele>802.0</ele>
      </trkpt>
      <trkpt lat="44.15203022818873" lon="3.1899350884716227">
        <ele>802.0</ele>
      </trkpt>
      <trkpt lat="44.1521033577403" lon="3.1896910071372995">
        <ele>802.0</ele>
      </trkpt>
      <trkpt lat="44.15219765652881" lon="3.189446926116944">
        <ele>802.0</ele>
      </trkpt>
      <trkpt lat="44.152286181784945" lon="3.1892377138137817">
        <ele>802.0</ele>
      </trkpt>
      <trkpt lat="44.15232467098531" lon="3.189100921154023">
        <ele>803.0</ele>
      </trkpt>
      <trkpt lat="44.15234584003482" lon="3.1889829039573665">
        <ele>803.0</ele>
      </trkpt>
      <trkpt lat="44.15236123570246" lon="3.1887736916542044">
        <ele>803.0</ele>
      </trkpt>
      <trkpt lat="44.1523727824505" lon="3.188626170158388">
        <ele>803.0</ele>
      </trkpt>
      <trkpt lat="44.152426667491184" lon="3.188382089369379">
        <ele>803.0</ele>
      </trkpt>
      <trkpt lat="44.15248055199021" lon="3.1881380081176784">
        <ele>803.0</ele>
      </trkpt>
      <trkpt lat="44.15251134325114" lon="3.187926113605499">
        <ele>803.0</ele>
      </trkpt>
      <trkpt lat="44.15254598340043" lon="3.187631070613861">
        <ele>803.0</ele>
      </trkpt>
      <trkpt lat="44.152599868036795" lon="3.1874540448188795">
        <ele>803.0</ele>
      </trkpt>
      <trkpt lat="44.15270571271485" lon="3.187239468097688">
        <ele>803.0</ele>
      </trkpt>
      <trkpt lat="44.152850046060856" lon="3.187046349048615">
        <ele>802.0</ele>
      </trkpt>
      <trkpt lat="44.15297802130154" lon="3.1868894401744563">
        <ele>802.0</ele>
      </trkpt>
      <trkpt lat="44.15310599632641" lon="3.1867325305938716">
        <ele>802.0</ele>
      </trkpt>
      <trkpt lat="44.15327727060526" lon="3.186542094327546">
        <ele>802.0</ele>
      </trkpt>
      <trkpt lat="44.15344854456894" lon="3.1863516569137578">
        <ele>801.0</ele>
      </trkpt>
      <trkpt lat="44.15357748074524" lon="3.1861773137232006">
        <ele>801.0</ele>
      </trkpt>
      <trkpt lat="44.15370641665318" lon="3.186002969741821">
        <ele>801.0</ele>
      </trkpt>
      <trkpt lat="44.1538161081793" lon="3.1858433786133658">
        <ele>801.0</ele>
      </trkpt>
      <trkpt lat="44.153925799479545" lon="3.1856837868690504">
        <ele>801.0</ele>
      </trkpt>
      <trkpt lat="44.15405665902274" lon="3.1855309009551998">
        <ele>801.0</ele>
      </trkpt>
      <trkpt lat="44.15417693402376" lon="3.1854088607032205">
        <ele>801.0</ele>
      </trkpt>
      <trkpt lat="44.15429720889661" lon="3.185286819934846">
        <ele>801.0</ele>
      </trkpt>
      <trkpt lat="44.15443961393216" lon="3.185105771279859">
        <ele>801.0</ele>
      </trkpt>
      <trkpt lat="44.15458201867955" lon="3.184924721717835">
        <ele>801.0</ele>
      </trkpt>
      <trkpt lat="44.15470614142136" lon="3.1847597662235794">
        <ele>802.0</ele>
      </trkpt>
      <trkpt lat="44.1548302639232" lon="3.1845948100090045">
        <ele>802.0</ele>
      </trkpt>
      <trkpt lat="44.154908201239" lon="3.184429854380735">
        <ele>802.0</ele>
      </trkpt>
      <trkpt lat="44.15498613830994" lon="3.1842648983001705">
        <ele>803.0</ele>
      </trkpt>
      <trkpt lat="44.15505349131259" lon="3.1841093301773067">
        <ele>803.0</ele>
      </trkpt>
      <trkpt lat="44.15516799135755" lon="3.1838840250738487">
        <ele>803.0</ele>
      </trkpt>
      <trkpt lat="44.15528249094659" lon="3.1836587190628047">
        <ele>804.0</ele>
      </trkpt>
      <trkpt lat="44.1553613898853" lon="3.1834682824870506">
        <ele>805.0</ele>
      </trkpt>
      <trkpt lat="44.15544028849663" lon="3.1832778453826904">
        <ele>805.0</ele>
      </trkpt>
      <trkpt lat="44.155548052434646" lon="3.183044493198395">
        <ele>806.0</ele>
      </trkpt>
      <trkpt lat="44.155615404795896" lon="3.1829372048377986">
        <ele>806.0</ele>
      </trkpt>
      <trkpt lat="44.1557443362446" lon="3.182832598686218">
        <ele>807.0</ele>
      </trkpt>
      <trkpt lat="44.15588000246445" lon="3.1827829779378622">
        <ele>807.0</ele>
      </trkpt>
      <trkpt lat="44.15601566867153" lon="3.182733356952667">
        <ele>807.0</ele>
      </trkpt>
      <trkpt lat="44.156211950926085" lon="3.1827011704444894">
        <ele>808.0</ele>
      </trkpt>
      <trkpt lat="44.15633125930472" lon="3.1827132403597247">
        <ele>808.0</ele>
      </trkpt>
      <trkpt lat="44.15645056768955" lon="3.182725310325622">
        <ele>808.0</ele>
      </trkpt>
      <trkpt lat="44.156574686377056" lon="3.182726651427202">
        <ele>808.0</ele>
      </trkpt>
      <trkpt lat="44.156698805072665" lon="3.1827279925346375">
        <ele>808.0</ele>
      </trkpt>
      <trkpt lat="44.1568931607445" lon="3.182690441608429">
        <ele>808.0</ele>
      </trkpt>
      <trkpt lat="44.15701631635941" lon="3.1826448441539603">
        <ele>807.0</ele>
      </trkpt>
      <trkpt lat="44.15713947196332" lon="3.1825992465019235">
        <ele>807.0</ele>
      </trkpt>
      <trkpt lat="44.157281869996496" lon="3.182563036770926">
        <ele>807.0</ele>
      </trkpt>
      <trkpt lat="44.1574242680284" lon="3.18252682685852">
        <ele>807.0</ele>
      </trkpt>
      <trkpt lat="44.157596491307196" lon="3.182452396234855">
        <ele>806.0</ele>
      </trkpt>
      <trkpt lat="44.15776871455113" lon="3.1823779651601938">
        <ele>806.0</ele>
      </trkpt>
      <trkpt lat="44.15794093776015" lon="3.1823035336345327">
        <ele>806.0</ele>
      </trkpt>
      <trkpt lat="44.158113160934285" lon="3.1822291016578674">
        <ele>805.0</ele>
      </trkpt>
      <trkpt lat="44.15826774342572" lon="3.1821647289916153">
        <ele>805.0</ele>
      </trkpt>
      <trkpt lat="44.15842232589195" lon="3.1821003559752588">
        <ele>804.0</ele>
      </trkpt>
      <trkpt lat="44.15857690833296" lon="3.1820359826087974">
        <ele>804.0</ele>
      </trkpt>
      <trkpt lat="44.15875073202575" lon="3.181952834637845">
        <ele>803.0</ele>
      </trkpt>
      <trkpt lat="44.15892455567141" lon="3.1818696861583855">
        <ele>803.0</ele>
      </trkpt>
      <trkpt lat="44.15909837926993" lon="3.181786537170411">
        <ele>803.0</ele>
      </trkpt>
      <trkpt lat="44.15924205528303" lon="3.1816962365900516">
        <ele>802.0</ele>
      </trkpt>
      <trkpt lat="44.15938573123265" lon="3.181605935553217">
        <ele>802.0</ele>
      </trkpt>
      <trkpt lat="44.159529407118804" lon="3.1815156340599064">
        <ele>802.0</ele>
      </trkpt>
      <trkpt lat="44.1597160563785" lon="3.1813761596491">
        <ele>801.0</ele>
      </trkpt>
      <trkpt lat="44.15990270547918" lon="3.1812366843223567">
        <ele>801.0</ele>
      </trkpt>
      <trkpt lat="44.16001046117999" lon="3.181181699141784">
        <ele>801.0</ele>
      </trkpt>
      <trkpt lat="44.16011821685934" lon="3.181126713752746">
        <ele>801.0</ele>
      </trkpt>
      <trkpt lat="44.16030293998211" lon="3.181086480748267">
        <ele>801.0</ele>
      </trkpt>
      <trkpt lat="44.16048766310806" lon="3.181046247482299">
        <ele>801.0</ele>
      </trkpt>
      <trkpt lat="44.160612735404385" lon="3.1810033322324887">
        <ele>801.0</ele>
      </trkpt>
      <trkpt lat="44.16073780769216" lon="3.1809604167938255">
        <ele>801.0</ele>
      </trkpt>
      <trkpt lat="44.16089943891108" lon="3.18079412030776">
        <ele>801.0</ele>
      </trkpt>
      <trkpt lat="44.16106106989161" lon="3.180627822875976">
        <ele>801.0</ele>
      </trkpt>
      <trkpt lat="44.16121628626049" lon="3.1804615268252423">
        <ele>801.0</ele>
      </trkpt>
      <trkpt lat="44.16137150238989" lon="3.18029522986632">
        <ele>801.0</ele>
      </trkpt>
      <trkpt lat="44.16152671827985" lon="3.1801289319992065">
        <ele>801.0</ele>
      </trkpt>
      <trkpt lat="44.161692195747584" lon="3.179973363876343">
        <ele>801.0</ele>
      </trkpt>
      <trkpt lat="44.161803796470224" lon="3.179925084208865">
        <ele>801.0</ele>
      </trkpt>
      <trkpt lat="44.16191539717815" lon="3.1798768043518066">
        <ele>801.0</ele>
      </trkpt>
      <trkpt lat="44.16208215589225" lon="3.1797945504246417">
        <ele>801.0</ele>
      </trkpt>
      <trkpt lat="44.16224891455929" lon="3.1797122960148525">
        <ele>801.0</ele>
      </trkpt>
      <trkpt lat="44.162415673179254" lon="3.1796300411224383">
        <ele>801.0</ele>
      </trkpt>
      <trkpt lat="44.16251765193226" lon="3.1795549394047606">
        <ele>801.0</ele>
      </trkpt>
      <trkpt lat="44.162619630639306" lon="3.179479837417603">
        <ele>801.0</ele>
      </trkpt>
      <trkpt lat="44.162765863738436" lon="3.1793564561203365">
        <ele>801.0</ele>
      </trkpt>
      <trkpt lat="44.162912096710016" lon="3.1792330741882333">
        <ele>801.0</ele>
      </trkpt>
      <trkpt lat="44.16302754344405" lon="3.179131150245667">
        <ele>801.0</ele>
      </trkpt>
      <trkpt lat="44.16312374888322" lon="3.1789380311965934">
        <ele>801.0</ele>
      </trkpt>
      <trkpt lat="44.16323534699603" lon="3.178685903549195">
        <ele>801.0</ele>
      </trkpt>
      <trkpt lat="44.16337003409248" lon="3.178535699844361">
        <ele>801.0</ele>
      </trkpt>
      <trkpt lat="44.163541278671076" lon="3.178409636020661">
        <ele>802.0</ele>
      </trkpt>
      <trkpt lat="44.16375292858695" lon="3.1783157587051396">
        <ele>802.0</ele>
      </trkpt>
      <trkpt lat="44.16392224773979" lon="3.1782540680815656">
        <ele>802.0</ele>
      </trkpt>
      <trkpt lat="44.164091566872976" lon="3.178192377090456">
        <ele>803.0</ele>
      </trkpt>
      <trkpt lat="44.164282050054624" lon="3.178101181983948">
        <ele>803.0</ele>
      </trkpt>
      <trkpt lat="44.1643888357377" lon="3.178026080272625">
        <ele>803.0</ele>
      </trkpt>
      <trkpt lat="44.16449562137535" lon="3.1779509782791133">
        <ele>804.0</ele>
      </trkpt>
      <trkpt lat="44.16463222965248" lon="3.1778731942176828">
        <ele>804.0</ele>
      </trkpt>
      <trkpt lat="44.16475440708946" lon="3.1778262556608174">
        <ele>804.0</ele>
      </trkpt>
      <trkpt lat="44.16487658451418" lon="3.1777793169021606">
        <ele>804.0</ele>
      </trkpt>
      <trkpt lat="44.16501800187478" lon="3.17770287413543">
        <ele>804.0</ele>
      </trkpt>
      <trkpt lat="44.165159419192605" lon="3.1776264309883127">
        <ele>804.0</ele>
      </trkpt>
      <trkpt lat="44.165315266293135" lon="3.1774976849555974">
        <ele>804.0</ele>
      </trkpt>
      <trkpt lat="44.165471112981855" lon="3.1774252653121953">
        <ele>803.0</ele>
      </trkpt>
      <trkpt lat="44.1656057949738" lon="3.17730724811554">
        <ele>803.0</ele>
      </trkpt>
      <trkpt lat="44.16568660404304" lon="3.177175820060666">
        <ele>802.0</ele>
      </trkpt>
      <trkpt lat="44.16576741295825" lon="3.17704439163208">
        <ele>802.0</ele>
      </trkpt>
      <trkpt lat="44.1658905502664" lon="3.1768217687661457">
        <ele>801.0</ele>
      </trkpt>
      <trkpt lat="44.16601368713069" lon="3.176599144935608">
        <ele>801.0</ele>
      </trkpt>
      <trkpt lat="44.166131051955425" lon="3.176355064419255">
        <ele>800.0</ele>
      </trkpt>
      <trkpt lat="44.16624841624426" lon="3.1761109828948975">
        <ele>799.0</ele>
      </trkpt>
      <trkpt lat="44.166333072496926" lon="3.1759339573635827">
        <ele>799.0</ele>
      </trkpt>
      <trkpt lat="44.16641772846766" lon="3.1757569313049316">
        <ele>799.0</ele>
      </trkpt>
      <trkpt lat="44.166498536416796" lon="3.1756322087630613">
        <ele>799.0</ele>
      </trkpt>
      <trkpt lat="44.16657934422757" lon="3.1755074858665466">
        <ele>798.0</ele>
      </trkpt>
      <trkpt lat="44.166687087792496" lon="3.1753814222818177">
        <ele>798.0</ele>
      </trkpt>
      <trkpt lat="44.16679483121863" lon="3.1752553582191467">
        <ele>799.0</ele>
      </trkpt>
      <trkpt lat="44.166975685764214" lon="3.1750997900962825">
        <ele>799.0</ele>
      </trkpt>
      <trkpt lat="44.16709112454601" lon="3.1750649213790885">
        <ele>799.0</ele>
      </trkpt>
      <trkpt lat="44.167266205999276" lon="3.1750635802787115">
        <ele>799.0</ele>
      </trkpt>
      <trkpt lat="44.16744128746859" lon="3.1750622391700745">
        <ele>799.0</ele>
      </trkpt>
      <trkpt lat="44.1675894326947" lon="3.175056874752045">
        <ele>800.0</ele>
      </trkpt>
      <trkpt lat="44.16774912128799" lon="3.175048828125001">
        <ele>800.0</ele>
      </trkpt>
      <trkpt lat="44.16791458130209" lon="3.175013959407806">
        <ele>800.0</ele>
      </trkpt>
      <trkpt lat="44.16802039850963" lon="3.17493885755539">
        <ele>801.0</ele>
      </trkpt>
      <trkpt lat="44.168103128235416" lon="3.1747899951717455">
        <ele>801.0</ele>
      </trkpt>
      <trkpt lat="44.168185857762765" lon="3.1746411323547368">
        <ele>801.0</ele>
      </trkpt>
      <trkpt lat="44.168267625279256" lon="3.174498975481463">
        <ele>801.0</ele>
      </trkpt>
      <trkpt lat="44.16834939261503" lon="3.1743568181991577">
        <ele>802.0</ele>
      </trkpt>
      <trkpt lat="44.16847444837258" lon="3.1741368770599383">
        <ele>802.0</ele>
      </trkpt>
      <trkpt lat="44.168516774876636" lon="3.174005448818207">
        <ele>802.0</ele>
      </trkpt>
      <trkpt lat="44.16852447060134" lon="3.173879384994506">
        <ele>802.0</ele>
      </trkpt>
      <trkpt lat="44.1685206227391" lon="3.173750638961792">
        <ele>802.0</ele>
      </trkpt>
      <trkpt lat="44.16848599196761" lon="3.1735977530479436">
        <ele>802.0</ele>
      </trkpt>
      <trkpt lat="44.168447513308756" lon="3.173479735851288">
        <ele>801.0</ele>
      </trkpt>
      <trkpt lat="44.1684109585596" lon="3.1733778119087224">
        <ele>801.0</ele>
      </trkpt>
      <trkpt lat="44.16834554474138" lon="3.173316121101379">
        <ele>801.0</ele>
      </trkpt>
      <trkpt lat="44.16824357599771" lon="3.1732302904129033">
        <ele>801.0</ele>
      </trkpt>
      <trkpt lat="44.168139683134164" lon="3.173160552978516">
        <ele>800.0</ele>
      </trkpt>
      <trkpt lat="44.168003082979574" lon="3.172978162765502">
        <ele>800.0</ele>
      </trkpt>
      <trkpt lat="44.16793382086758" lon="3.1728292999837686">
        <ele>800.0</ele>
      </trkpt>
      <trkpt lat="44.16786455855608" lon="3.1726804375648503">
        <ele>800.0</ele>
      </trkpt>
      <trkpt lat="44.16775489315676" lon="3.1724363565444964">
        <ele>800.0</ele>
      </trkpt>
      <trkpt lat="44.16769525048557" lon="3.1723022460937504">
        <ele>800.0</ele>
      </trkpt>
      <trkpt lat="44.16757981288616" lon="3.172111809253695">
        <ele>800.0</ele>
      </trkpt>
      <trkpt lat="44.167487462643955" lon="3.171902596950531">
        <ele>800.0</ele>
      </trkpt>
      <trkpt lat="44.167418199867356" lon="3.1716558337211604">
        <ele>801.0</ele>
      </trkpt>
      <trkpt lat="44.167383568448614" lon="3.171422481536866">
        <ele>802.0</ele>
      </trkpt>
      <trkpt lat="44.16740088416055" lon="3.1711944937705994">
        <ele>803.0</ele>
      </trkpt>
      <trkpt lat="44.16743166763584" lon="3.170945048332214">
        <ele>803.0</ele>
      </trkpt>
      <trkpt lat="44.167485538679" lon="3.1706902384758004">
        <ele>805.0</ele>
      </trkpt>
      <trkpt lat="44.167534599846576" lon="3.170540034900621">
        <ele>806.0</ele>
      </trkpt>
      <trkpt lat="44.167583660809726" lon="3.1703898310661316">
        <ele>807.0</ele>
      </trkpt>
      <trkpt lat="44.167625987953066" lon="3.1703093647956853">
        <ele>809.0</ele>
      </trkpt>
      <trkpt lat="44.16774142546209" lon="3.170204758644104">
        <ele>810.0</ele>
      </trkpt>
      <trkpt lat="44.16787610227048" lon="3.1701135635375977">
        <ele>811.0</ele>
      </trkpt>
      <trkpt lat="44.16799153929003" lon="3.1699284911155723">
        <ele>813.0</ele>
      </trkpt>
      <trkpt lat="44.16811467186192" lon="3.169756829738617">
        <ele>814.0</ele>
      </trkpt>
      <trkpt lat="44.168183933820636" lon="3.1696495413780204">
        <ele>815.0</ele>
      </trkpt>
      <trkpt lat="44.16825319569806" lon="3.1695476174354553">
        <ele>816.0</ele>
      </trkpt>
      <trkpt lat="44.16831091386707" lon="3.169499337673187">
        <ele>817.0</ele>
      </trkpt>
      <trkpt lat="44.168405186755" lon="3.169432282447814">
        <ele>818.0</ele>
      </trkpt>
      <trkpt lat="44.16848406803525" lon="3.1693491339683537">
        <ele>818.0</ele>
      </trkpt>
      <trkpt lat="44.16855332956023" lon="3.169204294681551">
        <ele>818.0</ele>
      </trkpt>
      <trkpt lat="44.168653373841536" lon="3.169035315513611">
        <ele>818.0</ele>
      </trkpt>
      <trkpt lat="44.16870147199338" lon="3.16894143819809">
        <ele>818.0</ele>
      </trkpt>
      <trkpt lat="44.168774581108984" lon="3.1687161326408386">
        <ele>817.0</ele>
      </trkpt>
      <trkpt lat="44.16890733163983" lon="3.1685712933540353">
        <ele>816.0</ele>
      </trkpt>
      <trkpt lat="44.169062206733955" lon="3.1684546175798287">
        <ele>815.0</ele>
      </trkpt>
      <trkpt lat="44.16921708171655" lon="3.1683379411697388">
        <ele>814.0</ele>
      </trkpt>
      <trkpt lat="44.16940081446971" lon="3.1682091955532283">
        <ele>813.0</ele>
      </trkpt>
      <trkpt lat="44.16958454708945" lon="3.168080449104311">
        <ele>812.0</ele>
      </trkpt>
      <trkpt lat="44.16971152412055" lon="3.1680080294609083">
        <ele>811.0</ele>
      </trkpt>
      <trkpt lat="44.1698057947699" lon="3.1679892539978023">
        <ele>811.0</ele>
      </trkpt>
      <trkpt lat="44.16998279231676" lon="3.167999982833863">
        <ele>810.0</ele>
      </trkpt>
      <trkpt lat="44.170115540128315" lon="3.1679597496986385">
        <ele>809.0</ele>
      </trkpt>
      <trkpt lat="44.1702886889987" lon="3.1678363680839543">
        <ele>809.0</ele>
      </trkpt>
      <trkpt lat="44.17038680646632" lon="3.1677317619323744">
        <ele>809.0</ele>
      </trkpt>
      <trkpt lat="44.170511857904124" lon="3.167584240436553">
        <ele>809.0</ele>
      </trkpt>
      <trkpt lat="44.170663843140815" lon="3.167444765567781">
        <ele>809.0</ele>
      </trkpt>
      <trkpt lat="44.170829294978525" lon="3.1672972440719613">
        <ele>809.0</ele>
      </trkpt>
      <trkpt lat="44.17093703080937" lon="3.167141675949096">
        <ele>809.0</ele>
      </trkpt>
      <trkpt lat="44.171026489863024" lon="3.1670303644501905">
        <ele>809.0</ele>
      </trkpt>
      <trkpt lat="44.17111594880794" lon="3.166919052600861">
        <ele>809.0</ele>
      </trkpt>
      <trkpt lat="44.17125638943738" lon="3.166744709014893">
        <ele>809.0</ele>
      </trkpt>
      <trkpt lat="44.171354505295156" lon="3.16667765378952">
        <ele>809.0</ele>
      </trkpt>
      <trkpt lat="44.17151033602778" lon="3.1666105985641493">
        <ele>809.0</ele>
      </trkpt>
      <trkpt lat="44.17172003352439" lon="3.1665462255477896">
        <ele>809.0</ele>
      </trkpt>
      <trkpt lat="44.17189125386317" lon="3.166465759277344">
        <ele>809.0</ele>
      </trkpt>
      <trkpt lat="44.17199033051653" lon="3.166386634249345">
        <ele>809.0</ele>
      </trkpt>
      <trkpt lat="44.17208940711791" lon="3.166307508945465">
        <ele>810.0</ele>
      </trkpt>
      <trkpt lat="44.17226447400257" lon="3.1661573052406324">
        <ele>810.0</ele>
      </trkpt>
      <trkpt lat="44.172410683310204" lon="3.166060745716095">
        <ele>810.0</ele>
      </trkpt>
      <trkpt lat="44.17250879724761" lon="3.1659802794456477">
        <ele>810.0</ele>
      </trkpt>
      <trkpt lat="44.172629996592036" lon="3.1658193469047555">
        <ele>810.0</ele>
      </trkpt>
      <trkpt lat="44.172683862887325" lon="3.165722787380218">
        <ele>811.0</ele>
      </trkpt>
      <trkpt lat="44.17280313808052" lon="3.1656128168106075">
        <ele>811.0</ele>
      </trkpt>
      <trkpt lat="44.17296601843763" lon="3.1655529144859744">
        <ele>812.0</ele>
      </trkpt>
      <trkpt lat="44.173128898775886" lon="3.165493011817975">
        <ele>812.0</ele>
      </trkpt>
      <trkpt lat="44.17329177909528" lon="3.16543310880661">
        <ele>813.0</ele>
      </trkpt>
      <trkpt lat="44.173421633672085" lon="3.165371418140226">
        <ele>813.0</ele>
      </trkpt>
      <trkpt lat="44.17355148822302" lon="3.1653097271919255">
        <ele>814.0</ele>
      </trkpt>
      <trkpt lat="44.17374194085647" lon="3.165210485458374">
        <ele>814.0</ele>
      </trkpt>
      <trkpt lat="44.17385736628387" lon="3.165178299015568">
        <ele>814.0</ele>
      </trkpt>
      <trkpt lat="44.17397279170876" lon="3.165146112442017">
        <ele>815.0</ele>
      </trkpt>
      <trkpt lat="44.17415362397004" lon="3.1650978328333736">
        <ele>815.0</ele>
      </trkpt>
      <trkpt lat="44.174334456227164" lon="3.1650495529174805">
        <ele>816.0</ele>
      </trkpt>
      <trkpt lat="44.17451528765464" lon="3.1649798154830933">
        <ele>816.0</ele>
      </trkpt>
      <trkpt lat="44.17463263541191" lon="3.1648778915405273">
        <ele>817.0</ele>
      </trkpt>
      <trkpt lat="44.17472786001406" lon="3.16479206099587">
        <ele>817.0</ele>
      </trkpt>
      <trkpt lat="44.17482308455379" lon="3.1647062301635738">
        <ele>818.0</ele>
      </trkpt>
      <trkpt lat="44.174986601003006" lon="3.1645748019218445">
        <ele>819.0</ele>
      </trkpt>
      <trkpt lat="44.17504623630107" lon="3.164515793323517">
        <ele>820.0</ele>
      </trkpt>
      <trkpt lat="44.17507701578618" lon="3.1644567847251897">
        <ele>820.0</ele>
      </trkpt>
      <trkpt lat="44.17509625295637" lon="3.164395630392392">
        <ele>821.0</ele>
      </trkpt>
      <trkpt lat="44.17496351635544" lon="3.164208345115185">
        <ele>822.0</ele>
      </trkpt>
      <trkpt lat="44.17484616923182" lon="3.164063505529301">
        <ele>823.0</ele>
      </trkpt>
      <trkpt lat="44.174728821924184" lon="3.163918666541576">
        <ele>824.0</ele>
      </trkpt>
      <trkpt lat="44.17464610156203" lon="3.1637791914697853">
        <ele>824.0</ele>
      </trkpt>
      <trkpt lat="44.17456338102614" lon="3.163639716804028">
        <ele>825.0</ele>
      </trkpt>
      <trkpt lat="44.174480660481734" lon="3.163465372964287">
        <ele>826.0</ele>
      </trkpt>
      <trkpt lat="44.17439793966386" lon="3.163291029632091">
        <ele>826.0</ele>
      </trkpt>
      <trkpt lat="44.17433638009629" lon="3.1631032747976686">
        <ele>827.0</ele>
      </trkpt>
      <trkpt lat="44.1742748202094" lon="3.162915520370008">
        <ele>827.0</ele>
      </trkpt>
      <trkpt lat="44.1742536591375" lon="3.1627572699792026">
        <ele>828.0</ele>
      </trkpt>
      <trkpt lat="44.17423249783756" lon="3.1625990197062497">
        <ele>829.0</ele>
      </trkpt>
      <trkpt lat="44.17419787041984" lon="3.162320069968701">
        <ele>829.0</ele>
      </trkpt>
      <trkpt lat="44.17417093810192" lon="3.162145726300109">
        <ele>830.0</ele>
      </trkpt>
      <trkpt lat="44.17414400550735" lon="3.161971382796764">
        <ele>830.0</ele>
      </trkpt>
      <trkpt lat="44.1741651668453" lon="3.161808857754785">
        <ele>830.0</ele>
      </trkpt>
      <trkpt lat="44.17418632794274" lon="3.161646332591771">
        <ele>831.0</ele>
      </trkpt>
      <trkpt lat="44.17418662614161" lon="3.161644898918953">
        <ele>831.0</ele>
      </trkpt>
      <trkpt lat="44.17424211656111" lon="3.1613781116902824">
        <ele>832.0</ele>
      </trkpt>
      <trkpt lat="44.17425943025952" lon="3.1611072085797782">
        <ele>832.0</ele>
      </trkpt>
      <trkpt lat="44.17425365921636" lon="3.160903360673945">
        <ele>833.0</ele>
      </trkpt>
      <trkpt lat="44.17424788779447" lon="3.160699512809515">
        <ele>833.0</ele>
      </trkpt>
      <trkpt lat="44.17423923107995" lon="3.1605265103017013">
        <ele>834.0</ele>
      </trkpt>
      <trkpt lat="44.17423057409266" lon="3.1603535078465943">
        <ele>835.0</ele>
      </trkpt>
      <trkpt lat="44.174217108007234" lon="3.16018318753379">
        <ele>835.0</ele>
      </trkpt>
      <trkpt lat="44.174203641657506" lon="3.160012867301701">
        <ele>836.0</ele>
      </trkpt>
      <trkpt lat="44.1741834424356" lon="3.1598532758085907">
        <ele>837.0</ele>
      </trkpt>
      <trkpt lat="44.17416324298176" lon="3.15969368442893">
        <ele>838.0</ele>
      </trkpt>
      <trkpt lat="44.174155547992754" lon="3.1595005653798585">
        <ele>839.0</ele>
      </trkpt>
      <trkpt lat="44.17418055670333" lon="3.1592269800603394">
        <ele>839.0</ele>
      </trkpt>
      <trkpt lat="44.174184404314225" lon="3.1590660475303403">
        <ele>840.0</ele>
      </trkpt>
      <trkpt lat="44.174188251689074" lon="3.158905114978552">
        <ele>841.0</ele>
      </trkpt>
      <trkpt lat="44.17418632807282" lon="3.1587361358048933">
        <ele>842.0</ele>
      </trkpt>
      <trkpt lat="44.174184404196296" lon="3.158567156642676">
        <ele>843.0</ele>
      </trkpt>
      <trkpt lat="44.1741940229277" lon="3.158379402011632">
        <ele>844.0</ele>
      </trkpt>
      <trkpt lat="44.17423057409266" lon="3.1581701897084713">
        <ele>845.0</ele>
      </trkpt>
      <trkpt lat="44.17424211656111" lon="3.157982435077429">
        <ele>846.0</ele>
      </trkpt>
      <trkpt lat="44.17423057409265" lon="3.1576820276677604">
        <ele>847.0</ele>
      </trkpt>
      <trkpt lat="44.174230574237654" lon="3.157503660768271">
        <ele>847.0</ele>
      </trkpt>
      <trkpt lat="44.17423057409268" lon="3.15732529386878">
        <ele>848.0</ele>
      </trkpt>
      <trkpt lat="44.174234421582504" lon="3.1571536324918275">
        <ele>849.0</ele>
      </trkpt>
      <trkpt lat="44.17411707303241" lon="3.157097306102514">
        <ele>849.0</ele>
      </trkpt>
      <trkpt lat="44.17397279153102" lon="3.157066460620532">
        <ele>850.0</ele>
      </trkpt>
      <trkpt lat="44.173828510031804" lon="3.157035615295171">
        <ele>850.0</ele>
      </trkpt>
      <trkpt lat="44.173711160555186" lon="3.1570195220078503">
        <ele>851.0</ele>
      </trkpt>
      <trkpt lat="44.1735938110834" lon="3.1570034287869926">
        <ele>851.0</ele>
      </trkpt>
      <trkpt lat="44.17341682437348" lon="3.1569873355329046">
        <ele>851.0</ele>
      </trkpt>
      <trkpt lat="44.173239837132265" lon="3.1570114754140364">
        <ele>851.0</ele>
      </trkpt>
      <trkpt lat="44.17306669692588" lon="3.157032933086156">
        <ele>851.0</ele>
      </trkpt>
      <trkpt lat="44.172941650905116" lon="3.1570275686681284">
        <ele>851.0</ele>
      </trkpt>
      <trkpt lat="44.172810833245784" lon="3.156973924487828">
        <ele>850.0</ele>
      </trkpt>
      <trkpt lat="44.17267424390946" lon="3.156888093799351">
        <ele>850.0</ele>
      </trkpt>
      <trkpt lat="44.17257420644836" lon="3.1570597551763044">
        <ele>850.0</ele>
      </trkpt>
      <trkpt lat="44.17249148303499" lon="3.1572636030614363">
        <ele>849.0</ele>
      </trkpt>
      <trkpt lat="44.17241260711447" lon="3.1574642658233634">
        <ele>848.0</ele>
      </trkpt>
      <trkpt lat="44.17232218824602" lon="3.157633747905492">
        <ele>847.0</ele>
      </trkpt>
      <trkpt lat="44.17225293118366" lon="3.157765176307385">
        <ele>847.0</ele>
      </trkpt>
      <trkpt lat="44.172183673966366" lon="3.157896604388952">
        <ele>846.0</ele>
      </trkpt>
      <trkpt lat="44.17203938791232" lon="3.1581138633191586">
        <ele>845.0</ele>
      </trkpt>
      <trkpt lat="44.171948006544376" lon="3.158223834065593">
        <ele>844.0</ele>
      </trkpt>
      <trkpt lat="44.17185662507053" lon="3.1583338044583815">
        <ele>843.0</ele>
      </trkpt>
      <trkpt lat="44.17173927171263" lon="3.158431705289579">
        <ele>842.0</ele>
      </trkpt>
      <trkpt lat="44.17162191827457" lon="3.1585296057164656">
        <ele>841.0</ele>
      </trkpt>
      <trkpt lat="44.17143338263078" lon="3.158618118613957">
        <ele>840.0</ele>
      </trkpt>
      <trkpt lat="44.171269856329246" lon="3.1586073897778983">
        <ele>839.0</ele>
      </trkpt>
      <trkpt lat="44.17115442561622" lon="3.15856849766819">
        <ele>838.0</ele>
      </trkpt>
      <trkpt lat="44.17103899489639" lon="3.1585296057164665">
        <ele>838.0</ele>
      </trkpt>
      <trkpt lat="44.170927411546565" lon="3.158518876880407">
        <ele>837.0</ele>
      </trkpt>
      <trkpt lat="44.170785046276436" lon="3.158518876880408">
        <ele>836.0</ele>
      </trkpt>
      <trkpt lat="44.17059458409398" lon="3.1585349701344962">
        <ele>836.0</ele>
      </trkpt>
      <trkpt lat="44.170446446415674" lon="3.1585564278066154">
        <ele>835.0</ele>
      </trkpt>
      <trkpt lat="44.17030888951406" lon="3.1586087310089956">
        <ele>834.0</ele>
      </trkpt>
      <trkpt lat="44.17017133259741" lon="3.1586610339581958">
        <ele>834.0</ele>
      </trkpt>
      <trkpt lat="44.170026079509306" lon="3.1587173604914636">
        <ele>833.0</ele>
      </trkpt>
      <trkpt lat="44.169880826403336" lon="3.158773686736822">
        <ele>833.0</ele>
      </trkpt>
      <trkpt lat="44.16968651320276" lon="3.1588367188641744">
        <ele>832.0</ele>
      </trkpt>
      <trkpt lat="44.169492199985726" lon="3.158899750560524">
        <ele>832.0</ele>
      </trkpt>
      <trkpt lat="44.169301733628295" lon="3.1589560769498335">
        <ele>831.0</ele>
      </trkpt>
      <trkpt lat="44.169217081716425" lon="3.1589668057858944">
        <ele>831.0</ele>
      </trkpt>
      <trkpt lat="44.169124734037595" lon="3.1590258143842225">
        <ele>830.0</ele>
      </trkpt>
      <trkpt lat="44.16900929923576" lon="3.1591143272817126">
        <ele>830.0</ele>
      </trkpt>
      <trkpt lat="44.16884384229261" lon="3.1592055223882194">
        <ele>829.0</ele>
      </trkpt>
      <trkpt lat="44.16872071124285" lon="3.1592484377324563">
        <ele>829.0</ele>
      </trkpt>
      <trkpt lat="44.16855525349012" lon="3.1592645309865475">
        <ele>828.0</ele>
      </trkpt>
      <trkpt lat="44.16838017559513" lon="3.1592564843595023">
        <ele>827.0</ele>
      </trkpt>
      <trkpt lat="44.16821664082821" lon="3.159261848777532">
        <ele>827.0</ele>
      </trkpt>
      <trkpt lat="44.168033866140426" lon="3.15920015797019">
        <ele>827.0</ele>
      </trkpt>
      <trkpt lat="44.16782992739919" lon="3.1592028401792036">
        <ele>826.0</ele>
      </trkpt>
      <trkpt lat="44.16765388512126" lon="3.15913578474614">
        <ele>826.0</ele>
      </trkpt>
      <trkpt lat="44.16747784281856" lon="3.1590687297284616">
        <ele>826.0</ele>
      </trkpt>
      <trkpt lat="44.167273902154875" lon="3.15904190763831">
        <ele>826.0</ele>
      </trkpt>
      <trkpt lat="44.16706226487154" lon="3.1589855812490013">
        <ele>826.0</ele>
      </trkpt>
      <trkpt lat="44.16690449840268" lon="3.158894386142491">
        <ele>827.0</ele>
      </trkpt>
      <trkpt lat="44.166796755205894" lon="3.1588836573064323">
        <ele>827.0</ele>
      </trkpt>
      <trkpt lat="44.16672941560792" lon="3.158945348113778">
        <ele>827.0</ele>
      </trkpt>
      <trkpt lat="44.166681315847995" lon="3.159009721130131">
        <ele>828.0</ele>
      </trkpt>
      <trkpt lat="44.16658319221624" lon="3.159151878207922">
        <ele>828.0</ele>
      </trkpt>
      <trkpt lat="44.16657164824887" lon="3.159312810748817">
        <ele>829.0</ele>
      </trkpt>
      <trkpt lat="44.16653316834114" lon="3.1595515273511414">
        <ele>829.0</ele>
      </trkpt>
      <trkpt lat="44.1664869924188" lon="3.1596883200109005">
        <ele>830.0</ele>
      </trkpt>
      <trkpt lat="44.16641195646783" lon="3.159827794879673">
        <ele>830.0</ele>
      </trkpt>
      <trkpt lat="44.16631960439724" lon="3.1599699519574647">
        <ele>831.0</ele>
      </trkpt>
      <trkpt lat="44.16630228836791" lon="3.160117473453282">
        <ele>831.0</ele>
      </trkpt>
      <trkpt lat="44.16635423644063" lon="3.160407152026894">
        <ele>832.0</ele>
      </trkpt>
      <trkpt lat="44.166356160442504" lon="3.160519804805515">
        <ele>832.0</ele>
      </trkpt>
      <trkpt lat="44.16625996027474" lon="3.1606539152562605">
        <ele>832.0</ele>
      </trkpt>
      <trkpt lat="44.16616568395817" lon="3.160779979079962">
        <ele>833.0</ele>
      </trkpt>
      <trkpt lat="44.16602715521963" lon="3.1610213778913034">
        <ele>833.0</ele>
      </trkpt>
      <trkpt lat="44.165942498608146" lon="3.16108575090766">
        <ele>834.0</ele>
      </trkpt>
      <trkpt lat="44.1658443737474" lon="3.1611045263707633">
        <ele>834.0</ele>
      </trkpt>
      <trkpt lat="44.16564812353611" lon="3.1611393950879565">
        <ele>835.0</ele>
      </trkpt>
      <trkpt lat="44.16554807415754" lon="3.1611876748502246">
        <ele>835.0</ele>
      </trkpt>
      <trkpt lat="44.16539992380457" lon="3.1611662171781085">
        <ele>835.0</ele>
      </trkpt>
      <trkpt lat="44.16527293749154" lon="3.1611098907887945">
        <ele>835.0</ele>
      </trkpt>
      <trkpt lat="44.165147874849886" lon="3.161016013266715">
        <ele>835.0</ele>
      </trkpt>
      <trkpt lat="44.16502281213608" lon="3.16092213615775">
        <ele>835.0</ele>
      </trkpt>
      <trkpt lat="44.16494585027488" lon="3.1609382294118396">
        <ele>835.0</ele>
      </trkpt>
      <trkpt lat="44.16484772375626" lon="3.161007966846229">
        <ele>835.0</ele>
      </trkpt>
      <trkpt lat="44.1647245843647" lon="3.16104283556342">
        <ele>835.0</ele>
      </trkpt>
      <trkpt lat="44.16460529283395" lon="3.1610374711453906">
        <ele>835.0</ele>
      </trkpt>
      <trkpt lat="44.16440903850043" lon="3.1610455177724375">
        <ele>834.0</ele>
      </trkpt>
      <trkpt lat="44.16427820191545" lon="3.1610267423093323">
        <ele>834.0</ele>
      </trkpt>
      <trkpt lat="44.164085794645565" lon="3.1608926318585864">
        <ele>833.0</ele>
      </trkpt>
      <trkpt lat="44.1639453369423" lon="3.160884585231541">
        <ele>833.0</ele>
      </trkpt>
      <trkpt lat="44.16379333439348" lon="3.160849716514349">
        <ele>833.0</ele>
      </trkpt>
      <trkpt lat="44.16363459679931" lon="3.1607433216291723">
        <ele>832.0</ele>
      </trkpt>
      <trkpt lat="44.16347585911518" lon="3.160636927338249">
        <ele>832.0</ele>
      </trkpt>
      <trkpt lat="44.16331712134109" lon="3.1605305336415768">
        <ele>831.0</ele>
      </trkpt>
      <trkpt lat="44.163158382465525" lon="3.1604241387564">
        <ele>831.0</ele>
      </trkpt>
      <trkpt lat="44.16299964350001" lon="3.1603177444654778">
        <ele>831.0</ele>
      </trkpt>
      <trkpt lat="44.16284090444451" lon="3.160211350768805">
        <ele>831.0</ele>
      </trkpt>
      <trkpt lat="44.162696595535145" lon="3.1601416133344173">
        <ele>830.0</ele>
      </trkpt>
      <trkpt lat="44.16254843802121" lon="3.159985542297364">
        <ele>830.0</ele>
      </trkpt>
      <trkpt lat="44.16243395234982" lon="3.159880935935095">
        <ele>830.0</ele>
      </trkpt>
      <trkpt lat="44.162319466585544" lon="3.1597763299942025">
        <ele>830.0</ele>
      </trkpt>
      <trkpt lat="44.16219375634629" lon="3.159620034748414">
        <ele>830.0</ele>
      </trkpt>
      <trkpt lat="44.16206804589264" lon="3.1594637401939414">
        <ele>830.0</ele>
      </trkpt>
      <trkpt lat="44.161942335224616" lon="3.1593074463307853">
        <ele>830.0</ele>
      </trkpt>
      <trkpt lat="44.161803796568265" lon="3.1591840647160994">
        <ele>830.0</ele>
      </trkpt>
      <trkpt lat="44.161668464359956" lon="3.159047997840046">
        <ele>830.0</ele>
      </trkpt>
      <trkpt lat="44.161533131992456" lon="3.158911931611896">
        <ele>830.0</ele>
      </trkpt>
      <trkpt lat="44.1613977994658" lon="3.158775866031647">
        <ele>831.0</ele>
      </trkpt>
      <trkpt lat="44.16128234954254" lon="3.1586471199989314">
        <ele>831.0</ele>
      </trkpt>
      <trkpt lat="44.1611861411006" lon="3.15854251384735">
        <ele>831.0</ele>
      </trkpt>
      <trkpt lat="44.1610995533687" lon="3.158451318740848">
        <ele>832.0</ele>
      </trkpt>
      <trkpt lat="44.160949467665695" lon="3.158335983753203">
        <ele>833.0</ele>
      </trkpt>
      <trkpt lat="44.16084363777401" lon="3.1581643223762534">
        <ele>833.0</ele>
      </trkpt>
      <trkpt lat="44.16071664165317" lon="3.1580382585525517">
        <ele>834.0</ele>
      </trkpt>
      <trkpt lat="44.16058868302694" lon="3.15800204864934">
        <ele>835.0</ele>
      </trkpt>
      <trkpt lat="44.16046072439736" lon="3.1579658389091487">
        <ele>835.0</ele>
      </trkpt>
      <trkpt lat="44.16036451461563" lon="3.1579443812370305">
        <ele>836.0</ele>
      </trkpt>
      <trkpt lat="44.16015862515555" lon="3.1579363346099876">
        <ele>837.0</ele>
      </trkpt>
      <trkpt lat="44.16001815810233" lon="3.1579470634460454">
        <ele>838.0</ele>
      </trkpt>
      <trkpt lat="44.15984113065476" lon="3.15782904624939">
        <ele>838.0</ele>
      </trkpt>
      <trkpt lat="44.159760313638486" lon="3.1576842067566644">
        <ele>839.0</ele>
      </trkpt>
      <trkpt lat="44.159679496434386" lon="3.1575393676757817">
        <ele>840.0</ele>
      </trkpt>
      <trkpt lat="44.15952171022074" lon="3.157351613044738">
        <ele>840.0</ele>
      </trkpt>
      <trkpt lat="44.159348529744435" lon="3.1571960449218746">
        <ele>841.0</ele>
      </trkpt>
      <trkpt lat="44.15924462122316" lon="3.157045840942477">
        <ele>841.0</ele>
      </trkpt>
      <trkpt lat="44.15914071250187" lon="3.1568956375122066">
        <ele>841.0</ele>
      </trkpt>
      <trkpt lat="44.159082985441366" lon="3.1567400692313594">
        <ele>842.0</ele>
      </trkpt>
      <trkpt lat="44.159025258161954" lon="3.15658450126648">
        <ele>842.0</ele>
      </trkpt>
      <trkpt lat="44.1589021065539" lon="3.1564611193844945">
        <ele>842.0</ele>
      </trkpt>
      <trkpt lat="44.15877895481507" lon="3.15633773803711">
        <ele>842.0</ele>
      </trkpt>
      <trkpt lat="44.15860577215865" lon="3.156203627586364">
        <ele>842.0</ele>
      </trkpt>
      <trkpt lat="44.158623090446774" lon="3.155989553779365">
        <ele>842.0</ele>
      </trkpt>
      <trkpt lat="44.15861539343028" lon="3.155817892402412">
        <ele>841.0</ele>
      </trkpt>
      <trkpt lat="44.158599999577355" lon="3.155616475214654">
        <ele>841.0</ele>
      </trkpt>
      <trkpt lat="44.15858460535467" lon="3.1554150581359863">
        <ele>841.0</ele>
      </trkpt>
      <trkpt lat="44.158551893006305" lon="3.1552755832672115">
        <ele>841.0</ele>
      </trkpt>
      <trkpt lat="44.158500900320746" lon="3.155093192890587">
        <ele>840.0</ele>
      </trkpt>
      <trkpt lat="44.158449907333285" lon="3.154910802841187">
        <ele>840.0</ele>
      </trkpt>
      <trkpt lat="44.1583844826106" lon="3.154712570603028">
        <ele>839.0</ele>
      </trkpt>
      <trkpt lat="44.15831905753193" lon="3.154514338821171">
        <ele>839.0</ele>
      </trkpt>
      <trkpt lat="44.158184358904336" lon="3.154307808727027">
        <ele>838.0</ele>
      </trkpt>
      <trkpt lat="44.15800925022876" lon="3.154200520366433">
        <ele>837.0</ele>
      </trkpt>
      <trkpt lat="44.15786685378002" lon="3.1541061401367196">
        <ele>836.0</ele>
      </trkpt>
      <trkpt lat="44.157651334176585" lon="3.1540685892105107">
        <ele>835.0</ele>
      </trkpt>
      <trkpt lat="44.157497391120714" lon="3.153913021087647">
        <ele>834.0</ele>
      </trkpt>
      <trkpt lat="44.15742041944216" lon="3.153703808784487">
        <ele>833.0</ele>
      </trkpt>
      <trkpt lat="44.157364643627446" lon="3.1535390276238857">
        <ele>831.0</ele>
      </trkpt>
      <trkpt lat="44.157308867566805" lon="3.1533742467866377">
        <ele>830.0</ele>
      </trkpt>
      <trkpt lat="44.157254958701905" lon="3.153214983257917">
        <ele>829.0</ele>
      </trkpt>
      <trkpt lat="44.15720104960727" lon="3.1530557200312614">
        <ele>828.0</ele>
      </trkpt>
      <trkpt lat="44.15708815730459" lon="3.152869417523478">
        <ele>827.0</ele>
      </trkpt>
      <trkpt lat="44.156975264692164" lon="3.152683115755653">
        <ele>826.0</ele>
      </trkpt>
      <trkpt lat="44.156862371770025" lon="3.1524968147277836">
        <ele>826.0</ele>
      </trkpt>
      <trkpt lat="44.15672766981708" lon="3.15235733985901">
        <ele>825.0</ele>
      </trkpt>
      <trkpt lat="44.156687259275024" lon="3.152196407203714">
        <ele>826.0</ele>
      </trkpt>
      <trkpt lat="44.15664684849771" lon="3.1520354747772212">
        <ele>826.0</ele>
      </trkpt>
      <trkpt lat="44.15653523792228" lon="3.1519013643264766">
        <ele>827.0</ele>
      </trkpt>
      <trkpt lat="44.15639668656942" lon="3.1517833471298227">
        <ele>828.0</ele>
      </trkpt>
      <trkpt lat="44.156313940471065" lon="3.1516653297613826">
        <ele>829.0</ele>
      </trkpt>
      <trkpt lat="44.15623119424934" lon="3.1515473127365112">
        <ele>830.0</ele>
      </trkpt>
      <trkpt lat="44.156124393654345" lon="3.1514697799865132">
        <ele>832.0</ele>
      </trkpt>
      <trkpt lat="44.156017593010546" lon="3.1513922475278373">
        <ele>833.0</ele>
      </trkpt>
      <trkpt lat="44.15583285618078" lon="3.1512495875358586">
        <ele>834.0</ele>
      </trkpt>
      <trkpt lat="44.15573182795227" lon="3.15113559345014">
        <ele>835.0</ele>
      </trkpt>
      <trkpt lat="44.15563079961071" lon="3.151021599769593">
        <ele>836.0</ele>
      </trkpt>
      <trkpt lat="44.15548069999652" lon="3.1508231163024893">
        <ele>837.0</ele>
      </trkpt>
      <trkpt lat="44.155424893632336" lon="3.150680959224701">
        <ele>838.0</ele>
      </trkpt>
      <trkpt lat="44.1553806" lon="3.1505173000000015">
        <ele>838.0</ele>
      </trkpt>
      <trkpt lat="44.155359465414065" lon="3.150305449962617">
        <ele>839.0</ele>
      </trkpt>
      <trkpt lat="44.15536138977446" lon="3.150082826614379">
        <ele>839.0</ele>
      </trkpt>
      <trkpt lat="44.15536138977447" lon="3.1498119235038757">
        <ele>840.0</ele>
      </trkpt>
      <trkpt lat="44.15535176808328" lon="3.149655014249946">
        <ele>840.0</ele>
      </trkpt>
      <trkpt lat="44.15534214616765" lon="3.1494981050491324">
        <ele>841.0</ele>
      </trkpt>
      <trkpt lat="44.155313280745695" lon="3.1492030620574956">
        <ele>841.0</ele>
      </trkpt>
      <trkpt lat="44.15527479374132" lon="3.148964345293555">
        <ele>841.0</ele>
      </trkpt>
      <trkpt lat="44.155236306218185" lon="3.148725628852844">
        <ele>841.0</ele>
      </trkpt>
      <trkpt lat="44.155211289475" lon="3.148666620254516">
        <ele>842.0</ele>
      </trkpt>
      <trkpt lat="44.15515163412178" lon="3.1485083699226384">
        <ele>842.0</ele>
      </trkpt>
      <trkpt lat="44.15508620560051" lon="3.1483045220375057">
        <ele>842.0</ele>
      </trkpt>
      <trkpt lat="44.155022701378115" lon="3.1481006741523743">
        <ele>842.0</ele>
      </trkpt>
      <trkpt lat="44.15498036519189" lon="3.147910237312318">
        <ele>842.0</ele>
      </trkpt>
      <trkpt lat="44.15499191142752" lon="3.1477198004722604">
        <ele>843.0</ele>
      </trkpt>
      <trkpt lat="44.155009230908426" lon="3.147548139147605">
        <ele>843.0</ele>
      </trkpt>
      <trkpt lat="44.15502655012083" lon="3.147376477718354">
        <ele>843.0</ele>
      </trkpt>
      <trkpt lat="44.155040020718296" lon="3.1472021341323857">
        <ele>843.0</ele>
      </trkpt>
      <trkpt lat="44.15505156710641" lon="3.1470116973310076">
        <ele>843.0</ele>
      </trkpt>
      <trkpt lat="44.15506311316392" lon="3.146821260452271">
        <ele>843.0</ele>
      </trkpt>
      <trkpt lat="44.15509390307734" lon="3.146574497222901">
        <ele>843.0</ele>
      </trkpt>
      <trkpt lat="44.15511891999286" lon="3.146406859233241">
        <ele>843.0</ele>
      </trkpt>
      <trkpt lat="44.15514354318427" lon="3.146241857764436">
        <ele>843.0</ele>
      </trkpt>
      <trkpt lat="44.155143936652465" lon="3.146239221096039">
        <ele>843.0</ele>
      </trkpt>
      <trkpt lat="44.15518049962283" lon="3.145957589149475">
        <ele>843.0</ele>
      </trkpt>
      <trkpt lat="44.155192045819284" lon="3.145842254161835">
        <ele>843.0</ele>
      </trkpt>
      <trkpt lat="44.1551843483552" lon="3.1457000970840467">
        <ele>843.0</ele>
      </trkpt>
      <trkpt lat="44.15517472652372" lon="3.145536482334138">
        <ele>844.0</ele>
      </trkpt>
      <trkpt lat="44.155153558488976" lon="3.1453916430473354">
        <ele>844.0</ele>
      </trkpt>
      <trkpt lat="44.15509967618435" lon="3.145096600055695">
        <ele>844.0</ele>
      </trkpt>
      <trkpt lat="44.15503617197649" lon="3.1448256969451904">
        <ele>844.0</ele>
      </trkpt>
      <trkpt lat="44.15497074332716" lon="3.1446540355682377">
        <ele>844.0</ele>
      </trkpt>
      <trkpt lat="44.15488222209794" lon="3.1444796919822697">
        <ele>845.0</ele>
      </trkpt>
      <trkpt lat="44.15479370073592" lon="3.1443214416503915">
        <ele>845.0</ele>
      </trkpt>
      <trkpt lat="44.15473981810274" lon="3.14418464899063">
        <ele>845.0</ele>
      </trkpt>
      <trkpt lat="44.15466861597629" lon="3.14396470785141">
        <ele>845.0</ele>
      </trkpt>
      <trkpt lat="44.15461858199817" lon="3.1438359618186977">
        <ele>846.0</ele>
      </trkpt>
      <trkpt lat="44.1545358334028" lon="3.1437286734581003">
        <ele>846.0</ele>
      </trkpt>
      <trkpt lat="44.15442999200711" lon="3.143607974052429">
        <ele>846.0</ele>
      </trkpt>
      <trkpt lat="44.1542779649429" lon="3.1435194611549386">
        <ele>846.0</ele>
      </trkpt>
      <trkpt lat="44.15413748388985" lon="3.1434443593025208">
        <ele>846.0</ele>
      </trkpt>
      <trkpt lat="44.153939270328394" lon="3.1433692574501046">
        <ele>846.0</ele>
      </trkpt>
      <trkpt lat="44.15378146876462" lon="3.1433209776878352">
        <ele>846.0</ele>
      </trkpt>
      <trkpt lat="44.153575556333465" lon="3.1432592868804936">
        <ele>845.0</ele>
      </trkpt>
      <trkpt lat="44.15339273628308" lon="3.1431680917739877">
        <ele>845.0</ele>
      </trkpt>
      <trkpt lat="44.153231084398364" lon="3.143044710159302">
        <ele>844.0</ele>
      </trkpt>
      <trkpt lat="44.153124278396106" lon="3.142940103811196">
        <ele>844.0</ele>
      </trkpt>
      <trkpt lat="44.15301747230011" lon="3.14283549785614">
        <ele>843.0</ele>
      </trkpt>
      <trkpt lat="44.15286929048044" lon="3.1426665186882032">
        <ele>842.0</ele>
      </trkpt>
      <trkpt lat="44.15270956160876" lon="3.1424975395202637">
        <ele>841.0</ele>
      </trkpt>
      <trkpt lat="44.15262392365876" lon="3.142382204358888">
        <ele>841.0</ele>
      </trkpt>
      <trkpt lat="44.15253828559134" lon="3.142266869544983">
        <ele>840.0</ele>
      </trkpt>
      <trkpt lat="44.15246130745875" lon="3.142146169975882">
        <ele>840.0</ele>
      </trkpt>
      <trkpt lat="44.15238432919644" lon="3.142025470733642">
        <ele>839.0</ele>
      </trkpt>
      <trkpt lat="44.15228233286361" lon="3.141891360282898">
        <ele>839.0</ele>
      </trkpt>
      <trkpt lat="44.15217841188993" lon="3.1417478618382946">
        <ele>839.0</ele>
      </trkpt>
      <trkpt lat="44.15207449073419" lon="3.141604363918305">
        <ele>839.0</ele>
      </trkpt>
      <trkpt lat="44.15194940021089" lon="3.1414192914962764">
        <ele>839.0</ele>
      </trkpt>
      <trkpt lat="44.151822384946676" lon="3.14122349023819">
        <ele>839.0</ele>
      </trkpt>
      <trkpt lat="44.15173770795199" lon="3.1410840153694157">
        <ele>840.0</ele>
      </trkpt>
      <trkpt lat="44.15167612460685" lon="3.1409472227096553">
        <ele>840.0</ele>
      </trkpt>
      <trkpt lat="44.15161839016238" lon="3.1408131122589116">
        <ele>840.0</ele>
      </trkpt>
      <trkpt lat="44.15155295772384" lon="3.140612449496984">
        <ele>840.0</ele>
      </trkpt>
      <trkpt lat="44.15156450462997" lon="3.140392005443572">
        <ele>841.0</ele>
      </trkpt>
      <trkpt lat="44.15156835383169" lon="3.140165610254236">
        <ele>841.0</ele>
      </trkpt>
      <trkpt lat="44.15157220256609" lon="3.139939215034247">
        <ele>841.0</ele>
      </trkpt>
      <trkpt lat="44.151590485327695" lon="3.139746096047278">
        <ele>841.0</ele>
      </trkpt>
      <trkpt lat="44.151608767749416" lon="3.1395529769361015">
        <ele>841.0</ele>
      </trkpt>
      <trkpt lat="44.15163763514382" lon="3.139361199088914">
        <ele>841.0</ele>
      </trkpt>
      <trkpt lat="44.151666502203305" lon="3.1391694210469714">
        <ele>840.0</ele>
      </trkpt>
      <trkpt lat="44.15166842668409" lon="3.1390299461781974">
        <ele>840.0</ele>
      </trkpt>
      <trkpt lat="44.151654955317" lon="3.1389467976987357">
        <ele>840.0</ele>
      </trkpt>
      <trkpt lat="44.151614541197304" lon="3.138871695846319">
        <ele>839.0</ele>
      </trkpt>
      <trkpt lat="44.15153948633021" lon="3.1387965939939018">
        <ele>839.0</ele>
      </trkpt>
      <trkpt lat="44.15143556404894" lon="3.1386893056333056">
        <ele>838.0</ele>
      </trkpt>
      <trkpt lat="44.1513316415847" lon="3.1385981105268">
        <ele>838.0</ele>
      </trkpt>
      <trkpt lat="44.151241190402075" lon="3.1384827755391593">
        <ele>837.0</ele>
      </trkpt>
      <trkpt lat="44.151143041089554" lon="3.138327207416296">
        <ele>837.0</ele>
      </trkpt>
      <trkpt lat="44.151075683623816" lon="3.1381770037114634">
        <ele>836.0</ele>
      </trkpt>
      <trkpt lat="44.15105162748846" lon="3.138010706682173">
        <ele>835.0</ele>
      </trkpt>
      <trkpt lat="44.151027571101245" lon="3.137844409793615">
        <ele>834.0</ele>
      </trkpt>
      <trkpt lat="44.1509833075458" lon="3.1376325152814384">
        <ele>834.0</ele>
      </trkpt>
      <trkpt lat="44.15091017638151" lon="3.1373374722897998">
        <ele>833.0</ele>
      </trkpt>
      <trkpt lat="44.15085629020242" lon="3.1371202133595943">
        <ele>832.0</ele>
      </trkpt>
      <trkpt lat="44.15079566828821" lon="3.136952575117412">
        <ele>831.0</ele>
      </trkpt>
      <trkpt lat="44.15073504611969" lon="3.136784937232733">
        <ele>829.0</ele>
      </trkpt>
      <trkpt lat="44.15065614110663" lon="3.136664237827062">
        <ele>828.0</ele>
      </trkpt>
      <trkpt lat="44.15059455663301" lon="3.1365913152694693">
        <ele>827.0</ele>
      </trkpt>
      <trkpt lat="44.15048678364935" lon="3.1365618109703064">
        <ele>826.0</ele>
      </trkpt>
      <trkpt lat="44.15043280927798" lon="3.1365620541521984">
        <ele>825.0</ele>
      </trkpt>
      <trkpt lat="44.15037516142301" lon="3.1365623138844962">
        <ele>824.0</ele>
      </trkpt>
      <trkpt lat="44.1503078030809" lon="3.136594500392676">
        <ele>824.0</ele>
      </trkpt>
      <trkpt lat="44.15017308616609" lon="3.136664237827062">
        <ele>823.0</ele>
      </trkpt>
      <trkpt lat="44.149965236608594" lon="3.136669602245092">
        <ele>822.0</ele>
      </trkpt>
      <trkpt lat="44.14986323609501" lon="3.1366588734090333">
        <ele>822.0</ele>
      </trkpt>
      <trkpt lat="44.149743914397426" lon="3.136622663511338">
        <ele>822.0</ele>
      </trkpt>
      <trkpt lat="44.149624592695424" lon="3.1365864537656325">
        <ele>822.0</ele>
      </trkpt>
      <trkpt lat="44.1494388732888" lon="3.1365301271923243">
        <ele>822.0</ele>
      </trkpt>
      <trkpt lat="44.14925315387149" lon="3.1364738009870066">
        <ele>822.0</ele>
      </trkpt>
      <trkpt lat="44.1491059247005" lon="3.1364335677475954">
        <ele>822.0</ele>
      </trkpt>
      <trkpt lat="44.148958695526204" lon="3.136393334716558">
        <ele>822.0</ele>
      </trkpt>
      <trkpt lat="44.14882397553225" lon="3.136374559253454">
        <ele>822.0</ele>
      </trkpt>
      <trkpt lat="44.14875084169236" lon="3.1364759802818307">
        <ele>822.0</ele>
      </trkpt>
      <trkpt lat="44.14863344244413" lon="3.1366717815399174">
        <ele>822.0</ele>
      </trkpt>
      <trkpt lat="44.14855068545635" lon="3.1367581151425834">
        <ele>821.0</ele>
      </trkpt>
      <trkpt lat="44.14851411837843" lon="3.136857356876135">
        <ele>821.0</ele>
      </trkpt>
      <trkpt lat="44.148504495459406" lon="3.137053158134222">
        <ele>821.0</ele>
      </trkpt>
      <trkpt lat="44.148471777523056" lon="3.1371738575398918">
        <ele>821.0</ele>
      </trkpt>
      <trkpt lat="44.14836015148601" lon="3.1373777054250236">
        <ele>820.0</ele>
      </trkpt>
      <trkpt lat="44.14824467605317" lon="3.13751181587577">
        <ele>820.0</ele>
      </trkpt>
      <trkpt lat="44.148109954429266" lon="3.1375815533101563">
        <ele>820.0</ele>
      </trkpt>
      <trkpt lat="44.147924230269886" lon="3.1376593376256783">
        <ele>819.0</ele>
      </trkpt>
      <trkpt lat="44.14773850607361" lon="3.1377371214330223">
        <ele>819.0</ele>
      </trkpt>
      <trkpt lat="44.147561441786046" lon="3.1378095410764213">
        <ele>819.0</ele>
      </trkpt>
      <trkpt lat="44.14736320613818" lon="3.1379248760640617">
        <ele>819.0</ele>
      </trkpt>
      <trkpt lat="44.14725446485231" lon="3.137979861454029">
        <ele>819.0</ele>
      </trkpt>
      <trkpt lat="44.14714572354514" lon="3.138034846633672">
        <ele>819.0</ele>
      </trkpt>
      <trkpt lat="44.146968657479384" lon="3.1381528638303275">
        <ele>819.0</ele>
      </trkpt>
      <trkpt lat="44.14681468655564" lon="3.1383218429982653">
        <ele>818.0</ele>
      </trkpt>
      <trkpt lat="44.14665879052778" lon="3.13850557481956">
        <ele>818.0</ele>
      </trkpt>
      <trkpt lat="44.14650289420495" lon="3.138689305633306">
        <ele>818.0</ele>
      </trkpt>
      <trkpt lat="44.146372980166085" lon="3.1388167108526237">
        <ele>818.0</ele>
      </trkpt>
      <trkpt lat="44.14624306598813" lon="3.1389441154897204">
        <ele>818.0</ele>
      </trkpt>
      <trkpt lat="44.146116038443495" lon="3.1390594504773626">
        <ele>818.0</ele>
      </trkpt>
      <trkpt lat="44.145989010625684" lon="3.139131870120763">
        <ele>818.0</ele>
      </trkpt>
      <trkpt lat="44.14582926313335" lon="3.1391667388379565">
        <ele>818.0</ele>
      </trkpt>
      <trkpt lat="44.145734954169875" lon="3.1391211412847038">
        <ele>818.0</ele>
      </trkpt>
      <trkpt lat="44.14565026844163" lon="3.139051403850318">
        <ele>818.0</ele>
      </trkpt>
      <trkpt lat="44.145540561749364" lon="3.1388716958463196">
        <ele>818.0</ele>
      </trkpt>
      <trkpt lat="44.14546838623649" lon="3.138724174163236">
        <ele>818.0</ele>
      </trkpt>
      <trkpt lat="44.14539621052791" lon="3.13857665285468">
        <ele>818.0</ele>
      </trkpt>
      <trkpt lat="44.1453365452533" lon="3.1384800933301444">
        <ele>818.0</ele>
      </trkpt>
      <trkpt lat="44.14530959962587" lon="3.138463497161866">
        <ele>818.0</ele>
      </trkpt>
      <trkpt lat="44.14517679599534" lon="3.1383840786293153">
        <ele>818.0</ele>
      </trkpt>
      <trkpt lat="44.14503629327852" lon="3.1383277522400017">
        <ele>818.0</ele>
      </trkpt>
      <trkpt lat="44.14495930534668" lon="3.138279472477733">
        <ele>818.0</ele>
      </trkpt>
      <trkpt lat="44.14486884439844" lon="3.138220463879406">
        <ele>818.0</ele>
      </trkpt>
      <trkpt lat="44.144795705658154" lon="3.1381480442360044">
        <ele>818.0</ele>
      </trkpt>
      <trkpt lat="44.1447110185824" lon="3.1380595313385125">
        <ele>818.0</ele>
      </trkpt>
      <trkpt lat="44.14462825609561" lon="3.13798711169511">
        <ele>818.0</ele>
      </trkpt>
      <trkpt lat="44.144558966482535" lon="3.1379227386787534">
        <ele>818.0</ele>
      </trkpt>
      <trkpt lat="44.14447235435181" lon="3.137844954617322">
        <ele>818.0</ele>
      </trkpt>
      <trkpt lat="44.14441268814339" lon="3.1377859460189934">
        <ele>818.0</ele>
      </trkpt>
      <trkpt lat="44.14434147355761" lon="3.1377135263755913">
        <ele>817.0</ele>
      </trkpt>
      <trkpt lat="44.14428950610299" lon="3.1376357423141594">
        <ele>817.0</ele>
      </trkpt>
      <trkpt lat="44.14422791498635" lon="3.137541864998639">
        <ele>817.0</ele>
      </trkpt>
      <trkpt lat="44.144137452917406" lon="3.1373889790847906">
        <ele>817.0</ele>
      </trkpt>
      <trkpt lat="44.144062388542125" lon="3.137279008515179">
        <ele>817.0</ele>
      </trkpt>
      <trkpt lat="44.14398539934014" lon="3.1371931778267017">
        <ele>817.0</ele>
      </trkpt>
      <trkpt lat="44.14390841003773" lon="3.13713685143739">
        <ele>816.0</ele>
      </trkpt>
      <trkpt lat="44.143816022742335" lon="3.137088571675121">
        <ele>816.0</ele>
      </trkpt>
      <trkpt lat="44.1436928394569" lon="3.137045656330883">
        <ele>816.0</ele>
      </trkpt>
      <trkpt lat="44.14353308575075" lon="3.1369920121505848">
        <ele>816.0</ele>
      </trkpt>
      <trkpt lat="44.143361783103636" lon="3.1369490968063474">
        <ele>816.0</ele>
      </trkpt>
      <trkpt lat="44.14325399691357" lon="3.1369276391342282">
        <ele>816.0</ele>
      </trkpt>
      <trkpt lat="44.143144285768024" lon="3.1369034992530938">
        <ele>816.0</ele>
      </trkpt>
      <trkpt lat="44.143063445846096" lon="3.1368820415809746">
        <ele>816.0</ele>
      </trkpt>
      <trkpt lat="44.14294026099028" lon="3.13685790169984">
        <ele>816.0</ele>
      </trkpt>
      <trkpt lat="44.142822850185404" lon="3.136823032982648">
        <ele>816.0</ele>
      </trkpt>
      <trkpt lat="44.142657319801465" lon="3.1367854820564394">
        <ele>816.0</ele>
      </trkpt>
      <trkpt lat="44.142549532325184" lon="3.1367532955482598">
        <ele>816.0</ele>
      </trkpt>
      <trkpt lat="44.14237822682409" lon="3.136683558113873">
        <ele>817.0</ele>
      </trkpt>
      <trkpt lat="44.1422377174465" lon="3.13662186730653">
        <ele>817.0</ele>
      </trkpt>
      <trkpt lat="44.14209913252735" lon="3.136573587544263">
        <ele>817.0</ele>
      </trkpt>
      <trkpt lat="44.141989419235635" lon="3.1365306722000232">
        <ele>817.0</ele>
      </trkpt>
      <trkpt lat="44.141887404939325" lon="3.1364958034828305">
        <ele>817.0</ele>
      </trkpt>
      <trkpt lat="44.14179693928386" lon="3.1364743458107105">
        <ele>817.0</ele>
      </trkpt>
      <trkpt lat="44.1416718269787" lon="3.1364662991836667">
        <ele>818.0</ele>
      </trkpt>
      <trkpt lat="44.14155633846169" lon="3.136460934765636">
        <ele>818.0</ele>
      </trkpt>
      <trkpt lat="44.14147164673897" lon="3.1364421593025327">
        <ele>818.0</ele>
      </trkpt>
      <trkpt lat="44.14135615783035" lon="3.13638583291322">
        <ele>818.0</ele>
      </trkpt>
      <trkpt lat="44.14130611256644" lon="3.1363616930320855">
        <ele>818.0</ele>
      </trkpt>
      <trkpt lat="44.141229119769946" lon="3.136337553150951">
        <ele>819.0</ele>
      </trkpt>
      <trkpt lat="44.14116560063724" lon="3.1363375531509514">
        <ele>819.0</ele>
      </trkpt>
      <trkpt lat="44.14110015661089" lon="3.136364375241101">
        <ele>819.0</ele>
      </trkpt>
      <trkpt lat="44.14105203595695" lon="3.136383150704205">
        <ele>819.0</ele>
      </trkpt>
      <trkpt lat="44.140969268340505" lon="3.136436794884503">
        <ele>819.0</ele>
      </trkpt>
      <trkpt lat="44.14091922274864" lon="3.136466299183667">
        <ele>820.0</ele>
      </trkpt>
      <trkpt lat="44.14085570328254" lon="3.136487756855786">
        <ele>820.0</ele>
      </trkpt>
      <trkpt lat="44.1407556118639" lon="3.1365065323188897">
        <ele>820.0</ele>
      </trkpt>
      <trkpt lat="44.14066321963459" lon="3.136506532318891">
        <ele>821.0</ele>
      </trkpt>
      <trkpt lat="44.14056505273249" lon="3.1364662991836667">
        <ele>821.0</ele>
      </trkpt>
      <trkpt lat="44.140464960821134" lon="3.13639656174928">
        <ele>822.0</ele>
      </trkpt>
      <trkpt lat="44.140409140258406" lon="3.136367057450117">
        <ele>822.0</ele>
      </trkpt>
      <trkpt lat="44.140351394793164" lon="3.136367057450117">
        <ele>823.0</ele>
      </trkpt>
      <trkpt lat="44.14029557412307" lon="3.13639119733125">
        <ele>824.0</ele>
      </trkpt>
      <trkpt lat="44.140243603106924" lon="3.1364153372123833">
        <ele>824.0</ele>
      </trkpt>
      <trkpt lat="44.1401877823349" lon="3.1364475237205625">
        <ele>825.0</ele>
      </trkpt>
      <trkpt lat="44.14010693836457" lon="3.136485074646771">
        <ele>826.0</ele>
      </trkpt>
      <trkpt lat="44.14001262025937" lon="3.1365038501098756">
        <ele>826.0</ele>
      </trkpt>
      <trkpt lat="44.13995679926899" lon="3.13650653231889">
        <ele>827.0</ele>
      </trkpt>
      <trkpt lat="44.13985285659449" lon="3.136533354409038">
        <ele>827.0</ele>
      </trkpt>
      <trkpt lat="44.139777786771376" lon="3.1365548120811573">
        <ele>827.0</ele>
      </trkpt>
      <trkpt lat="44.13970656659453" lon="3.1365414010360833">
        <ele>827.0</ele>
      </trkpt>
      <trkpt lat="44.13962764683875" lon="3.136503850109876">
        <ele>827.0</ele>
      </trkpt>
      <trkpt lat="44.13950637969139" lon="3.1364260660484433">
        <ele>827.0</ele>
      </trkpt>
      <trkpt lat="44.13942553478809" lon="3.1363590108230706">
        <ele>827.0</ele>
      </trkpt>
      <trkpt lat="44.13933891512603" lon="3.136286591179668">
        <ele>826.0</ele>
      </trkpt>
      <trkpt lat="44.13925037045124" lon="3.136235629208385">
        <ele>826.0</ele>
      </trkpt>
      <trkpt lat="44.139132952308096" lon="3.136216853745283">
        <ele>825.0</ele>
      </trkpt>
      <trkpt lat="44.138996284995" lon="3.1361953960731626">
        <ele>825.0</ele>
      </trkpt>
      <trkpt lat="44.1389096647032" lon="3.1361873494461188">
        <ele>824.0</ele>
      </trkpt>
      <trkpt lat="44.13880572018527" lon="3.1361471163108945">
        <ele>824.0</ele>
      </trkpt>
      <trkpt lat="44.138722949419744" lon="3.1360827432945375">
        <ele>823.0</ele>
      </trkpt>
      <trkpt lat="44.138655577780796" lon="3.1360049592331056">
        <ele>823.0</ele>
      </trkpt>
      <trkpt lat="44.138655188912544" lon="3.1360043812502068">
        <ele>822.0</ele>
      </trkpt>
      <trkpt lat="44.13859783060046" lon="3.135919128544629">
        <ele>822.0</ele>
      </trkpt>
      <trkpt lat="44.138536233545906" lon="3.1358547555282708">
        <ele>822.0</ele>
      </trkpt>
      <trkpt lat="44.13846886169391" lon="3.1358172046020627">
        <ele>821.0</ele>
      </trkpt>
      <trkpt lat="44.138389940283744" lon="3.135795746929943">
        <ele>821.0</ele>
      </trkpt>
      <trkpt lat="44.13827444534707" lon="3.1357850180938844">
        <ele>821.0</ele>
      </trkpt>
      <trkpt lat="44.138099277595295" lon="3.135795746929943">
        <ele>821.0</ele>
      </trkpt>
      <trkpt lat="44.13790101017237" lon="3.135811840184032">
        <ele>821.0</ele>
      </trkpt>
      <trkpt lat="44.137687342592606" lon="3.135825251229105">
        <ele>821.0</ele>
      </trkpt>
      <trkpt lat="44.137532063747564" lon="3.1358404504965303">
        <ele>821.0</ele>
      </trkpt>
      <trkpt lat="44.13737678491327" lon="3.1358556496809475">
        <ele>820.0</ele>
      </trkpt>
      <trkpt lat="44.1372215060897" lon="3.13587084878236">
        <ele>820.0</ele>
      </trkpt>
      <trkpt lat="44.13706750974329" lon="3.1358869420364495">
        <ele>820.0</ele>
      </trkpt>
      <trkpt lat="44.1369385374941" lon="3.1358923064544815">
        <ele>820.0</ele>
      </trkpt>
      <trkpt lat="44.13686346396568" lon="3.135919128544631">
        <ele>819.0</ele>
      </trkpt>
      <trkpt lat="44.13679609020499" lon="3.135943268425762">
        <ele>819.0</ele>
      </trkpt>
      <trkpt lat="44.13674411610856" lon="3.1359754549339414">
        <ele>819.0</ele>
      </trkpt>
      <trkpt lat="44.136694066935355" lon="3.13602909911424">
        <ele>818.0</ele>
      </trkpt>
      <trkpt lat="44.13663824280757" lon="3.136088107712567">
        <ele>818.0</ele>
      </trkpt>
      <trkpt lat="44.13659974337833" lon="3.13616052735597">
        <ele>818.0</ele>
      </trkpt>
      <trkpt lat="44.13655161905648" lon="3.1362490402534613">
        <ele>818.0</ele>
      </trkpt>
      <trkpt lat="44.13650541967064" lon="3.1363482819870105">
        <ele>817.0</ele>
      </trkpt>
      <trkpt lat="44.13646499517835" lon="3.1364394770935173">
        <ele>817.0</ele>
      </trkpt>
      <trkpt lat="44.13640724585567" lon="3.1364609347656365">
        <ele>817.0</ele>
      </trkpt>
      <trkpt lat="44.13635719639693" lon="3.1364609347656365">
        <ele>816.0</ele>
      </trkpt>
      <trkpt lat="44.13632062176571" lon="3.136393879540265">
        <ele>816.0</ele>
      </trkpt>
      <trkpt lat="44.13627634718179" lon="3.136192713864147">
        <ele>816.0</ele>
      </trkpt>
      <trkpt lat="44.13625517236904" lon="3.1359995948150745">
        <ele>815.0</ele>
      </trkpt>
      <trkpt lat="44.13622822259634" lon="3.135811840184033">
        <ele>815.0</ele>
      </trkpt>
      <trkpt lat="44.13619934782629" lon="3.135658954270185">
        <ele>815.0</ele>
      </trkpt>
      <trkpt lat="44.13615314816481" lon="3.1355409370735283">
        <ele>815.0</ele>
      </trkpt>
      <trkpt lat="44.136097323525625" lon="3.1354470597580066">
        <ele>815.0</ele>
      </trkpt>
      <trkpt lat="44.13596449917197" lon="3.1353075848892322">
        <ele>815.0</ele>
      </trkpt>
      <trkpt lat="44.13585669947691" lon="3.1352056609466668">
        <ele>815.0</ele>
      </trkpt>
      <trkpt lat="44.135756599583836" lon="3.1351278768852358">
        <ele>815.0</ele>
      </trkpt>
      <trkpt lat="44.13565457451819" lon="3.1350447284057728">
        <ele>815.0</ele>
      </trkpt>
      <trkpt lat="44.135617999451746" lon="3.13501522410661">
        <ele>816.0</ele>
      </trkpt>
      <trkpt lat="44.135579499357334" lon="3.1349052535369983">
        <ele>816.0</ele>
      </trkpt>
      <trkpt lat="44.13559874940768" lon="3.134846244938673">
        <ele>817.0</ele>
      </trkpt>
      <trkpt lat="44.13565072451227" lon="3.1347711430862555">
        <ele>817.0</ele>
      </trkpt>
      <trkpt lat="44.13585092448768" lon="3.134645079262556">
        <ele>818.0</ele>
      </trkpt>
      <trkpt lat="44.13596834915743" lon="3.134559248574077">
        <ele>819.0</ele>
      </trkpt>
      <trkpt lat="44.13610694846717" lon="3.134470735676586">
        <ele>820.0</ele>
      </trkpt>
      <trkpt lat="44.1362108976692" lon="3.1343929517573397">
        <ele>821.0</ele>
      </trkpt>
      <trkpt lat="44.13631484682182" lon="3.1343151675537233">
        <ele>822.0</ele>
      </trkpt>
      <trkpt lat="44.13645729513602" lon="3.1342199493722123">
        <ele>823.0</ele>
      </trkpt>
      <trkpt lat="44.13659974337835" lon="3.1341247307136655">
        <ele>824.0</ele>
      </trkpt>
      <trkpt lat="44.13671427902151" lon="3.134044264605286">
        <ele>825.0</ele>
      </trkpt>
      <trkpt lat="44.13682881461263" lon="3.1339637981727706">
        <ele>826.0</ele>
      </trkpt>
      <trkpt lat="44.136969336741544" lon="3.1338578511784885">
        <ele>827.0</ele>
      </trkpt>
      <trkpt lat="44.13710985877857" lon="3.1337519036605945">
        <ele>828.0</ele>
      </trkpt>
      <trkpt lat="44.13722920580358" lon="3.133668755355642">
        <ele>829.0</ele>
      </trkpt>
      <trkpt lat="44.13734855277311" lon="3.1335856067016743">
        <ele>830.0</ele>
      </trkpt>
      <trkpt lat="44.13748907366135" lon="3.133483683010971">
        <ele>831.0</ele>
      </trkpt>
      <trkpt lat="44.137629594465345" lon="3.1333817588165394">
        <ele>832.0</ele>
      </trkpt>
      <trkpt lat="44.137783589345844" lon="3.1332556949928385">
        <ele>833.0</ele>
      </trkpt>
      <trkpt lat="44.13795298325051" lon="3.1331001268699756">
        <ele>835.0</ele>
      </trkpt>
      <trkpt lat="44.138097352672055" lon="3.132976745255291">
        <ele>836.0</ele>
      </trkpt>
      <trkpt lat="44.138243646659106" lon="3.132772897370161">
        <ele>837.0</ele>
      </trkpt>
      <trkpt lat="44.13832064334887" lon="3.1325931893661623">
        <ele>838.0</ele>
      </trkpt>
      <trkpt lat="44.13838801536999" lon="3.1323330150917172">
        <ele>839.0</ele>
      </trkpt>
      <trkpt lat="44.138424588720724" lon="3.1321801291778684">
        <ele>840.0</ele>
      </trkpt>
      <trkpt lat="44.13846789932667" lon="3.1320285844839506">
        <ele>841.0</ele>
      </trkpt>
      <trkpt lat="44.138511209724165" lon="3.1318770395591864">
        <ele>841.0</ele>
      </trkpt>
      <trkpt lat="44.1385497079071" lon="3.131724153645336">
        <ele>842.0</ele>
      </trkpt>
      <trkpt lat="44.13856895698916" lon="3.131587360985577">
        <ele>842.0</ele>
      </trkpt>
      <trkpt lat="44.138592055879364" lon="3.1314425216987725">
        <ele>842.0</ele>
      </trkpt>
      <trkpt lat="44.13861515476051" lon="3.131284271366893">
        <ele>842.0</ele>
      </trkpt>
      <trkpt lat="44.138619004573144" lon="3.131152843125164">
        <ele>842.0</ele>
      </trkpt>
      <trkpt lat="44.13861515476051" lon="3.1309650884941225">
        <ele>841.0</ele>
      </trkpt>
      <trkpt lat="44.13860553022782" lon="3.1307719694450493">
        <ele>841.0</ele>
      </trkpt>
      <trkpt lat="44.13859013097217" lon="3.1304715620353822">
        <ele>840.0</ele>
      </trkpt>
      <trkpt lat="44.138589168691006" lon="3.13027710187851">
        <ele>839.0</ele>
      </trkpt>
      <trkpt lat="44.13858820606495" lon="3.1300826417282206">
        <ele>838.0</ele>
      </trkpt>
      <trkpt lat="44.138586281157636" lon="3.129935120232402">
        <ele>837.0</ele>
      </trkpt>
      <trkpt lat="44.138586281157664" lon="3.1297688232734804">
        <ele>836.0</ele>
      </trkpt>
      <trkpt lat="44.13858628115909" lon="3.1297673753029245">
        <ele>835.0</ele>
      </trkpt>
      <trkpt lat="44.138586281157664" lon="3.1295542465522876">
        <ele>834.0</ele>
      </trkpt>
      <trkpt lat="44.13858050643539" lon="3.1294040428474545">
        <ele>834.0</ele>
      </trkpt>
      <trkpt lat="44.138580506435396" lon="3.129205559380352">
        <ele>833.0</ele>
      </trkpt>
      <trkpt lat="44.138580506435396" lon="3.1290446268394585">
        <ele>832.0</ele>
      </trkpt>
      <trkpt lat="44.13856895698914" lon="3.12888101208955">
        <ele>832.0</ele>
      </trkpt>
      <trkpt lat="44.138542008272545" lon="3.128779088146984">
        <ele>832.0</ele>
      </trkpt>
      <trkpt lat="44.1385323837281" lon="3.128727078437805">
        <ele>832.0</ele>
      </trkpt>
      <trkpt lat="44.138436138195075" lon="3.128577880561351">
        <ele>833.0</ele>
      </trkpt>
      <trkpt lat="44.138285994468376" lon="3.128454497969352">
        <ele>833.0</ele>
      </trkpt>
      <trkpt lat="44.138135850614844" lon="3.1283311160288982">
        <ele>834.0</ele>
      </trkpt>
      <trkpt lat="44.13798570663448" lon="3.1282077347399873">
        <ele>835.0</ele>
      </trkpt>
      <trkpt lat="44.13783556252727" lon="3.128084354102613">
        <ele>836.0</ele>
      </trkpt>
      <trkpt lat="44.13765846834404" lon="3.127950243234213">
        <ele>837.0</ele>
      </trkpt>
      <trkpt lat="44.13748137401349" lon="3.1278161332011214">
        <ele>838.0</ele>
      </trkpt>
      <trkpt lat="44.137346627825366" lon="3.127741031348707">
        <ele>839.0</ele>
      </trkpt>
      <trkpt lat="44.137242680555815" lon="3.1277244351804248">
        <ele>840.0</ele>
      </trkpt>
      <trkpt lat="44.137070075833925" lon="3.1277092359037395">
        <ele>841.0</ele>
      </trkpt>
      <trkpt lat="44.13689747112583" lon="3.1276940367193236">
        <ele>842.0</ele>
      </trkpt>
      <trkpt lat="44.13672486643148" lon="3.127678837627173">
        <ele>843.0</ele>
      </trkpt>
      <trkpt lat="44.136552581289095" lon="3.1276453099129107">
        <ele>843.0</ele>
      </trkpt>
      <trkpt lat="44.13638029615229" lon="3.1276117824018006">
        <ele>844.0</ele>
      </trkpt>
      <trkpt lat="44.13625420974136" lon="3.127586301359662">
        <ele>844.0</ele>
      </trkpt>
      <trkpt lat="44.13612812333299" lon="3.1275608204305168">
        <ele>845.0</ele>
      </trkpt>
      <trkpt lat="44.135924074309266" lon="3.1274830363690844">
        <ele>845.0</ele>
      </trkpt>
      <trkpt lat="44.13580376195759" lon="3.1274025699283974">
        <ele>845.0</ele>
      </trkpt>
      <trkpt lat="44.13568344955456" lon="3.1273221038281913">
        <ele>846.0</ele>
      </trkpt>
      <trkpt lat="44.135550624269946" lon="3.1272121332585816">
        <ele>846.0</ele>
      </trkpt>
      <trkpt lat="44.13542549872855" lon="3.127072658389808">
        <ele>846.0</ele>
      </trkpt>
      <trkpt lat="44.135312885532024" lon="3.1269050199944086">
        <ele>845.0</ele>
      </trkpt>
      <trkpt lat="44.135200272085925" lon="3.1267373822629447">
        <ele>845.0</ele>
      </trkpt>
      <trkpt lat="44.1350809208672" lon="3.126554992049931">
        <ele>845.0</ele>
      </trkpt>
      <trkpt lat="44.134976969609276" lon="3.126445021480322">
        <ele>845.0</ele>
      </trkpt>
      <trkpt lat="44.134838367647305" lon="3.1263216398656364">
        <ele>845.0</ele>
      </trkpt>
      <trkpt lat="44.1347170906638" lon="3.126222398132086">
        <ele>844.0</ele>
      </trkpt>
      <trkpt lat="44.13463816423913" lon="3.1261097453534603">
        <ele>844.0</ele>
      </trkpt>
      <trkpt lat="44.13457656305384" lon="3.1259729526937">
        <ele>844.0</ele>
      </trkpt>
      <trkpt lat="44.13452651217561" lon="3.125789221214474">
        <ele>843.0</ele>
      </trkpt>
      <trkpt lat="44.134476460990804" lon="3.1256054900586596">
        <ele>843.0</ele>
      </trkpt>
      <trkpt lat="44.13443025998132" lon="3.1253828667104235">
        <ele>843.0</ele>
      </trkpt>
      <trkpt lat="44.13439945928838" lon="3.1251790188252917">
        <ele>842.0</ele>
      </trkpt>
      <trkpt lat="44.13443603510951" lon="3.124900069087743">
        <ele>842.0</ele>
      </trkpt>
      <trkpt lat="44.134474536108954" lon="3.1247056090658147">
        <ele>841.0</ele>
      </trkpt>
      <trkpt lat="44.134513036764275" lon="3.124511148780584">
        <ele>840.0</ele>
      </trkpt>
      <trkpt lat="44.134545762437156" lon="3.1242402456700797">
        <ele>840.0</ele>
      </trkpt>
      <trkpt lat="44.13453998731971" lon="3.124071266502142">
        <ele>839.0</ele>
      </trkpt>
      <trkpt lat="44.134511111724144" lon="3.123929109424353">
        <ele>839.0</ele>
      </trkpt>
      <trkpt lat="44.13444758536413" lon="3.123794998973607">
        <ele>838.0</ele>
      </trkpt>
      <trkpt lat="44.13435133317333" lon="3.1236984394490706">
        <ele>838.0</ele>
      </trkpt>
      <trkpt lat="44.13428010645143" lon="3.1236147880554195">
        <ele>837.0</ele>
      </trkpt>
      <trkpt lat="44.13416460336058" lon="3.123599218638656">
        <ele>837.0</ele>
      </trkpt>
      <trkpt lat="44.134049100274616" lon="3.123583649285137">
        <ele>837.0</ele>
      </trkpt>
      <trkpt lat="44.13394129708292" lon="3.123589013703167">
        <ele>836.0</ele>
      </trkpt>
      <trkpt lat="44.13384889419056" lon="3.1236158357933155">
        <ele>836.0</ele>
      </trkpt>
      <trkpt lat="44.13374879089405" lon="3.1236399756744504">
        <ele>836.0</ele>
      </trkpt>
      <trkpt lat="44.13365061249611" lon="3.1236802088096747">
        <ele>835.0</ele>
      </trkpt>
      <trkpt lat="44.133525482928796" lon="3.123709713108837">
        <ele>835.0</ele>
      </trkpt>
      <trkpt lat="44.13342152893276" lon="3.123712395317852">
        <ele>835.0</ele>
      </trkpt>
      <trkpt lat="44.133317574753804" lon="3.1237097131088376">
        <ele>834.0</ele>
      </trkpt>
      <trkpt lat="44.133202069895795" lon="3.1236936198547474">
        <ele>834.0</ele>
      </trkpt>
      <trkpt lat="44.13310774076091" lon="3.1236936198547482">
        <ele>833.0</ele>
      </trkpt>
      <trkpt lat="44.13299608567179" lon="3.1236909376457334">
        <ele>833.0</ele>
      </trkpt>
      <trkpt lat="44.1328805801851" lon="3.123690937645733">
        <ele>833.0</ele>
      </trkpt>
      <trkpt lat="44.13278817563305" lon="3.123693619854748">
        <ele>833.0</ele>
      </trkpt>
      <trkpt lat="44.13270539643242" lon="3.1236882554367185">
        <ele>833.0</ele>
      </trkpt>
      <trkpt lat="44.13261491670827" lon="3.123672162182629">
        <ele>833.0</ele>
      </trkpt>
      <trkpt lat="44.13253598747402" lon="3.1236480223014946">
        <ele>833.0</ele>
      </trkpt>
      <trkpt lat="44.13242433130396" lon="3.1235970603302126">
        <ele>833.0</ele>
      </trkpt>
      <trkpt lat="44.13227802289949" lon="3.123521958477795">
        <ele>833.0</ele>
      </trkpt>
      <trkpt lat="44.13216251600832" lon="3.123452221043408">
        <ele>833.0</ele>
      </trkpt>
      <trkpt lat="44.132054709372824" lon="3.1233905302360654">
        <ele>833.0</ele>
      </trkpt>
      <trkpt lat="44.13190840005262" lon="3.1233127461746335">
        <ele>833.0</ele>
      </trkpt>
      <trkpt lat="44.131808293466854" lon="3.1232456909492603">
        <ele>833.0</ele>
      </trkpt>
      <trkpt lat="44.13172358776171" lon="3.123197411186994">
        <ele>833.0</ele>
      </trkpt>
      <trkpt lat="44.1315676519414" lon="3.123103533871471">
        <ele>833.0</ele>
      </trkpt>
      <trkpt lat="44.13147139505669" lon="3.1230337964370856">
        <ele>832.0</ele>
      </trkpt>
      <trkpt lat="44.13137898829979" lon="3.122945283539595">
        <ele>832.0</ele>
      </trkpt>
      <trkpt lat="44.13129813226885" lon="3.122878228314221">
        <ele>831.0</ele>
      </trkpt>
      <trkpt lat="44.131228827011434" lon="3.122843359597027">
        <ele>830.0</ele>
      </trkpt>
      <trkpt lat="44.1311036923128" lon="3.1227923976257443">
        <ele>830.0</ele>
      </trkpt>
      <trkpt lat="44.13102861136636" lon="3.1227628933265796">
        <ele>829.0</ele>
      </trkpt>
      <trkpt lat="44.13096508126022" lon="3.122738753445447">
        <ele>829.0</ele>
      </trkpt>
      <trkpt lat="44.1308880749793" lon="3.122717295773328">
        <ele>828.0</ele>
      </trkpt>
      <trkpt lat="44.13078796666412" lon="3.122693155892193">
        <ele>828.0</ele>
      </trkpt>
      <trkpt lat="44.13064935487051" lon="3.1226502405479546">
        <ele>827.0</ele>
      </trkpt>
      <trkpt lat="44.130545395811836" lon="3.122626100666821">
        <ele>827.0</ele>
      </trkpt>
      <trkpt lat="44.13048379035742" lon="3.1225965963676567">
        <ele>827.0</ele>
      </trkpt>
      <trkpt lat="44.13043566105138" lon="3.122561727650465">
        <ele>827.0</ele>
      </trkpt>
      <trkpt lat="44.1303836813569" lon="3.1225000368431215">
        <ele>826.0</ele>
      </trkpt>
      <trkpt lat="44.130337477145545" lon="3.122435663826763">
        <ele>826.0</ele>
      </trkpt>
      <trkpt lat="44.130291272898134" lon="3.1223578797653313">
        <ele>826.0</ele>
      </trkpt>
      <trkpt lat="44.130245068614535" lon="3.122285460121929">
        <ele>826.0</ele>
      </trkpt>
      <trkpt lat="44.13021426573868" lon="3.122229133732617">
        <ele>826.0</ele>
      </trkpt>
      <trkpt lat="44.130160360667354" lon="3.122140620835125">
        <ele>826.0</ele>
      </trkpt>
      <trkpt lat="44.130114156281294" lon="3.1220816122367974">
        <ele>825.0</ele>
      </trkpt>
      <trkpt lat="44.13006602667413" lon="3.122017239220441">
        <ele>825.0</ele>
      </trkpt>
      <trkpt lat="44.12999864515819" lon="3.1219421373680234">
        <ele>825.0</ele>
      </trkpt>
      <trkpt lat="44.12992933837581" lon="3.1218697177246204">
        <ele>824.0</ele>
      </trkpt>
      <trkpt lat="44.129858106320356" lon="3.1218107091262928">
        <ele>824.0</ele>
      </trkpt>
      <trkpt lat="44.12979650014899" lon="3.121751700527965">
        <ele>824.0</ele>
      </trkpt>
      <trkpt lat="44.12972141754083" lon="3.1216819630935784">
        <ele>823.0</ele>
      </trkpt>
      <trkpt lat="44.129613606449325" lon="3.1215961324051014">
        <ele>823.0</ele>
      </trkpt>
      <trkpt lat="44.129544299215155" lon="3.1215585814788938">
        <ele>823.0</ele>
      </trkpt>
      <trkpt lat="44.129455739853135" lon="3.1215156661346555">
        <ele>823.0</ele>
      </trkpt>
      <trkpt lat="44.12935177869353" lon="3.1214512931182976">
        <ele>822.0</ele>
      </trkpt>
      <trkpt lat="44.129265144254084" lon="3.12139228451997">
        <ele>822.0</ele>
      </trkpt>
      <trkpt lat="44.129066847169874" lon="3.1212474452331658">
        <ele>822.0</ele>
      </trkpt>
      <trkpt lat="44.12898406275328" lon="3.1211777077987795">
        <ele>822.0</ele>
      </trkpt>
      <trkpt lat="44.12884352150131" lon="3.121062372811138">
        <ele>822.0</ele>
      </trkpt>
      <trkpt lat="44.12875881154404" lon="3.120981906540691">
        <ele>822.0</ele>
      </trkpt>
      <trkpt lat="44.128666400543025" lon="3.12090412247926">
        <ele>821.0</ele>
      </trkpt>
      <trkpt lat="44.12856243799406" lon="3.120823656208815">
        <ele>821.0</ele>
      </trkpt>
      <trkpt lat="44.12846040049952" lon="3.1207431899383664">
        <ele>821.0</ele>
      </trkpt>
      <trkpt lat="44.12836991427202" lon="3.120670770294964">
        <ele>821.0</ele>
      </trkpt>
      <trkpt lat="44.12829482985038" lon="3.1206117616966367">
        <ele>821.0</ele>
      </trkpt>
      <trkpt lat="44.12816583844159" lon="3.120504473336041">
        <ele>821.0</ele>
      </trkpt>
      <trkpt lat="44.12803107099721" lon="3.120410596020519">
        <ele>821.0</ele>
      </trkpt>
      <trkpt lat="44.12792325682027" lon="3.1203301297500734">
        <ele>821.0</ele>
      </trkpt>
      <trkpt lat="44.127863573887744" lon="3.120300625450909">
        <ele>821.0</ele>
      </trkpt>
      <trkpt lat="44.12777693726539" lon="3.120249663479628">
        <ele>821.0</ele>
      </trkpt>
      <trkpt lat="44.127715328923294" lon="3.120217476971447">
        <ele>820.0</ele>
      </trkpt>
      <trkpt lat="44.12759788784328" lon="3.1201665150001636">
        <ele>820.0</ele>
      </trkpt>
      <trkpt lat="44.127509325562905" lon="3.1201262818649416">
        <ele>820.0</ele>
      </trkpt>
      <trkpt lat="44.12739188407323" lon="3.1200887309387317">
        <ele>819.0</ele>
      </trkpt>
      <trkpt lat="44.12730909730906" lon="3.1200780021026735">
        <ele>819.0</ele>
      </trkpt>
      <trkpt lat="44.127178178468476" lon="3.1200511800125232">
        <ele>818.0</ele>
      </trkpt>
      <trkpt lat="44.1270530351878" lon="3.120010946877302">
        <ele>818.0</ele>
      </trkpt>
      <trkpt lat="44.12693366750378" lon="3.1199573026970024">
        <ele>817.0</ele>
      </trkpt>
      <trkpt lat="44.126802747831086" lon="3.11989024747163">
        <ele>817.0</ele>
      </trkpt>
      <trkpt lat="44.1266294713475" lon="3.1197963701561076">
        <ele>817.0</ele>
      </trkpt>
      <trkpt lat="44.12649855100055" lon="3.1197078572586183">
        <ele>816.0</ele>
      </trkpt>
      <trkpt lat="44.12640613646332" lon="3.119630073197186">
        <ele>816.0</ele>
      </trkpt>
      <trkpt lat="44.12628291685544" lon="3.1195576535537843">
        <ele>816.0</ele>
      </trkpt>
      <trkpt lat="44.126192427292224" lon="3.119501327164471">
        <ele>816.0</ele>
      </trkpt>
      <trkpt lat="44.126086535074066" lon="3.1194262253120524">
        <ele>816.0</ele>
      </trkpt>
      <trkpt lat="44.12596524011827" lon="3.119332347996533">
        <ele>816.0</ele>
      </trkpt>
      <trkpt lat="44.1258554968484" lon="3.1192465173080564">
        <ele>816.0</ele>
      </trkpt>
      <trkpt lat="44.12576693195563" lon="3.11916068661958">
        <ele>816.0</ele>
      </trkpt>
      <trkpt lat="44.12564178568514" lon="3.119042669422924">
        <ele>816.0</ele>
      </trkpt>
      <trkpt lat="44.12551856448283" lon="3.118924652226269">
        <ele>816.0</ele>
      </trkpt>
      <trkpt lat="44.1253414335542" lon="3.1187798129394646">
        <ele>816.0</ele>
      </trkpt>
      <trkpt lat="44.125243241180144" lon="3.118688617832959">
        <ele>815.0</ele>
      </trkpt>
      <trkpt lat="44.125177779506785" lon="3.118605469353497">
        <ele>815.0</ele>
      </trkpt>
      <trkpt lat="44.125120019146486" lon="3.118490134365856">
        <ele>815.0</ele>
      </trkpt>
      <trkpt lat="44.12507188546979" lon="3.118321155197918">
        <ele>814.0</ele>
      </trkpt>
      <trkpt lat="44.125046855942415" lon="3.1181173073127857">
        <ele>814.0</ele>
      </trkpt>
      <trkpt lat="44.12505648268495" lon="3.1178920017555347">
        <ele>814.0</ele>
      </trkpt>
      <trkpt lat="44.125073810817625" lon="3.117605005390941">
        <ele>814.0</ele>
      </trkpt>
      <trkpt lat="44.125091138945194" lon="3.117425297386944">
        <ele>814.0</ele>
      </trkpt>
      <trkpt lat="44.12509691498666" lon="3.1173411011695866">
        <ele>814.0</ele>
      </trkpt>
      <trkpt lat="44.12510269102752" lon="3.117064833641052">
        <ele>814.0</ele>
      </trkpt>
      <trkpt lat="44.12509498963959" lon="3.1168556213378906">
        <ele>814.0</ele>
      </trkpt>
      <trkpt lat="44.12507766151308" lon="3.11671560164541">
        <ele>814.0</ele>
      </trkpt>
      <trkpt lat="44.125017975705305" lon="3.1165090715512633">
        <ele>814.0</ele>
      </trkpt>
      <trkpt lat="44.124915932087866" lon="3.116329363547265">
        <ele>814.0</ele>
      </trkpt>
      <trkpt lat="44.12479656008523" lon="3.116141608916223">
        <ele>815.0</ele>
      </trkpt>
      <trkpt lat="44.12462520307919" lon="3.115977994166314">
        <ele>815.0</ele>
      </trkpt>
      <trkpt lat="44.124482726088935" lon="3.115846565924585">
        <ele>815.0</ele>
      </trkpt>
      <trkpt lat="44.124311368172506" lon="3.1157285487279287">
        <ele>815.0</ele>
      </trkpt>
      <trkpt lat="44.1241111290786" lon="3.1155863916501403">
        <ele>814.0</ele>
      </trkpt>
      <trkpt lat="44.123974426862176" lon="3.115511289617224">
        <ele>814.0</ele>
      </trkpt>
      <trkpt lat="44.12383772460435" lon="3.1154361879453063">
        <ele>814.0</ele>
      </trkpt>
      <trkpt lat="44.12363315087" lon="3.1153154872372997">
        <ele>813.0</ele>
      </trkpt>
      <trkpt lat="44.1234285770252" lon="3.1151947873975243">
        <ele>812.0</ele>
      </trkpt>
      <trkpt lat="44.12322400306999" lon="3.1150740884259687">
        <ele>812.0</ele>
      </trkpt>
      <trkpt lat="44.1230194290043" lon="3.1149533903226256">
        <ele>811.0</ele>
      </trkpt>
      <trkpt lat="44.12285817472823" lon="3.114863671763505">
        <ele>810.0</ele>
      </trkpt>
      <trkpt lat="44.12269692039267" lon="3.1147739537130854">
        <ele>809.0</ele>
      </trkpt>
      <trkpt lat="44.12253566599765" lon="3.114684236171364">
        <ele>808.0</ele>
      </trkpt>
      <trkpt lat="44.122374411543134" lon="3.114594519138336">
        <ele>808.0</ele>
      </trkpt>
      <trkpt lat="44.12215972469724" lon="3.1145070746034538">
        <ele>807.0</ele>
      </trkpt>
      <trkpt lat="44.12194503780634" lon="3.114419630728662">
        <ele>807.0</ele>
      </trkpt>
      <trkpt lat="44.121774635015534" lon="3.114367327496184">
        <ele>806.0</ele>
      </trkpt>
      <trkpt lat="44.121604232215404" lon="3.114315024577082">
        <ele>806.0</ele>
      </trkpt>
      <trkpt lat="44.12152143734" lon="3.114246879704297">
        <ele>806.0</ele>
      </trkpt>
      <trkpt lat="44.12143671688228" lon="3.114209328778089">
        <ele>805.0</ele>
      </trkpt>
      <trkpt lat="44.1213385180179" lon="3.1141449557617307">
        <ele>805.0</ele>
      </trkpt>
      <trkpt lat="44.12124224446302" lon="3.1140832649543864">
        <ele>805.0</ele>
      </trkpt>
      <trkpt lat="44.1211286414664" lon="3.114024256356061">
        <ele>805.0</ele>
      </trkpt>
      <trkpt lat="44.120999634408854" lon="3.113962565548718">
        <ele>805.0</ele>
      </trkpt>
      <trkpt lat="44.120807086037736" lon="3.1138445483520614">
        <ele>805.0</ele>
      </trkpt>
      <trkpt lat="44.12062801548943" lon="3.113750671036541">
        <ele>805.0</ele>
      </trkpt>
      <trkpt lat="44.120462422886476" lon="3.1136943446472283">
        <ele>805.0</ele>
      </trkpt>
      <trkpt lat="44.1203468928886" lon="3.1136621581390505">
        <ele>805.0</ele>
      </trkpt>
      <trkpt lat="44.12022751165351" lon="3.113621925003828">
        <ele>805.0</ele>
      </trkpt>
      <trkpt lat="44.12011005568681" lon="3.113587056286633">
        <ele>805.0</ele>
      </trkpt>
      <trkpt lat="44.119982971918844" lon="3.11355218756944">
        <ele>805.0</ele>
      </trkpt>
      <trkpt lat="44.1198501113237" lon="3.1134931789711113">
        <ele>805.0</ele>
      </trkpt>
      <trkpt lat="44.11974998430098" lon="3.113444899208842">
        <ele>805.0</ele>
      </trkpt>
      <trkpt lat="44.119647931583955" lon="3.113385890610517">
        <ele>805.0</ele>
      </trkpt>
      <trkpt lat="44.11952854893654" lon="3.1133295642212033">
        <ele>805.0</ele>
      </trkpt>
      <trkpt lat="44.119434197963905" lon="3.1132705556228766">
        <ele>805.0</ele>
      </trkpt>
      <trkpt lat="44.11935140004745" lon="3.113254462368786">
        <ele>805.0</ele>
      </trkpt>
      <trkpt lat="44.11930518720665" lon="3.1132534146308912">
        <ele>805.0</ele>
      </trkpt>
      <trkpt lat="44.11923586787734" lon="3.1132212281227107">
        <ele>805.0</ele>
      </trkpt>
      <trkpt lat="44.1191549952237" lon="3.11315417289734">
        <ele>804.0</ele>
      </trkpt>
      <trkpt lat="44.11908375017526" lon="3.1131005287170415">
        <ele>804.0</ele>
      </trkpt>
      <trkpt lat="44.11898554740004" lon="3.113033473491669">
        <ele>804.0</ele>
      </trkpt>
      <trkpt lat="44.118933557629255" lon="3.1129889236763115">
        <ele>804.0</ele>
      </trkpt>
      <trkpt lat="44.118852684561816" lon="3.112948690541088">
        <ele>804.0</ele>
      </trkpt>
      <trkpt lat="44.118723672534635" lon="3.1128923641517754">
        <ele>804.0</ele>
      </trkpt>
      <trkpt lat="44.11863124583453" lon="3.112846766598522">
        <ele>803.0</ele>
      </trkpt>
      <trkpt lat="44.11854267011127" lon="3.1127984868362537">
        <ele>803.0</ele>
      </trkpt>
      <trkpt lat="44.118413657407174" lon="3.112739478237927">
        <ele>803.0</ele>
      </trkpt>
      <trkpt lat="44.11833663476299" lon="3.112691198475658">
        <ele>803.0</ele>
      </trkpt>
      <trkpt lat="44.11827501657533" lon="3.112634872086347">
        <ele>803.0</ele>
      </trkpt>
      <trkpt lat="44.1182191750373" lon="3.112594638951123">
        <ele>803.0</ele>
      </trkpt>
      <trkpt lat="44.118153705580646" lon="3.112551723606884">
        <ele>803.0</ele>
      </trkpt>
      <trkpt lat="44.118105566227975" lon="3.112530265934766">
        <ele>803.0</ele>
      </trkpt>
      <trkpt lat="44.1180612779889" lon="3.1124953972175713">
        <ele>803.0</ele>
      </trkpt>
      <trkpt lat="44.11799003162165" lon="3.1124417530372743">
        <ele>802.0</ele>
      </trkpt>
      <trkpt lat="44.117945743295984" lon="3.112398837693035">
        <ele>802.0</ele>
      </trkpt>
      <trkpt lat="44.117880273536365" lon="3.1123532401397815">
        <ele>802.0</ele>
      </trkpt>
      <trkpt lat="44.1177974734424" lon="3.11229154933244">
        <ele>802.0</ele>
      </trkpt>
      <trkpt lat="44.11771852440756" lon="3.1122405873611565">
        <ele>802.0</ele>
      </trkpt>
      <trkpt lat="44.11765497998575" lon="3.112184260971845">
        <ele>802.0</ele>
      </trkpt>
      <trkpt lat="44.117585658720415" lon="3.1121225701645017">
        <ele>802.0</ele>
      </trkpt>
      <trkpt lat="44.117535593311544" lon="3.1120581971481447">
        <ele>802.0</ele>
      </trkpt>
      <trkpt lat="44.11747782547936" lon="3.1119857775047417">
        <ele>802.0</ele>
      </trkpt>
      <trkpt lat="44.11742968557611" lon="3.1119214044883843">
        <ele>802.0</ele>
      </trkpt>
      <trkpt lat="44.117373843239164" lon="3.111851667053997">
        <ele>802.0</ele>
      </trkpt>
      <trkpt lat="44.11729296803712" lon="3.1117540597915663">
        <ele>801.0</ele>
      </trkpt>
      <trkpt lat="44.11718513426193" lon="3.1116226315498356">
        <ele>801.0</ele>
      </trkpt>
      <trkpt lat="44.117034936890015" lon="3.1114080548286442">
        <ele>801.0</ele>
      </trkpt>
      <trkpt lat="44.1169463588874" lon="3.1112082299458823">
        <ele>800.0</ele>
      </trkpt>
      <trkpt lat="44.11685778052469" lon="3.111008405685425">
        <ele>800.0</ele>
      </trkpt>
      <trkpt lat="44.11678942121635" lon="3.1108434496327817">
        <ele>799.0</ele>
      </trkpt>
      <trkpt lat="44.11672106166224" lon="3.1106784939765935">
        <ele>799.0</ele>
      </trkpt>
      <trkpt lat="44.11667677248064" lon="3.110521584627059">
        <ele>798.0</ele>
      </trkpt>
      <trkpt lat="44.11663248307548" lon="3.110364675521851">
        <ele>797.0</ele>
      </trkpt>
      <trkpt lat="44.11657471461508" lon="3.110115229830151">
        <ele>797.0</ele>
      </trkpt>
      <trkpt lat="44.11651694558881" lon="3.1098657846450815">
        <ele>796.0</ele>
      </trkpt>
      <trkpt lat="44.11645917693131" lon="3.10965657212946">
        <ele>796.0</ele>
      </trkpt>
      <trkpt lat="44.11640140787625" lon="3.1094473600387578">
        <ele>795.0</ele>
      </trkpt>
      <trkpt lat="44.11633978775551" lon="3.1092864273235383">
        <ele>795.0</ele>
      </trkpt>
      <trkpt lat="44.116278167400516" lon="3.109125494956971">
        <ele>794.0</ele>
      </trkpt>
      <trkpt lat="44.11620114200457" lon="3.1089900432183146">
        <ele>794.0</ele>
      </trkpt>
      <trkpt lat="44.11612411644442" lon="3.108854591846465">
        <ele>793.0</ele>
      </trkpt>
      <trkpt lat="44.11599702410328" lon="3.108696341514588">
        <ele>793.0</ele>
      </trkpt>
      <trkpt lat="44.11582756722323" lon="3.108621239662171">
        <ele>793.0</ele>
      </trkpt>
      <trkpt lat="44.11570239989753" lon="3.1086400151252747">
        <ele>793.0</ele>
      </trkpt>
      <trkpt lat="44.11557145533457" lon="3.1087070703506474">
        <ele>794.0</ele>
      </trkpt>
      <trkpt lat="44.1154385847509" lon="3.1088438633299122">
        <ele>794.0</ele>
      </trkpt>
      <trkpt lat="44.11530571400601" lon="3.1089806556701665">
        <ele>795.0</ele>
      </trkpt>
      <trkpt lat="44.11514106919618" lon="3.10913622424328">
        <ele>795.0</ele>
      </trkpt>
      <trkpt lat="44.11497642418014" lon="3.1092917919158944">
        <ele>796.0</ele>
      </trkpt>
      <trkpt lat="44.11483488666047" lon="3.1094191971610874">
        <ele>797.0</ele>
      </trkpt>
      <trkpt lat="44.11469334900352" lon="3.109546601772309">
        <ele>798.0</ele>
      </trkpt>
      <trkpt lat="44.11451233402063" lon="3.1096726659971377">
        <ele>799.0</ele>
      </trkpt>
      <trkpt lat="44.11433131891041" lon="3.1097987294197087">
        <ele>799.0</ele>
      </trkpt>
      <trkpt lat="44.114176299847195" lon="3.1098791959094236">
        <ele>800.0</ele>
      </trkpt>
      <trkpt lat="44.114021280737894" lon="3.1099596619606023">
        <ele>801.0</ele>
      </trkpt>
      <trkpt lat="44.113868186558975" lon="3.110003918528447">
        <ele>802.0</ele>
      </trkpt>
      <trkpt lat="44.11371509237483" lon="3.1100481748580937">
        <ele>803.0</ele>
      </trkpt>
      <trkpt lat="44.11350518874402" lon="3.1100615859031686">
        <ele>804.0</ele>
      </trkpt>
      <trkpt lat="44.11331454168092" lon="3.1099703907966623">
        <ele>804.0</ele>
      </trkpt>
      <trkpt lat="44.11321729213458" lon="3.1098859010682625">
        <ele>805.0</ele>
      </trkpt>
      <trkpt lat="44.11312004252824" lon="3.1098014116287236">
        <ele>806.0</ele>
      </trkpt>
      <trkpt lat="44.1130237555721" lon="3.109676688698434">
        <ele>807.0</ele>
      </trkpt>
      <trkpt lat="44.112927468479064" lon="3.109551966190338">
        <ele>809.0</ele>
      </trkpt>
      <trkpt lat="44.11282925555593" lon="3.109360187914693">
        <ele>810.0</ele>
      </trkpt>
      <trkpt lat="44.11273104230246" lon="3.109168410301209">
        <ele>811.0</ele>
      </trkpt>
      <trkpt lat="44.112603942825245" lon="3.1089109176605074">
        <ele>813.0</ele>
      </trkpt>
      <trkpt lat="44.11247684275181" lon="3.108653426170349">
        <ele>814.0</ele>
      </trkpt>
      <trkpt lat="44.11237285180909" lon="3.10844823680564">
        <ele>815.0</ele>
      </trkpt>
      <trkpt lat="44.11226886048804" lon="3.108243048191072">
        <ele>817.0</ele>
      </trkpt>
      <trkpt lat="44.11215331456846" lon="3.108025788819605">
        <ele>818.0</ele>
      </trkpt>
      <trkpt lat="44.112037768225434" lon="3.1078085303306593">
        <ele>819.0</ele>
      </trkpt>
      <trkpt lat="44.111914518742694" lon="3.107585906500124">
        <ele>820.0</ele>
      </trkpt>
      <trkpt lat="44.11179126881593" lon="3.1073632836341867">
        <ele>821.0</ele>
      </trkpt>
      <trkpt lat="44.11173349544749" lon="3.10720905645921">
        <ele>822.0</ele>
      </trkpt>
      <trkpt lat="44.11167572186381" lon="3.1070548295974736">
        <ele>822.0</ele>
      </trkpt>
      <trkpt lat="44.11161409673033" lon="3.1067812442779554">
        <ele>823.0</ele>
      </trkpt>
      <trkpt lat="44.111578469864476" lon="3.1065693496330824">
        <ele>824.0</ele>
      </trkpt>
      <trkpt lat="44.11154284258962" lon="3.1063574552536006">
        <ele>824.0</ele>
      </trkpt>
      <trkpt lat="44.111528399340564" lon="3.1061643361555">
        <ele>825.0</ele>
      </trkpt>
      <trkpt lat="44.11151395575135" lon="3.1059712171554574">
        <ele>826.0</ele>
      </trkpt>
      <trkpt lat="44.11149951256783" lon="3.105740547121615">
        <ele>827.0</ele>
      </trkpt>
      <trkpt lat="44.11148506889896" lon="3.1055098772048964">
        <ele>828.0</ele>
      </trkpt>
      <trkpt lat="44.111466774094914" lon="3.1052939593097624">
        <ele>829.0</ele>
      </trkpt>
      <trkpt lat="44.11144847886566" lon="3.1050780415534978">
        <ele>830.0</ele>
      </trkpt>
      <trkpt lat="44.11143114673674" lon="3.104839324951173">
        <ele>831.0</ele>
      </trkpt>
      <trkpt lat="44.11138685349522" lon="3.1046462059021005">
        <ele>832.0</ele>
      </trkpt>
      <trkpt lat="44.11133870862986" lon="3.1045040488243116">
        <ele>833.0</ele>
      </trkpt>
      <trkpt lat="44.111230863989064" lon="3.1042760610580458">
        <ele>834.0</ele>
      </trkpt>
      <trkpt lat="44.11114998047403" lon="3.104093670585724">
        <ele>835.0</ele>
      </trkpt>
      <trkpt lat="44.111069096658994" lon="3.103911280632019">
        <ele>836.0</ele>
      </trkpt>
      <trkpt lat="44.110981472521985" lon="3.103774487761572">
        <ele>836.0</ele>
      </trkpt>
      <trkpt lat="44.11089384821838" lon="3.103637695312501">
        <ele>837.0</ele>
      </trkpt>
      <trkpt lat="44.110797557659964" lon="3.1034928557805515">
        <ele>837.0</ele>
      </trkpt>
      <trkpt lat="44.11070126691516" lon="3.1033480167388925">
        <ele>837.0</ele>
      </trkpt>
      <trkpt lat="44.11062323362201" lon="3.103229745079891">
        <ele>837.0</ele>
      </trkpt>
      <trkpt lat="44.11070126691516" lon="3.1033480167388925">
        <ele>837.0</ele>
      </trkpt>
      <trkpt lat="44.110797557659964" lon="3.1034928557805515">
        <ele>837.0</ele>
      </trkpt>
      <trkpt lat="44.11089384821838" lon="3.103637695312501">
        <ele>837.0</ele>
      </trkpt>
      <trkpt lat="44.110981472521985" lon="3.103774487761572">
        <ele>836.0</ele>
      </trkpt>
      <trkpt lat="44.111069096658994" lon="3.103911280632019">
        <ele>836.0</ele>
      </trkpt>
      <trkpt lat="44.11114998047403" lon="3.104093670585724">
        <ele>835.0</ele>
      </trkpt>
      <trkpt lat="44.111230863989064" lon="3.1042760610580458">
        <ele>834.0</ele>
      </trkpt>
      <trkpt lat="44.11133870862986" lon="3.1045040488243116">
        <ele>833.0</ele>
      </trkpt>
      <trkpt lat="44.11138685349522" lon="3.1046462059021005">
        <ele>832.0</ele>
      </trkpt>
      <trkpt lat="44.11143114673674" lon="3.104839324951173">
        <ele>831.0</ele>
      </trkpt>
      <trkpt lat="44.11144847886566" lon="3.1050780415534978">
        <ele>830.0</ele>
      </trkpt>
      <trkpt lat="44.111466774094914" lon="3.1052939593097624">
        <ele>829.0</ele>
      </trkpt>
      <trkpt lat="44.11148506889896" lon="3.1055098772048964">
        <ele>828.0</ele>
      </trkpt>
      <trkpt lat="44.11149951256783" lon="3.105740547121615">
        <ele>827.0</ele>
      </trkpt>
      <trkpt lat="44.11151395575135" lon="3.1059712171554574">
        <ele>826.0</ele>
      </trkpt>
      <trkpt lat="44.111528399340564" lon="3.1061643361555">
        <ele>825.0</ele>
      </trkpt>
      <trkpt lat="44.11154284258962" lon="3.1063574552536006">
        <ele>824.0</ele>
      </trkpt>
      <trkpt lat="44.111578469864476" lon="3.1065693496330824">
        <ele>824.0</ele>
      </trkpt>
      <trkpt lat="44.11161409673033" lon="3.1067812442779554">
        <ele>823.0</ele>
      </trkpt>
      <trkpt lat="44.11167572186381" lon="3.1070548295974736">
        <ele>822.0</ele>
      </trkpt>
      <trkpt lat="44.11173349544749" lon="3.10720905645921">
        <ele>822.0</ele>
      </trkpt>
      <trkpt lat="44.11179126881593" lon="3.1073632836341867">
        <ele>821.0</ele>
      </trkpt>
      <trkpt lat="44.111914518742694" lon="3.107585906500124">
        <ele>820.0</ele>
      </trkpt>
      <trkpt lat="44.112037768225434" lon="3.1078085303306593">
        <ele>819.0</ele>
      </trkpt>
      <trkpt lat="44.11215331456846" lon="3.108025788819605">
        <ele>818.0</ele>
      </trkpt>
      <trkpt lat="44.11226886048804" lon="3.108243048191072">
        <ele>817.0</ele>
      </trkpt>
      <trkpt lat="44.11237285180909" lon="3.10844823680564">
        <ele>815.0</ele>
      </trkpt>
      <trkpt lat="44.11247684275181" lon="3.108653426170349">
        <ele>814.0</ele>
      </trkpt>
      <trkpt lat="44.112603942825245" lon="3.1089109176605074">
        <ele>813.0</ele>
      </trkpt>
      <trkpt lat="44.11273104230246" lon="3.109168410301209">
        <ele>811.0</ele>
      </trkpt>
      <trkpt lat="44.11282925555593" lon="3.109360187914693">
        <ele>810.0</ele>
      </trkpt>
      <trkpt lat="44.112927468479064" lon="3.109551966190338">
        <ele>809.0</ele>
      </trkpt>
      <trkpt lat="44.1130237555721" lon="3.109676688698434">
        <ele>807.0</ele>
      </trkpt>
      <trkpt lat="44.11312004252824" lon="3.1098014116287236">
        <ele>806.0</ele>
      </trkpt>
      <trkpt lat="44.11321729213458" lon="3.1098859010682625">
        <ele>805.0</ele>
      </trkpt>
      <trkpt lat="44.11331454168092" lon="3.1099703907966623">
        <ele>804.0</ele>
      </trkpt>
      <trkpt lat="44.11350518874402" lon="3.1100615859031686">
        <ele>804.0</ele>
      </trkpt>
      <trkpt lat="44.11371509237483" lon="3.1100481748580937">
        <ele>803.0</ele>
      </trkpt>
      <trkpt lat="44.113868186558975" lon="3.110003918528447">
        <ele>802.0</ele>
      </trkpt>
      <trkpt lat="44.114021280737894" lon="3.1099596619606023">
        <ele>801.0</ele>
      </trkpt>
      <trkpt lat="44.114176299847195" lon="3.1098791959094236">
        <ele>800.0</ele>
      </trkpt>
      <trkpt lat="44.11433131891041" lon="3.1097987294197087">
        <ele>799.0</ele>
      </trkpt>
      <trkpt lat="44.11451233402063" lon="3.1096726659971377">
        <ele>799.0</ele>
      </trkpt>
      <trkpt lat="44.11469334900352" lon="3.109546601772309">
        <ele>798.0</ele>
      </trkpt>
      <trkpt lat="44.11483488666047" lon="3.1094191971610874">
        <ele>797.0</ele>
      </trkpt>
      <trkpt lat="44.11497642418014" lon="3.1092917919158944">
        <ele>796.0</ele>
      </trkpt>
      <trkpt lat="44.11514106919618" lon="3.10913622424328">
        <ele>795.0</ele>
      </trkpt>
      <trkpt lat="44.11530571400601" lon="3.1089806556701665">
        <ele>795.0</ele>
      </trkpt>
      <trkpt lat="44.1154385847509" lon="3.1088438633299122">
        <ele>794.0</ele>
      </trkpt>
      <trkpt lat="44.11557145533457" lon="3.1087070703506474">
        <ele>794.0</ele>
      </trkpt>
      <trkpt lat="44.11570239989753" lon="3.1086400151252747">
        <ele>793.0</ele>
      </trkpt>
      <trkpt lat="44.11582756722323" lon="3.108621239662171">
        <ele>793.0</ele>
      </trkpt>
      <trkpt lat="44.11599702410328" lon="3.108696341514588">
        <ele>793.0</ele>
      </trkpt>
      <trkpt lat="44.11612411644442" lon="3.108854591846465">
        <ele>793.0</ele>
      </trkpt>
      <trkpt lat="44.11620114200457" lon="3.1089900432183146">
        <ele>794.0</ele>
      </trkpt>
      <trkpt lat="44.116278167400516" lon="3.109125494956971">
        <ele>794.0</ele>
      </trkpt>
      <trkpt lat="44.11633978775551" lon="3.1092864273235383">
        <ele>795.0</ele>
      </trkpt>
      <trkpt lat="44.11640140787625" lon="3.1094473600387578">
        <ele>795.0</ele>
      </trkpt>
      <trkpt lat="44.11645917693131" lon="3.10965657212946">
        <ele>796.0</ele>
      </trkpt>
      <trkpt lat="44.11651694558881" lon="3.1098657846450815">
        <ele>796.0</ele>
      </trkpt>
      <trkpt lat="44.11657471461508" lon="3.110115229830151">
        <ele>797.0</ele>
      </trkpt>
      <trkpt lat="44.11663248307548" lon="3.110364675521851">
        <ele>797.0</ele>
      </trkpt>
      <trkpt lat="44.11667677248064" lon="3.110521584627059">
        <ele>798.0</ele>
      </trkpt>
      <trkpt lat="44.11672106166224" lon="3.1106784939765935">
        <ele>799.0</ele>
      </trkpt>
      <trkpt lat="44.11678942121635" lon="3.1108434496327817">
        <ele>799.0</ele>
      </trkpt>
      <trkpt lat="44.11685778052469" lon="3.111008405685425">
        <ele>800.0</ele>
      </trkpt>
      <trkpt lat="44.1169463588874" lon="3.1112082299458823">
        <ele>800.0</ele>
      </trkpt>
      <trkpt lat="44.117034936890015" lon="3.1114080548286442">
        <ele>801.0</ele>
      </trkpt>
      <trkpt lat="44.11718513426193" lon="3.1116226315498356">
        <ele>801.0</ele>
      </trkpt>
      <trkpt lat="44.11729296803712" lon="3.1117540597915663">
        <ele>801.0</ele>
      </trkpt>
      <trkpt lat="44.117373843239164" lon="3.111851667053997">
        <ele>802.0</ele>
      </trkpt>
      <trkpt lat="44.11742968557611" lon="3.1119214044883843">
        <ele>802.0</ele>
      </trkpt>
      <trkpt lat="44.11747782547936" lon="3.1119857775047417">
        <ele>802.0</ele>
      </trkpt>
      <trkpt lat="44.117535593311544" lon="3.1120581971481447">
        <ele>802.0</ele>
      </trkpt>
      <trkpt lat="44.117585658720415" lon="3.1121225701645017">
        <ele>802.0</ele>
      </trkpt>
      <trkpt lat="44.11765497998575" lon="3.112184260971845">
        <ele>802.0</ele>
      </trkpt>
      <trkpt lat="44.11771852440756" lon="3.1122405873611565">
        <ele>802.0</ele>
      </trkpt>
      <trkpt lat="44.1177974734424" lon="3.11229154933244">
        <ele>802.0</ele>
      </trkpt>
      <trkpt lat="44.117880273536365" lon="3.1123532401397815">
        <ele>802.0</ele>
      </trkpt>
      <trkpt lat="44.117945743295984" lon="3.112398837693035">
        <ele>802.0</ele>
      </trkpt>
      <trkpt lat="44.11799003162165" lon="3.1124417530372743">
        <ele>802.0</ele>
      </trkpt>
      <trkpt lat="44.1180612779889" lon="3.1124953972175713">
        <ele>803.0</ele>
      </trkpt>
      <trkpt lat="44.118105566227975" lon="3.112530265934766">
        <ele>803.0</ele>
      </trkpt>
      <trkpt lat="44.118153705580646" lon="3.112551723606884">
        <ele>803.0</ele>
      </trkpt>
      <trkpt lat="44.1182191750373" lon="3.112594638951123">
        <ele>803.0</ele>
      </trkpt>
      <trkpt lat="44.11827501657533" lon="3.112634872086347">
        <ele>803.0</ele>
      </trkpt>
      <trkpt lat="44.11833663476299" lon="3.112691198475658">
        <ele>803.0</ele>
      </trkpt>
      <trkpt lat="44.118413657407174" lon="3.112739478237927">
        <ele>803.0</ele>
      </trkpt>
      <trkpt lat="44.11854267011127" lon="3.1127984868362537">
        <ele>803.0</ele>
      </trkpt>
      <trkpt lat="44.11863124583453" lon="3.112846766598522">
        <ele>803.0</ele>
      </trkpt>
      <trkpt lat="44.118723672534635" lon="3.1128923641517754">
        <ele>804.0</ele>
      </trkpt>
      <trkpt lat="44.118852684561816" lon="3.112948690541088">
        <ele>804.0</ele>
      </trkpt>
      <trkpt lat="44.118933557629255" lon="3.1129889236763115">
        <ele>803.0</ele>
      </trkpt>
      <trkpt lat="44.11898554740004" lon="3.113033473491669">
        <ele>803.0</ele>
      </trkpt>
      <trkpt lat="44.11908375017526" lon="3.1131005287170415">
        <ele>803.0</ele>
      </trkpt>
      <trkpt lat="44.1191549952237" lon="3.11315417289734">
        <ele>803.0</ele>
      </trkpt>
      <trkpt lat="44.11923586787734" lon="3.1132212281227107">
        <ele>802.0</ele>
      </trkpt>
      <trkpt lat="44.11915692804689" lon="3.1130365080183595">
        <ele>801.0</ele>
      </trkpt>
      <trkpt lat="44.1191569207642" lon="3.1130364909768113">
        <ele>801.0</ele>
      </trkpt>
      <trkpt lat="44.11906256949172" lon="3.112814649203612">
        <ele>800.0</ele>
      </trkpt>
      <trkpt lat="44.11896821777503" lon="3.112592808166339">
        <ele>799.0</ele>
      </trkpt>
      <trkpt lat="44.11887386561415" lon="3.1123709678649916">
        <ele>798.0</ele>
      </trkpt>
      <trkpt lat="44.11878625314363" lon="3.112172484092185">
        <ele>797.0</ele>
      </trkpt>
      <trkpt lat="44.11869864031781" lon="3.1119740009307866">
        <ele>796.0</ele>
      </trkpt>
      <trkpt lat="44.11863702256848" lon="3.1118305025930506">
        <ele>796.0</ele>
      </trkpt>
      <trkpt lat="44.11857540463334" lon="3.1116870045661935">
        <ele>795.0</ele>
      </trkpt>
      <trkpt lat="44.118567702394536" lon="3.1115931272506727">
        <ele>794.0</ele>
      </trkpt>
      <trkpt lat="44.11858695798947" lon="3.1114918738603587">
        <ele>793.0</ele>
      </trkpt>
      <trkpt lat="44.118646650294764" lon="3.1114107370376596">
        <ele>793.0</ele>
      </trkpt>
      <trkpt lat="44.11873617042959" lon="3.1113403732674088">
        <ele>792.0</ele>
      </trkpt>
      <trkpt lat="44.118833429053254" lon="3.111268579959869">
        <ele>791.0</ele>
      </trkpt>
      <trkpt lat="44.11896244084065" lon="3.1112206354737273">
        <ele>790.0</ele>
      </trkpt>
      <trkpt lat="44.11909819158486" lon="3.1112206354737286">
        <ele>789.0</ele>
      </trkpt>
      <trkpt lat="44.11923394233898" lon="3.111220635473728">
        <ele>787.0</ele>
      </trkpt>
      <trkpt lat="44.11936680416882" lon="3.1112474575012286">
        <ele>786.0</ele>
      </trkpt>
      <trkpt lat="44.1194996660016" lon="3.1112742796540256">
        <ele>784.0</ele>
      </trkpt>
      <trkpt lat="44.119655633471034" lon="3.1112930550656506">
        <ele>782.0</ele>
      </trkpt>
      <trkpt lat="44.11981160095031" lon="3.1113118305802363">
        <ele>780.0</ele>
      </trkpt>
      <trkpt lat="44.11995408902919" lon="3.1113212182882712">
        <ele>778.0</ele>
      </trkpt>
      <trkpt lat="44.12009657711818" lon="3.111330606043338">
        <ele>776.0</ele>
      </trkpt>
      <trkpt lat="44.1202640960061" lon="3.1113332882444524">
        <ele>773.0</ele>
      </trkpt>
      <trkpt lat="44.12043161490903" lon="3.1113359704613672">
        <ele>771.0</ele>
      </trkpt>
      <trkpt lat="44.1205798781526" lon="3.111325241625309">
        <ele>768.0</ele>
      </trkpt>
      <trkpt lat="44.12073584298128" lon="3.1112662330269805">
        <ele>766.0</ele>
      </trkpt>
      <trkpt lat="44.12093224255026" lon="3.1111723557114592">
        <ele>763.0</ele>
      </trkpt>
      <trkpt lat="44.12113634337134" lon="3.111081160604953">
        <ele>761.0</ele>
      </trkpt>
      <trkpt lat="44.121321188789516" lon="3.1110275164246546">
        <ele>759.0</ele>
      </trkpt>
      <trkpt lat="44.121409760347525" lon="3.110989630222321">
        <ele>758.0</ele>
      </trkpt>
      <trkpt lat="44.121442493280995" lon="3.1108823418617257">
        <ele>756.0</ele>
      </trkpt>
      <trkpt lat="44.1214001330107" lon="3.110627532005311">
        <ele>756.0</ele>
      </trkpt>
      <trkpt lat="44.12134814536478" lon="3.110412955284119">
        <ele>756.0</ele>
      </trkpt>
      <trkpt lat="44.12132792805278" lon="3.1102495081141783">
        <ele>756.0</ele>
      </trkpt>
      <trkpt lat="44.1213077104973" lon="3.110086061060427">
        <ele>757.0</ele>
      </trkpt>
      <trkpt lat="44.121269201074064" lon="3.1098553910851474">
        <ele>758.0</ele>
      </trkpt>
      <trkpt lat="44.12123454257173" lon="3.1097159162163734">
        <ele>758.0</ele>
      </trkpt>
      <trkpt lat="44.121184480254655" lon="3.109662272036075">
        <ele>759.0</ele>
      </trkpt>
      <trkpt lat="44.12112093956035" lon="3.109568394720553">
        <ele>759.0</ele>
      </trkpt>
      <trkpt lat="44.12111937486488" lon="3.1095660860244765">
        <ele>759.0</ele>
      </trkpt>
      <trkpt lat="44.12108435549339" lon="3.1095144152641296">
        <ele>759.0</ele>
      </trkpt>
      <trkpt lat="44.12107472810338" lon="3.109442330896855">
        <ele>759.0</ele>
      </trkpt>
      <trkpt lat="44.12108820644871" lon="3.1094047799706455">
        <ele>758.0</ele>
      </trkpt>
      <trkpt lat="44.12112864146635" lon="3.1093725934624667">
        <ele>757.0</ele>
      </trkpt>
      <trkpt lat="44.121197958574946" lon="3.109364546835422">
        <ele>756.0</ele>
      </trkpt>
      <trkpt lat="44.12125957371437" lon="3.1094074621796612">
        <ele>754.0</ele>
      </trkpt>
      <trkpt lat="44.12132696519952" lon="3.109571076929569">
        <ele>752.0</ele>
      </trkpt>
      <trkpt lat="44.121365474717244" lon="3.109749443708302">
        <ele>751.0</ele>
      </trkpt>
      <trkpt lat="44.12140398394552" lon="3.1099278107285486">
        <ele>749.0</ele>
      </trkpt>
      <trkpt lat="44.12143767974195" lon="3.110100813107525">
        <ele>748.0</ele>
      </trkpt>
      <trkpt lat="44.12147137526595" lon="3.1102738156914715">
        <ele>747.0</ele>
      </trkpt>
      <trkpt lat="44.121516623788885" lon="3.110439944880178">
        <ele>746.0</ele>
      </trkpt>
      <trkpt lat="44.12156187206113" lon="3.110606074333191">
        <ele>745.0</ele>
      </trkpt>
      <trkpt lat="44.12159941866499" lon="3.110764324560612">
        <ele>743.0</ele>
      </trkpt>
      <trkpt lat="44.12163696504114" lon="3.1109225749969487">
        <ele>742.0</ele>
      </trkpt>
      <trkpt lat="44.12165814509527" lon="3.1111317873001103">
        <ele>741.0</ele>
      </trkpt>
      <trkpt lat="44.1216350395814" lon="3.1112444400787354">
        <ele>739.0</ele>
      </trkpt>
      <trkpt lat="44.121625412281404" lon="3.1113570928573617">
        <ele>738.0</ele>
      </trkpt>
      <trkpt lat="44.12165044325842" lon="3.1114348769187923">
        <ele>737.0</ele>
      </trkpt>
      <trkpt lat="44.12170628155356" lon="3.1114777922630314">
        <ele>736.0</ele>
      </trkpt>
      <trkpt lat="44.121769821618344" lon="3.111461699008943">
        <ele>735.0</ele>
      </trkpt>
      <trkpt lat="44.12180833071523" lon="3.1114053726196302">
        <ele>735.0</ele>
      </trkpt>
      <trkpt lat="44.121814107077626" lon="3.1113356351852426">
        <ele>734.0</ele>
      </trkpt>
      <trkpt lat="44.12179870344337" lon="3.111228346824646">
        <ele>734.0</ele>
      </trkpt>
      <trkpt lat="44.12176597070725" lon="3.1110674142837533">
        <ele>734.0</ele>
      </trkpt>
      <trkpt lat="44.12172746176185" lon="3.110862225155198">
        <ele>734.0</ele>
      </trkpt>
      <trkpt lat="44.121688952433125" lon="3.1106570363044757">
        <ele>734.0</ele>
      </trkpt>
      <trkpt lat="44.121655257293725" lon="3.1103619931380577">
        <ele>734.0</ele>
      </trkpt>
      <trkpt lat="44.1216215613608" lon="3.1100669503211966">
        <ele>734.0</ele>
      </trkpt>
      <trkpt lat="44.1216119343021" lon="3.1098354421164145">
        <ele>735.0</ele>
      </trkpt>
      <trkpt lat="44.12160230675452" lon="3.109603933990001">
        <ele>735.0</ele>
      </trkpt>
      <trkpt lat="44.12157535043627" lon="3.109424225900839">
        <ele>734.0</ele>
      </trkpt>
      <trkpt lat="44.121548393823815" lon="3.109244517982006">
        <ele>734.0</ele>
      </trkpt>
      <trkpt lat="44.12144056781479" lon="3.108987025916577">
        <ele>734.0</ele>
      </trkpt>
      <trkpt lat="44.12137125099104" lon="3.1088475510478024">
        <ele>733.0</ele>
      </trkpt>
      <trkpt lat="44.12130193408543" lon="3.1086913123726845">
        <ele>732.0</ele>
      </trkpt>
      <trkpt lat="44.12119795857497" lon="3.108436502516269">
        <ele>732.0</ele>
      </trkpt>
      <trkpt lat="44.12111516313021" lon="3.1082836166024204">
        <ele>731.0</ele>
      </trkpt>
      <trkpt lat="44.12094572092807" lon="3.1081468239426617">
        <ele>730.0</ele>
      </trkpt>
      <trkpt lat="44.12075413486179" lon="3.1080353442550033">
        <ele>729.0</ele>
      </trkpt>
      <trkpt lat="44.12056254870184" lon="3.1079238653182992">
        <ele>727.0</ele>
      </trkpt>
      <trkpt lat="44.120367110396394" lon="3.107795286481872">
        <ele>726.0</ele>
      </trkpt>
      <trkpt lat="44.12017167196067" lon="3.107666708528994">
        <ele>725.0</ele>
      </trkpt>
      <trkpt lat="44.12006576888704" lon="3.1075793689353417">
        <ele>723.0</ele>
      </trkpt>
      <trkpt lat="44.11995986574985" lon="3.1074920296669015">
        <ele>722.0</ele>
      </trkpt>
      <trkpt lat="44.119818340140064" lon="3.107390105470747">
        <ele>720.0</ele>
      </trkpt>
      <trkpt lat="44.11967681444629" lon="3.1072881817817697">
        <ele>719.0</ele>
      </trkpt>
      <trkpt lat="44.11954299026118" lon="3.1072238086139663">
        <ele>717.0</ele>
      </trkpt>
      <trkpt lat="44.11940916604789" lon="3.107159435749053">
        <ele>716.0</ele>
      </trkpt>
      <trkpt lat="44.119210835592725" lon="3.107045609107117">
        <ele>715.0</ele>
      </trkpt>
      <trkpt lat="44.1190125050405" lon="3.106931783258914">
        <ele>713.0</ele>
      </trkpt>
      <trkpt lat="44.11887193992401" lon="3.106847293466164">
        <ele>712.0</ele>
      </trkpt>
      <trkpt lat="44.11873137475298" lon="3.1067628040909763">
        <ele>711.0</ele>
      </trkpt>
      <trkpt lat="44.118625469081174" lon="3.106699604423399">
        <ele>709.0</ele>
      </trkpt>
      <trkpt lat="44.11851956337896" lon="3.10663640499115">
        <ele>708.0</ele>
      </trkpt>
      <trkpt lat="44.11840402948759" lon="3.1065668350535263">
        <ele>707.0</ele>
      </trkpt>
      <trkpt lat="44.11828849555925" lon="3.1064972653985015">
        <ele>706.0</ele>
      </trkpt>
      <trkpt lat="44.11815178000717" lon="3.106352426111699">
        <ele>705.0</ele>
      </trkpt>
      <trkpt lat="44.118028768122436" lon="3.10618877533745">
        <ele>704.0</ele>
      </trkpt>
      <trkpt lat="44.118028543182206" lon="3.106188476085663">
        <ele>703.0</ele>
      </trkpt>
      <trkpt lat="44.11795344561586" lon="3.106097280979157">
        <ele>701.0</ele>
      </trkpt>
      <trkpt lat="44.1177936222723" lon="3.106041289865972">
        <ele>700.0</ele>
      </trkpt>
      <trkpt lat="44.11773585469238" lon="3.1059822812676425">
        <ele>698.0</ele>
      </trkpt>
      <trkpt lat="44.11771467323227" lon="3.1059125438332544">
        <ele>697.0</ele>
      </trkpt>
      <trkpt lat="44.117743557039745" lon="3.1058290600776672">
        <ele>696.0</ele>
      </trkpt>
      <trkpt lat="44.117795547857426" lon="3.1058102846145634">
        <ele>696.0</ele>
      </trkpt>
      <trkpt lat="44.117851389795845" lon="3.1058183312416086">
        <ele>695.0</ele>
      </trkpt>
      <trkpt lat="44.11797462699032" lon="3.105923272669316">
        <ele>694.0</ele>
      </trkpt>
      <trkpt lat="44.118113268526955" lon="3.106111027300357">
        <ele>694.0</ele>
      </trkpt>
      <trkpt lat="44.11825768644836" lon="3.106274642050264">
        <ele>693.0</ele>
      </trkpt>
      <trkpt lat="44.11835781600002" lon="3.1063390150666232">
        <ele>693.0</ele>
      </trkpt>
      <trkpt lat="44.11847527545012" lon="3.1063497439026833">
        <ele>693.0</ele>
      </trkpt>
      <trkpt lat="44.11867360808991" lon="3.1063819304108615">
        <ele>693.0</ele>
      </trkpt>
      <trkpt lat="44.11881609891606" lon="3.1064087524338215">
        <ele>694.0</ele>
      </trkpt>
      <trkpt lat="44.118958589746576" lon="3.106435574591159">
        <ele>694.0</ele>
      </trkpt>
      <trkpt lat="44.11912226102259" lon="3.106513358652591">
        <ele>694.0</ele>
      </trkpt>
      <trkpt lat="44.11924742110427" lon="3.1066421046853083">
        <ele>693.0</ele>
      </trkpt>
      <trkpt lat="44.119291708454476" lon="3.106673955917359">
        <ele>691.0</ele>
      </trkpt>
      <trkpt lat="44.11934947451308" lon="3.106679655611515">
        <ele>690.0</ele>
      </trkpt>
      <trkpt lat="44.11939183625382" lon="3.1066256761550908">
        <ele>689.0</ele>
      </trkpt>
      <trkpt lat="44.11939183625373" lon="3.1065317988395686">
        <ele>688.0</ele>
      </trkpt>
      <trkpt lat="44.119322517025964" lon="3.1064550206065165">
        <ele>686.0</ele>
      </trkpt>
      <trkpt lat="44.11915306968273" lon="3.106347732245921">
        <ele>684.0</ele>
      </trkpt>
      <trkpt lat="44.11902790927506" lon="3.106299452377424">
        <ele>682.0</ele>
      </trkpt>
      <trkpt lat="44.11890274885459" lon="3.106251172721386">
        <ele>680.0</ele>
      </trkpt>
      <trkpt lat="44.11872752342322" lon="3.1061492484648525">
        <ele>678.0</ele>
      </trkpt>
      <trkpt lat="44.11855229791359" lon="3.106047324836254">
        <ele>677.0</ele>
      </trkpt>
      <trkpt lat="44.11840980617873" lon="3.1059158962653046">
        <ele>675.0</ele>
      </trkpt>
      <trkpt lat="44.11826731429722" lon="3.1057844683527946">
        <ele>674.0</ele>
      </trkpt>
      <trkpt lat="44.11809016162707" lon="3.1055967137217526">
        <ele>673.0</ele>
      </trkpt>
      <trkpt lat="44.11792071074952" lon="3.1054190173745164">
        <ele>672.0</ele>
      </trkpt>
      <trkpt lat="44.117718524407614" lon="3.10529563575983">
        <ele>671.0</ele>
      </trkpt>
      <trkpt lat="44.117572179576165" lon="3.1051320210099216">
        <ele>670.0</ele>
      </trkpt>
      <trkpt lat="44.11741620639626" lon="3.1049147620797157">
        <ele>669.0</ele>
      </trkpt>
      <trkpt lat="44.11726600961175" lon="3.1047400832176217">
        <ele>668.0</ele>
      </trkpt>
      <trkpt lat="44.11715528732156" lon="3.1046354768624354">
        <ele>667.0</ele>
      </trkpt>
      <trkpt lat="44.11704456493813" lon="3.10453087091446">
        <ele>666.0</ele>
      </trkpt>
      <trkpt lat="44.11694924719053" lon="3.104400783559263">
        <ele>665.0</ele>
      </trkpt>
      <trkpt lat="44.11685392929345" lon="3.104270696640014">
        <ele>664.0</ele>
      </trkpt>
      <trkpt lat="44.116761499677416" lon="3.104135412503014">
        <ele>663.0</ele>
      </trkpt>
      <trkpt lat="44.11666906989902" lon="3.1040001288056374">
        <ele>662.0</ele>
      </trkpt>
      <trkpt lat="44.11656701187851" lon="3.103845733872221">
        <ele>661.0</ele>
      </trkpt>
      <trkpt lat="44.11646495364613" lon="3.1036913394927983">
        <ele>660.0</ele>
      </trkpt>
      <trkpt lat="44.11635037864953" lon="3.1035317477349778">
        <ele>660.0</ele>
      </trkpt>
      <trkpt lat="44.11623580342761" lon="3.103372156620027">
        <ele>659.0</ele>
      </trkpt>
      <trkpt lat="44.116093306205" lon="3.103189766407014">
        <ele>659.0</ele>
      </trkpt>
      <trkpt lat="44.11600697861417" lon="3.103117619457991">
        <ele>658.0</ele>
      </trkpt>
      <trkpt lat="44.11600665232053" lon="3.1031173467636113">
        <ele>656.0</ele>
      </trkpt>
      <trkpt lat="44.11590459313796" lon="3.1030774489045148">
        <ele>655.0</ele>
      </trkpt>
      <trkpt lat="44.115842972414136" lon="3.1029943004250535">
        <ele>653.0</ele>
      </trkpt>
      <trkpt lat="44.115825641574055" lon="3.1029027700424194">
        <ele>652.0</ele>
      </trkpt>
      <trkpt lat="44.1158294928722" lon="3.1028280034661297">
        <ele>651.0</ele>
      </trkpt>
      <trkpt lat="44.115871857136526" lon="3.102792799472809">
        <ele>650.0</ele>
      </trkpt>
      <trkpt lat="44.115925775247035" lon="3.10278207063675">
        <ele>649.0</ele>
      </trkpt>
      <trkpt lat="44.11599702410328" lon="3.1028249859809893">
        <ele>648.0</ele>
      </trkpt>
      <trkpt lat="44.116081752360955" lon="3.102946020662784">
        <ele>647.0</ele>
      </trkpt>
      <trkpt lat="44.11617803432473" lon="3.103079795837402">
        <ele>646.0</ele>
      </trkpt>
      <trkpt lat="44.11634460161579" lon="3.10323268130359">
        <ele>645.0</ele>
      </trkpt>
      <trkpt lat="44.116511168708556" lon="3.1033855676651005">
        <ele>644.0</ele>
      </trkpt>
      <trkpt lat="44.11669025156638" lon="3.103542476398506">
        <ele>644.0</ele>
      </trkpt>
      <trkpt lat="44.11686933421686" lon="3.103699386119844">
        <ele>644.0</ele>
      </trkpt>
      <trkpt lat="44.11698679662589" lon="3.1038018129765983">
        <ele>643.0</ele>
      </trkpt>
      <trkpt lat="44.11702338323008" lon="3.103823103010654">
        <ele>642.0</ele>
      </trkpt>
      <trkpt lat="44.11715239896983" lon="3.1039407849311833">
        <ele>641.0</ele>
      </trkpt>
      <trkpt lat="44.11728911683423" lon="3.1040534377098092">
        <ele>640.0</ele>
      </trkpt>
      <trkpt lat="44.11740176433935" lon="3.1041419504320213">
        <ele>639.0</ele>
      </trkpt>
      <trkpt lat="44.11751441177984" lon="3.1042304635047917">
        <ele>637.0</ele>
      </trkpt>
      <trkpt lat="44.1177088964694" lon="3.104375302791596">
        <ele>637.0</ele>
      </trkpt>
      <trkpt lat="44.11781191525566" lon="3.104442357895531">
        <ele>636.0</ele>
      </trkpt>
      <trkpt lat="44.117914934006585" lon="3.1045094132423414">
        <ele>635.0</ele>
      </trkpt>
      <trkpt lat="44.118026617604855" lon="3.104617036879062">
        <ele>635.0</ele>
      </trkpt>
      <trkpt lat="44.11811519410177" lon="3.1047270074486732">
        <ele>635.0</ele>
      </trkpt>
      <trkpt lat="44.118115765019056" lon="3.104727678443236">
        <ele>634.0</ele>
      </trkpt>
      <trkpt lat="44.11815370558085" lon="3.104772269725801">
        <ele>634.0</ele>
      </trkpt>
      <trkpt lat="44.11819799375053" lon="3.1048021093010907">
        <ele>633.0</ele>
      </trkpt>
      <trkpt lat="44.118244207457515" lon="3.1047940626740456">
        <ele>632.0</ele>
      </trkpt>
      <trkpt lat="44.11826731429754" lon="3.10478299856186">
        <ele>632.0</ele>
      </trkpt>
      <trkpt lat="44.118290421128386" lon="3.104756511747837">
        <ele>631.0</ele>
      </trkpt>
      <trkpt lat="44.11830390010899" lon="3.1047239899635315">
        <ele>630.0</ele>
      </trkpt>
      <trkpt lat="44.11830582567736" lon="3.1046837568283094">
        <ele>629.0</ele>
      </trkpt>
      <trkpt lat="44.11828849555947" lon="3.1046304479241393">
        <ele>628.0</ele>
      </trkpt>
      <trkpt lat="44.118188365840744" lon="3.1045392526571076">
        <ele>626.0</ele>
      </trkpt>
      <trkpt lat="44.11808823605155" lon="3.104448057711125">
        <ele>624.0</ele>
      </trkpt>
      <trkpt lat="44.11797366416349" lon="3.1043179703118935">
        <ele>622.0</ele>
      </trkpt>
      <trkpt lat="44.117859092128114" lon="3.1041878834366803">
        <ele>620.0</ele>
      </trkpt>
      <trkpt lat="44.11775222216858" lon="3.104048240667495">
        <ele>618.0</ele>
      </trkpt>
      <trkpt lat="44.1176453520373" lon="3.1039085984230046">
        <ele>616.0</ele>
      </trkpt>
      <trkpt lat="44.1175481096592" lon="3.1037813609153555">
        <ele>615.0</ele>
      </trkpt>
      <trkpt lat="44.11745086713848" lon="3.1036541238427175">
        <ele>612.0</ele>
      </trkpt>
      <trkpt lat="44.1173651780606" lon="3.1035213542964835">
        <ele>610.0</ele>
      </trkpt>
      <trkpt lat="44.117279488825865" lon="3.1033885851502423">
        <ele>609.0</ele>
      </trkpt>
      <trkpt lat="44.11719572509744" lon="3.1032638622473945">
        <ele>607.0</ele>
      </trkpt>
      <trkpt lat="44.117111961230876" lon="3.103139139711857">
        <ele>606.0</ele>
      </trkpt>
      <trkpt lat="44.11701568076339" lon="3.1030290013177706">
        <ele>605.0</ele>
      </trkpt>
      <trkpt lat="44.116919400190234" lon="3.1029188632965097">
        <ele>603.0</ele>
      </trkpt>
      <trkpt lat="44.11682504505389" lon="3.102786093730051">
        <ele>602.0</ele>
      </trkpt>
      <trkpt lat="44.11673068976151" lon="3.102653324604035">
        <ele>601.0</ele>
      </trkpt>
      <trkpt lat="44.11663248309028" lon="3.1025059704918907">
        <ele>600.0</ele>
      </trkpt>
      <trkpt lat="44.11653427622611" lon="3.102358616888523">
        <ele>599.0</ele>
      </trkpt>
      <trkpt lat="44.11642836669608" lon="3.1021785736083998">
        <ele>598.0</ele>
      </trkpt>
      <trkpt lat="44.11633786203796" lon="3.1019831076264377">
        <ele>597.0</ele>
      </trkpt>
      <trkpt lat="44.116249282953696" lon="3.1018045728108836">
        <ele>596.0</ele>
      </trkpt>
      <trkpt lat="44.11616070358284" lon="3.1016260385513315">
        <ele>595.0</ele>
      </trkpt>
      <trkpt lat="44.11607982672237" lon="3.10151204450613">
        <ele>594.0</ele>
      </trkpt>
      <trkpt lat="44.115998949746874" lon="3.1013980507850656">
        <ele>593.0</ele>
      </trkpt>
      <trkpt lat="44.11590844443623" lon="3.1012684663558674">
        <ele>592.0</ele>
      </trkpt>
      <trkpt lat="44.11581793897682" lon="3.1011388823390003">
        <ele>591.0</ele>
      </trkpt>
      <trkpt lat="44.115696623003664" lon="3.1009323518044103">
        <ele>590.0</ele>
      </trkpt>
      <trkpt lat="44.11557530664928" lon="3.1007258221507077">
        <ele>589.0</ele>
      </trkpt>
      <trkpt lat="44.11543858479503" lon="3.100551478145724">
        <ele>588.0</ele>
      </trkpt>
      <trkpt lat="44.11530186267352" lon="3.1003771349787717">
        <ele>587.0</ele>
      </trkpt>
      <trkpt lat="44.115153586124094" lon="3.1002081553703906">
        <ele>586.0</ele>
      </trkpt>
      <trkpt lat="44.11500530932601" lon="3.100039176642895">
        <ele>585.0</ele>
      </trkpt>
      <trkpt lat="44.11490324841403" lon="3.0998936668038373">
        <ele>584.0</ele>
      </trkpt>
      <trkpt lat="44.11480792726538" lon="3.0997246873527575">
        <ele>583.0</ele>
      </trkpt>
      <trkpt lat="44.114712605861115" lon="3.0995557084679604">
        <ele>581.0</ele>
      </trkpt>
      <trkpt lat="44.11464135549052" lon="3.0994244476998953">
        <ele>580.0</ele>
      </trkpt>
      <trkpt lat="44.114570104965466" lon="3.0992931872606286">
        <ele>579.0</ele>
      </trkpt>
      <trkpt lat="44.1144526377525" lon="3.099035024642945">
        <ele>578.0</ele>
      </trkpt>
      <trkpt lat="44.11436309293566" lon="3.0988955495546295">
        <ele>577.0</ele>
      </trkpt>
      <trkpt lat="44.11427354794565" lon="3.098756074905396">
        <ele>576.0</ele>
      </trkpt>
      <trkpt lat="44.11413489739978" lon="3.098600842058659">
        <ele>575.0</ele>
      </trkpt>
      <trkpt lat="44.11402031783586" lon="3.098479974771487">
        <ele>574.0</ele>
      </trkpt>
      <trkpt lat="44.113905738145746" lon="3.098359107971192">
        <ele>573.0</ele>
      </trkpt>
      <trkpt lat="44.113791158119504" lon="3.098255842716131">
        <ele>572.0</ele>
      </trkpt>
      <trkpt lat="44.11367657800303" lon="3.0981525778770456">
        <ele>571.0</ele>
      </trkpt>
      <trkpt lat="44.113562960406476" lon="3.0980385837662467">
        <ele>570.0</ele>
      </trkpt>
      <trkpt lat="44.11344934269833" lon="3.0979245901107797">
        <ele>570.0</ele>
      </trkpt>
      <trkpt lat="44.11331646733498" lon="3.0977945026697142">
        <ele>569.0</ele>
      </trkpt>
      <trkpt lat="44.11318359182676" lon="3.0976644158363356">
        <ele>569.0</ele>
      </trkpt>
      <trkpt lat="44.113062270292055" lon="3.097569364851666">
        <ele>568.0</ele>
      </trkpt>
      <trkpt lat="44.112940948682855" lon="3.097474314272403">
        <ele>568.0</ele>
      </trkpt>
      <trkpt lat="44.112732968052335" lon="3.0973777547478676">
        <ele>567.0</ele>
      </trkpt>
      <trkpt lat="44.1125776236084" lon="3.0973410976911393">
        <ele>567.0</ele>
      </trkpt>
      <trkpt lat="44.11242227916522" lon="3.0973044408346024">
        <ele>566.0</ele>
      </trkpt>
      <trkpt lat="44.11226693472282" lon="3.0972677841782565">
        <ele>566.0</ele>
      </trkpt>
      <trkpt lat="44.1121225019807" lon="3.097242303127924">
        <ele>565.0</ele>
      </trkpt>
      <trkpt lat="44.11197806924392" lon="3.0972168222069736">
        <ele>565.0</ele>
      </trkpt>
      <trkpt lat="44.1118528936314" lon="3.097188658950351">
        <ele>564.0</ele>
      </trkpt>
      <trkpt lat="44.111727718020106" lon="3.0971604958176613">
        <ele>562.0</ele>
      </trkpt>
      <trkpt lat="44.111552471289166" lon="3.0970867348425397">
        <ele>561.0</ele>
      </trkpt>
      <trkpt lat="44.11137722452517" lon="3.097012974321843">
        <ele>560.0</ele>
      </trkpt>
      <trkpt lat="44.11118079290054" lon="3.096917755573048">
        <ele>558.0</ele>
      </trkpt>
      <trkpt lat="44.11098436121404" lon="3.0968225374817853">
        <ele>557.0</ele>
      </trkpt>
      <trkpt lat="44.11086881257469" lon="3.096783645372078">
        <ele>556.0</ele>
      </trkpt>
      <trkpt lat="44.11075326392875" lon="3.096744753420353">
        <ele>555.0</ele>
      </trkpt>
      <trkpt lat="44.11056260767221" lon="3.0967273190033304">
        <ele>554.0</ele>
      </trkpt>
      <trkpt lat="44.11037195143254" lon="3.0967098847031593">
        <ele>553.0</ele>
      </trkpt>
      <trkpt lat="44.110210181751604" lon="3.09666931629181">
        <ele>552.0</ele>
      </trkpt>
      <trkpt lat="44.11005418913979" lon="3.0966052785515794">
        <ele>551.0</ele>
      </trkpt>
      <trkpt lat="44.10994056463264" lon="3.096548616886139">
        <ele>551.0</ele>
      </trkpt>
      <trkpt lat="44.10983271744068" lon="3.0964761972427373">
        <ele>550.0</ele>
      </trkpt>
      <trkpt lat="44.109655539483676" lon="3.0963853374123564">
        <ele>550.0</ele>
      </trkpt>
      <trkpt lat="44.109456213300696" lon="3.0963786318663273">
        <ele>549.0</ele>
      </trkpt>
      <trkpt lat="44.109256887138784" lon="3.0963719263672824">
        <ele>547.0</ele>
      </trkpt>
      <trkpt lat="44.10903733790526" lon="3.096343763063945">
        <ele>546.0</ele>
      </trkpt>
      <trkpt lat="44.108817788690544" lon="3.096315599977971">
        <ele>545.0</ele>
      </trkpt>
      <trkpt lat="44.10864445919945" lon="3.0962860955889204">
        <ele>544.0</ele>
      </trkpt>
      <trkpt lat="44.10847112971664" lon="3.096256591379643">
        <ele>542.0</ele>
      </trkpt>
      <trkpt lat="44.1082977992216" lon="3.0961962414929496">
        <ele>541.0</ele>
      </trkpt>
      <trkpt lat="44.108124468709605" lon="3.096135891973972">
        <ele>539.0</ele>
      </trkpt>
      <trkpt lat="44.107952100137204" lon="3.0961385741911136">
        <ele>537.0</ele>
      </trkpt>
      <trkpt lat="44.10777973158081" lon="3.0961412563920017">
        <ele>536.0</ele>
      </trkpt>
      <trkpt lat="44.10761923830083" lon="3.096152879363306">
        <ele>534.0</ele>
      </trkpt>
      <trkpt lat="44.10745874503353" lon="3.0961645022690387">
        <ele>532.0</ele>
      </trkpt>
      <trkpt lat="44.10729825177896" lon="3.096176125109196">
        <ele>531.0</ele>
      </trkpt>
      <trkpt lat="44.10715765877185" lon="3.096216358343838">
        <ele>530.0</ele>
      </trkpt>
      <trkpt lat="44.107017065760665" lon="3.096256591379642">
        <ele>528.0</ele>
      </trkpt>
      <trkpt lat="44.10682061994045" lon="3.096355833113194">
        <ele>527.0</ele>
      </trkpt>
      <trkpt lat="44.10667810001523" lon="3.0965596809983245">
        <ele>526.0</ele>
      </trkpt>
      <trkpt lat="44.106607803011684" lon="3.0967447536490185">
        <ele>526.0</ele>
      </trkpt>
      <trkpt lat="44.10653750569825" lon="3.0969298258423805">
        <ele>525.0</ele>
      </trkpt>
      <trkpt lat="44.10646817139143" lon="3.097163178026676">
        <ele>524.0</ele>
      </trkpt>
      <trkpt lat="44.106468171391434" lon="3.0973482504487038">
        <ele>524.0</ele>
      </trkpt>
      <trkpt lat="44.10647780116114" lon="3.0974635854363433">
        <ele>523.0</ele>
      </trkpt>
      <trkpt lat="44.10644698589258" lon="3.097544051706791">
        <ele>522.0</ele>
      </trkpt>
      <trkpt lat="44.106406540828296" lon="3.0975571274757394">
        <ele>521.0</ele>
      </trkpt>
      <trkpt lat="44.10636609573614" lon="3.097549416124821">
        <ele>519.0</ele>
      </trkpt>
      <trkpt lat="44.106331428492496" lon="3.0975142121315007">
        <ele>518.0</ele>
      </trkpt>
      <trkpt lat="44.10631216890369" lon="3.09746626764536">
        <ele>517.0</ele>
      </trkpt>
      <trkpt lat="44.10633720636776" lon="3.0972060933709153">
        <ele>516.0</ele>
      </trkpt>
      <trkpt lat="44.10633913232607" lon="3.0969325080513963">
        <ele>514.0</ele>
      </trkpt>
      <trkpt lat="44.10631794678093" lon="3.0967098847031598">
        <ele>513.0</ele>
      </trkpt>
      <trkpt lat="44.106242834332534" lon="3.0964202061295505">
        <ele>511.0</ele>
      </trkpt>
      <trkpt lat="44.10620913010405" lon="3.0962606145986253">
        <ele>510.0</ele>
      </trkpt>
      <trkpt lat="44.10617542564375" lon="3.0961010232567796">
        <ele>509.0</ele>
      </trkpt>
      <trkpt lat="44.106185055461175" lon="3.095830120146274">
        <ele>508.0</ele>
      </trkpt>
      <trkpt lat="44.10620142642564" lon="3.095582015883784">
        <ele>507.0</ele>
      </trkpt>
      <trkpt lat="44.10621779682854" lon="3.0953339114785194">
        <ele>506.0</ele>
      </trkpt>
      <trkpt lat="44.1062883848856" lon="3.0951373011557246">
        <ele>504.0</ele>
      </trkpt>
      <trkpt lat="44.10628905738905" lon="3.0951354280114174">
        <ele>503.0</ele>
      </trkpt>
      <trkpt lat="44.10638631835262" lon="3.0949543792124063">
        <ele>502.0</ele>
      </trkpt>
      <trkpt lat="44.10648357902219" lon="3.094773329794408">
        <ele>500.0</ele>
      </trkpt>
      <trkpt lat="44.1066029880245" lon="3.0945909395813946">
        <ele>499.0</ele>
      </trkpt>
      <trkpt lat="44.10671180400232" lon="3.0945198611784406">
        <ele>497.0</ele>
      </trkpt>
      <trkpt lat="44.10682061994045" lon="3.094448782503605">
        <ele>496.0</ele>
      </trkpt>
      <trkpt lat="44.107002620970306" lon="3.0943790452922992">
        <ele>494.0</ele>
      </trkpt>
      <trkpt lat="44.107184621973694" lon="3.0943093076348305">
        <ele>492.0</ele>
      </trkpt>
      <trkpt lat="44.107292473905446" lon="3.0942637101680126">
        <ele>491.0</ele>
      </trkpt>
      <trkpt lat="44.107400325824514" lon="3.0942181125283246">
        <ele>489.0</ele>
      </trkpt>
      <trkpt lat="44.10747736272336" lon="3.0941778793931007">
        <ele>488.0</ele>
      </trkpt>
      <trkpt lat="44.10761025113787" lon="3.094159103929996">
        <ele>487.0</ele>
      </trkpt>
      <trkpt lat="44.10774121334102" lon="3.094151057302952">
        <ele>485.0</ele>
      </trkpt>
      <trkpt lat="44.10785676798519" lon="3.094191290438176">
        <ele>484.0</ele>
      </trkpt>
      <trkpt lat="44.10804358084878" lon="3.0943414941430087">
        <ele>484.0</ele>
      </trkpt>
      <trkpt lat="44.10818417158362" lon="3.0943840742111206">
        <ele>483.0</ele>
      </trkpt>
      <trkpt lat="44.1083112807271" lon="3.094354905188083">
        <ele>483.0</ele>
      </trkpt>
      <trkpt lat="44.10848268504851" lon="3.094295896589756">
        <ele>482.0</ele>
      </trkpt>
      <trkpt lat="44.10859246058876" lon="3.0942610278725624">
        <ele>482.0</ele>
      </trkpt>
      <trkpt lat="44.108708013568794" lon="3.0942717567086215">
        <ele>481.0</ele>
      </trkpt>
      <trkpt lat="44.10887363911283" lon="3.0942744389176373">
        <ele>481.0</ele>
      </trkpt>
      <trkpt lat="44.109048893543644" lon="3.0942422524094586">
        <ele>480.0</ele>
      </trkpt>
      <trkpt lat="44.109149038699314" lon="3.094191290438175">
        <ele>479.0</ele>
      </trkpt>
      <trkpt lat="44.10920103707865" lon="3.0941054597496986">
        <ele>478.0</ele>
      </trkpt>
      <trkpt lat="44.10932236645246" lon="3.093847967684269">
        <ele>476.0</ele>
      </trkpt>
      <trkpt lat="44.109432140433206" lon="3.0935770645737652">
        <ele>475.0</ele>
      </trkpt>
      <trkpt lat="44.10954191421008" lon="3.093308843672275">
        <ele>473.0</ele>
      </trkpt>
      <trkpt lat="44.10964013267976" lon="3.0930969491600995">
        <ele>471.0</ele>
      </trkpt>
      <trkpt lat="44.10974412852631" lon="3.0929547923421636">
        <ele>469.0</ele>
      </trkpt>
      <trkpt lat="44.109848124194336" lon="3.0928126350045213">
        <ele>467.0</ele>
      </trkpt>
      <trkpt lat="44.10999448812398" lon="3.0926275630586186">
        <ele>465.0</ele>
      </trkpt>
      <trkpt lat="44.110140851752654" lon="3.092442490160465">
        <ele>464.0</ele>
      </trkpt>
      <trkpt lat="44.11031032493958" lon="3.0923271551728244">
        <ele>462.0</ele>
      </trkpt>
      <trkpt lat="44.11048557485681" lon="3.0922708289570187">
        <ele>461.0</ele>
      </trkpt>
      <trkpt lat="44.11066082476165" lon="3.092214502394199">
        <ele>460.0</ele>
      </trkpt>
      <trkpt lat="44.11082740751866" lon="3.0921461062645896">
        <ele>459.0</ele>
      </trkpt>
      <trkpt lat="44.110993990247955" lon="3.09207770973444">
        <ele>458.0</ele>
      </trkpt>
      <trkpt lat="44.11117308999336" lon="3.0920079723000518">
        <ele>457.0</ele>
      </trkpt>
      <trkpt lat="44.11134063442509" lon="3.091986514627934">
        <ele>457.0</ele>
      </trkpt>
      <trkpt lat="44.11147640268342" lon="3.0919570103991814">
        <ele>456.0</ele>
      </trkpt>
      <trkpt lat="44.11161217094375" lon="3.0919275060296054">
        <ele>456.0</ele>
      </trkpt>
      <trkpt lat="44.11172771802022" lon="3.0919432640075692">
        <ele>455.0</ele>
      </trkpt>
      <trkpt lat="44.11181052661933" lon="3.0919808149337764">
        <ele>455.0</ele>
      </trkpt>
      <trkpt lat="44.11189140932503" lon="3.092013001441956">
        <ele>454.0</ele>
      </trkpt>
      <trkpt lat="44.1119646" lon="3.0919840000000005">
        <ele>453.0</ele>
      </trkpt>
      <trkpt lat="44.111964588820335" lon="3.091984000056981">
        <ele>453.0</ele>
      </trkpt>
      <trkpt lat="44.11198192079284" lon="3.091911580413579">
        <ele>452.0</ele>
      </trkpt>
      <trkpt lat="44.111974217694566" lon="3.091820385307075">
        <ele>451.0</ele>
      </trkpt>
      <trkpt lat="44.11190874131878" lon="3.091764058917761">
        <ele>451.0</ele>
      </trkpt>
      <trkpt lat="44.11170653440627" lon="3.091713096946478">
        <ele>450.0</ele>
      </trkpt>
      <trkpt lat="44.11155343422311" lon="3.09169700364908">
        <ele>449.0</ele>
      </trkpt>
      <trkpt lat="44.11140033405027" lon="3.0916809104382996">
        <ele>447.0</ele>
      </trkpt>
      <trkpt lat="44.111261676597" lon="3.0916634760372106">
        <ele>446.0</ele>
      </trkpt>
      <trkpt lat="44.111123019151364" lon="3.091646041721105">
        <ele>445.0</ele>
      </trkpt>
      <trkpt lat="44.111005545086556" lon="3.091605808585882">
        <ele>444.0</ele>
      </trkpt>
      <trkpt lat="44.110812964147264" lon="3.0914797447621813">
        <ele>442.0</ele>
      </trkpt>
      <trkpt lat="44.11063193749217" lon="3.0913188122212882">
        <ele>441.0</ele>
      </trkpt>
      <trkpt lat="44.11042587456105" lon="3.0912034772336474">
        <ele>439.0</ele>
      </trkpt>
      <trkpt lat="44.110236180199486" lon="3.0911176462589887">
        <ele>438.0</ele>
      </trkpt>
      <trkpt lat="44.110046485790185" lon="3.0910318158566947">
        <ele>437.0</ele>
      </trkpt>
      <trkpt lat="44.10992708374422" lon="3.091015722602606">
        <ele>436.0</ele>
      </trkpt>
      <trkpt lat="44.10973738775" lon="3.091035839237292">
        <ele>435.0</ele>
      </trkpt>
      <trkpt lat="44.10954769177156" lon="3.0910559557378297">
        <ele>434.0</ele>
      </trkpt>
      <trkpt lat="44.10936714185347" lon="3.091046567916902">
        <ele>434.0</ele>
      </trkpt>
      <trkpt lat="44.10918659195218" lon="3.0910371801555567">
        <ele>433.0</ele>
      </trkpt>
      <trkpt lat="44.10900604206775" lon="3.091027792453796">
        <ele>433.0</ele>
      </trkpt>
      <trkpt lat="44.108825492200104" lon="3.0910184048116194">
        <ele>433.0</ele>
      </trkpt>
      <trkpt lat="44.108632904157595" lon="3.091015219688415">
        <ele>432.0</ele>
      </trkpt>
      <trkpt lat="44.108548165219794" lon="3.091023266315461">
        <ele>432.0</ele>
      </trkpt>
      <trkpt lat="44.10843164886386" lon="3.0910179018864454">
        <ele>431.0</ele>
      </trkpt>
      <trkpt lat="44.108315132514974" lon="3.0910125374794006">
        <ele>430.0</ele>
      </trkpt>
      <trkpt lat="44.10812832020507" lon="3.0910085141526684">
        <ele>429.0</ele>
      </trkpt>
      <trkpt lat="44.107941507913914" lon="3.0910044908523564">
        <ele>428.0</ele>
      </trkpt>
      <trkpt lat="44.10777876839523" lon="3.0910220928993644">
        <ele>428.0</ele>
      </trkpt>
      <trkpt lat="44.107616028888046" lon="3.0910396948456764">
        <ele>426.0</ele>
      </trkpt>
      <trkpt lat="44.10749662181038" lon="3.0910638347774735">
        <ele>425.0</ele>
      </trkpt>
      <trkpt lat="44.10737721473512" lon="3.091087974607944">
        <ele>424.0</ele>
      </trkpt>
      <trkpt lat="44.10721351069619" lon="3.091065175765718">
        <ele>422.0</ele>
      </trkpt>
      <trkpt lat="44.10704980666703" lon="3.0910423770546904">
        <ele>421.0</ele>
      </trkpt>
      <trkpt lat="44.10692943547399" lon="3.0910182371224857">
        <ele>420.0</ele>
      </trkpt>
      <trkpt lat="44.10680906428346" lon="3.090994097292423">
        <ele>419.0</ele>
      </trkpt>
      <trkpt lat="44.10667617392102" lon="3.090953864063227">
        <ele>417.0</ele>
      </trkpt>
      <trkpt lat="44.10654328355334" lon="3.090913631021977">
        <ele>417.0</ele>
      </trkpt>
      <trkpt lat="44.10640365173252" lon="3.0908693744646176">
        <ele>416.0</ele>
      </trkpt>
      <trkpt lat="44.106264019904394" lon="3.090825118124484">
        <ele>415.0</ele>
      </trkpt>
      <trkpt lat="44.10609068294915" lon="3.090745992717486">
        <ele>414.0</ele>
      </trkpt>
      <trkpt lat="44.105917345953046" lon="3.0906668677926064">
        <ele>414.0</ele>
      </trkpt>
      <trkpt lat="44.10572860039145" lon="3.090637363493443">
        <ele>413.0</ele>
      </trkpt>
      <trkpt lat="44.10551963102002" lon="3.0906910078707646">
        <ele>413.0</ele>
      </trkpt>
      <trkpt lat="44.10531066164598" lon="3.090744651854038">
        <ele>413.0</ele>
      </trkpt>
      <trkpt lat="44.105135396131345" lon="3.0908760800957666">
        <ele>412.0</ele>
      </trkpt>
      <trkpt lat="44.10504198515956" lon="3.09098873305934">
        <ele>412.0</ele>
      </trkpt>
      <trkpt lat="44.104948574076694" lon="3.0911013856530185">
        <ele>412.0</ele>
      </trkpt>
      <trkpt lat="44.10482338370961" lon="3.091329373419284">
        <ele>411.0</ele>
      </trkpt>
      <trkpt lat="44.104753084543816" lon="3.0915385859809366">
        <ele>410.0</ele>
      </trkpt>
      <trkpt lat="44.10468278498129" lon="3.091747798025608">
        <ele>410.0</ele>
      </trkpt>
      <trkpt lat="44.10462115267971" lon="3.091932870648108">
        <ele>409.0</ele>
      </trkpt>
      <trkpt lat="44.104559520067646" lon="3.0921179428696624">
        <ele>409.0</ele>
      </trkpt>
      <trkpt lat="44.10444010693748" lon="3.092348612844944">
        <ele>408.0</ele>
      </trkpt>
      <trkpt lat="44.10436499212317" lon="3.0924719946225134">
        <ele>408.0</ele>
      </trkpt>
      <trkpt lat="44.104289877172995" lon="3.0925953760743132">
        <ele>407.0</ele>
      </trkpt>
      <trkpt lat="44.10422439233746" lon="3.0927361922096623">
        <ele>407.0</ele>
      </trkpt>
      <trkpt lat="44.104158907323274" lon="3.092877008020878">
        <ele>407.0</ele>
      </trkpt>
      <trkpt lat="44.10410208949811" lon="3.0930218474523166">
        <ele>406.0</ele>
      </trkpt>
      <trkpt lat="44.10404527148328" lon="3.093166686594486">
        <ele>406.0</ele>
      </trkpt>
      <trkpt lat="44.1039980837422" lon="3.0933195726351292">
        <ele>405.0</ele>
      </trkpt>
      <trkpt lat="44.10395089578903" lon="3.0934724584221844">
        <ele>405.0</ele>
      </trkpt>
      <trkpt lat="44.103900818943586" lon="3.093645461055906">
        <ele>404.0</ele>
      </trkpt>
      <trkpt lat="44.10385074182637" lon="3.0938184633851056">
        <ele>403.0</ele>
      </trkpt>
      <trkpt lat="44.103783330409804" lon="3.094035722315312">
        <ele>402.0</ele>
      </trkpt>
      <trkpt lat="44.103700510564195" lon="3.094322718679905">
        <ele>401.0</ele>
      </trkpt>
      <trkpt lat="44.1036080603669" lon="3.0945319309830666">
        <ele>400.0</ele>
      </trkpt>
      <trkpt lat="44.10355413101838" lon="3.094620443880558">
        <ele>398.0</ele>
      </trkpt>
      <trkpt lat="44.10343471585737" lon="3.0946606770157823">
        <ele>397.0</ele>
      </trkpt>
      <trkpt lat="44.10330181805604" lon="3.0947381258010864">
        <ele>396.0</ele>
      </trkpt>
      <trkpt lat="44.103217071475655" lon="3.094856478273869">
        <ele>395.0</ele>
      </trkpt>
      <trkpt lat="44.10314195508714" lon="3.095122016966342">
        <ele>394.0</ele>
      </trkpt>
      <trkpt lat="44.10309380350579" lon="3.095250762999057">
        <ele>393.0</ele>
      </trkpt>
      <trkpt lat="44.103055282212566" lon="3.0952665209770207">
        <ele>392.0</ele>
      </trkpt>
      <trkpt lat="44.10301868696085" lon="3.0952692031860347">
        <ele>391.0</ele>
      </trkpt>
      <trkpt lat="44.1029570999999" lon="3.0952343000000004">
        <ele>391.0</ele>
      </trkpt>
      <trkpt lat="44.10292816176648" lon="3.0951485037803663">
        <ele>390.0</ele>
      </trkpt>
      <trkpt lat="44.10293971818196" lon="3.0949258804321294">
        <ele>389.0</ele>
      </trkpt>
      <trkpt lat="44.1029532006639" lon="3.0946817994117732">
        <ele>388.0</ele>
      </trkpt>
      <trkpt lat="44.102987869888885" lon="3.094467222690582">
        <ele>387.0</ele>
      </trkpt>
      <trkpt lat="44.10304179975394" lon="3.0942687392234807">
        <ele>386.0</ele>
      </trkpt>
      <trkpt lat="44.1030783949915" lon="3.094158768653869">
        <ele>385.0</ele>
      </trkpt>
      <trkpt lat="44.10307841150464" lon="3.0941587047992067">
        <ele>385.0</ele>
      </trkpt>
      <trkpt lat="44.103105359888694" lon="3.094054497778417">
        <ele>384.0</ele>
      </trkpt>
      <trkpt lat="44.10312654658536" lon="3.093890547752381">
        <ele>383.0</ele>
      </trkpt>
      <trkpt lat="44.103130398710924" lon="3.093609251081943">
        <ele>382.0</ele>
      </trkpt>
      <trkpt lat="44.10313425101614" lon="3.0934107676282787">
        <ele>382.0</ele>
      </trkpt>
      <trkpt lat="44.10313810296184" lon="3.0932122841477394">
        <ele>381.0</ele>
      </trkpt>
      <trkpt lat="44.10314291823414" lon="3.0930526927248585">
        <ele>380.0</ele>
      </trkpt>
      <trkpt lat="44.10314773327406" lon="3.0928931012749654">
        <ele>379.0</ele>
      </trkpt>
      <trkpt lat="44.103192032689904" lon="3.092630244791507">
        <ele>378.0</ele>
      </trkpt>
      <trkpt lat="44.10322959096237" lon="3.092474676771331">
        <ele>377.0</ele>
      </trkpt>
      <trkpt lat="44.10326714901474" lon="3.0923191085457797">
        <ele>376.0</ele>
      </trkpt>
      <trkpt lat="44.10331144848945" lon="3.092128671853989">
        <ele>375.0</ele>
      </trkpt>
      <trkpt lat="44.103355747634275" lon="3.0919382348656645">
        <ele>374.0</ele>
      </trkpt>
      <trkpt lat="44.10338367557302" lon="3.091758526949873">
        <ele>373.0</ele>
      </trkpt>
      <trkpt lat="44.103411603217495" lon="3.09157881885767">
        <ele>371.0</ele>
      </trkpt>
      <trkpt lat="44.10341930743172" lon="3.0913374200463286">
        <ele>369.0</ele>
      </trkpt>
      <trkpt lat="44.103421233644035" lon="3.0911508388880473">
        <ele>368.0</ele>
      </trkpt>
      <trkpt lat="44.10342315953868" lon="3.090964257717132">
        <ele>366.0</ele>
      </trkpt>
      <trkpt lat="44.10342219684685" lon="3.090693354602043">
        <ele>365.0</ele>
      </trkpt>
      <trkpt lat="44.103421233485314" lon="3.090422451496125">
        <ele>363.0</ele>
      </trkpt>
      <trkpt lat="44.10342315971596" lon="3.090225309140203">
        <ele>362.0</ele>
      </trkpt>
      <trkpt lat="44.10342508559192" lon="3.0900281667709346">
        <ele>360.0</ele>
      </trkpt>
      <trkpt lat="44.103455902436075" lon="3.089821636676788">
        <ele>359.0</ele>
      </trkpt>
      <trkpt lat="44.10347708900686" lon="3.0897384881973267">
        <ele>359.0</ele>
      </trkpt>
      <trkpt lat="44.103540648673544" lon="3.089572191238404">
        <ele>358.0</ele>
      </trkpt>
      <trkpt lat="44.103571465457115" lon="3.089464902877807">
        <ele>358.0</ele>
      </trkpt>
      <trkpt lat="44.10356568731141" lon="3.089371025562286">
        <ele>358.0</ele>
      </trkpt>
      <trkpt lat="44.1035367965744" lon="3.089282512664796">
        <ele>358.0</ele>
      </trkpt>
      <trkpt lat="44.10343086381437" lon="3.089094757684195">
        <ele>357.0</ele>
      </trkpt>
      <trkpt lat="44.10332493073871" lon="3.088907003402711">
        <ele>358.0</ele>
      </trkpt>
      <trkpt lat="44.103405825056555" lon="3.0887353420257555">
        <ele>358.0</ele>
      </trkpt>
      <trkpt lat="44.10342123348541" lon="3.0886441469192514">
        <ele>358.0</ele>
      </trkpt>
      <trkpt lat="44.10344819822664" lon="3.0884354375302796">
        <ele>358.0</ele>
      </trkpt>
      <trkpt lat="44.1033114483416" lon="3.0882932804524894">
        <ele>358.0</ele>
      </trkpt>
      <trkpt lat="44.103226701821086" lon="3.0881390532044235">
        <ele>358.0</ele>
      </trkpt>
      <trkpt lat="44.10314195508742" lon="3.0879848264157763">
        <ele>358.0</ele>
      </trkpt>
      <trkpt lat="44.10314195179924" lon="3.0879848202163727">
        <ele>358.0</ele>
      </trkpt>
    </trkseg>
  </trk>
</gpx>