<?xml version="1.0" encoding="UTF-8"?>
<gpx xmlns="http://www.topografix.com/GPX/1/1" xmlns:xsi="http://www.w3.org/2001/XMLSchema-instance" xsi:schemaLocation="http://www.topografix.com/GPX/1/1 http://www.topografix.com/GPX/1/1/gpx.xsd" version="1.1" creator="gpx.py -- https://github.com/tkrajina/gpxpy">
  <wpt lat="44.096361826446525" lon="3.0931062530726194">
    <ele>360.0</ele>
    <name>Archéologie: Site archéologique de la Graufesenque</name>
    <desc>&lt;p&gt;Dans la plaine alluviale de la Graufesenque, des fouilles ont mis au jour les restes d'une agglom&amp;eacute;ration gallo-romaine appel&amp;eacute;e Condatomagus (signifiant le march&amp;eacute; du confluent).&lt;/p&gt;
&lt;p&gt;Au Ier si&amp;egrave;cle de notre &amp;egrave;re, plus de 600 ateliers de potiers fabriquaient l&amp;agrave; de la vaisselle en terre cuite rouge, dite sigil&amp;eacute;e, qui &amp;eacute;tait export&amp;eacute;e dans tout l'empire romain. Millau &amp;eacute;tait alors la capitale de la c&amp;eacute;ramique antique.&lt;/p&gt;</desc>
  </wpt>
  <wpt lat="44.03423355327655" lon="3.0473649501800546">
    <ele>723.0</ele>
    <name>Architecture: Ferme fortifiée des Brouzes</name>
    <desc>Datant de la fin du XV&amp;deg;s et du XVII&amp;deg;s., la ferme fortifi&amp;eacute;e des Brouzes est d&amp;eacute;ploy&amp;eacute;e en rectangle, compos&amp;eacute;e de 3 cours et de plusieurs b&amp;acirc;timents: b&amp;acirc;timent avec loggia &amp;agrave; arcades, ailes vout&amp;eacute;es, tour du pigeonnier, four &amp;agrave; pain, &amp;eacute;table avec meutri&amp;egrave;res. Cette ferme a appartenu &amp;agrave; diff&amp;eacute;rentes familles et fut inhabit&amp;eacute;e de 1922 et 1970, p&amp;eacute;riode durant laquelle elle a &amp;eacute;t&amp;eacute; pill&amp;eacute;e. Dans les ann&amp;eacute;es 70, un coup de coeur pousse un couple d'artistes &amp;agrave; racheter la ferme et &amp;agrave; la restaurer. L'&amp;eacute;difice est class&amp;eacute; Monument Historique depuis 1990. &lt;em&gt;Propri&amp;eacute;t&amp;eacute; priv&amp;eacute;e.&lt;/em&gt;</desc>
  </wpt>
  <wpt lat="44.08166631145052" lon="3.021832332015038">
    <ele>487.0</ele>
    <name>Architecture: Viaduc de Millau</name>
    <desc>&lt;p&gt;343 m de haut (une vingtaine de plus que la Tour Eiffel) pour 2.5 km de long. 3600 tonnes d'acier pour son tablier.&lt;/p&gt;
&lt;p&gt;Une prouesse technique, un ouvrage d'art contemporain class&amp;eacute; "Grands Sites de Midi-Pyr&amp;eacute;nn&amp;eacute;es".&lt;/p&gt;
&lt;p&gt;Des visites insolites : Jardins des explorateurs et d&amp;eacute;couverte de la pile P2, parcours en cano&amp;euml;, en barque avec les Bateliers du Viaduc. &amp;agrave; pied, en Quad, en parapente ...&lt;/p&gt;</desc>
  </wpt>
  <trk>
    <name>[Itinéraire] Gravel N°10 - Ascension sur le Larzac depuis Millau</name>
    <desc>&lt;ol&gt;
&lt;li&gt;Au d&amp;eacute;part de Millau, vous atteindrez le plateau Larzac par la superbe mont&amp;eacute;e vers l'aire de Brunas et son point de vue incomparable sur le Viaduc.&lt;/li&gt;
&lt;li&gt;Le parcours se poursuit ensuite en empruntant les belles pistes du Larzac (apr&amp;egrave;s Devez-Nouvel Km 14, levez la t&amp;ecirc;te vous apercevrez certainement des vautours).&lt;/li&gt;
&lt;li&gt;Une fois pass&amp;eacute; le Castel Mus, la descente vers St Georges de Luzen&amp;ccedil;on se fera par le cirque de St-Geniez-de-Bertrand, et enfin longer le Tarn pour un retour tranquille &amp;agrave; Millau.&lt;/li&gt;
&lt;/ol&gt;
&lt;br /&gt;Point D'int&amp;eacute;r&amp;ecirc;ts :&amp;nbsp;&lt;br /&gt;
&lt;ul&gt;
&lt;li&gt;Cap de Costes-Brunas (Point de Vue) Km 10&lt;/li&gt;
&lt;li&gt;St Georges dce Luzen&amp;ccedil;on (Ravitaillement) Km 32&lt;/li&gt;
&lt;/ul&gt;
Particularit&amp;eacute; :&amp;nbsp;&lt;br /&gt;
&lt;ul&gt;
&lt;li&gt;La descente sur St Georges de Luzen&amp;ccedil;on demande beaucoup d'attention Km 22&amp;nbsp;&lt;/li&gt;
&lt;/ul&gt;
54% de routes et 46% de chemins&lt;br /&gt;&lt;br /&gt;Temps de roulage en fonction de votre niveau : 2h &amp;agrave; 3hModifié: 6 jours</desc>
    <trkseg>
      <trkpt lat="44.10307131031751" lon="3.0878516363252477">
        <ele>359.0</ele>
      </trkpt>
      <trkpt lat="44.102949348526664" lon="3.087978959083557">
        <ele>359.0</ele>
      </trkpt>
      <trkpt lat="44.10284148857865" lon="3.088021874427795">
        <ele>359.0</ele>
      </trkpt>
      <trkpt lat="44.102794391695525" lon="3.0880505683846655">
        <ele>359.0</ele>
      </trkpt>
      <trkpt lat="44.10271821982553" lon="3.0880969762802115">
        <ele>359.0</ele>
      </trkpt>
      <trkpt lat="44.10279141067864" lon="3.088225722312927">
        <ele>359.0</ele>
      </trkpt>
      <trkpt lat="44.10289156643602" lon="3.08840274810791">
        <ele>358.0</ele>
      </trkpt>
      <trkpt lat="44.10297246134692" lon="3.0885905027389526">
        <ele>358.0</ele>
      </trkpt>
      <trkpt lat="44.103034095490514" lon="3.0888372659683228">
        <ele>358.0</ele>
      </trkpt>
      <trkpt lat="44.103099581697634" lon="3.0891323089599605">
        <ele>358.0</ele>
      </trkpt>
      <trkpt lat="44.10312654668945" lon="3.0892878770090992">
        <ele>358.0</ele>
      </trkpt>
      <trkpt lat="44.103153511460796" lon="3.0894434452056876">
        <ele>358.0</ele>
      </trkpt>
      <trkpt lat="44.103195884811605" lon="3.089711666107178">
        <ele>358.0</ele>
      </trkpt>
      <trkpt lat="44.10321514541559" lon="3.0899423360824585">
        <ele>358.0</ele>
      </trkpt>
      <trkpt lat="44.103188180568296" lon="3.090156912803649">
        <ele>359.0</ele>
      </trkpt>
      <trkpt lat="44.103130398711144" lon="3.0903768539428698">
        <ele>359.0</ele>
      </trkpt>
      <trkpt lat="44.10303409549052" lon="3.0905967950820927">
        <ele>359.0</ele>
      </trkpt>
      <trkpt lat="44.10292238355797" lon="3.0908113718032846">
        <ele>359.0</ele>
      </trkpt>
      <trkpt lat="44.10282030178023" lon="3.0910071730613717">
        <ele>359.0</ele>
      </trkpt>
      <trkpt lat="44.102787558531034" lon="3.091084957122803">
        <ele>359.0</ele>
      </trkpt>
      <trkpt lat="44.102643102803164" lon="3.0910339951515193">
        <ele>359.0</ele>
      </trkpt>
      <trkpt lat="44.1025847297449" lon="3.091020988935869">
        <ele>359.0</ele>
      </trkpt>
      <trkpt lat="44.10254679878873" lon="3.0910125374794006">
        <ele>358.0</ele>
      </trkpt>
      <trkpt lat="44.10246012504154" lon="3.09098571538925">
        <ele>358.0</ele>
      </trkpt>
      <trkpt lat="44.10240812073228" lon="3.091055452823638">
        <ele>358.0</ele>
      </trkpt>
      <trkpt lat="44.10231952069258" lon="3.0910956859588623">
        <ele>358.0</ele>
      </trkpt>
      <trkpt lat="44.102319243941565" lon="3.0910958104710597">
        <ele>357.0</ele>
      </trkpt>
      <trkpt lat="44.102194324757946" lon="3.091152012348174">
        <ele>357.0</ele>
      </trkpt>
      <trkpt lat="44.102003641209656" lon="3.091267347335816">
        <ele>357.0</ele>
      </trkpt>
      <trkpt lat="44.10180140041055" lon="3.0913692712783813">
        <ele>357.0</ele>
      </trkpt>
      <trkpt lat="44.10176095216771" lon="3.091369271278381">
        <ele>357.0</ele>
      </trkpt>
      <trkpt lat="44.101662720605674" lon="3.0913290381431584">
        <ele>357.0</ele>
      </trkpt>
      <trkpt lat="44.10156641499416" lon="3.091294169425964">
        <ele>357.0</ele>
      </trkpt>
      <trkpt lat="44.10152981882066" lon="3.091267347335816">
        <ele>357.0</ele>
      </trkpt>
      <trkpt lat="44.10148551815926" lon="3.0911949276924133">
        <ele>357.0</ele>
      </trkpt>
      <trkpt lat="44.10141232568979" lon="3.0911037325859074">
        <ele>357.0</ele>
      </trkpt>
      <trkpt lat="44.10134491149271" lon="3.091173470020294">
        <ele>358.0</ele>
      </trkpt>
      <trkpt lat="44.10121586124389" lon="3.091331720352173">
        <ele>358.0</ele>
      </trkpt>
      <trkpt lat="44.10108681071339" lon="3.091449737548829">
        <ele>358.0</ele>
      </trkpt>
      <trkpt lat="44.10091923721579" lon="3.091570436954497">
        <ele>358.0</ele>
      </trkpt>
      <trkpt lat="44.10085952700429" lon="3.0916106700897203">
        <ele>358.0</ele>
      </trkpt>
      <trkpt lat="44.10080752128706" lon="3.091747462749479">
        <ele>358.0</ele>
      </trkpt>
      <trkpt lat="44.100780555341615" lon="3.091844022274017">
        <ele>358.0</ele>
      </trkpt>
      <trkpt lat="44.10076899850409" lon="3.0919781327247615">
        <ele>358.0</ele>
      </trkpt>
      <trkpt lat="44.10075358938385" lon="3.092109560966492">
        <ele>358.0</ele>
      </trkpt>
      <trkpt lat="44.100699657431434" lon="3.0922356247901917">
        <ele>358.0</ele>
      </trkpt>
      <trkpt lat="44.100586014942074" lon="3.0924099683761592">
        <ele>358.0</ele>
      </trkpt>
      <trkpt lat="44.100505116765696" lon="3.0925440788269043">
        <ele>358.0</ele>
      </trkpt>
      <trkpt lat="44.10047429838373" lon="3.092584311962128">
        <ele>358.0</ele>
      </trkpt>
      <trkpt lat="44.100354877001685" lon="3.0926808714866634">
        <ele>358.0</ele>
      </trkpt>
      <trkpt lat="44.100254716946864" lon="3.092753291130065">
        <ele>358.0</ele>
      </trkpt>
      <trkpt lat="44.10020463685584" lon="3.0928364396095267">
        <ele>359.0</ele>
      </trkpt>
      <trkpt lat="44.100129516639775" lon="3.09300810098648">
        <ele>359.0</ele>
      </trkpt>
      <trkpt lat="44.10001587305453" lon="3.0931717157363883">
        <ele>359.0</ele>
      </trkpt>
      <trkpt lat="44.099913786257865" lon="3.0932548642158495">
        <ele>359.0</ele>
      </trkpt>
      <trkpt lat="44.0997423570895" lon="3.0933085083961487">
        <ele>359.0</ele>
      </trkpt>
      <trkpt lat="44.099674940988294" lon="3.0933353304862976">
        <ele>360.0</ele>
      </trkpt>
      <trkpt lat="44.099701907437996" lon="3.0934694409370422">
        <ele>360.0</ele>
      </trkpt>
      <trkpt lat="44.09973080004903" lon="3.0936008691787715">
        <ele>360.0</ele>
      </trkpt>
      <trkpt lat="44.09974235708946" lon="3.09373766183853">
        <ele>360.0</ele>
      </trkpt>
      <trkpt lat="44.09969420273931" lon="3.09387445449829">
        <ele>360.0</ele>
      </trkpt>
      <trkpt lat="44.09960174627702" lon="3.094075620174408">
        <ele>360.0</ele>
      </trkpt>
      <trkpt lat="44.09952855147517" lon="3.0942311882972713">
        <ele>360.0</ele>
      </trkpt>
      <trkpt lat="44.09940912818286" lon="3.0942419171333304">
        <ele>360.0</ele>
      </trkpt>
      <trkpt lat="44.09934171170197" lon="3.094247281551361">
        <ele>359.0</ele>
      </trkpt>
      <trkpt lat="44.09927622133224" lon="3.0940943956375144">
        <ele>359.0</ele>
      </trkpt>
      <trkpt lat="44.09918569040775" lon="3.093855679035188">
        <ele>359.0</ele>
      </trkpt>
      <trkpt lat="44.09911442128452" lon="3.093737661838531">
        <ele>359.0</ele>
      </trkpt>
      <trkpt lat="44.099018111522085" lon="3.093665242195129">
        <ele>359.0</ele>
      </trkpt>
      <trkpt lat="44.09900923562844" lon="3.0936592754832315">
        <ele>359.0</ele>
      </trkpt>
      <trkpt lat="44.09890639191793" lon="3.0935901401952624">
        <ele>359.0</ele>
      </trkpt>
      <trkpt lat="44.098794672269065" lon="3.0935150384902963">
        <ele>359.0</ele>
      </trkpt>
      <trkpt lat="44.09866369024542" lon="3.093413114547731">
        <ele>359.0</ele>
      </trkpt>
      <trkpt lat="44.098553896266786" lon="3.0932924151420598">
        <ele>359.0</ele>
      </trkpt>
      <trkpt lat="44.09846432731507" lon="3.0931971965721528">
        <ele>359.0</ele>
      </trkpt>
      <trkpt lat="44.09837475828498" lon="3.0931019783020024">
        <ele>359.0</ele>
      </trkpt>
      <trkpt lat="44.09825533266224" lon="3.0929812788963327">
        <ele>359.0</ele>
      </trkpt>
      <trkpt lat="44.09807812000334" lon="3.0928337574005127">
        <ele>359.0</ele>
      </trkpt>
      <trkpt lat="44.09790090681337" lon="3.0926862359046945">
        <ele>359.0</ele>
      </trkpt>
      <trkpt lat="44.09776221785938" lon="3.092568218708037">
        <ele>358.0</ele>
      </trkpt>
      <trkpt lat="44.09760619239732" lon="3.0924180150032043">
        <ele>358.0</ele>
      </trkpt>
      <trkpt lat="44.097477133988" lon="3.09229999780655">
        <ele>358.0</ele>
      </trkpt>
      <trkpt lat="44.097336517788484" lon="3.0922195315361036">
        <ele>358.0</ele>
      </trkpt>
      <trkpt lat="44.097249836402995" lon="3.0921551585197444">
        <ele>358.0</ele>
      </trkpt>
      <trkpt lat="44.097080325770854" lon="3.092039823532105">
        <ele>358.0</ele>
      </trkpt>
      <trkpt lat="44.09693778236317" lon="3.0919432640075692">
        <ele>358.0</ele>
      </trkpt>
      <trkpt lat="44.096795238611854" lon="3.091884255409241">
        <ele>358.0</ele>
      </trkpt>
      <trkpt lat="44.09659105372078" lon="3.0917957425117497">
        <ele>358.0</ele>
      </trkpt>
      <trkpt lat="44.09640420466489" lon="3.0917045474052425">
        <ele>359.0</ele>
      </trkpt>
      <trkpt lat="44.0962828486717" lon="3.0916321276073995">
        <ele>359.0</ele>
      </trkpt>
      <trkpt lat="44.09616149263863" lon="3.091559708118439">
        <ele>359.0</ele>
      </trkpt>
      <trkpt lat="44.096072883237824" lon="3.091498017311096">
        <ele>360.0</ele>
      </trkpt>
      <trkpt lat="44.09593611629359" lon="3.091425597667694">
        <ele>360.0</ele>
      </trkpt>
      <trkpt lat="44.0957935701276" lon="3.091350495815277">
        <ele>361.0</ele>
      </trkpt>
      <trkpt lat="44.095660655149715" lon="3.091331720352173">
        <ele>361.0</ele>
      </trkpt>
      <trkpt lat="44.095508476764735" lon="3.0911707878112784">
        <ele>361.0</ele>
      </trkpt>
      <trkpt lat="44.09537170851506" lon="3.0909991264343257">
        <ele>362.0</ele>
      </trkpt>
      <trkpt lat="44.09526672419935" lon="3.090871721271075">
        <ele>362.0</ele>
      </trkpt>
      <trkpt lat="44.09516173974151" lon="3.090744316577912">
        <ele>362.0</ele>
      </trkpt>
      <trkpt lat="44.09507216565742" lon="3.090642392474913">
        <ele>362.0</ele>
      </trkpt>
      <trkpt lat="44.09498259148288" lon="3.09054046869278">
        <ele>362.0</ele>
      </trkpt>
      <trkpt lat="44.094877606460166" lon="3.0904278157063265">
        <ele>362.0</ele>
      </trkpt>
      <trkpt lat="44.09477262132763" lon="3.090315163135528">
        <ele>363.0</ele>
      </trkpt>
      <trkpt lat="44.094622366997356" lon="3.090178370475769">
        <ele>363.0</ele>
      </trkpt>
      <trkpt lat="44.09450486013986" lon="3.090108633041382">
        <ele>363.0</ele>
      </trkpt>
      <trkpt lat="44.09432763624074" lon="3.0899906158447266">
        <ele>364.0</ele>
      </trkpt>
      <trkpt lat="44.094203386459" lon="3.089904784968852">
        <ele>365.0</ele>
      </trkpt>
      <trkpt lat="44.09407913661843" lon="3.089818954467774">
        <ele>365.0</ele>
      </trkpt>
      <trkpt lat="44.093976076337555" lon="3.089726418089177">
        <ele>366.0</ele>
      </trkpt>
      <trkpt lat="44.093873015984315" lon="3.0896338820457463">
        <ele>367.0</ele>
      </trkpt>
      <trkpt lat="44.0937516548264" lon="3.0895252523489813">
        <ele>368.0</ele>
      </trkpt>
      <trkpt lat="44.093630293568836" lon="3.0894166231155404">
        <ele>369.0</ele>
      </trkpt>
      <trkpt lat="44.09346847807171" lon="3.0892825126647954">
        <ele>370.0</ele>
      </trkpt>
      <trkpt lat="44.093368306312655" lon="3.0891792474359514">
        <ele>371.0</ele>
      </trkpt>
      <trkpt lat="44.09326813446173" lon="3.0890759825706464">
        <ele>372.0</ele>
      </trkpt>
      <trkpt lat="44.09315158804381" lon="3.088966011775822">
        <ele>372.0</ele>
      </trkpt>
      <trkpt lat="44.09303504152292" lon="3.0888560414314266">
        <ele>372.0</ele>
      </trkpt>
      <trkpt lat="44.09285396042402" lon="3.0886736512184148">
        <ele>373.0</ele>
      </trkpt>
      <trkpt lat="44.09271911243694" lon="3.0885046720504774">
        <ele>373.0</ele>
      </trkpt>
      <trkpt lat="44.09261893944757" lon="3.0883517861366276">
        <ele>373.0</ele>
      </trkpt>
      <trkpt lat="44.09247831169534" lon="3.0881184339523324">
        <ele>373.0</ele>
      </trkpt>
      <trkpt lat="44.09240896094001" lon="3.0879843233381576">
        <ele>373.0</ele>
      </trkpt>
      <trkpt lat="44.09233961002313" lon="3.087850213050842">
        <ele>372.0</ele>
      </trkpt>
      <trkpt lat="44.09223173071989" lon="3.087667822837828">
        <ele>372.0</ele>
      </trkpt>
      <trkpt lat="44.09219705518785" lon="3.0875605344772343">
        <ele>371.0</ele>
      </trkpt>
      <trkpt lat="44.09217393815503" lon="3.087447881698607">
        <ele>370.0</ele>
      </trkpt>
      <trkpt lat="44.092181643833605" lon="3.0872386693954468">
        <ele>369.0</ele>
      </trkpt>
      <trkpt lat="44.092220172373445" lon="3.08704286826992">
        <ele>368.0</ele>
      </trkpt>
      <trkpt lat="44.09225870056417" lon="3.0868470668792733">
        <ele>367.0</ele>
      </trkpt>
      <trkpt lat="44.092283744096655" lon="3.0866834522013646">
        <ele>366.0</ele>
      </trkpt>
      <trkpt lat="44.09230878738514" lon="3.086519837379455">
        <ele>365.0</ele>
      </trkpt>
      <trkpt lat="44.09232419870618" lon="3.086208701133727">
        <ele>364.0</ele>
      </trkpt>
      <trkpt lat="44.0923877706055" lon="3.0859619381800076">
        <ele>364.0</ele>
      </trkpt>
      <trkpt lat="44.09245134195124" lon="3.085715174674986">
        <ele>363.0</ele>
      </trkpt>
      <trkpt lat="44.09252261925575" lon="3.0855086448395115">
        <ele>363.0</ele>
      </trkpt>
      <trkpt lat="44.09259389617371" lon="3.085302114486693">
        <ele>362.0</ele>
      </trkpt>
      <trkpt lat="44.092670952367115" lon="3.085100948810577">
        <ele>362.0</ele>
      </trkpt>
      <trkpt lat="44.09277305166867" lon="3.0849239230155954">
        <ele>362.0</ele>
      </trkpt>
      <trkpt lat="44.09285396042401" lon="3.084720075130463">
        <ele>362.0</ele>
      </trkpt>
      <trkpt lat="44.09288285638125" lon="3.08453768491745">
        <ele>362.0</ele>
      </trkpt>
      <trkpt lat="44.09288092998456" lon="3.0842909216880803">
        <ele>362.0</ele>
      </trkpt>
      <trkpt lat="44.09288011589551" lon="3.0842862331182226">
        <ele>362.0</ele>
      </trkpt>
      <trkpt lat="44.092838549241065" lon="3.0840468406677237">
        <ele>362.0</ele>
      </trkpt>
      <trkpt lat="44.09277112526841" lon="3.0838483572006226">
        <ele>362.0</ele>
      </trkpt>
      <trkpt lat="44.092674805174134" lon="3.0837196111679073">
        <ele>363.0</ele>
      </trkpt>
      <trkpt lat="44.09255922085393" lon="3.0836150050163265">
        <ele>363.0</ele>
      </trkpt>
      <trkpt lat="44.092393549601006" lon="3.0834916234016414">
        <ele>364.0</ele>
      </trkpt>
      <trkpt lat="44.092206687282065" lon="3.0833333730697636">
        <ele>364.0</ele>
      </trkpt>
      <trkpt lat="44.09211614551213" lon="3.0832287667517564">
        <ele>365.0</ele>
      </trkpt>
      <trkpt lat="44.092025603646775" lon="3.0831241607666016">
        <ele>365.0</ele>
      </trkpt>
      <trkpt lat="44.09194854661254" lon="3.082998096942901">
        <ele>365.0</ele>
      </trkpt>
      <trkpt lat="44.091863783758875" lon="3.082711100578307">
        <ele>365.0</ele>
      </trkpt>
      <trkpt lat="44.09182332871794" lon="3.0825287103652954">
        <ele>364.0</ele>
      </trkpt>
      <trkpt lat="44.091894606628934" lon="3.0825126171112056">
        <ele>364.0</ele>
      </trkpt>
      <trkpt lat="44.09204679431371" lon="3.082544803619385">
        <ele>363.0</ele>
      </trkpt>
      <trkpt lat="44.09217393815515" lon="3.082504570484161">
        <ele>362.0</ele>
      </trkpt>
      <trkpt lat="44.09227025906518" lon="3.0824911594390874">
        <ele>362.0</ele>
      </trkpt>
      <trkpt lat="44.09240510807568" lon="3.0824831128120427">
        <ele>361.0</ele>
      </trkpt>
      <trkpt lat="44.09247060605555" lon="3.0824214220046997">
        <ele>360.0</ele>
      </trkpt>
      <trkpt lat="44.09258426414256" lon="3.0822417140007023">
        <ele>360.0</ele>
      </trkpt>
      <trkpt lat="44.092697922011176" lon="3.082078099250794">
        <ele>360.0</ele>
      </trkpt>
      <trkpt lat="44.09277883086926" lon="3.081960082054138">
        <ele>359.0</ele>
      </trkpt>
      <trkpt lat="44.09281735885803" lon="3.0819010734558097">
        <ele>359.0</ele>
      </trkpt>
      <trkpt lat="44.09295220662106" lon="3.081769645214081">
        <ele>359.0</ele>
      </trkpt>
      <trkpt lat="44.093031188739474" lon="3.0815953016281123">
        <ele>359.0</ele>
      </trkpt>
      <trkpt lat="44.093114023530774" lon="3.0813378095626835">
        <ele>359.0</ele>
      </trkpt>
      <trkpt lat="44.09316218323989" lon="3.081091046333313">
        <ele>359.0</ele>
      </trkpt>
      <trkpt lat="44.093201674288764" lon="3.080922067282636">
        <ele>359.0</ele>
      </trkpt>
      <trkpt lat="44.09324116507789" lon="3.0807530879974365">
        <ele>359.0</ele>
      </trkpt>
      <trkpt lat="44.093261547272306" lon="3.080646666376603">
        <ele>359.0</ele>
      </trkpt>
      <trkpt lat="44.09329510383345" lon="3.0804714560508724">
        <ele>359.0</ele>
      </trkpt>
      <trkpt lat="44.09325657615591" lon="3.0803883075714107">
        <ele>359.0</ele>
      </trkpt>
      <trkpt lat="44.09319493181967" lon="3.080267608165742">
        <ele>359.0</ele>
      </trkpt>
      <trkpt lat="44.093187226273116" lon="3.080010116100311">
        <ele>359.0</ele>
      </trkpt>
      <trkpt lat="44.093188189646284" lon="3.0798116326365683">
        <ele>359.0</ele>
      </trkpt>
      <trkpt lat="44.09318915265986" lon="3.0796131491661067">
        <ele>359.0</ele>
      </trkpt>
      <trkpt lat="44.09318144711253" lon="3.0793315172195435">
        <ele>359.0</ele>
      </trkpt>
      <trkpt lat="44.09316796240233" lon="3.079041838645934">
        <ele>359.0</ele>
      </trkpt>
      <trkpt lat="44.09315062491328" lon="3.0788728594779973">
        <ele>359.0</ele>
      </trkpt>
      <trkpt lat="44.09313714019607" lon="3.0786877870559697">
        <ele>359.0</ele>
      </trkpt>
      <trkpt lat="44.09312847157939" lon="3.0785174667575794">
        <ele>359.0</ele>
      </trkpt>
      <trkpt lat="44.09311980269799" lon="3.0783471465110788">
        <ele>359.0</ele>
      </trkpt>
      <trkpt lat="44.09310053880526" lon="3.078111112117768">
        <ele>359.0</ele>
      </trkpt>
      <trkpt lat="44.09304852626356" lon="3.077893853187562">
        <ele>359.0</ele>
      </trkpt>
      <trkpt lat="44.09298688171043" lon="3.0776095390319833">
        <ele>359.0</ele>
      </trkpt>
      <trkpt lat="44.092936795463686" lon="3.0774298310279846">
        <ele>359.0</ele>
      </trkpt>
      <trkpt lat="44.09288670917456" lon="3.077199161052704">
        <ele>359.0</ele>
      </trkpt>
      <trkpt lat="44.09283084364817" lon="3.0769738554954533">
        <ele>359.0</ele>
      </trkpt>
      <trkpt lat="44.09276919886817" lon="3.07678073644638">
        <ele>359.0</ele>
      </trkpt>
      <trkpt lat="44.092678657981025" lon="3.0765473842620845">
        <ele>359.0</ele>
      </trkpt>
      <trkpt lat="44.09264398271092" lon="3.0764240026474003">
        <ele>359.0</ele>
      </trkpt>
      <trkpt lat="44.092642056306445" lon="3.0763596296310416">
        <ele>359.0</ele>
      </trkpt>
      <trkpt lat="44.092617013042386" lon="3.0762818455696115">
        <ele>359.0</ele>
      </trkpt>
      <trkpt lat="44.092565000075396" lon="3.0761370062828073">
        <ele>359.0</ele>
      </trkpt>
      <trkpt lat="44.092497575790865" lon="3.076008260250092">
        <ele>359.0</ele>
      </trkpt>
      <trkpt lat="44.09241281372414" lon="3.0758821964263916">
        <ele>359.0</ele>
      </trkpt>
      <trkpt lat="44.092368908783655" lon="3.0758086135366343">
        <ele>359.0</ele>
      </trkpt>
      <trkpt lat="44.09230878738525" lon="3.0757078528404236">
        <ele>359.0</ele>
      </trkpt>
      <trkpt lat="44.09222404327084" lon="3.0754638242943457">
        <ele>359.0</ele>
      </trkpt>
      <trkpt lat="44.092224025047926" lon="3.0754637718200684">
        <ele>359.0</ele>
      </trkpt>
      <trkpt lat="44.09214311543083" lon="3.0752679705619808">
        <ele>359.0</ele>
      </trkpt>
      <trkpt lat="44.0920545000088" lon="3.075061440467835">
        <ele>359.0</ele>
      </trkpt>
      <trkpt lat="44.0919581787474" lon="3.074873685836792">
        <ele>359.0</ele>
      </trkpt>
      <trkpt lat="44.091895995156364" lon="3.0747471462582854">
        <ele>359.0</ele>
      </trkpt>
      <trkpt lat="44.0918580044691" lon="3.074669837951661">
        <ele>359.0</ele>
      </trkpt>
      <trkpt lat="44.091763609418" lon="3.074474036368803">
        <ele>359.0</ele>
      </trkpt>
      <trkpt lat="44.09166921402183" lon="3.0742782354354867">
        <ele>359.0</ele>
      </trkpt>
      <trkpt lat="44.09159023013672" lon="3.074125349309451">
        <ele>359.0</ele>
      </trkpt>
      <trkpt lat="44.09151124604168" lon="3.0739724636077885">
        <ele>359.0</ele>
      </trkpt>
      <trkpt lat="44.09142840905977" lon="3.0738142130455657">
        <ele>359.0</ele>
      </trkpt>
      <trkpt lat="44.091345571853054" lon="3.0736559629440308">
        <ele>359.0</ele>
      </trkpt>
      <trkpt lat="44.091256955337734" lon="3.073462843594248">
        <ele>359.0</ele>
      </trkpt>
      <trkpt lat="44.09116833848631" lon="3.0732697248458867">
        <ele>358.0</ele>
      </trkpt>
      <trkpt lat="44.09107586869283" lon="3.0730658769607553">
        <ele>358.0</ele>
      </trkpt>
      <trkpt lat="44.09101422215332" lon="3.072915673093218">
        <ele>358.0</ele>
      </trkpt>
      <trkpt lat="44.090952575409986" lon="3.0727654695510864">
        <ele>358.0</ele>
      </trkpt>
      <trkpt lat="44.090875516977626" lon="3.072652816772462">
        <ele>358.0</ele>
      </trkpt>
      <trkpt lat="44.09083313479709" lon="3.072491884231568">
        <ele>358.0</ele>
      </trkpt>
      <trkpt lat="44.09079460551564" lon="3.0722719430923453">
        <ele>358.0</ele>
      </trkpt>
      <trkpt lat="44.09073681154648" lon="3.072153925895691">
        <ele>358.0</ele>
      </trkpt>
      <trkpt lat="44.09066360577109" lon="3.0718588829040527">
        <ele>358.0</ele>
      </trkpt>
      <trkpt lat="44.09062892944353" lon="3.071687221422506">
        <ele>358.0</ele>
      </trkpt>
      <trkpt lat="44.09059425284765" lon="3.071515560150147">
        <ele>358.0</ele>
      </trkpt>
      <trkpt lat="44.09055957645164" lon="3.0713626741431432">
        <ele>358.0</ele>
      </trkpt>
      <trkpt lat="44.090524899842926" lon="3.0712097883224487">
        <ele>358.0</ele>
      </trkpt>
      <trkpt lat="44.09047866446125" lon="3.070930838584901">
        <ele>358.0</ele>
      </trkpt>
      <trkpt lat="44.09045939997686" lon="3.070686757481922">
        <ele>358.0</ele>
      </trkpt>
      <trkpt lat="44.090440134948906" lon="3.0704426765441886">
        <ele>358.0</ele>
      </trkpt>
      <trkpt lat="44.09043628199628" lon="3.07017982006073">
        <ele>358.0</ele>
      </trkpt>
      <trkpt lat="44.090451693804944" lon="3.0700725317001334">
        <ele>358.0</ele>
      </trkpt>
      <trkpt lat="44.090442061650194" lon="3.0698499083142194">
        <ele>358.0</ele>
      </trkpt>
      <trkpt lat="44.090432429043126" lon="3.0696272850036626">
        <ele>358.0</ele>
      </trkpt>
      <trkpt lat="44.09041123800411" lon="3.069412708202571">
        <ele>358.0</ele>
      </trkpt>
      <trkpt lat="44.09039004654505" lon="3.069198131561278">
        <ele>359.0</ele>
      </trkpt>
      <trkpt lat="44.09037463486101" lon="3.0690211057183574">
        <ele>359.0</ele>
      </trkpt>
      <trkpt lat="44.09035922289104" lon="3.068844079971314">
        <ele>359.0</ele>
      </trkpt>
      <trkpt lat="44.09033610551119" lon="3.068557083490141">
        <ele>359.0</ele>
      </trkpt>
      <trkpt lat="44.090312987379825" lon="3.0682700872421265">
        <ele>359.0</ele>
      </trkpt>
      <trkpt lat="44.09029564926659" lon="3.0680528282457304">
        <ele>359.0</ele>
      </trkpt>
      <trkpt lat="44.09027831072268" lon="3.0678355693817134">
        <ele>359.0</ele>
      </trkpt>
      <trkpt lat="44.09025583592546" lon="3.067533373594016">
        <ele>359.0</ele>
      </trkpt>
      <trkpt lat="44.09023336029498" lon="3.0672311780450037">
        <ele>359.0</ele>
      </trkpt>
      <trkpt lat="44.090210883831205" lon="3.0669289827346806">
        <ele>359.0</ele>
      </trkpt>
      <trkpt lat="44.09017813383255" lon="3.06669831262666">
        <ele>359.0</ele>
      </trkpt>
      <trkpt lat="44.090145383348805" lon="3.066467642784118">
        <ele>359.0</ele>
      </trkpt>
      <trkpt lat="44.090103964185744" lon="3.0662061272148398">
        <ele>359.0</ele>
      </trkpt>
      <trkpt lat="44.090062544399395" lon="3.065944612026215">
        <ele>359.0</ele>
      </trkpt>
      <trkpt lat="44.0900326839379" lon="3.0657783149800384">
        <ele>359.0</ele>
      </trkpt>
      <trkpt lat="44.09000282322447" lon="3.0656120181083666">
        <ele>359.0</ele>
      </trkpt>
      <trkpt lat="44.089939249004146" lon="3.065418899059294">
        <ele>359.0</ele>
      </trkpt>
      <trkpt lat="44.08986604224155" lon="3.0652552843093854">
        <ele>359.0</ele>
      </trkpt>
      <trkpt lat="44.08979668838289" lon="3.0650407075881962">
        <ele>359.0</ele>
      </trkpt>
      <trkpt lat="44.08973600390338" lon="3.0648086962610175">
        <ele>360.0</ele>
      </trkpt>
      <trkpt lat="44.08967531893456" lon="3.06457668542862">
        <ele>360.0</ele>
      </trkpt>
      <trkpt lat="44.08961463427956" lon="3.0643701551142515">
        <ele>360.0</ele>
      </trkpt>
      <trkpt lat="44.08955394923722" lon="3.064163625240325">
        <ele>360.0</ele>
      </trkpt>
      <trkpt lat="44.08948555832123" lon="3.064018785779469">
        <ele>360.0</ele>
      </trkpt>
      <trkpt lat="44.0894171672163" lon="3.063873946666717">
        <ele>360.0</ele>
      </trkpt>
      <trkpt lat="44.089326621197415" lon="3.063710331916808">
        <ele>360.0</ele>
      </trkpt>
      <trkpt lat="44.08920332426803" lon="3.063482344150543">
        <ele>359.0</ele>
      </trkpt>
      <trkpt lat="44.08903957013626" lon="3.063273131847382">
        <ele>359.0</ele>
      </trkpt>
      <trkpt lat="44.08886618291449" lon="3.063074648380279">
        <ele>359.0</ele>
      </trkpt>
      <trkpt lat="44.08882457599371" lon="3.06302563294374">
        <ele>359.0</ele>
      </trkpt>
      <trkpt lat="44.088715913577715" lon="3.062897622585296">
        <ele>359.0</ele>
      </trkpt>
      <trkpt lat="44.08857334993059" lon="3.062723278125889">
        <ele>358.0</ele>
      </trkpt>
      <trkpt lat="44.08843078601716" lon="3.062548934539923">
        <ele>358.0</ele>
      </trkpt>
      <trkpt lat="44.08828822183737" lon="3.062374591827392">
        <ele>358.0</ele>
      </trkpt>
      <trkpt lat="44.08818611476894" lon="3.0622538922051796">
        <ele>358.0</ele>
      </trkpt>
      <trkpt lat="44.08808400757322" lon="3.0621331930160527">
        <ele>358.0</ele>
      </trkpt>
      <trkpt lat="44.08794433228306" lon="3.061960190110017">
        <ele>358.0</ele>
      </trkpt>
      <trkpt lat="44.08780465673035" lon="3.0617871880531307">
        <ele>358.0</ele>
      </trkpt>
      <trkpt lat="44.0876466784283" lon="3.0616047978401175">
        <ele>358.0</ele>
      </trkpt>
      <trkpt lat="44.087542643661806" lon="3.0615001914973248">
        <ele>358.0</ele>
      </trkpt>
      <trkpt lat="44.08743860880131" lon="3.061395585536956">
        <ele>358.0</ele>
      </trkpt>
      <trkpt lat="44.08728062952158" lon="3.0612856149673457">
        <ele>359.0</ele>
      </trkpt>
      <trkpt lat="44.087172740990596" lon="3.0612561106681815">
        <ele>359.0</ele>
      </trkpt>
      <trkpt lat="44.08711879665133" lon="3.06113541126251">
        <ele>360.0</ele>
      </trkpt>
      <trkpt lat="44.087107237143655" lon="3.060877919197083">
        <ele>361.0</ele>
      </trkpt>
      <trkpt lat="44.08702632054832" lon="3.0607464907684987">
        <ele>361.0</ele>
      </trkpt>
      <trkpt lat="44.08694540379889" lon="3.0606150627136226">
        <ele>362.0</ele>
      </trkpt>
      <trkpt lat="44.08688567947646" lon="3.0606445670127878">
        <ele>362.0</ele>
      </trkpt>
      <trkpt lat="44.0868066891514" lon="3.0606687068939205">
        <ele>363.0</ele>
      </trkpt>
      <trkpt lat="44.08673925830229" lon="3.060620427131654">
        <ele>363.0</ele>
      </trkpt>
      <trkpt lat="44.08668724016581" lon="3.0605936050415035">
        <ele>364.0</ele>
      </trkpt>
      <trkpt lat="44.08663522198393" lon="3.0605024099349976">
        <ele>364.0</ele>
      </trkpt>
      <trkpt lat="44.08657646074753" lon="3.0603347716984914">
        <ele>365.0</ele>
      </trkpt>
      <trkpt lat="44.086517699256476" lon="3.060167133808137">
        <ele>366.0</ele>
      </trkpt>
      <trkpt lat="44.086434855242175" lon="3.060038387588022">
        <ele>367.0</ele>
      </trkpt>
      <trkpt lat="44.08635201108034" lon="3.0599096417427054">
        <ele>368.0</ele>
      </trkpt>
      <trkpt lat="44.08630384582594" lon="3.05993914604187">
        <ele>369.0</ele>
      </trkpt>
      <trkpt lat="44.08614393689932" lon="3.0600491166114816">
        <ele>371.0</ele>
      </trkpt>
      <trkpt lat="44.08600136713044" lon="3.060092031955719">
        <ele>372.0</ele>
      </trkpt>
      <trkpt lat="44.08585109051562" lon="3.060188591480255">
        <ele>373.0</ele>
      </trkpt>
      <trkpt lat="44.0857239330816" lon="3.060282468795777">
        <ele>374.0</ele>
      </trkpt>
      <trkpt lat="44.0856006286426" lon="3.0603843927383423">
        <ele>375.0</ele>
      </trkpt>
      <trkpt lat="44.0855542452929" lon="3.060437376272243">
        <ele>376.0</ele>
      </trkpt>
      <trkpt lat="44.085525489873866" lon="3.0604702234268184">
        <ele>377.0</ele>
      </trkpt>
      <trkpt lat="44.08545420428709" lon="3.0605077743530273">
        <ele>377.0</ele>
      </trkpt>
      <trkpt lat="44.08537906533238" lon="3.060556054115295">
        <ele>378.0</ele>
      </trkpt>
      <trkpt lat="44.08537906533219" lon="3.06069552898407">
        <ele>378.0</ele>
      </trkpt>
      <trkpt lat="44.08540989158164" lon="3.0608591437339783">
        <ele>378.0</ele>
      </trkpt>
      <trkpt lat="44.085427231339864" lon="3.061054944992065">
        <ele>378.0</ele>
      </trkpt>
      <trkpt lat="44.08540218502076" lon="3.0611541867256165">
        <ele>378.0</ele>
      </trkpt>
      <trkpt lat="44.085338605855576" lon="3.061167597770691">
        <ele>377.0</ele>
      </trkpt>
      <trkpt lat="44.0852942930635" lon="3.0612668395042424">
        <ele>377.0</ele>
      </trkpt>
      <trkpt lat="44.08524034701105" lon="3.061425089836121">
        <ele>378.0</ele>
      </trkpt>
      <trkpt lat="44.08520759402669" lon="3.061535060405731">
        <ele>378.0</ele>
      </trkpt>
      <trkpt lat="44.08521722725958" lon="3.0616933107376103">
        <ele>378.0</ele>
      </trkpt>
      <trkpt lat="44.08514979459848" lon="3.0618354678153983">
        <ele>378.0</ele>
      </trkpt>
      <trkpt lat="44.08510355501506" lon="3.061961531639099">
        <ele>379.0</ele>
      </trkpt>
      <trkpt lat="44.085036122224494" lon="3.0620768666267386">
        <ele>379.0</ele>
      </trkpt>
      <trkpt lat="44.08495520277435" lon="3.0622538924217224">
        <ele>380.0</ele>
      </trkpt>
      <trkpt lat="44.084910965567374" lon="3.062350669164013">
        <ele>381.0</ele>
      </trkpt>
      <trkpt lat="44.0849012564127" lon="3.062371909618379">
        <ele>382.0</ele>
      </trkpt>
      <trkpt lat="44.08487620987074" lon="3.062465786933899">
        <ele>383.0</ele>
      </trkpt>
      <trkpt lat="44.08490899999998" lon="3.0626036000000005">
        <ele>384.0</ele>
      </trkpt>
      <trkpt lat="44.084960982738515" lon="3.0626454949378976">
        <ele>384.0</ele>
      </trkpt>
      <trkpt lat="44.08504382883284" lon="3.062669634819031">
        <ele>385.0</ele>
      </trkpt>
      <trkpt lat="44.08511704156365" lon="3.062684051692486">
        <ele>386.0</ele>
      </trkpt>
      <trkpt lat="44.08519025420398" lon="3.0626947805285454">
        <ele>387.0</ele>
      </trkpt>
      <trkpt lat="44.08524034701098" lon="3.062718920409679">
        <ele>388.0</ele>
      </trkpt>
      <trkpt lat="44.08526539339853" lon="3.0627537891268726">
        <ele>389.0</ele>
      </trkpt>
      <trkpt lat="44.085276953266465" lon="3.0628037452697763">
        <ele>390.0</ele>
      </trkpt>
      <trkpt lat="44.08526154010914" lon="3.0628520250320443">
        <ele>390.0</ele>
      </trkpt>
      <trkpt lat="44.08523456707386" lon="3.062890581786632">
        <ele>390.0</ele>
      </trkpt>
      <trkpt lat="44.085194107498346" lon="3.062928132712841">
        <ele>391.0</ele>
      </trkpt>
      <trkpt lat="44.08510162836467" lon="3.0629817768931384">
        <ele>391.0</ele>
      </trkpt>
      <trkpt lat="44.08499951581996" lon="3.063019327819346">
        <ele>392.0</ele>
      </trkpt>
      <trkpt lat="44.08489740309905" lon="3.0630354210734367">
        <ele>392.0</ele>
      </trkpt>
      <trkpt lat="44.08483960336778" lon="3.063053190708161">
        <ele>392.0</ele>
      </trkpt>
      <trkpt lat="44.084799143522126" lon="3.063098788261414">
        <ele>392.0</ele>
      </trkpt>
      <trkpt lat="44.08479905289835" lon="3.0630989499071184">
        <ele>391.0</ele>
      </trkpt>
      <trkpt lat="44.08473749037088" lon="3.063208758831025">
        <ele>391.0</ele>
      </trkpt>
      <trkpt lat="44.084654643847536" lon="3.063181936740876">
        <ele>391.0</ele>
      </trkpt>
      <trkpt lat="44.08455638386698" lon="3.063149079680441">
        <ele>391.0</ele>
      </trkpt>
      <trkpt lat="44.08447161041941" lon="3.0631276220083237">
        <ele>391.0</ele>
      </trkpt>
      <trkpt lat="44.0843945435435" lon="3.0631061643362054">
        <ele>390.0</ele>
      </trkpt>
      <trkpt lat="44.08427508968746" lon="3.06308001279831">
        <ele>390.0</ele>
      </trkpt>
      <trkpt lat="44.084176829076625" lon="3.0630451440811157">
        <ele>390.0</ele>
      </trkpt>
      <trkpt lat="44.084074714935554" lon="3.0629941821098337">
        <ele>390.0</ele>
      </trkpt>
      <trkpt lat="44.08398223405192" lon="3.0629378557205205">
        <ele>390.0</ele>
      </trkpt>
      <trkpt lat="44.08391094660546" lon="3.062900304794312">
        <ele>389.0</ele>
      </trkpt>
      <trkpt lat="44.08383773238183" lon="3.0628708004951486">
        <ele>389.0</ele>
      </trkpt>
      <trkpt lat="44.08377222484185" lon="3.062825202941895">
        <ele>389.0</ele>
      </trkpt>
      <trkpt lat="44.083727910876384" lon="3.0627232789993277">
        <ele>389.0</ele>
      </trkpt>
      <trkpt lat="44.08370864392459" lon="3.062658905982972">
        <ele>389.0</ele>
      </trkpt>
      <trkpt lat="44.08368167018155" lon="3.0625623464584346">
        <ele>389.0</ele>
      </trkpt>
      <trkpt lat="44.08366432991187" lon="3.0624362826347347">
        <ele>390.0</ele>
      </trkpt>
      <trkpt lat="44.08368937696675" lon="3.0622673034667978">
        <ele>391.0</ele>
      </trkpt>
      <trkpt lat="44.083710570620276" lon="3.0621144175529484">
        <ele>391.0</ele>
      </trkpt>
      <trkpt lat="44.083745251127624" lon="3.061923980712891">
        <ele>392.0</ele>
      </trkpt>
      <trkpt lat="44.083762591373805" lon="3.0617281794548026">
        <ele>394.0</ele>
      </trkpt>
      <trkpt lat="44.08378378500108" lon="3.0615484714508057">
        <ele>395.0</ele>
      </trkpt>
      <trkpt lat="44.08379919854362" lon="3.0613848567008985">
        <ele>396.0</ele>
      </trkpt>
      <trkpt lat="44.08382039215781" lon="3.06122660636902">
        <ele>397.0</ele>
      </trkpt>
      <trkpt lat="44.08383195230776" lon="3.0610924959182757">
        <ele>399.0</ele>
      </trkpt>
      <trkpt lat="44.083824245541386" lon="3.0609825253486647">
        <ele>401.0</ele>
      </trkpt>
      <trkpt lat="44.08379919854362" lon="3.0608242750167842">
        <ele>403.0</ele>
      </trkpt>
      <trkpt lat="44.083768371454696" lon="3.060703575611115">
        <ele>405.0</ele>
      </trkpt>
      <trkpt lat="44.083724057486734" lon="3.06056946516037">
        <ele>406.0</ele>
      </trkpt>
      <trkpt lat="44.08369323035886" lon="3.060480952262879">
        <ele>408.0</ele>
      </trkpt>
      <trkpt lat="44.08365469642644" lon="3.0604326725006104">
        <ele>410.0</ele>
      </trkpt>
      <trkpt lat="44.0835930420823" lon="3.0603441596031193">
        <ele>412.0</ele>
      </trkpt>
      <trkpt lat="44.083512120658185" lon="3.060242235660553">
        <ele>414.0</ele>
      </trkpt>
      <trkpt lat="44.08346395309125" lon="3.060191273689271">
        <ele>416.0</ele>
      </trkpt>
      <trkpt lat="44.08339459172599" lon="3.0600437521934514">
        <ele>418.0</ele>
      </trkpt>
      <trkpt lat="44.08334257064867" lon="3.059869408607483">
        <ele>419.0</ele>
      </trkpt>
      <trkpt lat="44.08327154387191" lon="3.059668980678236">
        <ele>421.0</ele>
      </trkpt>
      <trkpt lat="44.08327128243138" lon="3.0596682429313664">
        <ele>422.0</ele>
      </trkpt>
      <trkpt lat="44.083255868751465" lon="3.0595314502716064">
        <ele>423.0</ele>
      </trkpt>
      <trkpt lat="44.08329440294371" lon="3.0593785643577585">
        <ele>424.0</ele>
      </trkpt>
      <trkpt lat="44.08335027747785" lon="3.059249818325042">
        <ele>424.0</ele>
      </trkpt>
      <trkpt lat="44.083406151959174" lon="3.059096932411193">
        <ele>425.0</ele>
      </trkpt>
      <trkpt lat="44.08343890594095" lon="3.058965504169465">
        <ele>426.0</ele>
      </trkpt>
      <trkpt lat="44.0834504661655" lon="3.0588582158088684">
        <ele>427.0</ele>
      </trkpt>
      <trkpt lat="44.083433125827845" lon="3.058681190013885">
        <ele>428.0</ele>
      </trkpt>
      <trkpt lat="44.083415785485116" lon="3.0585309863090515">
        <ele>429.0</ele>
      </trkpt>
      <trkpt lat="44.083348350770635" lon="3.058313727378845">
        <ele>430.0</ele>
      </trkpt>
      <trkpt lat="44.083278989269836" lon="3.058107197284699">
        <ele>431.0</ele>
      </trkpt>
      <trkpt lat="44.083161459874475" lon="3.0579248070716853">
        <ele>432.0</ele>
      </trkpt>
      <trkpt lat="44.083051637113705" lon="3.0577933788299565">
        <ele>433.0</ele>
      </trkpt>
      <trkpt lat="44.08298612870318" lon="3.057704865932464">
        <ele>434.0</ele>
      </trkpt>
      <trkpt lat="44.08295722791078" lon="3.057688772678375">
        <ele>435.0</ele>
      </trkpt>
      <trkpt lat="44.08291869349893" lon="3.057710230350495">
        <ele>436.0</ele>
      </trkpt>
      <trkpt lat="44.08290327972717" lon="3.057753145694732">
        <ele>437.0</ele>
      </trkpt>
      <trkpt lat="44.08294566758986" lon="3.0578255653381348">
        <ele>438.0</ele>
      </trkpt>
      <trkpt lat="44.08298034854585" lon="3.0578899383544926">
        <ele>439.0</ele>
      </trkpt>
      <trkpt lat="44.083005395890275" lon="3.05797040462494">
        <ele>439.0</ele>
      </trkpt>
      <trkpt lat="44.08301888291752" lon="3.0580481886863704">
        <ele>440.0</ele>
      </trkpt>
      <trkpt lat="44.08300732260865" lon="3.0580964684486394">
        <ele>441.0</ele>
      </trkpt>
      <trkpt lat="44.0829167667777" lon="3.0580455064773564">
        <ele>442.0</ele>
      </trkpt>
      <trkpt lat="44.08281657718618" lon="3.0579811334609994">
        <ele>443.0</ele>
      </trkpt>
      <trkpt lat="44.08270482705705" lon="3.05794358253479">
        <ele>445.0</ele>
      </trkpt>
      <trkpt lat="44.08258536978897" lon="3.0579113960266118">
        <ele>446.0</ele>
      </trkpt>
      <trkpt lat="44.08242737754785" lon="3.057892620563507">
        <ele>447.0</ele>
      </trkpt>
      <trkpt lat="44.08227901859585" lon="3.0578738451004033">
        <ele>449.0</ele>
      </trkpt>
      <trkpt lat="44.0821094650523" lon="3.057906031608582">
        <ele>450.0</ele>
      </trkpt>
      <trkpt lat="44.08197844607218" lon="3.0579301714897156">
        <ele>452.0</ele>
      </trkpt>
      <trkpt lat="44.081895007109345" lon="3.0579433708462176">
        <ele>453.0</ele>
      </trkpt>
      <trkpt lat="44.08189366893041" lon="3.05794358253479">
        <ele>455.0</ele>
      </trkpt>
      <trkpt lat="44.08175494243643" lon="3.0579301714897165">
        <ele>456.0</ele>
      </trkpt>
      <trkpt lat="44.081591167684536" lon="3.0579033493995667">
        <ele>458.0</ele>
      </trkpt>
      <trkpt lat="44.08147556170437" lon="3.057881891727448">
        <ele>459.0</ele>
      </trkpt>
      <trkpt lat="44.08132527359241" lon="3.0578765273094186">
        <ele>461.0</ele>
      </trkpt>
      <trkpt lat="44.08121544742304" lon="3.057889938354493">
        <ele>462.0</ele>
      </trkpt>
      <trkpt lat="44.08106515865036" lon="3.057900667190552">
        <ele>463.0</ele>
      </trkpt>
      <trkpt lat="44.08098616055264" lon="3.057887256145477">
        <ele>464.0</ele>
      </trkpt>
      <trkpt lat="44.080845505141994" lon="3.0577853322029127">
        <ele>465.0</ele>
      </trkpt>
      <trkpt lat="44.08070677619023" lon="3.057718276977539">
        <ele>466.0</ele>
      </trkpt>
      <trkpt lat="44.08053721814077" lon="3.0576485395431523">
        <ele>466.0</ele>
      </trkpt>
      <trkpt lat="44.080381147233936" lon="3.057573437690735">
        <ele>466.0</ele>
      </trkpt>
      <trkpt lat="44.080267465696956" lon="3.057522475719452">
        <ele>466.0</ele>
      </trkpt>
      <trkpt lat="44.080186539724" lon="3.057495653629304">
        <ele>466.0</ele>
      </trkpt>
      <trkpt lat="44.08010561364031" lon="3.05758148431778">
        <ele>466.0</ele>
      </trkpt>
      <trkpt lat="44.080026614261406" lon="3.057645857334137">
        <ele>466.0</ele>
      </trkpt>
      <trkpt lat="44.079832005585324" lon="3.0577263236045846">
        <ele>465.0</ele>
      </trkpt>
      <trkpt lat="44.07967400599138" lon="3.0578041076660156">
        <ele>465.0</ele>
      </trkpt>
      <trkpt lat="44.079561286408016" lon="3.0578456819880735">
        <ele>465.0</ele>
      </trkpt>
      <trkpt lat="44.07944856681584" lon="3.0578872561454777">
        <ele>465.0</ele>
      </trkpt>
      <trkpt lat="44.07930116362912" lon="3.0579207838449864">
        <ele>465.0</ele>
      </trkpt>
      <trkpt lat="44.07915376044408" lon="3.05795431137085">
        <ele>466.0</ele>
      </trkpt>
      <trkpt lat="44.07903044231032" lon="3.058024048805237">
        <ele>467.0</ele>
      </trkpt>
      <trkpt lat="44.07889363595498" lon="3.0581018328666696">
        <ele>468.0</ele>
      </trkpt>
      <trkpt lat="44.0787934395504" lon="3.0581688880920406">
        <ele>470.0</ele>
      </trkpt>
      <trkpt lat="44.0786431446254" lon="3.058246672153474">
        <ele>471.0</ele>
      </trkpt>
      <trkpt lat="44.07848899558779" lon="3.0582788586616525">
        <ele>473.0</ele>
      </trkpt>
      <trkpt lat="44.0783348459419" lon="3.058290928634904">
        <ele>476.0</ele>
      </trkpt>
      <trkpt lat="44.078180696307776" lon="3.058302998542785">
        <ele>478.0</ele>
      </trkpt>
      <trkpt lat="44.07798030091439" lon="3.0582976341247554">
        <ele>481.0</ele>
      </trkpt>
      <trkpt lat="44.07777412417628" lon="3.058292269706726">
        <ele>483.0</ele>
      </trkpt>
      <trkpt lat="44.07756601982424" lon="3.058311045169831">
        <ele>485.0</ele>
      </trkpt>
      <trkpt lat="44.07748894395255" lon="3.0583620071411133">
        <ele>487.0</ele>
      </trkpt>
      <trkpt lat="44.0774330638828" lon="3.058404922485352">
        <ele>489.0</ele>
      </trkpt>
      <trkpt lat="44.077361768544804" lon="3.058482706546784">
        <ele>491.0</ele>
      </trkpt>
      <trkpt lat="44.07726927716746" lon="3.0585899949073787">
        <ele>492.0</ele>
      </trkpt>
      <trkpt lat="44.07712090528103" lon="3.0588179826736455">
        <ele>493.0</ele>
      </trkpt>
      <trkpt lat="44.077009144393635" lon="3.059048652648927">
        <ele>494.0</ele>
      </trkpt>
      <trkpt lat="44.07696000817378" lon="3.0592109264343996">
        <ele>495.0</ele>
      </trkpt>
      <trkpt lat="44.076910871714816" lon="3.059373199939728">
        <ele>496.0</ele>
      </trkpt>
      <trkpt lat="44.076878114221955" lon="3.0595301092573948">
        <ele>497.0</ele>
      </trkpt>
      <trkpt lat="44.0768453565049" lon="3.059687018394471">
        <ele>498.0</ele>
      </trkpt>
      <trkpt lat="44.07681259897008" lon="3.0598399043962985">
        <ele>499.0</ele>
      </trkpt>
      <trkpt lat="44.07677984122246" lon="3.059992790222169">
        <ele>500.0</ele>
      </trkpt>
      <trkpt lat="44.07672588740597" lon="3.060287833213806">
        <ele>501.0</ele>
      </trkpt>
      <trkpt lat="44.076725880987766" lon="3.0602879955188196">
        <ele>503.0</ele>
      </trkpt>
      <trkpt lat="44.07671432586748" lon="3.0605801939964303">
        <ele>504.0</ele>
      </trkpt>
      <trkpt lat="44.076749010476206" lon="3.060864508152007">
        <ele>505.0</ele>
      </trkpt>
      <trkpt lat="44.076789475827375" lon="3.0610576272010803">
        <ele>506.0</ele>
      </trkpt>
      <trkpt lat="44.07682801432134" lon="3.061207830804225">
        <ele>507.0</ele>
      </trkpt>
      <trkpt lat="44.07686655261015" lon="3.0613580346107483">
        <ele>508.0</ele>
      </trkpt>
      <trkpt lat="44.07691279863163" lon="3.0615565180778503">
        <ele>509.0</ele>
      </trkpt>
      <trkpt lat="44.07696097153224" lon="3.0616772174835205">
        <ele>510.0</ele>
      </trkpt>
      <trkpt lat="44.07699372908226" lon="3.0617603659629826">
        <ele>511.0</ele>
      </trkpt>
      <trkpt lat="44.0769898752538" lon="3.06181937456131">
        <ele>512.0</ele>
      </trkpt>
      <trkpt lat="44.07696289844746" lon="3.061864972114564">
        <ele>513.0</ele>
      </trkpt>
      <trkpt lat="44.07691857938178" lon="3.061878383159638">
        <ele>514.0</ele>
      </trkpt>
      <trkpt lat="44.07687426028292" lon="3.061827421188355">
        <ele>515.0</ele>
      </trkpt>
      <trkpt lat="44.07683764882839" lon="3.0617630481719975">
        <ele>516.0</ele>
      </trkpt>
      <trkpt lat="44.07677213353738" lon="3.061631619930268">
        <ele>517.0</ele>
      </trkpt>
      <trkpt lat="44.07668734893553" lon="3.0614036321640024">
        <ele>519.0</ele>
      </trkpt>
      <trkpt lat="44.076592929576805" lon="3.061164915561676">
        <ele>520.0</ele>
      </trkpt>
      <trkpt lat="44.07647731383035" lon="3.0610039830207825">
        <ele>521.0</ele>
      </trkpt>
      <trkpt lat="44.076375186399765" lon="3.060765266418457">
        <ele>523.0</ele>
      </trkpt>
      <trkpt lat="44.07630774366027" lon="3.0604997277259836">
        <ele>524.0</ele>
      </trkpt>
      <trkpt lat="44.076248008598256" lon="3.0602449178695688">
        <ele>526.0</ele>
      </trkpt>
      <trkpt lat="44.07614009994628" lon="3.0600249767303476">
        <ele>528.0</ele>
      </trkpt>
      <trkpt lat="44.07599750606859" lon="3.0597916245460515">
        <ele>529.0</ele>
      </trkpt>
      <trkpt lat="44.0758549118473" lon="3.0596897006034856">
        <ele>531.0</ele>
      </trkpt>
      <trkpt lat="44.075770125931086" lon="3.059625662863254">
        <ele>533.0</ele>
      </trkpt>
      <trkpt lat="44.07568533989353" lon="3.059550561010838">
        <ele>535.0</ele>
      </trkpt>
      <trkpt lat="44.07553118315032" lon="3.0594727769494052">
        <ele>537.0</ele>
      </trkpt>
      <trkpt lat="44.075371245104826" lon="3.0594084039330482">
        <ele>539.0</ele>
      </trkpt>
      <trkpt lat="44.0752440651456" lon="3.059392310678959">
        <ele>541.0</ele>
      </trkpt>
      <trkpt lat="44.075140008612024" lon="3.0593869462609296">
        <ele>543.0</ele>
      </trkpt>
      <trkpt lat="44.07498777742775" lon="3.059416450560094">
        <ele>544.0</ele>
      </trkpt>
      <trkpt lat="44.074781590262575" lon="3.059486187994481">
        <ele>546.0</ele>
      </trkpt>
      <trkpt lat="44.07472378064817" lon="3.0594885349273686">
        <ele>547.0</ele>
      </trkpt>
      <trkpt lat="44.074664043987184" lon="3.0594724416732793">
        <ele>548.0</ele>
      </trkpt>
      <trkpt lat="44.074585037342786" lon="3.05939231067896">
        <ele>549.0</ele>
      </trkpt>
      <trkpt lat="44.0745272275363" lon="3.059255518019199">
        <ele>550.0</ele>
      </trkpt>
      <trkpt lat="44.074525300541765" lon="3.059065081179143">
        <ele>551.0</ele>
      </trkpt>
      <trkpt lat="44.07457154839297" lon="3.0588934198021884">
        <ele>552.0</ele>
      </trkpt>
      <trkpt lat="44.0746544090361" lon="3.0587217584252353">
        <ele>552.0</ele>
      </trkpt>
      <trkpt lat="44.074741123538345" lon="3.0585822835564613">
        <ele>553.0</ele>
      </trkpt>
      <trkpt lat="44.07485481569323" lon="3.0584052577614784">
        <ele>553.0</ele>
      </trkpt>
      <trkpt lat="44.07500126628268" lon="3.0581772699952126">
        <ele>554.0</ele>
      </trkpt>
      <trkpt lat="44.07508123588251" lon="3.0580458419381125">
        <ele>555.0</ele>
      </trkpt>
      <trkpt lat="44.075161205328165" lon="3.0579144135117535">
        <ele>555.0</ele>
      </trkpt>
      <trkpt lat="44.07526718879486" lon="3.05773738771677">
        <ele>556.0</ele>
      </trkpt>
      <trkpt lat="44.07533752319889" lon="3.057614006254529">
        <ele>557.0</ele>
      </trkpt>
      <trkpt lat="44.07540785746664" lon="3.0574906244873996">
        <ele>558.0</ele>
      </trkpt>
      <trkpt lat="44.07544446980582" lon="3.0573404207825665">
        <ele>559.0</ele>
      </trkpt>
      <trkpt lat="44.07544446980582" lon="3.0572891235351567">
        <ele>560.0</ele>
      </trkpt>
      <trkpt lat="44.07541749229502" lon="3.057240843772889">
        <ele>561.0</ele>
      </trkpt>
      <trkpt lat="44.07535968330161" lon="3.0572837591171265">
        <ele>561.0</ele>
      </trkpt>
      <trkpt lat="44.07534812149606" lon="3.057396747171878">
        <ele>563.0</ele>
      </trkpt>
      <trkpt lat="44.07530765515927" lon="3.057477213442325">
        <ele>564.0</ele>
      </trkpt>
      <trkpt lat="44.07524791908769" lon="3.0575281754136086">
        <ele>565.0</ele>
      </trkpt>
      <trkpt lat="44.075126519710025" lon="3.057632781788269">
        <ele>566.0</ele>
      </trkpt>
      <trkpt lat="44.075005120240576" lon="3.057737387716771">
        <ele>568.0</ele>
      </trkpt>
      <trkpt lat="44.07487023149005" lon="3.0578755218083495">
        <ele>569.0</ele>
      </trkpt>
      <trkpt lat="44.07473534257536" lon="3.0580136552453046">
        <ele>570.0</ele>
      </trkpt>
      <trkpt lat="44.07459756269422" lon="3.058134354943104">
        <ele>571.0</ele>
      </trkpt>
      <trkpt lat="44.07445978269053" lon="3.058255054056644">
        <ele>573.0</ele>
      </trkpt>
      <trkpt lat="44.07432810426944" lon="3.058376648094505">
        <ele>575.0</ele>
      </trkpt>
      <trkpt lat="44.07419642572291" lon="3.058498241569845">
        <ele>577.0</ele>
      </trkpt>
      <trkpt lat="44.07406474705095" lon="3.0586198344826694">
        <ele>579.0</ele>
      </trkpt>
      <trkpt lat="44.073918294143766" lon="3.058810271322727">
        <ele>581.0</ele>
      </trkpt>
      <trkpt lat="44.0737853300063" lon="3.059008754789829">
        <ele>584.0</ele>
      </trkpt>
      <trkpt lat="44.07363020478892" lon="3.059216626554924">
        <ele>586.0</ele>
      </trkpt>
      <trkpt lat="44.07347507919029" lon="3.0594244971871376">
        <ele>588.0</ele>
      </trkpt>
      <trkpt lat="44.07333825999071" lon="3.0595666542649265">
        <ele>590.0</ele>
      </trkpt>
      <trkpt lat="44.07326310564787" lon="3.059695400297642">
        <ele>592.0</ele>
      </trkpt>
      <trkpt lat="44.07322071084826" lon="3.059877790510654">
        <ele>595.0</ele>
      </trkpt>
      <trkpt lat="44.07318602417143" lon="3.060132600367069">
        <ele>597.0</ele>
      </trkpt>
      <trkpt lat="44.07313592115796" lon="3.060382045805454">
        <ele>599.0</ele>
      </trkpt>
      <trkpt lat="44.07313977523742" lon="3.0605000630021095">
        <ele>600.0</ele>
      </trkpt>
      <trkpt lat="44.07319373232365" lon="3.06059930473566">
        <ele>602.0</ele>
      </trkpt>
      <trkpt lat="44.07326695971907" lon="3.060679771006108">
        <ele>604.0</ele>
      </trkpt>
      <trkpt lat="44.073372946578296" lon="3.0607468262314796">
        <ele>605.0</ele>
      </trkpt>
      <trkpt lat="44.07349242244654" lon="3.060816563665867">
        <ele>607.0</ele>
      </trkpt>
      <trkpt lat="44.07358299270211" lon="3.0608916655182834">
        <ele>608.0</ele>
      </trkpt>
      <trkpt lat="44.07368127090766" lon="3.060998953878879">
        <ele>609.0</ele>
      </trkpt>
      <trkpt lat="44.07376027875851" lon="3.0610338225960727">
        <ele>610.0</ele>
      </trkpt>
      <trkpt lat="44.073926002200565" lon="3.0610660091042514">
        <ele>610.0</ele>
      </trkpt>
      <trkpt lat="44.07412833833195" lon="3.061135746538638">
        <ele>611.0</ele>
      </trkpt>
      <trkpt lat="44.07423046964034" lon="3.0611813440918927">
        <ele>612.0</ele>
      </trkpt>
      <trkpt lat="44.07433452777324" lon="3.0612537637352943">
        <ele>613.0</ele>
      </trkpt>
      <trkpt lat="44.07441931574626" lon="3.0613154545426373">
        <ele>614.0</ele>
      </trkpt>
      <trkpt lat="44.07449639561632" lon="3.061420060694218">
        <ele>614.0</ele>
      </trkpt>
      <trkpt lat="44.07457154839291" lon="3.061583675444127">
        <ele>615.0</ele>
      </trkpt>
      <trkpt lat="44.074629358156145" lon="3.06174997240305">
        <ele>615.0</ele>
      </trkpt>
      <trkpt lat="44.07465826301658" lon="3.0618974938988686">
        <ele>616.0</ele>
      </trkpt>
      <trkpt lat="44.07467945990526" lon="3.062112070620059">
        <ele>617.0</ele>
      </trkpt>
      <trkpt lat="44.074694876009666" lon="3.0623172595541326">
        <ele>618.0</ele>
      </trkpt>
      <trkpt lat="44.07471029172976" lon="3.062522448599339">
        <ele>620.0</ele>
      </trkpt>
      <trkpt lat="44.07471992667158" lon="3.0627504363656044">
        <ele>621.0</ele>
      </trkpt>
      <trkpt lat="44.07473726956305" lon="3.0629569664597507">
        <ele>622.0</ele>
      </trkpt>
      <trkpt lat="44.07471992667162" lon="3.0630615726113306">
        <ele>623.0</ele>
      </trkpt>
      <trkpt lat="44.07468138689475" lon="3.063048161566257">
        <ele>624.0</ele>
      </trkpt>
      <trkpt lat="44.07465826301657" lon="3.0629301443696018">
        <ele>625.0</ele>
      </trkpt>
      <trkpt lat="44.07463513912937" lon="3.062758482992649">
        <ele>627.0</ele>
      </trkpt>
      <trkpt lat="44.07459274531266" lon="3.0626190081238747">
        <ele>628.0</ele>
      </trkpt>
      <trkpt lat="44.07453300851941" lon="3.0624714866280556">
        <ele>630.0</ele>
      </trkpt>
      <trkpt lat="44.07444051272054" lon="3.0622515454888353">
        <ele>631.0</ele>
      </trkpt>
      <trkpt lat="44.0743711407765" lon="3.062122799456119">
        <ele>632.0</ele>
      </trkpt>
      <trkpt lat="44.074288279736756" lon="3.0620423331856714">
        <ele>634.0</ele>
      </trkpt>
      <trkpt lat="44.074205418581" lon="3.0619645491242404">
        <ele>635.0</ele>
      </trkpt>
      <trkpt lat="44.07407438209789" lon="3.061889447271824">
        <ele>637.0</ele>
      </trkpt>
      <trkpt lat="44.07395298039138" lon="3.0618760362267494">
        <ele>638.0</ele>
      </trkpt>
      <trkpt lat="44.07379689211705" lon="3.06185994297266">
        <ele>640.0</ele>
      </trkpt>
      <trkpt lat="44.073636949384166" lon="3.0618814006447796">
        <ele>643.0</ele>
      </trkpt>
      <trkpt lat="44.07349434947471" lon="3.0618626251816745">
        <ele>644.0</ele>
      </trkpt>
      <trkpt lat="44.07328237600131" lon="3.061808981001378">
        <ele>647.0</ele>
      </trkpt>
      <trkpt lat="44.07315904563098" lon="3.0617848411202435">
        <ele>649.0</ele>
      </trkpt>
      <trkpt lat="44.07297404959366" lon="3.0618116632103924">
        <ele>651.0</ele>
      </trkpt>
      <trkpt lat="44.072854572678835" lon="3.0618250742554656">
        <ele>653.0</ele>
      </trkpt>
      <trkpt lat="44.07285278437596" lon="3.0618246451012516">
        <ele>655.0</ele>
      </trkpt>
      <trkpt lat="44.072742803733746" lon="3.0617982521653175">
        <ele>657.0</ele>
      </trkpt>
      <trkpt lat="44.07261176401217" lon="3.061757683753967">
        <ele>659.0</ele>
      </trkpt>
      <trkpt lat="44.072476869877946" lon="3.061706721782684">
        <ele>660.0</ele>
      </trkpt>
      <trkpt lat="44.072413276822296" lon="3.061655759811401">
        <ele>661.0</ele>
      </trkpt>
      <trkpt lat="44.072363173154464" lon="3.0615944042801866">
        <ele>662.0</ele>
      </trkpt>
      <trkpt lat="44.07228994466497" lon="3.061469681400561">
        <ele>663.0</ele>
      </trkpt>
      <trkpt lat="44.072216716036415" lon="3.0613449588418016">
        <ele>663.0</ele>
      </trkpt>
      <trkpt lat="44.07215504982354" lon="3.0612095071398255">
        <ele>664.0</ele>
      </trkpt>
      <trkpt lat="44.072093383445306" lon="3.0610740557312965">
        <ele>664.0</ele>
      </trkpt>
      <trkpt lat="44.07204327950673" lon="3.060902394354343">
        <ele>665.0</ele>
      </trkpt>
      <trkpt lat="44.07203557120474" lon="3.0606958642601962">
        <ele>666.0</ele>
      </trkpt>
      <trkpt lat="44.072050987807735" lon="3.0604866519570355">
        <ele>667.0</ele>
      </trkpt>
      <trkpt lat="44.07204327950673" lon="3.0601862445473675">
        <ele>667.0</ele>
      </trkpt>
      <trkpt lat="44.07199510260271" lon="3.0600119009613995">
        <ele>669.0</ele>
      </trkpt>
      <trkpt lat="44.071944998580975" lon="3.0597275868058205">
        <ele>669.0</ele>
      </trkpt>
      <trkpt lat="44.0719257277921" lon="3.059518374502659">
        <ele>671.0</ele>
      </trkpt>
      <trkpt lat="44.07189104035627" lon="3.059311844408512">
        <ele>672.0</ele>
      </trkpt>
      <trkpt lat="44.071860207062954" lon="3.059252835810184">
        <ele>673.0</ele>
      </trkpt>
      <trkpt lat="44.07182937375353" lon="3.0592796579003343">
        <ele>674.0</ele>
      </trkpt>
      <trkpt lat="44.07181781125837" lon="3.0594084039330487">
        <ele>675.0</ele>
      </trkpt>
      <trkpt lat="44.07182744667115" lon="3.0595371499657626">
        <ele>675.0</ele>
      </trkpt>
      <trkpt lat="44.071827446671165" lon="3.0597249045968056">
        <ele>676.0</ele>
      </trkpt>
      <trkpt lat="44.071825519588714" lon="3.05986974388361">
        <ele>677.0</ele>
      </trkpt>
      <trkpt lat="44.07180817596155" lon="3.0600320175784477">
        <ele>678.0</ele>
      </trkpt>
      <trkpt lat="44.07179083209413" lon="3.060194291174412">
        <ele>679.0</ele>
      </trkpt>
      <trkpt lat="44.071758071664014" lon="3.060438372194767">
        <ele>681.0</ele>
      </trkpt>
      <trkpt lat="44.07169833200927" lon="3.0606261268258095">
        <ele>682.0</ele>
      </trkpt>
      <trkpt lat="44.07163473811712" lon="3.060846067965031">
        <ele>684.0</ele>
      </trkpt>
      <trkpt lat="44.071617394316455" lon="3.0609882250428204">
        <ele>686.0</ele>
      </trkpt>
      <trkpt lat="44.07164437355971" lon="3.0611840263009076">
        <ele>688.0</ele>
      </trkpt>
      <trkpt lat="44.071706040355224" lon="3.0614200606942186">
        <ele>689.0</ele>
      </trkpt>
      <trkpt lat="44.07176192583318" lon="3.061656095087528">
        <ele>691.0</ele>
      </trkpt>
      <trkpt lat="44.071827446671236" lon="3.061889111995697">
        <ele>693.0</ele>
      </trkpt>
      <trkpt lat="44.071914165315846" lon="3.0621626973152174">
        <ele>694.0</ele>
      </trkpt>
      <trkpt lat="44.07201437336906" lon="3.0624151602387433">
        <ele>696.0</ele>
      </trkpt>
      <trkpt lat="44.072079893927544" lon="3.062495626509188">
        <ele>697.0</ele>
      </trkpt>
      <trkpt lat="44.07219551826559" lon="3.062608279287816">
        <ele>699.0</ele>
      </trkpt>
      <trkpt lat="44.07226874689614" lon="3.0626941099762894">
        <ele>700.0</ele>
      </trkpt>
      <trkpt lat="44.072363173154464" lon="3.0628282204270367">
        <ele>702.0</ele>
      </trkpt>
      <trkpt lat="44.072451818076125" lon="3.062975741922855">
        <ele>703.0</ele>
      </trkpt>
      <trkpt lat="44.07252890050889" lon="3.063080348074435">
        <ele>705.0</ele>
      </trkpt>
      <trkpt lat="44.07264645102545" lon="3.063133992254734">
        <ele>706.0</ele>
      </trkpt>
      <trkpt lat="44.07276014720462" lon="3.0632090941071515">
        <ele>707.0</ele>
      </trkpt>
      <trkpt lat="44.072831448086845" lon="3.063270784914494">
        <ele>709.0</ele>
      </trkpt>
      <trkpt lat="44.072916238212834" lon="3.0633874608328613">
        <ele>710.0</ele>
      </trkpt>
      <trkpt lat="44.073001028218464" lon="3.0635041370987888">
        <ele>711.0</ele>
      </trkpt>
      <trkpt lat="44.07302607978772" lon="3.063576221466065">
        <ele>712.0</ele>
      </trkpt>
      <trkpt lat="44.07302222570075" lon="3.0636302009224887">
        <ele>713.0</ele>
      </trkpt>
      <trkpt lat="44.072977903683665" lon="3.0636623874306674">
        <ele>714.0</ele>
      </trkpt>
      <trkpt lat="44.07282952103711" lon="3.063651658594608">
        <ele>715.0</ele>
      </trkpt>
      <trkpt lat="44.07269077312299" lon="3.0636449530557277">
        <ele>716.0</ele>
      </trkpt>
      <trkpt lat="44.07255202521909" lon="3.0636382475495334">
        <ele>716.0</ele>
      </trkpt>
      <trkpt lat="44.072378589672134" lon="3.063627518713474">
        <ele>717.0</ele>
      </trkpt>
      <trkpt lat="44.07223405966138" lon="3.063565827906132">
        <ele>718.0</ele>
      </trkpt>
      <trkpt lat="44.07213385198003" lon="3.063461221754551">
        <ele>718.0</ele>
      </trkpt>
      <trkpt lat="44.07198546721722" lon="3.0632925778627396">
        <ele>719.0</ele>
      </trkpt>
      <trkpt lat="44.07183900916442" lon="3.063147738575936">
        <ele>720.0</ele>
      </trkpt>
      <trkpt lat="44.07178119667549" lon="3.063104152679444">
        <ele>720.0</ele>
      </trkpt>
      <trkpt lat="44.07171374870023" lon="3.0631095170974736">
        <ele>721.0</ele>
      </trkpt>
      <trkpt lat="44.07167228988202" lon="3.0631787624111357">
        <ele>721.0</ele>
      </trkpt>
      <trkpt lat="44.07160005051092" lon="3.0630558729171753">
        <ele>721.0</ele>
      </trkpt>
      <trkpt lat="44.07152489399355" lon="3.062921762289383">
        <ele>722.0</ele>
      </trkpt>
      <trkpt lat="44.07144973731506" lon="3.062787652015687">
        <ele>722.0</ele>
      </trkpt>
      <trkpt lat="44.0713687992946" lon="3.0626642702255884">
        <ele>722.0</ele>
      </trkpt>
      <trkpt lat="44.071287861138735" lon="3.0625408887863164">
        <ele>723.0</ele>
      </trkpt>
      <trkpt lat="44.07119728739848" lon="3.0623933670557952">
        <ele>723.0</ele>
      </trkpt>
      <trkpt lat="44.07110671346407" lon="3.062245845794678">
        <ele>724.0</ele>
      </trkpt>
      <trkpt lat="44.071014212311006" lon="3.0621170995527747">
        <ele>724.0</ele>
      </trkpt>
      <trkpt lat="44.0709217110113" lon="3.061988353729248">
        <ele>725.0</ele>
      </trkpt>
      <trkpt lat="44.0708137926468" lon="3.061811327934266">
        <ele>725.0</ele>
      </trkpt>
      <trkpt lat="44.07074634362872" lon="3.0616638062636685">
        <ele>726.0</ele>
      </trkpt>
      <trkpt lat="44.07067889441445" lon="3.061516284942627">
        <ele>726.0</ele>
      </trkpt>
      <trkpt lat="44.07060951806095" lon="3.0613178014755253">
        <ele>726.0</ele>
      </trkpt>
      <trkpt lat="44.07056712153948" lon="3.061111271227573">
        <ele>727.0</ele>
      </trkpt>
      <trkpt lat="44.070524724629536" lon="3.060904741287231">
        <ele>727.0</ele>
      </trkpt>
      <trkpt lat="44.070486182302325" lon="3.0606982110532623">
        <ele>727.0</ele>
      </trkpt>
      <trkpt lat="44.07044763958649" lon="3.0604916810989384">
        <ele>728.0</ele>
      </trkpt>
      <trkpt lat="44.070409097189405" lon="3.060295879708292">
        <ele>728.0</ele>
      </trkpt>
      <trkpt lat="44.07037055444307" lon="3.0601000785827637">
        <ele>728.0</ele>
      </trkpt>
      <trkpt lat="44.070332011833685" lon="3.059858679771423">
        <ele>728.0</ele>
      </trkpt>
      <trkpt lat="44.07033586609575" lon="3.0596065521240234">
        <ele>728.0</ele>
      </trkpt>
      <trkpt lat="44.07034164762263" lon="3.059434890764504">
        <ele>728.0</ele>
      </trkpt>
      <trkpt lat="44.070347428880446" lon="3.0592632293701185">
        <ele>728.0</ele>
      </trkpt>
      <trkpt lat="44.070355137402316" lon="3.059037923812866">
        <ele>727.0</ele>
      </trkpt>
      <trkpt lat="44.070332011833685" lon="3.0588448047637944">
        <ele>727.0</ele>
      </trkpt>
      <trkpt lat="44.07028576066932" lon="3.0586302280426034">
        <ele>727.0</ele>
      </trkpt>
      <trkpt lat="44.070189403960775" lon="3.0584102869033827">
        <ele>726.0</ele>
      </trkpt>
      <trkpt lat="44.07000825292405" lon="3.058265447616577">
        <ele>726.0</ele>
      </trkpt>
      <trkpt lat="44.069877207147606" lon="3.058211803436279">
        <ele>726.0</ele>
      </trkpt>
      <trkpt lat="44.069680637938916" lon="3.0582064390182495">
        <ele>725.0</ele>
      </trkpt>
      <trkpt lat="44.0694609421684" lon="3.0582225322723384">
        <ele>725.0</ele>
      </trkpt>
      <trkpt lat="44.069241245582404" lon="3.0582654476165776">
        <ele>724.0</ele>
      </trkpt>
      <trkpt lat="44.069063945988596" lon="3.058292269706726">
        <ele>723.0</ele>
      </trkpt>
      <trkpt lat="44.06889820893148" lon="3.058308362960816">
        <ele>723.0</ele>
      </trkpt>
      <trkpt lat="44.06878450522122" lon="3.0583217740326747">
        <ele>722.0</ele>
      </trkpt>
      <trkpt lat="44.06867080151648" lon="3.058335185050964">
        <ele>721.0</ele>
      </trkpt>
      <trkpt lat="44.06845495638214" lon="3.058367371559143">
        <ele>720.0</ele>
      </trkpt>
      <trkpt lat="44.06828536322445" lon="3.058378100395203">
        <ele>719.0</ele>
      </trkpt>
      <trkpt lat="44.06812347839336" lon="3.058362007141114">
        <ele>717.0</ele>
      </trkpt>
      <trkpt lat="44.06794617545127" lon="3.058329820632935">
        <ele>716.0</ele>
      </trkpt>
      <trkpt lat="44.06781897940247" lon="3.0582869051928188">
        <ele>715.0</ele>
      </trkpt>
      <trkpt lat="44.067691783345815" lon="3.058243989944458">
        <ele>713.0</ele>
      </trkpt>
      <trkpt lat="44.06748364353722" lon="3.0581635236740112">
        <ele>712.0</ele>
      </trkpt>
      <trkpt lat="44.06730248421921" lon="3.058104515075685">
        <ele>711.0</ele>
      </trkpt>
      <trkpt lat="44.067105906459666" lon="3.058056235313416">
        <ele>710.0</ele>
      </trkpt>
      <trkpt lat="44.066986417577304" lon="3.058029413166975">
        <ele>709.0</ele>
      </trkpt>
      <trkpt lat="44.066866928696264" lon="3.0580025911331172">
        <ele>708.0</ele>
      </trkpt>
      <trkpt lat="44.06667805849102" lon="3.0579489469528207">
        <ele>708.0</ele>
      </trkpt>
      <trkpt lat="44.066562423259015" lon="3.057930171451582">
        <ele>707.0</ele>
      </trkpt>
      <trkpt lat="44.066446788031186" lon="3.0579113960266113">
        <ele>707.0</ele>
      </trkpt>
      <trkpt lat="44.066246352901764" lon="3.0579006671905513">
        <ele>707.0</ele>
      </trkpt>
      <trkpt lat="44.06603820801056" lon="3.057927489280701">
        <ele>707.0</ele>
      </trkpt>
      <trkpt lat="44.06593413529051" lon="3.057970404624939">
        <ele>708.0</ele>
      </trkpt>
      <trkpt lat="44.06583777149768" lon="3.057991862297058">
        <ele>708.0</ele>
      </trkpt>
      <trkpt lat="44.065756825790466" lon="3.058013319969178">
        <ele>708.0</ele>
      </trkpt>
      <trkpt lat="44.06566817084127" lon="3.058024048805237">
        <ele>709.0</ele>
      </trkpt>
      <trkpt lat="44.065571806615495" lon="3.058007955551148">
        <ele>709.0</ele>
      </trkpt>
      <trkpt lat="44.0654831513892" lon="3.0579757690429683">
        <ele>709.0</ele>
      </trkpt>
      <trkpt lat="44.06538293227788" lon="3.057922124862671">
        <ele>709.0</ele>
      </trkpt>
      <trkpt lat="44.065282712996876" lon="3.057852387428284">
        <ele>709.0</ele>
      </trkpt>
      <trkpt lat="44.065182493546224" lon="3.057782649993896">
        <ele>710.0</ele>
      </trkpt>
      <trkpt lat="44.06508227392587" lon="3.0577129125595093">
        <ele>710.0</ele>
      </trkpt>
      <trkpt lat="44.064966635691576" lon="3.0576163530349727">
        <ele>710.0</ele>
      </trkpt>
      <trkpt lat="44.06487412494148" lon="3.057551980018616">
        <ele>710.0</ele>
      </trkpt>
      <trkpt lat="44.064770050174836" lon="3.05747151374817">
        <ele>710.0</ele>
      </trkpt>
      <trkpt lat="44.064665975225196" lon="3.057396411895753">
        <ele>710.0</ele>
      </trkpt>
      <trkpt lat="44.06455419081621" lon="3.057315945625306">
        <ele>710.0</ele>
      </trkpt>
      <trkpt lat="44.064473243353824" lon="3.057256937026977">
        <ele>711.0</ele>
      </trkpt>
      <trkpt lat="44.064365313231804" lon="3.05719256401062">
        <ele>711.0</ele>
      </trkpt>
      <trkpt lat="44.06428436551112" lon="3.0571335554122925">
        <ele>711.0</ele>
      </trkpt>
      <trkpt lat="44.06418414437026" lon="3.0570638179779057">
        <ele>712.0</ele>
      </trkpt>
      <trkpt lat="44.06410705106953" lon="3.0570048093795776">
        <ele>712.0</ele>
      </trkpt>
      <trkpt lat="44.064033812340824" lon="3.0569297075271606">
        <ele>712.0</ele>
      </trkpt>
      <trkpt lat="44.06395286416688" lon="3.0568063259124756">
        <ele>713.0</ele>
      </trkpt>
      <trkpt lat="44.06387962524744" lon="3.056688308715821">
        <ele>713.0</ele>
      </trkpt>
      <trkpt lat="44.06381024092441" lon="3.0565971136093135">
        <ele>713.0</ele>
      </trkpt>
      <trkpt lat="44.063763984663844" lon="3.0565112829208374">
        <ele>713.0</ele>
      </trkpt>
      <trkpt lat="44.06368689081596" lon="3.056441545486451">
        <ele>713.0</ele>
      </trkpt>
      <trkpt lat="44.06362521566535" lon="3.0563718080520634">
        <ele>714.0</ele>
      </trkpt>
      <trkpt lat="44.06355197634056" lon="3.056312799453735">
        <ele>714.0</ele>
      </trkpt>
      <trkpt lat="44.06347102750774" lon="3.05623233318329">
        <ele>714.0</ele>
      </trkpt>
      <trkpt lat="44.063359240842374" lon="3.0561196804046635">
        <ele>714.0</ele>
      </trkpt>
      <trkpt lat="44.06327058230247" lon="3.056039214134216">
        <ele>714.0</ele>
      </trkpt>
      <trkpt lat="44.06318577835748" lon="3.0559748411178598">
        <ele>714.0</ele>
      </trkpt>
      <trkpt lat="44.06310097429098" lon="3.055894374847413">
        <ele>715.0</ele>
      </trkpt>
      <trkpt lat="44.06301617010302" lon="3.0558460950851445">
        <ele>715.0</ele>
      </trkpt>
      <trkpt lat="44.06288510884632" lon="3.055813908576966">
        <ele>715.0</ele>
      </trkpt>
      <trkpt lat="44.06278103058284" lon="3.0557709932327284">
        <ele>716.0</ele>
      </trkpt>
      <trkpt lat="44.06265382356788" lon="3.0557441711425786">
        <ele>716.0</ele>
      </trkpt>
      <trkpt lat="44.06256901873941" lon="3.05570662021637">
        <ele>717.0</ele>
      </trkpt>
      <trkpt lat="44.06246108514562" lon="3.055642247200012">
        <ele>717.0</ele>
      </trkpt>
      <trkpt lat="44.0623377322261" lon="3.055572509765626">
        <ele>718.0</ele>
      </trkpt>
      <trkpt lat="44.06220281467605" lon="3.0554866790771484">
        <ele>718.0</ele>
      </trkpt>
      <trkpt lat="44.06204476801206" lon="3.0554169416427612">
        <ele>719.0</ele>
      </trkpt>
      <trkpt lat="44.06186359204897" lon="3.0553901195526127">
        <ele>719.0</ele>
      </trkpt>
      <trkpt lat="44.061693980006545" lon="3.0554115772247323">
        <ele>719.0</ele>
      </trkpt>
      <trkpt lat="44.06157448032125" lon="3.0554491281509395">
        <ele>720.0</ele>
      </trkpt>
      <trkpt lat="44.061470399753674" lon="3.0554813146591195">
        <ele>720.0</ele>
      </trkpt>
      <trkpt lat="44.06135089961709" lon="3.055551052093505">
        <ele>720.0</ele>
      </trkpt>
      <trkpt lat="44.06128151233031" lon="3.055610060691834">
        <ele>720.0</ele>
      </trkpt>
      <trkpt lat="44.0611928506789" lon="3.05568516254425">
        <ele>719.0</ele>
      </trkpt>
      <trkpt lat="44.06108105971176" lon="3.055797815322876">
        <ele>719.0</ele>
      </trkpt>
      <trkpt lat="44.060915300302995" lon="3.05595338344574">
        <ele>719.0</ele>
      </trkpt>
      <trkpt lat="44.060764959972765" lon="3.056076765060424">
        <ele>719.0</ele>
      </trkpt>
      <trkpt lat="44.06065702308999" lon="3.0561518669128414">
        <ele>719.0</ele>
      </trkpt>
      <trkpt lat="44.06056450560527" lon="3.0561733245849605">
        <ele>719.0</ele>
      </trkpt>
      <trkpt lat="44.06047198797601" lon="3.0561357736587524">
        <ele>718.0</ele>
      </trkpt>
      <trkpt lat="44.060410309476154" lon="3.0560821294784555">
        <ele>718.0</ele>
      </trkpt>
      <trkpt lat="44.06036405055914" lon="3.0559909343719487">
        <ele>718.0</ele>
      </trkpt>
      <trkpt lat="44.060321646520066" lon="3.0559372901916513">
        <ele>718.0</ele>
      </trkpt>
      <trkpt lat="44.060283097367304" lon="3.0558836460113534">
        <ele>719.0</ele>
      </trkpt>
      <trkpt lat="44.060244548189445" lon="3.0558621883392334">
        <ele>719.0</ele>
      </trkpt>
      <trkpt lat="44.060179014529496" lon="3.0558353662490854">
        <ele>719.0</ele>
      </trkpt>
      <trkpt lat="44.06011348079702" lon="3.0558353662490854">
        <ele>719.0</ele>
      </trkpt>
      <trkpt lat="44.06006336671736" lon="3.055867552757263">
        <ele>719.0</ele>
      </trkpt>
      <trkpt lat="44.06002096246295" lon="3.0559051036834717">
        <ele>719.0</ele>
      </trkpt>
      <trkpt lat="44.059978558178194" lon="3.055980205535889">
        <ele>720.0</ele>
      </trkpt>
      <trkpt lat="44.05991687916432" lon="3.0561196804046635">
        <ele>720.0</ele>
      </trkpt>
      <trkpt lat="44.05985134514167" lon="3.0562752485275264">
        <ele>720.0</ele>
      </trkpt>
      <trkpt lat="44.05975497144721" lon="3.0563718080520634">
        <ele>721.0</ele>
      </trkpt>
      <trkpt lat="44.05967401742263" lon="3.05643618106842">
        <ele>721.0</ele>
      </trkpt>
      <trkpt lat="44.059600773209766" lon="3.0565059185028076">
        <ele>721.0</ele>
      </trkpt>
      <trkpt lat="44.059546803731806" lon="3.0565595626831055">
        <ele>722.0</ele>
      </trkpt>
      <trkpt lat="44.05951596400801" lon="3.056602478027344">
        <ele>722.0</ele>
      </trkpt>
      <trkpt lat="44.059477414330715" lon="3.056666851043702">
        <ele>722.0</ele>
      </trkpt>
      <trkpt lat="44.05946199445272" lon="3.056731224060059">
        <ele>722.0</ele>
      </trkpt>
      <trkpt lat="44.05944271959963" lon="3.0567902326583867">
        <ele>722.0</ele>
      </trkpt>
      <trkpt lat="44.059435009656625" lon="3.0568546056747437">
        <ele>721.0</ele>
      </trkpt>
      <trkpt lat="44.059423444740254" lon="3.0569028854370113">
        <ele>721.0</ele>
      </trkpt>
      <trkpt lat="44.059419589767636" lon="3.0569726228714">
        <ele>721.0</ele>
      </trkpt>
      <trkpt lat="44.059411879821646" lon="3.0570369958877563">
        <ele>721.0</ele>
      </trkpt>
      <trkpt lat="44.05941187982169" lon="3.057138823506968">
        <ele>721.0</ele>
      </trkpt>
      <trkpt lat="44.059411879821646" lon="3.057138919830323">
        <ele>721.0</ele>
      </trkpt>
      <trkpt lat="44.05943115468477" lon="3.057246208190918">
        <ele>721.0</ele>
      </trkpt>
      <trkpt lat="44.05943500965661" lon="3.0573910474777217">
        <ele>721.0</ele>
      </trkpt>
      <trkpt lat="44.05941958976764" lon="3.057535886764527">
        <ele>722.0</ele>
      </trkpt>
      <trkpt lat="44.05937333007653" lon="3.057664632797241">
        <ele>722.0</ele>
      </trkpt>
      <trkpt lat="44.05931936039123" lon="3.057809472084045">
        <ele>722.0</ele>
      </trkpt>
      <trkpt lat="44.059257680690656" lon="3.0579221248626713">
        <ele>722.0</ele>
      </trkpt>
      <trkpt lat="44.05918443596275" lon="3.058007955551147">
        <ele>723.0</ele>
      </trkpt>
      <trkpt lat="44.05911890112943" lon="3.0581259727478036">
        <ele>723.0</ele>
      </trkpt>
      <trkpt lat="44.059045656229834" lon="3.0581903457641597">
        <ele>723.0</ele>
      </trkpt>
      <trkpt lat="44.05897626624141" lon="3.0582547187805176">
        <ele>723.0</ele>
      </trkpt>
      <trkpt lat="44.0588336310098" lon="3.058345913887024">
        <ele>723.0</ele>
      </trkpt>
      <trkpt lat="44.05870256049401" lon="3.058383464813233">
        <ele>723.0</ele>
      </trkpt>
      <trkpt lat="44.05856763466" lon="3.058415651321411">
        <ele>724.0</ele>
      </trkpt>
      <trkpt lat="44.058417288368474" lon="3.05844783782959">
        <ele>724.0</ele>
      </trkpt>
      <trkpt lat="44.05819755079418" lon="3.0585068464279184">
        <ele>724.0</ele>
      </trkpt>
      <trkpt lat="44.05802407318579" lon="3.058544397354127">
        <ele>725.0</ele>
      </trkpt>
      <trkpt lat="44.05788143566034" lon="3.0585980415344243">
        <ele>725.0</ele>
      </trkpt>
      <trkpt lat="44.05776578336048" lon="3.0586516857147226">
        <ele>726.0</ele>
      </trkpt>
      <trkpt lat="44.0576424206583" lon="3.0586785078048706">
        <ele>727.0</ele>
      </trkpt>
      <trkpt lat="44.05749978221349" lon="3.0586999654769897">
        <ele>727.0</ele>
      </trkpt>
      <trkpt lat="44.05738412916817" lon="3.0586785078048715">
        <ele>728.0</ele>
      </trkpt>
      <trkpt lat="44.05730317190203" lon="3.0586355924606323">
        <ele>728.0</ele>
      </trkpt>
      <trkpt lat="44.057222214525204" lon="3.0585765838623047">
        <ele>728.0</ele>
      </trkpt>
      <trkpt lat="44.05716438775972" lon="3.0585014820098873">
        <ele>729.0</ele>
      </trkpt>
      <trkpt lat="44.057110416060965" lon="3.0584210157394405">
        <ele>729.0</ele>
      </trkpt>
      <trkpt lat="44.057083430193146" lon="3.0582922697067265">
        <ele>729.0</ele>
      </trkpt>
      <trkpt lat="44.05704102380456" lon="3.0581742525100717">
        <ele>729.0</ele>
      </trkpt>
      <trkpt lat="44.05700247251591" lon="3.058061599731446">
        <ele>729.0</ele>
      </trkpt>
      <trkpt lat="44.056956210936335" lon="3.05797040462494">
        <ele>729.0</ele>
      </trkpt>
      <trkpt lat="44.05687139794663" lon="3.0578953027725215">
        <ele>730.0</ele>
      </trkpt>
      <trkpt lat="44.056763453965814" lon="3.057857751846314">
        <ele>730.0</ele>
      </trkpt>
      <trkpt lat="44.056640089175396" lon="3.0578523874282832">
        <ele>730.0</ele>
      </trkpt>
      <trkpt lat="44.05649359315292" lon="3.057889938354492">
        <ele>730.0</ele>
      </trkpt>
      <trkpt lat="44.056347096768015" lon="3.057927489280702">
        <ele>730.0</ele>
      </trkpt>
      <trkpt lat="44.05623915183147" lon="3.0579221248626713">
        <ele>729.0</ele>
      </trkpt>
      <trkpt lat="44.0561389170713" lon="3.057889938354492">
        <ele>729.0</ele>
      </trkpt>
      <trkpt lat="44.05603482694851" lon="3.057830929756164">
        <ele>729.0</ele>
      </trkpt>
      <trkpt lat="44.05591917104187" lon="3.0577397346496578">
        <ele>729.0</ele>
      </trkpt>
      <trkpt lat="44.05577652844597" lon="3.0576056241989136">
        <ele>728.0</ele>
      </trkpt>
      <trkpt lat="44.055664727252214" lon="3.0574983358383174">
        <ele>728.0</ele>
      </trkpt>
      <trkpt lat="44.05557991241267" lon="3.0574125051498413">
        <ele>727.0</ele>
      </trkpt>
      <trkpt lat="44.055483531765766" lon="3.057369589805602">
        <ele>727.0</ele>
      </trkpt>
      <trkpt lat="44.055394861432056" lon="3.057353496551514">
        <ele>727.0</ele>
      </trkpt>
      <trkpt lat="44.05529462524278" lon="3.0573534965515146">
        <ele>726.0</ele>
      </trkpt>
      <trkpt lat="44.05520595462619" lon="3.057358860969543">
        <ele>726.0</ele>
      </trkpt>
      <trkpt lat="44.05510571811715" lon="3.0573964118957524">
        <ele>726.0</ele>
      </trkpt>
      <trkpt lat="44.055017047217696" lon="3.057444691658021">
        <ele>726.0</ele>
      </trkpt>
      <trkpt lat="44.05491681038888" lon="3.0575197935104375">
        <ele>726.0</ele>
      </trkpt>
      <trkpt lat="44.05475874427564" lon="3.057659268379211">
        <ele>726.0</ele>
      </trkpt>
      <trkpt lat="44.05465657931516" lon="3.0577504636493287">
        <ele>725.0</ele>
      </trkpt>
      <trkpt lat="44.054554414284546" lon="3.0578416585922246">
        <ele>725.0</ele>
      </trkpt>
      <trkpt lat="44.05441562369979" lon="3.0579757690429683">
        <ele>725.0</ele>
      </trkpt>
      <trkpt lat="44.0543486194994" lon="3.058019471708629">
        <ele>725.0</ele>
      </trkpt>
      <trkpt lat="44.05434430063369" lon="3.05806478485465">
        <ele>725.0</ele>
      </trkpt>
      <trkpt lat="44.05428261575067" lon="3.058177437633276">
        <ele>725.0</ele>
      </trkpt>
      <trkpt lat="44.05423827970131" lon="3.0582579039037214">
        <ele>724.0</ele>
      </trkpt>
      <trkpt lat="44.05417466705077" lon="3.0583625100553036">
        <ele>724.0</ele>
      </trkpt>
      <trkpt lat="44.054066718154104" lon="3.0585663579404345">
        <ele>724.0</ele>
      </trkpt>
      <trkpt lat="44.054026237267074" lon="3.058643639087676">
        <ele>723.0</ele>
      </trkpt>
      <trkpt lat="44.054037803237506" lon="3.058777749538421">
        <ele>722.0</ele>
      </trkpt>
      <trkpt lat="44.05403587557595" lon="3.058952093124389">
        <ele>721.0</ele>
      </trkpt>
      <trkpt lat="44.054018526618705" lon="3.059062063694">
        <ele>720.0</ele>
      </trkpt>
      <trkpt lat="44.05395876906051" lon="3.0592551827430734">
        <ele>719.0</ele>
      </trkpt>
      <trkpt lat="44.05384696443483" lon="3.0595046281814575">
        <ele>718.0</ele>
      </trkpt>
      <trkpt lat="44.053733231926614" lon="3.0597057938575736">
        <ele>716.0</ele>
      </trkpt>
      <trkpt lat="44.05359251174128" lon="3.059915006160737">
        <ele>715.0</ele>
      </trkpt>
      <trkpt lat="44.05350191089705" lon="3.0600008368492113">
        <ele>713.0</ele>
      </trkpt>
      <trkpt lat="44.05339781613892" lon="3.06008666753769">
        <ele>712.0</ele>
      </trkpt>
      <trkpt lat="44.05326095053044" lon="3.0601885914802547">
        <ele>710.0</ele>
      </trkpt>
      <trkpt lat="44.05308938615184" lon="3.0603173375129695">
        <ele>709.0</ele>
      </trkpt>
      <trkpt lat="44.05289468889541" lon="3.060467541217803">
        <ele>708.0</ele>
      </trkpt>
      <trkpt lat="44.05277709915333" lon="3.0605506896972665">
        <ele>707.0</ele>
      </trkpt>
      <trkpt lat="44.05271348493318" lon="3.060609698295593">
        <ele>706.0</ele>
      </trkpt>
      <trkpt lat="44.05264987064474" lon="3.0606848001480103">
        <ele>705.0</ele>
      </trkpt>
      <trkpt lat="44.05258432857912" lon="3.060775995254517">
        <ele>705.0</ele>
      </trkpt>
      <trkpt lat="44.0525303527059" lon="3.06091547012329">
        <ele>704.0</ele>
      </trkpt>
      <trkpt lat="44.05250336475088" lon="3.0611005425453177">
        <ele>704.0</ele>
      </trkpt>
      <trkpt lat="44.05249372619251" lon="3.061301708221436">
        <ele>703.0</ele>
      </trkpt>
      <trkpt lat="44.05249758161603" lon="3.0615726113319397">
        <ele>703.0</ele>
      </trkpt>
      <trkpt lat="44.05251107559641" lon="3.0617818236350995">
        <ele>703.0</ele>
      </trkpt>
      <trkpt lat="44.052547702099105" lon="3.062084913253784">
        <ele>702.0</ele>
      </trkpt>
      <trkpt lat="44.052566979196705" lon="3.0622646212577815">
        <ele>702.0</ele>
      </trkpt>
      <trkpt lat="44.05258818399679" lon="3.062422871589661">
        <ele>702.0</ele>
      </trkpt>
      <trkpt lat="44.05258625628798" lon="3.0626669526100163">
        <ele>701.0</ele>
      </trkpt>
      <trkpt lat="44.05257083461543" lon="3.062820341438054">
        <ele>701.0</ele>
      </trkpt>
      <trkpt lat="44.052534208127064" lon="3.062978591769934">
        <ele>700.0</ele>
      </trkpt>
      <trkpt lat="44.052472521358574" lon="3.06317439302802">
        <ele>700.0</ele>
      </trkpt>
      <trkpt lat="44.052391557377476" lon="3.0633353255689153">
        <ele>699.0</ele>
      </trkpt>
      <trkpt lat="44.05231444872116" lon="3.0634748004376884">
        <ele>698.0</ele>
      </trkpt>
      <trkpt lat="44.05224119540465" lon="3.0636276863515377">
        <ele>698.0</ele>
      </trkpt>
      <trkpt lat="44.05216023110723" lon="3.0637778900563717">
        <ele>697.0</ele>
      </trkpt>
      <trkpt lat="44.05210625484751" lon="3.063901271671057">
        <ele>697.0</ele>
      </trkpt>
      <trkpt lat="44.052067700346186" lon="3.0641024373471737">
        <ele>696.0</ele>
      </trkpt>
      <trkpt lat="44.05205227853857" lon="3.0642714165151124">
        <ele>696.0</ele>
      </trkpt>
      <trkpt lat="44.0520464953597" lon="3.064453806728125">
        <ele>695.0</ele>
      </trkpt>
      <trkpt lat="44.052056133990845" lon="3.064676430076361">
        <ele>694.0</ele>
      </trkpt>
      <trkpt lat="44.05209276077488" lon="3.0648775957524785">
        <ele>694.0</ele>
      </trkpt>
      <trkpt lat="44.052139026153945" lon="3.065035846084356">
        <ele>693.0</ele>
      </trkpt>
      <trkpt lat="44.052179508330944" lon="3.0651458166539665">
        <ele>693.0</ele>
      </trkpt>
      <trkpt lat="44.052237339964364" lon="3.065258469432593">
        <ele>692.0</ele>
      </trkpt>
      <trkpt lat="44.05227974979302" lon="3.0653255246579647">
        <ele>692.0</ele>
      </trkpt>
      <trkpt lat="44.052318304156636" lon="3.0653920769691476">
        <ele>691.0</ele>
      </trkpt>
      <trkpt lat="44.05235107534571" lon="3.0654376745224003">
        <ele>691.0</ele>
      </trkpt>
      <trkpt lat="44.05238384651666" lon="3.0654940009117126">
        <ele>691.0</ele>
      </trkpt>
      <trkpt lat="44.052345292196016" lon="3.065536916255952">
        <ele>691.0</ele>
      </trkpt>
      <trkpt lat="44.05231444872143" lon="3.0655798316001897">
        <ele>691.0</ele>
      </trkpt>
      <trkpt lat="44.05226240032133" lon="3.0656473897397523">
        <ele>692.0</ele>
      </trkpt>
      <trkpt lat="44.05216794199777" lon="3.065721988677979">
        <ele>692.0</ele>
      </trkpt>
      <trkpt lat="44.05201757945682" lon="3.065840508788823">
        <ele>692.0</ele>
      </trkpt>
      <trkpt lat="44.05187685519481" lon="3.0659156106412415">
        <ele>693.0</ele>
      </trkpt>
      <trkpt lat="44.05176890203657" lon="3.0659947359571706">
        <ele>693.0</ele>
      </trkpt>
      <trkpt lat="44.05166094882765" lon="3.0660738609731193">
        <ele>694.0</ele>
      </trkpt>
      <trkpt lat="44.051526006948464" lon="3.066165056079627">
        <ele>694.0</ele>
      </trkpt>
      <trkpt lat="44.05141998097057" lon="3.0662777088582507">
        <ele>694.0</ele>
      </trkpt>
      <trkpt lat="44.051323593553214" lon="3.0664305947721">
        <ele>694.0</ele>
      </trkpt>
      <trkpt lat="44.05123877249618" lon="3.066567387431859">
        <ele>694.0</ele>
      </trkpt>
      <trkpt lat="44.05118672315105" lon="3.066663946956395">
        <ele>694.0</ele>
      </trkpt>
      <trkpt lat="44.05110768516911" lon="3.0668275617063046">
        <ele>694.0</ele>
      </trkpt>
      <trkpt lat="44.05103635811923" lon="3.0669777654111385">
        <ele>694.0</ele>
      </trkpt>
      <trkpt lat="44.05092647573915" lon="3.0672379396855827">
        <ele>694.0</ele>
      </trkpt>
      <trkpt lat="44.05086478729611" lon="3.067401554435491">
        <ele>694.0</ele>
      </trkpt>
      <trkpt lat="44.050789604419265" lon="3.06759199127555">
        <ele>694.0</ele>
      </trkpt>
      <trkpt lat="44.05070092705726" lon="3.06780656799674">
        <ele>694.0</ele>
      </trkpt>
      <trkpt lat="44.050631527289994" lon="3.067988958209753">
        <ele>695.0</ele>
      </trkpt>
      <trkpt lat="44.05056598299068" lon="3.0681391619145875">
        <ele>695.0</ele>
      </trkpt>
      <trkpt lat="44.05047344973879" lon="3.0683939717710027">
        <ele>696.0</ele>
      </trkpt>
      <trkpt lat="44.05041754416238" lon="3.06855758652091">
        <ele>697.0</ele>
      </trkpt>
      <trkpt lat="44.05038477190337" lon="3.0686890147626396">
        <ele>698.0</ele>
      </trkpt>
      <trkpt lat="44.05035778297059" lon="3.068841900676488">
        <ele>699.0</ele>
      </trkpt>
      <trkpt lat="44.05034621628136" lon="3.068943824619054">
        <ele>699.0</ele>
      </trkpt>
      <trkpt lat="44.05034236071778" lon="3.0690779350697985">
        <ele>700.0</ele>
      </trkpt>
      <trkpt lat="44.050363566314346" lon="3.06928714737296">
        <ele>701.0</ele>
      </trkpt>
      <trkpt lat="44.050365494095516" lon="3.0694239400327206">
        <ele>702.0</ele>
      </trkpt>
      <trkpt lat="44.050344288499595" lon="3.06955536827445">
        <ele>703.0</ele>
      </trkpt>
      <trkpt lat="44.050325010678534" lon="3.069638516753912">
        <ele>703.0</ele>
      </trkpt>
      <trkpt lat="44.05024597154662" lon="3.0697377584874626">
        <ele>704.0</ele>
      </trkpt>
      <trkpt lat="44.0501765712463" lon="3.0697779916226864">
        <ele>705.0</ele>
      </trkpt>
      <trkpt lat="44.05013415991189" lon="3.06980162858963">
        <ele>706.0</ele>
      </trkpt>
      <trkpt lat="44.05010717086481" lon="3.0699008703231816">
        <ele>707.0</ele>
      </trkpt>
      <trkpt lat="44.05008018180543" lon="3.070000112056732">
        <ele>708.0</ele>
      </trkpt>
      <trkpt lat="44.050039698193466" lon="3.0700993537902836">
        <ele>709.0</ele>
      </trkpt>
      <trkpt lat="44.05000307013974" lon="3.0701744556426998">
        <ele>710.0</ele>
      </trkpt>
      <trkpt lat="44.0499413807349" lon="3.070244193077087">
        <ele>711.0</ele>
      </trkpt>
      <trkpt lat="44.049862341091014" lon="3.0703487992286678">
        <ele>712.0</ele>
      </trkpt>
      <trkpt lat="44.04982185733016" lon="3.0704104900360107">
        <ele>714.0</ele>
      </trkpt>
      <trkpt lat="44.049756312134825" lon="3.0705580115318294">
        <ele>715.0</ele>
      </trkpt>
      <trkpt lat="44.049700405881424" lon="3.070724308490753">
        <ele>716.0</ele>
      </trkpt>
      <trkpt lat="44.04965799420584" lon="3.0709040164947505">
        <ele>718.0</ele>
      </trkpt>
      <trkpt lat="44.04964449957535" lon="3.071094453334809">
        <ele>719.0</ele>
      </trkpt>
      <trkpt lat="44.04963486055176" lon="3.071274161338806">
        <ele>721.0</ele>
      </trkpt>
      <trkpt lat="44.04961751030524" lon="3.071427047252655">
        <ele>723.0</ele>
      </trkpt>
      <trkpt lat="44.04960979908299" lon="3.0715262889862065">
        <ele>724.0</ele>
      </trkpt>
      <trkpt lat="44.04958473760362" lon="3.071628212928773">
        <ele>726.0</ele>
      </trkpt>
      <trkpt lat="44.04957702637703" lon="3.0717569589614864">
        <ele>728.0</ele>
      </trkpt>
      <trkpt lat="44.049590521022814" lon="3.0718722939491276">
        <ele>729.0</ele>
      </trkpt>
      <trkpt lat="44.04960594347145" lon="3.0719554424285884">
        <ele>731.0</ele>
      </trkpt>
      <trkpt lat="44.04967341663684" lon="3.0721244215965275">
        <ele>732.0</ele>
      </trkpt>
      <trkpt lat="44.04975052873174" lon="3.07229071855545">
        <ele>733.0</ele>
      </trkpt>
      <trkpt lat="44.049814146134466" lon="3.072411417961121">
        <ele>735.0</ele>
      </trkpt>
      <trkpt lat="44.04987776346883" lon="3.072507977485656">
        <ele>736.0</ele>
      </trkpt>
      <trkpt lat="44.049947164119324" lon="3.0725723505020146">
        <ele>737.0</ele>
      </trkpt>
      <trkpt lat="44.05001849248092" lon="3.072631359100341">
        <ele>738.0</ele>
      </trkpt>
      <trkpt lat="44.050074398433985" lon="3.072695732116699">
        <ele>739.0</ele>
      </trkpt>
      <trkpt lat="44.05013608770034" lon="3.072781562805176">
        <ele>740.0</ele>
      </trkpt>
      <trkpt lat="44.050253682686176" lon="3.07292103767395">
        <ele>741.0</ele>
      </trkpt>
      <trkpt lat="44.05037513300035" lon="3.073049783706665">
        <ele>741.0</ele>
      </trkpt>
      <trkpt lat="44.05056212744149" lon="3.073175847530365">
        <ele>742.0</ele>
      </trkpt>
      <trkpt lat="44.05066622718396" lon="3.0732777714729296">
        <ele>743.0</ele>
      </trkpt>
      <trkpt lat="44.05076647120731" lon="3.0734413862228394">
        <ele>743.0</ele>
      </trkpt>
      <trkpt lat="44.0508647872962" lon="3.073642551898956">
        <ele>743.0</ele>
      </trkpt>
      <trkpt lat="44.050934186790165" lon="3.0737820267677307">
        <ele>744.0</ele>
      </trkpt>
      <trkpt lat="44.050965030983605" lon="3.0738544464111324">
        <ele>744.0</ele>
      </trkpt>
      <trkpt lat="44.05097852531327" lon="3.073918819427491">
        <ele>744.0</ele>
      </trkpt>
      <trkpt lat="44.05098430859639" lon="3.0739831924438485">
        <ele>744.0</ele>
      </trkpt>
      <trkpt lat="44.05101515276361" lon="3.074077069759369">
        <ele>743.0</ele>
      </trkpt>
      <trkpt lat="44.051076841050055" lon="3.074205815792084">
        <ele>743.0</ele>
      </trkpt>
      <trkpt lat="44.05114431253978" lon="3.074345290660858">
        <ele>743.0</ele>
      </trkpt>
      <trkpt lat="44.05121949496635" lon="3.074506223201752">
        <ele>743.0</ele>
      </trkpt>
      <trkpt lat="44.051290821795654" lon="3.074651062488556">
        <ele>743.0</ele>
      </trkpt>
      <trkpt lat="44.051358293041666" lon="3.07477980852127">
        <ele>743.0</ele>
      </trkpt>
      <trkpt lat="44.05140070349973" lon="3.0748763680458078">
        <ele>743.0</ele>
      </trkpt>
      <trkpt lat="44.05143154745019" lon="3.074967563152311">
        <ele>743.0</ele>
      </trkpt>
      <trkpt lat="44.05145853589366" lon="3.0750668048858634">
        <ele>743.0</ele>
      </trkpt>
      <trkpt lat="44.051464319129934" lon="3.0751258134841923">
        <ele>743.0</ele>
      </trkpt>
      <trkpt lat="44.05145275265684" lon="3.0751901865005484">
        <ele>743.0</ele>
      </trkpt>
      <trkpt lat="44.051425764210705" lon="3.0753162503242493">
        <ele>743.0</ele>
      </trkpt>
      <trkpt lat="44.051394920257266" lon="3.0754369497299194">
        <ele>743.0</ele>
      </trkpt>
      <trkpt lat="44.051381426022566" lon="3.0756300687789913">
        <ele>743.0</ele>
      </trkpt>
      <trkpt lat="44.05140841448887" lon="3.075801730155947">
        <ele>743.0</ele>
      </trkpt>
      <trkpt lat="44.05142769195729" lon="3.075892925262452">
        <ele>743.0</ele>
      </trkpt>
      <trkpt lat="44.05145082491109" lon="3.0760163068771362">
        <ele>743.0</ele>
      </trkpt>
      <trkpt lat="44.05146817462052" lon="3.076134324073791">
        <ele>743.0</ele>
      </trkpt>
      <trkpt lat="44.0514913075585" lon="3.0762603878974915">
        <ele>743.0</ele>
      </trkpt>
      <trkpt lat="44.05148359658028" lon="3.0763569474220285">
        <ele>743.0</ele>
      </trkpt>
      <trkpt lat="44.05150287402421" lon="3.0764856934547415">
        <ele>743.0</ele>
      </trkpt>
      <trkpt lat="44.05155106760664" lon="3.076544702053069">
        <ele>743.0</ele>
      </trkpt>
      <trkpt lat="44.05160697211301" lon="3.0765929818153386">
        <ele>743.0</ele>
      </trkpt>
      <trkpt lat="44.05165709334977" lon="3.0766305327415475">
        <ele>743.0</ele>
      </trkpt>
      <trkpt lat="44.05174384154394" lon="3.076700270175933">
        <ele>743.0</ele>
      </trkpt>
      <trkpt lat="44.05180745680557" lon="3.0767673254013057">
        <ele>743.0</ele>
      </trkpt>
      <trkpt lat="44.05188649385368" lon="3.0768826603889465">
        <ele>743.0</ele>
      </trkpt>
      <trkpt lat="44.051948181232525" lon="3.0770060420036316">
        <ele>743.0</ele>
      </trkpt>
      <trkpt lat="44.05199830218056" lon="3.0770730972290035">
        <ele>743.0</ele>
      </trkpt>
      <trkpt lat="44.05205227853867" lon="3.07715892791748">
        <ele>744.0</ele>
      </trkpt>
      <trkpt lat="44.052160231107344" lon="3.0773413181304936">
        <ele>744.0</ele>
      </trkpt>
      <trkpt lat="44.05226625576001" lon="3.0775290727615356">
        <ele>744.0</ele>
      </trkpt>
      <trkpt lat="44.05232408730873" lon="3.0776444077491756">
        <ele>745.0</ele>
      </trkpt>
      <trkpt lat="44.05244167795034" lon="3.077805340290069">
        <ele>745.0</ele>
      </trkpt>
      <trkpt lat="44.05251493101893" lon="3.077907264232636">
        <ele>745.0</ele>
      </trkpt>
      <trkpt lat="44.05257083461556" lon="3.0780279636383057">
        <ele>746.0</ele>
      </trkpt>
      <trkpt lat="44.05262095503658" lon="3.078121840953828">
        <ele>746.0</ele>
      </trkpt>
      <trkpt lat="44.05269999099905" lon="3.078213036060332">
        <ele>746.0</ele>
      </trkpt>
      <trkpt lat="44.052755894420976" lon="3.0782800912857056">
        <ele>746.0</ele>
      </trkpt>
      <trkpt lat="44.05279444847432" lon="3.078325688838959">
        <ele>746.0</ele>
      </trkpt>
      <trkpt lat="44.052834930203296" lon="3.078390061855314">
        <ele>746.0</ele>
      </trkpt>
      <trkpt lat="44.05287733960399" lon="3.0784732103347783">
        <ele>746.0</ele>
      </trkpt>
      <trkpt lat="44.05293324285851" lon="3.078615367412568">
        <ele>746.0</ele>
      </trkpt>
      <trkpt lat="44.05298529066872" lon="3.0787709355354305">
        <ele>746.0</ele>
      </trkpt>
      <trkpt lat="44.05302962765616" lon="3.0788809061050415">
        <ele>747.0</ele>
      </trkpt>
      <trkpt lat="44.05307974768897" lon="3.0789774656295776">
        <ele>747.0</ele>
      </trkpt>
      <trkpt lat="44.053124084605685" lon="3.0790632963180538">
        <ele>747.0</ele>
      </trkpt>
      <trkpt lat="44.053154927658575" lon="3.079111576080322">
        <ele>747.0</ele>
      </trkpt>
      <trkpt lat="44.05317805993775" lon="3.079149127006529">
        <ele>748.0</ele>
      </trkpt>
      <trkpt lat="44.05318769838472" lon="3.0791866779327393">
        <ele>748.0</ele>
      </trkpt>
      <trkpt lat="44.05323589059607" lon="3.079361021518707">
        <ele>748.0</ele>
      </trkpt>
      <trkpt lat="44.05326673359081" lon="3.079476356506348">
        <ele>748.0</ele>
      </trkpt>
      <trkpt lat="44.053291793512166" lon="3.0796185135841365">
        <ele>749.0</ele>
      </trkpt>
      <trkpt lat="44.053322636477745" lon="3.079736530780792">
        <ele>749.0</ele>
      </trkpt>
      <trkpt lat="44.05334769637545" lon="3.0798491835594173">
        <ele>749.0</ele>
      </trkpt>
      <trkpt lat="44.05337275626257" lon="3.0800423026084904">
        <ele>750.0</ele>
      </trkpt>
      <trkpt lat="44.053382394678046" lon="3.080109357833862">
        <ele>750.0</ele>
      </trkpt>
      <trkpt lat="44.053401633805954" lon="3.0801762819259224">
        <ele>750.0</ele>
      </trkpt>
      <trkpt lat="44.05340167150371" lon="3.0801764130592346">
        <ele>750.0</ele>
      </trkpt>
      <trkpt lat="44.05346335730437" lon="3.0803185701370226">
        <ele>750.0</ele>
      </trkpt>
      <trkpt lat="44.05351540464866" lon="3.0804312229156485">
        <ele>750.0</ele>
      </trkpt>
      <trkpt lat="44.05357709033087" lon="3.0805546045303345">
        <ele>750.0</ele>
      </trkpt>
      <trkpt lat="44.05364070362342" lon="3.0806592106819157">
        <ele>750.0</ele>
      </trkpt>
      <trkpt lat="44.05370817219217" lon="3.080755770206452">
        <ele>750.0</ele>
      </trkpt>
      <trkpt lat="44.05377371301402" lon="3.0808442831039424">
        <ele>750.0</ele>
      </trkpt>
      <trkpt lat="44.05382576008554" lon="3.0809354782104488">
        <ele>749.0</ele>
      </trkpt>
      <trkpt lat="44.05389515610978" lon="3.0811098217964172">
        <ele>749.0</ele>
      </trkpt>
      <trkpt lat="44.05394913073912" lon="3.0812090635299683">
        <ele>749.0</ele>
      </trkpt>
      <trkpt lat="44.05399924999381" lon="3.0813217163085933">
        <ele>748.0</ele>
      </trkpt>
      <trkpt lat="44.054032020252734" lon="3.0814290046691895">
        <ele>748.0</ele>
      </trkpt>
      <trkpt lat="44.05407442879617" lon="3.0815121531486507">
        <ele>747.0</ele>
      </trkpt>
      <trkpt lat="44.05412454794471" lon="3.0815818905830374">
        <ele>747.0</ele>
      </trkpt>
      <trkpt lat="44.054172739393614" lon="3.0816650390625">
        <ele>746.0</ele>
      </trkpt>
      <trkpt lat="44.05421514783638" lon="3.0817428231239323">
        <ele>746.0</ele>
      </trkpt>
      <trkpt lat="44.054269122174034" lon="3.0818259716033936">
        <ele>746.0</ele>
      </trkpt>
      <trkpt lat="44.05431924115771" lon="3.0819547176361093">
        <ele>745.0</ele>
      </trkpt>
      <trkpt lat="44.05436164949548" lon="3.0820405483245845">
        <ele>745.0</ele>
      </trkpt>
      <trkpt lat="44.054396347203756" lon="3.082150518894195">
        <ele>745.0</ele>
      </trkpt>
      <trkpt lat="44.054436827837776" lon="3.0822524428367624">
        <ele>744.0</ele>
      </trkpt>
      <trkpt lat="44.05447152550204" lon="3.0823355913162236">
        <ele>744.0</ele>
      </trkpt>
      <trkpt lat="44.05451200608461" lon="3.0824375152587895">
        <ele>744.0</ele>
      </trkpt>
      <trkpt lat="44.054581401304716" lon="3.0825582146644592">
        <ele>744.0</ele>
      </trkpt>
      <trkpt lat="44.05461995416962" lon="3.0825904011726366">
        <ele>743.0</ele>
      </trkpt>
      <trkpt lat="44.05473175733591" lon="3.0826601386070247">
        <ele>743.0</ele>
      </trkpt>
      <trkpt lat="44.054805007571794" lon="3.0827111005783077">
        <ele>743.0</ele>
      </trkpt>
      <trkpt lat="44.05486476427603" lon="3.0827701091766353">
        <ele>743.0</ele>
      </trkpt>
      <trkpt lat="44.05496114593005" lon="3.0828505754470825">
        <ele>743.0</ele>
      </trkpt>
      <trkpt lat="44.055105718116955" lon="3.0829042196273804">
        <ele>743.0</ele>
      </trkpt>
      <trkpt lat="44.05519053363576" lon="3.0829364061355595">
        <ele>743.0</ele>
      </trkpt>
      <trkpt lat="44.05532353954541" lon="3.082995414733887">
        <ele>743.0</ele>
      </trkpt>
      <trkpt lat="44.05549895267971" lon="3.0830678343772893">
        <ele>743.0</ele>
      </trkpt>
      <trkpt lat="44.05560111613375" lon="3.0831053853034973">
        <ele>743.0</ele>
      </trkpt>
      <trkpt lat="44.055743759152314" lon="3.0831804871559148">
        <ele>743.0</ele>
      </trkpt>
      <trkpt lat="44.055855560196896" lon="3.083228766918182">
        <ele>743.0</ele>
      </trkpt>
      <trkpt lat="44.05596543343143" lon="3.0832824110984807">
        <ele>743.0</ele>
      </trkpt>
      <trkpt lat="44.05606759608089" lon="3.083344101905823">
        <ele>743.0</ele>
      </trkpt>
      <trkpt lat="44.05619674483816" lon="3.0833950638771057">
        <ele>743.0</ele>
      </trkpt>
      <trkpt lat="44.05638950365338" lon="3.0834567546844482">
        <ele>743.0</ele>
      </trkpt>
      <trkpt lat="44.05654178267388" lon="3.0835318565368652">
        <ele>743.0</ele>
      </trkpt>
      <trkpt lat="44.0567229749222" lon="3.083601593971253">
        <ele>743.0</ele>
      </trkpt>
      <trkpt lat="44.056884890930206" lon="3.083663284778595">
        <ele>743.0</ele>
      </trkpt>
      <trkpt lat="44.05701596546961" lon="3.083716928958893">
        <ele>743.0</ele>
      </trkpt>
      <trkpt lat="44.05713932947694" lon="3.083778619766235">
        <ele>742.0</ele>
      </trkpt>
      <trkpt lat="44.05725498300043" lon="3.0838215351104727">
        <ele>742.0</ele>
      </trkpt>
      <trkpt lat="44.05734365054882" lon="3.083859086036682">
        <ele>742.0</ele>
      </trkpt>
      <trkpt lat="44.05746894142339" lon="3.083899319171905">
        <ele>741.0</ele>
      </trkpt>
      <trkpt lat="44.05762314521265" lon="3.083939552307129">
        <ele>741.0</ele>
      </trkpt>
      <trkpt lat="44.05773108762631" lon="3.0839824676513663">
        <ele>741.0</ele>
      </trkpt>
      <trkpt lat="44.057862160152204" lon="3.084028065099663">
        <ele>740.0</ele>
      </trkpt>
      <trkpt lat="44.05799323266865" lon="3.084073662757874">
        <ele>740.0</ele>
      </trkpt>
      <trkpt lat="44.058151290148075" lon="3.0841407179832454">
        <ele>740.0</ele>
      </trkpt>
      <trkpt lat="44.05830356463774" lon="3.0841863155364986">
        <ele>739.0</ele>
      </trkpt>
      <trkpt lat="44.058477041427274" lon="3.0842560529708867">
        <ele>739.0</ele>
      </trkpt>
      <trkpt lat="44.05865437273124" lon="3.0843096971511836">
        <ele>739.0</ele>
      </trkpt>
      <trkpt lat="44.05882206597575" lon="3.0843606591224675">
        <ele>738.0</ele>
      </trkpt>
      <trkpt lat="44.05895795483213" lon="3.084412962073439">
        <ele>738.0</ele>
      </trkpt>
      <trkpt lat="44.05909384367377" lon="3.084465265274048">
        <ele>738.0</ele>
      </trkpt>
      <trkpt lat="44.05920371089974" lon="3.084510862827301">
        <ele>738.0</ele>
      </trkpt>
      <trkpt lat="44.05931743290134" lon="3.084559142589569">
        <ele>738.0</ele>
      </trkpt>
      <trkpt lat="44.05947548684593" lon="3.084620833396911">
        <ele>738.0</ele>
      </trkpt>
      <trkpt lat="44.05958149840169" lon="3.0846610665321346">
        <ele>738.0</ele>
      </trkpt>
      <trkpt lat="44.05966438003117" lon="3.084698617458343">
        <ele>739.0</ele>
      </trkpt>
      <trkpt lat="44.05976075387322" lon="3.084736168384551">
        <ele>739.0</ele>
      </trkpt>
      <trkpt lat="44.05984556272433" lon="3.084779083728791">
        <ele>739.0</ele>
      </trkpt>
      <trkpt lat="44.0599207341044" lon="3.084838092327117">
        <ele>739.0</ele>
      </trkpt>
      <trkpt lat="44.05996892083631" lon="3.084878325462341">
        <ele>739.0</ele>
      </trkpt>
      <trkpt lat="44.060026744862895" lon="3.0849319696426387">
        <ele>740.0</ele>
      </trkpt>
      <trkpt lat="44.060098061084524" lon="3.0850178003311157">
        <ele>740.0</ele>
      </trkpt>
      <trkpt lat="44.06023491089087" lon="3.0851733684539804">
        <ele>740.0</ele>
      </trkpt>
      <trkpt lat="44.060288879741655" lon="3.0852323770523067">
        <ele>740.0</ele>
      </trkpt>
      <trkpt lat="44.06034670345575" lon="3.085299432277679">
        <ele>740.0</ele>
      </trkpt>
      <trkpt lat="44.06042765656055" lon="3.0854147672653185">
        <ele>740.0</ele>
      </trkpt>
      <trkpt lat="44.06052402916004" lon="3.08553010225296">
        <ele>740.0</ele>
      </trkpt>
      <trkpt lat="44.06060498202241" lon="3.0856347084045423">
        <ele>740.0</ele>
      </trkpt>
      <trkpt lat="44.06068978966427" lon="3.085747361183167">
        <ele>740.0</ele>
      </trkpt>
      <trkpt lat="44.060766887415085" lon="3.0858331918716435">
        <ele>740.0</ele>
      </trkpt>
      <trkpt lat="44.06081892834016" lon="3.0858814716339107">
        <ele>740.0</ele>
      </trkpt>
      <trkpt lat="44.0608671143411" lon="3.0859565734863286">
        <ele>740.0</ele>
      </trkpt>
      <trkpt lat="44.06092108261556" lon="3.0860584974288936">
        <ele>740.0</ele>
      </trkpt>
      <trkpt lat="44.06094806673434" lon="3.0861416459083557">
        <ele>740.0</ele>
      </trkpt>
      <trkpt lat="44.060984688018706" lon="3.0862435698509207">
        <ele>740.0</ele>
      </trkpt>
      <trkpt lat="44.06101359954309" lon="3.0863347649574275">
        <ele>740.0</ele>
      </trkpt>
      <trkpt lat="44.061054075653395" lon="3.0864313244819637">
        <ele>740.0</ele>
      </trkpt>
      <trkpt lat="44.061100334031295" lon="3.0865386128425607">
        <ele>740.0</ele>
      </trkpt>
      <trkpt lat="44.061187068392464" lon="3.086721003055572">
        <ele>740.0</ele>
      </trkpt>
      <trkpt lat="44.06122947181167" lon="3.086820244789124">
        <ele>739.0</ele>
      </trkpt>
      <trkpt lat="44.06131620598369" lon="3.0870133638381967">
        <ele>739.0</ele>
      </trkpt>
      <trkpt lat="44.06140679487209" lon="3.0872386693954463">
        <ele>739.0</ele>
      </trkpt>
      <trkpt lat="44.06148196427001" lon="3.08739423751831">
        <ele>739.0</ele>
      </trkpt>
      <trkpt lat="44.061528222313605" lon="3.0874907970428462">
        <ele>738.0</ele>
      </trkpt>
      <trkpt lat="44.0615841174014" lon="3.087616860866547">
        <ele>738.0</ele>
      </trkpt>
      <trkpt lat="44.06162073829237" lon="3.0877187848091134">
        <ele>738.0</ele>
      </trkpt>
      <trkpt lat="44.061680488118476" lon="3.0878609418869014">
        <ele>737.0</ele>
      </trkpt>
      <trkpt lat="44.06176914903965" lon="3.088070154190064">
        <ele>737.0</ele>
      </trkpt>
      <trkpt lat="44.061803842407464" lon="3.088142573833466">
        <ele>736.0</ele>
      </trkpt>
      <trkpt lat="44.061853955013945" lon="3.0882632732391357">
        <ele>736.0</ele>
      </trkpt>
      <trkpt lat="44.06188864833202" lon="3.0883544683456416">
        <ele>736.0</ele>
      </trkpt>
      <trkpt lat="44.061890575737976" lon="3.088421523571014">
        <ele>736.0</ele>
      </trkpt>
      <trkpt lat="44.061871301675495" lon="3.088467121124268">
        <ele>736.0</ele>
      </trkpt>
      <trkpt lat="44.06180769722483" lon="3.0885449051856995">
        <ele>735.0</ele>
      </trkpt>
      <trkpt lat="44.06174409270584" lon="3.088630735874176">
        <ele>735.0</ele>
      </trkpt>
      <trkpt lat="44.061649649506116" lon="3.088727295398712">
        <ele>735.0</ele>
      </trkpt>
      <trkpt lat="44.06154171423623" lon="3.088842630386352">
        <ele>735.0</ele>
      </trkpt>
      <trkpt lat="44.061414504558336" lon="3.0889552831649776">
        <ele>735.0</ele>
      </trkpt>
      <trkpt lat="44.06129500430893" lon="3.0890706181526184">
        <ele>735.0</ele>
      </trkpt>
      <trkpt lat="44.06121983467361" lon="3.08915913105011">
        <ele>735.0</ele>
      </trkpt>
      <trkpt lat="44.06113502779097" lon="3.0892583727836604">
        <ele>735.0</ele>
      </trkpt>
      <trkpt lat="44.0610039623699" lon="3.0894166231155396">
        <ele>735.0</ele>
      </trkpt>
      <trkpt lat="44.06086325946247" lon="3.0895882844924922">
        <ele>735.0</ele>
      </trkpt>
      <trkpt lat="44.060799653928804" lon="3.089708983898162">
        <ele>735.0</ele>
      </trkpt>
      <trkpt lat="44.06075725020173" lon="3.089773356914521">
        <ele>735.0</ele>
      </trkpt>
      <trkpt lat="44.06064931330493" lon="3.0898806452751164">
        <ele>735.0</ele>
      </trkpt>
      <trkpt lat="44.060533666411395" lon="3.089987933635711">
        <ele>735.0</ele>
      </trkpt>
      <trkpt lat="44.06040452711326" lon="3.0901435017585754">
        <ele>734.0</ele>
      </trkpt>
      <trkpt lat="44.06034670345575" lon="3.090215921401977">
        <ele>734.0</ele>
      </trkpt>
      <trkpt lat="44.06024647564877" lon="3.0903553962707515">
        <ele>734.0</ele>
      </trkpt>
      <trkpt lat="44.060121190651486" lon="3.0905458331108093">
        <ele>734.0</ele>
      </trkpt>
      <trkpt lat="44.0600421645937" lon="3.090642392635346">
        <ele>734.0</ele>
      </trkpt>
      <trkpt lat="44.05992555276008" lon="3.090789914433281">
        <ele>734.0</ele>
      </trkpt>
      <trkpt lat="44.05980894073526" lon="3.090937435626983">
        <ele>733.0</ele>
      </trkpt>
      <trkpt lat="44.05969329220582" lon="3.091101050709198">
        <ele>733.0</ele>
      </trkpt>
      <trkpt lat="44.05957764343935" lon="3.091264665126801">
        <ele>733.0</ele>
      </trkpt>
      <trkpt lat="44.0595275289061" lon="3.091331720352173">
        <ele>733.0</ele>
      </trkpt>
      <trkpt lat="44.05946199445254" lon="3.0913960933685294">
        <ele>733.0</ele>
      </trkpt>
      <trkpt lat="44.05939260495202" lon="3.0914577841758715">
        <ele>733.0</ele>
      </trkpt>
      <trkpt lat="44.059332852816986" lon="3.091562390327453">
        <ele>732.0</ele>
      </trkpt>
      <trkpt lat="44.05928852054878" lon="3.0916482210159297">
        <ele>732.0</ele>
      </trkpt>
      <trkpt lat="44.05923840577083" lon="3.0917635560035706">
        <ele>732.0</ele>
      </trkpt>
      <trkpt lat="44.05920563839313" lon="3.0918815732002254">
        <ele>732.0</ele>
      </trkpt>
      <trkpt lat="44.059180580974356" lon="3.0920290946960445">
        <ele>732.0</ele>
      </trkpt>
      <trkpt lat="44.05914395857409" lon="3.0921712517738342">
        <ele>732.0</ele>
      </trkpt>
      <trkpt lat="44.05910155366119" lon="3.0923295021057124">
        <ele>732.0</ele>
      </trkpt>
      <trkpt lat="44.0590668587099" lon="3.092444837093354">
        <ele>732.0</ele>
      </trkpt>
      <trkpt lat="44.05903409123722" lon="3.0925306677818307">
        <ele>732.0</ele>
      </trkpt>
      <trkpt lat="44.05898975874534" lon="3.0926352739334106">
        <ele>733.0</ele>
      </trkpt>
      <trkpt lat="44.058928078701406" lon="3.092745244503022">
        <ele>733.0</ele>
      </trkpt>
      <trkpt lat="44.05883363100963" lon="3.09291422367096">
        <ele>733.0</ele>
      </trkpt>
      <trkpt lat="44.05875653074132" lon="3.093056380748749">
        <ele>734.0</ele>
      </trkpt>
      <trkpt lat="44.05866015526483" lon="3.093222677707672">
        <ele>734.0</ele>
      </trkpt>
      <trkpt lat="44.05860232990364" lon="3.0933272838592525">
        <ele>735.0</ele>
      </trkpt>
      <trkpt lat="44.05854064945621" lon="3.093450665473938">
        <ele>735.0</ele>
      </trkpt>
      <trkpt lat="44.058488606528634" lon="3.0935391783714303">
        <ele>736.0</ele>
      </trkpt>
      <trkpt lat="44.058432708518325" lon="3.0936732888221745">
        <ele>736.0</ele>
      </trkpt>
      <trkpt lat="44.058380665495854" lon="3.093815445899964">
        <ele>737.0</ele>
      </trkpt>
      <trkpt lat="44.05835753524897" lon="3.0938985943794246">
        <ele>737.0</ele>
      </trkpt>
      <trkpt lat="44.0583324774713" lon="3.0939736962318416">
        <ele>738.0</ele>
      </trkpt>
      <trkpt lat="44.05829007197726" lon="3.094078302383422">
        <ele>738.0</ele>
      </trkpt>
      <trkpt lat="44.058241883878985" lon="3.094209730625152">
        <ele>738.0</ele>
      </trkpt>
      <trkpt lat="44.05818213058272" lon="3.0943733453750606">
        <ele>739.0</ele>
      </trkpt>
      <trkpt lat="44.058116594639955" lon="3.0945611000061035">
        <ele>739.0</ele>
      </trkpt>
      <trkpt lat="44.05805491368644" lon="3.0947193503379835">
        <ele>740.0</ele>
      </trkpt>
      <trkpt lat="44.058004797864356" lon="3.0948427319526677">
        <ele>740.0</ele>
      </trkpt>
      <trkpt lat="44.05790456609305" lon="3.0950465798377986">
        <ele>741.0</ele>
      </trkpt>
      <trkpt lat="44.05784481245629" lon="3.0952370166778564">
        <ele>741.0</ele>
      </trkpt>
      <trkpt lat="44.05783710230522" lon="3.0953496694564824">
        <ele>742.0</ele>
      </trkpt>
      <trkpt lat="44.05781589938466" lon="3.0955266952514644">
        <ele>742.0</ele>
      </trkpt>
      <trkpt lat="44.05779469645645" lon="3.095652759075165">
        <ele>742.0</ele>
      </trkpt>
      <trkpt lat="44.05776385582001" lon="3.0957895517349243">
        <ele>743.0</ele>
      </trkpt>
      <trkpt lat="44.057725305001945" lon="3.0959236621856685">
        <ele>743.0</ele>
      </trkpt>
      <trkpt lat="44.057686754158794" lon="3.096047043800354">
        <ele>743.0</ele>
      </trkpt>
      <trkpt lat="44.05766555118436" lon="3.096154332160949">
        <ele>744.0</ele>
      </trkpt>
      <trkpt lat="44.05763085539157" lon="3.0963179469108573">
        <ele>744.0</ele>
      </trkpt>
      <trkpt lat="44.05759037694103" lon="3.096462786197662">
        <ele>744.0</ele>
      </trkpt>
      <trkpt lat="44.057551826010034" lon="3.09658885002136">
        <ele>745.0</ele>
      </trkpt>
      <trkpt lat="44.05749207201728" lon="3.0967015027999873">
        <ele>745.0</ele>
      </trkpt>
      <trkpt lat="44.05743424551536" lon="3.096787333488465">
        <ele>745.0</ele>
      </trkpt>
      <trkpt lat="44.05738991182559" lon="3.0968463420867924">
        <ele>746.0</ele>
      </trkpt>
      <trkpt lat="44.05734943321035" lon="3.096910715103149">
        <ele>746.0</ele>
      </trkpt>
      <trkpt lat="44.057264620783805" lon="3.097018003463745">
        <ele>747.0</ele>
      </trkpt>
      <trkpt lat="44.05721643185102" lon="3.0971038341522212">
        <ele>747.0</ele>
      </trkpt>
      <trkpt lat="44.05712969167313" lon="3.0972272157669076">
        <ele>747.0</ele>
      </trkpt>
      <trkpt lat="44.05704680649552" lon="3.097355961799621">
        <ele>748.0</ele>
      </trkpt>
      <trkpt lat="44.056960066069145" lon="3.0974847078323364">
        <ele>748.0</ele>
      </trkpt>
      <trkpt lat="44.056890673636566" lon="3.097527623176575">
        <ele>749.0</ele>
      </trkpt>
      <trkpt lat="44.056734540365895" lon="3.097594678401948">
        <ele>749.0</ele>
      </trkpt>
      <trkpt lat="44.05660924793742" lon="3.097642958164216">
        <ele>750.0</ele>
      </trkpt>
      <trkpt lat="44.05653021719232" lon="3.097688555717468">
        <ele>750.0</ele>
      </trkpt>
      <trkpt lat="44.05643769325916" lon="3.09775024652481">
        <ele>750.0</ele>
      </trkpt>
      <trkpt lat="44.05634709676783" lon="3.0978468060493474">
        <ele>751.0</ele>
      </trkpt>
      <trkpt lat="44.05623722424134" lon="3.0979675054550166">
        <ele>752.0</ele>
      </trkpt>
      <trkpt lat="44.05614855503621" lon="3.0980908870697017">
        <ele>752.0</ele>
      </trkpt>
      <trkpt lat="44.0560849444377" lon="3.0982089042663574">
        <ele>753.0</ele>
      </trkpt>
      <trkpt lat="44.05604446493031" lon="3.0983269214630127">
        <ele>754.0</ele>
      </trkpt>
      <trkpt lat="44.055982781818344" lon="3.098415434360505">
        <ele>754.0</ele>
      </trkpt>
      <trkpt lat="44.05592688144251" lon="3.098530769348145">
        <ele>755.0</ele>
      </trkpt>
      <trkpt lat="44.055857487799145" lon="3.0986890196800227">
        <ele>756.0</ele>
      </trkpt>
      <trkpt lat="44.055811225325016" lon="3.0988284945487967">
        <ele>757.0</ele>
      </trkpt>
      <trkpt lat="44.05576110760403" lon="3.0989626049995422">
        <ele>758.0</ele>
      </trkpt>
      <trkpt lat="44.05573990394005" lon="3.099099397659302">
        <ele>758.0</ele>
      </trkpt>
      <trkpt lat="44.05571677266158" lon="3.0992040038108817">
        <ele>759.0</ele>
      </trkpt>
      <trkpt lat="44.05568207572692" lon="3.099300563335419">
        <ele>760.0</ele>
      </trkpt>
      <trkpt lat="44.05563195789656" lon="3.099442720413207">
        <ele>760.0</ele>
      </trkpt>
      <trkpt lat="44.055587622857466" lon="3.0995473265647884">
        <ele>761.0</ele>
      </trkpt>
      <trkpt lat="44.05554644118934" lon="3.099687979270231">
        <ele>761.0</ele>
      </trkpt>
      <trkpt lat="44.055545215397636" lon="3.099692165851593">
        <ele>762.0</ele>
      </trkpt>
      <trkpt lat="44.05550473552133" lon="3.099743127822876">
        <ele>762.0</ele>
      </trkpt>
      <trkpt lat="44.05543534138327" lon="3.09977799654007">
        <ele>762.0</ele>
      </trkpt>
      <trkpt lat="44.0553505262152" lon="3.0998048186302185">
        <ele>762.0</ele>
      </trkpt>
      <trkpt lat="44.05523486897207" lon="3.0998289585113525">
        <ele>763.0</ele>
      </trkpt>
      <trkpt lat="44.05507680370781" lon="3.09987187385559">
        <ele>763.0</ele>
      </trkpt>
      <trkpt lat="44.054934159082734" lon="3.099901378154755">
        <ele>763.0</ele>
      </trkpt>
      <trkpt lat="44.054760671913535" lon="3.099936246871947">
        <ele>764.0</ele>
      </trkpt>
      <trkpt lat="44.054604533026634" lon="3.0999603867530814">
        <ele>764.0</ele>
      </trkpt>
      <trkpt lat="44.05448405508368" lon="3.099976480041218">
        <ele>764.0</ele>
      </trkpt>
      <trkpt lat="44.05436357714646" lon="3.099992573261261">
        <ele>765.0</ele>
      </trkpt>
      <trkpt lat="44.05422671376994" lon="3.1000140309333792">
        <ele>765.0</ele>
      </trkpt>
      <trkpt lat="44.05405707985014" lon="3.1000274419784537">
        <ele>766.0</ele>
      </trkpt>
      <trkpt lat="44.05394334774549" lon="3.10002475976944">
        <ele>766.0</ele>
      </trkpt>
      <trkpt lat="44.053822868456244" lon="3.1000287830914743">
        <ele>766.0</ele>
      </trkpt>
      <trkpt lat="44.05370238917497" lon="3.1000328063964835">
        <ele>767.0</ele>
      </trkpt>
      <trkpt lat="44.05356166891633" lon="3.1000381708145133">
        <ele>767.0</ele>
      </trkpt>
      <trkpt lat="44.05339974382141" lon="3.100032806396485">
        <ele>767.0</ele>
      </trkpt>
      <trkpt lat="44.05327058896402" lon="3.1000113487243657">
        <ele>767.0</ele>
      </trkpt>
      <trkpt lat="44.053137578443305" lon="3.099968433380127">
        <ele>768.0</ele>
      </trkpt>
      <trkpt lat="44.05305083229061" lon="3.0999308824539176">
        <ele>768.0</ele>
      </trkpt>
      <trkpt lat="44.05297757988492" lon="3.09984505176544">
        <ele>768.0</ele>
      </trkpt>
      <trkpt lat="44.052858062607406" lon="3.099729716777801">
        <ele>768.0</ele>
      </trkpt>
      <trkpt lat="44.05277517145075" lon="3.09963583946228">
        <ele>768.0</ele>
      </trkpt>
      <trkpt lat="44.0526864970617" lon="3.0995687842369075">
        <ele>769.0</ele>
      </trkpt>
      <trkpt lat="44.05259396712285" lon="3.0994749069213876">
        <ele>769.0</ele>
      </trkpt>
      <trkpt lat="44.05247444907122" lon="3.0993998050689693">
        <ele>769.0</ele>
      </trkpt>
      <trkpt lat="44.05239155737757" lon="3.0993488430976863">
        <ele>769.0</ele>
      </trkpt>
      <trkpt lat="44.05230481013211" lon="3.0993112921714765">
        <ele>769.0</ele>
      </trkpt>
      <trkpt lat="44.05224119540474" lon="3.0993112921714787">
        <ele>769.0</ele>
      </trkpt>
      <trkpt lat="44.05221227959692" lon="3.099351525306702">
        <ele>769.0</ele>
      </trkpt>
      <trkpt lat="44.05214866477009" lon="3.099429309368133">
        <ele>770.0</ele>
      </trkpt>
      <trkpt lat="44.052042639906915" lon="3.0995231866836543">
        <ele>770.0</ele>
      </trkpt>
      <trkpt lat="44.05193275939385" lon="3.0995902419090275">
        <ele>770.0</ele>
      </trkpt>
      <trkpt lat="44.05184793920924" lon="3.0996733903884888">
        <ele>770.0</ele>
      </trkpt>
      <trkpt lat="44.05176311890317" lon="3.09976190328598">
        <ele>771.0</ele>
      </trkpt>
      <trkpt lat="44.05172456417847" lon="3.0998343229293814">
        <ele>771.0</ele>
      </trkpt>
      <trkpt lat="44.0516860094286" lon="3.0999469757080083">
        <ele>772.0</ele>
      </trkpt>
      <trkpt lat="44.051632032736656" lon="3.100097179412842">
        <ele>772.0</ele>
      </trkpt>
      <trkpt lat="44.051564561802564" lon="3.1003144383430477">
        <ele>773.0</ele>
      </trkpt>
      <trkpt lat="44.051506729512155" lon="3.1004995107650752">
        <ele>773.0</ele>
      </trkpt>
      <trkpt lat="44.05147395785584" lon="3.100652396678924">
        <ele>773.0</ele>
      </trkpt>
      <trkpt lat="44.05139106476192" lon="3.100928664207459">
        <ele>774.0</ele>
      </trkpt>
      <trkpt lat="44.05133708780117" lon="3.1010895967483516">
        <ele>774.0</ele>
      </trkpt>
      <trkpt lat="44.05128985803319" lon="3.10125991716205">
        <ele>775.0</ele>
      </trkpt>
      <trkpt lat="44.0512426280015" lon="3.101430237293244">
        <ele>775.0</ele>
      </trkpt>
      <trkpt lat="44.05118479539676" lon="3.101652860641479">
        <ele>776.0</ele>
      </trkpt>
      <trkpt lat="44.05115780682848" lon="3.101837933063507">
        <ele>776.0</ele>
      </trkpt>
      <trkpt lat="44.05115395131777" lon="3.1019371747970577">
        <ele>776.0</ele>
      </trkpt>
      <trkpt lat="44.05117322886897" lon="3.102041780948639">
        <ele>776.0</ele>
      </trkpt>
      <trkpt lat="44.05118865090567" lon="3.102127611637116">
        <ele>776.0</ele>
      </trkpt>
      <trkpt lat="44.05098430859648" lon="3.1021249294280997">
        <ele>776.0</ele>
      </trkpt>
      <trkpt lat="44.05083008751898" lon="3.1021195650100712">
        <ele>776.0</ele>
      </trkpt>
      <trkpt lat="44.05068164935255" lon="3.102087378501893">
        <ele>775.0</ele>
      </trkpt>
      <trkpt lat="44.05048308862623" lon="3.1019586324691777">
        <ele>775.0</ele>
      </trkpt>
      <trkpt lat="44.05037609681329" lon="3.1018888949037753">
        <ele>775.0</ele>
      </trkpt>
      <trkpt lat="44.05026910496231" lon="3.1018191576004037">
        <ele>774.0</ele>
      </trkpt>
      <trkpt lat="44.050116809811676" lon="3.1016018986701974">
        <ele>774.0</ele>
      </trkpt>
      <trkpt lat="44.050024275833294" lon="3.1014972923486503">
        <ele>773.0</ele>
      </trkpt>
      <trkpt lat="44.04993174175976" lon="3.101392686367035">
        <ele>773.0</ele>
      </trkpt>
      <trkpt lat="44.049839207511795" lon="3.1012693045518773">
        <ele>773.0</ele>
      </trkpt>
      <trkpt lat="44.049746673129576" lon="3.1011459231376644">
        <ele>773.0</ele>
      </trkpt>
      <trkpt lat="44.04963678833201" lon="3.101013153535253">
        <ele>773.0</ele>
      </trkpt>
      <trkpt lat="44.049526903380155" lon="3.1008803844451904">
        <ele>773.0</ele>
      </trkpt>
      <trkpt lat="44.04944400757846" lon="3.100750297118618">
        <ele>774.0</ele>
      </trkpt>
      <trkpt lat="44.049361111626034" lon="3.1006202101707467">
        <ele>774.0</ele>
      </trkpt>
      <trkpt lat="44.04927339606225" lon="3.100475370660863">
        <ele>774.0</ele>
      </trkpt>
      <trkpt lat="44.04918568031115" lon="3.1003305315971383">
        <ele>775.0</ele>
      </trkpt>
      <trkpt lat="44.04910856748082" lon="3.100169599056244">
        <ele>775.0</ele>
      </trkpt>
      <trkpt lat="44.049100856192304" lon="3.100105226039887">
        <ele>776.0</ele>
      </trkpt>
      <trkpt lat="44.049017959776954" lon="3.099976480007172">
        <ele>776.0</ele>
      </trkpt>
      <trkpt lat="44.048888795390916" lon="3.099782019412563">
        <ele>777.0</ele>
      </trkpt>
      <trkpt lat="44.04875963066881" lon="3.099587559700013">
        <ele>777.0</ele>
      </trkpt>
      <trkpt lat="44.048622111802196" lon="3.09937745231251">
        <ele>778.0</ele>
      </trkpt>
      <trkpt lat="44.048484592542906" lon="3.099167345939678">
        <ele>779.0</ele>
      </trkpt>
      <trkpt lat="44.04834707289097" lon="3.0989572405815125">
        <ele>780.0</ele>
      </trkpt>
      <trkpt lat="44.04820441208409" lon="3.098752497600983">
        <ele>781.0</ele>
      </trkpt>
      <trkpt lat="44.04806175090569" lon="3.098547755646181">
        <ele>782.0</ele>
      </trkpt>
      <trkpt lat="44.04791908935575" lon="3.0983430147171016">
        <ele>783.0</ele>
      </trkpt>
      <trkpt lat="44.04779763404007" lon="3.0981539185782925">
        <ele>784.0</ele>
      </trkpt>
      <trkpt lat="44.04767617840603" lon="3.097964823246003">
        <ele>784.0</ele>
      </trkpt>
      <trkpt lat="44.04761063089281" lon="3.097821324898552">
        <ele>785.0</ele>
      </trkpt>
      <trkpt lat="44.04754508319391" lon="3.0976778268814087">
        <ele>786.0</ele>
      </trkpt>
      <trkpt lat="44.04748339143879" lon="3.0974471566562647">
        <ele>786.0</ele>
      </trkpt>
      <trkpt lat="44.04742169919978" lon="3.097216486930847">
        <ele>787.0</ele>
      </trkpt>
      <trkpt lat="44.04735807954409" lon="3.096938877987701">
        <ele>787.0</ele>
      </trkpt>
      <trkpt lat="44.0472944591867" lon="3.0966612696647653">
        <ele>787.0</ele>
      </trkpt>
      <trkpt lat="44.04723565910708" lon="3.096383660745111">
        <ele>788.0</ele>
      </trkpt>
      <trkpt lat="44.04717685832547" lon="3.096106052398682">
        <ele>788.0</ele>
      </trkpt>
      <trkpt lat="44.04713328911891" lon="3.0958635799617604">
        <ele>789.0</ele>
      </trkpt>
      <trkpt lat="44.047089719376345" lon="3.0956211078958216">
        <ele>789.0</ele>
      </trkpt>
      <trkpt lat="44.04704614909781" lon="3.095378636200872">
        <ele>789.0</ele>
      </trkpt>
      <trkpt lat="44.04700257828334" lon="3.0951361648769127">
        <ele>790.0</ele>
      </trkpt>
      <trkpt lat="44.04695900693289" lon="3.0948936939239498">
        <ele>790.0</ele>
      </trkpt>
      <trkpt lat="44.046909654024326" lon="3.094634055191338">
        <ele>791.0</ele>
      </trkpt>
      <trkpt lat="44.04686030050135" lon="3.0943744169087064">
        <ele>791.0</ele>
      </trkpt>
      <trkpt lat="44.046810946363976" lon="3.0941147790760617">
        <ele>792.0</ele>
      </trkpt>
      <trkpt lat="44.0467615916122" lon="3.093855141693405">
        <ele>792.0</ele>
      </trkpt>
      <trkpt lat="44.04671223624603" lon="3.093595504760742">
        <ele>792.0</ele>
      </trkpt>
      <trkpt lat="44.04664797349825" lon="3.093320130680449">
        <ele>792.0</ele>
      </trkpt>
      <trkpt lat="44.04658371006011" lon="3.0930447572215867">
        <ele>792.0</ele>
      </trkpt>
      <trkpt lat="44.04651944593161" lon="3.0927693843841557">
        <ele>792.0</ele>
      </trkpt>
      <trkpt lat="44.046434618273615" lon="3.0924957986571555">
        <ele>792.0</ele>
      </trkpt>
      <trkpt lat="44.046349789935924" lon="3.092222213745118">
        <ele>792.0</ele>
      </trkpt>
      <trkpt lat="44.04623025939078" lon="3.0919969077150147">
        <ele>792.0</ele>
      </trkpt>
      <trkpt lat="44.046110728389934" lon="3.0917716026306157">
        <ele>792.0</ele>
      </trkpt>
      <trkpt lat="44.04599119724883" lon="3.091610669751971">
        <ele>792.0</ele>
      </trkpt>
      <trkpt lat="44.04587166587914" lon="3.091449737548829">
        <ele>792.0</ele>
      </trkpt>
      <trkpt lat="44.04579454880883" lon="3.0912834403647373">
        <ele>792.0</ele>
      </trkpt>
      <trkpt lat="44.04571743148922" lon="3.091117143630981">
        <ele>791.0</ele>
      </trkpt>
      <trkpt lat="44.045688513255335" lon="3.0908784266650295">
        <ele>791.0</ele>
      </trkpt>
      <trkpt lat="44.04565959450135" lon="3.090639709941493">
        <ele>791.0</ele>
      </trkpt>
      <trkpt lat="44.045630675227315" lon="3.090400993460374">
        <ele>791.0</ele>
      </trkpt>
      <trkpt lat="44.04560175543322" lon="3.090162277221679">
        <ele>790.0</ele>
      </trkpt>
      <trkpt lat="44.045570909571694" lon="3.089872598177401">
        <ele>790.0</ele>
      </trkpt>
      <trkpt lat="44.04554006294418" lon="3.0895829194468973">
        <ele>789.0</ele>
      </trkpt>
      <trkpt lat="44.04550921555067" lon="3.0892932410301768">
        <ele>789.0</ele>
      </trkpt>
      <trkpt lat="44.04547836739118" lon="3.0890035629272465">
        <ele>788.0</ele>
      </trkpt>
      <trkpt lat="44.04544972603204" lon="3.0887092853930778">
        <ele>787.0</ele>
      </trkpt>
      <trkpt lat="44.045421083882296" lon="3.0884150081548833">
        <ele>787.0</ele>
      </trkpt>
      <trkpt lat="44.04539244094196" lon="3.088120731212673">
        <ele>786.0</ele>
      </trkpt>
      <trkpt lat="44.04536379721104" lon="3.087826454566451">
        <ele>786.0</ele>
      </trkpt>
      <trkpt lat="44.045335152689525" lon="3.0875321782162293">
        <ele>785.0</ele>
      </trkpt>
      <trkpt lat="44.04530650737743" lon="3.0872379021620118">
        <ele>784.0</ele>
      </trkpt>
      <trkpt lat="44.045277861274755" lon="3.0869436264038095">
        <ele>784.0</ele>
      </trkpt>
      <trkpt lat="44.045251642341235" lon="3.0866904254065504">
        <ele>783.0</ele>
      </trkpt>
      <trkpt lat="44.04522542282246" lon="3.086437224642414">
        <ele>782.0</ele>
      </trkpt>
      <trkpt lat="44.04519920271847" lon="3.086184024111403">
        <ele>782.0</ele>
      </trkpt>
      <trkpt lat="44.045172982029214" lon="3.0859308238135243">
        <ele>781.0</ele>
      </trkpt>
      <trkpt lat="44.04514676075472" lon="3.08567762374878">
        <ele>780.0</ele>
      </trkpt>
      <trkpt lat="44.04510948895186" lon="3.0853825797917165">
        <ele>779.0</ele>
      </trkpt>
      <trkpt lat="44.0450722163546" lon="3.085087536220813">
        <ele>778.0</ele>
      </trkpt>
      <trkpt lat="44.04503494296291" lon="3.0847924930360775">
        <ele>777.0</ele>
      </trkpt>
      <trkpt lat="44.044997668776865" lon="3.084497450237517">
        <ele>777.0</ele>
      </trkpt>
      <trkpt lat="44.044960393796394" lon="3.084202407825139">
        <ele>776.0</ele>
      </trkpt>
      <trkpt lat="44.04492311802153" lon="3.083907365798951">
        <ele>775.0</ele>
      </trkpt>
      <trkpt lat="44.04488456037123" lon="3.0836133948948485">
        <ele>774.0</ele>
      </trkpt>
      <trkpt lat="44.044846001932335" lon="3.0833194243887734">
        <ele>773.0</ele>
      </trkpt>
      <trkpt lat="44.044807442704865" lon="3.083025454280734">
        <ele>772.0</ele>
      </trkpt>
      <trkpt lat="44.04476888268883" lon="3.0827314845707363">
        <ele>771.0</ele>
      </trkpt>
      <trkpt lat="44.044730321884195" lon="3.082437515258789">
        <ele>770.0</ele>
      </trkpt>
      <trkpt lat="44.04469407733119" lon="3.0821773403220654">
        <ele>769.0</ele>
      </trkpt>
      <trkpt lat="44.044657832160546" lon="3.081917165716476">
        <ele>768.0</ele>
      </trkpt>
      <trkpt lat="44.044621586372315" lon="3.0816569914420273">
        <ele>766.0</ele>
      </trkpt>
      <trkpt lat="44.04458533996647" lon="3.081396817498722">
        <ele>765.0</ele>
      </trkpt>
      <trkpt lat="44.04454909294304" lon="3.0811366438865666">
        <ele>764.0</ele>
      </trkpt>
      <trkpt lat="44.04450860555059" lon="3.080863058567047">
        <ele>762.0</ele>
      </trkpt>
      <trkpt lat="44.04437750332814" lon="3.080648481845857">
        <ele>761.0</ele>
      </trkpt>
      <trkpt lat="44.04427146455363" lon="3.0804446339607243">
        <ele>760.0</ele>
      </trkpt>
      <trkpt lat="44.04412975786961" lon="3.08026358440177">
        <ele>758.0</ele>
      </trkpt>
      <trkpt lat="44.04398805089738" lon="3.080082535743713">
        <ele>757.0</ele>
      </trkpt>
      <trkpt lat="44.043902255326635" lon="3.079976588328033">
        <ele>756.0</ele>
      </trkpt>
      <trkpt lat="44.04381645965745" lon="3.079870641231537">
        <ele>755.0</ele>
      </trkpt>
      <trkpt lat="44.04365450791887" lon="3.0797928571701045">
        <ele>754.0</ele>
      </trkpt>
      <trkpt lat="44.04353015169268" lon="3.0797499417321683">
        <ele>754.0</ele>
      </trkpt>
      <trkpt lat="44.04340579545831" lon="3.079707026481628">
        <ele>753.0</ele>
      </trkpt>
      <trkpt lat="44.04329879087062" lon="3.079623877845956">
        <ele>752.0</ele>
      </trkpt>
      <trkpt lat="44.04319178622622" lon="3.079540729522705">
        <ele>751.0</ele>
      </trkpt>
      <trkpt lat="44.043078033191264" lon="3.07943880537658">
        <ele>751.0</ele>
      </trkpt>
      <trkpt lat="44.042964280068674" lon="3.079336881637574">
        <ele>750.0</ele>
      </trkpt>
      <trkpt lat="44.04280039797316" lon="3.0791464447975163">
        <ele>750.0</ele>
      </trkpt>
      <trkpt lat="44.04272616893545" lon="3.0789922175781657">
        <ele>749.0</ele>
      </trkpt>
      <trkpt lat="44.04265193968353" lon="3.0788379907608037">
        <ele>749.0</ele>
      </trkpt>
      <trkpt lat="44.04256517821431" lon="3.078685104614068">
        <ele>749.0</ele>
      </trkpt>
      <trkpt lat="44.04247841653581" lon="3.078532218933105">
        <ele>749.0</ele>
      </trkpt>
      <trkpt lat="44.04237815846286" lon="3.0784128604218473">
        <ele>749.0</ele>
      </trkpt>
      <trkpt lat="44.042277900265404" lon="3.0782935023307796">
        <ele>749.0</ele>
      </trkpt>
      <trkpt lat="44.042172821714175" lon="3.0781848726652727">
        <ele>749.0</ele>
      </trkpt>
      <trkpt lat="44.042067743061345" lon="3.0780762434005733">
        <ele>749.0</ele>
      </trkpt>
      <trkpt lat="44.04188843386388" lon="3.07791933367924">
        <ele>749.0</ele>
      </trkpt>
      <trkpt lat="44.04170912445952" lon="3.077762424945832">
        <ele>749.0</ele>
      </trkpt>
      <trkpt lat="44.04158958434437" lon="3.077687322935797">
        <ele>749.0</ele>
      </trkpt>
      <trkpt lat="44.04147004418567" lon="3.0776122212409973">
        <ele>749.0</ele>
      </trkpt>
      <trkpt lat="44.041313870260005" lon="3.0775022506713867">
        <ele>749.0</ele>
      </trkpt>
      <trkpt lat="44.04112491854034" lon="3.077362775802613">
        <ele>749.0</ele>
      </trkpt>
      <trkpt lat="44.04096681561798" lon="3.0772742629051213">
        <ele>749.0</ele>
      </trkpt>
      <trkpt lat="44.040874267370086" lon="3.0771750211715707">
        <ele>749.0</ele>
      </trkpt>
      <trkpt lat="44.04081256845783" lon="3.0770328640937805">
        <ele>749.0</ele>
      </trkpt>
      <trkpt lat="44.040764366137964" lon="3.076901435852051">
        <ele>749.0</ele>
      </trkpt>
      <trkpt lat="44.04063325562944" lon="3.0767405033111572">
        <ele>749.0</ele>
      </trkpt>
      <trkpt lat="44.04049057621697" lon="3.076555430889129">
        <ele>749.0</ele>
      </trkpt>
      <trkpt lat="44.04039995531161" lon="3.0764481423578416">
        <ele>749.0</ele>
      </trkpt>
      <trkpt lat="44.040309334305704" lon="3.0763408541679373">
        <ele>749.0</ele>
      </trkpt>
      <trkpt lat="44.04021003662555" lon="3.076216131231318">
        <ele>750.0</ele>
      </trkpt>
      <trkpt lat="44.040110738808835" lon="3.0760914087295537">
        <ele>750.0</ele>
      </trkpt>
      <trkpt lat="44.039998908043444" lon="3.075935840301261">
        <ele>750.0</ele>
      </trkpt>
      <trkpt lat="44.039887077063966" lon="3.075780272483826">
        <ele>751.0</ele>
      </trkpt>
      <trkpt lat="44.03980127555413" lon="3.075674325068145">
        <ele>751.0</ele>
      </trkpt>
      <trkpt lat="44.03971547394589" lon="3.075568377971649">
        <ele>752.0</ele>
      </trkpt>
      <trkpt lat="44.03965570195659" lon="3.0755066871643066">
        <ele>752.0</ele>
      </trkpt>
      <trkpt lat="44.03954772661792" lon="3.0753430721042476">
        <ele>753.0</ele>
      </trkpt>
      <trkpt lat="44.039439751041215" lon="3.0751794576644897">
        <ele>753.0</ele>
      </trkpt>
      <trkpt lat="44.03936937403669" lon="3.075056075897362">
        <ele>754.0</ele>
      </trkpt>
      <trkpt lat="44.039298996895866" lon="3.0749326944351187">
        <ele>755.0</ele>
      </trkpt>
      <trkpt lat="44.03924211677602" lon="3.074782490580295">
        <ele>756.0</ele>
      </trkpt>
      <trkpt lat="44.03918523645189" lon="3.074632287025451">
        <ele>756.0</ele>
      </trkpt>
      <trkpt lat="44.03909268542108" lon="3.0743533372879033">
        <ele>757.0</ele>
      </trkpt>
      <trkpt lat="44.039012667337985" lon="3.074161559073932">
        <ele>757.0</ele>
      </trkpt>
      <trkpt lat="44.038932648922525" lon="3.0739697813987736">
        <ele>758.0</ele>
      </trkpt>
      <trkpt lat="44.03887191215404" lon="3.0738075075803435">
        <ele>758.0</ele>
      </trkpt>
      <trkpt lat="44.03881117514708" lon="3.073645234107971">
        <ele>759.0</ele>
      </trkpt>
      <trkpt lat="44.038761043154956" lon="3.07347223147425">
        <ele>759.0</ele>
      </trkpt>
      <trkpt lat="44.03871091089082" lon="3.0732992291450505">
        <ele>760.0</ele>
      </trkpt>
      <trkpt lat="44.03865499435578" lon="3.073106109906402">
        <ele>760.0</ele>
      </trkpt>
      <trkpt lat="44.038599077481784" lon="3.0729129910469055">
        <ele>761.0</ele>
      </trkpt>
      <trkpt lat="44.0385769036993" lon="3.0727560817584525">
        <ele>761.0</ele>
      </trkpt>
      <trkpt lat="44.038554729692166" lon="3.072599172592163">
        <ele>762.0</ele>
      </trkpt>
      <trkpt lat="44.03855376582771" lon="3.0723805725537496">
        <ele>763.0</ele>
      </trkpt>
      <trkpt lat="44.038552801526684" lon="3.0721619725227356">
        <ele>763.0</ele>
      </trkpt>
      <trkpt lat="44.03857786767352" lon="3.0719769001007085">
        <ele>764.0</ele>
      </trkpt>
      <trkpt lat="44.03856051418838" lon="3.07169258594513">
        <ele>765.0</ele>
      </trkpt>
      <trkpt lat="44.0385797958382" lon="3.071456551551819">
        <ele>766.0</ele>
      </trkpt>
      <trkpt lat="44.038597149317745" lon="3.0711802840232854">
        <ele>767.0</ele>
      </trkpt>
      <trkpt lat="44.03858558033195" lon="3.0709388852119455">
        <ele>768.0</ele>
      </trkpt>
      <trkpt lat="44.03858172400285" lon="3.0706465244293204">
        <ele>768.0</ele>
      </trkpt>
      <trkpt lat="44.03859618542365" lon="3.0704426765959405">
        <ele>769.0</ele>
      </trkpt>
      <trkpt lat="44.03861064646494" lon="3.070238828659057">
        <ele>769.0</ele>
      </trkpt>
      <trkpt lat="44.03865885053702" lon="3.0699706077575697">
        <ele>770.0</ele>
      </trkpt>
      <trkpt lat="44.03867041950847" lon="3.069788217544556">
        <ele>770.0</ele>
      </trkpt>
      <trkpt lat="44.03865885053702" lon="3.069546818733215">
        <ele>770.0</ele>
      </trkpt>
      <trkpt lat="44.03863764075014" lon="3.0692437291145325">
        <ele>770.0</ele>
      </trkpt>
      <trkpt lat="44.03865885053702" lon="3.068975508213043">
        <ele>769.0</ele>
      </trkpt>
      <trkpt lat="44.0386742758318" lon="3.0688735842704777">
        <ele>769.0</ele>
      </trkpt>
      <trkpt lat="44.038662706861075" lon="3.0686429142951965">
        <ele>769.0</ele>
      </trkpt>
      <trkpt lat="44.03863571258733" lon="3.0683532357215886">
        <ele>768.0</ele>
      </trkpt>
      <trkpt lat="44.038659814725456" lon="3.0681963265606114">
        <ele>768.0</ele>
      </trkpt>
      <trkpt lat="44.03868391663901" lon="3.0680394172668466">
        <ele>768.0</ele>
      </trkpt>
      <trkpt lat="44.038747545927215" lon="3.0677953362464914">
        <ele>767.0</ele>
      </trkpt>
      <trkpt lat="44.03881695961822" lon="3.0675137042999263">
        <ele>767.0</ele>
      </trkpt>
      <trkpt lat="44.03886709167779" lon="3.0673554539680485">
        <ele>767.0</ele>
      </trkpt>
      <trkpt lat="44.03895193045125" lon="3.0671972036361694">
        <ele>767.0</ele>
      </trkpt>
      <trkpt lat="44.03900977499987" lon="3.067028224468231">
        <ele>767.0</ele>
      </trkpt>
      <trkpt lat="44.039050266150284" lon="3.0668994784355172">
        <ele>768.0</ele>
      </trkpt>
      <trkpt lat="44.03913124836814" lon="3.066671490669251">
        <ele>768.0</ele>
      </trkpt>
      <trkpt lat="44.039227655626014" lon="3.0664166808128357">
        <ele>768.0</ele>
      </trkpt>
      <trkpt lat="44.03927393105409" lon="3.0661725997924814">
        <ele>768.0</ele>
      </trkpt>
      <trkpt lat="44.03927393105409" lon="3.065968751907349">
        <ele>768.0</ele>
      </trkpt>
      <trkpt lat="44.039239224486444" lon="3.0657622218132015">
        <ele>769.0</ele>
      </trkpt>
      <trkpt lat="44.0391794520167" lon="3.0655691027641296">
        <ele>769.0</ele>
      </trkpt>
      <trkpt lat="44.039094613569034" lon="3.0654028058052063">
        <ele>769.0</ele>
      </trkpt>
      <trkpt lat="44.03903676910323" lon="3.0652150511741643">
        <ele>769.0</ele>
      </trkpt>
      <trkpt lat="44.039008811037974" lon="3.0650527774491136">
        <ele>769.0</ele>
      </trkpt>
      <trkpt lat="44.03898085273262" lon="3.064890503883362">
        <ele>770.0</ele>
      </trkpt>
      <trkpt lat="44.0389866371872" lon="3.064700067043305">
        <ele>769.0</ele>
      </trkpt>
      <trkpt lat="44.039027128353425" lon="3.0645149946212764">
        <ele>769.0</ele>
      </trkpt>
      <trkpt lat="44.03901941575247" lon="3.06431919336319">
        <ele>769.0</ele>
      </trkpt>
      <trkpt lat="44.038979888761475" lon="3.0641582607106197">
        <ele>769.0</ele>
      </trkpt>
      <trkpt lat="44.038940361534756" lon="3.0639973282814026">
        <ele>768.0</ele>
      </trkpt>
      <trkpt lat="44.038870947988336" lon="3.0637237429618844">
        <ele>768.0</ele>
      </trkpt>
      <trkpt lat="44.038795749887925" lon="3.0634662508964543">
        <ele>768.0</ele>
      </trkpt>
      <trkpt lat="44.03875140239402" lon="3.06327581390813">
        <ele>767.0</ele>
      </trkpt>
      <trkpt lat="44.038707054569876" lon="3.0630853772163396">
        <ele>767.0</ele>
      </trkpt>
      <trkpt lat="44.03863378442442" lon="3.0627956986427307">
        <ele>767.0</ele>
      </trkpt>
      <trkpt lat="44.03859136482513" lon="3.062677681446075">
        <ele>766.0</ele>
      </trkpt>
      <trkpt lat="44.038550873361096" lon="3.0625784397125253">
        <ele>766.0</ele>
      </trkpt>
      <trkpt lat="44.03853930436629" lon="3.0625033378601074">
        <ele>766.0</ele>
      </trkpt>
      <trkpt lat="44.03859522115361" lon="3.062374591827392">
        <ele>766.0</ele>
      </trkpt>
      <trkpt lat="44.038649209725754" lon="3.0622860789299025">
        <ele>766.0</ele>
      </trkpt>
      <trkpt lat="44.03876682751621" lon="3.0622082948684697">
        <ele>765.0</ele>
      </trkpt>
      <trkpt lat="44.038932166202876" lon="3.0621586744337903">
        <ele>765.0</ele>
      </trkpt>
      <trkpt lat="44.03909750488239" lon="3.062109053711049">
        <ele>765.0</ele>
      </trkpt>
      <trkpt lat="44.039262843554766" lon="3.062059432700241">
        <ele>764.0</ele>
      </trkpt>
      <trkpt lat="44.039428182219964" lon="3.0620098114013667">
        <ele>764.0</ele>
      </trkpt>
      <trkpt lat="44.03942924098856" lon="3.0620095447675015">
        <ele>763.0</ele>
      </trkpt>
      <trkpt lat="44.03957729092374" lon="3.061972260671756">
        <ele>762.0</ele>
      </trkpt>
      <trkpt lat="44.039726399627106" lon="3.0619347097455485">
        <ele>761.0</ele>
      </trkpt>
      <trkpt lat="44.03987550833005" lon="3.0618971586227413">
        <ele>760.0</ele>
      </trkpt>
      <trkpt lat="44.040044539686626" lon="3.061847091018287">
        <ele>760.0</ele>
      </trkpt>
      <trkpt lat="44.040213571036304" lon="3.061797023116676">
        <ele>759.0</ele>
      </trkpt>
      <trkpt lat="44.04038260237914" lon="3.0617469549179073">
        <ele>758.0</ele>
      </trkpt>
      <trkpt lat="44.040529138254215" lon="3.06171476840973">
        <ele>758.0</ele>
      </trkpt>
      <trkpt lat="44.04068210036572" lon="3.0616691711013764">
        <ele>757.0</ele>
      </trkpt>
      <trkpt lat="44.04083506247134" lon="3.061623573548124">
        <ele>757.0</ele>
      </trkpt>
      <trkpt lat="44.04098802457109" lon="3.06157797574997">
        <ele>757.0</ele>
      </trkpt>
      <trkpt lat="44.04120107734042" lon="3.0615270139693083">
        <ele>757.0</ele>
      </trkpt>
      <trkpt lat="44.04141413011145" lon="3.0614760518074045">
        <ele>758.0</ele>
      </trkpt>
      <trkpt lat="44.04160500867043" lon="3.0614224078068766">
        <ele>758.0</ele>
      </trkpt>
      <trkpt lat="44.04179588722355" lon="3.061368763446808">
        <ele>758.0</ele>
      </trkpt>
      <trkpt lat="44.041989977653905" lon="3.0613106493142124">
        <ele>759.0</ele>
      </trkpt>
      <trkpt lat="44.04218406807454" lon="3.061252534785558">
        <ele>759.0</ele>
      </trkpt>
      <trkpt lat="44.04237815848543" lon="3.061194419860839">
        <ele>760.0</ele>
      </trkpt>
      <trkpt lat="44.04258445851979" lon="3.061100542545319">
        <ele>760.0</ele>
      </trkpt>
      <trkpt lat="44.04271363658472" lon="3.060995936630981">
        <ele>760.0</ele>
      </trkpt>
      <trkpt lat="44.04284281455903" lon="3.060891330242157">
        <ele>760.0</ele>
      </trkpt>
      <trkpt lat="44.04298741632799" lon="3.060708940029144">
        <ele>760.0</ele>
      </trkpt>
      <trkpt lat="44.04304140089792" lon="3.060598969459534">
        <ele>760.0</ele>
      </trkpt>
      <trkpt lat="44.04315226204156" lon="3.0603723232389193">
        <ele>760.0</ele>
      </trkpt>
      <trkpt lat="44.04326312272281" lon="3.060145676136016">
        <ele>760.0</ele>
      </trkpt>
      <trkpt lat="44.043310359091684" lon="3.0599927903489608">
        <ele>760.0</ele>
      </trkpt>
      <trkpt lat="44.04335759524827" lon="3.059839904308319">
        <ele>759.0</ele>
      </trkpt>
      <trkpt lat="44.043390371395375" lon="3.0596387386322017">
        <ele>759.0</ele>
      </trkpt>
      <trkpt lat="44.043384587370724" lon="3.0593758821487436">
        <ele>759.0</ele>
      </trkpt>
      <trkpt lat="44.04337494756501" lon="3.0591478943438895">
        <ele>759.0</ele>
      </trkpt>
      <trkpt lat="44.043365307284525" lon="3.058919906616211">
        <ele>758.0</ele>
      </trkpt>
      <trkpt lat="44.043345385043644" lon="3.058679401706292">
        <ele>758.0</ele>
      </trkpt>
      <trkpt lat="44.04332546227459" lon="3.058438896964623">
        <ele>757.0</ele>
      </trkpt>
      <trkpt lat="44.04330553897736" lon="3.058198392391205">
        <ele>756.0</ele>
      </trkpt>
      <trkpt lat="44.043290115143606" lon="3.0579610168291045">
        <ele>756.0</ele>
      </trkpt>
      <trkpt lat="44.043274690795236" lon="3.0577236413955693">
        <ele>755.0</ele>
      </trkpt>
      <trkpt lat="44.04328433085391" lon="3.0574554204940796">
        <ele>754.0</ele>
      </trkpt>
      <trkpt lat="44.04331035910524" lon="3.0573025346500957">
        <ele>753.0</ele>
      </trkpt>
      <trkpt lat="44.04333638714345" lon="3.0571496486663823">
        <ele>752.0</ele>
      </trkpt>
      <trkpt lat="44.043398083508535" lon="3.0569913985059216">
        <ele>751.0</ele>
      </trkpt>
      <trkpt lat="44.043459779647" lon="3.056833148002625">
        <ele>750.0</ele>
      </trkpt>
      <trkpt lat="44.04354268384099" lon="3.0566319823265067">
        <ele>750.0</ele>
      </trkpt>
      <trkpt lat="44.043496411747036" lon="3.0564442276954655">
        <ele>749.0</ele>
      </trkpt>
      <trkpt lat="44.04343327012309" lon="3.0562236152702833">
        <ele>749.0</ele>
      </trkpt>
      <trkpt lat="44.043370128056765" lon="3.056003003334238">
        <ele>749.0</ele>
      </trkpt>
      <trkpt lat="44.0433069855481" lon="3.0557823918873313">
        <ele>749.0</ele>
      </trkpt>
      <trkpt lat="44.04324384259707" lon="3.055561780929565">
        <ele>749.0</ele>
      </trkpt>
      <trkpt lat="44.04320913851477" lon="3.0553686617628246">
        <ele>749.0</ele>
      </trkpt>
      <trkpt lat="44.04317443409244" lon="3.055175542831421">
        <ele>749.0</ele>
      </trkpt>
      <trkpt lat="44.04319949828408" lon="3.0549609661102295">
        <ele>748.0</ele>
      </trkpt>
      <trkpt lat="44.043253482722484" lon="3.0548228324768876">
        <ele>748.0</ele>
      </trkpt>
      <trkpt lat="44.043307466988225" lon="3.0546846985816964">
        <ele>747.0</ele>
      </trkpt>
      <trkpt lat="44.043364343338986" lon="3.0545465649553676">
        <ele>747.0</ele>
      </trkpt>
      <trkpt lat="44.04342121951725" lon="3.054408431053161">
        <ele>746.0</ele>
      </trkpt>
      <trkpt lat="44.04347520369189" lon="3.0541321635246277">
        <ele>746.0</ele>
      </trkpt>
      <trkpt lat="44.04348773589913" lon="3.053936362309622">
        <ele>745.0</ele>
      </trkpt>
      <trkpt lat="44.043500267756244" lon="3.0537405610084534">
        <ele>745.0</ele>
      </trkpt>
      <trkpt lat="44.04349448374235" lon="3.0535367131233215">
        <ele>744.0</ele>
      </trkpt>
      <trkpt lat="44.043459779647" lon="3.05331140756607">
        <ele>744.0</ele>
      </trkpt>
      <trkpt lat="44.043369163302266" lon="3.0531397461891183">
        <ele>744.0</ele>
      </trkpt>
      <trkpt lat="44.043278546818925" lon="3.0530163645744324">
        <ele>744.0</ele>
      </trkpt>
      <trkpt lat="44.043216850410495" lon="3.0528554320335393">
        <ele>745.0</ele>
      </trkpt>
      <trkpt lat="44.04317250607727" lon="3.052724003791809">
        <ele>745.0</ele>
      </trkpt>
      <trkpt lat="44.04308767334732" lon="3.0526140332221994">
        <ele>746.0</ele>
      </trkpt>
      <trkpt lat="44.04295271193562" lon="3.0525442957878117">
        <ele>746.0</ele>
      </trkpt>
      <trkpt lat="44.042823534158856" lon="3.0525027214537923">
        <ele>747.0</ele>
      </trkpt>
      <trkpt lat="44.04269435637567" lon="3.0524611473083505">
        <ele>747.0</ele>
      </trkpt>
      <trkpt lat="44.042569034242995" lon="3.052404820919037">
        <ele>748.0</ele>
      </trkpt>
      <trkpt lat="44.04246492020773" lon="3.0523203311806273">
        <ele>748.0</ele>
      </trkpt>
      <trkpt lat="44.042360806113344" lon="3.052235841751098">
        <ele>748.0</ele>
      </trkpt>
      <trkpt lat="44.042204634535786" lon="3.0522090196609506">
        <ele>749.0</ele>
      </trkpt>
      <trkpt lat="44.04204653449474" lon="3.052160739898681">
        <ele>749.0</ele>
      </trkpt>
      <trkpt lat="44.04192988713252" lon="3.0521178244665546">
        <ele>749.0</ele>
      </trkpt>
      <trkpt lat="44.04181323976108" lon="3.0520749092102055">
        <ele>749.0</ele>
      </trkpt>
      <trkpt lat="44.04162043350276" lon="3.0520480871200557">
        <ele>750.0</ele>
      </trkpt>
      <trkpt lat="44.04150089330746" lon="3.0520373582839966">
        <ele>750.0</ele>
      </trkpt>
      <trkpt lat="44.04141220203899" lon="3.051964938640594">
        <ele>750.0</ele>
      </trkpt>
      <trkpt lat="44.04131579833568" lon="3.051852285861968">
        <ele>749.0</ele>
      </trkpt>
      <trkpt lat="44.04117697672734" lon="3.0517584085464473">
        <ele>749.0</ele>
      </trkpt>
      <trkpt lat="44.041046831048625" lon="3.0516886709527182">
        <ele>749.0</ele>
      </trkpt>
      <trkpt lat="44.04091668533498" lon="3.0516189336776742">
        <ele>749.0</ele>
      </trkpt>
      <trkpt lat="44.040786539099166" lon="3.0515290794703693">
        <ele>748.0</ele>
      </trkpt>
      <trkpt lat="44.040656392799065" lon="3.051439225673676">
        <ele>748.0</ele>
      </trkpt>
      <trkpt lat="44.04054552702117" lon="3.051380216960494">
        <ele>747.0</ele>
      </trkpt>
      <trkpt lat="44.04043466121837" lon="3.051321208477021">
        <ele>747.0</ele>
      </trkpt>
      <trkpt lat="44.040318974749056" lon="3.0512568353299208">
        <ele>746.0</ele>
      </trkpt>
      <trkpt lat="44.0402032882494" lon="3.0511924624443054">
        <ele>746.0</ele>
      </trkpt>
      <trkpt lat="44.04003747020814" lon="3.0510891970966147">
        <ele>745.0</ele>
      </trkpt>
      <trkpt lat="44.0398716520849" lon="3.0509859323501587">
        <ele>745.0</ele>
      </trkpt>
      <trkpt lat="44.03975307231916" lon="3.050924241414389">
        <ele>744.0</ele>
      </trkpt>
      <trkpt lat="44.03963449252656" lon="3.0508625507354745">
        <ele>744.0</ele>
      </trkpt>
      <trkpt lat="44.039453247996484" lon="3.050739169120789">
        <ele>744.0</ele>
      </trkpt>
      <trkpt lat="44.03933370334302" lon="3.050646632715569">
        <ele>743.0</ele>
      </trkpt>
      <trkpt lat="44.03921415861937" lon="3.0505540966987614">
        <ele>743.0</ele>
      </trkpt>
      <trkpt lat="44.03909172123945" lon="3.0504830180070837">
        <ele>742.0</ele>
      </trkpt>
      <trkpt lat="44.03896928382177" lon="3.0504119396209717">
        <ele>742.0</ele>
      </trkpt>
      <trkpt lat="44.03886516352246" lon="3.050369024276734">
        <ele>742.0</ele>
      </trkpt>
      <trkpt lat="44.038725371937616" lon="3.0503100155335914">
        <ele>742.0</ele>
      </trkpt>
      <trkpt lat="44.03858558033194" lon="3.0502510070800786">
        <ele>741.0</ele>
      </trkpt>
      <trkpt lat="44.03843421905453" lon="3.050173222811955">
        <ele>741.0</ele>
      </trkpt>
      <trkpt lat="44.03828285773472" lon="3.050095438957214">
        <ele>741.0</ele>
      </trkpt>
      <trkpt lat="44.038086183626156" lon="3.0500149726867685">
        <ele>741.0</ele>
      </trkpt>
      <trkpt lat="44.03790493435989" lon="3.0498754978179936">
        <ele>740.0</ele>
      </trkpt>
      <trkpt lat="44.03779309934111" lon="3.049808442460971">
        <ele>740.0</ele>
      </trkpt>
      <trkpt lat="44.037681264288295" lon="3.049741387367249">
        <ele>740.0</ele>
      </trkpt>
      <trkpt lat="44.03751158298111" lon="3.049746751785278">
        <ele>739.0</ele>
      </trkpt>
      <trkpt lat="44.03751060917781" lon="3.049746790488255">
        <ele>739.0</ele>
      </trkpt>
      <trkpt lat="44.03737660886706" lon="3.0497521162033085">
        <ele>738.0</ele>
      </trkpt>
      <trkpt lat="44.037210783106055" lon="3.04969310760498">
        <ele>737.0</ele>
      </trkpt>
      <trkpt lat="44.03709894686566" lon="3.0496716499328613">
        <ele>737.0</ele>
      </trkpt>
      <trkpt lat="44.03691769457952" lon="3.049714565277099">
        <ele>736.0</ele>
      </trkpt>
      <trkpt lat="44.03675958043034" lon="3.049736022949219">
        <ele>734.0</ele>
      </trkpt>
      <trkpt lat="44.0366207481466" lon="3.04969847202301">
        <ele>733.0</ele>
      </trkpt>
      <trkpt lat="44.036451063802524" lon="3.049644827842713">
        <ele>732.0</ele>
      </trkpt>
      <trkpt lat="44.036316087272745" lon="3.049580454826354">
        <ele>731.0</ele>
      </trkpt>
      <trkpt lat="44.03621581879443" lon="3.0494892597198486">
        <ele>730.0</ele>
      </trkpt>
      <trkpt lat="44.03607312874434" lon="3.0494946241378784">
        <ele>729.0</ele>
      </trkpt>
      <trkpt lat="44.0359651468564" lon="3.0494356155395512">
        <ele>728.0</ele>
      </trkpt>
      <trkpt lat="44.035861021278116" lon="3.049296140670776">
        <ele>727.0</ele>
      </trkpt>
      <trkpt lat="44.03577232158739" lon="3.0491566655848232">
        <ele>726.0</ele>
      </trkpt>
      <trkpt lat="44.03568362172335" lon="3.049017190933227">
        <ele>726.0</ele>
      </trkpt>
      <trkpt lat="44.035544786918706" lon="3.0488187074661255">
        <ele>725.0</ele>
      </trkpt>
      <trkpt lat="44.035454158495796" lon="3.0486711857356052">
        <ele>725.0</ele>
      </trkpt>
      <trkpt lat="44.0353635298787" lon="3.0485236644744864">
        <ele>724.0</ele>
      </trkpt>
      <trkpt lat="44.035242048800704" lon="3.048346638301985">
        <ele>724.0</ele>
      </trkpt>
      <trkpt lat="44.03512056744473" lon="3.048169612884522">
        <ele>724.0</ele>
      </trkpt>
      <trkpt lat="44.03504536462089" lon="3.0480328200441753">
        <ele>724.0</ele>
      </trkpt>
      <trkpt lat="44.03497016162926" lon="3.047896027565003">
        <ele>723.0</ele>
      </trkpt>
      <trkpt lat="44.034887245449134" lon="3.0477726457707295">
        <ele>723.0</ele>
      </trkpt>
      <trkpt lat="44.0348043291338" lon="3.0476492643356328">
        <ele>723.0</ele>
      </trkpt>
      <trkpt lat="44.03472334100229" lon="3.0476063489913945">
        <ele>723.0</ele>
      </trkpt>
      <trkpt lat="44.034598001877654" lon="3.04757148019748">
        <ele>724.0</ele>
      </trkpt>
      <trkpt lat="44.03447266275075" lon="3.0475366115570073">
        <ele>724.0</ele>
      </trkpt>
      <trkpt lat="44.0343453949249" lon="3.047504425048828">
        <ele>725.0</ele>
      </trkpt>
      <trkpt lat="44.03424897972336" lon="3.047397136688233">
        <ele>725.0</ele>
      </trkpt>
      <trkpt lat="44.03415256436493" lon="3.0471718311309814">
        <ele>726.0</ele>
      </trkpt>
      <trkpt lat="44.03408314538871" lon="3.046951889723739">
        <ele>727.0</ele>
      </trkpt>
      <trkpt lat="44.03401372597325" lon="3.0467319488525395">
        <ele>728.0</ele>
      </trkpt>
      <trkpt lat="44.033940450047" lon="3.0466085670791485">
        <ele>729.0</ele>
      </trkpt>
      <trkpt lat="44.03386717398468" lon="3.0464851856231694">
        <ele>731.0</ele>
      </trkpt>
      <trkpt lat="44.03373219145792" lon="3.046383261439092">
        <ele>732.0</ele>
      </trkpt>
      <trkpt lat="44.03359720884652" lon="3.0462813377380376">
        <ele>733.0</ele>
      </trkpt>
      <trkpt lat="44.03342944398664" lon="3.0461713668445665">
        <ele>735.0</ele>
      </trkpt>
      <trkpt lat="44.03326167903213" lon="3.0460613965988164">
        <ele>736.0</ele>
      </trkpt>
      <trkpt lat="44.03315947697924" lon="3.0459862946116623">
        <ele>737.0</ele>
      </trkpt>
      <trkpt lat="44.03305727488071" lon="3.045911192893982">
        <ele>738.0</ele>
      </trkpt>
      <trkpt lat="44.03291457722505" lon="3.0457234382629395">
        <ele>739.0</ele>
      </trkpt>
      <trkpt lat="44.03279887617093" lon="3.0454981327056885">
        <ele>739.0</ele>
      </trkpt>
      <trkpt lat="44.03279116275929" lon="3.045364022254944">
        <ele>740.0</ele>
      </trkpt>
      <trkpt lat="44.03276995099452" lon="3.045197725234099">
        <ele>740.0</ele>
      </trkpt>
      <trkpt lat="44.03274873897734" lon="3.0450314283370985">
        <ele>740.0</ele>
      </trkpt>
      <trkpt lat="44.03280273287637" lon="3.044757843017578">
        <ele>741.0</ele>
      </trkpt>
      <trkpt lat="44.032862511915525" lon="3.0445660652742577">
        <ele>741.0</ele>
      </trkpt>
      <trkpt lat="44.032922290620654" lon="3.044374287128449">
        <ele>741.0</ele>
      </trkpt>
      <trkpt lat="44.032993639482115" lon="3.044114112854003">
        <ele>741.0</ele>
      </trkpt>
      <trkpt lat="44.03306691673986" lon="3.0439129474366484">
        <ele>741.0</ele>
      </trkpt>
      <trkpt lat="44.033140193630906" lon="3.04371178150177">
        <ele>740.0</ele>
      </trkpt>
      <trkpt lat="44.03321925568445" lon="3.0435293915418895">
        <ele>740.0</ele>
      </trkpt>
      <trkpt lat="44.03329831743759" lon="3.0433470010757446">
        <ele>740.0</ele>
      </trkpt>
      <trkpt lat="44.033387985060926" lon="3.043190092095353">
        <ele>739.0</ele>
      </trkpt>
      <trkpt lat="44.033477652463844" lon="3.0430331826210018">
        <ele>739.0</ele>
      </trkpt>
      <trkpt lat="44.033633847044534" lon="3.042810559272767">
        <ele>738.0</ele>
      </trkpt>
      <trkpt lat="44.03381318105542" lon="3.042646944522858">
        <ele>737.0</ele>
      </trkpt>
      <trkpt lat="44.033946234970905" lon="3.0425611138343807">
        <ele>737.0</ele>
      </trkpt>
      <trkpt lat="44.034082180916194" lon="3.0424900354651103">
        <ele>736.0</ele>
      </trkpt>
      <trkpt lat="44.03421812682571" lon="3.0424189567565922">
        <ele>735.0</ele>
      </trkpt>
      <trkpt lat="44.034360821035435" lon="3.0423465374759995">
        <ele>734.0</ele>
      </trkpt>
      <trkpt lat="44.03450351520871" lon="3.042274117832599">
        <ele>734.0</ele>
      </trkpt>
      <trkpt lat="44.03464620934552" lon="3.0422016978263855">
        <ele>733.0</ele>
      </trkpt>
      <trkpt lat="44.03480866717753" lon="3.0421219027908957">
        <ele>732.0</ele>
      </trkpt>
      <trkpt lat="44.03497112496623" lon="3.042042107300272">
        <ele>731.0</ele>
      </trkpt>
      <trkpt lat="44.03513358271161" lon="3.0419623113545122">
        <ele>731.0</ele>
      </trkpt>
      <trkpt lat="44.035296040413634" lon="3.0418825149536137">
        <ele>730.0</ele>
      </trkpt>
      <trkpt lat="44.03543937478887" lon="3.04180383721845">
        <ele>729.0</ele>
      </trkpt>
      <trkpt lat="44.0355827091191" lon="3.041725159087346">
        <ele>729.0</ele>
      </trkpt>
      <trkpt lat="44.03572604340434" lon="3.0416464805603023">
        <ele>728.0</ele>
      </trkpt>
      <trkpt lat="44.035874518715715" lon="3.0415713790993864">
        <ele>728.0</ele>
      </trkpt>
      <trkpt lat="44.03602299398795" lon="3.04149627724697">
        <ele>727.0</ele>
      </trkpt>
      <trkpt lat="44.03617146922106" lon="3.0414211750030513">
        <ele>727.0</ele>
      </trkpt>
      <trkpt lat="44.036332155533565" lon="3.041339815121944">
        <ele>726.0</ele>
      </trkpt>
      <trkpt lat="44.03649284180012" lon="3.041258454781827">
        <ele>725.0</ele>
      </trkpt>
      <trkpt lat="44.03665352802071" lon="3.041177093982697">
        <ele>724.0</ele>
      </trkpt>
      <trkpt lat="44.03683960141023" lon="3.0410791936734514">
        <ele>724.0</ele>
      </trkpt>
      <trkpt lat="44.03702567473165" lon="3.0409812927246094">
        <ele>723.0</ele>
      </trkpt>
      <trkpt lat="44.037151972574684" lon="3.0409182609525134">
        <ele>722.0</ele>
      </trkpt>
      <trkpt lat="44.037278270390374" lon="3.040855228900909">
        <ele>721.0</ele>
      </trkpt>
      <trkpt lat="44.037432526385786" lon="3.0407819155849056">
        <ele>721.0</ele>
      </trkpt>
      <trkpt lat="44.037586782345464" lon="3.0407086018718323">
        <ele>720.0</ele>
      </trkpt>
      <trkpt lat="44.037741038269395" lon="3.0406352877616896">
        <ele>719.0</ele>
      </trkpt>
      <trkpt lat="44.03791939552189" lon="3.040540069639804">
        <ele>719.0</ele>
      </trkpt>
      <trkpt lat="44.03809775270945" lon="3.040444850921631">
        <ele>719.0</ele>
      </trkpt>
      <trkpt lat="44.03816716716169" lon="3.0403912067413326">
        <ele>719.0</ele>
      </trkpt>
      <trkpt lat="44.03827128868758" lon="3.0404099822044373">
        <ele>719.0</ele>
      </trkpt>
      <trkpt lat="44.03846603401337" lon="3.040391206741333">
        <ele>719.0</ele>
      </trkpt>
      <trkpt lat="44.03868391663901" lon="3.040401935577392">
        <ele>719.0</ele>
      </trkpt>
      <trkpt lat="44.03887673213503" lon="3.0404368041765553">
        <ele>719.0</ele>
      </trkpt>
      <trkpt lat="44.03906954764078" lon="3.0404716730117807">
        <ele>719.0</ele>
      </trkpt>
      <trkpt lat="44.03922187099913" lon="3.0405092238375704">
        <ele>720.0</ele>
      </trkpt>
      <trkpt lat="44.03937419435759" lon="3.0405467748641968">
        <ele>720.0</ele>
      </trkpt>
      <trkpt lat="44.03953230111526" lon="3.0405950543584432">
        <ele>720.0</ele>
      </trkpt>
      <trkpt lat="44.03969040786566" lon="3.0406433341207095">
        <ele>721.0</ele>
      </trkpt>
      <trkpt lat="44.039848514608785" lon="3.0406916141510005">
        <ele>721.0</ele>
      </trkpt>
      <trkpt lat="44.04003747010101" lon="3.040745258153343">
        <ele>722.0</ele>
      </trkpt>
      <trkpt lat="44.04022642558697" lon="3.0407989025115967">
        <ele>722.0</ele>
      </trkpt>
      <trkpt lat="44.0404398020735" lon="3.04086327504566">
        <ele>722.0</ele>
      </trkpt>
      <trkpt lat="44.0406531785477" lon="3.040927648062017">
        <ele>723.0</ele>
      </trkpt>
      <trkpt lat="44.04086655500958" lon="3.04099202156067">
        <ele>723.0</ele>
      </trkpt>
      <trkpt lat="44.041025943154956" lon="3.0410224197593783">
        <ele>723.0</ele>
      </trkpt>
      <trkpt lat="44.041185331306146" lon="3.041052818128213">
        <ele>723.0</ele>
      </trkpt>
      <trkpt lat="44.04134471946315" lon="3.0410832166671753">
        <ele>723.0</ele>
      </trkpt>
      <trkpt lat="44.04146425984923" lon="3.0410912632773335">
        <ele>723.0</ele>
      </trkpt>
      <trkpt lat="44.041583800242755" lon="3.041099309921265">
        <ele>722.0</ele>
      </trkpt>
      <trkpt lat="44.04179781490635" lon="3.0410295727489083">
        <ele>722.0</ele>
      </trkpt>
      <trkpt lat="44.04201182955119" lon="3.0409598350524902">
        <ele>721.0</ele>
      </trkpt>
      <trkpt lat="44.042186638935355" lon="3.040895462431266">
        <ele>720.0</ele>
      </trkpt>
      <trkpt lat="44.042361448298784" lon="3.040831089414909">
        <ele>718.0</ele>
      </trkpt>
      <trkpt lat="44.04253625764149" lon="3.0407667160034184">
        <ele>717.0</ele>
      </trkpt>
      <trkpt lat="44.04272648961779" lon="3.0407041315444565">
        <ele>715.0</ele>
      </trkpt>
      <trkpt lat="44.04291672157858" lon="3.040641546667444">
        <ele>714.0</ele>
      </trkpt>
      <trkpt lat="44.043106953523875" lon="3.0405789613723746">
        <ele>712.0</ele>
      </trkpt>
      <trkpt lat="44.043281759668744" lon="3.04052174126462">
        <ele>711.0</ele>
      </trkpt>
      <trkpt lat="44.04345656580081" lon="3.040464520805637">
        <ele>709.0</ele>
      </trkpt>
      <trkpt lat="44.043631371920064" lon="3.040407299995423">
        <ele>707.0</ele>
      </trkpt>
      <trkpt lat="44.04384216550695" lon="3.040341139329441">
        <ele>706.0</ele>
      </trkpt>
      <trkpt lat="44.044052959078705" lon="3.0402749781737417">
        <ele>705.0</ele>
      </trkpt>
      <trkpt lat="44.044263752635345" lon="3.04020881652832">
        <ele>704.0</ele>
      </trkpt>
      <trkpt lat="44.044431486413664" lon="3.04013103269596">
        <ele>703.0</ele>
      </trkpt>
      <trkpt lat="44.04459922015246" lon="3.040053248405457">
        <ele>702.0</ele>
      </trkpt>
      <trkpt lat="44.04474960136478" lon="3.0399647357416693">
        <ele>702.0</ele>
      </trkpt>
      <trkpt lat="44.04489998251818" lon="3.0398762226104745">
        <ele>701.0</ele>
      </trkpt>
      <trkpt lat="44.04502529962793" lon="3.039776981095282">
        <ele>701.0</ele>
      </trkpt>
      <trkpt lat="44.045150616656514" lon="3.039677739143373">
        <ele>700.0</ele>
      </trkpt>
      <trkpt lat="44.04527400527423" lon="3.0396026374536578">
        <ele>700.0</ele>
      </trkpt>
      <trkpt lat="44.045397393848944" lon="3.039527535438538">
        <ele>701.0</ele>
      </trkpt>
      <trkpt lat="44.04555934082277" lon="3.0394417047500615">
        <ele>701.0</ele>
      </trkpt>
      <trkpt lat="44.04574442253645" lon="3.039414882659912">
        <ele>701.0</ele>
      </trkpt>
      <trkpt lat="44.045906368561546" lon="3.039420247077942">
        <ele>701.0</ele>
      </trkpt>
      <trkpt lat="44.04589672892951" lon="3.0393649265170093">
        <ele>701.0</ele>
      </trkpt>
      <trkpt lat="44.04585624245824" lon="3.0393102765083313">
        <ele>701.0</ele>
      </trkpt>
      <trkpt lat="44.045796476664115" lon="3.039193265140057">
        <ele>700.0</ele>
      </trkpt>
      <trkpt lat="44.04575213426189" lon="3.0391449853777885">
        <ele>700.0</ele>
      </trkpt>
      <trkpt lat="44.04571743148922" lon="3.03911715745926">
        <ele>700.0</ele>
      </trkpt>
      <trkpt lat="44.04567694489532" lon="3.03911715745926">
        <ele>700.0</ele>
      </trkpt>
      <trkpt lat="44.0456326024036" lon="3.0391466617584237">
        <ele>700.0</ele>
      </trkpt>
      <trkpt lat="44.045565124635054" lon="3.039205670356752">
        <ele>700.0</ele>
      </trkpt>
      <trkpt lat="44.04546487180839" lon="3.039271049201489">
        <ele>699.0</ele>
      </trkpt>
      <trkpt lat="44.04532798786739" lon="3.0393676087260255">
        <ele>699.0</ele>
      </trkpt>
      <trkpt lat="44.04520652720415" lon="3.039431981742382">
        <ele>698.0</ele>
      </trkpt>
      <trkpt lat="44.04505036312843" lon="3.0395033955574045">
        <ele>697.0</ele>
      </trkpt>
      <trkpt lat="44.0449616771737" lon="3.039527535438539">
        <ele>696.0</ele>
      </trkpt>
      <trkpt lat="44.04487299108622" lon="3.039527535438538">
        <ele>696.0</ele>
      </trkpt>
      <trkpt lat="44.04471297020098" lon="3.039520494639873">
        <ele>695.0</ele>
      </trkpt>
      <trkpt lat="44.044576084522525" lon="3.039499036967755">
        <ele>694.0</ele>
      </trkpt>
      <trkpt lat="44.04442763068266" lon="3.03946416825056">
        <ele>692.0</ele>
      </trkpt>
      <trkpt lat="44.0443129159827" lon="3.0394556186921062">
        <ele>691.0</ele>
      </trkpt>
      <trkpt lat="44.04419820128946" lon="3.039447069168091">
        <ele>689.0</ele>
      </trkpt>
      <trkpt lat="44.04404203455548" lon="3.0394497513771057">
        <ele>687.0</ele>
      </trkpt>
      <trkpt lat="44.0439012913438" lon="3.039439022541046">
        <ele>686.0</ele>
      </trkpt>
      <trkpt lat="44.04377018777732" lon="3.0394256114959726">
        <ele>684.0</ele>
      </trkpt>
      <trkpt lat="44.043666075914864" lon="3.0393666028976445">
        <ele>682.0</ele>
      </trkpt>
      <trkpt lat="44.04358702789713" lon="3.0393049120903015">
        <ele>681.0</ele>
      </trkpt>
      <trkpt lat="44.04364872391992" lon="3.0392646789550772">
        <ele>679.0</ele>
      </trkpt>
      <trkpt lat="44.043700779889264" lon="3.039251267910004">
        <ele>678.0</ele>
      </trkpt>
      <trkpt lat="44.0437759717642" lon="3.039270043373109">
        <ele>677.0</ele>
      </trkpt>
      <trkpt lat="44.043876227449005" lon="3.0392700433731084">
        <ele>675.0</ele>
      </trkpt>
      <trkpt lat="44.04397262698593" lon="3.0392727255821232">
        <ele>674.0</ele>
      </trkpt>
      <trkpt lat="44.044072882337915" lon="3.039232492446899">
        <ele>674.0</ele>
      </trkpt>
      <trkpt lat="44.04423676091336" lon="3.0391171574592595">
        <ele>673.0</ele>
      </trkpt>
      <trkpt lat="44.04436786344731" lon="3.039012551307678">
        <ele>673.0</ele>
      </trkpt>
      <trkpt lat="44.04444883839684" lon="3.038985729217529">
        <ele>672.0</ele>
      </trkpt>
      <trkpt lat="44.04456644467402" lon="3.0389562249183646">
        <ele>672.0</ele>
      </trkpt>
      <trkpt lat="44.04468983461558" lon="3.0389159917831425">
        <ele>671.0</ele>
      </trkpt>
      <trkpt lat="44.04480936837628" lon="3.038862347602844">
        <ele>670.0</ele>
      </trkpt>
      <trkpt lat="44.04489805455905" lon="3.038789927959442">
        <ele>669.0</ele>
      </trkpt>
      <trkpt lat="44.04498674060904" lon="3.038677275180816">
        <ele>668.0</ele>
      </trkpt>
      <trkpt lat="44.045090850150466" lon="3.0385109782218938">
        <ele>667.0</ele>
      </trkpt>
      <trkpt lat="44.04515640050861" lon="3.0384036898612985">
        <ele>666.0</ele>
      </trkpt>
      <trkpt lat="44.04523930232827" lon="3.038296401500702">
        <ele>665.0</ele>
      </trkpt>
      <trkpt lat="44.04529135690005" lon="3.0382508039474496">
        <ele>663.0</ele>
      </trkpt>
      <trkpt lat="44.04532605992239" lon="3.0382266640663147">
        <ele>661.0</ele>
      </trkpt>
      <trkpt lat="44.045353051147956" lon="3.0381676554679884">
        <ele>660.0</ele>
      </trkpt>
      <trkpt lat="44.045339555536714" lon="3.038097918033601">
        <ele>659.0</ele>
      </trkpt>
      <trkpt lat="44.04529135690005" lon="3.0380684137344365">
        <ele>659.0</ele>
      </trkpt>
      <trkpt lat="44.04523544643238" lon="3.038079142570496">
        <ele>658.0</ele>
      </trkpt>
      <trkpt lat="44.045185319761224" lon="3.038122057914733">
        <ele>658.0</ele>
      </trkpt>
      <trkpt lat="44.0450947060559" lon="3.0382427573204045">
        <ele>658.0</ele>
      </trkpt>
      <trkpt lat="44.04500216425635" lon="3.0383929610252385">
        <ele>657.0</ele>
      </trkpt>
      <trkpt lat="44.04493275781183" lon="3.038481473922729">
        <ele>657.0</ele>
      </trkpt>
      <trkpt lat="44.0448247920698" lon="3.0385592579841614">
        <ele>656.0</ele>
      </trkpt>
      <trkpt lat="44.04471682613111" lon="3.0386021733284">
        <ele>656.0</ele>
      </trkpt>
      <trkpt lat="44.0446184998371" lon="3.0385968089103703">
        <ele>656.0</ele>
      </trkpt>
      <trkpt lat="44.044520173379716" lon="3.0385512113571167">
        <ele>656.0</ele>
      </trkpt>
      <trkpt lat="44.04441799081006" lon="3.0385243892669673">
        <ele>655.0</ele>
      </trkpt>
      <trkpt lat="44.044333159863626" lon="3.038519024848938">
        <ele>654.0</ele>
      </trkpt>
      <trkpt lat="44.04426375263525" lon="3.0385378003120436">
        <ele>654.0</ele>
      </trkpt>
      <trkpt lat="44.04419048936154" lon="3.03857535123825">
        <ele>653.0</ele>
      </trkpt>
      <trkpt lat="44.04404396254228" lon="3.038639724254607">
        <ele>652.0</ele>
      </trkpt>
      <trkpt lat="44.04393792317083" lon="3.038677275180817">
        <ele>651.0</ele>
      </trkpt>
      <trkpt lat="44.04376633178568" lon="3.038714826107026">
        <ele>651.0</ele>
      </trkpt>
      <trkpt lat="44.043679571907354" lon="3.0387094616889954">
        <ele>651.0</ele>
      </trkpt>
      <trkpt lat="44.043652579919325" lon="3.038666546344757">
        <ele>651.0</ele>
      </trkpt>
      <trkpt lat="44.043656435918294" lon="3.038615584373474">
        <ele>651.0</ele>
      </trkpt>
      <trkpt lat="44.043691139898364" lon="3.0385726690292363">
        <ele>650.0</ele>
      </trkpt>
      <trkpt lat="44.0437470518236" lon="3.038548529148102">
        <ele>649.0</ele>
      </trkpt>
      <trkpt lat="44.04381838765153" lon="3.038540482521057">
        <ele>648.0</ele>
      </trkpt>
      <trkpt lat="44.04390514732658" lon="3.0385404825210576">
        <ele>647.0</ele>
      </trkpt>
      <trkpt lat="44.04397648296416" lon="3.0385109782218933">
        <ele>646.0</ele>
      </trkpt>
      <trkpt lat="44.04404781851583" lon="3.038473427295685">
        <ele>646.0</ele>
      </trkpt>
      <trkpt lat="44.04418277743272" lon="3.03834468126297">
        <ele>645.0</ele>
      </trkpt>
      <trkpt lat="44.04423483293278" lon="3.0383071303367606">
        <ele>644.0</ele>
      </trkpt>
      <trkpt lat="44.04430616817346" lon="3.038277626037598">
        <ele>644.0</ele>
      </trkpt>
      <trkpt lat="44.044396783084835" lon="3.0382722616195688">
        <ele>643.0</ele>
      </trkpt>
      <trkpt lat="44.04450667757887" lon="3.0382749438285828">
        <ele>642.0</ele>
      </trkpt>
      <trkpt lat="44.044591508276845" lon="3.038256168365479">
        <ele>642.0</ele>
      </trkpt>
      <trkpt lat="44.04466477105462" lon="3.0382212996482854">
        <ele>641.0</ele>
      </trkpt>
      <trkpt lat="44.04473610577747" lon="3.038164973258972">
        <ele>641.0</ele>
      </trkpt>
      <trkpt lat="44.04480165652817" lon="3.0380603671073914">
        <ele>641.0</ele>
      </trkpt>
      <trkpt lat="44.0448459996418" lon="3.037950396537781">
        <ele>641.0</ele>
      </trkpt>
      <trkpt lat="44.044899982518096" lon="3.037853837013245">
        <ele>640.0</ele>
      </trkpt>
      <trkpt lat="44.04495396534519" lon="3.0377840995788574">
        <ele>640.0</ele>
      </trkpt>
      <trkpt lat="44.0450291556296" lon="3.037725090980531">
        <ele>640.0</ele>
      </trkpt>
      <trkpt lat="44.04510820172304" lon="3.037652671337129">
        <ele>639.0</ele>
      </trkpt>
      <trkpt lat="44.045196887458395" lon="3.0376204848289494">
        <ele>638.0</ele>
      </trkpt>
      <trkpt lat="44.04532413197711" lon="3.0375802516937265">
        <ele>638.0</ele>
      </trkpt>
      <trkpt lat="44.04542631298378" lon="3.0375534296035767">
        <ele>637.0</ele>
      </trkpt>
      <trkpt lat="44.04550343060794" lon="3.0375373363494873">
        <ele>637.0</ele>
      </trkpt>
      <trkpt lat="44.04558825987855" lon="3.037529289722441">
        <ele>636.0</ele>
      </trkpt>
      <trkpt lat="44.04563067446829" lon="3.0374997854232797">
        <ele>635.0</ele>
      </trkpt>
      <trkpt lat="44.04564609794795" lon="3.0374488234519967">
        <ele>634.0</ele>
      </trkpt>
      <trkpt lat="44.04563838620865" lon="3.0373549461364746">
        <ele>633.0</ele>
      </trkpt>
      <trkpt lat="44.045619106855916" lon="3.0371966958045964">
        <ele>631.0</ele>
      </trkpt>
      <trkpt lat="44.04559404368804" lon="3.036947250366211">
        <ele>630.0</ele>
      </trkpt>
      <trkpt lat="44.045578620194824" lon="3.0367487668991098">
        <ele>629.0</ele>
      </trkpt>
      <trkpt lat="44.045572836383954" lon="3.0366012454032894">
        <ele>628.0</ele>
      </trkpt>
      <trkpt lat="44.04558825987865" lon="3.036437630653381">
        <ele>627.0</ele>
      </trkpt>
      <trkpt lat="44.04561525098464" lon="3.0362418293952933">
        <ele>626.0</ele>
      </trkpt>
      <trkpt lat="44.04565380968628" lon="3.036043345928193">
        <ele>625.0</ele>
      </trkpt>
      <trkpt lat="44.04572128735374" lon="3.035791218280791">
        <ele>625.0</ele>
      </trkpt>
      <trkpt lat="44.045788764944376" lon="3.035632967948914">
        <ele>624.0</ele>
      </trkpt>
      <trkpt lat="44.04581575595912" lon="3.0355525016784664">
        <ele>624.0</ele>
      </trkpt>
      <trkpt lat="44.045808044241866" lon="3.035488128662109">
        <ele>623.0</ele>
      </trkpt>
      <trkpt lat="44.045777197362874" lon="3.0354639887809753">
        <ele>622.0</ele>
      </trkpt>
      <trkpt lat="44.04574056667322" lon="3.0354800820350643">
        <ele>621.0</ele>
      </trkpt>
      <trkpt lat="44.04568658456292" lon="3.0355739593505855">
        <ele>619.0</ele>
      </trkpt>
      <trkpt lat="44.04561525098464" lon="3.035748302936553">
        <ele>618.0</ele>
      </trkpt>
      <trkpt lat="44.045540061444235" lon="3.035973608493805">
        <ele>616.0</ele>
      </trkpt>
      <trkpt lat="44.04549379091039" lon="3.0361291766166683">
        <ele>615.0</ele>
      </trkpt>
      <trkpt lat="44.045445592399226" lon="3.0363088846206665">
        <ele>614.0</ele>
      </trkpt>
      <trkpt lat="44.04540896150451" lon="3.0365315079689035">
        <ele>613.0</ele>
      </trkpt>
      <trkpt lat="44.04537618647426" lon="3.036746084690094">
        <ele>612.0</ele>
      </trkpt>
      <trkpt lat="44.04538197030439" lon="3.036904335021973">
        <ele>611.0</ele>
      </trkpt>
      <trkpt lat="44.0453838982477" lon="3.037033081054687">
        <ele>611.0</ele>
      </trkpt>
      <trkpt lat="44.04535883498027" lon="3.037159144878388">
        <ele>610.0</ele>
      </trkpt>
      <trkpt lat="44.04531642019585" lon="3.037196695804596">
        <ele>609.0</ele>
      </trkpt>
      <trkpt lat="44.04524508617182" lon="3.037220835685731">
        <ele>608.0</ele>
      </trkpt>
      <trkpt lat="44.045092778103225" lon="3.0372074246406555">
        <ele>607.0</ele>
      </trkpt>
      <trkpt lat="44.04489612659999" lon="3.037244975566864">
        <ele>606.0</ele>
      </trkpt>
      <trkpt lat="44.04477273708816" lon="3.0372959375381465">
        <ele>605.0</ele>
      </trkpt>
      <trkpt lat="44.044572228583334" lon="3.0373764038085938">
        <ele>604.0</ele>
      </trkpt>
      <trkpt lat="44.04443630642777" lon="3.037446141409406">
        <ele>602.0</ele>
      </trkpt>
      <trkpt lat="44.044300384238134" lon="3.0375158786773677">
        <ele>601.0</ele>
      </trkpt>
      <trkpt lat="44.044144217773656" lon="3.037655353546143">
        <ele>599.0</ele>
      </trkpt>
      <trkpt lat="44.044036250594495" lon="3.0377358198165907">
        <ele>597.0</ele>
      </trkpt>
      <trkpt lat="44.04397069899682" lon="3.0376875400543217">
        <ele>596.0</ele>
      </trkpt>
      <trkpt lat="44.04404396254238" lon="3.0375561118125916">
        <ele>595.0</ele>
      </trkpt>
      <trkpt lat="44.04412300995043" lon="3.03748369216919">
        <ele>593.0</ele>
      </trkpt>
      <trkpt lat="44.044275320512405" lon="3.0373522639274597">
        <ele>592.0</ele>
      </trkpt>
      <trkpt lat="44.04440063894239" lon="3.0372543635138247">
        <ele>591.0</ele>
      </trkpt>
      <trkpt lat="44.04452595729361" lon="3.0371564626693726">
        <ele>589.0</ele>
      </trkpt>
      <trkpt lat="44.04464645528581" lon="3.0370585622474513">
        <ele>587.0</ele>
      </trkpt>
      <trkpt lat="44.04476695319859" lon="3.036960661411286">
        <ele>586.0</ele>
      </trkpt>
      <trkpt lat="44.04489419864096" lon="3.0368694663047795">
        <ele>584.0</ele>
      </trkpt>
      <trkpt lat="44.04497710082754" lon="3.0367702245712285">
        <ele>582.0</ele>
      </trkpt>
      <trkpt lat="44.04501373198933" lon="3.0366656184196477">
        <ele>580.0</ele>
      </trkpt>
      <trkpt lat="44.04501373198933" lon="3.036445677280427">
        <ele>578.0</ele>
      </trkpt>
      <trkpt lat="44.044998308530246" lon="3.036243170444963">
        <ele>576.0</ele>
      </trkpt>
      <trkpt lat="44.044982884696694" lon="3.036040663719179">
        <ele>574.0</ele>
      </trkpt>
      <trkpt lat="44.04496553308754" lon="3.035759031772613">
        <ele>573.0</ele>
      </trkpt>
      <trkpt lat="44.04498095689474" lon="3.0355739594007027">
        <ele>571.0</ele>
      </trkpt>
      <trkpt lat="44.044996380389186" lon="3.035388886928558">
        <ele>569.0</ele>
      </trkpt>
      <trkpt lat="44.045047471326406" lon="3.035206496879156">
        <ele>568.0</ele>
      </trkpt>
      <trkpt lat="44.04509856196121" lon="3.0350241065025334">
        <ele>567.0</ele>
      </trkpt>
      <trkpt lat="44.045176644038754" lon="3.0348725619009507">
        <ele>566.0</ele>
      </trkpt>
      <trkpt lat="44.045254725909935" lon="3.03472101688385">
        <ele>565.0</ele>
      </trkpt>
      <trkpt lat="44.04532895187246" lon="3.034588247710643">
        <ele>564.0</ele>
      </trkpt>
      <trkpt lat="44.045403177677045" lon="3.0344554781913766">
        <ele>563.0</ele>
      </trkpt>
      <trkpt lat="44.045403864097246" lon="3.0344536674847107">
        <ele>562.0</ele>
      </trkpt>
      <trkpt lat="44.045477403548155" lon="3.034259677188465">
        <ele>561.0</ele>
      </trkpt>
      <trkpt lat="44.04555162907217" lon="3.034063875675202">
        <ele>559.0</ele>
      </trkpt>
      <trkpt lat="44.04559500777875" lon="3.0338895322220187">
        <ele>558.0</ele>
      </trkpt>
      <trkpt lat="44.04563838620873" lon="3.033715188503265">
        <ele>556.0</ele>
      </trkpt>
      <trkpt lat="44.04565670171547" lon="3.0335462093896672">
        <ele>554.0</ele>
      </trkpt>
      <trkpt lat="44.04567501696161" lon="3.0333772301673894">
        <ele>552.0</ele>
      </trkpt>
      <trkpt lat="44.04568562071564" lon="3.0332149565521997">
        <ele>549.0</ele>
      </trkpt>
      <trkpt lat="44.04569622422922" lon="3.033052682876588">
        <ele>547.0</ele>
      </trkpt>
      <trkpt lat="44.04568658469265" lon="3.0328837036800493">
        <ele>545.0</ele>
      </trkpt>
      <trkpt lat="44.04567694489532" lon="3.032714724540711">
        <ele>543.0</ele>
      </trkpt>
      <trkpt lat="44.045650917932896" lon="3.0325309931392286">
        <ele>541.0</ele>
      </trkpt>
      <trkpt lat="44.04562489066251" lon="3.0323472619056706">
        <ele>538.0</ele>
      </trkpt>
      <trkpt lat="44.04559597185184" lon="3.032120615128832">
        <ele>536.0</ele>
      </trkpt>
      <trkpt lat="44.045567052572395" lon="3.0318939685821533">
        <ele>534.0</ele>
      </trkpt>
      <trkpt lat="44.04556030506323" lon="3.031649887532881">
        <ele>532.0</ele>
      </trkpt>
      <trkpt lat="44.0455535570099" lon="3.0314058065414433">
        <ele>529.0</ele>
      </trkpt>
      <trkpt lat="44.04551499824302" lon="3.0311349034309383">
        <ele>528.0</ele>
      </trkpt>
      <trkpt lat="44.04545330416375" lon="3.0309095978736877">
        <ele>526.0</ele>
      </trkpt>
      <trkpt lat="44.045388718159906" lon="3.030768781740723">
        <ele>524.0</ele>
      </trkpt>
      <trkpt lat="44.04532413197724" lon="3.030627965927124">
        <ele>522.0</ele>
      </trkpt>
      <trkpt lat="44.045206527204265" lon="3.030375838279724">
        <ele>520.0</ele>
      </trkpt>
      <trkpt lat="44.04510048991368" lon="3.0301237106323247">
        <ele>518.0</ele>
      </trkpt>
      <trkpt lat="44.04503879540273" lon="3.0299418568938568">
        <ele>517.0</ele>
      </trkpt>
      <trkpt lat="44.04500987607861" lon="3.0297487378447854">
        <ele>515.0</ele>
      </trkpt>
      <trkpt lat="44.04494818147328" lon="3.02947247031625">
        <ele>514.0</ele>
      </trkpt>
      <trkpt lat="44.04490191056901" lon="3.0293169020670017">
        <ele>512.0</ele>
      </trkpt>
      <trkpt lat="44.04485563944484" lon="3.0291613340705226">
        <ele>511.0</ele>
      </trkpt>
      <trkpt lat="44.04475538541755" lon="3.0288984775870635">
        <ele>509.0</ele>
      </trkpt>
      <trkpt lat="44.044704294430645" lon="3.0287536381703335">
        <ele>508.0</ele>
      </trkpt>
      <trkpt lat="44.04465320325359" lon="3.0286087990134543">
        <ele>506.0</ele>
      </trkpt>
      <trkpt lat="44.04457319271231" lon="3.028399586416395">
        <ele>504.0</ele>
      </trkpt>
      <trkpt lat="44.044493181774804" lon="3.028190374407132">
        <ele>503.0</ele>
      </trkpt>
      <trkpt lat="44.04442473885301" lon="3.027995914019872">
        <ele>501.0</ele>
      </trkpt>
      <trkpt lat="44.04435629558842" lon="3.027801454099972">
        <ele>499.0</ele>
      </trkpt>
      <trkpt lat="44.04427146455364" lon="3.027570784124692">
        <ele>497.0</ele>
      </trkpt>
      <trkpt lat="44.044186633397345" lon="3.0273642540305445">
        <ele>495.0</ele>
      </trkpt>
      <trkpt lat="44.04412493793464" lon="3.0272140503257106">
        <ele>494.0</ele>
      </trkpt>
      <trkpt lat="44.04409216219399" lon="3.0270772576659524">
        <ele>492.0</ele>
      </trkpt>
      <trkpt lat="44.0440883062233" lon="3.026924371752102">
        <ele>490.0</ele>
      </trkpt>
      <trkpt lat="44.04412493793466" lon="3.026653468641598">
        <ele>488.0</ele>
      </trkpt>
      <trkpt lat="44.04418470541513" lon="3.0263691544860203">
        <ele>486.0</ele>
      </trkpt>
      <trkpt lat="44.04421073330294" lon="3.0261948109797223">
        <ele>484.0</ele>
      </trkpt>
      <trkpt lat="44.04423676091348" lon="3.026020467314083">
        <ele>482.0</ele>
      </trkpt>
      <trkpt lat="44.04425218475604" lon="3.0257978439658464">
        <ele>480.0</ele>
      </trkpt>
      <trkpt lat="44.044259896675825" lon="3.025553762945492">
        <ele>479.0</ele>
      </trkpt>
      <trkpt lat="44.04426953657415" lon="3.0253096819251364">
        <ele>477.0</ele>
      </trkpt>
      <trkpt lat="44.04431002412998" lon="3.0250039100974395">
        <ele>476.0</ele>
      </trkpt>
      <trkpt lat="44.04433797993489" lon="3.0248322488047434">
        <ele>475.0</ele>
      </trkpt>
      <trkpt lat="44.04436593547106" lon="3.024660587343533">
        <ele>474.0</ele>
      </trkpt>
      <trkpt lat="44.04438521523164" lon="3.024507701429684">
        <ele>473.0</ele>
      </trkpt>
      <trkpt lat="44.04437364737602" lon="3.024370908769925">
        <ele>472.0</ele>
      </trkpt>
      <trkpt lat="44.04432544795346" lon="3.024263620409329">
        <ele>471.0</ele>
      </trkpt>
      <trkpt lat="44.044259896675825" lon="3.024231433901151">
        <ele>471.0</ele>
      </trkpt>
      <trkpt lat="44.044142289790045" lon="3.024223387274105">
        <ele>470.0</ele>
      </trkpt>
      <trkpt lat="44.04399383486312" lon="3.02421534064706">
        <ele>469.0</ele>
      </trkpt>
      <trkpt lat="44.04389743536071" lon="3.024215340647061">
        <ele>468.0</ele>
      </trkpt>
      <trkpt lat="44.04383683129165" lon="3.02420610646251">
        <ele>468.0</ele>
      </trkpt>
      <trkpt lat="44.04383381160297" lon="3.024126291275024">
        <ele>467.0</ele>
      </trkpt>
      <trkpt lat="44.04381453166295" lon="3.023959994316101">
        <ele>466.0</ele>
      </trkpt>
      <trkpt lat="44.043779827755245" lon="3.023718595504761">
        <ele>466.0</ele>
      </trkpt>
      <trkpt lat="44.04379139572666" lon="3.0234932899475098">
        <ele>465.0</ele>
      </trkpt>
      <trkpt lat="44.04378753973641" lon="3.0233377218246464">
        <ele>465.0</ele>
      </trkpt>
      <trkpt lat="44.04378945725504" lon="3.023199004880958">
        <ele>464.0</ele>
      </trkpt>
      <trkpt lat="44.04378946773153" lon="3.023198246955871">
        <ele>463.0</ele>
      </trkpt>
      <trkpt lat="44.04377404376851" lon="3.0229943990707397">
        <ele>463.0</ele>
      </trkpt>
      <trkpt lat="44.04375283581277" lon="3.0227851867675786">
        <ele>462.0</ele>
      </trkpt>
      <trkpt lat="44.04373741184014" lon="3.022726178169251">
        <ele>461.0</ele>
      </trkpt>
      <trkpt lat="44.04369692389299" lon="3.022656440734863">
        <ele>461.0</ele>
      </trkpt>
      <trkpt lat="44.04363522792032" lon="3.0225947499275203">
        <ele>460.0</ele>
      </trkpt>
      <trkpt lat="44.043517619794365" lon="3.0225142836570735">
        <ele>460.0</ele>
      </trkpt>
      <trkpt lat="44.043463635658384" lon="3.0224767327308664">
        <ele>459.0</ele>
      </trkpt>
      <trkpt lat="44.04339808342715" lon="3.0224204063415527">
        <ele>458.0</ele>
      </trkpt>
      <trkpt lat="44.04336337927534" lon="3.022364079952241">
        <ele>458.0</ele>
      </trkpt>
      <trkpt lat="44.04333253112334" lon="3.022267520427704">
        <ele>458.0</ele>
      </trkpt>
      <trkpt lat="44.043299754944265" lon="3.0221521854400644">
        <ele>457.0</ele>
      </trkpt>
      <trkpt lat="44.04328047483038" lon="3.0220502614974976">
        <ele>457.0</ele>
      </trkpt>
      <trkpt lat="44.04325348266055" lon="3.02185446023941">
        <ele>457.0</ele>
      </trkpt>
      <trkpt lat="44.043224562464864" lon="3.02176594734192">
        <ele>457.0</ele>
      </trkpt>
      <trkpt lat="44.04317443409225" lon="3.021723031997681">
        <ele>456.0</ele>
      </trkpt>
      <trkpt lat="44.04308960136505" lon="3.021642565727234">
        <ele>456.0</ele>
      </trkpt>
      <trkpt lat="44.04303368881953" lon="3.0216237902641305">
        <ele>455.0</ele>
      </trkpt>
      <trkpt lat="44.0430414008978" lon="3.0215460062026973">
        <ele>455.0</ele>
      </trkpt>
      <trkpt lat="44.04305296901357" lon="3.0214092135429382">
        <ele>454.0</ele>
      </trkpt>
      <trkpt lat="44.04309924145388" lon="3.021259009838104">
        <ele>453.0</ele>
      </trkpt>
      <trkpt lat="44.04316093798479" lon="3.021154403686524">
        <ele>453.0</ele>
      </trkpt>
      <trkpt lat="44.0432149223966" lon="3.0209693312644963">
        <ele>452.0</ele>
      </trkpt>
      <trkpt lat="44.043247698622615" lon="3.020738661289216">
        <ele>451.0</ele>
      </trkpt>
      <trkpt lat="44.04325926669809" lon="3.0206286907196054">
        <ele>450.0</ele>
      </trkpt>
      <trkpt lat="44.043251554648045" lon="3.0203980207443224">
        <ele>449.0</ele>
      </trkpt>
      <trkpt lat="44.04320528232669" lon="3.0201083421707153">
        <ele>448.0</ele>
      </trkpt>
      <trkpt lat="44.043173470241605" lon="3.0199179052242924">
        <ele>447.0</ele>
      </trkpt>
      <trkpt lat="44.04314165782577" lon="3.0197274684905997">
        <ele>446.0</ele>
      </trkpt>
      <trkpt lat="44.04310116947145" lon="3.0194780230522156">
        <ele>446.0</ele>
      </trkpt>
      <trkpt lat="44.04306935728313" lon="3.019317090421436">
        <ele>446.0</ele>
      </trkpt>
      <trkpt lat="44.04303754485877" lon="3.0191561579704294">
        <ele>446.0</ele>
      </trkpt>
      <trkpt lat="44.04301633663945" lon="3.018989861011506">
        <ele>445.0</ele>
      </trkpt>
      <trkpt lat="44.042993200391436" lon="3.018902353942394">
        <ele>445.0</ele>
      </trkpt>
      <trkpt lat="44.04298934434909" lon="3.018808476626872">
        <ele>445.0</ele>
      </trkpt>
      <trkpt lat="44.042968136112435" lon="3.01852684468031">
        <ele>445.0</ele>
      </trkpt>
      <trkpt lat="44.04294114380023" lon="3.018237166106701">
        <ele>445.0</ele>
      </trkpt>
      <trkpt lat="44.04293439583815" lon="3.0180762335467413">
        <ele>444.0</ele>
      </trkpt>
      <trkpt lat="44.0429276476395" lon="3.017915301024914">
        <ele>444.0</ele>
      </trkpt>
      <trkpt lat="44.042913187768086" lon="3.0176564677892648">
        <ele>444.0</ele>
      </trkpt>
      <trkpt lat="44.042898727284786" lon="3.01739763468504">
        <ele>444.0</ele>
      </trkpt>
      <trkpt lat="44.042880411322" lon="3.0171535535861933">
        <ele>443.0</ele>
      </trkpt>
      <trkpt lat="44.042862094815185" lon="3.01690947264433">
        <ele>443.0</ele>
      </trkpt>
      <trkpt lat="44.04284859876946" lon="3.0167378112267">
        <ele>442.0</ele>
      </trkpt>
      <trkpt lat="44.04283510245467" lon="3.016566149890423">
        <ele>441.0</ele>
      </trkpt>
      <trkpt lat="44.04283124640225" lon="3.0162620544433603">
        <ele>440.0</ele>
      </trkpt>
      <trkpt lat="44.042844742584805" lon="3.0160913988947877">
        <ele>440.0</ele>
      </trkpt>
      <trkpt lat="44.042908367404614" lon="3.0158285424113265">
        <ele>439.0</ele>
      </trkpt>
      <trkpt lat="44.04296042402446" lon="3.0156005546450624">
        <ele>438.0</ele>
      </trkpt>
      <trkpt lat="44.04300091247497" lon="3.0153323337435722">
        <ele>437.0</ele>
      </trkpt>
      <trkpt lat="44.043010552578195" lon="3.0152223631739616">
        <ele>436.0</ele>
      </trkpt>
      <trkpt lat="44.04300476851647" lon="3.015049695968628">
        <ele>435.0</ele>
      </trkpt>
      <trkpt lat="44.043022120699916" lon="3.0148485302925105">
        <ele>435.0</ele>
      </trkpt>
      <trkpt lat="44.04308381731112" lon="3.014701008796692">
        <ele>434.0</ele>
      </trkpt>
      <trkpt lat="44.043151297906064" lon="3.014615178108216">
        <ele>434.0</ele>
      </trkpt>
      <trkpt lat="44.043276618807" lon="3.014540076255797">
        <ele>434.0</ele>
      </trkpt>
      <trkpt lat="44.043382659362294" lon="3.014459609985352">
        <ele>434.0</ele>
      </trkpt>
      <trkpt lat="44.04350412376509" lon="3.0143550038337703">
        <ele>433.0</ele>
      </trkpt>
      <trkpt lat="44.043612091914106" lon="3.0142262578010555">
        <ele>433.0</ele>
      </trkpt>
      <trkpt lat="44.04368728390157" lon="3.014057278633118">
        <ele>433.0</ele>
      </trkpt>
      <trkpt lat="44.043730663947045" lon="3.013900369525253">
        <ele>433.0</ele>
      </trkpt>
      <trkpt lat="44.04377404376863" lon="3.013743460178375">
        <ele>433.0</ele>
      </trkpt>
      <trkpt lat="44.04382031564572" lon="3.013491332530975">
        <ele>433.0</ele>
      </trkpt>
      <trkpt lat="44.04383573959674" lon="3.013217747211456">
        <ele>432.0</ele>
      </trkpt>
      <trkpt lat="44.04384345157073" lon="3.012946844100952">
        <ele>432.0</ele>
      </trkpt>
      <trkpt lat="44.04382417163383" lon="3.012721538543701">
        <ele>432.0</ele>
      </trkpt>
      <trkpt lat="44.04379332381839" lon="3.0125699936522827">
        <ele>431.0</ele>
      </trkpt>
      <trkpt lat="44.04376247579372" lon="3.0124184489250188">
        <ele>431.0</ele>
      </trkpt>
      <trkpt lat="44.04372295204861" lon="3.012209236476678">
        <ele>430.0</ele>
      </trkpt>
      <trkpt lat="44.043683427904526" lon="3.012000024318695">
        <ele>430.0</ele>
      </trkpt>
      <trkpt lat="44.04367571603756" lon="3.0118323862325664">
        <ele>429.0</ele>
      </trkpt>
      <trkpt lat="44.0436680039139" lon="3.0116647481918344">
        <ele>429.0</ele>
      </trkpt>
      <trkpt lat="44.04365258003348" lon="3.0115051567122286">
        <ele>428.0</ele>
      </trkpt>
      <trkpt lat="44.043637155920514" lon="3.01134556531906">
        <ele>428.0</ele>
      </trkpt>
      <trkpt lat="44.04361594791588" lon="3.011214137077333">
        <ele>427.0</ele>
      </trkpt>
      <trkpt lat="44.04358317189358" lon="3.0111148953437805">
        <ele>427.0</ele>
      </trkpt>
      <trkpt lat="44.04351183578197" lon="3.010994195938111">
        <ele>427.0</ele>
      </trkpt>
      <trkpt lat="44.04348484371754" lon="3.010913729667664">
        <ele>426.0</ele>
      </trkpt>
      <trkpt lat="44.043496411746624" lon="3.010696470737457">
        <ele>426.0</ele>
      </trkpt>
      <trkpt lat="44.04352533180961" lon="3.0104497075080867">
        <ele>426.0</ele>
      </trkpt>
      <trkpt lat="44.0435475040144" lon="3.010256588534193">
        <ele>426.0</ele>
      </trkpt>
      <trkpt lat="44.04356967587875" lon="3.0100634694099435">
        <ele>425.0</ele>
      </trkpt>
      <trkpt lat="44.043587992031405" lon="3.0098904669841167">
        <ele>426.0</ele>
      </trkpt>
      <trkpt lat="44.043606307910835" lon="3.009717464447022">
        <ele>426.0</ele>
      </trkpt>
      <trkpt lat="44.04361980391696" lon="3.009486794471742">
        <ele>425.0</ele>
      </trkpt>
      <trkpt lat="44.043623659918076" lon="3.0092802643775944">
        <ele>425.0</ele>
      </trkpt>
      <trkpt lat="44.043604379909674" lon="3.0090469121932992">
        <ele>425.0</ele>
      </trkpt>
      <trkpt lat="44.04355039585277" lon="3.008845746517181">
        <ele>425.0</ele>
      </trkpt>
      <trkpt lat="44.04350219583239" lon="3.0087035893190914">
        <ele>425.0</ele>
      </trkpt>
      <trkpt lat="44.0434539956287" lon="3.0085614323616046">
        <ele>424.0</ele>
      </trkpt>
      <trkpt lat="44.043390371395" lon="3.0083629488945016">
        <ele>424.0</ele>
      </trkpt>
      <trkpt lat="44.04333445913315" lon="3.0080759525299063">
        <ele>424.0</ele>
      </trkpt>
      <trkpt lat="44.04331999922773" lon="3.007881492326959">
        <ele>423.0</ele>
      </trkpt>
      <trkpt lat="44.04330553897698" lon="3.007687032222749">
        <ele>422.0</ele>
      </trkpt>
      <trkpt lat="44.04329975510709" lon="3.007497936467996">
        <ele>422.0</ele>
      </trkpt>
      <trkpt lat="44.04329397091057" lon="3.0073088407516484">
        <ele>421.0</ele>
      </trkpt>
      <trkpt lat="44.04328818702376" lon="3.007129132729401">
        <ele>420.0</ele>
      </trkpt>
      <trkpt lat="44.043282402841925" lon="3.0069494247436532">
        <ele>420.0</ele>
      </trkpt>
      <trkpt lat="44.04327276278296" lon="3.006801903247833">
        <ele>419.0</ele>
      </trkpt>
      <trkpt lat="44.043245770609566" lon="3.006533682346343">
        <ele>419.0</ele>
      </trkpt>
      <trkpt lat="44.04318985821123" lon="3.006252050399781">
        <ele>419.0</ele>
      </trkpt>
      <trkpt lat="44.04315900996891" lon="3.0060321092605604">
        <ele>418.0</ele>
      </trkpt>
      <trkpt lat="44.043151297905766" lon="3.0058121681213383">
        <ele>418.0</ele>
      </trkpt>
      <trkpt lat="44.043180218137245" lon="3.005581498146058">
        <ele>418.0</ele>
      </trkpt>
      <trkpt lat="44.043221670549634" lon="3.005419224618756">
        <ele>418.0</ele>
      </trkpt>
      <trkpt lat="44.04326312272244" lon="3.0052569508552565">
        <ele>419.0</ele>
      </trkpt>
      <trkpt lat="44.043318071167555" lon="3.005077243024629">
        <ele>419.0</ele>
      </trkpt>
      <trkpt lat="44.04337301931933" lon="3.004897534847261">
        <ele>419.0</ele>
      </trkpt>
      <trkpt lat="44.04341543565706" lon="3.004700392631479">
        <ele>419.0</ele>
      </trkpt>
      <trkpt lat="44.043457851640746" lon="3.0045032501220716">
        <ele>419.0</ele>
      </trkpt>
      <trkpt lat="44.043490627849295" lon="3.0043369532588438">
        <ele>419.0</ele>
      </trkpt>
      <trkpt lat="44.04352340380585" lon="3.0041706562042236">
        <ele>419.0</ele>
      </trkpt>
      <trkpt lat="44.04358509989499" lon="3.0039399862289438">
        <ele>419.0</ele>
      </trkpt>
      <trkpt lat="44.043643903980595" lon="3.003799170401043">
        <ele>420.0</ele>
      </trkpt>
      <trkpt lat="44.043702707886965" lon="3.003658354282378">
        <ele>420.0</ele>
      </trkpt>
      <trkpt lat="44.04377500782543" lon="3.0035068096654065">
        <ele>420.0</ele>
      </trkpt>
      <trkpt lat="44.04384730755703" lon="3.003355264663697">
        <ele>420.0</ele>
      </trkpt>
      <trkpt lat="44.04391864326429" lon="3.0031353235244764">
        <ele>420.0</ele>
      </trkpt>
      <trkpt lat="44.04394370714106" lon="3.002947568893432">
        <ele>420.0</ele>
      </trkpt>
      <trkpt lat="44.043953347090856" lon="3.002684712409974">
        <ele>420.0</ele>
      </trkpt>
      <trkpt lat="44.04396298703902" lon="3.002499639987947">
        <ele>420.0</ele>
      </trkpt>
      <trkpt lat="44.044009258768575" lon="3.0022796988487235">
        <ele>420.0</ele>
      </trkpt>
      <trkpt lat="44.04406420650247" lon="3.002112060947021">
        <ele>421.0</ele>
      </trkpt>
      <trkpt lat="44.04411915398135" lon="3.001944422721865">
        <ele>421.0</ele>
      </trkpt>
      <trkpt lat="44.04416156962298" lon="3.001721799373627">
        <ele>420.0</ele>
      </trkpt>
      <trkpt lat="44.04415771365684" lon="3.001515269279481">
        <ele>420.0</ele>
      </trkpt>
      <trkpt lat="44.04414036180598" lon="3.001271188259125">
        <ele>420.0</ele>
      </trkpt>
      <trkpt lat="44.0441307220101" lon="3.0011062323767908">
        <ele>420.0</ele>
      </trkpt>
      <trkpt lat="44.04412108196573" lon="3.000941276550294">
        <ele>419.0</ele>
      </trkpt>
      <trkpt lat="44.04414421795098" lon="3.000741452059854">
        <ele>419.0</ele>
      </trkpt>
      <trkpt lat="44.04416735357179" lon="3.0005416274070735">
        <ele>419.0</ele>
      </trkpt>
      <trkpt lat="44.04420012969229" lon="3.0002345146515976">
        <ele>419.0</ele>
      </trkpt>
      <trkpt lat="44.04423290495182" lon="2.999927401542664">
        <ele>419.0</ele>
      </trkpt>
      <trkpt lat="44.04425989667583" lon="2.999734282493591">
        <ele>419.0</ele>
      </trkpt>
      <trkpt lat="44.044292672323714" lon="2.9995492100715633">
        <ele>419.0</ele>
      </trkpt>
      <trkpt lat="44.04437750332805" lon="2.999364137649537">
        <ele>420.0</ele>
      </trkpt>
      <trkpt lat="44.044466190157" lon="2.999224662780762">
        <ele>420.0</ele>
      </trkpt>
      <trkpt lat="44.0445577688245" lon="2.999085188136248">
        <ele>421.0</ele>
      </trkpt>
      <trkpt lat="44.044649347318945" lon="2.998945713043214">
        <ele>421.0</ele>
      </trkpt>
      <trkpt lat="44.044736105872346" lon="2.99875795869817">
        <ele>421.0</ele>
      </trkpt>
      <trkpt lat="44.04482286410794" lon="2.9985702037811293">
        <ele>421.0</ele>
      </trkpt>
      <trkpt lat="44.044881666979215" lon="2.9984186591282476">
        <ele>422.0</ele>
      </trkpt>
      <trkpt lat="44.04494046964264" lon="2.998267114162446">
        <ele>422.0</ele>
      </trkpt>
      <trkpt lat="44.04500120036828" lon="2.998103499586996">
        <ele>422.0</ele>
      </trkpt>
      <trkpt lat="44.04506193085145" lon="2.9979398846626286">
        <ele>421.0</ele>
      </trkpt>
      <trkpt lat="44.04514194100078" lon="2.9977414014743533">
        <ele>421.0</ele>
      </trkpt>
      <trkpt lat="44.04522195079384" lon="2.9975429177284245">
        <ele>420.0</ele>
      </trkpt>
      <trkpt lat="44.04529039298315" lon="2.9973967375127755">
        <ele>420.0</ele>
      </trkpt>
      <trkpt lat="44.04535883497989" lon="2.9972505569458012">
        <ele>419.0</ele>
      </trkpt>
      <trkpt lat="44.04544944839687" lon="2.9970480504873587">
        <ele>419.0</ele>
      </trkpt>
      <trkpt lat="44.045540061443845" lon="2.9968455433845533">
        <ele>418.0</ele>
      </trkpt>
      <trkpt lat="44.045633566515335" lon="2.996625602606417">
        <ele>418.0</ele>
      </trkpt>
      <trkpt lat="44.04572707114983" lon="2.99640566110611">
        <ele>417.0</ele>
      </trkpt>
      <trkpt lat="44.04577237766142" lon="2.9962286354519483">
        <ele>417.0</ele>
      </trkpt>
      <trkpt lat="44.045817683887904" lon="2.9960516095161434">
        <ele>417.0</ele>
      </trkpt>
      <trkpt lat="44.04586781002386" lon="2.9958263039588937">
        <ele>416.0</ele>
      </trkpt>
      <trkpt lat="44.04590058492915" lon="2.9956412316433676">
        <ele>416.0</ele>
      </trkpt>
      <trkpt lat="44.04593335952219" lon="2.9954561591148385">
        <ele>416.0</ele>
      </trkpt>
      <trkpt lat="44.045977701944366" lon="2.9952616991126573">
        <ele>415.0</ele>
      </trkpt>
      <trkpt lat="44.046022044022244" lon="2.995067238807678">
        <ele>415.0</ele>
      </trkpt>
      <trkpt lat="44.04611844006729" lon="2.9948124289512643">
        <ele>415.0</ele>
      </trkpt>
      <trkpt lat="44.04620519637373" lon="2.9946568608284005">
        <ele>414.0</ele>
      </trkpt>
      <trkpt lat="44.04634593411169" lon="2.994461059570314">
        <ele>414.0</ele>
      </trkpt>
      <trkpt lat="44.046496311051285" lon="2.9942411184310918">
        <ele>414.0</ele>
      </trkpt>
      <trkpt lat="44.04655800404426" lon="2.994010448455812">
        <ele>413.0</ele>
      </trkpt>
      <trkpt lat="44.04660427374686" lon="2.993795871734621">
        <ele>413.0</ele>
      </trkpt>
      <trkpt lat="44.04662740858466" lon="2.9936456680297856">
        <ele>412.0</ele>
      </trkpt>
      <trkpt lat="44.04666403872586" lon="2.993495464324952">
        <ele>412.0</ele>
      </trkpt>
      <trkpt lat="44.04674308263771" lon="2.993353307247163">
        <ele>412.0</ele>
      </trkpt>
      <trkpt lat="44.046851044883475" lon="2.9932057857513428">
        <ele>412.0</ele>
      </trkpt>
      <trkpt lat="44.04693394433152" lon="2.993066310882569">
        <ele>412.0</ele>
      </trkpt>
      <trkpt lat="44.04700913210261" lon="2.9929241538047804">
        <ele>412.0</ele>
      </trkpt>
      <trkpt lat="44.04705732934159" lon="2.99278736114502">
        <ele>411.0</ele>
      </trkpt>
      <trkpt lat="44.047078536114356" lon="2.992645204067231">
        <ele>411.0</ele>
      </trkpt>
      <trkpt lat="44.04707660822626" lon="2.992497682571412">
        <ele>411.0</ele>
      </trkpt>
      <trkpt lat="44.04706504089626" lon="2.9922938346862815">
        <ele>410.0</ele>
      </trkpt>
      <trkpt lat="44.047051545675004" lon="2.992122173309327">
        <ele>410.0</ele>
      </trkpt>
      <trkpt lat="44.047066968784705" lon="2.9919236898422255">
        <ele>409.0</ele>
      </trkpt>
      <trkpt lat="44.04709974287948" lon="2.9917412996292128">
        <ele>409.0</ele>
      </trkpt>
      <trkpt lat="44.047132516956175" lon="2.9916045069694523">
        <ele>408.0</ele>
      </trkpt>
      <trkpt lat="44.04721348812652" lon="2.9914382100105295">
        <ele>407.0</ele>
      </trkpt>
      <trkpt lat="44.047327233155194" lon="2.991245090961455">
        <ele>406.0</ele>
      </trkpt>
      <trkpt lat="44.04741687952741" lon="2.991104275209824">
        <ele>405.0</ele>
      </trkpt>
      <trkpt lat="44.04750652572298" lon="2.990963459014893">
        <ele>404.0</ele>
      </trkpt>
      <trkpt lat="44.04762605379995" lon="2.990791797637939">
        <ele>403.0</ele>
      </trkpt>
      <trkpt lat="44.04771280790684" lon="2.990664392903804">
        <ele>403.0</ele>
      </trkpt>
      <trkpt lat="44.04779956186967" lon="2.990536987781526">
        <ele>402.0</ele>
      </trkpt>
      <trkpt lat="44.04794607939939" lon="2.9903116822242755">
        <ele>401.0</ele>
      </trkpt>
      <trkpt lat="44.048052111596185" lon="2.9901802539825435">
        <ele>400.0</ele>
      </trkpt>
      <trkpt lat="44.048158143603104" lon="2.99005687236786">
        <ele>399.0</ele>
      </trkpt>
      <trkpt lat="44.04831044379007" lon="2.989946901798249">
        <ele>398.0</ele>
      </trkpt>
      <trkpt lat="44.04850708395862" lon="2.9898583889007577">
        <ele>397.0</ele>
      </trkpt>
      <trkpt lat="44.048625645990285" lon="2.9898007215269895">
        <ele>396.0</ele>
      </trkpt>
      <trkpt lat="44.0487442079994" lon="2.9897430539131156">
        <ele>395.0</ele>
      </trkpt>
      <trkpt lat="44.048900362337186" lon="2.9896062612533574">
        <ele>395.0</ele>
      </trkpt>
      <trkpt lat="44.04904494931991" lon="2.9894694685935983">
        <ele>394.0</ele>
      </trkpt>
      <trkpt lat="44.04921845323321" lon="2.9893568158149733">
        <ele>393.0</ele>
      </trkpt>
      <trkpt lat="44.04932062745167" lon="2.989289760709902">
        <ele>393.0</ele>
      </trkpt>
      <trkpt lat="44.049422801634876" lon="2.9892227053642286">
        <ele>393.0</ele>
      </trkpt>
      <trkpt lat="44.04959823224751" lon="2.9891154170036316">
        <ele>393.0</ele>
      </trkpt>
      <trkpt lat="44.049706189212486" lon="2.9890416563955453">
        <ele>393.0</ele>
      </trkpt>
      <trkpt lat="44.04981414613428" lon="2.988967895507813">
        <ele>393.0</ele>
      </trkpt>
      <trkpt lat="44.04997415307793" lon="2.988851219743476">
        <ele>393.0</ele>
      </trkpt>
      <trkpt lat="44.050134159911515" lon="2.9887345433235173">
        <ele>394.0</ele>
      </trkpt>
      <trkpt lat="44.05026910482621" lon="2.9886634649530452">
        <ele>393.0</ele>
      </trkpt>
      <trkpt lat="44.05040404970489" lon="2.988592386245728">
        <ele>393.0</ele>
      </trkpt>
      <trkpt lat="44.05054188564018" lon="2.988569587524282">
        <ele>393.0</ele>
      </trkpt>
      <trkpt lat="44.05067972158132" lon="2.9885467886924757">
        <ele>393.0</ele>
      </trkpt>
      <trkpt lat="44.050824304040155" lon="2.9885253310748334">
        <ele>393.0</ele>
      </trkpt>
      <trkpt lat="44.05096888650643" lon="2.988503873348237">
        <ele>393.0</ele>
      </trkpt>
      <trkpt lat="44.05110190174542" lon="2.988483756827611">
        <ele>393.0</ele>
      </trkpt>
      <trkpt lat="44.051234916990566" lon="2.988463640213013">
        <ele>393.0</ele>
      </trkpt>
      <trkpt lat="44.051402631001736" lon="2.988458275810782">
        <ele>393.0</ele>
      </trkpt>
      <trkpt lat="44.051570345028324" lon="2.988452911376954">
        <ele>393.0</ele>
      </trkpt>
      <trkpt lat="44.05173420286182" lon="2.9884368181228647">
        <ele>393.0</ele>
      </trkpt>
      <trkpt lat="44.05189420477937" lon="2.988385856151581">
        <ele>394.0</ele>
      </trkpt>
      <trkpt lat="44.051988663539824" lon="2.988340258598329">
        <ele>394.0</ele>
      </trkpt>
      <trkpt lat="44.05207926669908" lon="2.988286614418029">
        <ele>394.0</ele>
      </trkpt>
      <trkpt lat="44.05217179744209" lon="2.988211512565613">
        <ele>395.0</ele>
      </trkpt>
      <trkpt lat="44.052327942743126" lon="2.9880425333976754">
        <ele>395.0</ele>
      </trkpt>
      <trkpt lat="44.05242240077425" lon="2.987948656237866">
        <ele>395.0</ele>
      </trkpt>
      <trkpt lat="44.05251685872985" lon="2.987854778766633">
        <ele>395.0</ele>
      </trkpt>
      <trkpt lat="44.05266722000286" lon="2.987744808197022">
        <ele>395.0</ele>
      </trkpt>
      <trkpt lat="44.05280987008843" lon="2.987688481807708">
        <ele>395.0</ele>
      </trkpt>
      <trkpt lat="44.0529679414035" lon="2.987642884254457">
        <ele>394.0</ele>
      </trkpt>
      <trkpt lat="44.05315492765838" lon="2.9876214265823373">
        <ele>394.0</ele>
      </trkpt>
      <trkpt lat="44.053289997330424" lon="2.987590950215559">
        <ele>394.0</ele>
      </trkpt>
      <trkpt lat="44.05329757656921" lon="2.987589240074159">
        <ele>394.0</ele>
      </trkpt>
      <trkpt lat="44.05342191204036" lon="2.987539619315722">
        <ele>394.0</ele>
      </trkpt>
      <trkpt lat="44.053546247497636" lon="2.9874899983406076">
        <ele>394.0</ele>
      </trkpt>
      <trkpt lat="44.05365901643155" lon="2.987433672062834">
        <ele>394.0</ele>
      </trkpt>
      <trkpt lat="44.05377178534358" lon="2.9873773455619816">
        <ele>394.0</ele>
      </trkpt>
      <trkpt lat="44.053912504946894" lon="2.987316996008274">
        <ele>394.0</ele>
      </trkpt>
      <trkpt lat="44.054053224527976" lon="2.987256646156311">
        <ele>395.0</ele>
      </trkpt>
      <trkpt lat="44.054177558417244" lon="2.9871976376868195">
        <ele>395.0</ele>
      </trkpt>
      <trkpt lat="44.054301892283306" lon="2.987138628959657">
        <ele>395.0</ele>
      </trkpt>
      <trkpt lat="44.05441562359133" lon="2.9871064425157603">
        <ele>395.0</ele>
      </trkpt>
      <trkpt lat="44.05452935489711" lon="2.9870742559433">
        <ele>395.0</ele>
      </trkpt>
      <trkpt lat="44.05466139832979" lon="2.987025976292979">
        <ele>396.0</ele>
      </trkpt>
      <trkpt lat="44.05479344175089" lon="2.986977696418762">
        <ele>396.0</ele>
      </trkpt>
      <trkpt lat="44.054963073561375" lon="2.9869213700294504">
        <ele>396.0</ele>
      </trkpt>
      <trkpt lat="44.05509222459526" lon="2.9868677259708156">
        <ele>396.0</ele>
      </trkpt>
      <trkpt lat="44.055221375612156" lon="2.986814081668853">
        <ele>395.0</ele>
      </trkpt>
      <trkpt lat="44.055344743246856" lon="2.9867456854871484">
        <ele>395.0</ele>
      </trkpt>
      <trkpt lat="44.055468110847315" lon="2.986677289009095">
        <ele>395.0</ele>
      </trkpt>
      <trkpt lat="44.05557702090014" lon="2.9866343737469347">
        <ele>394.0</ele>
      </trkpt>
      <trkpt lat="44.05568593094274" lon="2.9865914583206195">
        <ele>394.0</ele>
      </trkpt>
      <trkpt lat="44.05584977738905" lon="2.9865726828575143">
        <ele>393.0</ele>
      </trkpt>
      <trkpt lat="44.05603289935153" lon="2.9865834116935734">
        <ele>393.0</ele>
      </trkpt>
      <trkpt lat="44.05619963599135" lon="2.9866276680127335">
        <ele>393.0</ele>
      </trkpt>
      <trkpt lat="44.05636637262875" lon="2.986671924591064">
        <ele>393.0</ele>
      </trkpt>
      <trkpt lat="44.05650804985118" lon="2.986725568637895">
        <ele>392.0</ele>
      </trkpt>
      <trkpt lat="44.05664972705852" lon="2.9867792129516606">
        <ele>392.0</ele>
      </trkpt>
      <trkpt lat="44.05676827278424" lon="2.9868248104099884">
        <ele>392.0</ele>
      </trkpt>
      <trkpt lat="44.05688681849884" lon="2.9868704080581674">
        <ele>393.0</ele>
      </trkpt>
      <trkpt lat="44.05709499556617" lon="2.9869803786277775">
        <ele>393.0</ele>
      </trkpt>
      <trkpt lat="44.057216431747925" lon="2.987055480320035">
        <ele>393.0</ele>
      </trkpt>
      <trkpt lat="44.057337867886375" lon="2.9871305823326115">
        <ele>393.0</ele>
      </trkpt>
      <trkpt lat="44.05752869519409" lon="2.9872566457338476">
        <ele>393.0</ele>
      </trkpt>
      <trkpt lat="44.057719522376885" lon="2.987382709980011">
        <ele>393.0</ele>
      </trkpt>
      <trkpt lat="44.05782360946431" lon="2.987449765082812">
        <ele>393.0</ele>
      </trkpt>
      <trkpt lat="44.05792769651667" lon="2.987516820430756">
        <ele>393.0</ele>
      </trkpt>
      <trkpt lat="44.058022145653865" lon="2.9875772595187304">
        <ele>393.0</ele>
      </trkpt>
      <trkpt lat="44.05811659464007" lon="2.9876362681170576">
        <ele>392.0</ele>
      </trkpt>
      <trkpt lat="44.05826115897555" lon="2.987723439688733">
        <ele>392.0</ele>
      </trkpt>
      <trkpt lat="44.058405723253244" lon="2.987810611703026">
        <ele>391.0</ele>
      </trkpt>
      <trkpt lat="44.05855992460294" lon="2.9878803491374124">
        <ele>390.0</ele>
      </trkpt>
      <trkpt lat="44.05868135775788" lon="2.987907171170362">
        <ele>389.0</ele>
      </trkpt>
      <trkpt lat="44.058802790914456" lon="2.9879339933177116">
        <ele>388.0</ele>
      </trkpt>
      <trkpt lat="44.05892036869149" lon="2.9879608154078596">
        <ele>386.0</ele>
      </trkpt>
      <trkpt lat="44.05907842369603" lon="2.9880090951701277">
        <ele>385.0</ele>
      </trkpt>
      <trkpt lat="44.05920949337978" lon="2.988057374932396">
        <ele>384.0</ele>
      </trkpt>
      <trkpt lat="44.05934056277337" lon="2.9881592988749617">
        <ele>383.0</ele>
      </trkpt>
      <trkpt lat="44.05949476168848" lon="2.988282680489647">
        <ele>382.0</ele>
      </trkpt>
      <trkpt lat="44.059643177765" lon="2.9884194731494063">
        <ele>381.0</ele>
      </trkpt>
      <trkpt lat="44.05972220435527" lon="2.9884597062846305">
        <ele>381.0</ele>
      </trkpt>
      <trkpt lat="44.05978002862277" lon="2.9884543418666003">
        <ele>380.0</ele>
      </trkpt>
      <trkpt lat="44.05982436052297" lon="2.9884033798953173">
        <ele>380.0</ele>
      </trkpt>
      <trkpt lat="44.05985905503037" lon="2.988336324669945">
        <ele>380.0</ele>
      </trkpt>
      <trkpt lat="44.05992073410449" lon="2.9881378412028434">
        <ele>380.0</ele>
      </trkpt>
      <trkpt lat="44.05997663080889" lon="2.987971544407166">
        <ele>381.0</ele>
      </trkpt>
      <trkpt lat="44.060032527262486" lon="2.987805247284996">
        <ele>381.0</ele>
      </trkpt>
      <trkpt lat="44.060080713979005" lon="2.9876604081207634">
        <ele>381.0</ele>
      </trkpt>
      <trkpt lat="44.06012890050522" lon="2.9875155687113875">
        <ele>382.0</ele>
      </trkpt>
      <trkpt lat="44.06018961566995" lon="2.9873439075174733">
        <ele>382.0</ele>
      </trkpt>
      <trkpt lat="44.060250330567634" lon="2.9871722459574794">
        <ele>383.0</ele>
      </trkpt>
      <trkpt lat="44.06030237194672" lon="2.9870005845805285">
        <ele>384.0</ele>
      </trkpt>
      <trkpt lat="44.060383325112205" lon="2.9868584275027383">
        <ele>384.0</ele>
      </trkpt>
      <trkpt lat="44.060441148734036" lon="2.986807465531456">
        <ele>385.0</ele>
      </trkpt>
      <trkpt lat="44.060522101709694" lon="2.9867538213511584">
        <ele>385.0</ele>
      </trkpt>
      <trkpt lat="44.06061076436561" lon="2.9867216348429797">
        <ele>386.0</ele>
      </trkpt>
      <trkpt lat="44.06070520922256" lon="2.9866760372897256">
        <ele>386.0</ele>
      </trkpt>
      <trkpt lat="44.060778452069165" lon="2.9866492151995754">
        <ele>386.0</ele>
      </trkpt>
      <trkpt lat="44.06087675153666" lon="2.9866089820643538">
        <ele>386.0</ele>
      </trkpt>
      <trkpt lat="44.06098276058341" lon="2.9865794777651904">
        <ele>386.0</ele>
      </trkpt>
      <trkpt lat="44.06106371281855" lon="2.986520469166862">
        <ele>385.0</ele>
      </trkpt>
      <trkpt lat="44.061208270105986" lon="2.9864265918513415">
        <ele>384.0</ele>
      </trkpt>
      <trkpt lat="44.061336443814575" lon="2.986362218979891">
        <ele>382.0</ele>
      </trkpt>
      <trkpt lat="44.06146461749445" lon="2.9862978458186267">
        <ele>381.0</ele>
      </trkpt>
      <trkpt lat="44.06164193985057" lon="2.986220061757195">
        <ele>379.0</ele>
      </trkpt>
      <trkpt lat="44.06180384240754" lon="2.9861369132777327">
        <ele>377.0</ele>
      </trkpt>
      <trkpt lat="44.06194068827112" lon="2.9860457181712268">
        <ele>375.0</ele>
      </trkpt>
      <trkpt lat="44.06203127620405" lon="2.985967934109794">
        <ele>374.0</ele>
      </trkpt>
      <trkpt lat="44.06212186399831" lon="2.985898196675408">
        <ele>373.0</ele>
      </trkpt>
      <trkpt lat="44.06221052425849" lon="2.9858660101672285">
        <ele>371.0</ele>
      </trkpt>
      <trkpt lat="44.06229918438593" lon="2.985871374585259">
        <ele>370.0</ele>
      </trkpt>
      <trkpt lat="44.06242060999715" lon="2.9859142899294966">
        <ele>370.0</ele>
      </trkpt>
      <trkpt lat="44.06257865565775" lon="2.986040353753198">
        <ele>369.0</ele>
      </trkpt>
      <trkpt lat="44.062713572351285" lon="2.9861100911875833">
        <ele>369.0</ele>
      </trkpt>
      <trkpt lat="44.06286776248169" lon="2.9861878752490156">
        <ele>369.0</ele>
      </trkpt>
      <trkpt lat="44.063033516423985" lon="2.9862307905932535">
        <ele>368.0</ele>
      </trkpt>
      <trkpt lat="44.06318963308481" lon="2.9862549304743884">
        <ele>368.0</ele>
      </trkpt>
      <trkpt lat="44.0633341851814" lon="2.9862737059374926">
        <ele>367.0</ele>
      </trkpt>
      <trkpt lat="44.06341111137669" lon="2.986286738631031">
        <ele>367.0</ele>
      </trkpt>
      <trkpt lat="44.0634344077612" lon="2.986109197172482">
        <ele>366.0</ele>
      </trkpt>
      <trkpt lat="44.063505719878115" lon="2.9859133959143946">
        <ele>366.0</ele>
      </trkpt>
      <trkpt lat="44.0636329250626" lon="2.98566395047601">
        <ele>365.0</ele>
      </trkpt>
      <trkpt lat="44.06372543775237" lon="2.98554861548837">
        <ele>364.0</ele>
      </trkpt>
      <trkpt lat="44.06385649714867" lon="2.9854574203818633">
        <ele>364.0</ele>
      </trkpt>
      <trkpt lat="44.063960573521456" lon="2.98539036515649">
        <ele>363.0</ele>
      </trkpt>
      <trkpt lat="44.06399333826759" lon="2.985309898886044">
        <ele>363.0</ele>
      </trkpt>
      <trkpt lat="44.063962500859944" lon="2.9852401614516575">
        <ele>362.0</ele>
      </trkpt>
      <trkpt lat="44.063862279174195" lon="2.98514360192712">
        <ele>362.0</ele>
      </trkpt>
      <trkpt lat="44.06386420651594" lon="2.985057771238645">
        <ele>361.0</ele>
      </trkpt>
      <trkpt lat="44.06389504397477" lon="2.984939754041988">
        <ele>361.0</ele>
      </trkpt>
      <trkpt lat="44.063931663436286" lon="2.9848485589354814">
        <ele>361.0</ele>
      </trkpt>
      <trkpt lat="44.063972137551666" lon="2.9847648739814767">
        <ele>361.0</ele>
      </trkpt>
      <trkpt lat="44.06395093682805" lon="2.9846924543380746">
        <ele>361.0</ele>
      </trkpt>
      <trkpt lat="44.06393359077581" lon="2.984582483768464">
        <ele>360.0</ele>
      </trkpt>
      <trkpt lat="44.06392780875726" lon="2.9844376444816594">
        <ele>360.0</ele>
      </trkpt>
      <trkpt lat="44.06395286416688" lon="2.984255254268647">
        <ele>360.0</ele>
      </trkpt>
      <trkpt lat="44.06398755625502" lon="2.9841104149818416">
        <ele>360.0</ele>
      </trkpt>
      <trkpt lat="44.06401832961151" lon="2.983934672313247">
        <ele>360.0</ele>
      </trkpt>
      <trkpt lat="44.064196328782415" lon="2.983974588123321">
        <ele>359.0</ele>
      </trkpt>
      <trkpt lat="44.06430821374166" lon="2.9839980661103827">
        <ele>359.0</ele>
      </trkpt>
      <trkpt lat="44.064420098702804" lon="2.9840215441897144">
        <ele>359.0</ele>
      </trkpt>
      <trkpt lat="44.06454300161712" lon="2.9840403173587893">
        <ele>359.0</ele>
      </trkpt>
      <trkpt lat="44.06466590453656" lon="2.98405909060891">
        <ele>359.0</ele>
      </trkpt>
      <trkpt lat="44.0647523611975" lon="2.984077874132225">
        <ele>359.0</ele>
      </trkpt>
      <trkpt lat="44.06490798612107" lon="2.984131902981369">
        <ele>358.0</ele>
      </trkpt>
      <trkpt lat="44.065046145457295" lon="2.984149496813447">
        <ele>358.0</ele>
      </trkpt>
      <trkpt lat="44.065184304801235" lon="2.98416709073091">
        <ele>358.0</ele>
      </trkpt>
      <trkpt lat="44.06522682140109" lon="2.984225749969482">
        <ele>358.0</ele>
      </trkpt>
      <trkpt lat="44.06536365919144" lon="2.9842485486913146">
        <ele>357.0</ele>
      </trkpt>
      <trkpt lat="44.065500496987404" lon="2.9842713475227356">
        <ele>357.0</ele>
      </trkpt>
      <trkpt lat="44.065695152796394" lon="2.9842767119407645">
        <ele>357.0</ele>
      </trkpt>
      <trkpt lat="44.0658506547865" lon="2.9843287582362934">
        <ele>357.0</ele>
      </trkpt>
      <trkpt lat="44.06600615676523" lon="2.984380804816121">
        <ele>356.0</ele>
      </trkpt>
      <trkpt lat="44.06616466294589" lon="2.984431308358675">
        <ele>356.0</ele>
      </trkpt>
      <trkpt lat="44.06632316911714" lon="2.9844818121824312">
        <ele>356.0</ele>
      </trkpt>
      <trkpt lat="44.066444723510074" lon="2.9845388533762014">
        <ele>356.0</ele>
      </trkpt>
      <trkpt lat="44.066566277881456" lon="2.984595894813538">
        <ele>356.0</ele>
      </trkpt>
      <trkpt lat="44.06678212990307" lon="2.984660267829896">
        <ele>356.0</ele>
      </trkpt>
      <trkpt lat="44.066936309436535" lon="2.984654903411865">
        <ele>356.0</ele>
      </trkpt>
      <trkpt lat="44.06705579817424" lon="2.9846549034118652">
        <ele>356.0</ele>
      </trkpt>
      <trkpt lat="44.06717528691981" lon="2.9846549034118657">
        <ele>356.0</ele>
      </trkpt>
      <trkpt lat="44.06732066921831" lon="2.984670031200185">
        <ele>356.0</ele>
      </trkpt>
      <trkpt lat="44.0673815002167" lon="2.984676361006266">
        <ele>356.0</ele>
      </trkpt>
      <trkpt lat="44.06758771353291" lon="2.984697818756104">
        <ele>356.0</ele>
      </trkpt>
      <trkpt lat="44.06777529541225" lon="2.984699606883664">
        <ele>357.0</ele>
      </trkpt>
      <trkpt lat="44.06796287731103" lon="2.984701395023009">
        <ele>357.0</ele>
      </trkpt>
      <trkpt lat="44.0681504592292" lon="2.984703183174134">
        <ele>357.0</ele>
      </trkpt>
      <trkpt lat="44.06831358492948" lon="2.9846785099472144">
        <ele>358.0</ele>
      </trkpt>
      <trkpt lat="44.0684767106389" lon="2.984653836578905">
        <ele>358.0</ele>
      </trkpt>
      <trkpt lat="44.06862673533314" lon="2.984663704457058">
        <ele>358.0</ele>
      </trkpt>
      <trkpt lat="44.068776760038915" lon="2.984673572387217">
        <ele>358.0</ele>
      </trkpt>
      <trkpt lat="44.0689454062414" lon="2.9847071531443055">
        <ele>358.0</ele>
      </trkpt>
      <trkpt lat="44.069114052449294" lon="2.9847407341003422">
        <ele>358.0</ele>
      </trkpt>
      <trkpt lat="44.06927784998047" lon="2.9847863312895635">
        <ele>357.0</ele>
      </trkpt>
      <trkpt lat="44.06944164750751" lon="2.984831928741158">
        <ele>356.0</ele>
      </trkpt>
      <trkpt lat="44.06962383335085" lon="2.984937570771183">
        <ele>356.0</ele>
      </trkpt>
      <trkpt lat="44.069806019110636" lon="2.9850432134773373">
        <ele>355.0</ele>
      </trkpt>
      <trkpt lat="44.06997153462146" lon="2.9851422555073146">
        <ele>354.0</ele>
      </trkpt>
      <trkpt lat="44.07013705005786" lon="2.985241298113181">
        <ele>352.0</ele>
      </trkpt>
      <trkpt lat="44.07034090308815" lon="2.9853279456534474">
        <ele>351.0</ele>
      </trkpt>
      <trkpt lat="44.07054475607283" lon="2.9854145938142356">
        <ele>350.0</ele>
      </trkpt>
      <trkpt lat="44.07072335940744" lon="2.9854442741032687">
        <ele>348.0</ele>
      </trkpt>
      <trkpt lat="44.07087100552142" lon="2.985473962477414">
        <ele>347.0</ele>
      </trkpt>
      <trkpt lat="44.07098739845552" lon="2.985530084933359">
        <ele>346.0</ele>
      </trkpt>
      <trkpt lat="44.07110379136836" lon="2.9855862076187867">
        <ele>345.0</ele>
      </trkpt>
      <trkpt lat="44.0712219738148" lon="2.985642324693193">
        <ele>344.0</ele>
      </trkpt>
      <trkpt lat="44.0713401562402" lon="2.98569844200059">
        <ele>343.0</ele>
      </trkpt>
      <trkpt lat="44.071465180597535" lon="2.9857347429008865">
        <ele>343.0</ele>
      </trkpt>
      <trkpt lat="44.07159020495147" lon="2.985771043960624">
        <ele>342.0</ele>
      </trkpt>
      <trkpt lat="44.071716184826265" lon="2.9858304656032786">
        <ele>342.0</ele>
      </trkpt>
      <trkpt lat="44.07184216467758" lon="2.985889887508923">
        <ele>342.0</ele>
      </trkpt>
      <trkpt lat="44.07195528639963" lon="2.985957570264914">
        <ele>341.0</ele>
      </trkpt>
      <trkpt lat="44.0720684080869" lon="2.986025253289886">
        <ele>341.0</ele>
      </trkpt>
      <trkpt lat="44.07216962394258" lon="2.986099545448226">
        <ele>341.0</ele>
      </trkpt>
      <trkpt lat="44.07227083975352" lon="2.986173837870739">
        <ele>341.0</ele>
      </trkpt>
      <trkpt lat="44.0724518339232" lon="2.9862794897322504">
        <ele>341.0</ele>
      </trkpt>
      <trkpt lat="44.072604063521595" lon="2.9863389143429937">
        <ele>341.0</ele>
      </trkpt>
      <trkpt lat="44.07275629310052" lon="2.986398339271546">
        <ele>341.0</ele>
      </trkpt>
      <trkpt lat="44.07287769714178" lon="2.986441254524264">
        <ele>341.0</ele>
      </trkpt>
      <trkpt lat="44.072999101174354" lon="2.986484169960022">
        <ele>341.0</ele>
      </trkpt>
      <trkpt lat="44.07315531466259" lon="2.9865221055219173">
        <ele>341.0</ele>
      </trkpt>
      <trkpt lat="44.073311528151166" lon="2.986560041292007">
        <ele>342.0</ele>
      </trkpt>
      <trkpt lat="44.07353252031425" lon="2.9865996258029806">
        <ele>342.0</ele>
      </trkpt>
      <trkpt lat="44.07365397192582" lon="2.9866309763230006">
        <ele>342.0</ele>
      </trkpt>
      <trkpt lat="44.073775423536546" lon="2.986662326976791">
        <ele>343.0</ele>
      </trkpt>
      <trkpt lat="44.07389210947526" lon="2.986668905793953">
        <ele>344.0</ele>
      </trkpt>
      <trkpt lat="44.07386831098906" lon="2.9867911251986246">
        <ele>344.0</ele>
      </trkpt>
      <trkpt lat="44.07382071409701" lon="2.9870396925434988">
        <ele>346.0</ele>
      </trkpt>
      <trkpt lat="44.07377311664211" lon="2.9872882594727197">
        <ele>347.0</ele>
      </trkpt>
      <trkpt lat="44.07370885372996" lon="2.987575640675185">
        <ele>348.0</ele>
      </trkpt>
      <trkpt lat="44.073646972126966" lon="2.9878696268483305">
        <ele>349.0</ele>
      </trkpt>
      <trkpt lat="44.07366127429287" lon="2.987998443316627">
        <ele>350.0</ele>
      </trkpt>
      <trkpt lat="44.07383829498088" lon="2.9880767163946795">
        <ele>351.0</ele>
      </trkpt>
      <trkpt lat="44.07397165122249" lon="2.9880932038761383">
        <ele>352.0</ele>
      </trkpt>
      <trkpt lat="44.07410500747143" lon="2.9881096914348437">
        <ele>353.0</ele>
      </trkpt>
      <trkpt lat="44.07430742265157" lon="2.9881294677684997">
        <ele>354.0</ele>
      </trkpt>
      <trkpt lat="44.07450983785074" lon="2.9881492442427944">
        <ele>355.0</ele>
      </trkpt>
      <trkpt lat="44.07471344551685" lon="2.9881855362376935">
        <ele>356.0</ele>
      </trkpt>
      <trkpt lat="44.074917053193765" lon="2.9882218284922026">
        <ele>356.0</ele>
      </trkpt>
      <trkpt lat="44.075051599980874" lon="2.9882366648074825">
        <ele>356.0</ele>
      </trkpt>
      <trkpt lat="44.07518614677593" lon="2.9882515011928947">
        <ele>357.0</ele>
      </trkpt>
      <trkpt lat="44.07536331923159" lon="2.9882646772807475">
        <ele>357.0</ele>
      </trkpt>
      <trkpt lat="44.07552524870422" lon="2.9882547343808135">
        <ele>358.0</ele>
      </trkpt>
      <trkpt lat="44.075687178190385" lon="2.9882447914243127">
        <ele>358.0</ele>
      </trkpt>
      <trkpt lat="44.07583362619097" lon="2.988208426086449">
        <ele>359.0</ele>
      </trkpt>
      <trkpt lat="44.07598007419129" lon="2.988172060561475">
        <ele>359.0</ele>
      </trkpt>
      <trkpt lat="44.076135566953255" lon="2.9880960544673516">
        <ele>359.0</ele>
      </trkpt>
      <trkpt lat="44.07629105967579" lon="2.9880200479580017">
        <ele>359.0</ele>
      </trkpt>
      <trkpt lat="44.07640773645441" lon="2.9879423976421853">
        <ele>359.0</ele>
      </trkpt>
      <trkpt lat="44.07652441318547" lon="2.987864747008054">
        <ele>359.0</ele>
      </trkpt>
      <trkpt lat="44.07669823650989" lon="2.987739186804487">
        <ele>358.0</ele>
      </trkpt>
      <trkpt lat="44.07679347795048" lon="2.9876334624104706">
        <ele>358.0</ele>
      </trkpt>
      <trkpt lat="44.076888719294026" lon="2.987527737662674">
        <ele>358.0</ele>
      </trkpt>
      <trkpt lat="44.07700062531541" lon="2.987382369779492">
        <ele>358.0</ele>
      </trkpt>
      <trkpt lat="44.077114912484284" lon="2.987237000790841">
        <ele>357.0</ele>
      </trkpt>
      <trkpt lat="44.07719109149592" lon="2.9870354842812974">
        <ele>357.0</ele>
      </trkpt>
      <trkpt lat="44.0772101240749" lon="2.986883529506367">
        <ele>356.0</ele>
      </trkpt>
      <trkpt lat="44.07712436530997" lon="2.986629197826044">
        <ele>356.0</ele>
      </trkpt>
      <trkpt lat="44.07702907939149" lon="2.9863649594124624">
        <ele>356.0</ele>
      </trkpt>
      <trkpt lat="44.07696713945383" lon="2.9861634756118107">
        <ele>356.0</ele>
      </trkpt>
      <trkpt lat="44.07695282115132" lon="2.9859256446949924">
        <ele>355.0</ele>
      </trkpt>
      <trkpt lat="44.07698137537528" lon="2.9857571715191726">
        <ele>355.0</ele>
      </trkpt>
      <trkpt lat="44.077038497939164" lon="2.9855325355133893">
        <ele>355.0</ele>
      </trkpt>
      <trkpt lat="44.077088482678526" lon="2.9853574498498223">
        <ele>355.0</ele>
      </trkpt>
      <trkpt lat="44.07713371160933" lon="2.9852352173729635">
        <ele>354.0</ele>
      </trkpt>
      <trkpt lat="44.07728657915688" lon="2.9851311245636647">
        <ele>354.0</ele>
      </trkpt>
      <trkpt lat="44.07747707778273" lon="2.9850716156572505">
        <ele>354.0</ele>
      </trkpt>
      <trkpt lat="44.07764376621498" lon="2.985035235691033">
        <ele>353.0</ele>
      </trkpt>
      <trkpt lat="44.077850935526634" lon="2.9849856316132093">
        <ele>353.0</ele>
      </trkpt>
      <trkpt lat="44.077974760393474" lon="2.9849525658043685">
        <ele>353.0</ele>
      </trkpt>
      <trkpt lat="44.07817717067463" lon="2.9849293890120023">
        <ele>352.0</ele>
      </trkpt>
      <trkpt lat="44.07838672679906" lon="2.984919423514951">
        <ele>352.0</ele>
      </trkpt>
      <trkpt lat="44.078600237255735" lon="2.984879875494524">
        <ele>352.0</ele>
      </trkpt>
      <trkpt lat="44.07860104151786" lon="2.9848797265224585">
        <ele>352.0</ele>
      </trkpt>
      <trkpt lat="44.07871867584484" lon="2.9848532684114915">
        <ele>352.0</ele>
      </trkpt>
      <trkpt lat="44.07883631017304" lon="2.9848268101911697">
        <ele>352.0</ele>
      </trkpt>
      <trkpt lat="44.07905300716469" lon="2.9847937186545805">
        <ele>352.0</ele>
      </trkpt>
      <trkpt lat="44.079222078364005" lon="2.9847672463909727">
        <ele>352.0</ele>
      </trkpt>
      <trkpt lat="44.07941972883026" lon="2.984763890099585">
        <ele>352.0</ele>
      </trkpt>
      <trkpt lat="44.07962452516599" lon="2.9847737455140337">
        <ele>353.0</ele>
      </trkpt>
      <trkpt lat="44.07977693531781" lon="2.9848067389392563">
        <ele>353.0</ele>
      </trkpt>
      <trkpt lat="44.079941256725775" lon="2.984872763658256">
        <ele>353.0</ele>
      </trkpt>
      <trkpt lat="44.080110343053576" lon="2.9849553046914763">
        <ele>354.0</ele>
      </trkpt>
      <trkpt lat="44.08025561053606" lon="2.9849982111097217">
        <ele>354.0</ele>
      </trkpt>
      <trkpt lat="44.08029769622618" lon="2.9850214920750706">
        <ele>354.0</ele>
      </trkpt>
      <trkpt lat="44.08029636780331" lon="2.9851430654525752">
        <ele>354.0</ele>
      </trkpt>
      <trkpt lat="44.0802790265412" lon="2.9852771759033208">
        <ele>354.0</ele>
      </trkpt>
      <trkpt lat="44.080265538889364" lon="2.9853951930999756">
        <ele>354.0</ele>
      </trkpt>
      <trkpt lat="44.08023470995931" lon="2.9854837059974675">
        <ele>355.0</ele>
      </trkpt>
      <trkpt lat="44.08019039334428" lon="2.9855909943580623">
        <ele>355.0</ele>
      </trkpt>
      <trkpt lat="44.08013066220187" lon="2.985722422599792">
        <ele>355.0</ele>
      </trkpt>
      <trkpt lat="44.080088272322286" lon="2.9858055710792537">
        <ele>354.0</ele>
      </trkpt>
      <trkpt lat="44.080026614261406" lon="2.9858484864234933">
        <ele>354.0</ele>
      </trkpt>
      <trkpt lat="44.079964956136294" lon="2.985894083976745">
        <ele>354.0</ele>
      </trkpt>
      <trkpt lat="44.07993798068634" lon="2.9859665036201486">
        <ele>354.0</ele>
      </trkpt>
      <trkpt lat="44.07995917568377" lon="2.9860308766365047">
        <ele>354.0</ele>
      </trkpt>
      <trkpt lat="44.079999638839595" lon="2.9860684275627136">
        <ele>355.0</ele>
      </trkpt>
      <trkpt lat="44.080069004185155" lon="2.9861247539520264">
        <ele>355.0</ele>
      </trkpt>
      <trkpt lat="44.08013258901385" lon="2.9861837625503544">
        <ele>355.0</ele>
      </trkpt>
      <trkpt lat="44.0802154418699" lon="2.9862856864929204">
        <ele>356.0</ele>
      </trkpt>
      <trkpt lat="44.08030792864193" lon="2.986409068107606">
        <ele>356.0</ele>
      </trkpt>
      <trkpt lat="44.080402342072595" lon="2.9865565896034245">
        <ele>357.0</ele>
      </trkpt>
      <trkpt lat="44.08044087812346" lon="2.9866665601730356">
        <ele>358.0</ele>
      </trkpt>
      <trkpt lat="44.08043702451951" lon="2.986749708652496">
        <ele>358.0</ele>
      </trkpt>
      <trkpt lat="44.080406195678805" lon="2.986856997013093">
        <ele>359.0</ele>
      </trkpt>
      <trkpt lat="44.08034839165428" lon="2.9870219530350233">
        <ele>361.0</ele>
      </trkpt>
      <trkpt lat="44.08029058738318" lon="2.9871869087219243">
        <ele>362.0</ele>
      </trkpt>
      <trkpt lat="44.08024338071896" lon="2.987362593558101">
        <ele>363.0</ele>
      </trkpt>
      <trkpt lat="44.08019617377419" lon="2.9875382781028743">
        <ele>364.0</ele>
      </trkpt>
      <trkpt lat="44.08017594237194" lon="2.9876925051760477">
        <ele>365.0</ele>
      </trkpt>
      <trkpt lat="44.08015571075276" lon="2.9878467321395874">
        <ele>366.0</ele>
      </trkpt>
      <trkpt lat="44.08012488176552" lon="2.9880988597869877">
        <ele>366.0</ele>
      </trkpt>
      <trkpt lat="44.08030600154928" lon="2.9880961775865074">
        <ele>366.0</ele>
      </trkpt>
      <trkpt lat="44.080487121350956" lon="2.9880934953689575">
        <ele>367.0</ele>
      </trkpt>
      <trkpt lat="44.080641264976094" lon="2.988082766561952">
        <ele>366.0</ele>
      </trkpt>
      <trkpt lat="44.080795408613234" lon="2.988072037696839">
        <ele>366.0</ele>
      </trkpt>
      <trkpt lat="44.08093028362712" lon="2.9880613088862007">
        <ele>365.0</ele>
      </trkpt>
      <trkpt lat="44.08106515864992" lon="2.9880505800247192">
        <ele>364.0</ele>
      </trkpt>
      <trkpt lat="44.08120195982097" lon="2.9880505800247184">
        <ele>363.0</ele>
      </trkpt>
      <trkpt lat="44.081338761002286" lon="2.988050580024718">
        <ele>362.0</ele>
      </trkpt>
      <trkpt lat="44.081492902615416" lon="2.988045215606689">
        <ele>361.0</ele>
      </trkpt>
      <trkpt lat="44.08160465503383" lon="2.9881954193115234">
        <ele>361.0</ele>
      </trkpt>
      <trkpt lat="44.081704846677674" lon="2.988367080688477">
        <ele>360.0</ele>
      </trkpt>
      <trkpt lat="44.081760722771286" lon="2.9885038732139524">
        <ele>360.0</ele>
      </trkpt>
      <trkpt lat="44.0818165986958" lon="2.9886406660079956">
        <ele>359.0</ele>
      </trkpt>
      <trkpt lat="44.081847426801474" lon="2.988823056221009">
        <ele>359.0</ele>
      </trkpt>
      <trkpt lat="44.08188210840132" lon="2.989085912704467">
        <ele>359.0</ele>
      </trkpt>
      <trkpt lat="44.081920643488296" lon="2.9892468452453618">
        <ele>359.0</ele>
      </trkpt>
      <trkpt lat="44.0820516625965" lon="2.989332675933838">
        <ele>359.0</ele>
      </trkpt>
      <trkpt lat="44.08219809537391" lon="2.989413142204284">
        <ele>358.0</ele>
      </trkpt>
      <trkpt lat="44.08231755342394" lon="2.98955261707306">
        <ele>358.0</ele>
      </trkpt>
      <trkpt lat="44.082456278598755" lon="2.989767193794251">
        <ele>358.0</ele>
      </trkpt>
      <trkpt lat="44.08253334799967" lon="2.9900032281875615">
        <ele>358.0</ele>
      </trkpt>
      <trkpt lat="44.082591149984495" lon="2.9902070760726933">
        <ele>358.0</ele>
      </trkpt>
      <trkpt lat="44.0826566588324" lon="2.9903465509414673">
        <ele>357.0</ele>
      </trkpt>
      <trkpt lat="44.082814650461245" lon="2.990475296974183">
        <ele>357.0</ele>
      </trkpt>
      <trkpt lat="44.08292640030158" lon="2.9905530808829">
        <ele>357.0</ele>
      </trkpt>
      <trkpt lat="44.083038150093536" lon="2.990630865097047">
        <ele>356.0</ele>
      </trkpt>
      <trkpt lat="44.08316916672679" lon="2.990775704383851">
        <ele>356.0</ele>
      </trkpt>
      <trkpt lat="44.08328476939759" lon="2.9909420013427734">
        <ele>356.0</ele>
      </trkpt>
      <trkpt lat="44.08339266501984" lon="2.991161942481995">
        <ele>355.0</ele>
      </trkpt>
      <trkpt lat="44.083515974061456" lon="2.9914087057113643">
        <ele>355.0</ele>
      </trkpt>
      <trkpt lat="44.08359496887408" lon="2.9915884134659505">
        <ele>354.0</ele>
      </trkpt>
      <trkpt lat="44.08367396339534" lon="2.99176812171936">
        <ele>354.0</ele>
      </trkpt>
      <trkpt lat="44.083749104562365" lon="2.9919129608149535">
        <ele>353.0</ele>
      </trkpt>
      <trkpt lat="44.08382424554095" lon="2.9920578002929696">
        <ele>353.0</ele>
      </trkpt>
      <trkpt lat="44.083885899717636" lon="2.99221068604121">
        <ele>353.0</ele>
      </trkpt>
      <trkpt lat="44.08394755368303" lon="2.9923635721206674">
        <ele>353.0</ele>
      </trkpt>
      <trkpt lat="44.084005354356286" lon="2.992511093466676">
        <ele>354.0</ele>
      </trkpt>
      <trkpt lat="44.08406315483272" lon="2.9926586151123047">
        <ele>354.0</ele>
      </trkpt>
      <trkpt lat="44.08416141576354" lon="2.9928758736674403">
        <ele>354.0</ele>
      </trkpt>
      <trkpt lat="44.084259676268786" lon="2.9930931329727164">
        <ele>354.0</ele>
      </trkpt>
      <trkpt lat="44.08431747664075" lon="2.9932433365250173">
        <ele>354.0</ele>
      </trkpt>
      <trkpt lat="44.08437527680861" lon="2.9933935403823857">
        <ele>354.0</ele>
      </trkpt>
      <trkpt lat="44.08445234379655" lon="2.993567883732288">
        <ele>354.0</ele>
      </trkpt>
      <trkpt lat="44.084529410510264" lon="2.99374222755432">
        <ele>354.0</ele>
      </trkpt>
      <trkpt lat="44.08463152396014" lon="2.9939433928695323">
        <ele>354.0</ele>
      </trkpt>
      <trkpt lat="44.084733637046334" lon="2.994144558906556">
        <ele>353.0</ele>
      </trkpt>
      <trkpt lat="44.08480492355644" lon="2.9942920802176083">
        <ele>353.0</ele>
      </trkpt>
      <trkpt lat="44.08487620987066" lon="2.994439601898192">
        <ele>353.0</ele>
      </trkpt>
      <trkpt lat="44.08498024929833" lon="2.994595169736689">
        <ele>353.0</ele>
      </trkpt>
      <trkpt lat="44.08508428851103" lon="2.9947507381439213">
        <ele>353.0</ele>
      </trkpt>
      <trkpt lat="44.085197960869365" lon="2.994954585621933">
        <ele>354.0</ele>
      </trkpt>
      <trkpt lat="44.08531163285545" lon="2.9951584339141855">
        <ele>355.0</ele>
      </trkpt>
      <trkpt lat="44.08542337812164" lon="2.995351552584101">
        <ele>356.0</ele>
      </trkpt>
      <trkpt lat="44.085535123054264" lon="2.9955446720123295">
        <ele>357.0</ele>
      </trkpt>
      <trkpt lat="44.085617326307315" lon="2.9957234854301396">
        <ele>357.0</ele>
      </trkpt>
      <trkpt lat="44.08569952927219" lon="2.9959022993644653">
        <ele>358.0</ele>
      </trkpt>
      <trkpt lat="44.08578173194889" lon="2.9960811138153076">
        <ele>359.0</ele>
      </trkpt>
      <trkpt lat="44.08585109051533" lon="2.9961776733398424">
        <ele>360.0</ele>
      </trkpt>
      <trkpt lat="44.08593586197584" lon="2.996284961540641">
        <ele>360.0</ele>
      </trkpt>
      <trkpt lat="44.08602063333522" lon="2.996392250061034">
        <ele>360.0</ele>
      </trkpt>
      <trkpt lat="44.08611889083941" lon="2.9964861272144896">
        <ele>360.0</ele>
      </trkpt>
      <trkpt lat="44.086217148268446" lon="2.9965800046920785">
        <ele>359.0</ele>
      </trkpt>
      <trkpt lat="44.08633659810608" lon="2.9966577885902628">
        <ele>358.0</ele>
      </trkpt>
      <trkpt lat="44.086456047896256" lon="2.9967355728149423">
        <ele>358.0</ele>
      </trkpt>
      <trkpt lat="44.086587056852714" lon="2.9968321321172136">
        <ele>357.0</ele>
      </trkpt>
      <trkpt lat="44.086718065733486" lon="2.9969286918640123">
        <ele>357.0</ele>
      </trkpt>
      <trkpt lat="44.086850358415454" lon="2.9970377678568783">
        <ele>356.0</ele>
      </trkpt>
      <trkpt lat="44.08698265099843" lon="2.997146844356817">
        <ele>356.0</ele>
      </trkpt>
      <trkpt lat="44.08711494348236" lon="2.9972559213638315">
        <ele>355.0</ele>
      </trkpt>
      <trkpt lat="44.08723824467495" lon="2.997352480679178">
        <ele>355.0</ele>
      </trkpt>
      <trkpt lat="44.08736154579073" lon="2.997449040412903">
        <ele>354.0</ele>
      </trkpt>
      <trkpt lat="44.087471360474694" lon="2.997529506528092">
        <ele>354.0</ele>
      </trkpt>
      <trkpt lat="44.087581175106166" lon="2.9976099729537964">
        <ele>353.0</ele>
      </trkpt>
      <trkpt lat="44.08770543862426" lon="2.9977239665880404">
        <ele>353.0</ele>
      </trkpt>
      <trkpt lat="44.08782970203218" lon="2.9978379607200627">
        <ele>353.0</ele>
      </trkpt>
      <trkpt lat="44.087935662807176" lon="2.9979023337364192">
        <ele>352.0</ele>
      </trkpt>
      <trkpt lat="44.08808208102015" lon="2.9979828000068665">
        <ele>352.0</ele>
      </trkpt>
      <trkpt lat="44.088255470540574" lon="2.9980766773223873">
        <ele>352.0</ele>
      </trkpt>
      <trkpt lat="44.08834409165504" lon="2.9981142282485966">
        <ele>351.0</ele>
      </trkpt>
      <trkpt lat="44.08850592117302" lon="2.998200058937072">
        <ele>351.0</ele>
      </trkpt>
      <trkpt lat="44.08861766034371" lon="2.998229563236237">
        <ele>350.0</ele>
      </trkpt>
      <trkpt lat="44.08870242784962" lon="2.9981893301010127">
        <ele>350.0</ele>
      </trkpt>
      <trkpt lat="44.088902786926134" lon="2.998264431953431">
        <ele>350.0</ele>
      </trkpt>
      <trkpt lat="44.089031864048664" lon="2.998350262641907">
        <ele>350.0</ele>
      </trkpt>
      <trkpt lat="44.08912819007594" lon="2.9984012246131906">
        <ele>350.0</ele>
      </trkpt>
      <trkpt lat="44.08926689927964" lon="2.9985004663467407">
        <ele>350.0</ele>
      </trkpt>
      <trkpt lat="44.08944606485269" lon="2.998672127723694">
        <ele>351.0</ele>
      </trkpt>
      <trkpt lat="44.08957128778067" lon="2.9987794160842896">
        <ele>351.0</ele>
      </trkpt>
      <trkpt lat="44.08966761292945" lon="2.998910844326019">
        <ele>351.0</ele>
      </trkpt>
      <trkpt lat="44.089800541377194" lon="2.999103963375091">
        <ele>352.0</ele>
      </trkpt>
      <trkpt lat="44.08993346952614" lon="2.9993373155593877">
        <ele>352.0</ele>
      </trkpt>
      <trkpt lat="44.089986137245106" lon="2.9994379283425014">
        <ele>353.0</ele>
      </trkpt>
      <trkpt lat="44.09001630865661" lon="2.999495565891266">
        <ele>353.0</ele>
      </trkpt>
      <trkpt lat="44.090077956306075" lon="2.999677956104278">
        <ele>354.0</ele>
      </trkpt>
      <trkpt lat="44.09012226551437" lon="2.9998549818992615">
        <ele>354.0</ele>
      </trkpt>
      <trkpt lat="44.09010492713246" lon="3.0001473426818857">
        <ele>354.0</ele>
      </trkpt>
      <trkpt lat="44.09007602981798" lon="3.0003646016120915">
        <ele>354.0</ele>
      </trkpt>
      <trkpt lat="44.09002208828575" lon="3.000565767478876">
        <ele>354.0</ele>
      </trkpt>
      <trkpt lat="44.08996814638576" lon="3.000766932964325">
        <ele>355.0</ele>
      </trkpt>
      <trkpt lat="44.08988916017665" lon="3.000997602939607">
        <ele>355.0</ele>
      </trkpt>
      <trkpt lat="44.08984870378481" lon="3.0011048913002014">
        <ele>355.0</ele>
      </trkpt>
      <trkpt lat="44.0897909088913" lon="3.0012121796607967">
        <ele>355.0</ele>
      </trkpt>
      <trkpt lat="44.08966953943112" lon="3.0014187097549443">
        <ele>355.0</ele>
      </trkpt>
      <trkpt lat="44.08954624321624" lon="3.001579642295837">
        <ele>354.0</ele>
      </trkpt>
      <trkpt lat="44.08949037453474" lon="3.0016279220581064">
        <ele>354.0</ele>
      </trkpt>
      <trkpt lat="44.08943643230909" lon="3.001654744148254">
        <ele>354.0</ele>
      </trkpt>
      <trkpt lat="44.08936515143549" lon="3.0017352104187025">
        <ele>354.0</ele>
      </trkpt>
      <trkpt lat="44.08931120909562" lon="3.001812994480133">
        <ele>354.0</ele>
      </trkpt>
      <trkpt lat="44.08926304625063" lon="3.001952469348908">
        <ele>353.0</ele>
      </trkpt>
      <trkpt lat="44.08918020606517" lon="3.002116084098817">
        <ele>353.0</ele>
      </trkpt>
      <trkpt lat="44.08907232097946" lon="3.0022501948037834">
        <ele>353.0</ele>
      </trkpt>
      <trkpt lat="44.088964435735946" lon="3.0023843050003056">
        <ele>353.0</ele>
      </trkpt>
      <trkpt lat="44.088783342173436" lon="3.0024808645248413">
        <ele>353.0</ele>
      </trkpt>
      <trkpt lat="44.088681235929194" lon="3.0025693775811324">
        <ele>353.0</ele>
      </trkpt>
      <trkpt lat="44.08857912961914" lon="3.002657890319824">
        <ele>353.0</ele>
      </trkpt>
      <trkpt lat="44.08841922684351" lon="3.0028671026229867">
        <ele>353.0</ele>
      </trkpt>
      <trkpt lat="44.088259323635654" lon="3.003076314926149">
        <ele>353.0</ele>
      </trkpt>
      <trkpt lat="44.08814180408097" lon="3.003197014581048">
        <ele>353.0</ele>
      </trkpt>
      <trkpt lat="44.08802428440085" lon="3.003317713737488">
        <ele>353.0</ele>
      </trkpt>
      <trkpt lat="44.087895205033426" lon="3.0034652355678837">
        <ele>353.0</ele>
      </trkpt>
      <trkpt lat="44.08776612547647" lon="3.003612756729126">
        <ele>353.0</ele>
      </trkpt>
      <trkpt lat="44.08766787067243" lon="3.003754914052332">
        <ele>353.0</ele>
      </trkpt>
      <trkpt lat="44.08756961568923" lon="3.0038970708847055">
        <ele>352.0</ele>
      </trkpt>
      <trkpt lat="44.087442461949315" lon="3.004117012023926">
        <ele>352.0</ele>
      </trkpt>
      <trkpt lat="44.08731916109247" lon="3.004304766654968">
        <ele>352.0</ele>
      </trkpt>
      <trkpt lat="44.087195859978294" lon="3.004412055015565">
        <ele>353.0</ele>
      </trkpt>
      <trkpt lat="44.0870937510103" lon="3.0045193435686444">
        <ele>353.0</ele>
      </trkpt>
      <trkpt lat="44.08699164194297" lon="3.0046266317367567">
        <ele>353.0</ele>
      </trkpt>
      <trkpt lat="44.08689723899032" lon="3.0047205092079894">
        <ele>353.0</ele>
      </trkpt>
      <trkpt lat="44.08680283596211" lon="3.0048143863677983">
        <ele>354.0</ele>
      </trkpt>
      <trkpt lat="44.08676045086295" lon="3.005050420761108">
        <ele>354.0</ele>
      </trkpt>
      <trkpt lat="44.08666990082374" lon="3.0052113535580394">
        <ele>354.0</ele>
      </trkpt>
      <trkpt lat="44.08657935055263" lon="3.0053722858428946">
        <ele>355.0</ele>
      </trkpt>
      <trkpt lat="44.08642522221112" lon="3.0055949097940027">
        <ele>355.0</ele>
      </trkpt>
      <trkpt lat="44.08627109343021" lon="3.0058175325393686">
        <ele>355.0</ele>
      </trkpt>
      <trkpt lat="44.086121780904065" lon="3.006040157639703">
        <ele>355.0</ele>
      </trkpt>
      <trkpt lat="44.085972467937715" lon="3.0062627815719685">
        <ele>356.0</ele>
      </trkpt>
      <trkpt lat="44.08582315453115" lon="3.00648540433617">
        <ele>356.0</ele>
      </trkpt>
      <trkpt lat="44.085673840684414" lon="3.0067080259323116">
        <ele>356.0</ele>
      </trkpt>
      <trkpt lat="44.085575582423154" lon="3.006863594323745">
        <ele>356.0</ele>
      </trkpt>
      <trkpt lat="44.08547732394625" lon="3.00701916217804">
        <ele>356.0</ele>
      </trkpt>
      <trkpt lat="44.08539833186536" lon="3.0072176459206106">
        <ele>357.0</ele>
      </trkpt>
      <trkpt lat="44.08531933942826" lon="3.007416129112243">
        <ele>357.0</ele>
      </trkpt>
      <trkpt lat="44.08522108063324" lon="3.0076065662810647">
        <ele>357.0</ele>
      </trkpt>
      <trkpt lat="44.08512282151244" lon="3.007797002792358">
        <ele>357.0</ele>
      </trkpt>
      <trkpt lat="44.08504832461686" lon="3.007995486779043">
        <ele>357.0</ele>
      </trkpt>
      <trkpt lat="44.0849738273647" lon="3.0081939702461464">
        <ele>357.0</ele>
      </trkpt>
      <trkpt lat="44.08489932975595" lon="3.0083924531936646">
        <ele>357.0</ele>
      </trkpt>
      <trkpt lat="44.08480685016146" lon="3.008666038513182">
        <ele>357.0</ele>
      </trkpt>
      <trkpt lat="44.084734921707344" lon="3.0088502173310494">
        <ele>357.0</ele>
      </trkpt>
      <trkpt lat="44.08466299294643" lon="3.0090343956834054">
        <ele>357.0</ele>
      </trkpt>
      <trkpt lat="44.08459106387867" lon="3.009218573570252">
        <ele>357.0</ele>
      </trkpt>
      <trkpt lat="44.08452427297083" lon="3.009406328641947">
        <ele>358.0</ele>
      </trkpt>
      <trkpt lat="44.084457481743605" lon="3.0095940832729906">
        <ele>358.0</ele>
      </trkpt>
      <trkpt lat="44.08439069019705" lon="3.009781837463379">
        <ele>358.0</ele>
      </trkpt>
      <trkpt lat="44.084277016529654" lon="3.0100286011855792">
        <ele>358.0</ele>
      </trkpt>
      <trkpt lat="44.084163342313474" lon="3.0102753639221205">
        <ele>358.0</ele>
      </trkpt>
      <trkpt lat="44.08409012858165" lon="3.0104979875567195">
        <ele>358.0</ele>
      </trkpt>
      <trkpt lat="44.08401691440034" lon="3.010720610618592">
        <ele>358.0</ele>
      </trkpt>
      <trkpt lat="44.08395526081619" lon="3.0109423403775173">
        <ele>358.0</ele>
      </trkpt>
      <trkpt lat="44.08389360678534" lon="3.0111640696560813">
        <ele>358.0</ele>
      </trkpt>
      <trkpt lat="44.08383195230776" lon="3.0113857984542847">
        <ele>358.0</ele>
      </trkpt>
      <trkpt lat="44.083774151748955" lon="3.011616468663814">
        <ele>358.0</ele>
      </trkpt>
      <trkpt lat="44.083716350706254" lon="3.0118471384048457">
        <ele>358.0</ele>
      </trkpt>
      <trkpt lat="44.08367396350018" lon="3.0120094121710945">
        <ele>357.0</ele>
      </trkpt>
      <trkpt lat="44.083631576054714" lon="3.0121716856956486">
        <ele>357.0</ele>
      </trkpt>
      <trkpt lat="44.08357281200897" lon="3.012429178026923">
        <ele>358.0</ele>
      </trkpt>
      <trkpt lat="44.08351404735983" lon="3.0126866698265076">
        <ele>358.0</ele>
      </trkpt>
      <trkpt lat="44.08346009968402" lon="3.0129039287567134">
        <ele>358.0</ele>
      </trkpt>
      <trkpt lat="44.083402298682195" lon="3.013093024684292">
        <ele>358.0</ele>
      </trkpt>
      <trkpt lat="44.08334449735581" lon="3.0132821202278133">
        <ele>358.0</ele>
      </trkpt>
      <trkpt lat="44.08331270685187" lon="3.013483286016288">
        <ele>358.0</ele>
      </trkpt>
      <trkpt lat="44.083280915979074" lon="3.013684451580047">
        <ele>359.0</ele>
      </trkpt>
      <trkpt lat="44.08324238203706" lon="3.013928532765648">
        <ele>359.0</ele>
      </trkpt>
      <trkpt lat="44.08320384755199" lon="3.0141726136207594">
        <ele>359.0</ele>
      </trkpt>
      <trkpt lat="44.08317976381786" lon="3.014368414961696">
        <ele>359.0</ele>
      </trkpt>
      <trkpt lat="44.08315567973407" lon="3.0145642161369333">
        <ele>359.0</ele>
      </trkpt>
      <trkpt lat="44.08312870592979" lon="3.0147720874340975">
        <ele>359.0</ele>
      </trkpt>
      <trkpt lat="44.08310173173144" lon="3.0149799585342403">
        <ele>359.0</ele>
      </trkpt>
      <trkpt lat="44.08306416103157" lon="3.0152240397157097">
        <ele>359.0</ele>
      </trkpt>
      <trkpt lat="44.08302658978864" lon="3.0154681205749516">
        <ele>359.0</ele>
      </trkpt>
      <trkpt lat="44.08299865264343" lon="3.015713542820275">
        <ele>359.0</ele>
      </trkpt>
      <trkpt lat="44.0829707149488" lon="3.015958964824677">
        <ele>359.0</ele>
      </trkpt>
      <trkpt lat="44.0829437412712" lon="3.0162580312715663">
        <ele>359.0</ele>
      </trkpt>
      <trkpt lat="44.082916766777494" lon="3.016557097434998">
        <ele>359.0</ele>
      </trkpt>
      <trkpt lat="44.082866672003135" lon="3.0168601870536804">
        <ele>359.0</ele>
      </trkpt>
      <trkpt lat="44.08286089183402" lon="3.017120361328126">
        <ele>359.0</ele>
      </trkpt>
      <trkpt lat="44.08290199587318" lon="3.0173885818422264">
        <ele>360.0</ele>
      </trkpt>
      <trkpt lat="44.08294309925653" lon="3.017656802743718">
        <ele>360.0</ele>
      </trkpt>
      <trkpt lat="44.08298420198406" lon="3.017925024032593">
        <ele>360.0</ele>
      </trkpt>
      <trkpt lat="44.083038150396824" lon="3.0181932446798587">
        <ele>360.0</ele>
      </trkpt>
      <trkpt lat="44.08309209815444" lon="3.0184614658355713">
        <ele>360.0</ele>
      </trkpt>
      <trkpt lat="44.08315568030697" lon="3.0186840884377526">
        <ele>360.0</ele>
      </trkpt>
      <trkpt lat="44.08321926200928" lon="3.0189067115373054">
        <ele>360.0</ele>
      </trkpt>
      <trkpt lat="44.083282843261365" lon="3.0191293351342274">
        <ele>360.0</ele>
      </trkpt>
      <trkpt lat="44.08334642406325" lon="3.019351959228517">
        <ele>360.0</ele>
      </trkpt>
      <trkpt lat="44.08341000645579" lon="3.019647001231405">
        <ele>360.0</ele>
      </trkpt>
      <trkpt lat="44.08347358805588" lon="3.019942043893465">
        <ele>360.0</ele>
      </trkpt>
      <trkpt lat="44.083537168863536" lon="3.0202370872146878">
        <ele>360.0</ele>
      </trkpt>
      <trkpt lat="44.083600748878744" lon="3.0205321311950684">
        <ele>360.0</ele>
      </trkpt>
      <trkpt lat="44.083674606856086" lon="3.0207855983024654">
        <ele>360.0</ele>
      </trkpt>
      <trkpt lat="44.08374846424994" lon="3.0210390660676714">
        <ele>360.0</ele>
      </trkpt>
      <trkpt lat="44.0838223210603" lon="3.0212925344906805">
        <ele>360.0</ele>
      </trkpt>
      <trkpt lat="44.083896177287166" lon="3.021546003571492">
        <ele>360.0</ele>
      </trkpt>
      <trkpt lat="44.08397003293054" lon="3.0217994733101046">
        <ele>360.0</ele>
      </trkpt>
      <trkpt lat="44.084043887990426" lon="3.022052943706512">
        <ele>360.0</ele>
      </trkpt>
      <trkpt lat="44.08410843194433" lon="3.022195100623096">
        <ele>360.0</ele>
      </trkpt>
      <trkpt lat="44.08417297571602" lon="3.022337257862091">
        <ele>360.0</ele>
      </trkpt>
      <trkpt lat="44.084233666169794" lon="3.0224740503759913">
        <ele>360.0</ele>
      </trkpt>
      <trkpt lat="44.08429435645475" lon="3.0226108431816106">
        <ele>360.0</ele>
      </trkpt>
      <trkpt lat="44.08439261688011" lon="3.0227543411161757">
        <ele>360.0</ele>
      </trkpt>
      <trkpt lat="44.084490877122796" lon="3.0228978395462036">
        <ele>361.0</ele>
      </trkpt>
      <trkpt lat="44.0845737239149" lon="3.0230453608272945">
        <ele>361.0</ele>
      </trkpt>
      <trkpt lat="44.084656570512095" lon="3.0231928825378422">
        <ele>360.0</ele>
      </trkpt>
      <trkpt lat="44.08473363704668" lon="3.0234342813491826">
        <ele>360.0</ele>
      </trkpt>
      <trkpt lat="44.08480299692215" lon="3.023597895899706">
        <ele>360.0</ele>
      </trkpt>
      <trkpt lat="44.08487235655591" lon="3.0237615108489986">
        <ele>360.0</ele>
      </trkpt>
      <trkpt lat="44.08493593634789" lon="3.0239492652703075">
        <ele>360.0</ele>
      </trkpt>
      <trkpt lat="44.08499951582028" lon="3.024137020111083">
        <ele>361.0</ele>
      </trkpt>
      <trkpt lat="44.0850650220013" lon="3.024351596832275">
        <ele>360.0</ele>
      </trkpt>
      <trkpt lat="44.085203740733434" lon="3.0245929956436166">
        <ele>361.0</ele>
      </trkpt>
      <trkpt lat="44.085315486222896" lon="3.0247968431285286">
        <ele>361.0</ele>
      </trkpt>
      <trkpt lat="44.085427231339864" lon="3.0250006914138794">
        <ele>361.0</ele>
      </trkpt>
      <trkpt lat="44.085496590440826" lon="3.0251884458161205">
        <ele>361.0</ele>
      </trkpt>
      <trkpt lat="44.085565949222634" lon="3.0253762006759644">
        <ele>361.0</ele>
      </trkpt>
      <trkpt lat="44.0856526479058" lon="3.0256041880949436">
        <ele>362.0</ele>
      </trkpt>
      <trkpt lat="44.08573934611861" lon="3.0258321762084956">
        <ele>362.0</ele>
      </trkpt>
      <trkpt lat="44.085808704887405" lon="3.026038706050963">
        <ele>362.0</ele>
      </trkpt>
      <trkpt lat="44.085878063269455" lon="3.026245236396791">
        <ele>362.0</ele>
      </trkpt>
      <trkpt lat="44.08594549521244" lon="3.0264276263937133">
        <ele>363.0</ele>
      </trkpt>
      <trkpt lat="44.08601292685425" lon="3.0266100168228154">
        <ele>363.0</ele>
      </trkpt>
      <trkpt lat="44.08608999163646" lon="3.026730716065056">
        <ele>362.0</ele>
      </trkpt>
      <trkpt lat="44.086167056288915" lon="3.0268514156341544">
        <ele>362.0</ele>
      </trkpt>
      <trkpt lat="44.08634430464236" lon="3.0270391702651978">
        <ele>362.0</ele>
      </trkpt>
      <trkpt lat="44.086431002008226" lon="3.0271545050771516">
        <ele>362.0</ele>
      </trkpt>
      <trkpt lat="44.08651769925679" lon="3.027269840240478">
        <ele>361.0</ele>
      </trkpt>
      <trkpt lat="44.08664292833638" lon="3.0274093148023686">
        <ele>361.0</ele>
      </trkpt>
      <trkpt lat="44.08676815724696" lon="3.027548789978028">
        <ele>361.0</ele>
      </trkpt>
      <trkpt lat="44.08687604646175" lon="3.027650713727384">
        <ele>360.0</ele>
      </trkpt>
      <trkpt lat="44.086983935588094" lon="3.027752637863159">
        <ele>360.0</ele>
      </trkpt>
      <trkpt lat="44.08708026495065" lon="3.0278599262237553">
        <ele>360.0</ele>
      </trkpt>
      <trkpt lat="44.08722283211905" lon="3.028031587600708">
        <ele>360.0</ele>
      </trkpt>
      <trkpt lat="44.087353839484514" lon="3.028267621994018">
        <ele>360.0</ele>
      </trkpt>
      <trkpt lat="44.08750399142639" lon="3.028449865521141">
        <ele>360.0</ele>
      </trkpt>
      <trkpt lat="44.08750411228166" lon="3.0284500122070317">
        <ele>360.0</ele>
      </trkpt>
      <trkpt lat="44.08762548610412" lon="3.028551935932237">
        <ele>360.0</ele>
      </trkpt>
      <trkpt lat="44.08774685983983" lon="3.0286538600921635">
        <ele>360.0</ele>
      </trkpt>
      <trkpt lat="44.087848967601" lon="3.0287584660560727">
        <ele>361.0</ele>
      </trkpt>
      <trkpt lat="44.08795107526798" lon="3.0288630723953243">
        <ele>361.0</ele>
      </trkpt>
      <trkpt lat="44.08811675896524" lon="3.0290454626083383">
        <ele>362.0</ele>
      </trkpt>
      <trkpt lat="44.088263176729974" lon="3.0291527509689327">
        <ele>362.0</ele>
      </trkpt>
      <trkpt lat="44.088417300301316" lon="3.029243946075439">
        <ele>363.0</ele>
      </trkpt>
      <trkpt lat="44.088513627329476" lon="3.029490709304809">
        <ele>364.0</ele>
      </trkpt>
      <trkpt lat="44.08860610112892" lon="3.0296623706817623">
        <ele>364.0</ele>
      </trkpt>
      <trkpt lat="44.08869472171773" lon="3.0298233032226567">
        <ele>365.0</ele>
      </trkpt>
      <trkpt lat="44.088814166564724" lon="3.029917180341154">
        <ele>365.0</ele>
      </trkpt>
      <trkpt lat="44.08893361133907" lon="3.030011057853699">
        <ele>365.0</ele>
      </trkpt>
      <trkpt lat="44.08906076176164" lon="3.030091523944373">
        <ele>365.0</ele>
      </trkpt>
      <trkpt lat="44.089187912133944" lon="3.0301719903945923">
        <ele>365.0</ele>
      </trkpt>
      <trkpt lat="44.089329831766044" lon="3.030256926589793">
        <ele>365.0</ele>
      </trkpt>
      <trkpt lat="44.08947175134328" lon="3.030341863208598">
        <ele>365.0</ele>
      </trkpt>
      <trkpt lat="44.0896136708657" lon="3.0304268002510075">
        <ele>364.0</ele>
      </trkpt>
      <trkpt lat="44.08976201142327" lon="3.030528724193573">
        <ele>364.0</ele>
      </trkpt>
      <trkpt lat="44.08986218918898" lon="3.0306024848116464">
        <ele>364.0</ele>
      </trkpt>
      <trkpt lat="44.08996236691049" lon="3.030676245689392">
        <ele>363.0</ele>
      </trkpt>
      <trkpt lat="44.090059654614656" lon="3.0307580529245004">
        <ele>363.0</ele>
      </trkpt>
      <trkpt lat="44.090156942262894" lon="3.0308398604393">
        <ele>363.0</ele>
      </trkpt>
      <trkpt lat="44.090244597269674" lon="3.0309444664297662">
        <ele>363.0</ele>
      </trkpt>
      <trkpt lat="44.090332252180765" lon="3.0310490727424617">
        <ele>363.0</ele>
      </trkpt>
      <trkpt lat="44.09045747323246" lon="3.0311831831932072">
        <ele>363.0</ele>
      </trkpt>
      <trkpt lat="44.09059617931873" lon="3.0312743782997127">
        <ele>363.0</ele>
      </trkpt>
      <trkpt lat="44.090695392439265" lon="3.031348138919035">
        <ele>363.0</ele>
      </trkpt>
      <trkpt lat="44.09079460551553" lon="3.031421899795532">
        <ele>363.0</ele>
      </trkpt>
      <trkpt lat="44.090944869571175" lon="3.0315935611724854">
        <ele>363.0</ele>
      </trkpt>
      <trkpt lat="44.091046971810314" lon="3.0316968260342936">
        <ele>363.0</ele>
      </trkpt>
      <trkpt lat="44.09114907395782" lon="3.0318000912666325">
        <ele>363.0</ele>
      </trkpt>
      <trkpt lat="44.09126080807872" lon="3.0319073794165847">
        <ele>363.0</ele>
      </trkpt>
      <trkpt lat="44.091372542101354" lon="3.032014667987823">
        <ele>363.0</ele>
      </trkpt>
      <trkpt lat="44.091503540275625" lon="3.032148778438568">
        <ele>363.0</ele>
      </trkpt>
      <trkpt lat="44.0916826990737" lon="3.032328486442566">
        <ele>363.0</ele>
      </trkpt>
      <trkpt lat="44.091804064402716" lon="3.0324733257293697">
        <ele>363.0</ele>
      </trkpt>
      <trkpt lat="44.09193120876598" lon="3.03272545337677">
        <ele>363.0</ele>
      </trkpt>
      <trkpt lat="44.092035235768975" lon="3.0329722166061397">
        <ele>363.0</ele>
      </trkpt>
      <trkpt lat="44.09214889469272" lon="3.0331814289093013">
        <ele>362.0</ele>
      </trkpt>
      <trkpt lat="44.092214393012895" lon="3.0333249269264444">
        <ele>362.0</ele>
      </trkpt>
      <trkpt lat="44.09227989114745" lon="3.0334684252738944">
        <ele>362.0</ele>
      </trkpt>
      <trkpt lat="44.09234057331838" lon="3.033630698746265">
        <ele>362.0</ele>
      </trkpt>
      <trkpt lat="44.09240125525097" lon="3.033792972564697">
        <ele>362.0</ele>
      </trkpt>
      <trkpt lat="44.09246964302764" lon="3.0340115723367207">
        <ele>362.0</ele>
      </trkpt>
      <trkpt lat="44.0925380303707" lon="3.0342301726341248">
        <ele>362.0</ele>
      </trkpt>
      <trkpt lat="44.09258619067379" lon="3.03440853938267">
        <ele>362.0</ele>
      </trkpt>
      <trkpt lat="44.09263435068775" lon="3.0345869064331055">
        <ele>361.0</ele>
      </trkpt>
      <trkpt lat="44.092666136569896" lon="3.0348068474494827">
        <ele>361.0</ele>
      </trkpt>
      <trkpt lat="44.09269792201106" lon="3.0350267887115483">
        <ele>361.0</ele>
      </trkpt>
      <trkpt lat="44.092711407004224" lon="3.03522393102743">
        <ele>361.0</ele>
      </trkpt>
      <trkpt lat="44.092724891642746" lon="3.0354210734367375">
        <ele>362.0</ele>
      </trkpt>
      <trkpt lat="44.092729707805496" lon="3.0356074869474963">
        <ele>362.0</ele>
      </trkpt>
      <trkpt lat="44.092734523651096" lon="3.035793900489807">
        <ele>362.0</ele>
      </trkpt>
      <trkpt lat="44.092720075884664" lon="3.0360272527333456">
        <ele>362.0</ele>
      </trkpt>
      <trkpt lat="44.09270562762134" lon="3.0362606048583984">
        <ele>362.0</ele>
      </trkpt>
      <trkpt lat="44.092690216572635" lon="3.036456406169509">
        <ele>362.0</ele>
      </trkpt>
      <trkpt lat="44.092674805174134" lon="3.0366522073745728">
        <ele>362.0</ele>
      </trkpt>
      <trkpt lat="44.09263242428294" lon="3.0368533730506906">
        <ele>363.0</ele>
      </trkpt>
      <trkpt lat="44.092558257784525" lon="3.03705319788272">
        <ele>363.0</ele>
      </trkpt>
      <trkpt lat="44.09248409092467" lon="3.0372530221939087">
        <ele>363.0</ele>
      </trkpt>
      <trkpt lat="44.09239162318836" lon="3.037510514259339">
        <ele>363.0</ele>
      </trkpt>
      <trkpt lat="44.09231360353347" lon="3.037699610254127">
        <ele>363.0</ele>
      </trkpt>
      <trkpt lat="44.092235583555535" lon="3.037888705730437">
        <ele>363.0</ele>
      </trkpt>
      <trkpt lat="44.092123851219846" lon="3.0380684137344365">
        <ele>363.0</ele>
      </trkpt>
      <trkpt lat="44.09197936933821" lon="3.0382025245256594">
        <ele>363.0</ele>
      </trkpt>
      <trkpt lat="44.0918348873038" lon="3.0383366346359253">
        <ele>363.0</ele>
      </trkpt>
      <trkpt lat="44.09172122774264" lon="3.0384680631401397">
        <ele>363.0</ele>
      </trkpt>
      <trkpt lat="44.09160756803089" lon="3.038599491119385">
        <ele>364.0</ele>
      </trkpt>
      <trkpt lat="44.091528584042166" lon="3.0387362839689946">
        <ele>364.0</ele>
      </trkpt>
      <trkpt lat="44.09144959988606" lon="3.038873076438904">
        <ele>364.0</ele>
      </trkpt>
      <trkpt lat="44.09132823387608" lon="3.0390688781145516">
        <ele>364.0</ele>
      </trkpt>
      <trkpt lat="44.09120686752418" lon="3.0392646789550777">
        <ele>365.0</ele>
      </trkpt>
      <trkpt lat="44.09109705968687" lon="3.0394068363071565">
        <ele>365.0</ele>
      </trkpt>
      <trkpt lat="44.09098725167168" lon="3.0395489931106567">
        <ele>365.0</ele>
      </trkpt>
      <trkpt lat="44.09087166400619" lon="3.0396723749759333">
        <ele>366.0</ele>
      </trkpt>
      <trkpt lat="44.09075607620906" lon="3.039795756340027">
        <ele>366.0</ele>
      </trkpt>
      <trkpt lat="44.09060195873196" lon="3.0399942398071285">
        <ele>367.0</ele>
      </trkpt>
      <trkpt lat="44.09050948812572" lon="3.0401739481031194">
        <ele>367.0</ele>
      </trkpt>
      <trkpt lat="44.09041701722936" lon="3.0403536558151245">
        <ele>368.0</ele>
      </trkpt>
      <trkpt lat="44.09032069329572" lon="3.040482402065746">
        <ele>368.0</ele>
      </trkpt>
      <trkpt lat="44.09022436921586" lon="3.040611147880554">
        <ele>369.0</ele>
      </trkpt>
      <trkpt lat="44.09011263325722" lon="3.040802926954688">
        <ele>370.0</ele>
      </trkpt>
      <trkpt lat="44.090000896969656" lon="3.040994705275774">
        <ele>370.0</ele>
      </trkpt>
      <trkpt lat="44.08988916035323" lon="3.0411864828438158">
        <ele>371.0</ele>
      </trkpt>
      <trkpt lat="44.08977742340792" lon="3.0413782596588135">
        <ele>371.0</ele>
      </trkpt>
      <trkpt lat="44.08967146604451" lon="3.0415928367794978">
        <ele>372.0</ele>
      </trkpt>
      <trkpt lat="44.08956550826695" lon="3.0418074131011967">
        <ele>373.0</ele>
      </trkpt>
      <trkpt lat="44.08948266864021" lon="3.0420139434959625">
        <ele>373.0</ele>
      </trkpt>
      <trkpt lat="44.08939982862787" lon="3.0422204732894893">
        <ele>374.0</ele>
      </trkpt>
      <trkpt lat="44.08933625394226" lon="3.042439073568394">
        <ele>375.0</ele>
      </trkpt>
      <trkpt lat="44.08927267882267" lon="3.042657673358918">
        <ele>376.0</ele>
      </trkpt>
      <trkpt lat="44.08925630367296" lon="3.0428802967712087">
        <ele>377.0</ele>
      </trkpt>
      <trkpt lat="44.089239928071024" lon="3.0431029200553903">
        <ele>378.0</ele>
      </trkpt>
      <trkpt lat="44.08922355286099" lon="3.0432987213698137">
        <ele>379.0</ele>
      </trkpt>
      <trkpt lat="44.089207177301176" lon="3.0434945225715633">
        <ele>380.0</ele>
      </trkpt>
      <trkpt lat="44.089135896151255" lon="3.043776154518128">
        <ele>382.0</ele>
      </trkpt>
      <trkpt lat="44.08902223143719" lon="3.044044375419615">
        <ele>383.0</ele>
      </trkpt>
      <trkpt lat="44.08891614974471" lon="3.044297562670059">
        <ele>384.0</ele>
      </trkpt>
      <trkpt lat="44.088914346082824" lon="3.044301867485046">
        <ele>385.0</ele>
      </trkpt>
      <trkpt lat="44.088843064580004" lon="3.0445459485054007">
        <ele>386.0</ele>
      </trkpt>
      <trkpt lat="44.088806460704646" lon="3.044747114310899">
        <ele>387.0</ele>
      </trkpt>
      <trkpt lat="44.08876985646066" lon="3.044948279857636">
        <ele>388.0</ele>
      </trkpt>
      <trkpt lat="44.08874384839384" lon="3.0451025069464714">
        <ele>388.0</ele>
      </trkpt>
      <trkpt lat="44.088717840110306" lon="3.045256733894349">
        <ele>389.0</ele>
      </trkpt>
      <trkpt lat="44.088708207447766" lon="3.0454257130622864">
        <ele>389.0</ele>
      </trkpt>
      <trkpt lat="44.08874095849386" lon="3.0455517768859863">
        <ele>390.0</ele>
      </trkpt>
      <trkpt lat="44.08880838706107" lon="3.0456644296646114">
        <ele>391.0</ele>
      </trkpt>
      <trkpt lat="44.08892783176289" lon="3.045862913131714">
        <ele>391.0</ele>
      </trkpt>
      <trkpt lat="44.08902993752641" lon="3.0460882186889644">
        <ele>392.0</ele>
      </trkpt>
      <trkpt lat="44.08907424751989" lon="3.046375215053558">
        <ele>392.0</ele>
      </trkpt>
      <trkpt lat="44.08910410875576" lon="3.0465736984165193">
        <ele>392.0</ele>
      </trkpt>
      <trkpt lat="44.08913396963252" lon="3.046772181987763">
        <ele>393.0</ele>
      </trkpt>
      <trkpt lat="44.08915323481725" lon="3.0469411611557">
        <ele>393.0</ele>
      </trkpt>
      <trkpt lat="44.089168646960516" lon="3.0471128225326534">
        <ele>393.0</ele>
      </trkpt>
      <trkpt lat="44.08915130829905" lon="3.047236204147339">
        <ele>392.0</ele>
      </trkpt>
      <trkpt lat="44.0890954392442" lon="3.0473783612251286">
        <ele>392.0</ele>
      </trkpt>
      <trkpt lat="44.08904727622367" lon="3.0474373698234563">
        <ele>391.0</ele>
      </trkpt>
      <trkpt lat="44.08894517048987" lon="3.047496378421783">
        <ele>390.0</ele>
      </trkpt>
      <trkpt lat="44.08881609306135" lon="3.0475755037671766">
        <ele>389.0</ele>
      </trkpt>
      <trkpt lat="44.08868701558476" lon="3.047654628753663">
        <ele>388.0</ele>
      </trkpt>
      <trkpt lat="44.08849243510313" lon="3.047744483062863">
        <ele>387.0</ele>
      </trkpt>
      <trkpt lat="44.08829785456851" lon="3.0478343367576595">
        <ele>385.0</ele>
      </trkpt>
      <trkpt lat="44.08813217099092" lon="3.0479344731439015">
        <ele>383.0</ele>
      </trkpt>
      <trkpt lat="44.08796648733684" lon="3.048034608947122">
        <ele>382.0</ele>
      </trkpt>
      <trkpt lat="44.08780080360624" lon="3.0481347441673265">
        <ele>381.0</ele>
      </trkpt>
      <trkpt lat="44.08764475186124" lon="3.0482339859008785">
        <ele>380.0</ele>
      </trkpt>
      <trkpt lat="44.08752530456838" lon="3.0483224987983704">
        <ele>379.0</ele>
      </trkpt>
      <trkpt lat="44.08737695840109" lon="3.0484539270400997">
        <ele>378.0</ele>
      </trkpt>
      <trkpt lat="44.08723824476523" lon="3.0485799908638005">
        <ele>378.0</ele>
      </trkpt>
      <trkpt lat="44.08710531055898" lon="3.048703372478486">
        <ele>377.0</ele>
      </trkpt>
      <trkpt lat="44.086983935587995" lon="3.048767745494842">
        <ele>377.0</ele>
      </trkpt>
      <trkpt lat="44.086864486960714" lon="3.0487650632858285">
        <ele>377.0</ele>
      </trkpt>
      <trkpt lat="44.086696873157585" lon="3.048665821552276">
        <ele>378.0</ele>
      </trkpt>
      <trkpt lat="44.08658320375648" lon="3.0485531687736507">
        <ele>378.0</ele>
      </trkpt>
      <trkpt lat="44.08649265337032" lon="3.048456609095491">
        <ele>379.0</ele>
      </trkpt>
      <trkpt lat="44.08640210290354" lon="3.048360049724579">
        <ele>379.0</ele>
      </trkpt>
      <trkpt lat="44.086236414403416" lon="3.048169612884522">
        <ele>379.0</ele>
      </trkpt>
      <trkpt lat="44.08614490021466" lon="3.0480368433248044">
        <ele>379.0</ele>
      </trkpt>
      <trkpt lat="44.08605338586959" lon="3.047904074192047">
        <ele>379.0</ele>
      </trkpt>
      <trkpt lat="44.085940678502" lon="3.0477806923330357">
        <ele>379.0</ele>
      </trkpt>
      <trkpt lat="44.0858279710024" lon="3.0476573109626774">
        <ele>379.0</ele>
      </trkpt>
      <trkpt lat="44.085722969701074" lon="3.0475755034367995">
        <ele>378.0</ele>
      </trkpt>
      <trkpt lat="44.08561796834468" lon="3.0474936962127677">
        <ele>378.0</ele>
      </trkpt>
      <trkpt lat="44.08549466357666" lon="3.0474199353050615">
        <ele>378.0</ele>
      </trkpt>
      <trkpt lat="44.085371358767325" lon="3.04734617471695">
        <ele>377.0</ele>
      </trkpt>
      <trkpt lat="44.085261540035376" lon="3.0472630260770543">
        <ele>377.0</ele>
      </trkpt>
      <trkpt lat="44.085151721246916" lon="3.0471798777580257">
        <ele>377.0</ele>
      </trkpt>
      <trkpt lat="44.08507658190795" lon="3.047104775905609">
        <ele>376.0</ele>
      </trkpt>
      <trkpt lat="44.0849648360479" lon="3.04694652557373">
        <ele>376.0</ele>
      </trkpt>
      <trkpt lat="44.08485308997674" lon="3.0467721819877625">
        <ele>376.0</ele>
      </trkpt>
      <trkpt lat="44.08473171038445" lon="3.046557605266571">
        <ele>376.0</ele>
      </trkpt>
      <trkpt lat="44.0846141838752" lon="3.0463805794715886">
        <ele>376.0</ele>
      </trkpt>
      <trkpt lat="44.0845409705219" lon="3.0462411046028137">
        <ele>375.0</ele>
      </trkpt>
      <trkpt lat="44.08441959028916" lon="3.046061396598817">
        <ele>375.0</ele>
      </trkpt>
      <trkpt lat="44.084328073254206" lon="3.045962154705695">
        <ele>375.0</ele>
      </trkpt>
      <trkpt lat="44.08423655613394" lon="3.0458629131317143">
        <ele>374.0</ele>
      </trkpt>
      <trkpt lat="44.08412673536898" lon="3.0457422137260446">
        <ele>373.0</ele>
      </trkpt>
      <trkpt lat="44.08399379417019" lon="3.0456429719924927">
        <ele>372.0</ele>
      </trkpt>
      <trkpt lat="44.08378571169408" lon="3.045543730258942">
        <ele>371.0</ele>
      </trkpt>
      <trkpt lat="44.083676853344414" lon="3.045503497046771">
        <ele>370.0</ele>
      </trkpt>
      <trkpt lat="44.08356799498649" lon="3.0454632639884944">
        <ele>369.0</ele>
      </trkpt>
      <trkpt lat="44.08341867535792" lon="3.045416325207596">
        <ele>368.0</ele>
      </trkpt>
      <trkpt lat="44.08326935572144" lon="3.045369386672974">
        <ele>368.0</ele>
      </trkpt>
      <trkpt lat="44.083137784919565" lon="3.045337532413672">
        <ele>367.0</ele>
      </trkpt>
      <trkpt lat="44.08313641259591" lon="3.045337200164795">
        <ele>366.0</ele>
      </trkpt>
      <trkpt lat="44.0829668615096" lon="3.045305013656616">
        <ele>365.0</ele>
      </trkpt>
      <trkpt lat="44.082891719395526" lon="3.045331835746766">
        <ele>365.0</ele>
      </trkpt>
      <trkpt lat="44.082824284083664" lon="3.0454015731811532">
        <ele>364.0</ele>
      </trkpt>
      <trkpt lat="44.08275492196841" lon="3.0454310774803166">
        <ele>364.0</ele>
      </trkpt>
      <trkpt lat="44.08268170631408" lon="3.045444488525391">
        <ele>364.0</ele>
      </trkpt>
      <trkpt lat="44.082562248999366" lon="3.0454525351524357">
        <ele>364.0</ele>
      </trkpt>
      <trkpt lat="44.08246591227962" lon="3.0454525351524353">
        <ele>363.0</ele>
      </trkpt>
      <trkpt lat="44.08248710637146" lon="3.045613467693329">
        <ele>363.0</ele>
      </trkpt>
      <trkpt lat="44.082562248999544" lon="3.0455785989761366">
        <ele>363.0</ele>
      </trkpt>
      <trkpt lat="44.08274528833504" lon="3.045549094676972">
        <ele>362.0</ele>
      </trkpt>
      <trkpt lat="44.08289749956174" lon="3.045562505722046">
        <ele>362.0</ele>
      </trkpt>
      <trkpt lat="44.08304393024565" lon="3.0455973744392404">
        <ele>362.0</ele>
      </trkpt>
      <trkpt lat="44.08315086295015" lon="3.0456416308879857">
        <ele>361.0</ele>
      </trkpt>
      <trkpt lat="44.08324238177807" lon="3.0456939339637756">
        <ele>361.0</ele>
      </trkpt>
      <trkpt lat="44.08336039262439" lon="3.045805245407107">
        <ele>360.0</ele>
      </trkpt>
      <trkpt lat="44.08347840336525" lon="3.0459165573120117">
        <ele>360.0</ele>
      </trkpt>
      <trkpt lat="44.08357666513618" lon="3.0460681021213536">
        <ele>359.0</ele>
      </trkpt>
      <trkpt lat="44.08366047653932" lon="3.046202882925888">
        <ele>359.0</ele>
      </trkpt>
      <trkpt lat="44.08374428778048" lon="3.0463376641273494">
        <ele>359.0</ele>
      </trkpt>
      <trkpt lat="44.08381509378509" lon="3.046465068897065">
        <ele>359.0</ele>
      </trkpt>
      <trkpt lat="44.083885899644294" lon="3.046592473983765">
        <ele>359.0</ele>
      </trkpt>
      <trkpt lat="44.08400535428628" lon="3.0468137562274937">
        <ele>358.0</ele>
      </trkpt>
      <trkpt lat="44.08408723840592" lon="3.0469518897930348">
        <ele>358.0</ele>
      </trkpt>
      <trkpt lat="44.08416912235504" lon="3.047090023756027">
        <ele>358.0</ele>
      </trkpt>
      <trkpt lat="44.084265938036324" lon="3.047269731454343">
        <ele>358.0</ele>
      </trkpt>
      <trkpt lat="44.08436275342794" lon="3.0474494397640206">
        <ele>358.0</ele>
      </trkpt>
      <trkpt lat="44.084455233716675" lon="3.047643899917603">
        <ele>358.0</ele>
      </trkpt>
      <trkpt lat="44.08445555924862" lon="3.047644517899731">
        <ele>358.0</ele>
      </trkpt>
      <trkpt lat="44.08457179720803" lon="3.0478651821613316">
        <ele>358.0</ele>
      </trkpt>
      <trkpt lat="44.084689323801484" lon="3.0481012165546413">
        <ele>358.0</ele>
      </trkpt>
      <trkpt lat="44.08475723869706" lon="3.048237338499722">
        <ele>358.0</ele>
      </trkpt>
      <trkpt lat="44.08482515342598" lon="3.0483734607696515">
        <ele>358.0</ele>
      </trkpt>
      <trkpt lat="44.08490607305405" lon="3.0485102534294133">
        <ele>358.0</ele>
      </trkpt>
      <trkpt lat="44.08498602924448" lon="3.048675209283829">
        <ele>358.0</ele>
      </trkpt>
      <trkpt lat="44.08504768213681" lon="3.0487757921218877">
        <ele>357.0</ele>
      </trkpt>
      <trkpt lat="44.08514594130116" lon="3.04897964000702">
        <ele>357.0</ele>
      </trkpt>
      <trkpt lat="44.085217227259406" lon="3.0491057038307186">
        <ele>357.0</ele>
      </trkpt>
      <trkpt lat="44.08530970621236" lon="3.0492585897445683">
        <ele>357.0</ele>
      </trkpt>
      <trkpt lat="44.08541759814139" lon="3.0494168400764456">
        <ele>356.0</ele>
      </trkpt>
      <trkpt lat="44.08554668286935" lon="3.049553632736207">
        <ele>356.0</ele>
      </trkpt>
      <trkpt lat="44.08566613415778" lon="3.0496877431869502">
        <ele>355.0</ele>
      </trkpt>
      <trkpt lat="44.085835677507774" lon="3.049872815608979">
        <ele>355.0</ele>
      </trkpt>
      <trkpt lat="44.085949348302066" lon="3.0499961969772493">
        <ele>355.0</ele>
      </trkpt>
      <trkpt lat="44.08606301896447" lon="3.0501195788383484">
        <ele>355.0</ele>
      </trkpt>
      <trkpt lat="44.08621907488241" lon="3.0502912402153015">
        <ele>355.0</ele>
      </trkpt>
      <trkpt lat="44.0863780203017" lon="3.0505098402500157">
        <ele>355.0</ele>
      </trkpt>
      <trkpt lat="44.08626017596984" lon="3.0506756908608947">
        <ele>355.0</ele>
      </trkpt>
      <trkpt lat="44.08614233139448" lon="3.0508415407849805">
        <ele>355.0</ele>
      </trkpt>
      <trkpt lat="44.08602448657563" lon="3.0510073900222783">
        <ele>355.0</ele>
      </trkpt>
      <trkpt lat="44.08590503638404" lon="3.0512684594622166">
        <ele>356.0</ele>
      </trkpt>
      <trkpt lat="44.08578558557809" lon="3.051529527806333">
        <ele>356.0</ele>
      </trkpt>
      <trkpt lat="44.08566613415778" lon="3.0517905950546256">
        <ele>357.0</ele>
      </trkpt>
      <trkpt lat="44.085608335785004" lon="3.052015901298278">
        <ele>357.0</ele>
      </trkpt>
      <trkpt lat="44.08555053695067" lon="3.052241207084331">
        <ele>358.0</ele>
      </trkpt>
      <trkpt lat="44.085492737654775" lon="3.0524665124127828">
        <ele>358.0</ele>
      </trkpt>
      <trkpt lat="44.08543493789734" lon="3.0526918172836304">
        <ele>358.0</ele>
      </trkpt>
      <trkpt lat="44.08539897437963" lon="3.052913546842404">
        <ele>358.0</ele>
      </trkpt>
      <trkpt lat="44.085363010413815" lon="3.053135276120971">
        <ele>358.0</ele>
      </trkpt>
      <trkpt lat="44.08532704599994" lon="3.0533570051193246">
        <ele>358.0</ele>
      </trkpt>
      <trkpt lat="44.08530970644141" lon="3.053582310745214">
        <ele>358.0</ele>
      </trkpt>
      <trkpt lat="44.08529236641966" lon="3.053807616233825">
        <ele>358.0</ele>
      </trkpt>
      <trkpt lat="44.085305853189894" lon="3.0540490149879655">
        <ele>358.0</ele>
      </trkpt>
      <trkpt lat="44.08531933942829" lon="3.0542904138565072">
        <ele>358.0</ele>
      </trkpt>
      <trkpt lat="44.085288513131715" lon="3.0545908212661748">
        <ele>358.0</ele>
      </trkpt>
      <trkpt lat="44.08534374417184" lon="3.0548590416471115">
        <ele>358.0</ele>
      </trkpt>
      <trkpt lat="44.085362916224916" lon="3.0549521484069135">
        <ele>358.0</ele>
      </trkpt>
      <trkpt lat="44.085398974556874" lon="3.0551272625486012">
        <ele>358.0</ele>
      </trkpt>
      <trkpt lat="44.0854542042869" lon="3.055395483970642">
        <ele>358.0</ele>
      </trkpt>
      <trkpt lat="44.085500444206886" lon="3.055661916299881">
        <ele>358.0</ele>
      </trkpt>
      <trkpt lat="44.08554668348004" lon="3.0559283490620297">
        <ele>358.0</ele>
      </trkpt>
      <trkpt lat="44.08559292210637" lon="3.05619478225708">
        <ele>358.0</ele>
      </trkpt>
      <trkpt lat="44.08561732685181" lon="3.056477308031036">
        <ele>358.0</ele>
      </trkpt>
      <trkpt lat="44.08564173086893" lon="3.056759834047273">
        <ele>358.0</ele>
      </trkpt>
      <trkpt lat="44.08566613415773" lon="3.057042360305786">
        <ele>358.0</ele>
      </trkpt>
      <trkpt lat="44.08572778656233" lon="3.057278394443421">
        <ele>359.0</ele>
      </trkpt>
      <trkpt lat="44.085789438460466" lon="3.0575144290924063">
        <ele>359.0</ele>
      </trkpt>
      <trkpt lat="44.08587806342158" lon="3.057734369889153">
        <ele>359.0</ele>
      </trkpt>
      <trkpt lat="44.08596668794543" lon="3.0579543113708496">
        <ele>359.0</ele>
      </trkpt>
      <trkpt lat="44.08605916590063" lon="3.058187663175989">
        <ele>359.0</ele>
      </trkpt>
      <trkpt lat="44.086151643363436" lon="3.058421015739441">
        <ele>360.0</ele>
      </trkpt>
      <trkpt lat="44.086226781527586" lon="3.058650344307462">
        <ele>360.0</ele>
      </trkpt>
      <trkpt lat="44.08630191921476" lon="3.058879673480987">
        <ele>360.0</ele>
      </trkpt>
      <trkpt lat="44.08633370841399" lon="3.059051334762062">
        <ele>361.0</ele>
      </trkpt>
      <trkpt lat="44.08636549734479" lon="3.059222996234895">
        <ele>362.0</ele>
      </trkpt>
      <trkpt lat="44.086363570735834" lon="3.0593088269233712">
        <ele>363.0</ele>
      </trkpt>
      <trkpt lat="44.086313478880015" lon="3.059359788894654">
        <ele>364.0</ele>
      </trkpt>
      <trkpt lat="44.08622292810993" lon="3.059418797492982">
        <ele>365.0</ele>
      </trkpt>
      <trkpt lat="44.08612852396802" lon="3.059499263763428">
        <ele>366.0</ele>
      </trkpt>
      <trkpt lat="44.08596283470161" lon="3.059641420841217">
        <ele>367.0</ele>
      </trkpt>
      <trkpt lat="44.085837604133964" lon="3.059826493263244">
        <ele>368.0</ele>
      </trkpt>
      <trkpt lat="44.085791365088205" lon="3.0599981546401978">
        <ele>369.0</ele>
      </trkpt>
      <trkpt lat="44.08581059897693" lon="3.0600594824816585">
        <ele>369.0</ele>
      </trkpt>
      <trkpt lat="44.08585109051562" lon="3.060188591480255">
        <ele>369.0</ele>
      </trkpt>
      <trkpt lat="44.08600136713044" lon="3.060092031955719">
        <ele>369.0</ele>
      </trkpt>
      <trkpt lat="44.08614393689932" lon="3.0600491166114816">
        <ele>369.0</ele>
      </trkpt>
      <trkpt lat="44.08630384582594" lon="3.05993914604187">
        <ele>369.0</ele>
      </trkpt>
      <trkpt lat="44.08635201108034" lon="3.0599096417427054">
        <ele>368.0</ele>
      </trkpt>
      <trkpt lat="44.086434855242175" lon="3.060038387588022">
        <ele>367.0</ele>
      </trkpt>
      <trkpt lat="44.086517699256476" lon="3.060167133808137">
        <ele>367.0</ele>
      </trkpt>
      <trkpt lat="44.08657646074753" lon="3.0603347716984914">
        <ele>366.0</ele>
      </trkpt>
      <trkpt lat="44.08663522198393" lon="3.0605024099349976">
        <ele>365.0</ele>
      </trkpt>
      <trkpt lat="44.08668724016581" lon="3.0605936050415035">
        <ele>364.0</ele>
      </trkpt>
      <trkpt lat="44.08673925830229" lon="3.060620427131654">
        <ele>363.0</ele>
      </trkpt>
      <trkpt lat="44.0868066891514" lon="3.0606687068939205">
        <ele>363.0</ele>
      </trkpt>
      <trkpt lat="44.08688567947646" lon="3.0606445670127878">
        <ele>362.0</ele>
      </trkpt>
      <trkpt lat="44.08694540379889" lon="3.0606150627136226">
        <ele>362.0</ele>
      </trkpt>
      <trkpt lat="44.08702632054832" lon="3.0607464907684987">
        <ele>361.0</ele>
      </trkpt>
      <trkpt lat="44.087107237143655" lon="3.060877919197083">
        <ele>361.0</ele>
      </trkpt>
      <trkpt lat="44.08711879665133" lon="3.06113541126251">
        <ele>360.0</ele>
      </trkpt>
      <trkpt lat="44.087172740990596" lon="3.0612561106681815">
        <ele>359.0</ele>
      </trkpt>
      <trkpt lat="44.08728062952158" lon="3.0612856149673457">
        <ele>359.0</ele>
      </trkpt>
      <trkpt lat="44.08743860880131" lon="3.061395585536956">
        <ele>358.0</ele>
      </trkpt>
      <trkpt lat="44.087542643661806" lon="3.0615001914973248">
        <ele>358.0</ele>
      </trkpt>
      <trkpt lat="44.08758586649661" lon="3.061543651744332">
        <ele>358.0</ele>
      </trkpt>
      <trkpt lat="44.0876466784283" lon="3.0616047978401175">
        <ele>358.0</ele>
      </trkpt>
      <trkpt lat="44.08780465673035" lon="3.0617871880531307">
        <ele>358.0</ele>
      </trkpt>
      <trkpt lat="44.08794433228306" lon="3.061960190110017">
        <ele>358.0</ele>
      </trkpt>
      <trkpt lat="44.08808400757322" lon="3.0621331930160527">
        <ele>358.0</ele>
      </trkpt>
      <trkpt lat="44.08818611476894" lon="3.0622538922051796">
        <ele>358.0</ele>
      </trkpt>
      <trkpt lat="44.08828822183737" lon="3.062374591827392">
        <ele>358.0</ele>
      </trkpt>
      <trkpt lat="44.08843078601716" lon="3.062548934539923">
        <ele>358.0</ele>
      </trkpt>
      <trkpt lat="44.08857334993059" lon="3.062723278125889">
        <ele>359.0</ele>
      </trkpt>
      <trkpt lat="44.088715913577715" lon="3.062897622585296">
        <ele>359.0</ele>
      </trkpt>
      <trkpt lat="44.08886618291449" lon="3.063074648380279">
        <ele>359.0</ele>
      </trkpt>
      <trkpt lat="44.08903957013626" lon="3.063273131847382">
        <ele>359.0</ele>
      </trkpt>
      <trkpt lat="44.08920332426803" lon="3.063482344150543">
        <ele>359.0</ele>
      </trkpt>
      <trkpt lat="44.089326621197415" lon="3.063710331916808">
        <ele>360.0</ele>
      </trkpt>
      <trkpt lat="44.0894171672163" lon="3.063873946666717">
        <ele>360.0</ele>
      </trkpt>
      <trkpt lat="44.08948555832123" lon="3.064018785779469">
        <ele>360.0</ele>
      </trkpt>
      <trkpt lat="44.08955394923722" lon="3.064163625240325">
        <ele>360.0</ele>
      </trkpt>
      <trkpt lat="44.08961463427956" lon="3.0643701551142515">
        <ele>360.0</ele>
      </trkpt>
      <trkpt lat="44.08967531893456" lon="3.06457668542862">
        <ele>360.0</ele>
      </trkpt>
      <trkpt lat="44.08973600390338" lon="3.0648086962610175">
        <ele>360.0</ele>
      </trkpt>
      <trkpt lat="44.08979668838289" lon="3.0650407075881962">
        <ele>359.0</ele>
      </trkpt>
      <trkpt lat="44.08986604224155" lon="3.0652552843093854">
        <ele>359.0</ele>
      </trkpt>
      <trkpt lat="44.089939249004146" lon="3.065418899059294">
        <ele>359.0</ele>
      </trkpt>
      <trkpt lat="44.09000282322447" lon="3.0656120181083666">
        <ele>359.0</ele>
      </trkpt>
      <trkpt lat="44.0900326839379" lon="3.0657783149800384">
        <ele>359.0</ele>
      </trkpt>
      <trkpt lat="44.090062544399395" lon="3.065944612026215">
        <ele>359.0</ele>
      </trkpt>
      <trkpt lat="44.090103964185744" lon="3.0662061272148398">
        <ele>359.0</ele>
      </trkpt>
      <trkpt lat="44.090145383348805" lon="3.066467642784118">
        <ele>359.0</ele>
      </trkpt>
      <trkpt lat="44.09017813383255" lon="3.06669831262666">
        <ele>359.0</ele>
      </trkpt>
      <trkpt lat="44.090210883831205" lon="3.0669289827346806">
        <ele>359.0</ele>
      </trkpt>
      <trkpt lat="44.09023336029498" lon="3.0672311780450037">
        <ele>359.0</ele>
      </trkpt>
      <trkpt lat="44.09025583592546" lon="3.067533373594016">
        <ele>359.0</ele>
      </trkpt>
      <trkpt lat="44.09027831072268" lon="3.0678355693817134">
        <ele>359.0</ele>
      </trkpt>
      <trkpt lat="44.09029564926659" lon="3.0680528282457304">
        <ele>359.0</ele>
      </trkpt>
      <trkpt lat="44.090312987379825" lon="3.0682700872421265">
        <ele>359.0</ele>
      </trkpt>
      <trkpt lat="44.09033610551119" lon="3.068557083490141">
        <ele>359.0</ele>
      </trkpt>
      <trkpt lat="44.09035922289104" lon="3.068844079971314">
        <ele>359.0</ele>
      </trkpt>
      <trkpt lat="44.09037463486101" lon="3.0690211057183574">
        <ele>359.0</ele>
      </trkpt>
      <trkpt lat="44.09039004654505" lon="3.069198131561278">
        <ele>359.0</ele>
      </trkpt>
      <trkpt lat="44.09041123800411" lon="3.069412708202571">
        <ele>358.0</ele>
      </trkpt>
      <trkpt lat="44.090432429043126" lon="3.0696272850036626">
        <ele>358.0</ele>
      </trkpt>
      <trkpt lat="44.090442061650194" lon="3.0698499083142194">
        <ele>358.0</ele>
      </trkpt>
      <trkpt lat="44.090451693804944" lon="3.0700725317001334">
        <ele>358.0</ele>
      </trkpt>
      <trkpt lat="44.09043628199628" lon="3.07017982006073">
        <ele>358.0</ele>
      </trkpt>
      <trkpt lat="44.090440134948906" lon="3.0704426765441886">
        <ele>358.0</ele>
      </trkpt>
      <trkpt lat="44.09045939997686" lon="3.070686757481922">
        <ele>358.0</ele>
      </trkpt>
      <trkpt lat="44.09047866446125" lon="3.070930838584901">
        <ele>358.0</ele>
      </trkpt>
      <trkpt lat="44.090524899842926" lon="3.0712097883224487">
        <ele>358.0</ele>
      </trkpt>
      <trkpt lat="44.09055957645164" lon="3.0713626741431432">
        <ele>358.0</ele>
      </trkpt>
      <trkpt lat="44.09059425284765" lon="3.071515560150147">
        <ele>358.0</ele>
      </trkpt>
      <trkpt lat="44.09062892944353" lon="3.071687221422506">
        <ele>358.0</ele>
      </trkpt>
      <trkpt lat="44.09066360577109" lon="3.0718588829040527">
        <ele>358.0</ele>
      </trkpt>
      <trkpt lat="44.09073681154648" lon="3.072153925895691">
        <ele>358.0</ele>
      </trkpt>
      <trkpt lat="44.09079460551564" lon="3.0722719430923453">
        <ele>358.0</ele>
      </trkpt>
      <trkpt lat="44.09083313479709" lon="3.072491884231568">
        <ele>358.0</ele>
      </trkpt>
      <trkpt lat="44.090875516977626" lon="3.072652816772462">
        <ele>358.0</ele>
      </trkpt>
      <trkpt lat="44.090952575409986" lon="3.0727654695510864">
        <ele>358.0</ele>
      </trkpt>
      <trkpt lat="44.09101422215332" lon="3.072915673093218">
        <ele>358.0</ele>
      </trkpt>
      <trkpt lat="44.09107586869283" lon="3.0730658769607553">
        <ele>358.0</ele>
      </trkpt>
      <trkpt lat="44.09116833848631" lon="3.0732697248458867">
        <ele>358.0</ele>
      </trkpt>
      <trkpt lat="44.091256955337734" lon="3.073462843594248">
        <ele>359.0</ele>
      </trkpt>
      <trkpt lat="44.091345571853054" lon="3.0736559629440308">
        <ele>359.0</ele>
      </trkpt>
      <trkpt lat="44.09142840905977" lon="3.0738142130455657">
        <ele>359.0</ele>
      </trkpt>
      <trkpt lat="44.09151124604168" lon="3.0739724636077885">
        <ele>359.0</ele>
      </trkpt>
      <trkpt lat="44.09159023013672" lon="3.074125349309451">
        <ele>359.0</ele>
      </trkpt>
      <trkpt lat="44.09166921402183" lon="3.0742782354354867">
        <ele>359.0</ele>
      </trkpt>
      <trkpt lat="44.091763609418" lon="3.074474036368803">
        <ele>359.0</ele>
      </trkpt>
      <trkpt lat="44.0918580044691" lon="3.074669837951661">
        <ele>359.0</ele>
      </trkpt>
      <trkpt lat="44.091895995156364" lon="3.0747471462582854">
        <ele>359.0</ele>
      </trkpt>
      <trkpt lat="44.0919581787474" lon="3.074873685836792">
        <ele>359.0</ele>
      </trkpt>
      <trkpt lat="44.0920545000088" lon="3.075061440467835">
        <ele>359.0</ele>
      </trkpt>
      <trkpt lat="44.09214311543083" lon="3.0752679705619808">
        <ele>359.0</ele>
      </trkpt>
      <trkpt lat="44.092224025047926" lon="3.0754637718200684">
        <ele>359.0</ele>
      </trkpt>
      <trkpt lat="44.09230878738525" lon="3.0757078528404236">
        <ele>359.0</ele>
      </trkpt>
      <trkpt lat="44.09230879166496" lon="3.0757078600130088">
        <ele>359.0</ele>
      </trkpt>
      <trkpt lat="44.092368908783655" lon="3.0758086135366343">
        <ele>359.0</ele>
      </trkpt>
      <trkpt lat="44.09241281372414" lon="3.0758821964263916">
        <ele>359.0</ele>
      </trkpt>
      <trkpt lat="44.092497575790865" lon="3.076008260250092">
        <ele>359.0</ele>
      </trkpt>
      <trkpt lat="44.092565000075396" lon="3.0761370062828073">
        <ele>359.0</ele>
      </trkpt>
      <trkpt lat="44.092617013042386" lon="3.0762818455696115">
        <ele>359.0</ele>
      </trkpt>
      <trkpt lat="44.092642056306445" lon="3.0763596296310416">
        <ele>359.0</ele>
      </trkpt>
      <trkpt lat="44.09264398271092" lon="3.0764240026474003">
        <ele>359.0</ele>
      </trkpt>
      <trkpt lat="44.092678657981025" lon="3.0765473842620845">
        <ele>359.0</ele>
      </trkpt>
      <trkpt lat="44.09276919886817" lon="3.07678073644638">
        <ele>359.0</ele>
      </trkpt>
      <trkpt lat="44.09283084364817" lon="3.0769738554954533">
        <ele>359.0</ele>
      </trkpt>
      <trkpt lat="44.09288670917456" lon="3.077199161052704">
        <ele>359.0</ele>
      </trkpt>
      <trkpt lat="44.092936795463686" lon="3.0774298310279846">
        <ele>359.0</ele>
      </trkpt>
      <trkpt lat="44.09298688171043" lon="3.0776095390319833">
        <ele>359.0</ele>
      </trkpt>
      <trkpt lat="44.09304852626356" lon="3.077893853187562">
        <ele>359.0</ele>
      </trkpt>
      <trkpt lat="44.09310053880526" lon="3.078111112117768">
        <ele>359.0</ele>
      </trkpt>
      <trkpt lat="44.09311980269799" lon="3.0783471465110788">
        <ele>359.0</ele>
      </trkpt>
      <trkpt lat="44.09312847157939" lon="3.0785174667575794">
        <ele>359.0</ele>
      </trkpt>
      <trkpt lat="44.09313714019607" lon="3.0786877870559697">
        <ele>359.0</ele>
      </trkpt>
      <trkpt lat="44.09315062491328" lon="3.0788728594779973">
        <ele>359.0</ele>
      </trkpt>
      <trkpt lat="44.09316796240233" lon="3.079041838645934">
        <ele>359.0</ele>
      </trkpt>
      <trkpt lat="44.09318144711253" lon="3.0793315172195435">
        <ele>359.0</ele>
      </trkpt>
      <trkpt lat="44.09318915265986" lon="3.0796131491661067">
        <ele>359.0</ele>
      </trkpt>
      <trkpt lat="44.093188189646284" lon="3.0798116326365683">
        <ele>359.0</ele>
      </trkpt>
      <trkpt lat="44.093187226273116" lon="3.080010116100311">
        <ele>359.0</ele>
      </trkpt>
      <trkpt lat="44.09319493181967" lon="3.080267608165742">
        <ele>359.0</ele>
      </trkpt>
      <trkpt lat="44.09325657615591" lon="3.0803883075714107">
        <ele>359.0</ele>
      </trkpt>
      <trkpt lat="44.09329510383345" lon="3.0804714560508724">
        <ele>359.0</ele>
      </trkpt>
      <trkpt lat="44.093261547272306" lon="3.080646666376603">
        <ele>359.0</ele>
      </trkpt>
      <trkpt lat="44.09324116507789" lon="3.0807530879974365">
        <ele>359.0</ele>
      </trkpt>
      <trkpt lat="44.093201674288764" lon="3.080922067282636">
        <ele>359.0</ele>
      </trkpt>
      <trkpt lat="44.09316218323989" lon="3.081091046333313">
        <ele>359.0</ele>
      </trkpt>
      <trkpt lat="44.093114023530774" lon="3.0813378095626835">
        <ele>359.0</ele>
      </trkpt>
      <trkpt lat="44.093031188739474" lon="3.0815953016281123">
        <ele>359.0</ele>
      </trkpt>
      <trkpt lat="44.09295220662106" lon="3.081769645214081">
        <ele>359.0</ele>
      </trkpt>
      <trkpt lat="44.09281735885803" lon="3.0819010734558097">
        <ele>359.0</ele>
      </trkpt>
      <trkpt lat="44.09277883086926" lon="3.081960082054138">
        <ele>359.0</ele>
      </trkpt>
      <trkpt lat="44.092697922011176" lon="3.082078099250794">
        <ele>360.0</ele>
      </trkpt>
      <trkpt lat="44.09258426414256" lon="3.0822417140007023">
        <ele>360.0</ele>
      </trkpt>
      <trkpt lat="44.09247060605555" lon="3.0824214220046997">
        <ele>360.0</ele>
      </trkpt>
      <trkpt lat="44.09240510807568" lon="3.0824831128120427">
        <ele>361.0</ele>
      </trkpt>
      <trkpt lat="44.09227025906518" lon="3.0824911594390874">
        <ele>361.0</ele>
      </trkpt>
      <trkpt lat="44.09217393815515" lon="3.082504570484161">
        <ele>362.0</ele>
      </trkpt>
      <trkpt lat="44.09204679431371" lon="3.082544803619385">
        <ele>363.0</ele>
      </trkpt>
      <trkpt lat="44.091894606628934" lon="3.0825126171112056">
        <ele>363.0</ele>
      </trkpt>
      <trkpt lat="44.09182332871794" lon="3.0825287103652954">
        <ele>364.0</ele>
      </trkpt>
      <trkpt lat="44.091863783758875" lon="3.082711100578307">
        <ele>364.0</ele>
      </trkpt>
      <trkpt lat="44.09194854661254" lon="3.082998096942901">
        <ele>364.0</ele>
      </trkpt>
      <trkpt lat="44.092025603646775" lon="3.0831241607666016">
        <ele>364.0</ele>
      </trkpt>
      <trkpt lat="44.09211614551213" lon="3.0832287667517564">
        <ele>364.0</ele>
      </trkpt>
      <trkpt lat="44.092206687282065" lon="3.0833333730697636">
        <ele>364.0</ele>
      </trkpt>
      <trkpt lat="44.092393549601006" lon="3.0834916234016414">
        <ele>364.0</ele>
      </trkpt>
      <trkpt lat="44.09255922085393" lon="3.0836150050163265">
        <ele>363.0</ele>
      </trkpt>
      <trkpt lat="44.092674805174134" lon="3.0837196111679073">
        <ele>363.0</ele>
      </trkpt>
      <trkpt lat="44.09277112526841" lon="3.0838483572006226">
        <ele>363.0</ele>
      </trkpt>
      <trkpt lat="44.092838549241065" lon="3.0840468406677237">
        <ele>362.0</ele>
      </trkpt>
      <trkpt lat="44.09288092998456" lon="3.0842909216880803">
        <ele>362.0</ele>
      </trkpt>
      <trkpt lat="44.09288285638125" lon="3.08453768491745">
        <ele>362.0</ele>
      </trkpt>
      <trkpt lat="44.09285396042401" lon="3.084720075130463">
        <ele>362.0</ele>
      </trkpt>
      <trkpt lat="44.09277305166867" lon="3.0849239230155954">
        <ele>362.0</ele>
      </trkpt>
      <trkpt lat="44.092670952367115" lon="3.085100948810577">
        <ele>362.0</ele>
      </trkpt>
      <trkpt lat="44.09259389617371" lon="3.085302114486693">
        <ele>362.0</ele>
      </trkpt>
      <trkpt lat="44.09252261925575" lon="3.0855086448395115">
        <ele>363.0</ele>
      </trkpt>
      <trkpt lat="44.09245134195124" lon="3.085715174674986">
        <ele>363.0</ele>
      </trkpt>
      <trkpt lat="44.0923877706055" lon="3.0859619381800076">
        <ele>364.0</ele>
      </trkpt>
      <trkpt lat="44.09232419870618" lon="3.086208701133727">
        <ele>364.0</ele>
      </trkpt>
      <trkpt lat="44.09230878738514" lon="3.086519837379455">
        <ele>365.0</ele>
      </trkpt>
      <trkpt lat="44.092283744096655" lon="3.0866834522013646">
        <ele>366.0</ele>
      </trkpt>
      <trkpt lat="44.09225870056417" lon="3.0868470668792733">
        <ele>367.0</ele>
      </trkpt>
      <trkpt lat="44.092220172373445" lon="3.08704286826992">
        <ele>368.0</ele>
      </trkpt>
      <trkpt lat="44.092181643833605" lon="3.0872386693954468">
        <ele>369.0</ele>
      </trkpt>
      <trkpt lat="44.09217393815503" lon="3.087447881698607">
        <ele>370.0</ele>
      </trkpt>
      <trkpt lat="44.09219705518785" lon="3.0875605344772343">
        <ele>371.0</ele>
      </trkpt>
      <trkpt lat="44.09223173071989" lon="3.087667822837828">
        <ele>372.0</ele>
      </trkpt>
      <trkpt lat="44.09233961002313" lon="3.087850213050842">
        <ele>372.0</ele>
      </trkpt>
      <trkpt lat="44.09240896094001" lon="3.0879843233381576">
        <ele>373.0</ele>
      </trkpt>
      <trkpt lat="44.09247831169534" lon="3.0881184339523324">
        <ele>373.0</ele>
      </trkpt>
      <trkpt lat="44.09261893944757" lon="3.0883517861366276">
        <ele>373.0</ele>
      </trkpt>
      <trkpt lat="44.09271911243694" lon="3.0885046720504774">
        <ele>373.0</ele>
      </trkpt>
      <trkpt lat="44.09285396042402" lon="3.0886736512184148">
        <ele>373.0</ele>
      </trkpt>
      <trkpt lat="44.09303504152292" lon="3.0888560414314266">
        <ele>372.0</ele>
      </trkpt>
      <trkpt lat="44.09315158804381" lon="3.088966011775822">
        <ele>372.0</ele>
      </trkpt>
      <trkpt lat="44.09326813446173" lon="3.0890759825706464">
        <ele>372.0</ele>
      </trkpt>
      <trkpt lat="44.093368306312655" lon="3.0891792474359514">
        <ele>371.0</ele>
      </trkpt>
      <trkpt lat="44.09346847807171" lon="3.0892825126647954">
        <ele>370.0</ele>
      </trkpt>
      <trkpt lat="44.093630293568836" lon="3.0894166231155404">
        <ele>369.0</ele>
      </trkpt>
      <trkpt lat="44.0937516548264" lon="3.0895252523489813">
        <ele>368.0</ele>
      </trkpt>
      <trkpt lat="44.093873015984315" lon="3.0896338820457463">
        <ele>367.0</ele>
      </trkpt>
      <trkpt lat="44.093976076337555" lon="3.089726418089177">
        <ele>366.0</ele>
      </trkpt>
      <trkpt lat="44.09407913661843" lon="3.089818954467774">
        <ele>366.0</ele>
      </trkpt>
      <trkpt lat="44.094203386459" lon="3.089904784968852">
        <ele>365.0</ele>
      </trkpt>
      <trkpt lat="44.09432763624074" lon="3.0899906158447266">
        <ele>364.0</ele>
      </trkpt>
      <trkpt lat="44.09450486013986" lon="3.090108633041382">
        <ele>364.0</ele>
      </trkpt>
      <trkpt lat="44.094622366997356" lon="3.090178370475769">
        <ele>363.0</ele>
      </trkpt>
      <trkpt lat="44.09477262132763" lon="3.090315163135528">
        <ele>363.0</ele>
      </trkpt>
      <trkpt lat="44.094877606460166" lon="3.0904278157063265">
        <ele>362.0</ele>
      </trkpt>
      <trkpt lat="44.09498259148288" lon="3.09054046869278">
        <ele>362.0</ele>
      </trkpt>
      <trkpt lat="44.09507216565742" lon="3.090642392474913">
        <ele>362.0</ele>
      </trkpt>
      <trkpt lat="44.09516173974151" lon="3.090744316577912">
        <ele>362.0</ele>
      </trkpt>
      <trkpt lat="44.09526672419935" lon="3.090871721271075">
        <ele>362.0</ele>
      </trkpt>
      <trkpt lat="44.09537170851506" lon="3.0909991264343257">
        <ele>362.0</ele>
      </trkpt>
      <trkpt lat="44.095508476764735" lon="3.0911707878112784">
        <ele>361.0</ele>
      </trkpt>
      <trkpt lat="44.095660655149715" lon="3.091331720352173">
        <ele>361.0</ele>
      </trkpt>
      <trkpt lat="44.0957935701276" lon="3.091350495815277">
        <ele>361.0</ele>
      </trkpt>
      <trkpt lat="44.09593611629359" lon="3.091425597667694">
        <ele>360.0</ele>
      </trkpt>
      <trkpt lat="44.096072883237824" lon="3.091498017311096">
        <ele>360.0</ele>
      </trkpt>
      <trkpt lat="44.09616149263863" lon="3.091559708118439">
        <ele>359.0</ele>
      </trkpt>
      <trkpt lat="44.0962828486717" lon="3.0916321276073995">
        <ele>359.0</ele>
      </trkpt>
      <trkpt lat="44.09640420466489" lon="3.0917045474052425">
        <ele>359.0</ele>
      </trkpt>
      <trkpt lat="44.09659105372078" lon="3.0917957425117497">
        <ele>358.0</ele>
      </trkpt>
      <trkpt lat="44.096795238611854" lon="3.091884255409241">
        <ele>358.0</ele>
      </trkpt>
      <trkpt lat="44.09693778236317" lon="3.0919432640075692">
        <ele>358.0</ele>
      </trkpt>
      <trkpt lat="44.097080325770854" lon="3.092039823532105">
        <ele>358.0</ele>
      </trkpt>
      <trkpt lat="44.097249836402995" lon="3.0921551585197444">
        <ele>358.0</ele>
      </trkpt>
      <trkpt lat="44.097336517788484" lon="3.0922195315361036">
        <ele>358.0</ele>
      </trkpt>
      <trkpt lat="44.097477133988" lon="3.09229999780655">
        <ele>358.0</ele>
      </trkpt>
      <trkpt lat="44.09760619239732" lon="3.0924180150032043">
        <ele>358.0</ele>
      </trkpt>
      <trkpt lat="44.09776221785938" lon="3.092568218708037">
        <ele>358.0</ele>
      </trkpt>
      <trkpt lat="44.09790090681337" lon="3.0926862359046945">
        <ele>359.0</ele>
      </trkpt>
      <trkpt lat="44.09807211295317" lon="3.0928287568013295">
        <ele>359.0</ele>
      </trkpt>
      <trkpt lat="44.09807812000334" lon="3.0928337574005127">
        <ele>359.0</ele>
      </trkpt>
      <trkpt lat="44.09825533266224" lon="3.0929812788963327">
        <ele>359.0</ele>
      </trkpt>
      <trkpt lat="44.09837475828498" lon="3.0931019783020024">
        <ele>359.0</ele>
      </trkpt>
      <trkpt lat="44.09846432731507" lon="3.0931971965721528">
        <ele>359.0</ele>
      </trkpt>
      <trkpt lat="44.098553896266786" lon="3.0932924151420598">
        <ele>359.0</ele>
      </trkpt>
      <trkpt lat="44.09866369024542" lon="3.093413114547731">
        <ele>359.0</ele>
      </trkpt>
      <trkpt lat="44.098794672269065" lon="3.0935150384902963">
        <ele>359.0</ele>
      </trkpt>
      <trkpt lat="44.09890639191793" lon="3.0935901401952624">
        <ele>359.0</ele>
      </trkpt>
      <trkpt lat="44.099018111522085" lon="3.093665242195129">
        <ele>359.0</ele>
      </trkpt>
      <trkpt lat="44.09911442128452" lon="3.093737661838531">
        <ele>359.0</ele>
      </trkpt>
      <trkpt lat="44.09918569040775" lon="3.093855679035188">
        <ele>359.0</ele>
      </trkpt>
      <trkpt lat="44.09927622133224" lon="3.0940943956375144">
        <ele>359.0</ele>
      </trkpt>
      <trkpt lat="44.09934171170197" lon="3.094247281551361">
        <ele>359.0</ele>
      </trkpt>
      <trkpt lat="44.09940912818286" lon="3.0942419171333304">
        <ele>360.0</ele>
      </trkpt>
      <trkpt lat="44.09952855147517" lon="3.0942311882972713">
        <ele>360.0</ele>
      </trkpt>
      <trkpt lat="44.09960174627702" lon="3.094075620174408">
        <ele>360.0</ele>
      </trkpt>
      <trkpt lat="44.09969420273931" lon="3.09387445449829">
        <ele>360.0</ele>
      </trkpt>
      <trkpt lat="44.09974235708946" lon="3.09373766183853">
        <ele>360.0</ele>
      </trkpt>
      <trkpt lat="44.09973080004903" lon="3.0936008691787715">
        <ele>360.0</ele>
      </trkpt>
      <trkpt lat="44.099701907437996" lon="3.0934694409370422">
        <ele>360.0</ele>
      </trkpt>
      <trkpt lat="44.099674940988294" lon="3.0933353304862976">
        <ele>360.0</ele>
      </trkpt>
      <trkpt lat="44.0997423570895" lon="3.0933085083961487">
        <ele>359.0</ele>
      </trkpt>
      <trkpt lat="44.099913786257865" lon="3.0932548642158495">
        <ele>359.0</ele>
      </trkpt>
      <trkpt lat="44.10001587305453" lon="3.0931717157363883">
        <ele>359.0</ele>
      </trkpt>
      <trkpt lat="44.100129516639775" lon="3.09300810098648">
        <ele>359.0</ele>
      </trkpt>
      <trkpt lat="44.10020463685584" lon="3.0928364396095267">
        <ele>359.0</ele>
      </trkpt>
      <trkpt lat="44.100254716946864" lon="3.092753291130065">
        <ele>358.0</ele>
      </trkpt>
      <trkpt lat="44.100354877001685" lon="3.0926808714866634">
        <ele>358.0</ele>
      </trkpt>
      <trkpt lat="44.10047429838373" lon="3.092584311962128">
        <ele>358.0</ele>
      </trkpt>
      <trkpt lat="44.100505116765696" lon="3.0925440788269043">
        <ele>358.0</ele>
      </trkpt>
      <trkpt lat="44.100586014942074" lon="3.0924099683761592">
        <ele>358.0</ele>
      </trkpt>
      <trkpt lat="44.100699657431434" lon="3.0922356247901917">
        <ele>358.0</ele>
      </trkpt>
      <trkpt lat="44.10075358938385" lon="3.092109560966492">
        <ele>358.0</ele>
      </trkpt>
      <trkpt lat="44.10076899850409" lon="3.0919781327247615">
        <ele>358.0</ele>
      </trkpt>
      <trkpt lat="44.100780555341615" lon="3.091844022274017">
        <ele>358.0</ele>
      </trkpt>
      <trkpt lat="44.10080752128706" lon="3.091747462749479">
        <ele>358.0</ele>
      </trkpt>
      <trkpt lat="44.10085952700429" lon="3.0916106700897203">
        <ele>358.0</ele>
      </trkpt>
      <trkpt lat="44.10091923721579" lon="3.091570436954497">
        <ele>358.0</ele>
      </trkpt>
      <trkpt lat="44.10108681071339" lon="3.091449737548829">
        <ele>358.0</ele>
      </trkpt>
      <trkpt lat="44.10121586124389" lon="3.091331720352173">
        <ele>358.0</ele>
      </trkpt>
      <trkpt lat="44.10134491149271" lon="3.091173470020294">
        <ele>358.0</ele>
      </trkpt>
      <trkpt lat="44.10141232568979" lon="3.0911037325859074">
        <ele>358.0</ele>
      </trkpt>
      <trkpt lat="44.10148551815926" lon="3.0911949276924133">
        <ele>357.0</ele>
      </trkpt>
      <trkpt lat="44.10152981882066" lon="3.091267347335816">
        <ele>357.0</ele>
      </trkpt>
      <trkpt lat="44.10156641499416" lon="3.091294169425964">
        <ele>357.0</ele>
      </trkpt>
      <trkpt lat="44.101662720605674" lon="3.0913290381431584">
        <ele>357.0</ele>
      </trkpt>
      <trkpt lat="44.10176095216771" lon="3.091369271278381">
        <ele>357.0</ele>
      </trkpt>
      <trkpt lat="44.10180140041055" lon="3.0913692712783813">
        <ele>357.0</ele>
      </trkpt>
      <trkpt lat="44.102003641209656" lon="3.091267347335816">
        <ele>357.0</ele>
      </trkpt>
      <trkpt lat="44.102194324757946" lon="3.091152012348174">
        <ele>357.0</ele>
      </trkpt>
      <trkpt lat="44.10231952069258" lon="3.0910956859588623">
        <ele>358.0</ele>
      </trkpt>
      <trkpt lat="44.10240812073228" lon="3.091055452823638">
        <ele>358.0</ele>
      </trkpt>
      <trkpt lat="44.10246012504154" lon="3.09098571538925">
        <ele>358.0</ele>
      </trkpt>
      <trkpt lat="44.10254679878873" lon="3.0910125374794006">
        <ele>358.0</ele>
      </trkpt>
      <trkpt lat="44.1025847297449" lon="3.091020988935869">
        <ele>359.0</ele>
      </trkpt>
      <trkpt lat="44.102643102803164" lon="3.0910339951515193">
        <ele>359.0</ele>
      </trkpt>
      <trkpt lat="44.102787558531034" lon="3.091084957122803">
        <ele>359.0</ele>
      </trkpt>
      <trkpt lat="44.10282030178023" lon="3.0910071730613717">
        <ele>359.0</ele>
      </trkpt>
      <trkpt lat="44.10292238355797" lon="3.0908113718032846">
        <ele>359.0</ele>
      </trkpt>
      <trkpt lat="44.10303409549052" lon="3.0905967950820927">
        <ele>359.0</ele>
      </trkpt>
      <trkpt lat="44.103130398711144" lon="3.0903768539428698">
        <ele>359.0</ele>
      </trkpt>
      <trkpt lat="44.103188180568296" lon="3.090156912803649">
        <ele>359.0</ele>
      </trkpt>
      <trkpt lat="44.10321514541559" lon="3.0899423360824585">
        <ele>358.0</ele>
      </trkpt>
      <trkpt lat="44.103195884811605" lon="3.089711666107178">
        <ele>358.0</ele>
      </trkpt>
      <trkpt lat="44.103153511460796" lon="3.0894434452056876">
        <ele>358.0</ele>
      </trkpt>
      <trkpt lat="44.10312654668945" lon="3.0892878770090992">
        <ele>358.0</ele>
      </trkpt>
      <trkpt lat="44.103099581697634" lon="3.0891323089599605">
        <ele>358.0</ele>
      </trkpt>
      <trkpt lat="44.103034095490514" lon="3.0888372659683228">
        <ele>358.0</ele>
      </trkpt>
      <trkpt lat="44.10297246134692" lon="3.0885905027389526">
        <ele>358.0</ele>
      </trkpt>
      <trkpt lat="44.10289156643602" lon="3.08840274810791">
        <ele>358.0</ele>
      </trkpt>
      <trkpt lat="44.10279141067864" lon="3.088225722312927">
        <ele>359.0</ele>
      </trkpt>
      <trkpt lat="44.10271821982553" lon="3.0880969762802115">
        <ele>359.0</ele>
      </trkpt>
      <trkpt lat="44.102794391695525" lon="3.0880505683846655">
        <ele>359.0</ele>
      </trkpt>
      <trkpt lat="44.10284148857865" lon="3.088021874427795">
        <ele>359.0</ele>
      </trkpt>
      <trkpt lat="44.102949348526664" lon="3.087978959083557">
        <ele>359.0</ele>
      </trkpt>
      <trkpt lat="44.10307131031751" lon="3.0878516363252477">
        <ele>359.0</ele>
      </trkpt>
    </trkseg>
  </trk>
</gpx>