<?xml version="1.0" encoding="UTF-8" ?>
<gpx version="1.1" xmlns:xsi="http://www.w3.org/2001/XMLSchema-instance" 
    xmlns="http://www.topografix.com/GPX/1/1" 
    xsi:schemaLocation="http://www.topografix.com/GPX/1/1 http://www.topografix.com/GPX/1/1/gpx.xsd" 
    creator="Openrunner - https://www.openrunner.com" >	<trk>
						<name>10341126-Circuit n°5 Espace Cyclosport Aude en Pyrénées</name>
						<trkseg>
					<trkpt lat="42.983100" lon="2.007140">
						<ele>382</ele>
						<time>2019-08-07T15:27:21Z</time>
					</trkpt>
					<trkpt lat="42.983040" lon="2.007350">
						<ele>383</ele>
						<time>2019-08-07T15:27:24Z</time>
					</trkpt>
					<trkpt lat="42.982860" lon="2.007230">
						<ele>382</ele>
						<time>2019-08-07T15:27:27Z</time>
					</trkpt>
					<trkpt lat="42.982550" lon="2.007890">
						<ele>382</ele>
						<time>2019-08-07T15:27:38Z</time>
					</trkpt>
					<trkpt lat="42.982390" lon="2.008310">
						<ele>380</ele>
						<time>2019-08-07T15:27:44Z</time>
					</trkpt>
					<trkpt lat="42.982410" lon="2.008520">
						<ele>381</ele>
						<time>2019-08-07T15:27:47Z</time>
					</trkpt>
					<trkpt lat="42.982600" lon="2.009620">
						<ele>387</ele>
						<time>2019-08-07T15:28:01Z</time>
					</trkpt>
					<trkpt lat="42.982620" lon="2.009820">
						<ele>388</ele>
						<time>2019-08-07T15:28:04Z</time>
					</trkpt>
					<trkpt lat="42.982610" lon="2.010060">
						<ele>389</ele>
						<time>2019-08-07T15:28:07Z</time>
					</trkpt>
					<trkpt lat="42.982540" lon="2.010520">
						<ele>390</ele>
						<time>2019-08-07T15:28:13Z</time>
					</trkpt>
					<trkpt lat="42.982460" lon="2.010840">
						<ele>391</ele>
						<time>2019-08-07T15:28:18Z</time>
					</trkpt>
					<trkpt lat="42.982230" lon="2.011420">
						<ele>391</ele>
						<time>2019-08-07T15:28:26Z</time>
					</trkpt>
					<trkpt lat="42.981530" lon="2.012530">
						<ele>388</ele>
						<time>2019-08-07T15:28:45Z</time>
					</trkpt>
					<trkpt lat="42.981250" lon="2.012880">
						<ele>390</ele>
						<time>2019-08-07T15:28:52Z</time>
					</trkpt>
					<trkpt lat="42.980930" lon="2.013220">
						<ele>391</ele>
						<time>2019-08-07T15:28:59Z</time>
					</trkpt>
					<trkpt lat="42.980790" lon="2.013300">
						<ele>390</ele>
						<time>2019-08-07T15:29:02Z</time>
					</trkpt>
					<trkpt lat="42.980620" lon="2.013330">
						<ele>389</ele>
						<time>2019-08-07T15:29:05Z</time>
					</trkpt>
					<trkpt lat="42.980050" lon="2.013250">
						<ele>384</ele>
						<time>2019-08-07T15:29:15Z</time>
					</trkpt>
					<trkpt lat="42.979800" lon="2.013260">
						<ele>382</ele>
						<time>2019-08-07T15:29:20Z</time>
					</trkpt>
					<trkpt lat="42.979640" lon="2.013350">
						<ele>382</ele>
						<time>2019-08-07T15:29:23Z</time>
					</trkpt>
					<trkpt lat="42.979370" lon="2.013620">
						<ele>382</ele>
						<time>2019-08-07T15:29:29Z</time>
					</trkpt>
					<trkpt lat="42.979240" lon="2.013780">
						<ele>383</ele>
						<time>2019-08-07T15:29:32Z</time>
					</trkpt>
					<trkpt lat="42.979030" lon="2.014150">
						<ele>384</ele>
						<time>2019-08-07T15:29:38Z</time>
					</trkpt>
					<trkpt lat="42.978820" lon="2.014630">
						<ele>386</ele>
						<time>2019-08-07T15:29:45Z</time>
					</trkpt>
					<trkpt lat="42.978580" lon="2.015090">
						<ele>387</ele>
						<time>2019-08-07T15:29:53Z</time>
					</trkpt>
					<trkpt lat="42.976710" lon="2.017690">
						<ele>386</ele>
						<time>2019-08-07T15:30:40Z</time>
					</trkpt>
					<trkpt lat="42.976360" lon="2.018260">
						<ele>387</ele>
						<time>2019-08-07T15:30:50Z</time>
					</trkpt>
					<trkpt lat="42.976110" lon="2.018840">
						<ele>388</ele>
						<time>2019-08-07T15:30:58Z</time>
					</trkpt>
					<trkpt lat="42.975840" lon="2.019870">
						<ele>388</ele>
						<time>2019-08-07T15:31:13Z</time>
					</trkpt>
					<trkpt lat="42.975670" lon="2.020400">
						<ele>392</ele>
						<time>2019-08-07T15:31:20Z</time>
					</trkpt>
					<trkpt lat="42.975510" lon="2.020820">
						<ele>393</ele>
						<time>2019-08-07T15:31:26Z</time>
					</trkpt>
					<trkpt lat="42.975230" lon="2.021300">
						<ele>392</ele>
						<time>2019-08-07T15:31:34Z</time>
					</trkpt>
					<trkpt lat="42.974160" lon="2.023000">
						<ele>391</ele>
						<time>2019-08-07T15:32:04Z</time>
					</trkpt>
					<trkpt lat="42.973370" lon="2.024480">
						<ele>392</ele>
						<time>2019-08-07T15:32:27Z</time>
					</trkpt>
					<trkpt lat="42.973160" lon="2.024760">
						<ele>393</ele>
						<time>2019-08-07T15:32:33Z</time>
					</trkpt>
					<trkpt lat="42.973060" lon="2.024850">
						<ele>393</ele>
						<time>2019-08-07T15:32:35Z</time>
					</trkpt>
					<trkpt lat="42.972910" lon="2.024970">
						<ele>393</ele>
						<time>2019-08-07T15:32:38Z</time>
					</trkpt>
					<trkpt lat="42.972160" lon="2.025450">
						<ele>393</ele>
						<time>2019-08-07T15:32:53Z</time>
					</trkpt>
					<trkpt lat="42.971840" lon="2.025680">
						<ele>393</ele>
						<time>2019-08-07T15:32:59Z</time>
					</trkpt>
					<trkpt lat="42.971720" lon="2.025800">
						<ele>393</ele>
						<time>2019-08-07T15:33:02Z</time>
					</trkpt>
					<trkpt lat="42.971600" lon="2.025950">
						<ele>395</ele>
						<time>2019-08-07T15:33:05Z</time>
					</trkpt>
					<trkpt lat="42.971030" lon="2.026800">
						<ele>399</ele>
						<time>2019-08-07T15:33:20Z</time>
					</trkpt>
					<trkpt lat="42.970920" lon="2.026920">
						<ele>399</ele>
						<time>2019-08-07T15:33:22Z</time>
					</trkpt>
					<trkpt lat="42.970750" lon="2.027060">
						<ele>399</ele>
						<time>2019-08-07T15:33:26Z</time>
					</trkpt>
					<trkpt lat="42.970430" lon="2.027210">
						<ele>398</ele>
						<time>2019-08-07T15:33:32Z</time>
					</trkpt>
					<trkpt lat="42.970230" lon="2.027260">
						<ele>397</ele>
						<time>2019-08-07T15:33:35Z</time>
					</trkpt>
					<trkpt lat="42.968840" lon="2.027490">
						<ele>396</ele>
						<time>2019-08-07T15:34:00Z</time>
					</trkpt>
					<trkpt lat="42.968740" lon="2.027490">
						<ele>396</ele>
						<time>2019-08-07T15:34:02Z</time>
					</trkpt>
					<trkpt lat="42.968530" lon="2.027440">
						<ele>397</ele>
						<time>2019-08-07T15:34:06Z</time>
					</trkpt>
					<trkpt lat="42.968410" lon="2.027370">
						<ele>396</ele>
						<time>2019-08-07T15:34:08Z</time>
					</trkpt>
					<trkpt lat="42.968290" lon="2.027270">
						<ele>396</ele>
						<time>2019-08-07T15:34:11Z</time>
					</trkpt>
					<trkpt lat="42.968000" lon="2.026970">
						<ele>394</ele>
						<time>2019-08-07T15:34:17Z</time>
					</trkpt>
					<trkpt lat="42.967770" lon="2.026770">
						<ele>393</ele>
						<time>2019-08-07T15:34:22Z</time>
					</trkpt>
					<trkpt lat="42.967590" lon="2.026690">
						<ele>393</ele>
						<time>2019-08-07T15:34:25Z</time>
					</trkpt>
					<trkpt lat="42.967400" lon="2.026730">
						<ele>393</ele>
						<time>2019-08-07T15:34:29Z</time>
					</trkpt>
					<trkpt lat="42.967170" lon="2.026880">
						<ele>393</ele>
						<time>2019-08-07T15:34:33Z</time>
					</trkpt>
					<trkpt lat="42.965970" lon="2.028200">
						<ele>399</ele>
						<time>2019-08-07T15:35:01Z</time>
					</trkpt>
					<trkpt lat="42.965450" lon="2.028730">
						<ele>404</ele>
						<time>2019-08-07T15:35:12Z</time>
					</trkpt>
					<trkpt lat="42.964350" lon="2.029610">
						<ele>405</ele>
						<time>2019-08-07T15:35:35Z</time>
					</trkpt>
					<trkpt lat="42.963040" lon="2.030370">
						<ele>408</ele>
						<time>2019-08-07T15:36:00Z</time>
					</trkpt>
					<trkpt lat="42.962840" lon="2.030430">
						<ele>408</ele>
						<time>2019-08-07T15:36:04Z</time>
					</trkpt>
					<trkpt lat="42.962580" lon="2.030460">
						<ele>406</ele>
						<time>2019-08-07T15:36:08Z</time>
					</trkpt>
					<trkpt lat="42.962360" lon="2.030460">
						<ele>404</ele>
						<time>2019-08-07T15:36:12Z</time>
					</trkpt>
					<trkpt lat="42.961730" lon="2.030340">
						<ele>401</ele>
						<time>2019-08-07T15:36:24Z</time>
					</trkpt>
					<trkpt lat="42.961600" lon="2.030340">
						<ele>401</ele>
						<time>2019-08-07T15:36:26Z</time>
					</trkpt>
					<trkpt lat="42.961470" lon="2.030370">
						<ele>402</ele>
						<time>2019-08-07T15:36:28Z</time>
					</trkpt>
					<trkpt lat="42.961160" lon="2.030510">
						<ele>404</ele>
						<time>2019-08-07T15:36:34Z</time>
					</trkpt>
					<trkpt lat="42.961020" lon="2.030540">
						<ele>405</ele>
						<time>2019-08-07T15:36:37Z</time>
					</trkpt>
					<trkpt lat="42.960880" lon="2.030530">
						<ele>406</ele>
						<time>2019-08-07T15:36:39Z</time>
					</trkpt>
					<trkpt lat="42.960370" lon="2.030350">
						<ele>403</ele>
						<time>2019-08-07T15:36:49Z</time>
					</trkpt>
					<trkpt lat="42.960200" lon="2.030330">
						<ele>403</ele>
						<time>2019-08-07T15:36:52Z</time>
					</trkpt>
					<trkpt lat="42.960040" lon="2.030340">
						<ele>403</ele>
						<time>2019-08-07T15:36:54Z</time>
					</trkpt>
					<trkpt lat="42.959890" lon="2.030390">
						<ele>403</ele>
						<time>2019-08-07T15:36:57Z</time>
					</trkpt>
					<trkpt lat="42.959410" lon="2.030580">
						<ele>402</ele>
						<time>2019-08-07T15:37:06Z</time>
					</trkpt>
					<trkpt lat="42.959220" lon="2.030630">
						<ele>401</ele>
						<time>2019-08-07T15:37:09Z</time>
					</trkpt>
					<trkpt lat="42.957800" lon="2.030910">
						<ele>404</ele>
						<time>2019-08-07T15:37:35Z</time>
					</trkpt>
					<trkpt lat="42.956690" lon="2.031080">
						<ele>404</ele>
						<time>2019-08-07T15:37:55Z</time>
					</trkpt>
					<trkpt lat="42.956050" lon="2.031210">
						<ele>403</ele>
						<time>2019-08-07T15:38:06Z</time>
					</trkpt>
					<trkpt lat="42.955190" lon="2.031340">
						<ele>403</ele>
						<time>2019-08-07T15:38:22Z</time>
					</trkpt>
					<trkpt lat="42.954850" lon="2.031310">
						<ele>403</ele>
						<time>2019-08-07T15:38:28Z</time>
					</trkpt>
					<trkpt lat="42.954460" lon="2.031180">
						<ele>404</ele>
						<time>2019-08-07T15:38:35Z</time>
					</trkpt>
					<trkpt lat="42.954080" lon="2.031140">
						<ele>404</ele>
						<time>2019-08-07T15:38:42Z</time>
					</trkpt>
					<trkpt lat="42.953740" lon="2.031190">
						<ele>405</ele>
						<time>2019-08-07T15:38:48Z</time>
					</trkpt>
					<trkpt lat="42.953410" lon="2.031290">
						<ele>406</ele>
						<time>2019-08-07T15:38:54Z</time>
					</trkpt>
					<trkpt lat="42.953160" lon="2.031410">
						<ele>406</ele>
						<time>2019-08-07T15:38:59Z</time>
					</trkpt>
					<trkpt lat="42.952960" lon="2.031530">
						<ele>407</ele>
						<time>2019-08-07T15:39:02Z</time>
					</trkpt>
					<trkpt lat="42.952710" lon="2.031760">
						<ele>408</ele>
						<time>2019-08-07T15:39:08Z</time>
					</trkpt>
					<trkpt lat="42.952460" lon="2.032040">
						<ele>412</ele>
						<time>2019-08-07T15:39:14Z</time>
					</trkpt>
					<trkpt lat="42.952120" lon="2.032480">
						<ele>414</ele>
						<time>2019-08-07T15:39:22Z</time>
					</trkpt>
					<trkpt lat="42.951070" lon="2.034180">
						<ele>414</ele>
						<time>2019-08-07T15:39:51Z</time>
					</trkpt>
					<trkpt lat="42.950770" lon="2.034500">
						<ele>413</ele>
						<time>2019-08-07T15:39:58Z</time>
					</trkpt>
					<trkpt lat="42.949480" lon="2.035590">
						<ele>416</ele>
						<time>2019-08-07T15:40:25Z</time>
					</trkpt>
					<trkpt lat="42.948970" lon="2.035870">
						<ele>414</ele>
						<time>2019-08-07T15:40:34Z</time>
					</trkpt>
					<trkpt lat="42.948560" lon="2.036050">
						<ele>415</ele>
						<time>2019-08-07T15:40:42Z</time>
					</trkpt>
					<trkpt lat="42.948190" lon="2.036130">
						<ele>414</ele>
						<time>2019-08-07T15:40:49Z</time>
					</trkpt>
					<trkpt lat="42.946940" lon="2.036200">
						<ele>416</ele>
						<time>2019-08-07T15:41:11Z</time>
					</trkpt>
					<trkpt lat="42.946410" lon="2.036280">
						<ele>418</ele>
						<time>2019-08-07T15:41:21Z</time>
					</trkpt>
					<trkpt lat="42.946060" lon="2.036360">
						<ele>419</ele>
						<time>2019-08-07T15:41:27Z</time>
					</trkpt>
					<trkpt lat="42.944950" lon="2.036530">
						<ele>416</ele>
						<time>2019-08-07T15:41:47Z</time>
					</trkpt>
					<trkpt lat="42.944730" lon="2.036590">
						<ele>417</ele>
						<time>2019-08-07T15:41:51Z</time>
					</trkpt>
					<trkpt lat="42.944110" lon="2.036990">
						<ele>424</ele>
						<time>2019-08-07T15:42:03Z</time>
					</trkpt>
					<trkpt lat="42.943820" lon="2.037070">
						<ele>425</ele>
						<time>2019-08-07T15:42:08Z</time>
					</trkpt>
					<trkpt lat="42.943500" lon="2.037160">
						<ele>426</ele>
						<time>2019-08-07T15:42:14Z</time>
					</trkpt>
					<trkpt lat="42.943260" lon="2.037200">
						<ele>427</ele>
						<time>2019-08-07T15:42:18Z</time>
					</trkpt>
					<trkpt lat="42.942630" lon="2.037200">
						<ele>426</ele>
						<time>2019-08-07T15:42:29Z</time>
					</trkpt>
					<trkpt lat="42.942510" lon="2.037250">
						<ele>427</ele>
						<time>2019-08-07T15:42:32Z</time>
					</trkpt>
					<trkpt lat="42.942390" lon="2.037320">
						<ele>427</ele>
						<time>2019-08-07T15:42:34Z</time>
					</trkpt>
					<trkpt lat="42.942060" lon="2.037620">
						<ele>428</ele>
						<time>2019-08-07T15:42:41Z</time>
					</trkpt>
					<trkpt lat="42.941910" lon="2.037710">
						<ele>428</ele>
						<time>2019-08-07T15:42:44Z</time>
					</trkpt>
					<trkpt lat="42.941540" lon="2.037900">
						<ele>428</ele>
						<time>2019-08-07T15:42:51Z</time>
					</trkpt>
					<trkpt lat="42.941400" lon="2.037940">
						<ele>427</ele>
						<time>2019-08-07T15:42:54Z</time>
					</trkpt>
					<trkpt lat="42.941010" lon="2.038000">
						<ele>425</ele>
						<time>2019-08-07T15:43:01Z</time>
					</trkpt>
					<trkpt lat="42.940830" lon="2.037980">
						<ele>423</ele>
						<time>2019-08-07T15:43:04Z</time>
					</trkpt>
					<trkpt lat="42.940380" lon="2.037840">
						<ele>420</ele>
						<time>2019-08-07T15:43:12Z</time>
					</trkpt>
					<trkpt lat="42.940130" lon="2.037860">
						<ele>419</ele>
						<time>2019-08-07T15:43:16Z</time>
					</trkpt>
					<trkpt lat="42.939890" lon="2.037990">
						<ele>420</ele>
						<time>2019-08-07T15:43:21Z</time>
					</trkpt>
					<trkpt lat="42.939030" lon="2.038730">
						<ele>424</ele>
						<time>2019-08-07T15:43:39Z</time>
					</trkpt>
					<trkpt lat="42.938700" lon="2.038930">
						<ele>423</ele>
						<time>2019-08-07T15:43:46Z</time>
					</trkpt>
					<trkpt lat="42.937420" lon="2.039500">
						<ele>423</ele>
						<time>2019-08-07T15:44:09Z</time>
					</trkpt>
					<trkpt lat="42.936970" lon="2.039610">
						<ele>426</ele>
						<time>2019-08-07T15:44:18Z</time>
					</trkpt>
					<trkpt lat="42.936550" lon="2.039780">
						<ele>429</ele>
						<time>2019-08-07T15:44:25Z</time>
					</trkpt>
					<trkpt lat="42.935910" lon="2.040210">
						<ele>432</ele>
						<time>2019-08-07T15:44:38Z</time>
					</trkpt>
					<trkpt lat="42.935680" lon="2.040440">
						<ele>436</ele>
						<time>2019-08-07T15:44:43Z</time>
					</trkpt>
					<trkpt lat="42.935550" lon="2.040680">
						<ele>438</ele>
						<time>2019-08-07T15:44:47Z</time>
					</trkpt>
					<trkpt lat="42.935360" lon="2.041160">
						<ele>440</ele>
						<time>2019-08-07T15:44:54Z</time>
					</trkpt>
					<trkpt lat="42.934920" lon="2.042450">
						<ele>437</ele>
						<time>2019-08-07T15:45:13Z</time>
					</trkpt>
					<trkpt lat="42.934850" lon="2.042760">
						<ele>438</ele>
						<time>2019-08-07T15:45:17Z</time>
					</trkpt>
					<trkpt lat="42.934800" lon="2.043120">
						<ele>438</ele>
						<time>2019-08-07T15:45:22Z</time>
					</trkpt>
					<trkpt lat="42.934820" lon="2.043690">
						<ele>438</ele>
						<time>2019-08-07T15:45:29Z</time>
					</trkpt>
					<trkpt lat="42.934800" lon="2.043940">
						<ele>437</ele>
						<time>2019-08-07T15:45:32Z</time>
					</trkpt>
					<trkpt lat="42.934750" lon="2.044220">
						<ele>437</ele>
						<time>2019-08-07T15:45:36Z</time>
					</trkpt>
					<trkpt lat="42.934640" lon="2.044460">
						<ele>437</ele>
						<time>2019-08-07T15:45:40Z</time>
					</trkpt>
					<trkpt lat="42.934510" lon="2.044620">
						<ele>437</ele>
						<time>2019-08-07T15:45:43Z</time>
					</trkpt>
					<trkpt lat="42.933980" lon="2.044920">
						<ele>435</ele>
						<time>2019-08-07T15:45:53Z</time>
					</trkpt>
					<trkpt lat="42.933160" lon="2.045520">
						<ele>433</ele>
						<time>2019-08-07T15:46:10Z</time>
					</trkpt>
					<trkpt lat="42.932060" lon="2.046290">
						<ele>431</ele>
						<time>2019-08-07T15:46:32Z</time>
					</trkpt>
					<trkpt lat="42.931880" lon="2.046370">
						<ele>431</ele>
						<time>2019-08-07T15:46:35Z</time>
					</trkpt>
					<trkpt lat="42.931660" lon="2.046380">
						<ele>430</ele>
						<time>2019-08-07T15:46:39Z</time>
					</trkpt>
					<trkpt lat="42.931490" lon="2.046310">
						<ele>432</ele>
						<time>2019-08-07T15:46:42Z</time>
					</trkpt>
					<trkpt lat="42.931230" lon="2.046050">
						<ele>433</ele>
						<time>2019-08-07T15:46:48Z</time>
					</trkpt>
					<trkpt lat="42.931060" lon="2.045920">
						<ele>433</ele>
						<time>2019-08-07T15:46:51Z</time>
					</trkpt>
					<trkpt lat="42.930840" lon="2.045890">
						<ele>434</ele>
						<time>2019-08-07T15:46:55Z</time>
					</trkpt>
					<trkpt lat="42.930600" lon="2.045940">
						<ele>436</ele>
						<time>2019-08-07T15:47:00Z</time>
					</trkpt>
					<trkpt lat="42.929930" lon="2.046190">
						<ele>444</ele>
						<time>2019-08-07T15:47:12Z</time>
					</trkpt>
					<trkpt lat="42.929490" lon="2.046310">
						<ele>445</ele>
						<time>2019-08-07T15:47:20Z</time>
					</trkpt>
					<trkpt lat="42.929210" lon="2.046340">
						<ele>445</ele>
						<time>2019-08-07T15:47:25Z</time>
					</trkpt>
					<trkpt lat="42.928750" lon="2.046290">
						<ele>446</ele>
						<time>2019-08-07T15:47:33Z</time>
					</trkpt>
					<trkpt lat="42.928640" lon="2.046320">
						<ele>446</ele>
						<time>2019-08-07T15:47:35Z</time>
					</trkpt>
					<trkpt lat="42.928220" lon="2.046560">
						<ele>449</ele>
						<time>2019-08-07T15:47:43Z</time>
					</trkpt>
					<trkpt lat="42.927930" lon="2.046690">
						<ele>452</ele>
						<time>2019-08-07T15:47:49Z</time>
					</trkpt>
					<trkpt lat="42.926710" lon="2.047080">
						<ele>461</ele>
						<time>2019-08-07T15:48:11Z</time>
					</trkpt>
					<trkpt lat="42.926280" lon="2.047120">
						<ele>464</ele>
						<time>2019-08-07T15:48:19Z</time>
					</trkpt>
					<trkpt lat="42.925940" lon="2.047080">
						<ele>466</ele>
						<time>2019-08-07T15:48:25Z</time>
					</trkpt>
					<trkpt lat="42.925300" lon="2.046860">
						<ele>465</ele>
						<time>2019-08-07T15:48:36Z</time>
					</trkpt>
					<trkpt lat="42.924930" lon="2.046820">
						<ele>466</ele>
						<time>2019-08-07T15:48:43Z</time>
					</trkpt>
					<trkpt lat="42.924720" lon="2.046880">
						<ele>467</ele>
						<time>2019-08-07T15:48:47Z</time>
					</trkpt>
					<trkpt lat="42.924480" lon="2.047080">
						<ele>471</ele>
						<time>2019-08-07T15:48:52Z</time>
					</trkpt>
					<trkpt lat="42.924230" lon="2.047250">
						<ele>474</ele>
						<time>2019-08-07T15:48:57Z</time>
					</trkpt>
					<trkpt lat="42.923980" lon="2.047310">
						<ele>476</ele>
						<time>2019-08-07T15:49:01Z</time>
					</trkpt>
					<trkpt lat="42.923770" lon="2.047340">
						<ele>479</ele>
						<time>2019-08-07T15:49:05Z</time>
					</trkpt>
					<trkpt lat="42.923590" lon="2.047280">
						<ele>479</ele>
						<time>2019-08-07T15:49:08Z</time>
					</trkpt>
					<trkpt lat="42.923230" lon="2.047020">
						<ele>477</ele>
						<time>2019-08-07T15:49:16Z</time>
					</trkpt>
					<trkpt lat="42.923000" lon="2.046960">
						<ele>476</ele>
						<time>2019-08-07T15:49:20Z</time>
					</trkpt>
					<trkpt lat="42.922840" lon="2.046950">
						<ele>477</ele>
						<time>2019-08-07T15:49:23Z</time>
					</trkpt>
					<trkpt lat="42.922690" lon="2.047030">
						<ele>478</ele>
						<time>2019-08-07T15:49:26Z</time>
					</trkpt>
					<trkpt lat="42.922220" lon="2.047450">
						<ele>484</ele>
						<time>2019-08-07T15:49:36Z</time>
					</trkpt>
					<trkpt lat="42.922080" lon="2.047520">
						<ele>485</ele>
						<time>2019-08-07T15:49:38Z</time>
					</trkpt>
					<trkpt lat="42.921860" lon="2.047490">
						<ele>485</ele>
						<time>2019-08-07T15:49:42Z</time>
					</trkpt>
					<trkpt lat="42.921480" lon="2.047270">
						<ele>485</ele>
						<time>2019-08-07T15:49:50Z</time>
					</trkpt>
					<trkpt lat="42.921080" lon="2.047220">
						<ele>485</ele>
						<time>2019-08-07T15:49:57Z</time>
					</trkpt>
					<trkpt lat="42.920690" lon="2.047110">
						<ele>483</ele>
						<time>2019-08-07T15:50:04Z</time>
					</trkpt>
					<trkpt lat="42.920840" lon="2.046540">
						<ele>483</ele>
						<time>2019-08-07T15:50:12Z</time>
					</trkpt>
					<trkpt lat="42.920830" lon="2.046310">
						<ele>485</ele>
						<time>2019-08-07T15:50:15Z</time>
					</trkpt>
					<trkpt lat="42.920650" lon="2.045570">
						<ele>489</ele>
						<time>2019-08-07T15:50:25Z</time>
					</trkpt>
					<trkpt lat="42.920550" lon="2.044930">
						<ele>493</ele>
						<time>2019-08-07T15:50:33Z</time>
					</trkpt>
					<trkpt lat="42.920540" lon="2.044710">
						<ele>494</ele>
						<time>2019-08-07T15:50:36Z</time>
					</trkpt>
					<trkpt lat="42.920210" lon="2.044720">
						<ele>492</ele>
						<time>2019-08-07T15:50:42Z</time>
					</trkpt>
					<trkpt lat="42.919740" lon="2.044840">
						<ele>488</ele>
						<time>2019-08-07T15:50:51Z</time>
					</trkpt>
					<trkpt lat="42.919250" lon="2.044740">
						<ele>485</ele>
						<time>2019-08-07T15:50:59Z</time>
					</trkpt>
					<trkpt lat="42.918870" lon="2.044500">
						<ele>488</ele>
						<time>2019-08-07T15:51:07Z</time>
					</trkpt>
					<trkpt lat="42.918760" lon="2.044490">
						<ele>488</ele>
						<time>2019-08-07T15:51:09Z</time>
					</trkpt>
					<trkpt lat="42.918210" lon="2.044800">
						<ele>483</ele>
						<time>2019-08-07T15:51:19Z</time>
					</trkpt>
					<trkpt lat="42.917940" lon="2.044910">
						<ele>481</ele>
						<time>2019-08-07T15:51:24Z</time>
					</trkpt>
					<trkpt lat="42.917680" lon="2.044950">
						<ele>481</ele>
						<time>2019-08-07T15:51:29Z</time>
					</trkpt>
					<trkpt lat="42.917540" lon="2.044930">
						<ele>481</ele>
						<time>2019-08-07T15:51:32Z</time>
					</trkpt>
					<trkpt lat="42.917170" lon="2.044800">
						<ele>482</ele>
						<time>2019-08-07T15:51:38Z</time>
					</trkpt>
					<trkpt lat="42.916930" lon="2.044650">
						<ele>483</ele>
						<time>2019-08-07T15:51:43Z</time>
					</trkpt>
					<trkpt lat="42.916600" lon="2.044130">
						<ele>484</ele>
						<time>2019-08-07T15:51:52Z</time>
					</trkpt>
					<trkpt lat="42.916530" lon="2.044050">
						<ele>485</ele>
						<time>2019-08-07T15:51:54Z</time>
					</trkpt>
					<trkpt lat="42.916360" lon="2.043960">
						<ele>485</ele>
						<time>2019-08-07T15:51:57Z</time>
					</trkpt>
					<trkpt lat="42.914970" lon="2.043930">
						<ele>483</ele>
						<time>2019-08-07T15:52:22Z</time>
					</trkpt>
					<trkpt lat="42.914180" lon="2.044010">
						<ele>483</ele>
						<time>2019-08-07T15:52:36Z</time>
					</trkpt>
					<trkpt lat="42.913950" lon="2.043890">
						<ele>482</ele>
						<time>2019-08-07T15:52:40Z</time>
					</trkpt>
					<trkpt lat="42.913230" lon="2.043400">
						<ele>480</ele>
						<time>2019-08-07T15:52:54Z</time>
					</trkpt>
					<trkpt lat="42.913070" lon="2.043340">
						<ele>481</ele>
						<time>2019-08-07T15:52:57Z</time>
					</trkpt>
					<trkpt lat="42.912910" lon="2.043370">
						<ele>482</ele>
						<time>2019-08-07T15:53:00Z</time>
					</trkpt>
					<trkpt lat="42.911440" lon="2.043920">
						<ele>483</ele>
						<time>2019-08-07T15:53:27Z</time>
					</trkpt>
					<trkpt lat="42.910830" lon="2.044010">
						<ele>482</ele>
						<time>2019-08-07T15:53:38Z</time>
					</trkpt>
					<trkpt lat="42.910450" lon="2.043990">
						<ele>483</ele>
						<time>2019-08-07T15:53:45Z</time>
					</trkpt>
					<trkpt lat="42.909800" lon="2.043770">
						<ele>485</ele>
						<time>2019-08-07T15:53:57Z</time>
					</trkpt>
					<trkpt lat="42.909680" lon="2.043510">
						<ele>486</ele>
						<time>2019-08-07T15:54:01Z</time>
					</trkpt>
					<trkpt lat="42.909590" lon="2.043040">
						<ele>487</ele>
						<time>2019-08-07T15:54:07Z</time>
					</trkpt>
					<trkpt lat="42.908860" lon="2.042190">
						<ele>490</ele>
						<time>2019-08-07T15:54:24Z</time>
					</trkpt>
					<trkpt lat="42.908670" lon="2.042140">
						<ele>491</ele>
						<time>2019-08-07T15:54:28Z</time>
					</trkpt>
					<trkpt lat="42.908380" lon="2.042220">
						<ele>492</ele>
						<time>2019-08-07T15:54:33Z</time>
					</trkpt>
					<trkpt lat="42.908200" lon="2.042410">
						<ele>493</ele>
						<time>2019-08-07T15:54:37Z</time>
					</trkpt>
					<trkpt lat="42.908070" lon="2.042800">
						<ele>494</ele>
						<time>2019-08-07T15:54:43Z</time>
					</trkpt>
					<trkpt lat="42.907980" lon="2.043020">
						<ele>495</ele>
						<time>2019-08-07T15:54:46Z</time>
					</trkpt>
					<trkpt lat="42.907780" lon="2.043330">
						<ele>498</ele>
						<time>2019-08-07T15:54:51Z</time>
					</trkpt>
					<trkpt lat="42.907110" lon="2.043900">
						<ele>503</ele>
						<time>2019-08-07T15:55:05Z</time>
					</trkpt>
					<trkpt lat="42.906990" lon="2.043960">
						<ele>505</ele>
						<time>2019-08-07T15:55:08Z</time>
					</trkpt>
					<trkpt lat="42.906870" lon="2.043990">
						<ele>507</ele>
						<time>2019-08-07T15:55:10Z</time>
					</trkpt>
					<trkpt lat="42.906680" lon="2.043970">
						<ele>509</ele>
						<time>2019-08-07T15:55:13Z</time>
					</trkpt>
					<trkpt lat="42.906570" lon="2.044000">
						<ele>510</ele>
						<time>2019-08-07T15:55:15Z</time>
					</trkpt>
					<trkpt lat="42.906420" lon="2.044090">
						<ele>511</ele>
						<time>2019-08-07T15:55:18Z</time>
					</trkpt>
					<trkpt lat="42.906120" lon="2.044200">
						<ele>513</ele>
						<time>2019-08-07T15:55:24Z</time>
					</trkpt>
					<trkpt lat="42.906060" lon="2.044270">
						<ele>513</ele>
						<time>2019-08-07T15:55:25Z</time>
					</trkpt>
					<trkpt lat="42.906010" lon="2.044430">
						<ele>513</ele>
						<time>2019-08-07T15:55:27Z</time>
					</trkpt>
					<trkpt lat="42.905840" lon="2.045100">
						<ele>513</ele>
						<time>2019-08-07T15:55:37Z</time>
					</trkpt>
					<trkpt lat="42.905790" lon="2.045200">
						<ele>513</ele>
						<time>2019-08-07T15:55:38Z</time>
					</trkpt>
					<trkpt lat="42.905720" lon="2.045260">
						<ele>513</ele>
						<time>2019-08-07T15:55:40Z</time>
					</trkpt>
					<trkpt lat="42.905410" lon="2.045260">
						<ele>515</ele>
						<time>2019-08-07T15:55:45Z</time>
					</trkpt>
					<trkpt lat="42.905240" lon="2.045190">
						<ele>516</ele>
						<time>2019-08-07T15:55:48Z</time>
					</trkpt>
					<trkpt lat="42.904220" lon="2.044600">
						<ele>519</ele>
						<time>2019-08-07T15:56:08Z</time>
					</trkpt>
					<trkpt lat="42.903770" lon="2.044260">
						<ele>521</ele>
						<time>2019-08-07T15:56:17Z</time>
					</trkpt>
					<trkpt lat="42.903590" lon="2.044220">
						<ele>522</ele>
						<time>2019-08-07T15:56:20Z</time>
					</trkpt>
					<trkpt lat="42.902750" lon="2.045550">
						<ele>516</ele>
						<time>2019-08-07T15:56:43Z</time>
					</trkpt>
					<trkpt lat="42.902630" lon="2.045640">
						<ele>515</ele>
						<time>2019-08-07T15:56:46Z</time>
					</trkpt>
					<trkpt lat="42.902430" lon="2.045670">
						<ele>516</ele>
						<time>2019-08-07T15:56:49Z</time>
					</trkpt>
					<trkpt lat="42.901420" lon="2.045650">
						<ele>519</ele>
						<time>2019-08-07T15:57:07Z</time>
					</trkpt>
					<trkpt lat="42.901300" lon="2.045750">
						<ele>519</ele>
						<time>2019-08-07T15:57:10Z</time>
					</trkpt>
					<trkpt lat="42.901150" lon="2.045960">
						<ele>519</ele>
						<time>2019-08-07T15:57:14Z</time>
					</trkpt>
					<trkpt lat="42.901050" lon="2.046220">
						<ele>518</ele>
						<time>2019-08-07T15:57:17Z</time>
					</trkpt>
					<trkpt lat="42.900860" lon="2.046570">
						<ele>517</ele>
						<time>2019-08-07T15:57:23Z</time>
					</trkpt>
					<trkpt lat="42.900470" lon="2.046880">
						<ele>517</ele>
						<time>2019-08-07T15:57:31Z</time>
					</trkpt>
					<trkpt lat="42.899890" lon="2.047460">
						<ele>516</ele>
						<time>2019-08-07T15:57:44Z</time>
					</trkpt>
					<trkpt lat="42.899670" lon="2.047560">
						<ele>515</ele>
						<time>2019-08-07T15:57:48Z</time>
					</trkpt>
					<trkpt lat="42.898990" lon="2.047450">
						<ele>515</ele>
						<time>2019-08-07T15:58:00Z</time>
					</trkpt>
					<trkpt lat="42.898720" lon="2.047430">
						<ele>515</ele>
						<time>2019-08-07T15:58:05Z</time>
					</trkpt>
					<trkpt lat="42.898120" lon="2.047520">
						<ele>517</ele>
						<time>2019-08-07T15:58:16Z</time>
					</trkpt>
					<trkpt lat="42.897970" lon="2.047590">
						<ele>519</ele>
						<time>2019-08-07T15:58:19Z</time>
					</trkpt>
					<trkpt lat="42.897890" lon="2.047710">
						<ele>521</ele>
						<time>2019-08-07T15:58:21Z</time>
					</trkpt>
					<trkpt lat="42.897870" lon="2.047900">
						<ele>523</ele>
						<time>2019-08-07T15:58:23Z</time>
					</trkpt>
					<trkpt lat="42.897850" lon="2.048920">
						<ele>526</ele>
						<time>2019-08-07T15:58:37Z</time>
					</trkpt>
					<trkpt lat="42.897710" lon="2.049450">
						<ele>527</ele>
						<time>2019-08-07T15:58:44Z</time>
					</trkpt>
					<trkpt lat="42.897600" lon="2.049690">
						<ele>528</ele>
						<time>2019-08-07T15:58:48Z</time>
					</trkpt>
					<trkpt lat="42.897450" lon="2.049940">
						<ele>528</ele>
						<time>2019-08-07T15:58:52Z</time>
					</trkpt>
					<trkpt lat="42.897270" lon="2.050110">
						<ele>529</ele>
						<time>2019-08-07T15:58:56Z</time>
					</trkpt>
					<trkpt lat="42.896980" lon="2.050250">
						<ele>532</ele>
						<time>2019-08-07T15:59:01Z</time>
					</trkpt>
					<trkpt lat="42.896600" lon="2.050280">
						<ele>537</ele>
						<time>2019-08-07T15:59:08Z</time>
					</trkpt>
					<trkpt lat="42.896240" lon="2.050250">
						<ele>538</ele>
						<time>2019-08-07T15:59:14Z</time>
					</trkpt>
					<trkpt lat="42.895890" lon="2.049450">
						<ele>548</ele>
						<time>2019-08-07T15:59:27Z</time>
					</trkpt>
					<trkpt lat="42.895790" lon="2.049370">
						<ele>550</ele>
						<time>2019-08-07T15:59:29Z</time>
					</trkpt>
					<trkpt lat="42.895680" lon="2.049360">
						<ele>550</ele>
						<time>2019-08-07T15:59:31Z</time>
					</trkpt>
					<trkpt lat="42.895420" lon="2.049390">
						<ele>550</ele>
						<time>2019-08-07T15:59:35Z</time>
					</trkpt>
					<trkpt lat="42.895210" lon="2.049360">
						<ele>551</ele>
						<time>2019-08-07T15:59:39Z</time>
					</trkpt>
					<trkpt lat="42.894860" lon="2.049040">
						<ele>558</ele>
						<time>2019-08-07T15:59:46Z</time>
					</trkpt>
					<trkpt lat="42.894700" lon="2.049040">
						<ele>559</ele>
						<time>2019-08-07T15:59:49Z</time>
					</trkpt>
					<trkpt lat="42.894500" lon="2.049100">
						<ele>559</ele>
						<time>2019-08-07T15:59:53Z</time>
					</trkpt>
					<trkpt lat="42.894350" lon="2.049080">
						<ele>560</ele>
						<time>2019-08-07T15:59:56Z</time>
					</trkpt>
					<trkpt lat="42.893970" lon="2.048970">
						<ele>568</ele>
						<time>2019-08-07T16:00:03Z</time>
					</trkpt>
					<trkpt lat="42.893740" lon="2.048950">
						<ele>573</ele>
						<time>2019-08-07T16:00:07Z</time>
					</trkpt>
					<trkpt lat="42.893520" lon="2.049010">
						<ele>576</ele>
						<time>2019-08-07T16:00:11Z</time>
					</trkpt>
					<trkpt lat="42.893080" lon="2.049240">
						<ele>578</ele>
						<time>2019-08-07T16:00:19Z</time>
					</trkpt>
					<trkpt lat="42.892620" lon="2.049350">
						<ele>585</ele>
						<time>2019-08-07T16:00:27Z</time>
					</trkpt>
					<trkpt lat="42.892360" lon="2.049530">
						<ele>585</ele>
						<time>2019-08-07T16:00:32Z</time>
					</trkpt>
					<trkpt lat="42.891900" lon="2.050030">
						<ele>582</ele>
						<time>2019-08-07T16:00:43Z</time>
					</trkpt>
					<trkpt lat="42.891660" lon="2.050090">
						<ele>586</ele>
						<time>2019-08-07T16:00:47Z</time>
					</trkpt>
					<trkpt lat="42.891380" lon="2.050040">
						<ele>584</ele>
						<time>2019-08-07T16:00:52Z</time>
					</trkpt>
					<trkpt lat="42.891200" lon="2.049920">
						<ele>585</ele>
						<time>2019-08-07T16:00:56Z</time>
					</trkpt>
					<trkpt lat="42.890880" lon="2.048730">
						<ele>604</ele>
						<time>2019-08-07T16:01:12Z</time>
					</trkpt>
					<trkpt lat="42.890550" lon="2.047660">
						<ele>609</ele>
						<time>2019-08-07T16:01:28Z</time>
					</trkpt>
					<trkpt lat="42.890240" lon="2.046960">
						<ele>614</ele>
						<time>2019-08-07T16:01:38Z</time>
					</trkpt>
					<trkpt lat="42.890090" lon="2.046880">
						<ele>615</ele>
						<time>2019-08-07T16:01:41Z</time>
					</trkpt>
					<trkpt lat="42.889380" lon="2.047480">
						<ele>613</ele>
						<time>2019-08-07T16:01:56Z</time>
					</trkpt>
					<trkpt lat="42.889230" lon="2.047560">
						<ele>614</ele>
						<time>2019-08-07T16:01:59Z</time>
					</trkpt>
					<trkpt lat="42.889160" lon="2.047460">
						<ele>615</ele>
						<time>2019-08-07T16:02:01Z</time>
					</trkpt>
					<trkpt lat="42.888250" lon="2.046890">
						<ele>616</ele>
						<time>2019-08-07T16:02:18Z</time>
					</trkpt>
					<trkpt lat="42.887460" lon="2.046050">
						<ele>614</ele>
						<time>2019-08-07T16:02:36Z</time>
					</trkpt>
					<trkpt lat="42.887190" lon="2.045920">
						<ele>614</ele>
						<time>2019-08-07T16:02:41Z</time>
					</trkpt>
					<trkpt lat="42.886970" lon="2.045850">
						<ele>614</ele>
						<time>2019-08-07T16:02:45Z</time>
					</trkpt>
					<trkpt lat="42.886570" lon="2.045230">
						<ele>620</ele>
						<time>2019-08-07T16:02:56Z</time>
					</trkpt>
					<trkpt lat="42.886400" lon="2.045110">
						<ele>622</ele>
						<time>2019-08-07T16:03:00Z</time>
					</trkpt>
					<trkpt lat="42.886180" lon="2.045140">
						<ele>623</ele>
						<time>2019-08-07T16:03:03Z</time>
					</trkpt>
					<trkpt lat="42.885130" lon="2.045410">
						<ele>627</ele>
						<time>2019-08-07T16:03:22Z</time>
					</trkpt>
					<trkpt lat="42.884900" lon="2.045570">
						<ele>628</ele>
						<time>2019-08-07T16:03:27Z</time>
					</trkpt>
					<trkpt lat="42.884770" lon="2.045250">
						<ele>632</ele>
						<time>2019-08-07T16:03:32Z</time>
					</trkpt>
					<trkpt lat="42.884760" lon="2.045000">
						<ele>635</ele>
						<time>2019-08-07T16:03:35Z</time>
					</trkpt>
					<trkpt lat="42.884860" lon="2.044560">
						<ele>639</ele>
						<time>2019-08-07T16:03:41Z</time>
					</trkpt>
					<trkpt lat="42.885110" lon="2.044120">
						<ele>642</ele>
						<time>2019-08-07T16:03:48Z</time>
					</trkpt>
					<trkpt lat="42.885100" lon="2.044060">
						<ele>643</ele>
						<time>2019-08-07T16:03:49Z</time>
					</trkpt>
					<trkpt lat="42.885050" lon="2.043880">
						<ele>648</ele>
						<time>2019-08-07T16:03:52Z</time>
					</trkpt>
					<trkpt lat="42.884920" lon="2.043820">
						<ele>651</ele>
						<time>2019-08-07T16:03:54Z</time>
					</trkpt>
					<trkpt lat="42.884770" lon="2.043830">
						<ele>654</ele>
						<time>2019-08-07T16:03:57Z</time>
					</trkpt>
					<trkpt lat="42.884550" lon="2.044070">
						<ele>653</ele>
						<time>2019-08-07T16:04:02Z</time>
					</trkpt>
					<trkpt lat="42.884350" lon="2.044460">
						<ele>651</ele>
						<time>2019-08-07T16:04:08Z</time>
					</trkpt>
					<trkpt lat="42.884240" lon="2.044580">
						<ele>652</ele>
						<time>2019-08-07T16:04:10Z</time>
					</trkpt>
					<trkpt lat="42.884170" lon="2.044560">
						<ele>653</ele>
						<time>2019-08-07T16:04:12Z</time>
					</trkpt>
					<trkpt lat="42.884150" lon="2.044420">
						<ele>656</ele>
						<time>2019-08-07T16:04:14Z</time>
					</trkpt>
					<trkpt lat="42.884220" lon="2.044220">
						<ele>658</ele>
						<time>2019-08-07T16:04:17Z</time>
					</trkpt>
					<trkpt lat="42.884480" lon="2.043790">
						<ele>661</ele>
						<time>2019-08-07T16:04:24Z</time>
					</trkpt>
					<trkpt lat="42.884650" lon="2.043330">
						<ele>669</ele>
						<time>2019-08-07T16:04:31Z</time>
					</trkpt>
					<trkpt lat="42.884780" lon="2.043230">
						<ele>669</ele>
						<time>2019-08-07T16:04:33Z</time>
					</trkpt>
					<trkpt lat="42.884930" lon="2.043220">
						<ele>667</ele>
						<time>2019-08-07T16:04:36Z</time>
					</trkpt>
					<trkpt lat="42.885460" lon="2.043490">
						<ele>662</ele>
						<time>2019-08-07T16:04:46Z</time>
					</trkpt>
					<trkpt lat="42.885630" lon="2.043530">
						<ele>662</ele>
						<time>2019-08-07T16:04:49Z</time>
					</trkpt>
					<trkpt lat="42.885840" lon="2.043480">
						<ele>665</ele>
						<time>2019-08-07T16:04:53Z</time>
					</trkpt>
					<trkpt lat="42.886370" lon="2.043300">
						<ele>676</ele>
						<time>2019-08-07T16:05:02Z</time>
					</trkpt>
					<trkpt lat="42.886740" lon="2.043250">
						<ele>682</ele>
						<time>2019-08-07T16:05:09Z</time>
					</trkpt>
					<trkpt lat="42.887640" lon="2.043390">
						<ele>685</ele>
						<time>2019-08-07T16:05:25Z</time>
					</trkpt>
					<trkpt lat="42.888180" lon="2.043420">
						<ele>690</ele>
						<time>2019-08-07T16:05:35Z</time>
					</trkpt>
					<trkpt lat="42.888600" lon="2.043480">
						<ele>690</ele>
						<time>2019-08-07T16:05:42Z</time>
					</trkpt>
					<trkpt lat="42.888940" lon="2.043270">
						<ele>697</ele>
						<time>2019-08-07T16:05:49Z</time>
					</trkpt>
					<trkpt lat="42.889420" lon="2.043220">
						<ele>693</ele>
						<time>2019-08-07T16:05:58Z</time>
					</trkpt>
					<trkpt lat="42.889610" lon="2.043110">
						<ele>693</ele>
						<time>2019-08-07T16:06:01Z</time>
					</trkpt>
					<trkpt lat="42.889620" lon="2.043000">
						<ele>697</ele>
						<time>2019-08-07T16:06:03Z</time>
					</trkpt>
					<trkpt lat="42.889550" lon="2.042900">
						<ele>702</ele>
						<time>2019-08-07T16:06:04Z</time>
					</trkpt>
					<trkpt lat="42.889240" lon="2.042960">
						<ele>707</ele>
						<time>2019-08-07T16:06:10Z</time>
					</trkpt>
					<trkpt lat="42.889000" lon="2.042920">
						<ele>711</ele>
						<time>2019-08-07T16:06:14Z</time>
					</trkpt>
					<trkpt lat="42.888430" lon="2.042940">
						<ele>712</ele>
						<time>2019-08-07T16:06:24Z</time>
					</trkpt>
					<trkpt lat="42.887980" lon="2.042750">
						<ele>716</ele>
						<time>2019-08-07T16:06:33Z</time>
					</trkpt>
					<trkpt lat="42.887250" lon="2.042360">
						<ele>721</ele>
						<time>2019-08-07T16:06:47Z</time>
					</trkpt>
					<trkpt lat="42.886940" lon="2.042070">
						<ele>727</ele>
						<time>2019-08-07T16:06:53Z</time>
					</trkpt>
					<trkpt lat="42.886620" lon="2.041740">
						<ele>734</ele>
						<time>2019-08-07T16:07:01Z</time>
					</trkpt>
					<trkpt lat="42.886300" lon="2.041520">
						<ele>736</ele>
						<time>2019-08-07T16:07:07Z</time>
					</trkpt>
					<trkpt lat="42.885970" lon="2.041350">
						<ele>737</ele>
						<time>2019-08-07T16:07:13Z</time>
					</trkpt>
					<trkpt lat="42.885410" lon="2.041170">
						<ele>738</ele>
						<time>2019-08-07T16:07:24Z</time>
					</trkpt>
					<trkpt lat="42.885320" lon="2.041080">
						<ele>740</ele>
						<time>2019-08-07T16:07:26Z</time>
					</trkpt>
					<trkpt lat="42.885320" lon="2.040890">
						<ele>747</ele>
						<time>2019-08-07T16:07:28Z</time>
					</trkpt>
					<trkpt lat="42.885420" lon="2.040770">
						<ele>751</ele>
						<time>2019-08-07T16:07:30Z</time>
					</trkpt>
					<trkpt lat="42.885670" lon="2.040750">
						<ele>753</ele>
						<time>2019-08-07T16:07:35Z</time>
					</trkpt>
					<trkpt lat="42.886220" lon="2.040860">
						<ele>756</ele>
						<time>2019-08-07T16:07:45Z</time>
					</trkpt>
					<trkpt lat="42.887040" lon="2.041250">
						<ele>757</ele>
						<time>2019-08-07T16:08:00Z</time>
					</trkpt>
					<trkpt lat="42.887340" lon="2.041360">
						<ele>760</ele>
						<time>2019-08-07T16:08:06Z</time>
					</trkpt>
					<trkpt lat="42.888190" lon="2.041520">
						<ele>764</ele>
						<time>2019-08-07T16:08:21Z</time>
					</trkpt>
					<trkpt lat="42.888390" lon="2.041650">
						<ele>760</ele>
						<time>2019-08-07T16:08:25Z</time>
					</trkpt>
					<trkpt lat="42.888520" lon="2.041680">
						<ele>759</ele>
						<time>2019-08-07T16:08:27Z</time>
					</trkpt>
					<trkpt lat="42.888610" lon="2.041620">
						<ele>761</ele>
						<time>2019-08-07T16:08:29Z</time>
					</trkpt>
					<trkpt lat="42.888640" lon="2.041460">
						<ele>765</ele>
						<time>2019-08-07T16:08:31Z</time>
					</trkpt>
					<trkpt lat="42.888560" lon="2.041360">
						<ele>768</ele>
						<time>2019-08-07T16:08:33Z</time>
					</trkpt>
					<trkpt lat="42.888250" lon="2.041250">
						<ele>773</ele>
						<time>2019-08-07T16:08:39Z</time>
					</trkpt>
					<trkpt lat="42.886930" lon="2.040550">
						<ele>780</ele>
						<time>2019-08-07T16:09:04Z</time>
					</trkpt>
					<trkpt lat="42.886210" lon="2.039950">
						<ele>791</ele>
						<time>2019-08-07T16:09:19Z</time>
					</trkpt>
					<trkpt lat="42.885540" lon="2.039770">
						<ele>788</ele>
						<time>2019-08-07T16:09:31Z</time>
					</trkpt>
					<trkpt lat="42.885360" lon="2.039680">
						<ele>789</ele>
						<time>2019-08-07T16:09:35Z</time>
					</trkpt>
					<trkpt lat="42.885200" lon="2.039500">
						<ele>792</ele>
						<time>2019-08-07T16:09:38Z</time>
					</trkpt>
					<trkpt lat="42.885080" lon="2.039150">
						<ele>799</ele>
						<time>2019-08-07T16:09:43Z</time>
					</trkpt>
					<trkpt lat="42.885020" lon="2.039060">
						<ele>800</ele>
						<time>2019-08-07T16:09:45Z</time>
					</trkpt>
					<trkpt lat="42.885060" lon="2.038900">
						<ele>805</ele>
						<time>2019-08-07T16:09:47Z</time>
					</trkpt>
					<trkpt lat="42.884930" lon="2.038640">
						<ele>811</ele>
						<time>2019-08-07T16:09:51Z</time>
					</trkpt>
					<trkpt lat="42.884680" lon="2.038200">
						<ele>827</ele>
						<time>2019-08-07T16:09:58Z</time>
					</trkpt>
					<trkpt lat="42.884500" lon="2.037970">
						<ele>839</ele>
						<time>2019-08-07T16:10:03Z</time>
					</trkpt>
					<trkpt lat="42.884360" lon="2.037870">
						<ele>845</ele>
						<time>2019-08-07T16:10:06Z</time>
					</trkpt>
					<trkpt lat="42.884230" lon="2.037940">
						<ele>844</ele>
						<time>2019-08-07T16:10:08Z</time>
					</trkpt>
					<trkpt lat="42.883940" lon="2.038530">
						<ele>826</ele>
						<time>2019-08-07T16:10:17Z</time>
					</trkpt>
					<trkpt lat="42.883460" lon="2.038850">
						<ele>831</ele>
						<time>2019-08-07T16:10:27Z</time>
					</trkpt>
					<trkpt lat="42.883230" lon="2.038900">
						<ele>834</ele>
						<time>2019-08-07T16:10:31Z</time>
					</trkpt>
					<trkpt lat="42.882940" lon="2.039130">
						<ele>828</ele>
						<time>2019-08-07T16:10:37Z</time>
					</trkpt>
					<trkpt lat="42.882760" lon="2.039420">
						<ele>817</ele>
						<time>2019-08-07T16:10:42Z</time>
					</trkpt>
					<trkpt lat="42.882560" lon="2.039620">
						<ele>814</ele>
						<time>2019-08-07T16:10:46Z</time>
					</trkpt>
					<trkpt lat="42.882360" lon="2.039630">
						<ele>812</ele>
						<time>2019-08-07T16:10:50Z</time>
					</trkpt>
					<trkpt lat="42.882140" lon="2.039330">
						<ele>817</ele>
						<time>2019-08-07T16:10:55Z</time>
					</trkpt>
					<trkpt lat="42.881950" lon="2.038880">
						<ele>821</ele>
						<time>2019-08-07T16:11:02Z</time>
					</trkpt>
					<trkpt lat="42.881600" lon="2.037030">
						<ele>841</ele>
						<time>2019-08-07T16:11:27Z</time>
					</trkpt>
					<trkpt lat="42.881220" lon="2.035700">
						<ele>856</ele>
						<time>2019-08-07T16:11:46Z</time>
					</trkpt>
					<trkpt lat="42.880930" lon="2.035320">
						<ele>854</ele>
						<time>2019-08-07T16:11:53Z</time>
					</trkpt>
					<trkpt lat="42.880630" lon="2.034850">
						<ele>859</ele>
						<time>2019-08-07T16:12:01Z</time>
					</trkpt>
					<trkpt lat="42.880440" lon="2.034280">
						<ele>863</ele>
						<time>2019-08-07T16:12:09Z</time>
					</trkpt>
					<trkpt lat="42.880190" lon="2.033620">
						<ele>862</ele>
						<time>2019-08-07T16:12:19Z</time>
					</trkpt>
					<trkpt lat="42.880010" lon="2.033050">
						<ele>862</ele>
						<time>2019-08-07T16:12:27Z</time>
					</trkpt>
					<trkpt lat="42.879930" lon="2.032590">
						<ele>868</ele>
						<time>2019-08-07T16:12:33Z</time>
					</trkpt>
					<trkpt lat="42.879670" lon="2.031510">
						<ele>871</ele>
						<time>2019-08-07T16:12:48Z</time>
					</trkpt>
					<trkpt lat="42.879450" lon="2.030260">
						<ele>869</ele>
						<time>2019-08-07T16:13:05Z</time>
					</trkpt>
					<trkpt lat="42.879230" lon="2.029810">
						<ele>866</ele>
						<time>2019-08-07T16:13:12Z</time>
					</trkpt>
					<trkpt lat="42.879140" lon="2.029440">
						<ele>868</ele>
						<time>2019-08-07T16:13:17Z</time>
					</trkpt>
					<trkpt lat="42.879110" lon="2.028260">
						<ele>872</ele>
						<time>2019-08-07T16:13:32Z</time>
					</trkpt>
					<trkpt lat="42.879020" lon="2.027680">
						<ele>874</ele>
						<time>2019-08-07T16:13:40Z</time>
					</trkpt>
					<trkpt lat="42.879030" lon="2.027250">
						<ele>874</ele>
						<time>2019-08-07T16:13:46Z</time>
					</trkpt>
					<trkpt lat="42.878980" lon="2.026680">
						<ele>878</ele>
						<time>2019-08-07T16:13:53Z</time>
					</trkpt>
					<trkpt lat="42.879050" lon="2.026500">
						<ele>877</ele>
						<time>2019-08-07T16:13:56Z</time>
					</trkpt>
					<trkpt lat="42.879210" lon="2.026270">
						<ele>875</ele>
						<time>2019-08-07T16:14:00Z</time>
					</trkpt>
					<trkpt lat="42.879310" lon="2.025950">
						<ele>876</ele>
						<time>2019-08-07T16:14:04Z</time>
					</trkpt>
					<trkpt lat="42.879370" lon="2.025470">
						<ele>876</ele>
						<time>2019-08-07T16:14:11Z</time>
					</trkpt>
					<trkpt lat="42.879360" lon="2.024860">
						<ele>876</ele>
						<time>2019-08-07T16:14:19Z</time>
					</trkpt>
					<trkpt lat="42.879290" lon="2.024370">
						<ele>877</ele>
						<time>2019-08-07T16:14:25Z</time>
					</trkpt>
					<trkpt lat="42.879090" lon="2.023840">
						<ele>876</ele>
						<time>2019-08-07T16:14:33Z</time>
					</trkpt>
					<trkpt lat="42.878830" lon="2.023430">
						<ele>876</ele>
						<time>2019-08-07T16:14:40Z</time>
					</trkpt>
					<trkpt lat="42.878490" lon="2.023050">
						<ele>877</ele>
						<time>2019-08-07T16:14:48Z</time>
					</trkpt>
					<trkpt lat="42.878080" lon="2.022880">
						<ele>876</ele>
						<time>2019-08-07T16:14:56Z</time>
					</trkpt>
					<trkpt lat="42.877670" lon="2.022890">
						<ele>878</ele>
						<time>2019-08-07T16:15:03Z</time>
					</trkpt>
					<trkpt lat="42.877010" lon="2.023160">
						<ele>885</ele>
						<time>2019-08-07T16:15:15Z</time>
					</trkpt>
					<trkpt lat="42.876610" lon="2.023270">
						<ele>885</ele>
						<time>2019-08-07T16:15:22Z</time>
					</trkpt>
					<trkpt lat="42.876000" lon="2.023350">
						<ele>882</ele>
						<time>2019-08-07T16:15:33Z</time>
					</trkpt>
					<trkpt lat="42.875210" lon="2.023510">
						<ele>887</ele>
						<time>2019-08-07T16:15:47Z</time>
					</trkpt>
					<trkpt lat="42.874650" lon="2.023510">
						<ele>885</ele>
						<time>2019-08-07T16:15:57Z</time>
					</trkpt>
					<trkpt lat="42.874120" lon="2.023410">
						<ele>878</ele>
						<time>2019-08-07T16:16:07Z</time>
					</trkpt>
					<trkpt lat="42.873720" lon="2.023470">
						<ele>882</ele>
						<time>2019-08-07T16:16:14Z</time>
					</trkpt>
					<trkpt lat="42.873500" lon="2.023430">
						<ele>882</ele>
						<time>2019-08-07T16:16:18Z</time>
					</trkpt>
					<trkpt lat="42.873030" lon="2.023080">
						<ele>882</ele>
						<time>2019-08-07T16:16:28Z</time>
					</trkpt>
					<trkpt lat="42.872750" lon="2.022680">
						<ele>879</ele>
						<time>2019-08-07T16:16:35Z</time>
					</trkpt>
					<trkpt lat="42.872160" lon="2.022090">
						<ele>872</ele>
						<time>2019-08-07T16:16:48Z</time>
					</trkpt>
					<trkpt lat="42.871950" lon="2.021980">
						<ele>871</ele>
						<time>2019-08-07T16:16:52Z</time>
					</trkpt>
					<trkpt lat="42.871770" lon="2.021940">
						<ele>870</ele>
						<time>2019-08-07T16:16:55Z</time>
					</trkpt>
					<trkpt lat="42.871520" lon="2.021990">
						<ele>871</ele>
						<time>2019-08-07T16:17:00Z</time>
					</trkpt>
					<trkpt lat="42.870650" lon="2.022420">
						<ele>872</ele>
						<time>2019-08-07T16:17:16Z</time>
					</trkpt>
					<trkpt lat="42.869990" lon="2.022670">
						<ele>867</ele>
						<time>2019-08-07T16:17:28Z</time>
					</trkpt>
					<trkpt lat="42.867760" lon="2.023760">
						<ele>866</ele>
						<time>2019-08-07T16:18:10Z</time>
					</trkpt>
					<trkpt lat="42.866730" lon="2.024180">
						<ele>868</ele>
						<time>2019-08-07T16:18:29Z</time>
					</trkpt>
					<trkpt lat="42.866400" lon="2.024130">
						<ele>869</ele>
						<time>2019-08-07T16:18:35Z</time>
					</trkpt>
					<trkpt lat="42.866060" lon="2.024000">
						<ele>869</ele>
						<time>2019-08-07T16:18:42Z</time>
					</trkpt>
					<trkpt lat="42.865400" lon="2.023590">
						<ele>868</ele>
						<time>2019-08-07T16:18:55Z</time>
					</trkpt>
					<trkpt lat="42.865030" lon="2.023450">
						<ele>870</ele>
						<time>2019-08-07T16:19:01Z</time>
					</trkpt>
					<trkpt lat="42.864630" lon="2.023410">
						<ele>868</ele>
						<time>2019-08-07T16:19:09Z</time>
					</trkpt>
					<trkpt lat="42.864200" lon="2.023490">
						<ele>868</ele>
						<time>2019-08-07T16:19:16Z</time>
					</trkpt>
					<trkpt lat="42.860180" lon="2.025050">
						<ele>870</ele>
						<time>2019-08-07T16:20:31Z</time>
					</trkpt>
					<trkpt lat="42.859830" lon="2.025260">
						<ele>871</ele>
						<time>2019-08-07T16:20:37Z</time>
					</trkpt>
					<trkpt lat="42.858310" lon="2.026680">
						<ele>869</ele>
						<time>2019-08-07T16:21:10Z</time>
					</trkpt>
					<trkpt lat="42.857850" lon="2.027170">
						<ele>870</ele>
						<time>2019-08-07T16:21:21Z</time>
					</trkpt>
					<trkpt lat="42.856300" lon="2.028680">
						<ele>866</ele>
						<time>2019-08-07T16:21:54Z</time>
					</trkpt>
					<trkpt lat="42.855570" lon="2.029670">
						<ele>866</ele>
						<time>2019-08-07T16:22:13Z</time>
					</trkpt>
					<trkpt lat="42.851850" lon="2.034810">
						<ele>867</ele>
						<time>2019-08-07T16:23:47Z</time>
					</trkpt>
					<trkpt lat="42.851650" lon="2.034920">
						<ele>867</ele>
						<time>2019-08-07T16:23:51Z</time>
					</trkpt>
					<trkpt lat="42.851090" lon="2.035130">
						<ele>867</ele>
						<time>2019-08-07T16:24:01Z</time>
					</trkpt>
					<trkpt lat="42.850820" lon="2.035320">
						<ele>867</ele>
						<time>2019-08-07T16:24:07Z</time>
					</trkpt>
					<trkpt lat="42.849710" lon="2.036270">
						<ele>870</ele>
						<time>2019-08-07T16:24:30Z</time>
					</trkpt>
					<trkpt lat="42.849340" lon="2.036560">
						<ele>869</ele>
						<time>2019-08-07T16:24:37Z</time>
					</trkpt>
					<trkpt lat="42.849000" lon="2.036660">
						<ele>868</ele>
						<time>2019-08-07T16:24:44Z</time>
					</trkpt>
					<trkpt lat="42.847890" lon="2.036620">
						<ele>870</ele>
						<time>2019-08-07T16:25:03Z</time>
					</trkpt>
					<trkpt lat="42.847410" lon="2.036550">
						<ele>871</ele>
						<time>2019-08-07T16:25:12Z</time>
					</trkpt>
					<trkpt lat="42.846940" lon="2.036250">
						<ele>871</ele>
						<time>2019-08-07T16:25:21Z</time>
					</trkpt>
					<trkpt lat="42.846610" lon="2.035900">
						<ele>871</ele>
						<time>2019-08-07T16:25:29Z</time>
					</trkpt>
					<trkpt lat="42.846390" lon="2.035470">
						<ele>871</ele>
						<time>2019-08-07T16:25:36Z</time>
					</trkpt>
					<trkpt lat="42.846060" lon="2.034490">
						<ele>872</ele>
						<time>2019-08-07T16:25:50Z</time>
					</trkpt>
					<trkpt lat="42.844700" lon="2.030260">
						<ele>873</ele>
						<time>2019-08-07T16:26:50Z</time>
					</trkpt>
					<trkpt lat="42.844590" lon="2.029820">
						<ele>874</ele>
						<time>2019-08-07T16:26:56Z</time>
					</trkpt>
					<trkpt lat="42.844490" lon="2.029530">
						<ele>874</ele>
						<time>2019-08-07T16:27:00Z</time>
					</trkpt>
					<trkpt lat="42.844360" lon="2.029260">
						<ele>875</ele>
						<time>2019-08-07T16:27:04Z</time>
					</trkpt>
					<trkpt lat="42.844160" lon="2.029080">
						<ele>875</ele>
						<time>2019-08-07T16:27:09Z</time>
					</trkpt>
					<trkpt lat="42.843920" lon="2.028910">
						<ele>876</ele>
						<time>2019-08-07T16:27:13Z</time>
					</trkpt>
					<trkpt lat="42.843390" lon="2.028620">
						<ele>876</ele>
						<time>2019-08-07T16:27:24Z</time>
					</trkpt>
					<trkpt lat="42.841960" lon="2.027740">
						<ele>876</ele>
						<time>2019-08-07T16:27:51Z</time>
					</trkpt>
					<trkpt lat="42.840950" lon="2.027150">
						<ele>879</ele>
						<time>2019-08-07T16:28:11Z</time>
					</trkpt>
					<trkpt lat="42.840410" lon="2.026870">
						<ele>879</ele>
						<time>2019-08-07T16:28:21Z</time>
					</trkpt>
					<trkpt lat="42.836380" lon="2.025630">
						<ele>887</ele>
						<time>2019-08-07T16:29:35Z</time>
					</trkpt>
					<trkpt lat="42.836070" lon="2.025600">
						<ele>887</ele>
						<time>2019-08-07T16:29:40Z</time>
					</trkpt>
					<trkpt lat="42.835720" lon="2.025650">
						<ele>888</ele>
						<time>2019-08-07T16:29:47Z</time>
					</trkpt>
					<trkpt lat="42.835090" lon="2.026040">
						<ele>890</ele>
						<time>2019-08-07T16:29:59Z</time>
					</trkpt>
					<trkpt lat="42.835110" lon="2.026050">
						<ele>890</ele>
						<time>2019-08-07T16:29:59Z</time>
					</trkpt>
					<trkpt lat="42.833850" lon="2.025640">
						<ele>889</ele>
						<time>2019-08-07T16:30:22Z</time>
					</trkpt>
					<trkpt lat="42.829040" lon="2.024170">
						<ele>894</ele>
						<time>2019-08-07T16:31:50Z</time>
					</trkpt>
					<trkpt lat="42.826470" lon="2.023430">
						<ele>897</ele>
						<time>2019-08-07T16:32:37Z</time>
					</trkpt>
					<trkpt lat="42.825940" lon="2.023260">
						<ele>898</ele>
						<time>2019-08-07T16:32:46Z</time>
					</trkpt>
					<trkpt lat="42.825710" lon="2.023150">
						<ele>899</ele>
						<time>2019-08-07T16:32:51Z</time>
					</trkpt>
					<trkpt lat="42.825390" lon="2.022840">
						<ele>899</ele>
						<time>2019-08-07T16:32:58Z</time>
					</trkpt>
					<trkpt lat="42.825090" lon="2.022410">
						<ele>897</ele>
						<time>2019-08-07T16:33:06Z</time>
					</trkpt>
					<trkpt lat="42.824610" lon="2.021800">
						<ele>896</ele>
						<time>2019-08-07T16:33:17Z</time>
					</trkpt>
					<trkpt lat="42.824480" lon="2.021560">
						<ele>895</ele>
						<time>2019-08-07T16:33:21Z</time>
					</trkpt>
					<trkpt lat="42.824380" lon="2.021330">
						<ele>895</ele>
						<time>2019-08-07T16:33:25Z</time>
					</trkpt>
					<trkpt lat="42.824330" lon="2.021060">
						<ele>895</ele>
						<time>2019-08-07T16:33:28Z</time>
					</trkpt>
					<trkpt lat="42.824330" lon="2.020860">
						<ele>895</ele>
						<time>2019-08-07T16:33:31Z</time>
					</trkpt>
					<trkpt lat="42.824370" lon="2.020570">
						<ele>894</ele>
						<time>2019-08-07T16:33:35Z</time>
					</trkpt>
					<trkpt lat="42.825050" lon="2.017360">
						<ele>896</ele>
						<time>2019-08-07T16:34:18Z</time>
					</trkpt>
					<trkpt lat="42.825880" lon="2.013610">
						<ele>900</ele>
						<time>2019-08-07T16:35:09Z</time>
					</trkpt>
					<trkpt lat="42.826240" lon="2.011900">
						<ele>902</ele>
						<time>2019-08-07T16:35:33Z</time>
					</trkpt>
					<trkpt lat="42.826310" lon="2.011500">
						<ele>903</ele>
						<time>2019-08-07T16:35:38Z</time>
					</trkpt>
					<trkpt lat="42.826830" lon="2.009370">
						<ele>907</ele>
						<time>2019-08-07T16:36:07Z</time>
					</trkpt>
					<trkpt lat="42.827110" lon="2.007920">
						<ele>912</ele>
						<time>2019-08-07T16:36:27Z</time>
					</trkpt>
					<trkpt lat="42.827370" lon="2.004420">
						<ele>912</ele>
						<time>2019-08-07T16:37:13Z</time>
					</trkpt>
					<trkpt lat="42.827660" lon="2.001000">
						<ele>918</ele>
						<time>2019-08-07T16:37:58Z</time>
					</trkpt>
					<trkpt lat="42.829360" lon="2.002250">
						<ele>916</ele>
						<time>2019-08-07T16:38:32Z</time>
					</trkpt>
					<trkpt lat="42.830330" lon="2.002760">
						<ele>915</ele>
						<time>2019-08-07T16:38:51Z</time>
					</trkpt>
					<trkpt lat="42.830760" lon="2.003060">
						<ele>914</ele>
						<time>2019-08-07T16:38:59Z</time>
					</trkpt>
					<trkpt lat="42.831480" lon="2.003810">
						<ele>912</ele>
						<time>2019-08-07T16:39:15Z</time>
					</trkpt>
					<trkpt lat="42.832220" lon="2.004540">
						<ele>912</ele>
						<time>2019-08-07T16:39:32Z</time>
					</trkpt>
					<trkpt lat="42.832970" lon="2.005130">
						<ele>910</ele>
						<time>2019-08-07T16:39:47Z</time>
					</trkpt>
					<trkpt lat="42.833380" lon="2.005370">
						<ele>909</ele>
						<time>2019-08-07T16:39:55Z</time>
					</trkpt>
					<trkpt lat="42.833670" lon="2.005430">
						<ele>908</ele>
						<time>2019-08-07T16:40:00Z</time>
					</trkpt>
					<trkpt lat="42.833920" lon="2.005390">
						<ele>907</ele>
						<time>2019-08-07T16:40:05Z</time>
					</trkpt>
					<trkpt lat="42.834250" lon="2.005310">
						<ele>907</ele>
						<time>2019-08-07T16:40:11Z</time>
					</trkpt>
					<trkpt lat="42.834660" lon="2.005160">
						<ele>906</ele>
						<time>2019-08-07T16:40:18Z</time>
					</trkpt>
					<trkpt lat="42.834910" lon="2.004980">
						<ele>905</ele>
						<time>2019-08-07T16:40:23Z</time>
					</trkpt>
					<trkpt lat="42.835160" lon="2.004670">
						<ele>904</ele>
						<time>2019-08-07T16:40:29Z</time>
					</trkpt>
					<trkpt lat="42.835460" lon="2.004210">
						<ele>903</ele>
						<time>2019-08-07T16:40:37Z</time>
					</trkpt>
					<trkpt lat="42.836010" lon="2.003580">
						<ele>899</ele>
						<time>2019-08-07T16:40:50Z</time>
					</trkpt>
					<trkpt lat="42.841760" lon="1.997480">
						<ele>882</ele>
						<time>2019-08-07T16:43:00Z</time>
					</trkpt>
					<trkpt lat="42.842410" lon="1.996820">
						<ele>883</ele>
						<time>2019-08-07T16:43:14Z</time>
					</trkpt>
					<trkpt lat="42.842860" lon="1.996490">
						<ele>882</ele>
						<time>2019-08-07T16:43:23Z</time>
					</trkpt>
					<trkpt lat="42.843080" lon="1.996490">
						<ele>881</ele>
						<time>2019-08-07T16:43:27Z</time>
					</trkpt>
					<trkpt lat="42.844280" lon="1.996590">
						<ele>878</ele>
						<time>2019-08-07T16:43:48Z</time>
					</trkpt>
					<trkpt lat="42.844570" lon="1.996580">
						<ele>878</ele>
						<time>2019-08-07T16:43:54Z</time>
					</trkpt>
					<trkpt lat="42.845480" lon="1.996680">
						<ele>878</ele>
						<time>2019-08-07T16:44:10Z</time>
					</trkpt>
					<trkpt lat="42.846290" lon="1.996810">
						<ele>878</ele>
						<time>2019-08-07T16:44:24Z</time>
					</trkpt>
					<trkpt lat="42.846920" lon="1.996880">
						<ele>878</ele>
						<time>2019-08-07T16:44:36Z</time>
					</trkpt>
					<trkpt lat="42.847220" lon="1.996830">
						<ele>878</ele>
						<time>2019-08-07T16:44:41Z</time>
					</trkpt>
					<trkpt lat="42.847380" lon="1.996700">
						<ele>878</ele>
						<time>2019-08-07T16:44:44Z</time>
					</trkpt>
					<trkpt lat="42.847620" lon="1.996460">
						<ele>877</ele>
						<time>2019-08-07T16:44:50Z</time>
					</trkpt>
					<trkpt lat="42.847940" lon="1.996530">
						<ele>876</ele>
						<time>2019-08-07T16:44:55Z</time>
					</trkpt>
					<trkpt lat="42.848290" lon="1.995650">
						<ele>874</ele>
						<time>2019-08-07T16:45:08Z</time>
					</trkpt>
					<trkpt lat="42.848620" lon="1.995220">
						<ele>874</ele>
						<time>2019-08-07T16:45:16Z</time>
					</trkpt>
					<trkpt lat="42.848920" lon="1.994700">
						<ele>873</ele>
						<time>2019-08-07T16:45:25Z</time>
					</trkpt>
					<trkpt lat="42.851150" lon="1.990360">
						<ele>878</ele>
						<time>2019-08-07T16:46:34Z</time>
					</trkpt>
					<trkpt lat="42.851920" lon="1.988780">
						<ele>884</ele>
						<time>2019-08-07T16:46:59Z</time>
					</trkpt>
					<trkpt lat="42.852340" lon="1.987690">
						<ele>882</ele>
						<time>2019-08-07T16:47:15Z</time>
					</trkpt>
					<trkpt lat="42.853110" lon="1.985480">
						<ele>881</ele>
						<time>2019-08-07T16:47:47Z</time>
					</trkpt>
					<trkpt lat="42.853210" lon="1.984930">
						<ele>883</ele>
						<time>2019-08-07T16:47:54Z</time>
					</trkpt>
					<trkpt lat="42.853590" lon="1.983620">
						<ele>885</ele>
						<time>2019-08-07T16:48:13Z</time>
					</trkpt>
					<trkpt lat="42.853910" lon="1.982270">
						<ele>886</ele>
						<time>2019-08-07T16:48:31Z</time>
					</trkpt>
					<trkpt lat="42.854070" lon="1.981200">
						<ele>885</ele>
						<time>2019-08-07T16:48:45Z</time>
					</trkpt>
					<trkpt lat="42.854190" lon="1.980290">
						<ele>883</ele>
						<time>2019-08-07T16:48:58Z</time>
					</trkpt>
					<trkpt lat="42.854400" lon="1.979800">
						<ele>883</ele>
						<time>2019-08-07T16:49:05Z</time>
					</trkpt>
					<trkpt lat="42.855100" lon="1.978320">
						<ele>881</ele>
						<time>2019-08-07T16:49:28Z</time>
					</trkpt>
					<trkpt lat="42.855350" lon="1.977570">
						<ele>881</ele>
						<time>2019-08-07T16:49:39Z</time>
					</trkpt>
					<trkpt lat="42.855550" lon="1.976860">
						<ele>883</ele>
						<time>2019-08-07T16:49:49Z</time>
					</trkpt>
					<trkpt lat="42.856200" lon="1.974820">
						<ele>882</ele>
						<time>2019-08-07T16:50:18Z</time>
					</trkpt>
					<trkpt lat="42.856330" lon="1.974150">
						<ele>880</ele>
						<time>2019-08-07T16:50:27Z</time>
					</trkpt>
					<trkpt lat="42.856690" lon="1.972660">
						<ele>883</ele>
						<time>2019-08-07T16:50:47Z</time>
					</trkpt>
					<trkpt lat="42.856770" lon="1.972050">
						<ele>884</ele>
						<time>2019-08-07T16:50:55Z</time>
					</trkpt>
					<trkpt lat="42.856760" lon="1.970970">
						<ele>886</ele>
						<time>2019-08-07T16:51:09Z</time>
					</trkpt>
					<trkpt lat="42.856450" lon="1.970300">
						<ele>892</ele>
						<time>2019-08-07T16:51:20Z</time>
					</trkpt>
					<trkpt lat="42.856380" lon="1.970060">
						<ele>895</ele>
						<time>2019-08-07T16:51:23Z</time>
					</trkpt>
					<trkpt lat="42.856450" lon="1.969880">
						<ele>895</ele>
						<time>2019-08-07T16:51:26Z</time>
					</trkpt>
					<trkpt lat="42.856610" lon="1.969710">
						<ele>894</ele>
						<time>2019-08-07T16:51:29Z</time>
					</trkpt>
					<trkpt lat="42.856720" lon="1.969420">
						<ele>895</ele>
						<time>2019-08-07T16:51:33Z</time>
					</trkpt>
					<trkpt lat="42.856900" lon="1.968500">
						<ele>898</ele>
						<time>2019-08-07T16:51:46Z</time>
					</trkpt>
					<trkpt lat="42.857000" lon="1.968070">
						<ele>898</ele>
						<time>2019-08-07T16:51:52Z</time>
					</trkpt>
					<trkpt lat="42.857140" lon="1.967760">
						<ele>898</ele>
						<time>2019-08-07T16:51:57Z</time>
					</trkpt>
					<trkpt lat="42.857250" lon="1.967380">
						<ele>897</ele>
						<time>2019-08-07T16:52:02Z</time>
					</trkpt>
					<trkpt lat="42.857270" lon="1.966330">
						<ele>902</ele>
						<time>2019-08-07T16:52:16Z</time>
					</trkpt>
					<trkpt lat="42.857370" lon="1.965970">
						<ele>901</ele>
						<time>2019-08-07T16:52:21Z</time>
					</trkpt>
					<trkpt lat="42.857650" lon="1.965210">
						<ele>899</ele>
						<time>2019-08-07T16:52:32Z</time>
					</trkpt>
					<trkpt lat="42.857750" lon="1.964470">
						<ele>903</ele>
						<time>2019-08-07T16:52:41Z</time>
					</trkpt>
					<trkpt lat="42.857860" lon="1.964140">
						<ele>903</ele>
						<time>2019-08-07T16:52:46Z</time>
					</trkpt>
					<trkpt lat="42.857890" lon="1.963750">
						<ele>901</ele>
						<time>2019-08-07T16:52:51Z</time>
					</trkpt>
					<trkpt lat="42.857780" lon="1.963100">
						<ele>902</ele>
						<time>2019-08-07T16:53:00Z</time>
					</trkpt>
					<trkpt lat="42.857750" lon="1.962680">
						<ele>903</ele>
						<time>2019-08-07T16:53:06Z</time>
					</trkpt>
					<trkpt lat="42.857950" lon="1.962060">
						<ele>904</ele>
						<time>2019-08-07T16:53:14Z</time>
					</trkpt>
					<trkpt lat="42.857980" lon="1.961770">
						<ele>906</ele>
						<time>2019-08-07T16:53:18Z</time>
					</trkpt>
					<trkpt lat="42.858120" lon="1.961330">
						<ele>906</ele>
						<time>2019-08-07T16:53:24Z</time>
					</trkpt>
					<trkpt lat="42.858300" lon="1.960450">
						<ele>909</ele>
						<time>2019-08-07T16:53:36Z</time>
					</trkpt>
					<trkpt lat="42.858440" lon="1.959480">
						<ele>907</ele>
						<time>2019-08-07T16:53:49Z</time>
					</trkpt>
					<trkpt lat="42.858540" lon="1.959070">
						<ele>904</ele>
						<time>2019-08-07T16:53:55Z</time>
					</trkpt>
					<trkpt lat="42.858820" lon="1.958530">
						<ele>901</ele>
						<time>2019-08-07T16:54:04Z</time>
					</trkpt>
					<trkpt lat="42.859080" lon="1.958170">
						<ele>900</ele>
						<time>2019-08-07T16:54:10Z</time>
					</trkpt>
					<trkpt lat="42.859110" lon="1.957810">
						<ele>901</ele>
						<time>2019-08-07T16:54:15Z</time>
					</trkpt>
					<trkpt lat="42.859170" lon="1.957330">
						<ele>902</ele>
						<time>2019-08-07T16:54:21Z</time>
					</trkpt>
					<trkpt lat="42.859650" lon="1.955800">
						<ele>902</ele>
						<time>2019-08-07T16:54:43Z</time>
					</trkpt>
					<trkpt lat="42.859870" lon="1.955310">
						<ele>905</ele>
						<time>2019-08-07T16:54:50Z</time>
					</trkpt>
					<trkpt lat="42.860090" lon="1.954960">
						<ele>907</ele>
						<time>2019-08-07T16:54:56Z</time>
					</trkpt>
					<trkpt lat="42.860320" lon="1.954460">
						<ele>906</ele>
						<time>2019-08-07T16:55:04Z</time>
					</trkpt>
					<trkpt lat="42.860440" lon="1.954320">
						<ele>906</ele>
						<time>2019-08-07T16:55:07Z</time>
					</trkpt>
					<trkpt lat="42.861050" lon="1.954320">
						<ele>903</ele>
						<time>2019-08-07T16:55:18Z</time>
					</trkpt>
					<trkpt lat="42.861360" lon="1.954270">
						<ele>902</ele>
						<time>2019-08-07T16:55:23Z</time>
					</trkpt>
					<trkpt lat="42.861550" lon="1.954160">
						<ele>901</ele>
						<time>2019-08-07T16:55:27Z</time>
					</trkpt>
					<trkpt lat="42.861850" lon="1.954470">
						<ele>905</ele>
						<time>2019-08-07T16:55:34Z</time>
					</trkpt>
					<trkpt lat="42.862040" lon="1.954820">
						<ele>909</ele>
						<time>2019-08-07T16:55:39Z</time>
					</trkpt>
					<trkpt lat="42.862190" lon="1.955780">
						<ele>913</ele>
						<time>2019-08-07T16:55:52Z</time>
					</trkpt>
					<trkpt lat="42.862280" lon="1.956620">
						<ele>915</ele>
						<time>2019-08-07T16:56:03Z</time>
					</trkpt>
					<trkpt lat="42.862440" lon="1.957390">
						<ele>918</ele>
						<time>2019-08-07T16:56:14Z</time>
					</trkpt>
					<trkpt lat="42.862510" lon="1.956460">
						<ele>918</ele>
						<time>2019-08-07T16:56:26Z</time>
					</trkpt>
					<trkpt lat="42.862660" lon="1.955530">
						<ele>923</ele>
						<time>2019-08-07T16:56:38Z</time>
					</trkpt>
					<trkpt lat="42.862690" lon="1.954930">
						<ele>923</ele>
						<time>2019-08-07T16:56:46Z</time>
					</trkpt>
					<trkpt lat="42.862780" lon="1.954760">
						<ele>925</ele>
						<time>2019-08-07T16:56:49Z</time>
					</trkpt>
					<trkpt lat="42.862940" lon="1.954710">
						<ele>929</ele>
						<time>2019-08-07T16:56:52Z</time>
					</trkpt>
					<trkpt lat="42.863390" lon="1.954980">
						<ele>937</ele>
						<time>2019-08-07T16:57:01Z</time>
					</trkpt>
					<trkpt lat="42.863630" lon="1.955050">
						<ele>940</ele>
						<time>2019-08-07T16:57:05Z</time>
					</trkpt>
					<trkpt lat="42.863970" lon="1.955030">
						<ele>942</ele>
						<time>2019-08-07T16:57:11Z</time>
					</trkpt>
					<trkpt lat="42.864190" lon="1.954960">
						<ele>943</ele>
						<time>2019-08-07T16:57:15Z</time>
					</trkpt>
					<trkpt lat="42.864480" lon="1.954760">
						<ele>946</ele>
						<time>2019-08-07T16:57:21Z</time>
					</trkpt>
					<trkpt lat="42.865000" lon="1.954640">
						<ele>948</ele>
						<time>2019-08-07T16:57:30Z</time>
					</trkpt>
					<trkpt lat="42.865630" lon="1.954570">
						<ele>940</ele>
						<time>2019-08-07T16:57:41Z</time>
					</trkpt>
					<trkpt lat="42.865970" lon="1.954860">
						<ele>935</ele>
						<time>2019-08-07T16:57:49Z</time>
					</trkpt>
					<trkpt lat="42.866770" lon="1.955730">
						<ele>924</ele>
						<time>2019-08-07T16:58:07Z</time>
					</trkpt>
					<trkpt lat="42.867630" lon="1.956910">
						<ele>914</ele>
						<time>2019-08-07T16:58:28Z</time>
					</trkpt>
					<trkpt lat="42.867930" lon="1.957480">
						<ele>912</ele>
						<time>2019-08-07T16:58:38Z</time>
					</trkpt>
					<trkpt lat="42.868280" lon="1.957870">
						<ele>902</ele>
						<time>2019-08-07T16:58:46Z</time>
					</trkpt>
					<trkpt lat="42.868370" lon="1.958180">
						<ele>902</ele>
						<time>2019-08-07T16:58:50Z</time>
					</trkpt>
					<trkpt lat="42.868460" lon="1.958580">
						<ele>905</ele>
						<time>2019-08-07T16:58:55Z</time>
					</trkpt>
					<trkpt lat="42.868610" lon="1.958710">
						<ele>902</ele>
						<time>2019-08-07T16:58:59Z</time>
					</trkpt>
					<trkpt lat="42.868800" lon="1.958710">
						<ele>896</ele>
						<time>2019-08-07T16:59:02Z</time>
					</trkpt>
					<trkpt lat="42.869170" lon="1.958540">
						<ele>883</ele>
						<time>2019-08-07T16:59:09Z</time>
					</trkpt>
					<trkpt lat="42.869310" lon="1.958610">
						<ele>883</ele>
						<time>2019-08-07T16:59:12Z</time>
					</trkpt>
					<trkpt lat="42.869440" lon="1.958830">
						<ele>883</ele>
						<time>2019-08-07T16:59:15Z</time>
					</trkpt>
					<trkpt lat="42.869590" lon="1.958750">
						<ele>881</ele>
						<time>2019-08-07T16:59:18Z</time>
					</trkpt>
					<trkpt lat="42.869640" lon="1.958580">
						<ele>879</ele>
						<time>2019-08-07T16:59:21Z</time>
					</trkpt>
					<trkpt lat="42.869660" lon="1.958380">
						<ele>878</ele>
						<time>2019-08-07T16:59:23Z</time>
					</trkpt>
					<trkpt lat="42.869590" lon="1.957970">
						<ele>875</ele>
						<time>2019-08-07T16:59:29Z</time>
					</trkpt>
					<trkpt lat="42.869450" lon="1.957840">
						<ele>875</ele>
						<time>2019-08-07T16:59:32Z</time>
					</trkpt>
					<trkpt lat="42.869300" lon="1.957820">
						<ele>875</ele>
						<time>2019-08-07T16:59:34Z</time>
					</trkpt>
					<trkpt lat="42.869210" lon="1.957890">
						<ele>877</ele>
						<time>2019-08-07T16:59:36Z</time>
					</trkpt>
					<trkpt lat="42.869130" lon="1.957860">
						<ele>877</ele>
						<time>2019-08-07T16:59:38Z</time>
					</trkpt>
					<trkpt lat="42.869130" lon="1.957740">
						<ele>876</ele>
						<time>2019-08-07T16:59:39Z</time>
					</trkpt>
					<trkpt lat="42.869190" lon="1.957420">
						<ele>872</ele>
						<time>2019-08-07T16:59:44Z</time>
					</trkpt>
					<trkpt lat="42.869190" lon="1.957240">
						<ele>871</ele>
						<time>2019-08-07T16:59:46Z</time>
					</trkpt>
					<trkpt lat="42.869130" lon="1.956840">
						<ele>869</ele>
						<time>2019-08-07T16:59:51Z</time>
					</trkpt>
					<trkpt lat="42.869150" lon="1.956700">
						<ele>868</ele>
						<time>2019-08-07T16:59:53Z</time>
					</trkpt>
					<trkpt lat="42.869230" lon="1.956610">
						<ele>867</ele>
						<time>2019-08-07T16:59:55Z</time>
					</trkpt>
					<trkpt lat="42.869570" lon="1.956490">
						<ele>866</ele>
						<time>2019-08-07T17:00:01Z</time>
					</trkpt>
					<trkpt lat="42.871080" lon="1.955820">
						<ele>855</ele>
						<time>2019-08-07T17:00:29Z</time>
					</trkpt>
					<trkpt lat="42.871430" lon="1.955550">
						<ele>854</ele>
						<time>2019-08-07T17:00:37Z</time>
					</trkpt>
					<trkpt lat="42.871860" lon="1.954890">
						<ele>853</ele>
						<time>2019-08-07T17:00:48Z</time>
					</trkpt>
					<trkpt lat="42.872140" lon="1.954330">
						<ele>852</ele>
						<time>2019-08-07T17:00:57Z</time>
					</trkpt>
					<trkpt lat="42.872460" lon="1.953050">
						<ele>851</ele>
						<time>2019-08-07T17:01:15Z</time>
					</trkpt>
					<trkpt lat="42.872620" lon="1.952760">
						<ele>850</ele>
						<time>2019-08-07T17:01:19Z</time>
					</trkpt>
					<trkpt lat="42.872930" lon="1.952550">
						<ele>847</ele>
						<time>2019-08-07T17:01:25Z</time>
					</trkpt>
					<trkpt lat="42.873570" lon="1.952280">
						<ele>845</ele>
						<time>2019-08-07T17:01:37Z</time>
					</trkpt>
					<trkpt lat="42.873590" lon="1.951890">
						<ele>845</ele>
						<time>2019-08-07T17:01:42Z</time>
					</trkpt>
					<trkpt lat="42.873650" lon="1.951600">
						<ele>844</ele>
						<time>2019-08-07T17:01:46Z</time>
					</trkpt>
					<trkpt lat="42.873750" lon="1.951370">
						<ele>843</ele>
						<time>2019-08-07T17:01:50Z</time>
					</trkpt>
					<trkpt lat="42.873850" lon="1.951200">
						<ele>841</ele>
						<time>2019-08-07T17:01:53Z</time>
					</trkpt>
					<trkpt lat="42.874000" lon="1.951110">
						<ele>840</ele>
						<time>2019-08-07T17:01:56Z</time>
					</trkpt>
					<trkpt lat="42.874190" lon="1.951060">
						<ele>838</ele>
						<time>2019-08-07T17:01:59Z</time>
					</trkpt>
					<trkpt lat="42.874770" lon="1.951050">
						<ele>841</ele>
						<time>2019-08-07T17:02:09Z</time>
					</trkpt>
					<trkpt lat="42.875380" lon="1.951000">
						<ele>839</ele>
						<time>2019-08-07T17:02:20Z</time>
					</trkpt>
					<trkpt lat="42.875590" lon="1.950930">
						<ele>836</ele>
						<time>2019-08-07T17:02:24Z</time>
					</trkpt>
					<trkpt lat="42.875730" lon="1.950850">
						<ele>833</ele>
						<time>2019-08-07T17:02:27Z</time>
					</trkpt>
					<trkpt lat="42.875870" lon="1.950700">
						<ele>832</ele>
						<time>2019-08-07T17:02:30Z</time>
					</trkpt>
					<trkpt lat="42.876000" lon="1.950380">
						<ele>830</ele>
						<time>2019-08-07T17:02:35Z</time>
					</trkpt>
					<trkpt lat="42.876070" lon="1.950260">
						<ele>829</ele>
						<time>2019-08-07T17:02:37Z</time>
					</trkpt>
					<trkpt lat="42.876180" lon="1.950130">
						<ele>827</ele>
						<time>2019-08-07T17:02:39Z</time>
					</trkpt>
					<trkpt lat="42.876520" lon="1.949860">
						<ele>820</ele>
						<time>2019-08-07T17:02:46Z</time>
					</trkpt>
					<trkpt lat="42.876820" lon="1.949670">
						<ele>814</ele>
						<time>2019-08-07T17:02:52Z</time>
					</trkpt>
					<trkpt lat="42.877200" lon="1.949470">
						<ele>808</ele>
						<time>2019-08-07T17:02:59Z</time>
					</trkpt>
					<trkpt lat="42.877390" lon="1.949420">
						<ele>805</ele>
						<time>2019-08-07T17:03:03Z</time>
					</trkpt>
					<trkpt lat="42.877550" lon="1.949440">
						<ele>804</ele>
						<time>2019-08-07T17:03:06Z</time>
					</trkpt>
					<trkpt lat="42.878110" lon="1.949640">
						<ele>804</ele>
						<time>2019-08-07T17:03:16Z</time>
					</trkpt>
					<trkpt lat="42.878840" lon="1.949820">
						<ele>800</ele>
						<time>2019-08-07T17:03:29Z</time>
					</trkpt>
					<trkpt lat="42.879450" lon="1.950030">
						<ele>800</ele>
						<time>2019-08-07T17:03:40Z</time>
					</trkpt>
					<trkpt lat="42.879640" lon="1.950050">
						<ele>799</ele>
						<time>2019-08-07T17:03:44Z</time>
					</trkpt>
					<trkpt lat="42.880120" lon="1.949920">
						<ele>791</ele>
						<time>2019-08-07T17:03:53Z</time>
					</trkpt>
					<trkpt lat="42.880340" lon="1.949890">
						<ele>789</ele>
						<time>2019-08-07T17:03:56Z</time>
					</trkpt>
					<trkpt lat="42.880600" lon="1.949900">
						<ele>788</ele>
						<time>2019-08-07T17:04:01Z</time>
					</trkpt>
					<trkpt lat="42.880900" lon="1.949860">
						<ele>785</ele>
						<time>2019-08-07T17:04:06Z</time>
					</trkpt>
					<trkpt lat="42.881510" lon="1.949730">
						<ele>776</ele>
						<time>2019-08-07T17:04:17Z</time>
					</trkpt>
					<trkpt lat="42.881940" lon="1.949500">
						<ele>771</ele>
						<time>2019-08-07T17:04:26Z</time>
					</trkpt>
					<trkpt lat="42.882420" lon="1.949280">
						<ele>768</ele>
						<time>2019-08-07T17:04:35Z</time>
					</trkpt>
					<trkpt lat="42.883580" lon="1.949020">
						<ele>761</ele>
						<time>2019-08-07T17:04:56Z</time>
					</trkpt>
					<trkpt lat="42.883950" lon="1.948970">
						<ele>755</ele>
						<time>2019-08-07T17:05:02Z</time>
					</trkpt>
					<trkpt lat="42.884280" lon="1.949030">
						<ele>750</ele>
						<time>2019-08-07T17:05:08Z</time>
					</trkpt>
					<trkpt lat="42.884800" lon="1.949200">
						<ele>741</ele>
						<time>2019-08-07T17:05:18Z</time>
					</trkpt>
					<trkpt lat="42.885020" lon="1.949240">
						<ele>737</ele>
						<time>2019-08-07T17:05:22Z</time>
					</trkpt>
					<trkpt lat="42.885490" lon="1.949250">
						<ele>733</ele>
						<time>2019-08-07T17:05:30Z</time>
					</trkpt>
					<trkpt lat="42.885930" lon="1.949370">
						<ele>731</ele>
						<time>2019-08-07T17:05:38Z</time>
					</trkpt>
					<trkpt lat="42.886090" lon="1.949370">
						<ele>731</ele>
						<time>2019-08-07T17:05:41Z</time>
					</trkpt>
					<trkpt lat="42.886140" lon="1.949350">
						<ele>731</ele>
						<time>2019-08-07T17:05:42Z</time>
					</trkpt>
					<trkpt lat="42.886220" lon="1.949230">
						<ele>729</ele>
						<time>2019-08-07T17:05:44Z</time>
					</trkpt>
					<trkpt lat="42.886270" lon="1.949050">
						<ele>727</ele>
						<time>2019-08-07T17:05:46Z</time>
					</trkpt>
					<trkpt lat="42.886280" lon="1.948840">
						<ele>726</ele>
						<time>2019-08-07T17:05:49Z</time>
					</trkpt>
					<trkpt lat="42.886200" lon="1.948320">
						<ele>724</ele>
						<time>2019-08-07T17:05:56Z</time>
					</trkpt>
					<trkpt lat="42.886210" lon="1.948190">
						<ele>726</ele>
						<time>2019-08-07T17:05:58Z</time>
					</trkpt>
					<trkpt lat="42.886300" lon="1.948010">
						<ele>728</ele>
						<time>2019-08-07T17:06:01Z</time>
					</trkpt>
					<trkpt lat="42.886370" lon="1.947940">
						<ele>728</ele>
						<time>2019-08-07T17:06:02Z</time>
					</trkpt>
					<trkpt lat="42.886850" lon="1.947680">
						<ele>724</ele>
						<time>2019-08-07T17:06:11Z</time>
					</trkpt>
					<trkpt lat="42.887010" lon="1.947510">
						<ele>722</ele>
						<time>2019-08-07T17:06:15Z</time>
					</trkpt>
					<trkpt lat="42.887400" lon="1.946930">
						<ele>721</ele>
						<time>2019-08-07T17:06:25Z</time>
					</trkpt>
					<trkpt lat="42.887980" lon="1.946290">
						<ele>722</ele>
						<time>2019-08-07T17:06:38Z</time>
					</trkpt>
					<trkpt lat="42.888110" lon="1.946100">
						<ele>720</ele>
						<time>2019-08-07T17:06:42Z</time>
					</trkpt>
					<trkpt lat="42.888300" lon="1.945470">
						<ele>716</ele>
						<time>2019-08-07T17:06:51Z</time>
					</trkpt>
					<trkpt lat="42.888470" lon="1.945100">
						<ele>716</ele>
						<time>2019-08-07T17:06:56Z</time>
					</trkpt>
					<trkpt lat="42.888690" lon="1.944710">
						<ele>715</ele>
						<time>2019-08-07T17:07:03Z</time>
					</trkpt>
					<trkpt lat="42.888770" lon="1.944460">
						<ele>713</ele>
						<time>2019-08-07T17:07:06Z</time>
					</trkpt>
					<trkpt lat="42.888820" lon="1.943400">
						<ele>709</ele>
						<time>2019-08-07T17:07:20Z</time>
					</trkpt>
					<trkpt lat="42.888860" lon="1.943150">
						<ele>708</ele>
						<time>2019-08-07T17:07:24Z</time>
					</trkpt>
					<trkpt lat="42.889050" lon="1.942700">
						<ele>702</ele>
						<time>2019-08-07T17:07:30Z</time>
					</trkpt>
					<trkpt lat="42.889220" lon="1.942480">
						<ele>697</ele>
						<time>2019-08-07T17:07:35Z</time>
					</trkpt>
					<trkpt lat="42.889630" lon="1.942220">
						<ele>699</ele>
						<time>2019-08-07T17:07:43Z</time>
					</trkpt>
					<trkpt lat="42.889750" lon="1.942090">
						<ele>697</ele>
						<time>2019-08-07T17:07:45Z</time>
					</trkpt>
					<trkpt lat="42.889970" lon="1.941580">
						<ele>692</ele>
						<time>2019-08-07T17:07:53Z</time>
					</trkpt>
					<trkpt lat="42.890140" lon="1.941400">
						<ele>694</ele>
						<time>2019-08-07T17:07:57Z</time>
					</trkpt>
					<trkpt lat="42.890530" lon="1.941110">
						<ele>686</ele>
						<time>2019-08-07T17:08:05Z</time>
					</trkpt>
					<trkpt lat="42.890750" lon="1.940890">
						<ele>675</ele>
						<time>2019-08-07T17:08:10Z</time>
					</trkpt>
					<trkpt lat="42.891230" lon="1.940320">
						<ele>666</ele>
						<time>2019-08-07T17:08:21Z</time>
					</trkpt>
					<trkpt lat="42.891650" lon="1.939270">
						<ele>661</ele>
						<time>2019-08-07T17:08:36Z</time>
					</trkpt>
					<trkpt lat="42.891900" lon="1.938850">
						<ele>656</ele>
						<time>2019-08-07T17:08:44Z</time>
					</trkpt>
					<trkpt lat="42.892210" lon="1.938180">
						<ele>650</ele>
						<time>2019-08-07T17:08:54Z</time>
					</trkpt>
					<trkpt lat="42.892350" lon="1.937570">
						<ele>646</ele>
						<time>2019-08-07T17:09:02Z</time>
					</trkpt>
					<trkpt lat="42.892380" lon="1.937340">
						<ele>644</ele>
						<time>2019-08-07T17:09:05Z</time>
					</trkpt>
					<trkpt lat="42.892390" lon="1.937040">
						<ele>642</ele>
						<time>2019-08-07T17:09:09Z</time>
					</trkpt>
					<trkpt lat="42.892350" lon="1.936710">
						<ele>643</ele>
						<time>2019-08-07T17:09:14Z</time>
					</trkpt>
					<trkpt lat="42.892240" lon="1.936310">
						<ele>641</ele>
						<time>2019-08-07T17:09:19Z</time>
					</trkpt>
					<trkpt lat="42.891940" lon="1.935690">
						<ele>640</ele>
						<time>2019-08-07T17:09:29Z</time>
					</trkpt>
					<trkpt lat="42.891810" lon="1.935470">
						<ele>639</ele>
						<time>2019-08-07T17:09:32Z</time>
					</trkpt>
					<trkpt lat="42.891480" lon="1.935160">
						<ele>640</ele>
						<time>2019-08-07T17:09:40Z</time>
					</trkpt>
					<trkpt lat="42.891220" lon="1.934970">
						<ele>642</ele>
						<time>2019-08-07T17:09:45Z</time>
					</trkpt>
					<trkpt lat="42.891110" lon="1.934800">
						<ele>645</ele>
						<time>2019-08-07T17:09:48Z</time>
					</trkpt>
					<trkpt lat="42.891090" lon="1.934290">
						<ele>644</ele>
						<time>2019-08-07T17:09:54Z</time>
					</trkpt>
					<trkpt lat="42.891110" lon="1.934180">
						<ele>643</ele>
						<time>2019-08-07T17:09:56Z</time>
					</trkpt>
					<trkpt lat="42.891210" lon="1.934030">
						<ele>645</ele>
						<time>2019-08-07T17:09:59Z</time>
					</trkpt>
					<trkpt lat="42.891760" lon="1.933850">
						<ele>636</ele>
						<time>2019-08-07T17:10:09Z</time>
					</trkpt>
					<trkpt lat="42.892020" lon="1.933810">
						<ele>636</ele>
						<time>2019-08-07T17:10:13Z</time>
					</trkpt>
					<trkpt lat="42.892230" lon="1.933850">
						<ele>633</ele>
						<time>2019-08-07T17:10:17Z</time>
					</trkpt>
					<trkpt lat="42.892390" lon="1.934000">
						<ele>628</ele>
						<time>2019-08-07T17:10:21Z</time>
					</trkpt>
					<trkpt lat="42.892620" lon="1.934280">
						<ele>622</ele>
						<time>2019-08-07T17:10:26Z</time>
					</trkpt>
					<trkpt lat="42.892770" lon="1.934530">
						<ele>619</ele>
						<time>2019-08-07T17:10:30Z</time>
					</trkpt>
					<trkpt lat="42.893180" lon="1.935540">
						<ele>605</ele>
						<time>2019-08-07T17:10:45Z</time>
					</trkpt>
					<trkpt lat="42.893280" lon="1.935680">
						<ele>601</ele>
						<time>2019-08-07T17:10:48Z</time>
					</trkpt>
					<trkpt lat="42.893370" lon="1.935740">
						<ele>598</ele>
						<time>2019-08-07T17:10:50Z</time>
					</trkpt>
					<trkpt lat="42.893460" lon="1.935770">
						<ele>594</ele>
						<time>2019-08-07T17:10:51Z</time>
					</trkpt>
					<trkpt lat="42.893500" lon="1.935710">
						<ele>594</ele>
						<time>2019-08-07T17:10:52Z</time>
					</trkpt>
					<trkpt lat="42.893720" lon="1.934960">
						<ele>596</ele>
						<time>2019-08-07T17:11:03Z</time>
					</trkpt>
					<trkpt lat="42.894410" lon="1.933770">
						<ele>590</ele>
						<time>2019-08-07T17:11:23Z</time>
					</trkpt>
					<trkpt lat="42.894680" lon="1.933370">
						<ele>587</ele>
						<time>2019-08-07T17:11:30Z</time>
					</trkpt>
					<trkpt lat="42.895040" lon="1.932960">
						<ele>576</ele>
						<time>2019-08-07T17:11:38Z</time>
					</trkpt>
					<trkpt lat="42.895110" lon="1.932780">
						<ele>575</ele>
						<time>2019-08-07T17:11:41Z</time>
					</trkpt>
					<trkpt lat="42.895120" lon="1.932630">
						<ele>575</ele>
						<time>2019-08-07T17:11:43Z</time>
					</trkpt>
					<trkpt lat="42.895020" lon="1.931670">
						<ele>572</ele>
						<time>2019-08-07T17:11:55Z</time>
					</trkpt>
					<trkpt lat="42.894700" lon="1.930060">
						<ele>565</ele>
						<time>2019-08-07T17:12:17Z</time>
					</trkpt>
					<trkpt lat="42.894630" lon="1.929750">
						<ele>559</ele>
						<time>2019-08-07T17:12:21Z</time>
					</trkpt>
					<trkpt lat="42.894560" lon="1.929580">
						<ele>556</ele>
						<time>2019-08-07T17:12:24Z</time>
					</trkpt>
					<trkpt lat="42.894500" lon="1.929470">
						<ele>554</ele>
						<time>2019-08-07T17:12:26Z</time>
					</trkpt>
					<trkpt lat="42.894490" lon="1.929400">
						<ele>552</ele>
						<time>2019-08-07T17:12:27Z</time>
					</trkpt>
					<trkpt lat="42.894510" lon="1.929340">
						<ele>550</ele>
						<time>2019-08-07T17:12:27Z</time>
					</trkpt>
					<trkpt lat="42.894610" lon="1.929330">
						<ele>548</ele>
						<time>2019-08-07T17:12:29Z</time>
					</trkpt>
					<trkpt lat="42.894940" lon="1.929630">
						<ele>549</ele>
						<time>2019-08-07T17:12:36Z</time>
					</trkpt>
					<trkpt lat="42.896320" lon="1.930640">
						<ele>534</ele>
						<time>2019-08-07T17:13:04Z</time>
					</trkpt>
					<trkpt lat="42.898420" lon="1.932250">
						<ele>518</ele>
						<time>2019-08-07T17:13:47Z</time>
					</trkpt>
					<trkpt lat="42.899760" lon="1.933250">
						<ele>508</ele>
						<time>2019-08-07T17:14:14Z</time>
					</trkpt>
					<trkpt lat="42.901170" lon="1.934380">
						<ele>502</ele>
						<time>2019-08-07T17:14:43Z</time>
					</trkpt>
					<trkpt lat="42.899760" lon="1.933250">
						<ele>508</ele>
						<time>2019-08-07T17:15:12Z</time>
					</trkpt>
					<trkpt lat="42.898420" lon="1.932250">
						<ele>518</ele>
						<time>2019-08-07T17:15:39Z</time>
					</trkpt>
					<trkpt lat="42.898480" lon="1.932130">
						<ele>516</ele>
						<time>2019-08-07T17:15:41Z</time>
					</trkpt>
					<trkpt lat="42.898550" lon="1.931880">
						<ele>513</ele>
						<time>2019-08-07T17:15:45Z</time>
					</trkpt>
					<trkpt lat="42.898570" lon="1.931580">
						<ele>511</ele>
						<time>2019-08-07T17:15:49Z</time>
					</trkpt>
					<trkpt lat="42.898550" lon="1.931200">
						<ele>509</ele>
						<time>2019-08-07T17:15:54Z</time>
					</trkpt>
					<trkpt lat="42.898510" lon="1.931060">
						<ele>508</ele>
						<time>2019-08-07T17:15:56Z</time>
					</trkpt>
					<trkpt lat="42.898230" lon="1.930410">
						<ele>506</ele>
						<time>2019-08-07T17:16:06Z</time>
					</trkpt>
					<trkpt lat="42.897870" lon="1.930410">
						<ele>508</ele>
						<time>2019-08-07T17:16:12Z</time>
					</trkpt>
					<trkpt lat="42.897600" lon="1.930370">
						<ele>510</ele>
						<time>2019-08-07T17:16:17Z</time>
					</trkpt>
					<trkpt lat="42.897420" lon="1.930230">
						<ele>510</ele>
						<time>2019-08-07T17:16:20Z</time>
					</trkpt>
					<trkpt lat="42.897290" lon="1.929990">
						<ele>510</ele>
						<time>2019-08-07T17:16:24Z</time>
					</trkpt>
					<trkpt lat="42.896670" lon="1.928410">
						<ele>508</ele>
						<time>2019-08-07T17:16:48Z</time>
					</trkpt>
					<trkpt lat="42.896530" lon="1.928120">
						<ele>508</ele>
						<time>2019-08-07T17:16:52Z</time>
					</trkpt>
					<trkpt lat="42.896360" lon="1.927930">
						<ele>509</ele>
						<time>2019-08-07T17:16:56Z</time>
					</trkpt>
					<trkpt lat="42.896130" lon="1.927810">
						<ele>510</ele>
						<time>2019-08-07T17:17:01Z</time>
					</trkpt>
					<trkpt lat="42.895920" lon="1.927780">
						<ele>511</ele>
						<time>2019-08-07T17:17:04Z</time>
					</trkpt>
					<trkpt lat="42.895430" lon="1.927940">
						<ele>515</ele>
						<time>2019-08-07T17:17:13Z</time>
					</trkpt>
					<trkpt lat="42.895180" lon="1.927990">
						<ele>518</ele>
						<time>2019-08-07T17:17:18Z</time>
					</trkpt>
					<trkpt lat="42.894980" lon="1.927980">
						<ele>519</ele>
						<time>2019-08-07T17:17:21Z</time>
					</trkpt>
					<trkpt lat="42.894420" lon="1.927850">
						<ele>520</ele>
						<time>2019-08-07T17:17:31Z</time>
					</trkpt>
					<trkpt lat="42.894170" lon="1.927820">
						<ele>520</ele>
						<time>2019-08-07T17:17:36Z</time>
					</trkpt>
					<trkpt lat="42.893870" lon="1.927920">
						<ele>529</ele>
						<time>2019-08-07T17:17:41Z</time>
					</trkpt>
					<trkpt lat="42.893600" lon="1.927950">
						<ele>537</ele>
						<time>2019-08-07T17:17:46Z</time>
					</trkpt>
					<trkpt lat="42.893320" lon="1.927840">
						<ele>541</ele>
						<time>2019-08-07T17:17:51Z</time>
					</trkpt>
					<trkpt lat="42.893060" lon="1.927510">
						<ele>537</ele>
						<time>2019-08-07T17:17:58Z</time>
					</trkpt>
					<trkpt lat="42.892930" lon="1.927310">
						<ele>539</ele>
						<time>2019-08-07T17:18:01Z</time>
					</trkpt>
					<trkpt lat="42.892450" lon="1.926450">
						<ele>533</ele>
						<time>2019-08-07T17:18:15Z</time>
					</trkpt>
					<trkpt lat="42.892300" lon="1.926270">
						<ele>536</ele>
						<time>2019-08-07T17:18:19Z</time>
					</trkpt>
					<trkpt lat="42.892050" lon="1.926040">
						<ele>540</ele>
						<time>2019-08-07T17:18:24Z</time>
					</trkpt>
					<trkpt lat="42.891730" lon="1.925700">
						<ele>539</ele>
						<time>2019-08-07T17:18:31Z</time>
					</trkpt>
					<trkpt lat="42.891490" lon="1.925320">
						<ele>539</ele>
						<time>2019-08-07T17:18:38Z</time>
					</trkpt>
					<trkpt lat="42.891000" lon="1.924300">
						<ele>536</ele>
						<time>2019-08-07T17:18:54Z</time>
					</trkpt>
					<trkpt lat="42.890670" lon="1.923000">
						<ele>536</ele>
						<time>2019-08-07T17:19:12Z</time>
					</trkpt>
					<trkpt lat="42.890610" lon="1.922270">
						<ele>535</ele>
						<time>2019-08-07T17:19:21Z</time>
					</trkpt>
					<trkpt lat="42.890470" lon="1.921510">
						<ele>536</ele>
						<time>2019-08-07T17:19:32Z</time>
					</trkpt>
					<trkpt lat="42.890160" lon="1.920640">
						<ele>533</ele>
						<time>2019-08-07T17:19:44Z</time>
					</trkpt>
					<trkpt lat="42.889730" lon="1.920020">
						<ele>536</ele>
						<time>2019-08-07T17:19:55Z</time>
					</trkpt>
					<trkpt lat="42.888790" lon="1.918210">
						<ele>540</ele>
						<time>2019-08-07T17:20:24Z</time>
					</trkpt>
					<trkpt lat="42.888530" lon="1.917530">
						<ele>539</ele>
						<time>2019-08-07T17:20:34Z</time>
					</trkpt>
					<trkpt lat="42.887900" lon="1.915470">
						<ele>531</ele>
						<time>2019-08-07T17:21:03Z</time>
					</trkpt>
					<trkpt lat="42.887780" lon="1.914990">
						<ele>530</ele>
						<time>2019-08-07T17:21:10Z</time>
					</trkpt>
					<trkpt lat="42.887570" lon="1.914290">
						<ele>534</ele>
						<time>2019-08-07T17:21:20Z</time>
					</trkpt>
					<trkpt lat="42.887060" lon="1.912820">
						<ele>543</ele>
						<time>2019-08-07T17:21:41Z</time>
					</trkpt>
					<trkpt lat="42.886790" lon="1.912160">
						<ele>540</ele>
						<time>2019-08-07T17:21:51Z</time>
					</trkpt>
					<trkpt lat="42.886530" lon="1.911440">
						<ele>533</ele>
						<time>2019-08-07T17:22:01Z</time>
					</trkpt>
					<trkpt lat="42.886070" lon="1.910000">
						<ele>535</ele>
						<time>2019-08-07T17:22:22Z</time>
					</trkpt>
					<trkpt lat="42.885990" lon="1.909690">
						<ele>536</ele>
						<time>2019-08-07T17:22:26Z</time>
					</trkpt>
					<trkpt lat="42.885950" lon="1.909360">
						<ele>535</ele>
						<time>2019-08-07T17:22:30Z</time>
					</trkpt>
					<trkpt lat="42.885960" lon="1.909030">
						<ele>535</ele>
						<time>2019-08-07T17:22:35Z</time>
					</trkpt>
					<trkpt lat="42.886020" lon="1.908230">
						<ele>533</ele>
						<time>2019-08-07T17:22:45Z</time>
					</trkpt>
					<trkpt lat="42.886020" lon="1.907950">
						<ele>533</ele>
						<time>2019-08-07T17:22:49Z</time>
					</trkpt>
					<trkpt lat="42.885990" lon="1.907710">
						<ele>532</ele>
						<time>2019-08-07T17:22:52Z</time>
					</trkpt>
					<trkpt lat="42.885830" lon="1.907200">
						<ele>533</ele>
						<time>2019-08-07T17:22:59Z</time>
					</trkpt>
					<trkpt lat="42.885780" lon="1.906980">
						<ele>533</ele>
						<time>2019-08-07T17:23:02Z</time>
					</trkpt>
					<trkpt lat="42.885700" lon="1.905270">
						<ele>533</ele>
						<time>2019-08-07T17:23:25Z</time>
					</trkpt>
					<trkpt lat="42.885650" lon="1.905020">
						<ele>533</ele>
						<time>2019-08-07T17:23:28Z</time>
					</trkpt>
					<trkpt lat="42.885500" lon="1.904610">
						<ele>534</ele>
						<time>2019-08-07T17:23:34Z</time>
					</trkpt>
					<trkpt lat="42.884920" lon="1.903290">
						<ele>534</ele>
						<time>2019-08-07T17:23:54Z</time>
					</trkpt>
					<trkpt lat="42.884560" lon="1.902570">
						<ele>534</ele>
						<time>2019-08-07T17:24:05Z</time>
					</trkpt>
					<trkpt lat="42.884300" lon="1.902160">
						<ele>535</ele>
						<time>2019-08-07T17:24:13Z</time>
					</trkpt>
					<trkpt lat="42.884260" lon="1.902070">
						<ele>535</ele>
						<time>2019-08-07T17:24:14Z</time>
					</trkpt>
					<trkpt lat="42.884280" lon="1.901980">
						<ele>535</ele>
						<time>2019-08-07T17:24:15Z</time>
					</trkpt>
					<trkpt lat="42.884360" lon="1.901850">
						<ele>535</ele>
						<time>2019-08-07T17:24:17Z</time>
					</trkpt>
					<trkpt lat="42.884540" lon="1.901610">
						<ele>535</ele>
						<time>2019-08-07T17:24:22Z</time>
					</trkpt>
					<trkpt lat="42.885130" lon="1.901000">
						<ele>538</ele>
						<time>2019-08-07T17:24:35Z</time>
					</trkpt>
					<trkpt lat="42.885810" lon="1.900360">
						<ele>542</ele>
						<time>2019-08-07T17:24:50Z</time>
					</trkpt>
					<trkpt lat="42.885820" lon="1.900320">
						<ele>542</ele>
						<time>2019-08-07T17:24:50Z</time>
					</trkpt>
					<trkpt lat="42.885820" lon="1.900260">
						<ele>542</ele>
						<time>2019-08-07T17:24:51Z</time>
					</trkpt>
					<trkpt lat="42.885590" lon="1.899160">
						<ele>541</ele>
						<time>2019-08-07T17:25:06Z</time>
					</trkpt>
					<trkpt lat="42.885420" lon="1.898510">
						<ele>545</ele>
						<time>2019-08-07T17:25:15Z</time>
					</trkpt>
					<trkpt lat="42.885340" lon="1.898340">
						<ele>545</ele>
						<time>2019-08-07T17:25:18Z</time>
					</trkpt>
					<trkpt lat="42.885250" lon="1.898230">
						<ele>546</ele>
						<time>2019-08-07T17:25:20Z</time>
					</trkpt>
					<trkpt lat="42.885160" lon="1.898190">
						<ele>545</ele>
						<time>2019-08-07T17:25:21Z</time>
					</trkpt>
					<trkpt lat="42.884810" lon="1.898110">
						<ele>543</ele>
						<time>2019-08-07T17:25:28Z</time>
					</trkpt>
					<trkpt lat="42.884710" lon="1.898040">
						<ele>543</ele>
						<time>2019-08-07T17:25:30Z</time>
					</trkpt>
					<trkpt lat="42.884560" lon="1.897840">
						<ele>544</ele>
						<time>2019-08-07T17:25:33Z</time>
					</trkpt>
					<trkpt lat="42.883680" lon="1.896910">
						<ele>546</ele>
						<time>2019-08-07T17:25:53Z</time>
					</trkpt>
					<trkpt lat="42.883530" lon="1.896650">
						<ele>545</ele>
						<time>2019-08-07T17:25:58Z</time>
					</trkpt>
					<trkpt lat="42.883410" lon="1.896470">
						<ele>545</ele>
						<time>2019-08-07T17:26:01Z</time>
					</trkpt>
					<trkpt lat="42.883270" lon="1.896350">
						<ele>545</ele>
						<time>2019-08-07T17:26:04Z</time>
					</trkpt>
					<trkpt lat="42.882510" lon="1.895960">
						<ele>543</ele>
						<time>2019-08-07T17:26:18Z</time>
					</trkpt>
					<trkpt lat="42.882370" lon="1.895860">
						<ele>543</ele>
						<time>2019-08-07T17:26:21Z</time>
					</trkpt>
					<trkpt lat="42.881640" lon="1.895210">
						<ele>544</ele>
						<time>2019-08-07T17:26:36Z</time>
					</trkpt>
					<trkpt lat="42.881320" lon="1.895000">
						<ele>545</ele>
						<time>2019-08-07T17:26:43Z</time>
					</trkpt>
					<trkpt lat="42.880830" lon="1.894720">
						<ele>547</ele>
						<time>2019-08-07T17:26:52Z</time>
					</trkpt>
					<trkpt lat="42.880700" lon="1.894620">
						<ele>548</ele>
						<time>2019-08-07T17:26:55Z</time>
					</trkpt>
					<trkpt lat="42.880440" lon="1.894070">
						<ele>549</ele>
						<time>2019-08-07T17:27:03Z</time>
					</trkpt>
					<trkpt lat="42.880450" lon="1.893880">
						<ele>550</ele>
						<time>2019-08-07T17:27:06Z</time>
					</trkpt>
					<trkpt lat="42.880440" lon="1.893350">
						<ele>553</ele>
						<time>2019-08-07T17:27:13Z</time>
					</trkpt>
					<trkpt lat="42.880510" lon="1.893050">
						<ele>554</ele>
						<time>2019-08-07T17:27:17Z</time>
					</trkpt>
					<trkpt lat="42.880520" lon="1.892310">
						<ele>557</ele>
						<time>2019-08-07T17:27:27Z</time>
					</trkpt>
					<trkpt lat="42.880450" lon="1.891940">
						<ele>557</ele>
						<time>2019-08-07T17:27:32Z</time>
					</trkpt>
					<trkpt lat="42.880220" lon="1.891300">
						<ele>554</ele>
						<time>2019-08-07T17:27:41Z</time>
					</trkpt>
					<trkpt lat="42.880190" lon="1.891030">
						<ele>554</ele>
						<time>2019-08-07T17:27:44Z</time>
					</trkpt>
					<trkpt lat="42.880260" lon="1.890700">
						<ele>555</ele>
						<time>2019-08-07T17:27:49Z</time>
					</trkpt>
					<trkpt lat="42.880700" lon="1.888970">
						<ele>562</ele>
						<time>2019-08-07T17:28:13Z</time>
					</trkpt>
					<trkpt lat="42.881560" lon="1.886990">
						<ele>568</ele>
						<time>2019-08-07T17:28:43Z</time>
					</trkpt>
					<trkpt lat="42.881670" lon="1.886790">
						<ele>568</ele>
						<time>2019-08-07T17:28:46Z</time>
					</trkpt>
					<trkpt lat="42.881840" lon="1.886540">
						<ele>572</ele>
						<time>2019-08-07T17:28:50Z</time>
					</trkpt>
					<trkpt lat="42.882140" lon="1.886260">
						<ele>578</ele>
						<time>2019-08-07T17:28:57Z</time>
					</trkpt>
					<trkpt lat="42.882220" lon="1.886150">
						<ele>579</ele>
						<time>2019-08-07T17:28:59Z</time>
					</trkpt>
					<trkpt lat="42.882250" lon="1.886040">
						<ele>579</ele>
						<time>2019-08-07T17:29:00Z</time>
					</trkpt>
					<trkpt lat="42.882250" lon="1.885890">
						<ele>578</ele>
						<time>2019-08-07T17:29:02Z</time>
					</trkpt>
					<trkpt lat="42.882180" lon="1.885500">
						<ele>573</ele>
						<time>2019-08-07T17:29:08Z</time>
					</trkpt>
					<trkpt lat="42.882190" lon="1.885270">
						<ele>572</ele>
						<time>2019-08-07T17:29:11Z</time>
					</trkpt>
					<trkpt lat="42.882270" lon="1.884680">
						<ele>570</ele>
						<time>2019-08-07T17:29:18Z</time>
					</trkpt>
					<trkpt lat="42.882350" lon="1.884460">
						<ele>570</ele>
						<time>2019-08-07T17:29:22Z</time>
					</trkpt>
					<trkpt lat="42.882480" lon="1.884250">
						<ele>570</ele>
						<time>2019-08-07T17:29:25Z</time>
					</trkpt>
					<trkpt lat="42.882890" lon="1.883740">
						<ele>579</ele>
						<time>2019-08-07T17:29:35Z</time>
					</trkpt>
					<trkpt lat="42.883000" lon="1.883520">
						<ele>581</ele>
						<time>2019-08-07T17:29:39Z</time>
					</trkpt>
					<trkpt lat="42.883080" lon="1.883280">
						<ele>581</ele>
						<time>2019-08-07T17:29:42Z</time>
					</trkpt>
					<trkpt lat="42.883150" lon="1.882940">
						<ele>582</ele>
						<time>2019-08-07T17:29:47Z</time>
					</trkpt>
					<trkpt lat="42.883190" lon="1.882570">
						<ele>582</ele>
						<time>2019-08-07T17:29:52Z</time>
					</trkpt>
					<trkpt lat="42.883200" lon="1.882170">
						<ele>582</ele>
						<time>2019-08-07T17:29:57Z</time>
					</trkpt>
					<trkpt lat="42.883190" lon="1.881840">
						<ele>581</ele>
						<time>2019-08-07T17:30:01Z</time>
					</trkpt>
					<trkpt lat="42.883190" lon="1.881550">
						<ele>581</ele>
						<time>2019-08-07T17:30:05Z</time>
					</trkpt>
					<trkpt lat="42.883210" lon="1.881320">
						<ele>582</ele>
						<time>2019-08-07T17:30:08Z</time>
					</trkpt>
					<trkpt lat="42.883260" lon="1.881000">
						<ele>582</ele>
						<time>2019-08-07T17:30:12Z</time>
					</trkpt>
					<trkpt lat="42.883500" lon="1.879970">
						<ele>585</ele>
						<time>2019-08-07T17:30:26Z</time>
					</trkpt>
					<trkpt lat="42.883580" lon="1.879430">
						<ele>588</ele>
						<time>2019-08-07T17:30:33Z</time>
					</trkpt>
					<trkpt lat="42.883800" lon="1.877360">
						<ele>595</ele>
						<time>2019-08-07T17:31:01Z</time>
					</trkpt>
					<trkpt lat="42.883810" lon="1.877070">
						<ele>595</ele>
						<time>2019-08-07T17:31:04Z</time>
					</trkpt>
					<trkpt lat="42.883780" lon="1.876510">
						<ele>595</ele>
						<time>2019-08-07T17:31:12Z</time>
					</trkpt>
					<trkpt lat="42.883790" lon="1.876230">
						<ele>595</ele>
						<time>2019-08-07T17:31:15Z</time>
					</trkpt>
					<trkpt lat="42.883840" lon="1.875470">
						<ele>599</ele>
						<time>2019-08-07T17:31:25Z</time>
					</trkpt>
					<trkpt lat="42.883830" lon="1.875140">
						<ele>601</ele>
						<time>2019-08-07T17:31:30Z</time>
					</trkpt>
					<trkpt lat="42.883790" lon="1.874810">
						<ele>602</ele>
						<time>2019-08-07T17:31:34Z</time>
					</trkpt>
					<trkpt lat="42.883690" lon="1.874340">
						<ele>600</ele>
						<time>2019-08-07T17:31:40Z</time>
					</trkpt>
					<trkpt lat="42.883670" lon="1.874170">
						<ele>600</ele>
						<time>2019-08-07T17:31:43Z</time>
					</trkpt>
					<trkpt lat="42.883680" lon="1.874000">
						<ele>600</ele>
						<time>2019-08-07T17:31:45Z</time>
					</trkpt>
					<trkpt lat="42.883890" lon="1.873140">
						<ele>605</ele>
						<time>2019-08-07T17:31:57Z</time>
					</trkpt>
					<trkpt lat="42.883910" lon="1.872940">
						<ele>606</ele>
						<time>2019-08-07T17:31:59Z</time>
					</trkpt>
					<trkpt lat="42.883980" lon="1.871700">
						<ele>603</ele>
						<time>2019-08-07T17:32:16Z</time>
					</trkpt>
					<trkpt lat="42.884100" lon="1.868870">
						<ele>601</ele>
						<time>2019-08-07T17:32:53Z</time>
					</trkpt>
					<trkpt lat="42.884090" lon="1.868590">
						<ele>601</ele>
						<time>2019-08-07T17:32:56Z</time>
					</trkpt>
					<trkpt lat="42.883830" lon="1.866560">
						<ele>611</ele>
						<time>2019-08-07T17:33:23Z</time>
					</trkpt>
					<trkpt lat="42.883730" lon="1.866120">
						<ele>613</ele>
						<time>2019-08-07T17:33:29Z</time>
					</trkpt>
					<trkpt lat="42.883660" lon="1.866020">
						<ele>614</ele>
						<time>2019-08-07T17:33:31Z</time>
					</trkpt>
					<trkpt lat="42.883550" lon="1.865930">
						<ele>614</ele>
						<time>2019-08-07T17:33:33Z</time>
					</trkpt>
					<trkpt lat="42.883100" lon="1.865660">
						<ele>618</ele>
						<time>2019-08-07T17:33:42Z</time>
					</trkpt>
					<trkpt lat="42.882650" lon="1.865350">
						<ele>626</ele>
						<time>2019-08-07T17:33:51Z</time>
					</trkpt>
					<trkpt lat="42.882420" lon="1.865230">
						<ele>628</ele>
						<time>2019-08-07T17:33:55Z</time>
					</trkpt>
					<trkpt lat="42.881780" lon="1.865000">
						<ele>630</ele>
						<time>2019-08-07T17:34:07Z</time>
					</trkpt>
					<trkpt lat="42.881640" lon="1.864930">
						<ele>632</ele>
						<time>2019-08-07T17:34:10Z</time>
					</trkpt>
					<trkpt lat="42.881580" lon="1.864840">
						<ele>637</ele>
						<time>2019-08-07T17:34:11Z</time>
					</trkpt>
					<trkpt lat="42.881430" lon="1.863860">
						<ele>651</ele>
						<time>2019-08-07T17:34:24Z</time>
					</trkpt>
					<trkpt lat="42.881430" lon="1.863670">
						<ele>649</ele>
						<time>2019-08-07T17:34:27Z</time>
					</trkpt>
					<trkpt lat="42.881480" lon="1.863500">
						<ele>644</ele>
						<time>2019-08-07T17:34:29Z</time>
					</trkpt>
					<trkpt lat="42.881710" lon="1.862980">
						<ele>634</ele>
						<time>2019-08-07T17:34:37Z</time>
					</trkpt>
					<trkpt lat="42.881760" lon="1.862750">
						<ele>637</ele>
						<time>2019-08-07T17:34:40Z</time>
					</trkpt>
					<trkpt lat="42.881760" lon="1.862530">
						<ele>636</ele>
						<time>2019-08-07T17:34:43Z</time>
					</trkpt>
					<trkpt lat="42.881720" lon="1.862300">
						<ele>636</ele>
						<time>2019-08-07T17:34:46Z</time>
					</trkpt>
					<trkpt lat="42.881490" lon="1.861680">
						<ele>644</ele>
						<time>2019-08-07T17:34:55Z</time>
					</trkpt>
					<trkpt lat="42.881240" lon="1.860900">
						<ele>645</ele>
						<time>2019-08-07T17:35:06Z</time>
					</trkpt>
					<trkpt lat="42.881220" lon="1.860770">
						<ele>644</ele>
						<time>2019-08-07T17:35:08Z</time>
					</trkpt>
					<trkpt lat="42.881220" lon="1.860610">
						<ele>644</ele>
						<time>2019-08-07T17:35:10Z</time>
					</trkpt>
					<trkpt lat="42.881260" lon="1.860430">
						<ele>644</ele>
						<time>2019-08-07T17:35:13Z</time>
					</trkpt>
					<trkpt lat="42.881410" lon="1.859770">
						<ele>645</ele>
						<time>2019-08-07T17:35:22Z</time>
					</trkpt>
					<trkpt lat="42.881480" lon="1.859610">
						<ele>645</ele>
						<time>2019-08-07T17:35:24Z</time>
					</trkpt>
					<trkpt lat="42.881630" lon="1.859400">
						<ele>645</ele>
						<time>2019-08-07T17:35:28Z</time>
					</trkpt>
					<trkpt lat="42.881670" lon="1.859310">
						<ele>645</ele>
						<time>2019-08-07T17:35:29Z</time>
					</trkpt>
					<trkpt lat="42.881640" lon="1.858900">
						<ele>644</ele>
						<time>2019-08-07T17:35:35Z</time>
					</trkpt>
					<trkpt lat="42.881650" lon="1.858750">
						<ele>644</ele>
						<time>2019-08-07T17:35:37Z</time>
					</trkpt>
					<trkpt lat="42.881810" lon="1.858130">
						<ele>649</ele>
						<time>2019-08-07T17:35:45Z</time>
					</trkpt>
					<trkpt lat="42.881830" lon="1.857970">
						<ele>650</ele>
						<time>2019-08-07T17:35:47Z</time>
					</trkpt>
					<trkpt lat="42.881830" lon="1.857830">
						<ele>650</ele>
						<time>2019-08-07T17:35:49Z</time>
					</trkpt>
					<trkpt lat="42.881810" lon="1.857700">
						<ele>649</ele>
						<time>2019-08-07T17:35:51Z</time>
					</trkpt>
					<trkpt lat="42.881650" lon="1.857110">
						<ele>646</ele>
						<time>2019-08-07T17:35:59Z</time>
					</trkpt>
					<trkpt lat="42.881620" lon="1.856880">
						<ele>647</ele>
						<time>2019-08-07T17:36:02Z</time>
					</trkpt>
					<trkpt lat="42.881510" lon="1.855740">
						<ele>658</ele>
						<time>2019-08-07T17:36:17Z</time>
					</trkpt>
					<trkpt lat="42.881520" lon="1.854890">
						<ele>664</ele>
						<time>2019-08-07T17:36:28Z</time>
					</trkpt>
					<trkpt lat="42.881480" lon="1.854440">
						<ele>663</ele>
						<time>2019-08-07T17:36:34Z</time>
					</trkpt>
					<trkpt lat="42.881170" lon="1.852920">
						<ele>658</ele>
						<time>2019-08-07T17:36:55Z</time>
					</trkpt>
					<trkpt lat="42.880930" lon="1.851450">
						<ele>660</ele>
						<time>2019-08-07T17:37:14Z</time>
					</trkpt>
					<trkpt lat="42.880540" lon="1.850190">
						<ele>665</ele>
						<time>2019-08-07T17:37:32Z</time>
					</trkpt>
					<trkpt lat="42.880430" lon="1.849590">
						<ele>669</ele>
						<time>2019-08-07T17:37:40Z</time>
					</trkpt>
					<trkpt lat="42.880360" lon="1.848900">
						<ele>673</ele>
						<time>2019-08-07T17:37:49Z</time>
					</trkpt>
					<trkpt lat="42.880300" lon="1.848210">
						<ele>674</ele>
						<time>2019-08-07T17:37:58Z</time>
					</trkpt>
					<trkpt lat="42.880290" lon="1.847740">
						<ele>675</ele>
						<time>2019-08-07T17:38:04Z</time>
					</trkpt>
					<trkpt lat="42.880330" lon="1.847100">
						<ele>678</ele>
						<time>2019-08-07T17:38:13Z</time>
					</trkpt>
					<trkpt lat="42.880310" lon="1.845980">
						<ele>679</ele>
						<time>2019-08-07T17:38:27Z</time>
					</trkpt>
					<trkpt lat="42.880330" lon="1.844870">
						<ele>685</ele>
						<time>2019-08-07T17:38:42Z</time>
					</trkpt>
					<trkpt lat="42.880310" lon="1.843980">
						<ele>691</ele>
						<time>2019-08-07T17:38:53Z</time>
					</trkpt>
					<trkpt lat="42.880340" lon="1.843660">
						<ele>694</ele>
						<time>2019-08-07T17:38:58Z</time>
					</trkpt>
					<trkpt lat="42.880580" lon="1.842990">
						<ele>703</ele>
						<time>2019-08-07T17:39:07Z</time>
					</trkpt>
					<trkpt lat="42.880660" lon="1.842640">
						<ele>703</ele>
						<time>2019-08-07T17:39:12Z</time>
					</trkpt>
					<trkpt lat="42.880740" lon="1.842210">
						<ele>704</ele>
						<time>2019-08-07T17:39:18Z</time>
					</trkpt>
					<trkpt lat="42.880860" lon="1.842070">
						<ele>705</ele>
						<time>2019-08-07T17:39:21Z</time>
					</trkpt>
					<trkpt lat="42.881140" lon="1.841850">
						<ele>709</ele>
						<time>2019-08-07T17:39:27Z</time>
					</trkpt>
					<trkpt lat="42.881440" lon="1.841570">
						<ele>712</ele>
						<time>2019-08-07T17:39:33Z</time>
					</trkpt>
					<trkpt lat="42.881640" lon="1.841290">
						<ele>713</ele>
						<time>2019-08-07T17:39:38Z</time>
					</trkpt>
					<trkpt lat="42.881730" lon="1.841060">
						<ele>714</ele>
						<time>2019-08-07T17:39:41Z</time>
					</trkpt>
					<trkpt lat="42.881750" lon="1.840930">
						<ele>715</ele>
						<time>2019-08-07T17:39:43Z</time>
					</trkpt>
					<trkpt lat="42.881750" lon="1.840800">
						<ele>715</ele>
						<time>2019-08-07T17:39:45Z</time>
					</trkpt>
					<trkpt lat="42.881690" lon="1.840680">
						<ele>714</ele>
						<time>2019-08-07T17:39:47Z</time>
					</trkpt>
					<trkpt lat="42.881560" lon="1.840650">
						<ele>716</ele>
						<time>2019-08-07T17:39:49Z</time>
					</trkpt>
					<trkpt lat="42.881460" lon="1.840710">
						<ele>716</ele>
						<time>2019-08-07T17:39:51Z</time>
					</trkpt>
					<trkpt lat="42.881390" lon="1.840830">
						<ele>715</ele>
						<time>2019-08-07T17:39:53Z</time>
					</trkpt>
					<trkpt lat="42.881290" lon="1.840930">
						<ele>716</ele>
						<time>2019-08-07T17:39:55Z</time>
					</trkpt>
					<trkpt lat="42.881110" lon="1.841000">
						<ele>716</ele>
						<time>2019-08-07T17:39:59Z</time>
					</trkpt>
					<trkpt lat="42.880450" lon="1.841100">
						<ele>725</ele>
						<time>2019-08-07T17:40:10Z</time>
					</trkpt>
					<trkpt lat="42.880180" lon="1.841100">
						<ele>731</ele>
						<time>2019-08-07T17:40:15Z</time>
					</trkpt>
					<trkpt lat="42.880050" lon="1.841190">
						<ele>731</ele>
						<time>2019-08-07T17:40:18Z</time>
					</trkpt>
					<trkpt lat="42.879580" lon="1.841690">
						<ele>730</ele>
						<time>2019-08-07T17:40:28Z</time>
					</trkpt>
					<trkpt lat="42.879360" lon="1.841960">
						<ele>730</ele>
						<time>2019-08-07T17:40:34Z</time>
					</trkpt>
					<trkpt lat="42.879250" lon="1.842060">
						<ele>731</ele>
						<time>2019-08-07T17:40:36Z</time>
					</trkpt>
					<trkpt lat="42.879200" lon="1.842080">
						<ele>732</ele>
						<time>2019-08-07T17:40:37Z</time>
					</trkpt>
					<trkpt lat="42.879120" lon="1.842060">
						<ele>733</ele>
						<time>2019-08-07T17:40:38Z</time>
					</trkpt>
					<trkpt lat="42.878830" lon="1.841890">
						<ele>741</ele>
						<time>2019-08-07T17:40:44Z</time>
					</trkpt>
					<trkpt lat="42.878710" lon="1.841870">
						<ele>742</ele>
						<time>2019-08-07T17:40:46Z</time>
					</trkpt>
					<trkpt lat="42.878340" lon="1.841910">
						<ele>743</ele>
						<time>2019-08-07T17:40:53Z</time>
					</trkpt>
					<trkpt lat="42.877820" lon="1.841870">
						<ele>741</ele>
						<time>2019-08-07T17:41:02Z</time>
					</trkpt>
					<trkpt lat="42.877640" lon="1.841830">
						<ele>741</ele>
						<time>2019-08-07T17:41:05Z</time>
					</trkpt>
					<trkpt lat="42.877450" lon="1.841740">
						<ele>742</ele>
						<time>2019-08-07T17:41:09Z</time>
					</trkpt>
					<trkpt lat="42.877280" lon="1.841620">
						<ele>741</ele>
						<time>2019-08-07T17:41:12Z</time>
					</trkpt>
					<trkpt lat="42.877070" lon="1.841390">
						<ele>742</ele>
						<time>2019-08-07T17:41:17Z</time>
					</trkpt>
					<trkpt lat="42.877020" lon="1.841300">
						<ele>743</ele>
						<time>2019-08-07T17:41:19Z</time>
					</trkpt>
					<trkpt lat="42.876950" lon="1.841020">
						<ele>748</ele>
						<time>2019-08-07T17:41:22Z</time>
					</trkpt>
					<trkpt lat="42.876880" lon="1.840870">
						<ele>750</ele>
						<time>2019-08-07T17:41:25Z</time>
					</trkpt>
					<trkpt lat="42.876780" lon="1.840730">
						<ele>761</ele>
						<time>2019-08-07T17:41:27Z</time>
					</trkpt>
					<trkpt lat="42.876550" lon="1.840540">
						<ele>779</ele>
						<time>2019-08-07T17:41:32Z</time>
					</trkpt>
					<trkpt lat="42.876110" lon="1.840250">
						<ele>791</ele>
						<time>2019-08-07T17:41:41Z</time>
					</trkpt>
					<trkpt lat="42.875950" lon="1.840160">
						<ele>787</ele>
						<time>2019-08-07T17:41:44Z</time>
					</trkpt>
					<trkpt lat="42.875610" lon="1.840070">
						<ele>777</ele>
						<time>2019-08-07T17:41:50Z</time>
					</trkpt>
					<trkpt lat="42.875480" lon="1.840000">
						<ele>774</ele>
						<time>2019-08-07T17:41:53Z</time>
					</trkpt>
					<trkpt lat="42.875120" lon="1.839720">
						<ele>783</ele>
						<time>2019-08-07T17:42:00Z</time>
					</trkpt>
					<trkpt lat="42.874720" lon="1.839320">
						<ele>796</ele>
						<time>2019-08-07T17:42:09Z</time>
					</trkpt>
					<trkpt lat="42.874430" lon="1.839080">
						<ele>791</ele>
						<time>2019-08-07T17:42:15Z</time>
					</trkpt>
					<trkpt lat="42.874310" lon="1.838960">
						<ele>790</ele>
						<time>2019-08-07T17:42:17Z</time>
					</trkpt>
					<trkpt lat="42.874040" lon="1.838500">
						<ele>801</ele>
						<time>2019-08-07T17:42:25Z</time>
					</trkpt>
					<trkpt lat="42.873910" lon="1.838350">
						<ele>805</ele>
						<time>2019-08-07T17:42:28Z</time>
					</trkpt>
					<trkpt lat="42.873720" lon="1.838250">
						<ele>807</ele>
						<time>2019-08-07T17:42:32Z</time>
					</trkpt>
					<trkpt lat="42.873510" lon="1.838180">
						<ele>804</ele>
						<time>2019-08-07T17:42:36Z</time>
					</trkpt>
					<trkpt lat="42.873010" lon="1.838090">
						<ele>806</ele>
						<time>2019-08-07T17:42:45Z</time>
					</trkpt>
					<trkpt lat="42.872770" lon="1.838090">
						<ele>809</ele>
						<time>2019-08-07T17:42:49Z</time>
					</trkpt>
					<trkpt lat="42.872640" lon="1.838130">
						<ele>809</ele>
						<time>2019-08-07T17:42:51Z</time>
					</trkpt>
					<trkpt lat="42.872400" lon="1.838310">
						<ele>811</ele>
						<time>2019-08-07T17:42:56Z</time>
					</trkpt>
					<trkpt lat="42.872350" lon="1.838300">
						<ele>813</ele>
						<time>2019-08-07T17:42:57Z</time>
					</trkpt>
					<trkpt lat="42.872310" lon="1.838270">
						<ele>815</ele>
						<time>2019-08-07T17:42:58Z</time>
					</trkpt>
					<trkpt lat="42.872290" lon="1.838220">
						<ele>817</ele>
						<time>2019-08-07T17:42:59Z</time>
					</trkpt>
					<trkpt lat="42.872290" lon="1.838140">
						<ele>818</ele>
						<time>2019-08-07T17:43:00Z</time>
					</trkpt>
					<trkpt lat="42.872340" lon="1.838050">
						<ele>818</ele>
						<time>2019-08-07T17:43:01Z</time>
					</trkpt>
					<trkpt lat="42.872480" lon="1.837970">
						<ele>815</ele>
						<time>2019-08-07T17:43:04Z</time>
					</trkpt>
					<trkpt lat="42.872660" lon="1.837910">
						<ele>815</ele>
						<time>2019-08-07T17:43:07Z</time>
					</trkpt>
					<trkpt lat="42.872810" lon="1.837920">
						<ele>813</ele>
						<time>2019-08-07T17:43:10Z</time>
					</trkpt>
					<trkpt lat="42.872920" lon="1.837900">
						<ele>813</ele>
						<time>2019-08-07T17:43:12Z</time>
					</trkpt>
					<trkpt lat="42.872970" lon="1.837800">
						<ele>816</ele>
						<time>2019-08-07T17:43:13Z</time>
					</trkpt>
					<trkpt lat="42.872950" lon="1.837700">
						<ele>820</ele>
						<time>2019-08-07T17:43:15Z</time>
					</trkpt>
					<trkpt lat="42.872840" lon="1.837660">
						<ele>821</ele>
						<time>2019-08-07T17:43:17Z</time>
					</trkpt>
					<trkpt lat="42.872350" lon="1.837840">
						<ele>822</ele>
						<time>2019-08-07T17:43:26Z</time>
					</trkpt>
					<trkpt lat="42.872180" lon="1.837940">
						<ele>826</ele>
						<time>2019-08-07T17:43:29Z</time>
					</trkpt>
					<trkpt lat="42.871740" lon="1.838330">
						<ele>834</ele>
						<time>2019-08-07T17:43:38Z</time>
					</trkpt>
					<trkpt lat="42.871670" lon="1.838350">
						<ele>837</ele>
						<time>2019-08-07T17:43:40Z</time>
					</trkpt>
					<trkpt lat="42.871620" lon="1.838310">
						<ele>838</ele>
						<time>2019-08-07T17:43:41Z</time>
					</trkpt>
					<trkpt lat="42.871590" lon="1.838270">
						<ele>839</ele>
						<time>2019-08-07T17:43:41Z</time>
					</trkpt>
					<trkpt lat="42.871590" lon="1.838190">
						<ele>840</ele>
						<time>2019-08-07T17:43:42Z</time>
					</trkpt>
					<trkpt lat="42.871600" lon="1.838130">
						<ele>841</ele>
						<time>2019-08-07T17:43:43Z</time>
					</trkpt>
					<trkpt lat="42.871670" lon="1.838070">
						<ele>841</ele>
						<time>2019-08-07T17:43:45Z</time>
					</trkpt>
					<trkpt lat="42.871830" lon="1.838000">
						<ele>837</ele>
						<time>2019-08-07T17:43:48Z</time>
					</trkpt>
					<trkpt lat="42.871950" lon="1.837910">
						<ele>834</ele>
						<time>2019-08-07T17:43:50Z</time>
					</trkpt>
					<trkpt lat="42.872230" lon="1.837630">
						<ele>830</ele>
						<time>2019-08-07T17:43:56Z</time>
					</trkpt>
					<trkpt lat="42.872340" lon="1.837540">
						<ele>828</ele>
						<time>2019-08-07T17:43:59Z</time>
					</trkpt>
					<trkpt lat="42.872510" lon="1.837470">
						<ele>826</ele>
						<time>2019-08-07T17:44:02Z</time>
					</trkpt>
					<trkpt lat="42.872710" lon="1.837400">
						<ele>830</ele>
						<time>2019-08-07T17:44:05Z</time>
					</trkpt>
					<trkpt lat="42.872800" lon="1.837310">
						<ele>835</ele>
						<time>2019-08-07T17:44:07Z</time>
					</trkpt>
					<trkpt lat="42.872790" lon="1.837200">
						<ele>840</ele>
						<time>2019-08-07T17:44:09Z</time>
					</trkpt>
					<trkpt lat="42.872700" lon="1.837140">
						<ele>843</ele>
						<time>2019-08-07T17:44:11Z</time>
					</trkpt>
					<trkpt lat="42.872580" lon="1.837200">
						<ele>839</ele>
						<time>2019-08-07T17:44:13Z</time>
					</trkpt>
					<trkpt lat="42.871980" lon="1.837570">
						<ele>839</ele>
						<time>2019-08-07T17:44:25Z</time>
					</trkpt>
					<trkpt lat="42.871690" lon="1.837720">
						<ele>846</ele>
						<time>2019-08-07T17:44:30Z</time>
					</trkpt>
					<trkpt lat="42.870960" lon="1.837940">
						<ele>851</ele>
						<time>2019-08-07T17:44:43Z</time>
					</trkpt>
					<trkpt lat="42.870660" lon="1.837930">
						<ele>853</ele>
						<time>2019-08-07T17:44:49Z</time>
					</trkpt>
					<trkpt lat="42.869520" lon="1.837800">
						<ele>854</ele>
						<time>2019-08-07T17:45:09Z</time>
					</trkpt>
					<trkpt lat="42.869260" lon="1.837700">
						<ele>854</ele>
						<time>2019-08-07T17:45:14Z</time>
					</trkpt>
					<trkpt lat="42.869060" lon="1.837530">
						<ele>855</ele>
						<time>2019-08-07T17:45:18Z</time>
					</trkpt>
					<trkpt lat="42.868910" lon="1.837350">
						<ele>857</ele>
						<time>2019-08-07T17:45:22Z</time>
					</trkpt>
					<trkpt lat="42.867750" lon="1.835080">
						<ele>873</ele>
						<time>2019-08-07T17:45:58Z</time>
					</trkpt>
					<trkpt lat="42.867570" lon="1.834800">
						<ele>874</ele>
						<time>2019-08-07T17:46:03Z</time>
					</trkpt>
					<trkpt lat="42.867380" lon="1.834610">
						<ele>876</ele>
						<time>2019-08-07T17:46:07Z</time>
					</trkpt>
					<trkpt lat="42.867280" lon="1.834550">
						<ele>876</ele>
						<time>2019-08-07T17:46:09Z</time>
					</trkpt>
					<trkpt lat="42.866240" lon="1.834260">
						<ele>883</ele>
						<time>2019-08-07T17:46:28Z</time>
					</trkpt>
					<trkpt lat="42.866080" lon="1.834170">
						<ele>884</ele>
						<time>2019-08-07T17:46:31Z</time>
					</trkpt>
					<trkpt lat="42.865990" lon="1.834030">
						<ele>884</ele>
						<time>2019-08-07T17:46:33Z</time>
					</trkpt>
					<trkpt lat="42.865850" lon="1.833730">
						<ele>885</ele>
						<time>2019-08-07T17:46:38Z</time>
					</trkpt>
					<trkpt lat="42.865240" lon="1.832030">
						<ele>892</ele>
						<time>2019-08-07T17:47:02Z</time>
					</trkpt>
					<trkpt lat="42.865170" lon="1.831770">
						<ele>893</ele>
						<time>2019-08-07T17:47:06Z</time>
					</trkpt>
					<trkpt lat="42.865160" lon="1.831620">
						<ele>894</ele>
						<time>2019-08-07T17:47:08Z</time>
					</trkpt>
					<trkpt lat="42.865190" lon="1.831440">
						<ele>896</ele>
						<time>2019-08-07T17:47:10Z</time>
					</trkpt>
					<trkpt lat="42.865260" lon="1.831250">
						<ele>899</ele>
						<time>2019-08-07T17:47:13Z</time>
					</trkpt>
					<trkpt lat="42.865320" lon="1.831140">
						<ele>901</ele>
						<time>2019-08-07T17:47:15Z</time>
					</trkpt>
					<trkpt lat="42.865410" lon="1.831070">
						<ele>903</ele>
						<time>2019-08-07T17:47:17Z</time>
					</trkpt>
					<trkpt lat="42.865590" lon="1.831030">
						<ele>905</ele>
						<time>2019-08-07T17:47:20Z</time>
					</trkpt>
					<trkpt lat="42.865690" lon="1.831060">
						<ele>906</ele>
						<time>2019-08-07T17:47:22Z</time>
					</trkpt>
					<trkpt lat="42.866410" lon="1.831540">
						<ele>901</ele>
						<time>2019-08-07T17:47:36Z</time>
					</trkpt>
					<trkpt lat="42.866600" lon="1.831640">
						<ele>900</ele>
						<time>2019-08-07T17:47:40Z</time>
					</trkpt>
					<trkpt lat="42.867210" lon="1.831820">
						<ele>905</ele>
						<time>2019-08-07T17:47:51Z</time>
					</trkpt>
					<trkpt lat="42.867800" lon="1.832060">
						<ele>909</ele>
						<time>2019-08-07T17:48:02Z</time>
					</trkpt>
					<trkpt lat="42.868360" lon="1.832390">
						<ele>911</ele>
						<time>2019-08-07T17:48:13Z</time>
					</trkpt>
					<trkpt lat="42.868620" lon="1.832510">
						<ele>913</ele>
						<time>2019-08-07T17:48:18Z</time>
					</trkpt>
					<trkpt lat="42.868970" lon="1.832580">
						<ele>917</ele>
						<time>2019-08-07T17:48:24Z</time>
					</trkpt>
					<trkpt lat="42.869250" lon="1.832570">
						<ele>921</ele>
						<time>2019-08-07T17:48:29Z</time>
					</trkpt>
					<trkpt lat="42.870310" lon="1.832320">
						<ele>931</ele>
						<time>2019-08-07T17:48:48Z</time>
					</trkpt>
					<trkpt lat="42.871320" lon="1.832320">
						<ele>940</ele>
						<time>2019-08-07T17:49:06Z</time>
					</trkpt>
					<trkpt lat="42.871400" lon="1.832290">
						<ele>942</ele>
						<time>2019-08-07T17:49:07Z</time>
					</trkpt>
					<trkpt lat="42.871460" lon="1.832230">
						<ele>943</ele>
						<time>2019-08-07T17:49:09Z</time>
					</trkpt>
					<trkpt lat="42.871480" lon="1.832170">
						<ele>945</ele>
						<time>2019-08-07T17:49:10Z</time>
					</trkpt>
					<trkpt lat="42.871470" lon="1.832110">
						<ele>946</ele>
						<time>2019-08-07T17:49:10Z</time>
					</trkpt>
					<trkpt lat="42.871440" lon="1.832050">
						<ele>946</ele>
						<time>2019-08-07T17:49:11Z</time>
					</trkpt>
					<trkpt lat="42.871040" lon="1.831670">
						<ele>949</ele>
						<time>2019-08-07T17:49:20Z</time>
					</trkpt>
					<trkpt lat="42.870760" lon="1.831500">
						<ele>953</ele>
						<time>2019-08-07T17:49:26Z</time>
					</trkpt>
					<trkpt lat="42.870710" lon="1.831440">
						<ele>956</ele>
						<time>2019-08-07T17:49:27Z</time>
					</trkpt>
					<trkpt lat="42.870690" lon="1.831360">
						<ele>958</ele>
						<time>2019-08-07T17:49:28Z</time>
					</trkpt>
					<trkpt lat="42.870410" lon="1.831510">
						<ele>955</ele>
						<time>2019-08-07T17:49:33Z</time>
					</trkpt>
					<trkpt lat="42.870160" lon="1.831510">
						<ele>956</ele>
						<time>2019-08-07T17:49:38Z</time>
					</trkpt>
					<trkpt lat="42.869860" lon="1.831480">
						<ele>958</ele>
						<time>2019-08-07T17:49:43Z</time>
					</trkpt>
					<trkpt lat="42.869530" lon="1.831240">
						<ele>963</ele>
						<time>2019-08-07T17:49:50Z</time>
					</trkpt>
					<trkpt lat="42.869340" lon="1.830940">
						<ele>970</ele>
						<time>2019-08-07T17:49:55Z</time>
					</trkpt>
					<trkpt lat="42.869230" lon="1.830550">
						<ele>976</ele>
						<time>2019-08-07T17:50:00Z</time>
					</trkpt>
					<trkpt lat="42.869200" lon="1.830330">
						<ele>979</ele>
						<time>2019-08-07T17:50:03Z</time>
					</trkpt>
					<trkpt lat="42.869220" lon="1.830190">
						<ele>981</ele>
						<time>2019-08-07T17:50:05Z</time>
					</trkpt>
					<trkpt lat="42.869310" lon="1.830090">
						<ele>983</ele>
						<time>2019-08-07T17:50:07Z</time>
					</trkpt>
					<trkpt lat="42.869700" lon="1.829920">
						<ele>985</ele>
						<time>2019-08-07T17:50:14Z</time>
					</trkpt>
					<trkpt lat="42.869980" lon="1.829800">
						<ele>985</ele>
						<time>2019-08-07T17:50:20Z</time>
					</trkpt>
					<trkpt lat="42.870430" lon="1.829670">
						<ele>988</ele>
						<time>2019-08-07T17:50:28Z</time>
					</trkpt>
					<trkpt lat="42.870600" lon="1.829640">
						<ele>989</ele>
						<time>2019-08-07T17:50:31Z</time>
					</trkpt>
					<trkpt lat="42.871480" lon="1.829620">
						<ele>991</ele>
						<time>2019-08-07T17:50:46Z</time>
					</trkpt>
					<trkpt lat="42.871900" lon="1.829670">
						<ele>994</ele>
						<time>2019-08-07T17:50:54Z</time>
					</trkpt>
					<trkpt lat="42.872030" lon="1.829730">
						<ele>995</ele>
						<time>2019-08-07T17:50:56Z</time>
					</trkpt>
					<trkpt lat="42.872170" lon="1.829760">
						<ele>996</ele>
						<time>2019-08-07T17:50:59Z</time>
					</trkpt>
					<trkpt lat="42.872290" lon="1.829720">
						<ele>997</ele>
						<time>2019-08-07T17:51:01Z</time>
					</trkpt>
					<trkpt lat="42.872380" lon="1.829680">
						<ele>997</ele>
						<time>2019-08-07T17:51:03Z</time>
					</trkpt>
					<trkpt lat="42.872700" lon="1.829430">
						<ele>1004</ele>
						<time>2019-08-07T17:51:09Z</time>
					</trkpt>
					<trkpt lat="42.873540" lon="1.828690">
						<ele>1020</ele>
						<time>2019-08-07T17:51:27Z</time>
					</trkpt>
					<trkpt lat="42.873760" lon="1.828560">
						<ele>1023</ele>
						<time>2019-08-07T17:51:31Z</time>
					</trkpt>
					<trkpt lat="42.873850" lon="1.828540">
						<ele>1025</ele>
						<time>2019-08-07T17:51:33Z</time>
					</trkpt>
					<trkpt lat="42.873970" lon="1.828400">
						<ele>1026</ele>
						<time>2019-08-07T17:51:36Z</time>
					</trkpt>
					<trkpt lat="42.874150" lon="1.828050">
						<ele>1030</ele>
						<time>2019-08-07T17:51:41Z</time>
					</trkpt>
					<trkpt lat="42.874200" lon="1.827910">
						<ele>1031</ele>
						<time>2019-08-07T17:51:43Z</time>
					</trkpt>
					<trkpt lat="42.874230" lon="1.827710">
						<ele>1032</ele>
						<time>2019-08-07T17:51:46Z</time>
					</trkpt>
					<trkpt lat="42.874230" lon="1.827570">
						<ele>1032</ele>
						<time>2019-08-07T17:51:48Z</time>
					</trkpt>
					<trkpt lat="42.874200" lon="1.827400">
						<ele>1034</ele>
						<time>2019-08-07T17:51:50Z</time>
					</trkpt>
					<trkpt lat="42.874140" lon="1.827230">
						<ele>1035</ele>
						<time>2019-08-07T17:51:53Z</time>
					</trkpt>
					<trkpt lat="42.873980" lon="1.826980">
						<ele>1035</ele>
						<time>2019-08-07T17:51:57Z</time>
					</trkpt>
					<trkpt lat="42.873920" lon="1.826830">
						<ele>1036</ele>
						<time>2019-08-07T17:51:59Z</time>
					</trkpt>
					<trkpt lat="42.873890" lon="1.826680">
						<ele>1038</ele>
						<time>2019-08-07T17:52:01Z</time>
					</trkpt>
					<trkpt lat="42.873900" lon="1.826470">
						<ele>1041</ele>
						<time>2019-08-07T17:52:04Z</time>
					</trkpt>
					<trkpt lat="42.874010" lon="1.825900">
						<ele>1050</ele>
						<time>2019-08-07T17:52:12Z</time>
					</trkpt>
					<trkpt lat="42.874030" lon="1.825620">
						<ele>1053</ele>
						<time>2019-08-07T17:52:15Z</time>
					</trkpt>
					<trkpt lat="42.874030" lon="1.824760">
						<ele>1058</ele>
						<time>2019-08-07T17:52:27Z</time>
					</trkpt>
					<trkpt lat="42.874060" lon="1.824100">
						<ele>1060</ele>
						<time>2019-08-07T17:52:35Z</time>
					</trkpt>
					<trkpt lat="42.874100" lon="1.823780">
						<ele>1058</ele>
						<time>2019-08-07T17:52:39Z</time>
					</trkpt>
					<trkpt lat="42.874150" lon="1.823600">
						<ele>1056</ele>
						<time>2019-08-07T17:52:42Z</time>
					</trkpt>
					<trkpt lat="42.874240" lon="1.823400">
						<ele>1055</ele>
						<time>2019-08-07T17:52:45Z</time>
					</trkpt>
					<trkpt lat="42.874380" lon="1.823170">
						<ele>1053</ele>
						<time>2019-08-07T17:52:49Z</time>
					</trkpt>
					<trkpt lat="42.874540" lon="1.823000">
						<ele>1051</ele>
						<time>2019-08-07T17:52:53Z</time>
					</trkpt>
					<trkpt lat="42.875010" lon="1.822600">
						<ele>1044</ele>
						<time>2019-08-07T17:53:02Z</time>
					</trkpt>
					<trkpt lat="42.875820" lon="1.821760">
						<ele>1030</ele>
						<time>2019-08-07T17:53:20Z</time>
					</trkpt>
					<trkpt lat="42.875990" lon="1.821650">
						<ele>1029</ele>
						<time>2019-08-07T17:53:24Z</time>
					</trkpt>
					<trkpt lat="42.876130" lon="1.821600">
						<ele>1030</ele>
						<time>2019-08-07T17:53:26Z</time>
					</trkpt>
					<trkpt lat="42.876330" lon="1.821590">
						<ele>1033</ele>
						<time>2019-08-07T17:53:30Z</time>
					</trkpt>
					<trkpt lat="42.876450" lon="1.821560">
						<ele>1034</ele>
						<time>2019-08-07T17:53:32Z</time>
					</trkpt>
					<trkpt lat="42.876550" lon="1.821470">
						<ele>1033</ele>
						<time>2019-08-07T17:53:34Z</time>
					</trkpt>
					<trkpt lat="42.876790" lon="1.821100">
						<ele>1027</ele>
						<time>2019-08-07T17:53:41Z</time>
					</trkpt>
					<trkpt lat="42.876880" lon="1.820880">
						<ele>1024</ele>
						<time>2019-08-07T17:53:44Z</time>
					</trkpt>
					<trkpt lat="42.877030" lon="1.820150">
						<ele>1012</ele>
						<time>2019-08-07T17:53:54Z</time>
					</trkpt>
					<trkpt lat="42.877120" lon="1.819820">
						<ele>1008</ele>
						<time>2019-08-07T17:53:58Z</time>
					</trkpt>
					<trkpt lat="42.877250" lon="1.819480">
						<ele>1005</ele>
						<time>2019-08-07T17:54:03Z</time>
					</trkpt>
					<trkpt lat="42.877390" lon="1.819220">
						<ele>1003</ele>
						<time>2019-08-07T17:54:08Z</time>
					</trkpt>
					<trkpt lat="42.877460" lon="1.819120">
						<ele>1002</ele>
						<time>2019-08-07T17:54:09Z</time>
					</trkpt>
					<trkpt lat="42.877530" lon="1.819100">
						<ele>1002</ele>
						<time>2019-08-07T17:54:11Z</time>
					</trkpt>
					<trkpt lat="42.877590" lon="1.819140">
						<ele>1001</ele>
						<time>2019-08-07T17:54:12Z</time>
					</trkpt>
					<trkpt lat="42.877660" lon="1.819280">
						<ele>1002</ele>
						<time>2019-08-07T17:54:14Z</time>
					</trkpt>
					<trkpt lat="42.877930" lon="1.820060">
						<ele>1005</ele>
						<time>2019-08-07T17:54:25Z</time>
					</trkpt>
					<trkpt lat="42.878040" lon="1.820540">
						<ele>1006</ele>
						<time>2019-08-07T17:54:32Z</time>
					</trkpt>
					<trkpt lat="42.878110" lon="1.820640">
						<ele>1005</ele>
						<time>2019-08-07T17:54:34Z</time>
					</trkpt>
					<trkpt lat="42.878360" lon="1.820900">
						<ele>997</ele>
						<time>2019-08-07T17:54:39Z</time>
					</trkpt>
					<trkpt lat="42.878480" lon="1.821090">
						<ele>994</ele>
						<time>2019-08-07T17:54:43Z</time>
					</trkpt>
					<trkpt lat="42.878540" lon="1.821280">
						<ele>993</ele>
						<time>2019-08-07T17:54:45Z</time>
					</trkpt>
					<trkpt lat="42.878620" lon="1.821330">
						<ele>990</ele>
						<time>2019-08-07T17:54:47Z</time>
					</trkpt>
					<trkpt lat="42.878700" lon="1.821290">
						<ele>987</ele>
						<time>2019-08-07T17:54:48Z</time>
					</trkpt>
					<trkpt lat="42.878850" lon="1.821030">
						<ele>984</ele>
						<time>2019-08-07T17:54:53Z</time>
					</trkpt>
					<trkpt lat="42.879090" lon="1.820480">
						<ele>979</ele>
						<time>2019-08-07T17:55:01Z</time>
					</trkpt>
					<trkpt lat="42.879170" lon="1.820170">
						<ele>977</ele>
						<time>2019-08-07T17:55:05Z</time>
					</trkpt>
					<trkpt lat="42.879590" lon="1.818270">
						<ele>965</ele>
						<time>2019-08-07T17:55:31Z</time>
					</trkpt>
					<trkpt lat="42.879710" lon="1.818010">
						<ele>964</ele>
						<time>2019-08-07T17:55:35Z</time>
					</trkpt>
					<trkpt lat="42.879960" lon="1.817640">
						<ele>964</ele>
						<time>2019-08-07T17:55:42Z</time>
					</trkpt>
					<trkpt lat="42.880080" lon="1.817250">
						<ele>962</ele>
						<time>2019-08-07T17:55:47Z</time>
					</trkpt>
					<trkpt lat="42.880140" lon="1.816700">
						<ele>956</ele>
						<time>2019-08-07T17:55:55Z</time>
					</trkpt>
					<trkpt lat="42.880100" lon="1.816040">
						<ele>947</ele>
						<time>2019-08-07T17:56:03Z</time>
					</trkpt>
					<trkpt lat="42.880180" lon="1.815830">
						<ele>946</ele>
						<time>2019-08-07T17:56:06Z</time>
					</trkpt>
					<trkpt lat="42.880500" lon="1.815590">
						<ele>950</ele>
						<time>2019-08-07T17:56:13Z</time>
					</trkpt>
					<trkpt lat="42.880620" lon="1.815440">
						<ele>951</ele>
						<time>2019-08-07T17:56:16Z</time>
					</trkpt>
					<trkpt lat="42.880690" lon="1.815230">
						<ele>950</ele>
						<time>2019-08-07T17:56:19Z</time>
					</trkpt>
					<trkpt lat="42.880850" lon="1.814390">
						<ele>940</ele>
						<time>2019-08-07T17:56:30Z</time>
					</trkpt>
					<trkpt lat="42.880940" lon="1.813160">
						<ele>925</ele>
						<time>2019-08-07T17:56:46Z</time>
					</trkpt>
					<trkpt lat="42.881070" lon="1.812800">
						<ele>924</ele>
						<time>2019-08-07T17:56:51Z</time>
					</trkpt>
					<trkpt lat="42.881690" lon="1.811960">
						<ele>920</ele>
						<time>2019-08-07T17:57:07Z</time>
					</trkpt>
					<trkpt lat="42.882040" lon="1.811240">
						<ele>915</ele>
						<time>2019-08-07T17:57:18Z</time>
					</trkpt>
					<trkpt lat="42.882460" lon="1.810300">
						<ele>908</ele>
						<time>2019-08-07T17:57:33Z</time>
					</trkpt>
					<trkpt lat="42.882650" lon="1.809600">
						<ele>902</ele>
						<time>2019-08-07T17:57:42Z</time>
					</trkpt>
					<trkpt lat="42.882870" lon="1.808550">
						<ele>895</ele>
						<time>2019-08-07T17:57:56Z</time>
					</trkpt>
					<trkpt lat="42.882880" lon="1.808310">
						<ele>893</ele>
						<time>2019-08-07T17:58:00Z</time>
					</trkpt>
					<trkpt lat="42.882820" lon="1.807720">
						<ele>885</ele>
						<time>2019-08-07T17:58:07Z</time>
					</trkpt>
					<trkpt lat="42.882850" lon="1.807370">
						<ele>881</ele>
						<time>2019-08-07T17:58:12Z</time>
					</trkpt>
					<trkpt lat="42.882900" lon="1.807070">
						<ele>877</ele>
						<time>2019-08-07T17:58:16Z</time>
					</trkpt>
					<trkpt lat="42.883000" lon="1.806840">
						<ele>875</ele>
						<time>2019-08-07T17:58:19Z</time>
					</trkpt>
					<trkpt lat="42.883160" lon="1.806660">
						<ele>875</ele>
						<time>2019-08-07T17:58:23Z</time>
					</trkpt>
					<trkpt lat="42.883550" lon="1.806450">
						<ele>878</ele>
						<time>2019-08-07T17:58:31Z</time>
					</trkpt>
					<trkpt lat="42.883790" lon="1.806270">
						<ele>879</ele>
						<time>2019-08-07T17:58:35Z</time>
					</trkpt>
					<trkpt lat="42.883880" lon="1.806130">
						<ele>878</ele>
						<time>2019-08-07T17:58:38Z</time>
					</trkpt>
					<trkpt lat="42.883940" lon="1.805940">
						<ele>875</ele>
						<time>2019-08-07T17:58:41Z</time>
					</trkpt>
					<trkpt lat="42.884130" lon="1.804820">
						<ele>859</ele>
						<time>2019-08-07T17:58:56Z</time>
					</trkpt>
					<trkpt lat="42.884190" lon="1.804650">
						<ele>858</ele>
						<time>2019-08-07T17:58:58Z</time>
					</trkpt>
					<trkpt lat="42.884260" lon="1.804590">
						<ele>858</ele>
						<time>2019-08-07T17:59:00Z</time>
					</trkpt>
					<trkpt lat="42.884440" lon="1.804570">
						<ele>862</ele>
						<time>2019-08-07T17:59:03Z</time>
					</trkpt>
					<trkpt lat="42.884550" lon="1.804540">
						<ele>863</ele>
						<time>2019-08-07T17:59:05Z</time>
					</trkpt>
					<trkpt lat="42.884600" lon="1.804410">
						<ele>862</ele>
						<time>2019-08-07T17:59:07Z</time>
					</trkpt>
					<trkpt lat="42.884620" lon="1.803930">
						<ele>855</ele>
						<time>2019-08-07T17:59:13Z</time>
					</trkpt>
					<trkpt lat="42.884660" lon="1.803540">
						<ele>850</ele>
						<time>2019-08-07T17:59:18Z</time>
					</trkpt>
					<trkpt lat="42.885090" lon="1.802850">
						<ele>849</ele>
						<time>2019-08-07T17:59:30Z</time>
					</trkpt>
					<trkpt lat="42.885180" lon="1.801600">
						<ele>831</ele>
						<time>2019-08-07T17:59:46Z</time>
					</trkpt>
					<trkpt lat="42.885520" lon="1.800710">
						<ele>825</ele>
						<time>2019-08-07T17:59:59Z</time>
					</trkpt>
					<trkpt lat="42.885610" lon="1.800300">
						<ele>821</ele>
						<time>2019-08-07T18:00:05Z</time>
					</trkpt>
					<trkpt lat="42.885780" lon="1.799710">
						<ele>816</ele>
						<time>2019-08-07T18:00:13Z</time>
					</trkpt>
					<trkpt lat="42.885980" lon="1.799170">
						<ele>813</ele>
						<time>2019-08-07T18:00:21Z</time>
					</trkpt>
					<trkpt lat="42.886010" lon="1.799060">
						<ele>814</ele>
						<time>2019-08-07T18:00:23Z</time>
					</trkpt>
					<trkpt lat="42.886020" lon="1.798940">
						<ele>814</ele>
						<time>2019-08-07T18:00:24Z</time>
					</trkpt>
					<trkpt lat="42.885910" lon="1.798470">
						<ele>808</ele>
						<time>2019-08-07T18:00:31Z</time>
					</trkpt>
					<trkpt lat="42.885880" lon="1.798200">
						<ele>805</ele>
						<time>2019-08-07T18:00:34Z</time>
					</trkpt>
					<trkpt lat="42.885880" lon="1.797620">
						<ele>800</ele>
						<time>2019-08-07T18:00:42Z</time>
					</trkpt>
					<trkpt lat="42.885940" lon="1.796780">
						<ele>791</ele>
						<time>2019-08-07T18:00:53Z</time>
					</trkpt>
					<trkpt lat="42.886070" lon="1.796170">
						<ele>788</ele>
						<time>2019-08-07T18:01:01Z</time>
					</trkpt>
					<trkpt lat="42.886230" lon="1.795550">
						<ele>785</ele>
						<time>2019-08-07T18:01:10Z</time>
					</trkpt>
					<trkpt lat="42.886240" lon="1.795220">
						<ele>781</ele>
						<time>2019-08-07T18:01:14Z</time>
					</trkpt>
					<trkpt lat="42.886180" lon="1.794450">
						<ele>774</ele>
						<time>2019-08-07T18:01:24Z</time>
					</trkpt>
					<trkpt lat="42.886230" lon="1.794210">
						<ele>773</ele>
						<time>2019-08-07T18:01:27Z</time>
					</trkpt>
					<trkpt lat="42.886310" lon="1.794000">
						<ele>771</ele>
						<time>2019-08-07T18:01:30Z</time>
					</trkpt>
					<trkpt lat="42.886470" lon="1.793790">
						<ele>769</ele>
						<time>2019-08-07T18:01:34Z</time>
					</trkpt>
					<trkpt lat="42.886780" lon="1.793540">
						<ele>766</ele>
						<time>2019-08-07T18:01:41Z</time>
					</trkpt>
					<trkpt lat="42.887010" lon="1.793420">
						<ele>765</ele>
						<time>2019-08-07T18:01:45Z</time>
					</trkpt>
					<trkpt lat="42.887340" lon="1.793310">
						<ele>764</ele>
						<time>2019-08-07T18:01:51Z</time>
					</trkpt>
					<trkpt lat="42.887600" lon="1.793260">
						<ele>764</ele>
						<time>2019-08-07T18:01:56Z</time>
					</trkpt>
					<trkpt lat="42.887800" lon="1.793190">
						<ele>763</ele>
						<time>2019-08-07T18:01:59Z</time>
					</trkpt>
					<trkpt lat="42.888620" lon="1.792590">
						<ele>751</ele>
						<time>2019-08-07T18:02:16Z</time>
					</trkpt>
					<trkpt lat="42.888840" lon="1.792460">
						<ele>750</ele>
						<time>2019-08-07T18:02:20Z</time>
					</trkpt>
					<trkpt lat="42.889090" lon="1.792370">
						<ele>750</ele>
						<time>2019-08-07T18:02:25Z</time>
					</trkpt>
					<trkpt lat="42.889420" lon="1.792310">
						<ele>749</ele>
						<time>2019-08-07T18:02:31Z</time>
					</trkpt>
					<trkpt lat="42.889640" lon="1.792240">
						<ele>747</ele>
						<time>2019-08-07T18:02:35Z</time>
					</trkpt>
					<trkpt lat="42.889890" lon="1.792100">
						<ele>743</ele>
						<time>2019-08-07T18:02:40Z</time>
					</trkpt>
					<trkpt lat="42.890570" lon="1.791860">
						<ele>735</ele>
						<time>2019-08-07T18:02:52Z</time>
					</trkpt>
					<trkpt lat="42.890880" lon="1.791850">
						<ele>733</ele>
						<time>2019-08-07T18:02:58Z</time>
					</trkpt>
					<trkpt lat="42.891210" lon="1.791910">
						<ele>729</ele>
						<time>2019-08-07T18:03:04Z</time>
					</trkpt>
					<trkpt lat="42.891520" lon="1.792010">
						<ele>725</ele>
						<time>2019-08-07T18:03:09Z</time>
					</trkpt>
					<trkpt lat="42.891700" lon="1.792130">
						<ele>723</ele>
						<time>2019-08-07T18:03:13Z</time>
					</trkpt>
					<trkpt lat="42.892000" lon="1.792470">
						<ele>721</ele>
						<time>2019-08-07T18:03:20Z</time>
					</trkpt>
					<trkpt lat="42.892430" lon="1.792710">
						<ele>717</ele>
						<time>2019-08-07T18:03:28Z</time>
					</trkpt>
					<trkpt lat="42.893020" lon="1.793220">
						<ele>712</ele>
						<time>2019-08-07T18:03:40Z</time>
					</trkpt>
					<trkpt lat="42.894130" lon="1.793930">
						<ele>701</ele>
						<time>2019-08-07T18:04:02Z</time>
					</trkpt>
					<trkpt lat="42.894620" lon="1.794160">
						<ele>698</ele>
						<time>2019-08-07T18:04:11Z</time>
					</trkpt>
					<trkpt lat="42.894850" lon="1.794320">
						<ele>698</ele>
						<time>2019-08-07T18:04:16Z</time>
					</trkpt>
					<trkpt lat="42.894940" lon="1.794460">
						<ele>698</ele>
						<time>2019-08-07T18:04:18Z</time>
					</trkpt>
					<trkpt lat="42.895220" lon="1.795130">
						<ele>703</ele>
						<time>2019-08-07T18:04:29Z</time>
					</trkpt>
					<trkpt lat="42.895380" lon="1.795450">
						<ele>705</ele>
						<time>2019-08-07T18:04:34Z</time>
					</trkpt>
					<trkpt lat="42.895490" lon="1.795570">
						<ele>703</ele>
						<time>2019-08-07T18:04:36Z</time>
					</trkpt>
					<trkpt lat="42.896470" lon="1.796150">
						<ele>685</ele>
						<time>2019-08-07T18:04:55Z</time>
					</trkpt>
					<trkpt lat="42.896600" lon="1.796170">
						<ele>683</ele>
						<time>2019-08-07T18:04:57Z</time>
					</trkpt>
					<trkpt lat="42.896730" lon="1.796100">
						<ele>682</ele>
						<time>2019-08-07T18:05:00Z</time>
					</trkpt>
					<trkpt lat="42.896860" lon="1.796080">
						<ele>683</ele>
						<time>2019-08-07T18:05:02Z</time>
					</trkpt>
					<trkpt lat="42.897080" lon="1.796240">
						<ele>683</ele>
						<time>2019-08-07T18:05:07Z</time>
					</trkpt>
					<trkpt lat="42.897760" lon="1.796890">
						<ele>681</ele>
						<time>2019-08-07T18:05:21Z</time>
					</trkpt>
					<trkpt lat="42.897970" lon="1.797250">
						<ele>679</ele>
						<time>2019-08-07T18:05:27Z</time>
					</trkpt>
					<trkpt lat="42.899080" lon="1.799470">
						<ele>666</ele>
						<time>2019-08-07T18:06:02Z</time>
					</trkpt>
					<trkpt lat="42.899270" lon="1.800060">
						<ele>665</ele>
						<time>2019-08-07T18:06:11Z</time>
					</trkpt>
					<trkpt lat="42.900370" lon="1.803730">
						<ele>652</ele>
						<time>2019-08-07T18:07:03Z</time>
					</trkpt>
					<trkpt lat="42.900540" lon="1.804140">
						<ele>650</ele>
						<time>2019-08-07T18:07:09Z</time>
					</trkpt>
					<trkpt lat="42.901360" lon="1.805930">
						<ele>647</ele>
						<time>2019-08-07T18:07:36Z</time>
					</trkpt>
					<trkpt lat="42.901500" lon="1.806350">
						<ele>645</ele>
						<time>2019-08-07T18:07:42Z</time>
					</trkpt>
					<trkpt lat="42.901780" lon="1.807590">
						<ele>642</ele>
						<time>2019-08-07T18:07:59Z</time>
					</trkpt>
					<trkpt lat="42.901970" lon="1.808280">
						<ele>641</ele>
						<time>2019-08-07T18:08:09Z</time>
					</trkpt>
					<trkpt lat="42.902590" lon="1.809930">
						<ele>637</ele>
						<time>2019-08-07T18:08:33Z</time>
					</trkpt>
					<trkpt lat="42.902810" lon="1.810500">
						<ele>641</ele>
						<time>2019-08-07T18:08:41Z</time>
					</trkpt>
					<trkpt lat="42.902920" lon="1.810750">
						<ele>643</ele>
						<time>2019-08-07T18:08:45Z</time>
					</trkpt>
					<trkpt lat="42.902980" lon="1.811090">
						<ele>642</ele>
						<time>2019-08-07T18:08:50Z</time>
					</trkpt>
					<trkpt lat="42.903070" lon="1.811390">
						<ele>642</ele>
						<time>2019-08-07T18:08:54Z</time>
					</trkpt>
					<trkpt lat="42.903540" lon="1.812310">
						<ele>645</ele>
						<time>2019-08-07T18:09:09Z</time>
					</trkpt>
					<trkpt lat="42.903680" lon="1.812920">
						<ele>642</ele>
						<time>2019-08-07T18:09:17Z</time>
					</trkpt>
					<trkpt lat="42.903830" lon="1.813240">
						<ele>642</ele>
						<time>2019-08-07T18:09:22Z</time>
					</trkpt>
					<trkpt lat="42.904020" lon="1.813550">
						<ele>640</ele>
						<time>2019-08-07T18:09:27Z</time>
					</trkpt>
					<trkpt lat="42.904770" lon="1.814330">
						<ele>629</ele>
						<time>2019-08-07T18:09:44Z</time>
					</trkpt>
					<trkpt lat="42.904860" lon="1.814610">
						<ele>625</ele>
						<time>2019-08-07T18:09:48Z</time>
					</trkpt>
					<trkpt lat="42.904950" lon="1.814860">
						<ele>622</ele>
						<time>2019-08-07T18:09:51Z</time>
					</trkpt>
					<trkpt lat="42.904970" lon="1.815070">
						<ele>619</ele>
						<time>2019-08-07T18:09:54Z</time>
					</trkpt>
					<trkpt lat="42.904980" lon="1.815340">
						<ele>618</ele>
						<time>2019-08-07T18:09:58Z</time>
					</trkpt>
					<trkpt lat="42.905010" lon="1.815490">
						<ele>617</ele>
						<time>2019-08-07T18:10:00Z</time>
					</trkpt>
					<trkpt lat="42.905210" lon="1.815970">
						<ele>616</ele>
						<time>2019-08-07T18:10:07Z</time>
					</trkpt>
					<trkpt lat="42.905380" lon="1.816480">
						<ele>613</ele>
						<time>2019-08-07T18:10:14Z</time>
					</trkpt>
					<trkpt lat="42.905860" lon="1.818090">
						<ele>611</ele>
						<time>2019-08-07T18:10:37Z</time>
					</trkpt>
					<trkpt lat="42.906020" lon="1.818680">
						<ele>610</ele>
						<time>2019-08-07T18:10:45Z</time>
					</trkpt>
					<trkpt lat="42.906150" lon="1.819300">
						<ele>609</ele>
						<time>2019-08-07T18:10:54Z</time>
					</trkpt>
					<trkpt lat="42.906150" lon="1.819540">
						<ele>608</ele>
						<time>2019-08-07T18:10:57Z</time>
					</trkpt>
					<trkpt lat="42.906180" lon="1.819780">
						<ele>608</ele>
						<time>2019-08-07T18:11:00Z</time>
					</trkpt>
					<trkpt lat="42.906310" lon="1.820300">
						<ele>607</ele>
						<time>2019-08-07T18:11:07Z</time>
					</trkpt>
					<trkpt lat="42.906570" lon="1.821020">
						<ele>606</ele>
						<time>2019-08-07T18:11:17Z</time>
					</trkpt>
					<trkpt lat="42.906640" lon="1.821300">
						<ele>605</ele>
						<time>2019-08-07T18:11:21Z</time>
					</trkpt>
					<trkpt lat="42.906690" lon="1.821630">
						<ele>605</ele>
						<time>2019-08-07T18:11:26Z</time>
					</trkpt>
					<trkpt lat="42.906740" lon="1.821740">
						<ele>605</ele>
						<time>2019-08-07T18:11:27Z</time>
					</trkpt>
					<trkpt lat="42.907190" lon="1.822000">
						<ele>604</ele>
						<time>2019-08-07T18:11:36Z</time>
					</trkpt>
					<trkpt lat="42.907430" lon="1.822040">
						<ele>603</ele>
						<time>2019-08-07T18:11:40Z</time>
					</trkpt>
					<trkpt lat="42.907670" lon="1.822170">
						<ele>602</ele>
						<time>2019-08-07T18:11:45Z</time>
					</trkpt>
					<trkpt lat="42.907880" lon="1.822430">
						<ele>601</ele>
						<time>2019-08-07T18:11:50Z</time>
					</trkpt>
					<trkpt lat="42.908290" lon="1.822720">
						<ele>599</ele>
						<time>2019-08-07T18:11:58Z</time>
					</trkpt>
					<trkpt lat="42.908870" lon="1.823150">
						<ele>597</ele>
						<time>2019-08-07T18:12:10Z</time>
					</trkpt>
					<trkpt lat="42.908980" lon="1.823180">
						<ele>597</ele>
						<time>2019-08-07T18:12:12Z</time>
					</trkpt>
					<trkpt lat="42.909260" lon="1.823520">
						<ele>596</ele>
						<time>2019-08-07T18:12:19Z</time>
					</trkpt>
					<trkpt lat="42.911570" lon="1.825840">
						<ele>594</ele>
						<time>2019-08-07T18:13:10Z</time>
					</trkpt>
					<trkpt lat="42.911970" lon="1.826320">
						<ele>594</ele>
						<time>2019-08-07T18:13:19Z</time>
					</trkpt>
					<trkpt lat="42.912180" lon="1.826630">
						<ele>593</ele>
						<time>2019-08-07T18:13:25Z</time>
					</trkpt>
					<trkpt lat="42.912480" lon="1.827020">
						<ele>592</ele>
						<time>2019-08-07T18:13:32Z</time>
					</trkpt>
					<trkpt lat="42.912650" lon="1.827280">
						<ele>591</ele>
						<time>2019-08-07T18:13:37Z</time>
					</trkpt>
					<trkpt lat="42.913710" lon="1.829400">
						<ele>587</ele>
						<time>2019-08-07T18:14:10Z</time>
					</trkpt>
					<trkpt lat="42.914050" lon="1.830120">
						<ele>583</ele>
						<time>2019-08-07T18:14:21Z</time>
					</trkpt>
					<trkpt lat="42.914300" lon="1.830510">
						<ele>581</ele>
						<time>2019-08-07T18:14:28Z</time>
					</trkpt>
					<trkpt lat="42.914540" lon="1.830790">
						<ele>581</ele>
						<time>2019-08-07T18:14:34Z</time>
					</trkpt>
					<trkpt lat="42.914730" lon="1.830960">
						<ele>580</ele>
						<time>2019-08-07T18:14:38Z</time>
					</trkpt>
					<trkpt lat="42.915100" lon="1.831170">
						<ele>581</ele>
						<time>2019-08-07T18:14:45Z</time>
					</trkpt>
					<trkpt lat="42.915340" lon="1.831270">
						<ele>581</ele>
						<time>2019-08-07T18:14:49Z</time>
					</trkpt>
					<trkpt lat="42.915630" lon="1.831320">
						<ele>582</ele>
						<time>2019-08-07T18:14:54Z</time>
					</trkpt>
					<trkpt lat="42.916110" lon="1.831310">
						<ele>583</ele>
						<time>2019-08-07T18:15:03Z</time>
					</trkpt>
					<trkpt lat="42.918580" lon="1.830820">
						<ele>583</ele>
						<time>2019-08-07T18:15:47Z</time>
					</trkpt>
					<trkpt lat="42.918700" lon="1.830740">
						<ele>582</ele>
						<time>2019-08-07T18:15:50Z</time>
					</trkpt>
					<trkpt lat="42.919010" lon="1.830380">
						<ele>579</ele>
						<time>2019-08-07T18:15:57Z</time>
					</trkpt>
					<trkpt lat="42.919180" lon="1.830200">
						<ele>576</ele>
						<time>2019-08-07T18:16:01Z</time>
					</trkpt>
					<trkpt lat="42.919460" lon="1.830560">
						<ele>578</ele>
						<time>2019-08-07T18:16:08Z</time>
					</trkpt>
					<trkpt lat="42.919990" lon="1.831430">
						<ele>576</ele>
						<time>2019-08-07T18:16:22Z</time>
					</trkpt>
					<trkpt lat="42.920600" lon="1.832250">
						<ele>577</ele>
						<time>2019-08-07T18:16:38Z</time>
					</trkpt>
					<trkpt lat="42.923700" lon="1.836270">
						<ele>561</ele>
						<time>2019-08-07T18:17:54Z</time>
					</trkpt>
					<trkpt lat="42.924130" lon="1.836930">
						<ele>560</ele>
						<time>2019-08-07T18:18:05Z</time>
					</trkpt>
					<trkpt lat="42.924160" lon="1.837040">
						<ele>560</ele>
						<time>2019-08-07T18:18:07Z</time>
					</trkpt>
					<trkpt lat="42.924160" lon="1.837120">
						<ele>559</ele>
						<time>2019-08-07T18:18:08Z</time>
					</trkpt>
					<trkpt lat="42.924180" lon="1.837190">
						<ele>559</ele>
						<time>2019-08-07T18:18:09Z</time>
					</trkpt>
					<trkpt lat="42.924230" lon="1.837250">
						<ele>559</ele>
						<time>2019-08-07T18:18:10Z</time>
					</trkpt>
					<trkpt lat="42.924280" lon="1.837280">
						<ele>559</ele>
						<time>2019-08-07T18:18:11Z</time>
					</trkpt>
					<trkpt lat="42.924410" lon="1.837290">
						<ele>558</ele>
						<time>2019-08-07T18:18:13Z</time>
					</trkpt>
					<trkpt lat="42.924490" lon="1.837350">
						<ele>558</ele>
						<time>2019-08-07T18:18:15Z</time>
					</trkpt>
					<trkpt lat="42.925280" lon="1.838290">
						<ele>554</ele>
						<time>2019-08-07T18:18:33Z</time>
					</trkpt>
					<trkpt lat="42.925300" lon="1.838230">
						<ele>554</ele>
						<time>2019-08-07T18:18:34Z</time>
					</trkpt>
					<trkpt lat="42.925360" lon="1.838180">
						<ele>554</ele>
						<time>2019-08-07T18:18:36Z</time>
					</trkpt>
					<trkpt lat="42.925420" lon="1.838170">
						<ele>554</ele>
						<time>2019-08-07T18:18:37Z</time>
					</trkpt>
					<trkpt lat="42.930290" lon="1.839700">
						<ele>541</ele>
						<time>2019-08-07T18:20:06Z</time>
					</trkpt>
					<trkpt lat="42.930480" lon="1.839700">
						<ele>540</ele>
						<time>2019-08-07T18:20:09Z</time>
					</trkpt>
					<trkpt lat="42.930870" lon="1.839600">
						<ele>539</ele>
						<time>2019-08-07T18:20:16Z</time>
					</trkpt>
					<trkpt lat="42.933190" lon="1.838830">
						<ele>537</ele>
						<time>2019-08-07T18:20:58Z</time>
					</trkpt>
					<trkpt lat="42.933280" lon="1.838850">
						<ele>537</ele>
						<time>2019-08-07T18:21:00Z</time>
					</trkpt>
					<trkpt lat="42.933310" lon="1.838890">
						<ele>537</ele>
						<time>2019-08-07T18:21:01Z</time>
					</trkpt>
					<trkpt lat="42.933360" lon="1.839000">
						<ele>537</ele>
						<time>2019-08-07T18:21:03Z</time>
					</trkpt>
					<trkpt lat="42.933450" lon="1.839100">
						<ele>538</ele>
						<time>2019-08-07T18:21:05Z</time>
					</trkpt>
					<trkpt lat="42.933850" lon="1.838030">
						<ele>540</ele>
						<time>2019-08-07T18:21:20Z</time>
					</trkpt>
					<trkpt lat="42.934200" lon="1.837030">
						<ele>542</ele>
						<time>2019-08-07T18:21:35Z</time>
					</trkpt>
					<trkpt lat="42.934340" lon="1.836730">
						<ele>543</ele>
						<time>2019-08-07T18:21:39Z</time>
					</trkpt>
					<trkpt lat="42.935260" lon="1.834970">
						<ele>547</ele>
						<time>2019-08-07T18:22:07Z</time>
					</trkpt>
					<trkpt lat="42.935610" lon="1.834060">
						<ele>549</ele>
						<time>2019-08-07T18:22:21Z</time>
					</trkpt>
					<trkpt lat="42.935860" lon="1.833490">
						<ele>551</ele>
						<time>2019-08-07T18:22:30Z</time>
					</trkpt>
					<trkpt lat="42.936260" lon="1.832640">
						<ele>554</ele>
						<time>2019-08-07T18:22:43Z</time>
					</trkpt>
					<trkpt lat="42.936430" lon="1.832320">
						<ele>555</ele>
						<time>2019-08-07T18:22:48Z</time>
					</trkpt>
					<trkpt lat="42.936650" lon="1.831840">
						<ele>557</ele>
						<time>2019-08-07T18:22:55Z</time>
					</trkpt>
					<trkpt lat="42.936870" lon="1.831300">
						<ele>558</ele>
						<time>2019-08-07T18:23:03Z</time>
					</trkpt>
					<trkpt lat="42.937340" lon="1.830420">
						<ele>564</ele>
						<time>2019-08-07T18:23:17Z</time>
					</trkpt>
					<trkpt lat="42.937400" lon="1.830230">
						<ele>565</ele>
						<time>2019-08-07T18:23:20Z</time>
					</trkpt>
					<trkpt lat="42.937460" lon="1.829720">
						<ele>565</ele>
						<time>2019-08-07T18:23:27Z</time>
					</trkpt>
					<trkpt lat="42.937730" lon="1.828100">
						<ele>569</ele>
						<time>2019-08-07T18:23:49Z</time>
					</trkpt>
					<trkpt lat="42.937850" lon="1.827550">
						<ele>570</ele>
						<time>2019-08-07T18:23:56Z</time>
					</trkpt>
					<trkpt lat="42.937960" lon="1.827150">
						<ele>571</ele>
						<time>2019-08-07T18:24:02Z</time>
					</trkpt>
					<trkpt lat="42.938020" lon="1.826960">
						<ele>571</ele>
						<time>2019-08-07T18:24:04Z</time>
					</trkpt>
					<trkpt lat="42.938550" lon="1.825840">
						<ele>576</ele>
						<time>2019-08-07T18:24:22Z</time>
					</trkpt>
					<trkpt lat="42.938590" lon="1.825690">
						<ele>577</ele>
						<time>2019-08-07T18:24:24Z</time>
					</trkpt>
					<trkpt lat="42.938650" lon="1.825140">
						<ele>577</ele>
						<time>2019-08-07T18:24:31Z</time>
					</trkpt>
					<trkpt lat="42.938720" lon="1.824830">
						<ele>578</ele>
						<time>2019-08-07T18:24:35Z</time>
					</trkpt>
					<trkpt lat="42.938800" lon="1.824190">
						<ele>577</ele>
						<time>2019-08-07T18:24:44Z</time>
					</trkpt>
					<trkpt lat="42.939320" lon="1.822130">
						<ele>579</ele>
						<time>2019-08-07T18:25:12Z</time>
					</trkpt>
					<trkpt lat="42.939340" lon="1.821930">
						<ele>579</ele>
						<time>2019-08-07T18:25:15Z</time>
					</trkpt>
					<trkpt lat="42.939270" lon="1.821450">
						<ele>576</ele>
						<time>2019-08-07T18:25:21Z</time>
					</trkpt>
					<trkpt lat="42.939260" lon="1.821290">
						<ele>576</ele>
						<time>2019-08-07T18:25:23Z</time>
					</trkpt>
					<trkpt lat="42.939270" lon="1.821090">
						<ele>576</ele>
						<time>2019-08-07T18:25:26Z</time>
					</trkpt>
					<trkpt lat="42.939320" lon="1.820750">
						<ele>577</ele>
						<time>2019-08-07T18:25:30Z</time>
					</trkpt>
					<trkpt lat="42.939430" lon="1.820170">
						<ele>579</ele>
						<time>2019-08-07T18:25:38Z</time>
					</trkpt>
					<trkpt lat="42.939710" lon="1.818510">
						<ele>581</ele>
						<time>2019-08-07T18:26:00Z</time>
					</trkpt>
					<trkpt lat="42.939850" lon="1.817780">
						<ele>582</ele>
						<time>2019-08-07T18:26:10Z</time>
					</trkpt>
					<trkpt lat="42.940460" lon="1.815310">
						<ele>587</ele>
						<time>2019-08-07T18:26:44Z</time>
					</trkpt>
					<trkpt lat="42.940720" lon="1.814360">
						<ele>586</ele>
						<time>2019-08-07T18:26:57Z</time>
					</trkpt>
					<trkpt lat="42.941390" lon="1.812260">
						<ele>585</ele>
						<time>2019-08-07T18:27:27Z</time>
					</trkpt>
					<trkpt lat="42.941490" lon="1.811820">
						<ele>584</ele>
						<time>2019-08-07T18:27:33Z</time>
					</trkpt>
					<trkpt lat="42.941830" lon="1.809510">
						<ele>578</ele>
						<time>2019-08-07T18:28:04Z</time>
					</trkpt>
					<trkpt lat="42.942370" lon="1.806790">
						<ele>575</ele>
						<time>2019-08-07T18:28:40Z</time>
					</trkpt>
					<trkpt lat="42.942380" lon="1.806390">
						<ele>575</ele>
						<time>2019-08-07T18:28:46Z</time>
					</trkpt>
					<trkpt lat="42.942370" lon="1.805610">
						<ele>574</ele>
						<time>2019-08-07T18:28:56Z</time>
					</trkpt>
					<trkpt lat="42.942460" lon="1.804490">
						<ele>569</ele>
						<time>2019-08-07T18:29:11Z</time>
					</trkpt>
					<trkpt lat="42.942540" lon="1.804030">
						<ele>567</ele>
						<time>2019-08-07T18:29:17Z</time>
					</trkpt>
					<trkpt lat="42.942650" lon="1.803530">
						<ele>565</ele>
						<time>2019-08-07T18:29:23Z</time>
					</trkpt>
					<trkpt lat="42.942950" lon="1.802550">
						<ele>566</ele>
						<time>2019-08-07T18:29:37Z</time>
					</trkpt>
					<trkpt lat="42.943070" lon="1.801940">
						<ele>567</ele>
						<time>2019-08-07T18:29:46Z</time>
					</trkpt>
					<trkpt lat="42.943100" lon="1.801650">
						<ele>567</ele>
						<time>2019-08-07T18:29:49Z</time>
					</trkpt>
					<trkpt lat="42.943140" lon="1.800820">
						<ele>564</ele>
						<time>2019-08-07T18:30:00Z</time>
					</trkpt>
					<trkpt lat="42.943230" lon="1.800070">
						<ele>563</ele>
						<time>2019-08-07T18:30:10Z</time>
					</trkpt>
					<trkpt lat="42.943240" lon="1.799810">
						<ele>563</ele>
						<time>2019-08-07T18:30:13Z</time>
					</trkpt>
					<trkpt lat="42.943280" lon="1.799520">
						<ele>562</ele>
						<time>2019-08-07T18:30:17Z</time>
					</trkpt>
					<trkpt lat="42.943350" lon="1.799170">
						<ele>560</ele>
						<time>2019-08-07T18:30:22Z</time>
					</trkpt>
					<trkpt lat="42.943560" lon="1.798400">
						<ele>560</ele>
						<time>2019-08-07T18:30:33Z</time>
					</trkpt>
					<trkpt lat="42.943700" lon="1.797530">
						<ele>559</ele>
						<time>2019-08-07T18:30:44Z</time>
					</trkpt>
					<trkpt lat="42.943690" lon="1.796790">
						<ele>556</ele>
						<time>2019-08-07T18:30:54Z</time>
					</trkpt>
					<trkpt lat="42.943600" lon="1.795970">
						<ele>551</ele>
						<time>2019-08-07T18:31:05Z</time>
					</trkpt>
					<trkpt lat="42.943620" lon="1.795820">
						<ele>551</ele>
						<time>2019-08-07T18:31:07Z</time>
					</trkpt>
					<trkpt lat="42.943660" lon="1.795690">
						<ele>549</ele>
						<time>2019-08-07T18:31:09Z</time>
					</trkpt>
					<trkpt lat="42.943800" lon="1.795490">
						<ele>547</ele>
						<time>2019-08-07T18:31:12Z</time>
					</trkpt>
					<trkpt lat="42.943980" lon="1.795300">
						<ele>545</ele>
						<time>2019-08-07T18:31:16Z</time>
					</trkpt>
					<trkpt lat="42.944240" lon="1.795070">
						<ele>545</ele>
						<time>2019-08-07T18:31:22Z</time>
					</trkpt>
					<trkpt lat="42.944300" lon="1.794980">
						<ele>546</ele>
						<time>2019-08-07T18:31:23Z</time>
					</trkpt>
					<trkpt lat="42.944370" lon="1.794750">
						<ele>545</ele>
						<time>2019-08-07T18:31:27Z</time>
					</trkpt>
					<trkpt lat="42.944360" lon="1.794660">
						<ele>543</ele>
						<time>2019-08-07T18:31:28Z</time>
					</trkpt>
					<trkpt lat="42.944460" lon="1.794020">
						<ele>538</ele>
						<time>2019-08-07T18:31:36Z</time>
					</trkpt>
					<trkpt lat="42.944530" lon="1.793690">
						<ele>537</ele>
						<time>2019-08-07T18:31:41Z</time>
					</trkpt>
					<trkpt lat="42.944660" lon="1.793200">
						<ele>536</ele>
						<time>2019-08-07T18:31:48Z</time>
					</trkpt>
					<trkpt lat="42.944860" lon="1.792620">
						<ele>533</ele>
						<time>2019-08-07T18:31:56Z</time>
					</trkpt>
					<trkpt lat="42.944940" lon="1.792480">
						<ele>533</ele>
						<time>2019-08-07T18:31:58Z</time>
					</trkpt>
					<trkpt lat="42.945110" lon="1.792250">
						<ele>534</ele>
						<time>2019-08-07T18:32:03Z</time>
					</trkpt>
					<trkpt lat="42.946230" lon="1.790860">
						<ele>530</ele>
						<time>2019-08-07T18:32:29Z</time>
					</trkpt>
					<trkpt lat="42.946350" lon="1.790580">
						<ele>528</ele>
						<time>2019-08-07T18:32:34Z</time>
					</trkpt>
					<trkpt lat="42.946480" lon="1.790180">
						<ele>525</ele>
						<time>2019-08-07T18:32:39Z</time>
					</trkpt>
					<trkpt lat="42.946650" lon="1.789900">
						<ele>525</ele>
						<time>2019-08-07T18:32:44Z</time>
					</trkpt>
					<trkpt lat="42.947730" lon="1.788940">
						<ele>526</ele>
						<time>2019-08-07T18:33:07Z</time>
					</trkpt>
					<trkpt lat="42.948040" lon="1.788740">
						<ele>527</ele>
						<time>2019-08-07T18:33:13Z</time>
					</trkpt>
					<trkpt lat="42.948130" lon="1.788650">
						<ele>527</ele>
						<time>2019-08-07T18:33:15Z</time>
					</trkpt>
					<trkpt lat="42.948190" lon="1.788510">
						<ele>526</ele>
						<time>2019-08-07T18:33:17Z</time>
					</trkpt>
					<trkpt lat="42.948240" lon="1.788290">
						<ele>523</ele>
						<time>2019-08-07T18:33:20Z</time>
					</trkpt>
					<trkpt lat="42.948260" lon="1.788070">
						<ele>522</ele>
						<time>2019-08-07T18:33:23Z</time>
					</trkpt>
					<trkpt lat="42.948260" lon="1.787790">
						<ele>519</ele>
						<time>2019-08-07T18:33:27Z</time>
					</trkpt>
					<trkpt lat="42.948240" lon="1.787640">
						<ele>518</ele>
						<time>2019-08-07T18:33:29Z</time>
					</trkpt>
					<trkpt lat="42.948190" lon="1.787500">
						<ele>516</ele>
						<time>2019-08-07T18:33:31Z</time>
					</trkpt>
					<trkpt lat="42.947990" lon="1.787140">
						<ele>512</ele>
						<time>2019-08-07T18:33:37Z</time>
					</trkpt>
					<trkpt lat="42.947860" lon="1.787060">
						<ele>510</ele>
						<time>2019-08-07T18:33:39Z</time>
					</trkpt>
					<trkpt lat="42.947770" lon="1.786910">
						<ele>508</ele>
						<time>2019-08-07T18:33:42Z</time>
					</trkpt>
					<trkpt lat="42.947730" lon="1.786760">
						<ele>507</ele>
						<time>2019-08-07T18:33:44Z</time>
					</trkpt>
					<trkpt lat="42.947730" lon="1.786660">
						<ele>507</ele>
						<time>2019-08-07T18:33:45Z</time>
					</trkpt>
					<trkpt lat="42.947730" lon="1.786460">
						<ele>505</ele>
						<time>2019-08-07T18:33:48Z</time>
					</trkpt>
					<trkpt lat="42.947760" lon="1.786270">
						<ele>504</ele>
						<time>2019-08-07T18:33:50Z</time>
					</trkpt>
					<trkpt lat="42.947950" lon="1.786070">
						<ele>504</ele>
						<time>2019-08-07T18:33:54Z</time>
					</trkpt>
					<trkpt lat="42.948170" lon="1.785900">
						<ele>506</ele>
						<time>2019-08-07T18:33:59Z</time>
					</trkpt>
					<trkpt lat="42.948790" lon="1.785520">
						<ele>505</ele>
						<time>2019-08-07T18:34:11Z</time>
					</trkpt>
					<trkpt lat="42.949250" lon="1.785130">
						<ele>501</ele>
						<time>2019-08-07T18:34:21Z</time>
					</trkpt>
					<trkpt lat="42.949480" lon="1.785030">
						<ele>501</ele>
						<time>2019-08-07T18:34:25Z</time>
					</trkpt>
					<trkpt lat="42.949980" lon="1.784860">
						<ele>501</ele>
						<time>2019-08-07T18:34:34Z</time>
					</trkpt>
					<trkpt lat="42.950070" lon="1.784850">
						<ele>500</ele>
						<time>2019-08-07T18:34:36Z</time>
					</trkpt>
					<trkpt lat="42.950150" lon="1.784870">
						<ele>499</ele>
						<time>2019-08-07T18:34:37Z</time>
					</trkpt>
					<trkpt lat="42.950290" lon="1.785060">
						<ele>501</ele>
						<time>2019-08-07T18:34:41Z</time>
					</trkpt>
					<trkpt lat="42.950540" lon="1.785520">
						<ele>503</ele>
						<time>2019-08-07T18:34:48Z</time>
					</trkpt>
					<trkpt lat="42.950610" lon="1.785570">
						<ele>502</ele>
						<time>2019-08-07T18:34:50Z</time>
					</trkpt>
					<trkpt lat="42.950720" lon="1.785610">
						<ele>501</ele>
						<time>2019-08-07T18:34:52Z</time>
					</trkpt>
					<trkpt lat="42.951020" lon="1.785620">
						<ele>499</ele>
						<time>2019-08-07T18:34:57Z</time>
					</trkpt>
					<trkpt lat="42.951140" lon="1.785590">
						<ele>499</ele>
						<time>2019-08-07T18:34:59Z</time>
					</trkpt>
					<trkpt lat="42.951270" lon="1.785510">
						<ele>498</ele>
						<time>2019-08-07T18:35:02Z</time>
					</trkpt>
					<trkpt lat="42.951590" lon="1.785230">
						<ele>495</ele>
						<time>2019-08-07T18:35:08Z</time>
					</trkpt>
					<trkpt lat="42.951670" lon="1.785120">
						<ele>493</ele>
						<time>2019-08-07T18:35:10Z</time>
					</trkpt>
					<trkpt lat="42.951720" lon="1.784980">
						<ele>493</ele>
						<time>2019-08-07T18:35:12Z</time>
					</trkpt>
					<trkpt lat="42.951860" lon="1.784260">
						<ele>489</ele>
						<time>2019-08-07T18:35:22Z</time>
					</trkpt>
					<trkpt lat="42.951950" lon="1.783980">
						<ele>487</ele>
						<time>2019-08-07T18:35:26Z</time>
					</trkpt>
					<trkpt lat="42.952080" lon="1.783720">
						<ele>486</ele>
						<time>2019-08-07T18:35:30Z</time>
					</trkpt>
					<trkpt lat="42.952280" lon="1.783430">
						<ele>486</ele>
						<time>2019-08-07T18:35:35Z</time>
					</trkpt>
					<trkpt lat="42.953090" lon="1.782780">
						<ele>485</ele>
						<time>2019-08-07T18:35:52Z</time>
					</trkpt>
					<trkpt lat="42.953170" lon="1.782670">
						<ele>484</ele>
						<time>2019-08-07T18:35:54Z</time>
					</trkpt>
					<trkpt lat="42.953470" lon="1.782110">
						<ele>480</ele>
						<time>2019-08-07T18:36:03Z</time>
					</trkpt>
					<trkpt lat="42.953560" lon="1.782010">
						<ele>479</ele>
						<time>2019-08-07T18:36:05Z</time>
					</trkpt>
					<trkpt lat="42.953670" lon="1.781940">
						<ele>479</ele>
						<time>2019-08-07T18:36:07Z</time>
					</trkpt>
					<trkpt lat="42.953820" lon="1.781920">
						<ele>479</ele>
						<time>2019-08-07T18:36:10Z</time>
					</trkpt>
					<trkpt lat="42.954340" lon="1.781910">
						<ele>481</ele>
						<time>2019-08-07T18:36:19Z</time>
					</trkpt>
					<trkpt lat="42.954450" lon="1.781880">
						<ele>481</ele>
						<time>2019-08-07T18:36:21Z</time>
					</trkpt>
					<trkpt lat="42.954600" lon="1.781800">
						<ele>481</ele>
						<time>2019-08-07T18:36:24Z</time>
					</trkpt>
					<trkpt lat="42.954850" lon="1.781460">
						<ele>478</ele>
						<time>2019-08-07T18:36:31Z</time>
					</trkpt>
					<trkpt lat="42.954970" lon="1.781270">
						<ele>476</ele>
						<time>2019-08-07T18:36:34Z</time>
					</trkpt>
					<trkpt lat="42.955120" lon="1.780940">
						<ele>475</ele>
						<time>2019-08-07T18:36:39Z</time>
					</trkpt>
					<trkpt lat="42.955280" lon="1.780520">
						<ele>473</ele>
						<time>2019-08-07T18:36:45Z</time>
					</trkpt>
					<trkpt lat="42.955530" lon="1.780040">
						<ele>470</ele>
						<time>2019-08-07T18:36:53Z</time>
					</trkpt>
					<trkpt lat="42.955650" lon="1.779730">
						<ele>468</ele>
						<time>2019-08-07T18:36:57Z</time>
					</trkpt>
					<trkpt lat="42.955840" lon="1.779180">
						<ele>464</ele>
						<time>2019-08-07T18:37:05Z</time>
					</trkpt>
					<trkpt lat="42.955970" lon="1.778600">
						<ele>459</ele>
						<time>2019-08-07T18:37:13Z</time>
					</trkpt>
					<trkpt lat="42.956100" lon="1.778400">
						<ele>458</ele>
						<time>2019-08-07T18:37:17Z</time>
					</trkpt>
					<trkpt lat="42.956310" lon="1.778210">
						<ele>458</ele>
						<time>2019-08-07T18:37:21Z</time>
					</trkpt>
					<trkpt lat="42.956470" lon="1.778100">
						<ele>458</ele>
						<time>2019-08-07T18:37:24Z</time>
					</trkpt>
					<trkpt lat="42.956610" lon="1.777950">
						<ele>458</ele>
						<time>2019-08-07T18:37:27Z</time>
					</trkpt>
					<trkpt lat="42.956920" lon="1.777240">
						<ele>453</ele>
						<time>2019-08-07T18:37:38Z</time>
					</trkpt>
					<trkpt lat="42.957100" lon="1.777010">
						<ele>451</ele>
						<time>2019-08-07T18:37:43Z</time>
					</trkpt>
					<trkpt lat="42.957260" lon="1.776860">
						<ele>450</ele>
						<time>2019-08-07T18:37:46Z</time>
					</trkpt>
					<trkpt lat="42.957930" lon="1.776550">
						<ele>451</ele>
						<time>2019-08-07T18:37:59Z</time>
					</trkpt>
					<trkpt lat="42.958080" lon="1.776420">
						<ele>451</ele>
						<time>2019-08-07T18:38:02Z</time>
					</trkpt>
					<trkpt lat="42.958350" lon="1.776060">
						<ele>449</ele>
						<time>2019-08-07T18:38:08Z</time>
					</trkpt>
					<trkpt lat="42.958490" lon="1.775890">
						<ele>448</ele>
						<time>2019-08-07T18:38:12Z</time>
					</trkpt>
					<trkpt lat="42.959180" lon="1.775240">
						<ele>444</ele>
						<time>2019-08-07T18:38:27Z</time>
					</trkpt>
					<trkpt lat="42.959610" lon="1.774890">
						<ele>444</ele>
						<time>2019-08-07T18:38:36Z</time>
					</trkpt>
					<trkpt lat="42.959690" lon="1.774770">
						<ele>444</ele>
						<time>2019-08-07T18:38:38Z</time>
					</trkpt>
					<trkpt lat="42.959750" lon="1.774640">
						<ele>443</ele>
						<time>2019-08-07T18:38:40Z</time>
					</trkpt>
					<trkpt lat="42.959790" lon="1.774390">
						<ele>442</ele>
						<time>2019-08-07T18:38:43Z</time>
					</trkpt>
					<trkpt lat="42.959930" lon="1.773070">
						<ele>442</ele>
						<time>2019-08-07T18:39:00Z</time>
					</trkpt>
					<trkpt lat="42.960160" lon="1.773170">
						<ele>444</ele>
						<time>2019-08-07T18:39:05Z</time>
					</trkpt>
					<trkpt lat="42.960350" lon="1.773310">
						<ele>444</ele>
						<time>2019-08-07T18:39:09Z</time>
					</trkpt>
					<trkpt lat="42.961050" lon="1.774010">
						<ele>445</ele>
						<time>2019-08-07T18:39:24Z</time>
					</trkpt>
					<trkpt lat="42.961180" lon="1.774180">
						<ele>444</ele>
						<time>2019-08-07T18:39:27Z</time>
					</trkpt>
					<trkpt lat="42.961270" lon="1.774420">
						<ele>443</ele>
						<time>2019-08-07T18:39:31Z</time>
					</trkpt>
					<trkpt lat="42.961400" lon="1.775360">
						<ele>437</ele>
						<time>2019-08-07T18:39:43Z</time>
					</trkpt>
					<trkpt lat="42.961450" lon="1.775580">
						<ele>435</ele>
						<time>2019-08-07T18:39:46Z</time>
					</trkpt>
					<trkpt lat="42.961520" lon="1.775790">
						<ele>433</ele>
						<time>2019-08-07T18:39:49Z</time>
					</trkpt>
					<trkpt lat="42.961670" lon="1.776060">
						<ele>429</ele>
						<time>2019-08-07T18:39:54Z</time>
					</trkpt>
					<trkpt lat="42.961790" lon="1.776140">
						<ele>427</ele>
						<time>2019-08-07T18:39:56Z</time>
					</trkpt>
					<trkpt lat="42.961890" lon="1.776150">
						<ele>426</ele>
						<time>2019-08-07T18:39:58Z</time>
					</trkpt>
					<trkpt lat="42.962580" lon="1.776190">
						<ele>417</ele>
						<time>2019-08-07T18:40:10Z</time>
					</trkpt>
					<trkpt lat="42.962660" lon="1.776190">
						<ele>416</ele>
						<time>2019-08-07T18:40:11Z</time>
					</trkpt>
					<trkpt lat="42.962780" lon="1.776140">
						<ele>415</ele>
						<time>2019-08-07T18:40:14Z</time>
					</trkpt>
					<trkpt lat="42.962920" lon="1.775980">
						<ele>414</ele>
						<time>2019-08-07T18:40:17Z</time>
					</trkpt>
					<trkpt lat="42.963020" lon="1.775750">
						<ele>414</ele>
						<time>2019-08-07T18:40:20Z</time>
					</trkpt>
					<trkpt lat="42.963150" lon="1.775310">
						<ele>416</ele>
						<time>2019-08-07T18:40:27Z</time>
					</trkpt>
					<trkpt lat="42.963310" lon="1.774980">
						<ele>417</ele>
						<time>2019-08-07T18:40:32Z</time>
					</trkpt>
					<trkpt lat="42.963560" lon="1.774670">
						<ele>419</ele>
						<time>2019-08-07T18:40:38Z</time>
					</trkpt>
					<trkpt lat="42.963890" lon="1.774070">
						<ele>419</ele>
						<time>2019-08-07T18:40:48Z</time>
					</trkpt>
					<trkpt lat="42.964020" lon="1.773880">
						<ele>421</ele>
						<time>2019-08-07T18:40:51Z</time>
					</trkpt>
					<trkpt lat="42.964190" lon="1.773700">
						<ele>422</ele>
						<time>2019-08-07T18:40:55Z</time>
					</trkpt>
					<trkpt lat="42.964720" lon="1.773350">
						<ele>419</ele>
						<time>2019-08-07T18:41:05Z</time>
					</trkpt>
					<trkpt lat="42.965030" lon="1.773120">
						<ele>420</ele>
						<time>2019-08-07T18:41:11Z</time>
					</trkpt>
					<trkpt lat="42.965290" lon="1.772970">
						<ele>423</ele>
						<time>2019-08-07T18:41:17Z</time>
					</trkpt>
					<trkpt lat="42.965450" lon="1.772950">
						<ele>422</ele>
						<time>2019-08-07T18:41:19Z</time>
					</trkpt>
					<trkpt lat="42.965710" lon="1.773030">
						<ele>416</ele>
						<time>2019-08-07T18:41:24Z</time>
					</trkpt>
					<trkpt lat="42.965870" lon="1.773030">
						<ele>414</ele>
						<time>2019-08-07T18:41:27Z</time>
					</trkpt>
					<trkpt lat="42.966110" lon="1.772910">
						<ele>413</ele>
						<time>2019-08-07T18:41:32Z</time>
					</trkpt>
					<trkpt lat="42.966270" lon="1.772870">
						<ele>412</ele>
						<time>2019-08-07T18:41:34Z</time>
					</trkpt>
					<trkpt lat="42.966420" lon="1.772860">
						<ele>409</ele>
						<time>2019-08-07T18:41:37Z</time>
					</trkpt>
					<trkpt lat="42.966500" lon="1.772920">
						<ele>407</ele>
						<time>2019-08-07T18:41:39Z</time>
					</trkpt>
					<trkpt lat="42.966550" lon="1.773030">
						<ele>405</ele>
						<time>2019-08-07T18:41:40Z</time>
					</trkpt>
					<trkpt lat="42.966650" lon="1.773440">
						<ele>402</ele>
						<time>2019-08-07T18:41:46Z</time>
					</trkpt>
					<trkpt lat="42.966690" lon="1.773550">
						<ele>406</ele>
						<time>2019-08-07T18:41:48Z</time>
					</trkpt>
					<trkpt lat="42.966770" lon="1.773660">
						<ele>409</ele>
						<time>2019-08-07T18:41:50Z</time>
					</trkpt>
					<trkpt lat="42.966820" lon="1.773690">
						<ele>411</ele>
						<time>2019-08-07T18:41:51Z</time>
					</trkpt>
					<trkpt lat="42.966910" lon="1.773710">
						<ele>412</ele>
						<time>2019-08-07T18:41:52Z</time>
					</trkpt>
					<trkpt lat="42.967060" lon="1.773660">
						<ele>411</ele>
						<time>2019-08-07T18:41:55Z</time>
					</trkpt>
					<trkpt lat="42.967160" lon="1.773580">
						<ele>409</ele>
						<time>2019-08-07T18:41:57Z</time>
					</trkpt>
					<trkpt lat="42.967380" lon="1.773340">
						<ele>402</ele>
						<time>2019-08-07T18:42:02Z</time>
					</trkpt>
					<trkpt lat="42.968060" lon="1.772510">
						<ele>395</ele>
						<time>2019-08-07T18:42:18Z</time>
					</trkpt>
					<trkpt lat="42.968190" lon="1.772410">
						<ele>396</ele>
						<time>2019-08-07T18:42:21Z</time>
					</trkpt>
					<trkpt lat="42.968320" lon="1.772370">
						<ele>396</ele>
						<time>2019-08-07T18:42:23Z</time>
					</trkpt>
					<trkpt lat="42.968410" lon="1.772370">
						<ele>395</ele>
						<time>2019-08-07T18:42:25Z</time>
					</trkpt>
					<trkpt lat="42.968720" lon="1.772490">
						<ele>392</ele>
						<time>2019-08-07T18:42:31Z</time>
					</trkpt>
					<trkpt lat="42.968900" lon="1.772520">
						<ele>390</ele>
						<time>2019-08-07T18:42:34Z</time>
					</trkpt>
					<trkpt lat="42.970570" lon="1.772590">
						<ele>384</ele>
						<time>2019-08-07T18:43:04Z</time>
					</trkpt>
					<trkpt lat="42.970680" lon="1.772620">
						<ele>384</ele>
						<time>2019-08-07T18:43:06Z</time>
					</trkpt>
					<trkpt lat="42.970790" lon="1.772710">
						<ele>385</ele>
						<time>2019-08-07T18:43:08Z</time>
					</trkpt>
					<trkpt lat="42.971160" lon="1.773260">
						<ele>388</ele>
						<time>2019-08-07T18:43:18Z</time>
					</trkpt>
					<trkpt lat="42.971560" lon="1.773730">
						<ele>393</ele>
						<time>2019-08-07T18:43:27Z</time>
					</trkpt>
					<trkpt lat="42.971650" lon="1.773800">
						<ele>394</ele>
						<time>2019-08-07T18:43:29Z</time>
					</trkpt>
					<trkpt lat="42.971860" lon="1.773850">
						<ele>394</ele>
						<time>2019-08-07T18:43:33Z</time>
					</trkpt>
					<trkpt lat="42.972000" lon="1.773870">
						<ele>395</ele>
						<time>2019-08-07T18:43:35Z</time>
					</trkpt>
					<trkpt lat="42.972970" lon="1.773740">
						<ele>394</ele>
						<time>2019-08-07T18:43:52Z</time>
					</trkpt>
					<trkpt lat="42.973280" lon="1.773660">
						<ele>394</ele>
						<time>2019-08-07T18:43:58Z</time>
					</trkpt>
					<trkpt lat="42.973660" lon="1.773460">
						<ele>390</ele>
						<time>2019-08-07T18:44:05Z</time>
					</trkpt>
					<trkpt lat="42.974180" lon="1.773050">
						<ele>388</ele>
						<time>2019-08-07T18:44:16Z</time>
					</trkpt>
					<trkpt lat="42.974360" lon="1.772980">
						<ele>386</ele>
						<time>2019-08-07T18:44:19Z</time>
					</trkpt>
					<trkpt lat="42.974520" lon="1.773010">
						<ele>386</ele>
						<time>2019-08-07T18:44:22Z</time>
					</trkpt>
					<trkpt lat="42.974720" lon="1.773150">
						<ele>385</ele>
						<time>2019-08-07T18:44:26Z</time>
					</trkpt>
					<trkpt lat="42.974820" lon="1.773310">
						<ele>385</ele>
						<time>2019-08-07T18:44:29Z</time>
					</trkpt>
					<trkpt lat="42.974860" lon="1.773430">
						<ele>385</ele>
						<time>2019-08-07T18:44:31Z</time>
					</trkpt>
					<trkpt lat="42.975830" lon="1.777120">
						<ele>379</ele>
						<time>2019-08-07T18:45:22Z</time>
					</trkpt>
					<trkpt lat="42.975980" lon="1.777810">
						<ele>378</ele>
						<time>2019-08-07T18:45:31Z</time>
					</trkpt>
					<trkpt lat="42.976120" lon="1.779170">
						<ele>376</ele>
						<time>2019-08-07T18:45:49Z</time>
					</trkpt>
					<trkpt lat="42.976170" lon="1.779500">
						<ele>378</ele>
						<time>2019-08-07T18:45:53Z</time>
					</trkpt>
					<trkpt lat="42.976250" lon="1.779720">
						<ele>377</ele>
						<time>2019-08-07T18:45:57Z</time>
					</trkpt>
					<trkpt lat="42.976980" lon="1.781050">
						<ele>373</ele>
						<time>2019-08-07T18:46:18Z</time>
					</trkpt>
					<trkpt lat="42.977110" lon="1.781330">
						<ele>372</ele>
						<time>2019-08-07T18:46:22Z</time>
					</trkpt>
					<trkpt lat="42.978170" lon="1.785030">
						<ele>367</ele>
						<time>2019-08-07T18:47:14Z</time>
					</trkpt>
					<trkpt lat="42.978290" lon="1.785500">
						<ele>366</ele>
						<time>2019-08-07T18:47:21Z</time>
					</trkpt>
					<trkpt lat="42.978470" lon="1.785900">
						<ele>366</ele>
						<time>2019-08-07T18:47:27Z</time>
					</trkpt>
					<trkpt lat="42.978560" lon="1.786060">
						<ele>366</ele>
						<time>2019-08-07T18:47:29Z</time>
					</trkpt>
					<trkpt lat="42.980910" lon="1.788960">
						<ele>368</ele>
						<time>2019-08-07T18:48:26Z</time>
					</trkpt>
					<trkpt lat="42.981040" lon="1.789200">
						<ele>368</ele>
						<time>2019-08-07T18:48:30Z</time>
					</trkpt>
					<trkpt lat="42.981100" lon="1.789400">
						<ele>369</ele>
						<time>2019-08-07T18:48:32Z</time>
					</trkpt>
					<trkpt lat="42.981110" lon="1.789500">
						<ele>369</ele>
						<time>2019-08-07T18:48:34Z</time>
					</trkpt>
					<trkpt lat="42.981030" lon="1.789820">
						<ele>369</ele>
						<time>2019-08-07T18:48:38Z</time>
					</trkpt>
					<trkpt lat="42.980630" lon="1.790680">
						<ele>370</ele>
						<time>2019-08-07T18:48:51Z</time>
					</trkpt>
					<trkpt lat="42.976880" lon="1.799040">
						<ele>382</ele>
						<time>2019-08-07T18:50:59Z</time>
					</trkpt>
					<trkpt lat="42.976770" lon="1.799370">
						<ele>382</ele>
						<time>2019-08-07T18:51:04Z</time>
					</trkpt>
					<trkpt lat="42.976730" lon="1.799530">
						<ele>383</ele>
						<time>2019-08-07T18:51:06Z</time>
					</trkpt>
					<trkpt lat="42.976700" lon="1.799910">
						<ele>383</ele>
						<time>2019-08-07T18:51:11Z</time>
					</trkpt>
					<trkpt lat="42.976210" lon="1.808290">
						<ele>398</ele>
						<time>2019-08-07T18:53:00Z</time>
					</trkpt>
					<trkpt lat="42.976120" lon="1.809280">
						<ele>401</ele>
						<time>2019-08-07T18:53:13Z</time>
					</trkpt>
					<trkpt lat="42.976080" lon="1.809560">
						<ele>401</ele>
						<time>2019-08-07T18:53:17Z</time>
					</trkpt>
					<trkpt lat="42.975940" lon="1.810220">
						<ele>401</ele>
						<time>2019-08-07T18:53:26Z</time>
					</trkpt>
					<trkpt lat="42.975770" lon="1.811640">
						<ele>401</ele>
						<time>2019-08-07T18:53:45Z</time>
					</trkpt>
					<trkpt lat="42.975720" lon="1.811950">
						<ele>403</ele>
						<time>2019-08-07T18:53:49Z</time>
					</trkpt>
					<trkpt lat="42.975710" lon="1.812350">
						<ele>403</ele>
						<time>2019-08-07T18:53:54Z</time>
					</trkpt>
					<trkpt lat="42.975730" lon="1.812630">
						<ele>402</ele>
						<time>2019-08-07T18:53:58Z</time>
					</trkpt>
					<trkpt lat="42.975840" lon="1.813560">
						<ele>403</ele>
						<time>2019-08-07T18:54:10Z</time>
					</trkpt>
					<trkpt lat="42.975860" lon="1.814040">
						<ele>404</ele>
						<time>2019-08-07T18:54:16Z</time>
					</trkpt>
					<trkpt lat="42.975860" lon="1.814530">
						<ele>404</ele>
						<time>2019-08-07T18:54:23Z</time>
					</trkpt>
					<trkpt lat="42.975620" lon="1.816830">
						<ele>412</ele>
						<time>2019-08-07T18:54:53Z</time>
					</trkpt>
					<trkpt lat="42.975540" lon="1.818590">
						<ele>413</ele>
						<time>2019-08-07T18:55:16Z</time>
					</trkpt>
					<trkpt lat="42.975290" lon="1.820490">
						<ele>417</ele>
						<time>2019-08-07T18:55:41Z</time>
					</trkpt>
					<trkpt lat="42.975290" lon="1.820770">
						<ele>417</ele>
						<time>2019-08-07T18:55:45Z</time>
					</trkpt>
					<trkpt lat="42.975310" lon="1.821080">
						<ele>417</ele>
						<time>2019-08-07T18:55:49Z</time>
					</trkpt>
					<trkpt lat="42.975340" lon="1.821330">
						<ele>416</ele>
						<time>2019-08-07T18:55:52Z</time>
					</trkpt>
					<trkpt lat="42.975340" lon="1.821550">
						<ele>417</ele>
						<time>2019-08-07T18:55:55Z</time>
					</trkpt>
					<trkpt lat="42.975170" lon="1.823800">
						<ele>416</ele>
						<time>2019-08-07T18:56:24Z</time>
					</trkpt>
					<trkpt lat="42.975110" lon="1.824230">
						<ele>415</ele>
						<time>2019-08-07T18:56:30Z</time>
					</trkpt>
					<trkpt lat="42.975040" lon="1.824470">
						<ele>414</ele>
						<time>2019-08-07T18:56:33Z</time>
					</trkpt>
					<trkpt lat="42.974660" lon="1.825690">
						<ele>418</ele>
						<time>2019-08-07T18:56:51Z</time>
					</trkpt>
					<trkpt lat="42.974580" lon="1.825900">
						<ele>420</ele>
						<time>2019-08-07T18:56:54Z</time>
					</trkpt>
					<trkpt lat="42.973260" lon="1.828450">
						<ele>418</ele>
						<time>2019-08-07T18:57:34Z</time>
					</trkpt>
					<trkpt lat="42.973140" lon="1.828770">
						<ele>420</ele>
						<time>2019-08-07T18:57:39Z</time>
					</trkpt>
					<trkpt lat="42.973050" lon="1.829170">
						<ele>422</ele>
						<time>2019-08-07T18:57:45Z</time>
					</trkpt>
					<trkpt lat="42.972780" lon="1.831150">
						<ele>426</ele>
						<time>2019-08-07T18:58:11Z</time>
					</trkpt>
					<trkpt lat="42.972590" lon="1.831870">
						<ele>426</ele>
						<time>2019-08-07T18:58:21Z</time>
					</trkpt>
					<trkpt lat="42.972530" lon="1.832190">
						<ele>426</ele>
						<time>2019-08-07T18:58:25Z</time>
					</trkpt>
					<trkpt lat="42.972420" lon="1.832940">
						<ele>430</ele>
						<time>2019-08-07T18:58:35Z</time>
					</trkpt>
					<trkpt lat="42.972380" lon="1.833100">
						<ele>431</ele>
						<time>2019-08-07T18:58:37Z</time>
					</trkpt>
					<trkpt lat="42.971800" lon="1.834090">
						<ele>430</ele>
						<time>2019-08-07T18:58:54Z</time>
					</trkpt>
					<trkpt lat="42.971750" lon="1.834200">
						<ele>430</ele>
						<time>2019-08-07T18:58:55Z</time>
					</trkpt>
					<trkpt lat="42.971600" lon="1.834880">
						<ele>432</ele>
						<time>2019-08-07T18:59:05Z</time>
					</trkpt>
					<trkpt lat="42.971560" lon="1.835030">
						<ele>433</ele>
						<time>2019-08-07T18:59:07Z</time>
					</trkpt>
					<trkpt lat="42.971480" lon="1.835190">
						<ele>434</ele>
						<time>2019-08-07T18:59:09Z</time>
					</trkpt>
					<trkpt lat="42.971420" lon="1.835250">
						<ele>434</ele>
						<time>2019-08-07T18:59:11Z</time>
					</trkpt>
					<trkpt lat="42.971130" lon="1.835460">
						<ele>434</ele>
						<time>2019-08-07T18:59:16Z</time>
					</trkpt>
					<trkpt lat="42.971080" lon="1.835540">
						<ele>434</ele>
						<time>2019-08-07T18:59:18Z</time>
					</trkpt>
					<trkpt lat="42.971030" lon="1.835650">
						<ele>434</ele>
						<time>2019-08-07T18:59:19Z</time>
					</trkpt>
					<trkpt lat="42.971000" lon="1.835780">
						<ele>435</ele>
						<time>2019-08-07T18:59:21Z</time>
					</trkpt>
					<trkpt lat="42.970970" lon="1.836110">
						<ele>434</ele>
						<time>2019-08-07T18:59:26Z</time>
					</trkpt>
					<trkpt lat="42.970980" lon="1.837230">
						<ele>437</ele>
						<time>2019-08-07T18:59:40Z</time>
					</trkpt>
					<trkpt lat="42.970950" lon="1.837700">
						<ele>439</ele>
						<time>2019-08-07T18:59:46Z</time>
					</trkpt>
					<trkpt lat="42.970920" lon="1.837900">
						<ele>440</ele>
						<time>2019-08-07T18:59:49Z</time>
					</trkpt>
					<trkpt lat="42.970770" lon="1.838440">
						<ele>441</ele>
						<time>2019-08-07T18:59:56Z</time>
					</trkpt>
					<trkpt lat="42.970570" lon="1.839080">
						<ele>442</ele>
						<time>2019-08-07T19:00:06Z</time>
					</trkpt>
					<trkpt lat="42.970540" lon="1.839400">
						<ele>441</ele>
						<time>2019-08-07T19:00:10Z</time>
					</trkpt>
					<trkpt lat="42.970530" lon="1.839610">
						<ele>441</ele>
						<time>2019-08-07T19:00:12Z</time>
					</trkpt>
					<trkpt lat="42.970580" lon="1.842040">
						<ele>450</ele>
						<time>2019-08-07T19:00:44Z</time>
					</trkpt>
					<trkpt lat="42.970510" lon="1.842290">
						<ele>450</ele>
						<time>2019-08-07T19:00:48Z</time>
					</trkpt>
					<trkpt lat="42.970470" lon="1.842380">
						<ele>449</ele>
						<time>2019-08-07T19:00:49Z</time>
					</trkpt>
					<trkpt lat="42.970230" lon="1.842730">
						<ele>445</ele>
						<time>2019-08-07T19:00:55Z</time>
					</trkpt>
					<trkpt lat="42.970190" lon="1.842810">
						<ele>445</ele>
						<time>2019-08-07T19:00:56Z</time>
					</trkpt>
					<trkpt lat="42.970170" lon="1.842920">
						<ele>444</ele>
						<time>2019-08-07T19:00:58Z</time>
					</trkpt>
					<trkpt lat="42.970160" lon="1.843030">
						<ele>444</ele>
						<time>2019-08-07T19:00:59Z</time>
					</trkpt>
					<trkpt lat="42.970180" lon="1.843130">
						<ele>444</ele>
						<time>2019-08-07T19:01:01Z</time>
					</trkpt>
					<trkpt lat="42.970220" lon="1.843230">
						<ele>445</ele>
						<time>2019-08-07T19:01:02Z</time>
					</trkpt>
					<trkpt lat="42.970510" lon="1.843660">
						<ele>449</ele>
						<time>2019-08-07T19:01:10Z</time>
					</trkpt>
					<trkpt lat="42.970540" lon="1.843750">
						<ele>449</ele>
						<time>2019-08-07T19:01:11Z</time>
					</trkpt>
					<trkpt lat="42.970560" lon="1.843860">
						<ele>449</ele>
						<time>2019-08-07T19:01:13Z</time>
					</trkpt>
					<trkpt lat="42.970540" lon="1.844180">
						<ele>449</ele>
						<time>2019-08-07T19:01:17Z</time>
					</trkpt>
					<trkpt lat="42.970560" lon="1.844310">
						<ele>449</ele>
						<time>2019-08-07T19:01:19Z</time>
					</trkpt>
					<trkpt lat="42.970590" lon="1.844410">
						<ele>449</ele>
						<time>2019-08-07T19:01:20Z</time>
					</trkpt>
					<trkpt lat="42.970640" lon="1.844520">
						<ele>449</ele>
						<time>2019-08-07T19:01:22Z</time>
					</trkpt>
					<trkpt lat="42.970700" lon="1.844600">
						<ele>449</ele>
						<time>2019-08-07T19:01:23Z</time>
					</trkpt>
					<trkpt lat="42.970860" lon="1.844690">
						<ele>450</ele>
						<time>2019-08-07T19:01:26Z</time>
					</trkpt>
					<trkpt lat="42.971000" lon="1.844730">
						<ele>453</ele>
						<time>2019-08-07T19:01:29Z</time>
					</trkpt>
					<trkpt lat="42.971190" lon="1.844740">
						<ele>457</ele>
						<time>2019-08-07T19:01:32Z</time>
					</trkpt>
					<trkpt lat="42.971350" lon="1.844780">
						<ele>460</ele>
						<time>2019-08-07T19:01:35Z</time>
					</trkpt>
					<trkpt lat="42.971440" lon="1.844840">
						<ele>461</ele>
						<time>2019-08-07T19:01:37Z</time>
					</trkpt>
					<trkpt lat="42.971510" lon="1.844950">
						<ele>461</ele>
						<time>2019-08-07T19:01:39Z</time>
					</trkpt>
					<trkpt lat="42.971550" lon="1.845060">
						<ele>461</ele>
						<time>2019-08-07T19:01:40Z</time>
					</trkpt>
					<trkpt lat="42.971570" lon="1.845180">
						<ele>461</ele>
						<time>2019-08-07T19:01:42Z</time>
					</trkpt>
					<trkpt lat="42.971590" lon="1.845860">
						<ele>457</ele>
						<time>2019-08-07T19:01:51Z</time>
					</trkpt>
					<trkpt lat="42.971730" lon="1.846990">
						<ele>460</ele>
						<time>2019-08-07T19:02:06Z</time>
					</trkpt>
					<trkpt lat="42.971700" lon="1.847280">
						<ele>459</ele>
						<time>2019-08-07T19:02:09Z</time>
					</trkpt>
					<trkpt lat="42.971660" lon="1.847440">
						<ele>458</ele>
						<time>2019-08-07T19:02:12Z</time>
					</trkpt>
					<trkpt lat="42.971630" lon="1.847670">
						<ele>458</ele>
						<time>2019-08-07T19:02:15Z</time>
					</trkpt>
					<trkpt lat="42.971650" lon="1.847890">
						<ele>459</ele>
						<time>2019-08-07T19:02:18Z</time>
					</trkpt>
					<trkpt lat="42.971730" lon="1.848270">
						<ele>462</ele>
						<time>2019-08-07T19:02:23Z</time>
					</trkpt>
					<trkpt lat="42.971740" lon="1.848460">
						<ele>463</ele>
						<time>2019-08-07T19:02:25Z</time>
					</trkpt>
					<trkpt lat="42.971710" lon="1.849280">
						<ele>466</ele>
						<time>2019-08-07T19:02:36Z</time>
					</trkpt>
					<trkpt lat="42.971730" lon="1.849640">
						<ele>467</ele>
						<time>2019-08-07T19:02:41Z</time>
					</trkpt>
					<trkpt lat="42.971760" lon="1.849830">
						<ele>468</ele>
						<time>2019-08-07T19:02:43Z</time>
					</trkpt>
					<trkpt lat="42.971900" lon="1.850390">
						<ele>471</ele>
						<time>2019-08-07T19:02:51Z</time>
					</trkpt>
					<trkpt lat="42.972010" lon="1.850680">
						<ele>473</ele>
						<time>2019-08-07T19:02:55Z</time>
					</trkpt>
					<trkpt lat="42.972200" lon="1.850980">
						<ele>476</ele>
						<time>2019-08-07T19:03:00Z</time>
					</trkpt>
					<trkpt lat="42.972250" lon="1.851110">
						<ele>477</ele>
						<time>2019-08-07T19:03:02Z</time>
					</trkpt>
					<trkpt lat="42.972280" lon="1.851260">
						<ele>476</ele>
						<time>2019-08-07T19:03:04Z</time>
					</trkpt>
					<trkpt lat="42.972290" lon="1.851430">
						<ele>476</ele>
						<time>2019-08-07T19:03:06Z</time>
					</trkpt>
					<trkpt lat="42.972240" lon="1.852150">
						<ele>474</ele>
						<time>2019-08-07T19:03:16Z</time>
					</trkpt>
					<trkpt lat="42.972220" lon="1.852310">
						<ele>473</ele>
						<time>2019-08-07T19:03:18Z</time>
					</trkpt>
					<trkpt lat="42.971850" lon="1.853360">
						<ele>474</ele>
						<time>2019-08-07T19:03:33Z</time>
					</trkpt>
					<trkpt lat="42.971820" lon="1.853540">
						<ele>474</ele>
						<time>2019-08-07T19:03:36Z</time>
					</trkpt>
					<trkpt lat="42.971840" lon="1.853840">
						<ele>475</ele>
						<time>2019-08-07T19:03:39Z</time>
					</trkpt>
					<trkpt lat="42.972580" lon="1.856560">
						<ele>471</ele>
						<time>2019-08-07T19:04:17Z</time>
					</trkpt>
					<trkpt lat="42.972880" lon="1.857810">
						<ele>472</ele>
						<time>2019-08-07T19:04:34Z</time>
					</trkpt>
					<trkpt lat="42.972940" lon="1.858240">
						<ele>473</ele>
						<time>2019-08-07T19:04:40Z</time>
					</trkpt>
					<trkpt lat="42.972960" lon="1.858590">
						<ele>471</ele>
						<time>2019-08-07T19:04:45Z</time>
					</trkpt>
					<trkpt lat="42.972940" lon="1.859690">
						<ele>467</ele>
						<time>2019-08-07T19:04:59Z</time>
					</trkpt>
					<trkpt lat="42.972910" lon="1.859960">
						<ele>467</ele>
						<time>2019-08-07T19:05:03Z</time>
					</trkpt>
					<trkpt lat="42.972790" lon="1.860620">
						<ele>463</ele>
						<time>2019-08-07T19:05:11Z</time>
					</trkpt>
					<trkpt lat="42.972600" lon="1.861440">
						<ele>460</ele>
						<time>2019-08-07T19:05:23Z</time>
					</trkpt>
					<trkpt lat="42.972470" lon="1.861850">
						<ele>458</ele>
						<time>2019-08-07T19:05:28Z</time>
					</trkpt>
					<trkpt lat="42.971800" lon="1.862990">
						<ele>454</ele>
						<time>2019-08-07T19:05:47Z</time>
					</trkpt>
					<trkpt lat="42.971710" lon="1.863170">
						<ele>454</ele>
						<time>2019-08-07T19:05:50Z</time>
					</trkpt>
					<trkpt lat="42.971590" lon="1.863550">
						<ele>453</ele>
						<time>2019-08-07T19:05:56Z</time>
					</trkpt>
					<trkpt lat="42.971220" lon="1.866660">
						<ele>452</ele>
						<time>2019-08-07T19:06:37Z</time>
					</trkpt>
					<trkpt lat="42.971270" lon="1.866670">
						<ele>451</ele>
						<time>2019-08-07T19:06:38Z</time>
					</trkpt>
					<trkpt lat="42.971220" lon="1.866660">
						<ele>452</ele>
						<time>2019-08-07T19:06:38Z</time>
					</trkpt>
					<trkpt lat="42.971140" lon="1.867220">
						<ele>451</ele>
						<time>2019-08-07T19:06:46Z</time>
					</trkpt>
					<trkpt lat="42.970880" lon="1.869620">
						<ele>447</ele>
						<time>2019-08-07T19:07:17Z</time>
					</trkpt>
					<trkpt lat="42.970800" lon="1.870040">
						<ele>448</ele>
						<time>2019-08-07T19:07:23Z</time>
					</trkpt>
					<trkpt lat="42.970740" lon="1.870180">
						<ele>449</ele>
						<time>2019-08-07T19:07:25Z</time>
					</trkpt>
					<trkpt lat="42.970600" lon="1.870470">
						<ele>450</ele>
						<time>2019-08-07T19:07:30Z</time>
					</trkpt>
					<trkpt lat="42.970290" lon="1.870960">
						<ele>452</ele>
						<time>2019-08-07T19:07:38Z</time>
					</trkpt>
					<trkpt lat="42.969850" lon="1.871540">
						<ele>455</ele>
						<time>2019-08-07T19:07:49Z</time>
					</trkpt>
					<trkpt lat="42.969790" lon="1.871600">
						<ele>455</ele>
						<time>2019-08-07T19:07:50Z</time>
					</trkpt>
					<trkpt lat="42.969100" lon="1.871780">
						<ele>456</ele>
						<time>2019-08-07T19:08:03Z</time>
					</trkpt>
					<trkpt lat="42.968320" lon="1.871790">
						<ele>457</ele>
						<time>2019-08-07T19:08:17Z</time>
					</trkpt>
					<trkpt lat="42.967310" lon="1.872120">
						<ele>461</ele>
						<time>2019-08-07T19:08:35Z</time>
					</trkpt>
					<trkpt lat="42.966910" lon="1.872150">
						<ele>460</ele>
						<time>2019-08-07T19:08:42Z</time>
					</trkpt>
					<trkpt lat="42.966760" lon="1.872200">
						<ele>461</ele>
						<time>2019-08-07T19:08:45Z</time>
					</trkpt>
					<trkpt lat="42.966580" lon="1.872310">
						<ele>462</ele>
						<time>2019-08-07T19:08:49Z</time>
					</trkpt>
					<trkpt lat="42.966370" lon="1.872380">
						<ele>463</ele>
						<time>2019-08-07T19:08:52Z</time>
					</trkpt>
					<trkpt lat="42.965130" lon="1.872530">
						<ele>462</ele>
						<time>2019-08-07T19:09:15Z</time>
					</trkpt>
					<trkpt lat="42.964890" lon="1.872590">
						<ele>462</ele>
						<time>2019-08-07T19:09:19Z</time>
					</trkpt>
					<trkpt lat="42.964750" lon="1.872690">
						<ele>463</ele>
						<time>2019-08-07T19:09:22Z</time>
					</trkpt>
					<trkpt lat="42.963760" lon="1.873460">
						<ele>465</ele>
						<time>2019-08-07T19:09:42Z</time>
					</trkpt>
					<trkpt lat="42.962810" lon="1.873980">
						<ele>462</ele>
						<time>2019-08-07T19:10:00Z</time>
					</trkpt>
					<trkpt lat="42.962520" lon="1.874210">
						<ele>461</ele>
						<time>2019-08-07T19:10:06Z</time>
					</trkpt>
					<trkpt lat="42.962350" lon="1.874440">
						<ele>463</ele>
						<time>2019-08-07T19:10:10Z</time>
					</trkpt>
					<trkpt lat="42.961570" lon="1.875930">
						<ele>469</ele>
						<time>2019-08-07T19:10:34Z</time>
					</trkpt>
					<trkpt lat="42.961280" lon="1.876690">
						<ele>472</ele>
						<time>2019-08-07T19:10:46Z</time>
					</trkpt>
					<trkpt lat="42.960970" lon="1.877580">
						<ele>473</ele>
						<time>2019-08-07T19:10:58Z</time>
					</trkpt>
					<trkpt lat="42.960880" lon="1.877930">
						<ele>474</ele>
						<time>2019-08-07T19:11:03Z</time>
					</trkpt>
					<trkpt lat="42.960710" lon="1.878720">
						<ele>476</ele>
						<time>2019-08-07T19:11:14Z</time>
					</trkpt>
					<trkpt lat="42.960560" lon="1.879610">
						<ele>477</ele>
						<time>2019-08-07T19:11:26Z</time>
					</trkpt>
					<trkpt lat="42.960500" lon="1.879990">
						<ele>477</ele>
						<time>2019-08-07T19:11:31Z</time>
					</trkpt>
					<trkpt lat="42.960460" lon="1.880460">
						<ele>477</ele>
						<time>2019-08-07T19:11:37Z</time>
					</trkpt>
					<trkpt lat="42.960400" lon="1.880810">
						<ele>478</ele>
						<time>2019-08-07T19:11:42Z</time>
					</trkpt>
					<trkpt lat="42.960080" lon="1.882210">
						<ele>478</ele>
						<time>2019-08-07T19:12:01Z</time>
					</trkpt>
					<trkpt lat="42.960040" lon="1.882520">
						<ele>479</ele>
						<time>2019-08-07T19:12:05Z</time>
					</trkpt>
					<trkpt lat="42.960040" lon="1.882730">
						<ele>479</ele>
						<time>2019-08-07T19:12:08Z</time>
					</trkpt>
					<trkpt lat="42.960130" lon="1.883490">
						<ele>480</ele>
						<time>2019-08-07T19:12:18Z</time>
					</trkpt>
					<trkpt lat="42.960150" lon="1.883860">
						<ele>481</ele>
						<time>2019-08-07T19:12:22Z</time>
					</trkpt>
					<trkpt lat="42.960140" lon="1.884220">
						<ele>481</ele>
						<time>2019-08-07T19:12:27Z</time>
					</trkpt>
					<trkpt lat="42.960090" lon="1.884490">
						<ele>481</ele>
						<time>2019-08-07T19:12:31Z</time>
					</trkpt>
					<trkpt lat="42.960000" lon="1.884730">
						<ele>480</ele>
						<time>2019-08-07T19:12:34Z</time>
					</trkpt>
					<trkpt lat="42.959580" lon="1.885550">
						<ele>483</ele>
						<time>2019-08-07T19:12:47Z</time>
					</trkpt>
					<trkpt lat="42.959370" lon="1.886100">
						<ele>484</ele>
						<time>2019-08-07T19:12:55Z</time>
					</trkpt>
					<trkpt lat="42.959240" lon="1.886510">
						<ele>484</ele>
						<time>2019-08-07T19:13:01Z</time>
					</trkpt>
					<trkpt lat="42.959160" lon="1.886880">
						<ele>484</ele>
						<time>2019-08-07T19:13:06Z</time>
					</trkpt>
					<trkpt lat="42.959010" lon="1.888130">
						<ele>484</ele>
						<time>2019-08-07T19:13:23Z</time>
					</trkpt>
					<trkpt lat="42.958930" lon="1.888600">
						<ele>485</ele>
						<time>2019-08-07T19:13:29Z</time>
					</trkpt>
					<trkpt lat="42.958470" lon="1.890410">
						<ele>483</ele>
						<time>2019-08-07T19:13:54Z</time>
					</trkpt>
					<trkpt lat="42.958430" lon="1.890610">
						<ele>483</ele>
						<time>2019-08-07T19:13:57Z</time>
					</trkpt>
					<trkpt lat="42.958420" lon="1.890810">
						<ele>483</ele>
						<time>2019-08-07T19:13:59Z</time>
					</trkpt>
					<trkpt lat="42.958450" lon="1.891010">
						<ele>482</ele>
						<time>2019-08-07T19:14:02Z</time>
					</trkpt>
					<trkpt lat="42.958540" lon="1.891320">
						<ele>483</ele>
						<time>2019-08-07T19:14:06Z</time>
					</trkpt>
					<trkpt lat="42.959120" lon="1.892510">
						<ele>475</ele>
						<time>2019-08-07T19:14:25Z</time>
					</trkpt>
					<trkpt lat="42.959220" lon="1.892790">
						<ele>474</ele>
						<time>2019-08-07T19:14:29Z</time>
					</trkpt>
					<trkpt lat="42.959270" lon="1.893030">
						<ele>473</ele>
						<time>2019-08-07T19:14:32Z</time>
					</trkpt>
					<trkpt lat="42.959270" lon="1.893230">
						<ele>472</ele>
						<time>2019-08-07T19:14:35Z</time>
					</trkpt>
					<trkpt lat="42.959220" lon="1.893510">
						<ele>471</ele>
						<time>2019-08-07T19:14:39Z</time>
					</trkpt>
					<trkpt lat="42.959000" lon="1.894170">
						<ele>470</ele>
						<time>2019-08-07T19:14:48Z</time>
					</trkpt>
					<trkpt lat="42.958760" lon="1.895040">
						<ele>466</ele>
						<time>2019-08-07T19:15:00Z</time>
					</trkpt>
					<trkpt lat="42.958650" lon="1.895370">
						<ele>465</ele>
						<time>2019-08-07T19:15:05Z</time>
					</trkpt>
					<trkpt lat="42.958150" lon="1.896360">
						<ele>462</ele>
						<time>2019-08-07T19:15:21Z</time>
					</trkpt>
					<trkpt lat="42.957840" lon="1.897010">
						<ele>460</ele>
						<time>2019-08-07T19:15:31Z</time>
					</trkpt>
					<trkpt lat="42.957700" lon="1.897380">
						<ele>459</ele>
						<time>2019-08-07T19:15:36Z</time>
					</trkpt>
					<trkpt lat="42.957620" lon="1.897750">
						<ele>459</ele>
						<time>2019-08-07T19:15:41Z</time>
					</trkpt>
					<trkpt lat="42.957570" lon="1.898070">
						<ele>459</ele>
						<time>2019-08-07T19:15:45Z</time>
					</trkpt>
					<trkpt lat="42.957460" lon="1.898420">
						<ele>459</ele>
						<time>2019-08-07T19:15:50Z</time>
					</trkpt>
					<trkpt lat="42.957320" lon="1.898730">
						<ele>458</ele>
						<time>2019-08-07T19:15:55Z</time>
					</trkpt>
					<trkpt lat="42.957250" lon="1.899050">
						<ele>457</ele>
						<time>2019-08-07T19:15:59Z</time>
					</trkpt>
					<trkpt lat="42.957230" lon="1.899280">
						<ele>456</ele>
						<time>2019-08-07T19:16:02Z</time>
					</trkpt>
					<trkpt lat="42.957250" lon="1.899590">
						<ele>456</ele>
						<time>2019-08-07T19:16:06Z</time>
					</trkpt>
					<trkpt lat="42.957330" lon="1.899850">
						<ele>456</ele>
						<time>2019-08-07T19:16:10Z</time>
					</trkpt>
					<trkpt lat="42.957420" lon="1.900060">
						<ele>456</ele>
						<time>2019-08-07T19:16:13Z</time>
					</trkpt>
					<trkpt lat="42.957460" lon="1.900250">
						<ele>456</ele>
						<time>2019-08-07T19:16:16Z</time>
					</trkpt>
					<trkpt lat="42.957430" lon="1.900450">
						<ele>457</ele>
						<time>2019-08-07T19:16:19Z</time>
					</trkpt>
					<trkpt lat="42.957310" lon="1.900700">
						<ele>457</ele>
						<time>2019-08-07T19:16:22Z</time>
					</trkpt>
					<trkpt lat="42.956490" lon="1.902020">
						<ele>457</ele>
						<time>2019-08-07T19:16:45Z</time>
					</trkpt>
					<trkpt lat="42.955920" lon="1.903070">
						<ele>455</ele>
						<time>2019-08-07T19:17:02Z</time>
					</trkpt>
					<trkpt lat="42.955830" lon="1.903330">
						<ele>455</ele>
						<time>2019-08-07T19:17:06Z</time>
					</trkpt>
					<trkpt lat="42.955550" lon="1.904380">
						<ele>453</ele>
						<time>2019-08-07T19:17:20Z</time>
					</trkpt>
					<trkpt lat="42.955410" lon="1.904820">
						<ele>451</ele>
						<time>2019-08-07T19:17:27Z</time>
					</trkpt>
					<trkpt lat="42.955320" lon="1.904960">
						<ele>451</ele>
						<time>2019-08-07T19:17:29Z</time>
					</trkpt>
					<trkpt lat="42.955080" lon="1.905200">
						<ele>450</ele>
						<time>2019-08-07T19:17:34Z</time>
					</trkpt>
					<trkpt lat="42.954950" lon="1.905390">
						<ele>449</ele>
						<time>2019-08-07T19:17:38Z</time>
					</trkpt>
					<trkpt lat="42.954900" lon="1.905490">
						<ele>449</ele>
						<time>2019-08-07T19:17:39Z</time>
					</trkpt>
					<trkpt lat="42.954860" lon="1.905620">
						<ele>448</ele>
						<time>2019-08-07T19:17:41Z</time>
					</trkpt>
					<trkpt lat="42.954850" lon="1.905750">
						<ele>448</ele>
						<time>2019-08-07T19:17:43Z</time>
					</trkpt>
					<trkpt lat="42.954860" lon="1.905990">
						<ele>446</ele>
						<time>2019-08-07T19:17:46Z</time>
					</trkpt>
					<trkpt lat="42.954920" lon="1.906210">
						<ele>444</ele>
						<time>2019-08-07T19:17:49Z</time>
					</trkpt>
					<trkpt lat="42.955140" lon="1.906730">
						<ele>442</ele>
						<time>2019-08-07T19:17:57Z</time>
					</trkpt>
					<trkpt lat="42.955780" lon="1.908630">
						<ele>438</ele>
						<time>2019-08-07T19:18:24Z</time>
					</trkpt>
					<trkpt lat="42.955810" lon="1.908780">
						<ele>437</ele>
						<time>2019-08-07T19:18:26Z</time>
					</trkpt>
					<trkpt lat="42.955870" lon="1.908800">
						<ele>437</ele>
						<time>2019-08-07T19:18:27Z</time>
					</trkpt>
					<trkpt lat="42.955810" lon="1.908780">
						<ele>437</ele>
						<time>2019-08-07T19:18:28Z</time>
					</trkpt>
					<trkpt lat="42.955740" lon="1.909180">
						<ele>435</ele>
						<time>2019-08-07T19:18:34Z</time>
					</trkpt>
					<trkpt lat="42.955650" lon="1.909610">
						<ele>433</ele>
						<time>2019-08-07T19:18:39Z</time>
					</trkpt>
					<trkpt lat="42.955650" lon="1.909790">
						<ele>432</ele>
						<time>2019-08-07T19:18:42Z</time>
					</trkpt>
					<trkpt lat="42.955680" lon="1.909960">
						<ele>431</ele>
						<time>2019-08-07T19:18:44Z</time>
					</trkpt>
					<trkpt lat="42.955740" lon="1.910080">
						<ele>431</ele>
						<time>2019-08-07T19:18:46Z</time>
					</trkpt>
					<trkpt lat="42.956600" lon="1.911500">
						<ele>431</ele>
						<time>2019-08-07T19:19:10Z</time>
					</trkpt>
					<trkpt lat="42.956750" lon="1.911810">
						<ele>431</ele>
						<time>2019-08-07T19:19:15Z</time>
					</trkpt>
					<trkpt lat="42.956810" lon="1.911990">
						<ele>431</ele>
						<time>2019-08-07T19:19:17Z</time>
					</trkpt>
					<trkpt lat="42.956850" lon="1.912370">
						<ele>431</ele>
						<time>2019-08-07T19:19:22Z</time>
					</trkpt>
					<trkpt lat="42.956840" lon="1.912700">
						<ele>431</ele>
						<time>2019-08-07T19:19:27Z</time>
					</trkpt>
					<trkpt lat="42.956760" lon="1.913700">
						<ele>430</ele>
						<time>2019-08-07T19:19:40Z</time>
					</trkpt>
					<trkpt lat="42.956710" lon="1.914770">
						<ele>430</ele>
						<time>2019-08-07T19:19:54Z</time>
					</trkpt>
					<trkpt lat="42.956390" lon="1.919080">
						<ele>428</ele>
						<time>2019-08-07T19:20:50Z</time>
					</trkpt>
					<trkpt lat="42.956380" lon="1.919320">
						<ele>429</ele>
						<time>2019-08-07T19:20:53Z</time>
					</trkpt>
					<trkpt lat="42.956420" lon="1.919770">
						<ele>430</ele>
						<time>2019-08-07T19:20:59Z</time>
					</trkpt>
					<trkpt lat="42.956410" lon="1.920070">
						<ele>430</ele>
						<time>2019-08-07T19:21:03Z</time>
					</trkpt>
					<trkpt lat="42.956380" lon="1.920270">
						<ele>430</ele>
						<time>2019-08-07T19:21:06Z</time>
					</trkpt>
					<trkpt lat="42.956290" lon="1.920630">
						<ele>429</ele>
						<time>2019-08-07T19:21:11Z</time>
					</trkpt>
					<trkpt lat="42.956260" lon="1.920880">
						<ele>428</ele>
						<time>2019-08-07T19:21:14Z</time>
					</trkpt>
					<trkpt lat="42.956270" lon="1.921330">
						<ele>428</ele>
						<time>2019-08-07T19:21:20Z</time>
					</trkpt>
					<trkpt lat="42.956240" lon="1.921520">
						<ele>428</ele>
						<time>2019-08-07T19:21:22Z</time>
					</trkpt>
					<trkpt lat="42.956120" lon="1.921650">
						<ele>427</ele>
						<time>2019-08-07T19:21:25Z</time>
					</trkpt>
					<trkpt lat="42.955220" lon="1.922100">
						<ele>424</ele>
						<time>2019-08-07T19:21:42Z</time>
					</trkpt>
					<trkpt lat="42.955140" lon="1.922180">
						<ele>424</ele>
						<time>2019-08-07T19:21:44Z</time>
					</trkpt>
					<trkpt lat="42.955020" lon="1.922440">
						<ele>424</ele>
						<time>2019-08-07T19:21:48Z</time>
					</trkpt>
					<trkpt lat="42.954700" lon="1.923310">
						<ele>426</ele>
						<time>2019-08-07T19:22:01Z</time>
					</trkpt>
					<trkpt lat="42.954630" lon="1.923580">
						<ele>427</ele>
						<time>2019-08-07T19:22:04Z</time>
					</trkpt>
					<trkpt lat="42.954600" lon="1.923770">
						<ele>426</ele>
						<time>2019-08-07T19:22:07Z</time>
					</trkpt>
					<trkpt lat="42.954100" lon="1.930240">
						<ele>425</ele>
						<time>2019-08-07T19:23:32Z</time>
					</trkpt>
					<trkpt lat="42.953600" lon="1.937170">
						<ele>423</ele>
						<time>2019-08-07T19:25:02Z</time>
					</trkpt>
					<trkpt lat="42.953420" lon="1.942400">
						<ele>417</ele>
						<time>2019-08-07T19:26:10Z</time>
					</trkpt>
					<trkpt lat="42.953340" lon="1.944480">
						<ele>417</ele>
						<time>2019-08-07T19:26:38Z</time>
					</trkpt>
					<trkpt lat="42.952860" lon="1.957760">
						<ele>415</ele>
						<time>2019-08-07T19:29:31Z</time>
					</trkpt>
					<trkpt lat="42.952670" lon="1.963450">
						<ele>411</ele>
						<time>2019-08-07T19:30:45Z</time>
					</trkpt>
					<trkpt lat="42.952630" lon="1.963990">
						<ele>411</ele>
						<time>2019-08-07T19:30:52Z</time>
					</trkpt>
					<trkpt lat="42.952610" lon="1.964320">
						<ele>412</ele>
						<time>2019-08-07T19:30:56Z</time>
					</trkpt>
					<trkpt lat="42.952160" lon="1.966100">
						<ele>415</ele>
						<time>2019-08-07T19:31:21Z</time>
					</trkpt>
					<trkpt lat="42.952150" lon="1.966260">
						<ele>415</ele>
						<time>2019-08-07T19:31:23Z</time>
					</trkpt>
					<trkpt lat="42.952200" lon="1.966430">
						<ele>414</ele>
						<time>2019-08-07T19:31:25Z</time>
					</trkpt>
					<trkpt lat="42.952240" lon="1.966700">
						<ele>413</ele>
						<time>2019-08-07T19:31:29Z</time>
					</trkpt>
					<trkpt lat="42.952230" lon="1.966880">
						<ele>413</ele>
						<time>2019-08-07T19:31:31Z</time>
					</trkpt>
					<trkpt lat="42.952200" lon="1.967080">
						<ele>413</ele>
						<time>2019-08-07T19:31:34Z</time>
					</trkpt>
					<trkpt lat="42.952000" lon="1.967740">
						<ele>411</ele>
						<time>2019-08-07T19:31:43Z</time>
					</trkpt>
					<trkpt lat="42.951970" lon="1.967920">
						<ele>411</ele>
						<time>2019-08-07T19:31:46Z</time>
					</trkpt>
					<trkpt lat="42.951930" lon="1.968970">
						<ele>408</ele>
						<time>2019-08-07T19:31:59Z</time>
					</trkpt>
					<trkpt lat="42.951970" lon="1.969300">
						<ele>408</ele>
						<time>2019-08-07T19:32:04Z</time>
					</trkpt>
					<trkpt lat="42.952030" lon="1.969410">
						<ele>408</ele>
						<time>2019-08-07T19:32:05Z</time>
					</trkpt>
					<trkpt lat="42.952120" lon="1.969490">
						<ele>407</ele>
						<time>2019-08-07T19:32:07Z</time>
					</trkpt>
					<trkpt lat="42.952920" lon="1.969870">
						<ele>405</ele>
						<time>2019-08-07T19:32:22Z</time>
					</trkpt>
					<trkpt lat="42.952980" lon="1.969930">
						<ele>405</ele>
						<time>2019-08-07T19:32:24Z</time>
					</trkpt>
					<trkpt lat="42.955010" lon="1.973260">
						<ele>405</ele>
						<time>2019-08-07T19:33:20Z</time>
					</trkpt>
					<trkpt lat="42.955130" lon="1.973520">
						<ele>405</ele>
						<time>2019-08-07T19:33:24Z</time>
					</trkpt>
					<trkpt lat="42.955150" lon="1.973660">
						<ele>405</ele>
						<time>2019-08-07T19:33:26Z</time>
					</trkpt>
					<trkpt lat="42.955140" lon="1.973930">
						<ele>405</ele>
						<time>2019-08-07T19:33:30Z</time>
					</trkpt>
					<trkpt lat="42.955110" lon="1.974120">
						<ele>406</ele>
						<time>2019-08-07T19:33:32Z</time>
					</trkpt>
					<trkpt lat="42.955060" lon="1.974370">
						<ele>407</ele>
						<time>2019-08-07T19:33:35Z</time>
					</trkpt>
					<trkpt lat="42.954950" lon="1.974750">
						<ele>409</ele>
						<time>2019-08-07T19:33:41Z</time>
					</trkpt>
					<trkpt lat="42.954870" lon="1.975240">
						<ele>410</ele>
						<time>2019-08-07T19:33:47Z</time>
					</trkpt>
					<trkpt lat="42.954860" lon="1.975530">
						<ele>410</ele>
						<time>2019-08-07T19:33:51Z</time>
					</trkpt>
					<trkpt lat="42.954890" lon="1.975890">
						<ele>409</ele>
						<time>2019-08-07T19:33:56Z</time>
					</trkpt>
					<trkpt lat="42.955460" lon="1.979880">
						<ele>406</ele>
						<time>2019-08-07T19:34:49Z</time>
					</trkpt>
					<trkpt lat="42.955520" lon="1.980480">
						<ele>406</ele>
						<time>2019-08-07T19:34:57Z</time>
					</trkpt>
					<trkpt lat="42.955530" lon="1.980820">
						<ele>406</ele>
						<time>2019-08-07T19:35:01Z</time>
					</trkpt>
					<trkpt lat="42.955500" lon="1.981200">
						<ele>406</ele>
						<time>2019-08-07T19:35:06Z</time>
					</trkpt>
					<trkpt lat="42.955090" lon="1.983720">
						<ele>400</ele>
						<time>2019-08-07T19:35:40Z</time>
					</trkpt>
					<trkpt lat="42.955020" lon="1.983980">
						<ele>400</ele>
						<time>2019-08-07T19:35:43Z</time>
					</trkpt>
					<trkpt lat="42.954910" lon="1.984160">
						<ele>399</ele>
						<time>2019-08-07T19:35:46Z</time>
					</trkpt>
					<trkpt lat="42.954660" lon="1.984410">
						<ele>398</ele>
						<time>2019-08-07T19:35:52Z</time>
					</trkpt>
					<trkpt lat="42.953760" lon="1.984990">
						<ele>397</ele>
						<time>2019-08-07T19:36:10Z</time>
					</trkpt>
					<trkpt lat="42.953360" lon="1.985350">
						<ele>396</ele>
						<time>2019-08-07T19:36:18Z</time>
					</trkpt>
					<trkpt lat="42.952460" lon="1.986590">
						<ele>398</ele>
						<time>2019-08-07T19:36:41Z</time>
					</trkpt>
					<trkpt lat="42.952180" lon="1.987020">
						<ele>402</ele>
						<time>2019-08-07T19:36:48Z</time>
					</trkpt>
					<trkpt lat="42.951960" lon="1.987550">
						<ele>406</ele>
						<time>2019-08-07T19:36:56Z</time>
					</trkpt>
					<trkpt lat="42.951840" lon="1.988060">
						<ele>405</ele>
						<time>2019-08-07T19:37:03Z</time>
					</trkpt>
					<trkpt lat="42.951770" lon="1.988710">
						<ele>402</ele>
						<time>2019-08-07T19:37:12Z</time>
					</trkpt>
					<trkpt lat="42.951720" lon="1.989690">
						<ele>400</ele>
						<time>2019-08-07T19:37:25Z</time>
					</trkpt>
					<trkpt lat="42.951540" lon="1.991780">
						<ele>400</ele>
						<time>2019-08-07T19:37:52Z</time>
					</trkpt>
					<trkpt lat="42.951560" lon="1.992110">
						<ele>400</ele>
						<time>2019-08-07T19:37:56Z</time>
					</trkpt>
					<trkpt lat="42.951610" lon="1.992390">
						<ele>399</ele>
						<time>2019-08-07T19:38:00Z</time>
					</trkpt>
					<trkpt lat="42.951930" lon="1.993210">
						<ele>396</ele>
						<time>2019-08-07T19:38:12Z</time>
					</trkpt>
					<trkpt lat="42.952020" lon="1.993510">
						<ele>395</ele>
						<time>2019-08-07T19:38:16Z</time>
					</trkpt>
					<trkpt lat="42.952060" lon="1.993910">
						<ele>396</ele>
						<time>2019-08-07T19:38:22Z</time>
					</trkpt>
					<trkpt lat="42.952010" lon="1.994790">
						<ele>400</ele>
						<time>2019-08-07T19:38:33Z</time>
					</trkpt>
					<trkpt lat="42.952000" lon="1.995820">
						<ele>401</ele>
						<time>2019-08-07T19:38:47Z</time>
					</trkpt>
					<trkpt lat="42.952080" lon="1.998440">
						<ele>392</ele>
						<time>2019-08-07T19:39:21Z</time>
					</trkpt>
					<trkpt lat="42.952100" lon="1.998550">
						<ele>392</ele>
						<time>2019-08-07T19:39:22Z</time>
					</trkpt>
					<trkpt lat="42.952120" lon="1.998620">
						<ele>392</ele>
						<time>2019-08-07T19:39:23Z</time>
					</trkpt>
					<trkpt lat="42.952180" lon="1.998700">
						<ele>392</ele>
						<time>2019-08-07T19:39:25Z</time>
					</trkpt>
					<trkpt lat="42.952260" lon="1.998740">
						<ele>392</ele>
						<time>2019-08-07T19:39:26Z</time>
					</trkpt>
					<trkpt lat="42.953180" lon="1.998950">
						<ele>391</ele>
						<time>2019-08-07T19:39:43Z</time>
					</trkpt>
					<trkpt lat="42.953620" lon="1.999090">
						<ele>390</ele>
						<time>2019-08-07T19:39:51Z</time>
					</trkpt>
					<trkpt lat="42.953860" lon="1.999260">
						<ele>391</ele>
						<time>2019-08-07T19:39:56Z</time>
					</trkpt>
					<trkpt lat="42.954650" lon="1.999930">
						<ele>393</ele>
						<time>2019-08-07T19:40:12Z</time>
					</trkpt>
					<trkpt lat="42.954910" lon="2.000240">
						<ele>391</ele>
						<time>2019-08-07T19:40:18Z</time>
					</trkpt>
					<trkpt lat="42.955250" lon="2.000900">
						<ele>393</ele>
						<time>2019-08-07T19:40:29Z</time>
					</trkpt>
					<trkpt lat="42.956360" lon="2.003500">
						<ele>387</ele>
						<time>2019-08-07T19:41:08Z</time>
					</trkpt>
					<trkpt lat="42.958220" lon="2.007760">
						<ele>389</ele>
						<time>2019-08-07T19:42:13Z</time>
					</trkpt>
					<trkpt lat="42.958320" lon="2.007930">
						<ele>389</ele>
						<time>2019-08-07T19:42:15Z</time>
					</trkpt>
					<trkpt lat="42.958470" lon="2.008110">
						<ele>390</ele>
						<time>2019-08-07T19:42:19Z</time>
					</trkpt>
					<trkpt lat="42.958600" lon="2.008200">
						<ele>390</ele>
						<time>2019-08-07T19:42:22Z</time>
					</trkpt>
					<trkpt lat="42.958770" lon="2.008240">
						<ele>390</ele>
						<time>2019-08-07T19:42:25Z</time>
					</trkpt>
					<trkpt lat="42.958910" lon="2.008230">
						<ele>390</ele>
						<time>2019-08-07T19:42:27Z</time>
					</trkpt>
					<trkpt lat="42.959660" lon="2.008100">
						<ele>390</ele>
						<time>2019-08-07T19:42:41Z</time>
					</trkpt>
					<trkpt lat="42.960540" lon="2.007880">
						<ele>388</ele>
						<time>2019-08-07T19:42:56Z</time>
					</trkpt>
					<trkpt lat="42.961200" lon="2.007790">
						<ele>388</ele>
						<time>2019-08-07T19:43:08Z</time>
					</trkpt>
					<trkpt lat="42.961930" lon="2.007640">
						<ele>388</ele>
						<time>2019-08-07T19:43:21Z</time>
					</trkpt>
					<trkpt lat="42.962070" lon="2.007640">
						<ele>388</ele>
						<time>2019-08-07T19:43:24Z</time>
					</trkpt>
					<trkpt lat="42.962480" lon="2.007690">
						<ele>388</ele>
						<time>2019-08-07T19:43:31Z</time>
					</trkpt>
					<trkpt lat="42.962690" lon="2.007670">
						<ele>389</ele>
						<time>2019-08-07T19:43:35Z</time>
					</trkpt>
					<trkpt lat="42.962780" lon="2.007620">
						<ele>389</ele>
						<time>2019-08-07T19:43:37Z</time>
					</trkpt>
					<trkpt lat="42.962890" lon="2.007510">
						<ele>388</ele>
						<time>2019-08-07T19:43:39Z</time>
					</trkpt>
					<trkpt lat="42.963300" lon="2.007040">
						<ele>386</ele>
						<time>2019-08-07T19:43:49Z</time>
					</trkpt>
					<trkpt lat="42.963440" lon="2.006920">
						<ele>385</ele>
						<time>2019-08-07T19:43:52Z</time>
					</trkpt>
					<trkpt lat="42.964010" lon="2.006690">
						<ele>383</ele>
						<time>2019-08-07T19:44:02Z</time>
					</trkpt>
					<trkpt lat="42.964650" lon="2.006320">
						<ele>385</ele>
						<time>2019-08-07T19:44:15Z</time>
					</trkpt>
					<trkpt lat="42.965280" lon="2.005890">
						<ele>384</ele>
						<time>2019-08-07T19:44:27Z</time>
					</trkpt>
					<trkpt lat="42.965460" lon="2.005790">
						<ele>385</ele>
						<time>2019-08-07T19:44:31Z</time>
					</trkpt>
					<trkpt lat="42.965640" lon="2.005720">
						<ele>385</ele>
						<time>2019-08-07T19:44:34Z</time>
					</trkpt>
					<trkpt lat="42.965790" lon="2.005690">
						<ele>386</ele>
						<time>2019-08-07T19:44:37Z</time>
					</trkpt>
					<trkpt lat="42.966360" lon="2.005710">
						<ele>383</ele>
						<time>2019-08-07T19:44:47Z</time>
					</trkpt>
					<trkpt lat="42.967540" lon="2.005830">
						<ele>383</ele>
						<time>2019-08-07T19:45:08Z</time>
					</trkpt>
					<trkpt lat="42.968420" lon="2.005830">
						<ele>382</ele>
						<time>2019-08-07T19:45:23Z</time>
					</trkpt>
					<trkpt lat="42.968610" lon="2.005790">
						<ele>383</ele>
						<time>2019-08-07T19:45:27Z</time>
					</trkpt>
					<trkpt lat="42.968790" lon="2.005710">
						<ele>383</ele>
						<time>2019-08-07T19:45:30Z</time>
					</trkpt>
					<trkpt lat="42.969460" lon="2.005290">
						<ele>381</ele>
						<time>2019-08-07T19:45:43Z</time>
					</trkpt>
					<trkpt lat="42.969860" lon="2.004880">
						<ele>379</ele>
						<time>2019-08-07T19:45:52Z</time>
					</trkpt>
					<trkpt lat="42.969930" lon="2.004780">
						<ele>379</ele>
						<time>2019-08-07T19:45:54Z</time>
					</trkpt>
					<trkpt lat="42.970120" lon="2.004630">
						<ele>379</ele>
						<time>2019-08-07T19:45:58Z</time>
					</trkpt>
					<trkpt lat="42.970430" lon="2.004450">
						<ele>378</ele>
						<time>2019-08-07T19:46:04Z</time>
					</trkpt>
					<trkpt lat="42.970690" lon="2.004340">
						<ele>377</ele>
						<time>2019-08-07T19:46:09Z</time>
					</trkpt>
					<trkpt lat="42.972080" lon="2.004090">
						<ele>378</ele>
						<time>2019-08-07T19:46:34Z</time>
					</trkpt>
					<trkpt lat="42.972360" lon="2.004020">
						<ele>378</ele>
						<time>2019-08-07T19:46:39Z</time>
					</trkpt>
					<trkpt lat="42.972520" lon="2.003960">
						<ele>379</ele>
						<time>2019-08-07T19:46:42Z</time>
					</trkpt>
					<trkpt lat="42.972710" lon="2.003830">
						<ele>379</ele>
						<time>2019-08-07T19:46:45Z</time>
					</trkpt>
					<trkpt lat="42.973020" lon="2.003460">
						<ele>379</ele>
						<time>2019-08-07T19:46:53Z</time>
					</trkpt>
					<trkpt lat="42.973200" lon="2.003330">
						<ele>380</ele>
						<time>2019-08-07T19:46:56Z</time>
					</trkpt>
					<trkpt lat="42.973370" lon="2.003250">
						<ele>379</ele>
						<time>2019-08-07T19:47:00Z</time>
					</trkpt>
					<trkpt lat="42.973630" lon="2.003170">
						<ele>379</ele>
						<time>2019-08-07T19:47:04Z</time>
					</trkpt>
					<trkpt lat="42.974130" lon="2.003090">
						<ele>378</ele>
						<time>2019-08-07T19:47:13Z</time>
					</trkpt>
					<trkpt lat="42.974510" lon="2.003100">
						<ele>376</ele>
						<time>2019-08-07T19:47:20Z</time>
					</trkpt>
					<trkpt lat="42.975050" lon="2.003400">
						<ele>375</ele>
						<time>2019-08-07T19:47:30Z</time>
					</trkpt>
					<trkpt lat="42.976210" lon="2.004000">
						<ele>376</ele>
						<time>2019-08-07T19:47:53Z</time>
					</trkpt>
					<trkpt lat="42.976620" lon="2.004110">
						<ele>377</ele>
						<time>2019-08-07T19:48:00Z</time>
					</trkpt>
					<trkpt lat="42.977750" lon="2.004050">
						<ele>377</ele>
						<time>2019-08-07T19:48:20Z</time>
					</trkpt>
					<trkpt lat="42.978130" lon="2.003970">
						<ele>376</ele>
						<time>2019-08-07T19:48:27Z</time>
					</trkpt>
					<trkpt lat="42.978250" lon="2.003980">
						<ele>376</ele>
						<time>2019-08-07T19:48:29Z</time>
					</trkpt>
					<trkpt lat="42.978540" lon="2.004110">
						<ele>376</ele>
						<time>2019-08-07T19:48:34Z</time>
					</trkpt>
					<trkpt lat="42.980110" lon="2.004940">
						<ele>375</ele>
						<time>2019-08-07T19:49:04Z</time>
					</trkpt>
					<trkpt lat="42.980860" lon="2.005370">
						<ele>378</ele>
						<time>2019-08-07T19:49:19Z</time>
					</trkpt>
					<trkpt lat="42.981020" lon="2.005420">
						<ele>378</ele>
						<time>2019-08-07T19:49:22Z</time>
					</trkpt>
					<trkpt lat="42.981100" lon="2.005400">
						<ele>378</ele>
						<time>2019-08-07T19:49:23Z</time>
					</trkpt>
					<trkpt lat="42.981180" lon="2.005340">
						<ele>377</ele>
						<time>2019-08-07T19:49:25Z</time>
					</trkpt>
					<trkpt lat="42.981520" lon="2.004980">
						<ele>374</ele>
						<time>2019-08-07T19:49:33Z</time>
					</trkpt>
					<trkpt lat="42.981880" lon="2.005100">
						<ele>375</ele>
						<time>2019-08-07T19:49:39Z</time>
					</trkpt>
					<trkpt lat="42.982240" lon="2.005360">
						<ele>376</ele>
						<time>2019-08-07T19:49:46Z</time>
					</trkpt>
					<trkpt lat="42.982050" lon="2.006070">
						<ele>378</ele>
						<time>2019-08-07T19:49:56Z</time>
					</trkpt>
					<trkpt lat="42.982060" lon="2.006650">
						<ele>378</ele>
						<time>2019-08-07T19:50:04Z</time>
					</trkpt>
					<trkpt lat="42.982100" lon="2.006760">
						<ele>379</ele>
						<time>2019-08-07T19:50:05Z</time>
					</trkpt>
					<trkpt lat="42.983040" lon="2.007350">
						<ele>383</ele>
						<time>2019-08-07T19:50:24Z</time>
					</trkpt>
					<trkpt lat="42.983100" lon="2.007140">
						<ele>382</ele>
						<time>2019-08-07T19:50:27Z</time>
					</trkpt>
					</trkseg>
				</trk>
			</gpx>