<?xml version="1.0" encoding="UTF-8"?>
<gpx xmlns="http://www.topografix.com/GPX/1/1" xmlns:xsi="http://www.w3.org/2001/XMLSchema-instance" xsi:schemaLocation="http://www.topografix.com/GPX/1/1 http://www.topografix.com/GPX/1/1/gpx.xsd" version="1.1" creator="gpx.py -- https://github.com/tkrajina/gpxpy">
  <wpt lat="43.81686338100408" lon="2.7546286582946777">
    <ele>470.0</ele>
    <name>Histoire et patrimoine: Collégiale</name>
    <desc>Construite de 1515 &amp;agrave; 1524, par ordre du pr&amp;eacute;v&amp;ocirc;t des chanoines de Belmont, Michel de Pontault, elle est &amp;eacute;difi&amp;eacute;e pour remplacer l'ancienne &amp;eacute;glise devenue trop petite. Il fallait accueillir tous les fid&amp;egrave;les. Cette &amp;eacute;glise en gr&amp;egrave;s rose, de style gothique flamboyant, est class&amp;eacute;e Monument Historique en 1929.</desc>
  </wpt>
  <trk>
    <name>[Itinéraire] Gravel N°22 - A la découverte du Rougier</name>
    <desc>&lt;ol&gt;
&lt;li&gt;Au d&amp;eacute;part de Montlaur, en plein c&amp;oelig;ur des terres rouges, cette sortie gravel alterne des passages sur chemins, sur routes rustiques et dans des sous-bois.&lt;/li&gt;
&lt;li&gt;Apr&amp;egrave;s avoir pass&amp;eacute; Combret un joli passage dans un petit Canyon vous m&amp;egrave;nera vers Belmont-sur-Rance avant un retour au profil &amp;laquo; vallonn&amp;eacute; &amp;raquo; vers Montlaur.&lt;/li&gt;
&lt;/ol&gt;
&lt;br /&gt;Point D'int&amp;eacute;r&amp;ecirc;ts :&amp;nbsp;&lt;br /&gt;
&lt;ul&gt;
&lt;li&gt;Passage dans un&amp;nbsp;&lt;span&gt;&amp;laquo; Canyon &amp;raquo; Km 23&lt;/span&gt;&lt;/li&gt;
&lt;/ul&gt;
Particularit&amp;eacute;s :&amp;nbsp;&lt;br /&gt;
&lt;ul&gt;
&lt;li&gt;Mont&amp;eacute;e un peu pierreuse au Km 13&lt;/li&gt;
&lt;/ul&gt;
58% de routes et 42% de chemins&lt;br /&gt;&lt;br /&gt;Temps de roulage en fonction de votre niveau : 2h &amp;agrave; 3hModifié: 6 jours</desc>
    <trkseg>
      <trkpt lat="43.88096307377866" lon="2.8331154584884652">
        <ele>352.0</ele>
      </trkpt>
      <trkpt lat="43.88093214148781" lon="2.833375632903819">
        <ele>353.0</ele>
      </trkpt>
      <trkpt lat="43.880901208577484" lon="2.833635807037355">
        <ele>353.0</ele>
      </trkpt>
      <trkpt lat="43.880880587236916" lon="2.8338485957728614">
        <ele>353.0</ele>
      </trkpt>
      <trkpt lat="43.88085996548183" lon="2.8340613843547113">
        <ele>353.0</ele>
      </trkpt>
      <trkpt lat="43.88083934331224" lon="2.834274172782898">
        <ele>353.0</ele>
      </trkpt>
      <trkpt lat="43.880707879410224" lon="2.8342151641845716">
        <ele>353.0</ele>
      </trkpt>
      <trkpt lat="43.880591057710554" lon="2.834192668424255">
        <ele>353.0</ele>
      </trkpt>
      <trkpt lat="43.88058994831006" lon="2.834192454793084">
        <ele>353.0</ele>
      </trkpt>
      <trkpt lat="43.880477816776164" lon="2.834172338185978">
        <ele>353.0</ele>
      </trkpt>
      <trkpt lat="43.88036568524621" lon="2.8341522216578614">
        <ele>353.0</ele>
      </trkpt>
      <trkpt lat="43.8802129538833" lon="2.83415758607589">
        <ele>353.0</ele>
      </trkpt>
      <trkpt lat="43.880029289067586" lon="2.8341388106127865">
        <ele>353.0</ele>
      </trkpt>
      <trkpt lat="43.879892023414946" lon="2.8341266512870793">
        <ele>353.0</ele>
      </trkpt>
      <trkpt lat="43.87987075687705" lon="2.8340247273445134">
        <ele>353.0</ele>
      </trkpt>
      <trkpt lat="43.87982822377847" lon="2.8337645530700692">
        <ele>353.0</ele>
      </trkpt>
      <trkpt lat="43.879793423947916" lon="2.833574116230012">
        <ele>353.0</ele>
      </trkpt>
      <trkpt lat="43.87977989067503" lon="2.833450734615326">
        <ele>354.0</ele>
      </trkpt>
      <trkpt lat="43.879708357609765" lon="2.8334882855415353">
        <ele>354.0</ele>
      </trkpt>
      <trkpt lat="43.879677424365845" lon="2.8337028622627263">
        <ele>354.0</ele>
      </trkpt>
      <trkpt lat="43.87961362449956" lon="2.833783328533173">
        <ele>354.0</ele>
      </trkpt>
      <trkpt lat="43.87952275790537" lon="2.8337994217872624">
        <ele>354.0</ele>
      </trkpt>
      <trkpt lat="43.87931040042003" lon="2.8337431773850645">
        <ele>354.0</ele>
      </trkpt>
      <trkpt lat="43.8793100908667" lon="2.83374309539795">
        <ele>355.0</ele>
      </trkpt>
      <trkpt lat="43.87915349010748" lon="2.8337216377258314">
        <ele>355.0</ele>
      </trkpt>
      <trkpt lat="43.879027822533956" lon="2.833721637725831">
        <ele>355.0</ele>
      </trkpt>
      <trkpt lat="43.87885188748572" lon="2.833788692951203">
        <ele>355.0</ele>
      </trkpt>
      <trkpt lat="43.87881515382979" lon="2.8336317836229177">
        <ele>354.0</ele>
      </trkpt>
      <trkpt lat="43.87877841994914" lon="2.833474874496461">
        <ele>354.0</ele>
      </trkpt>
      <trkpt lat="43.87875715301357" lon="2.833328783490288">
        <ele>354.0</ele>
      </trkpt>
      <trkpt lat="43.8787242859167" lon="2.83314907548629">
        <ele>354.0</ele>
      </trkpt>
      <trkpt lat="43.878714619120025" lon="2.8329693674822924">
        <ele>354.0</ele>
      </trkpt>
      <trkpt lat="43.87871075240093" lon="2.832829892613519">
        <ele>354.0</ele>
      </trkpt>
      <trkpt lat="43.87876295308759" lon="2.832652866818535">
        <ele>354.0</ele>
      </trkpt>
      <trkpt lat="43.87880548694665" lon="2.832513391949759">
        <ele>354.0</ele>
      </trkpt>
      <trkpt lat="43.87881515372877" lon="2.832357823826897">
        <ele>354.0</ele>
      </trkpt>
      <trkpt lat="43.87876681980353" lon="2.832148611523735">
        <ele>354.0</ele>
      </trkpt>
      <trkpt lat="43.878728152635134" lon="2.8318669795771716">
        <ele>355.0</ele>
      </trkpt>
      <trkpt lat="43.87870301912515" lon="2.8316752015482156">
        <ele>355.0</ele>
      </trkpt>
      <trkpt lat="43.87867800190392" lon="2.8314843135633945">
        <ele>355.0</ele>
      </trkpt>
      <trkpt lat="43.87867788527863" lon="2.831483423688042">
        <ele>356.0</ele>
      </trkpt>
      <trkpt lat="43.87866531858389" lon="2.8313010334349">
        <ele>356.0</ele>
      </trkpt>
      <trkpt lat="43.87865275158452" lon="2.831118643262017">
        <ele>357.0</ele>
      </trkpt>
      <trkpt lat="43.87865275158452" lon="2.8309308886309736">
        <ele>358.0</ele>
      </trkpt>
      <trkpt lat="43.87864211825812" lon="2.8307417928602194">
        <ele>358.0</ele>
      </trkpt>
      <trkpt lat="43.878631484604256" lon="2.8305526971598747">
        <ele>359.0</ele>
      </trkpt>
      <trkpt lat="43.878631484604256" lon="2.830257654168236">
        <ele>360.0</ele>
      </trkpt>
      <trkpt lat="43.878619884430016" lon="2.8300269841929557">
        <ele>360.0</ele>
      </trkpt>
      <trkpt lat="43.87856768361799" lon="2.829788267590629">
        <ele>361.0</ele>
      </trkpt>
      <trkpt lat="43.878534816535904" lon="2.829620629430732">
        <ele>362.0</ele>
      </trkpt>
      <trkpt lat="43.87850194919705" lon="2.8294529914637687">
        <ele>362.0</ele>
      </trkpt>
      <trkpt lat="43.87845748175353" lon="2.829241096951592">
        <ele>363.0</ele>
      </trkpt>
      <trkpt lat="43.87835694654145" lon="2.8290640711566084">
        <ele>363.0</ele>
      </trkpt>
      <trkpt lat="43.87826221125992" lon="2.8289541004045984">
        <ele>363.0</ele>
      </trkpt>
      <trkpt lat="43.87816747587305" lon="2.8288441300173877">
        <ele>364.0</ele>
      </trkpt>
      <trkpt lat="43.87807660706984" lon="2.828722089313052">
        <ele>364.0</ele>
      </trkpt>
      <trkpt lat="43.87798573813521" lon="2.828600048997033">
        <ele>364.0</ele>
      </trkpt>
      <trkpt lat="43.877913236245924" lon="2.8284780083319414">
        <ele>364.0</ele>
      </trkpt>
      <trkpt lat="43.877840734223376" lon="2.828355967976677">
        <ele>364.0</ele>
      </trkpt>
      <trkpt lat="43.877739231386066" lon="2.8281467553017237">
        <ele>364.0</ele>
      </trkpt>
      <trkpt lat="43.87763772815403" lon="2.827937543370353">
        <ele>364.0</ele>
      </trkpt>
      <trkpt lat="43.87755362555588" lon="2.8277390596109937">
        <ele>364.0</ele>
      </trkpt>
      <trkpt lat="43.877469522601174" lon="2.82754057643615">
        <ele>364.0</ele>
      </trkpt>
      <trkpt lat="43.877397986850745" lon="2.827370255950388">
        <ele>364.0</ele>
      </trkpt>
      <trkpt lat="43.87732645083769" lon="2.827199935891258">
        <ele>364.0</ele>
      </trkpt>
      <trkpt lat="43.877236547541294" lon="2.827017545391163">
        <ele>364.0</ele>
      </trkpt>
      <trkpt lat="43.87714664394506" lon="2.826835155465233">
        <ele>363.0</ele>
      </trkpt>
      <trkpt lat="43.877061573868716" lon="2.8266849515366888">
        <ele>363.0</ele>
      </trkpt>
      <trkpt lat="43.87697650359008" lon="2.8265347480555647">
        <ele>363.0</ele>
      </trkpt>
      <trkpt lat="43.87689723351881" lon="2.8263966140995906">
        <ele>363.0</ele>
      </trkpt>
      <trkpt lat="43.87681796327658" lon="2.8262584805270317">
        <ele>363.0</ele>
      </trkpt>
      <trkpt lat="43.87671452521441" lon="2.8260801133045264">
        <ele>362.0</ele>
      </trkpt>
      <trkpt lat="43.87661108686732" lon="2.8259017467280496">
        <ele>362.0</ele>
      </trkpt>
      <trkpt lat="43.87650764844825" lon="2.825722038398608">
        <ele>362.0</ele>
      </trkpt>
      <trkpt lat="43.87640420973983" lon="2.825542330720054">
        <ele>362.0</ele>
      </trkpt>
      <trkpt lat="43.876312371579786" lon="2.82538005681374">
        <ele>362.0</ele>
      </trkpt>
      <trkpt lat="43.876220533183606" lon="2.825217783429253">
        <ele>362.0</ele>
      </trkpt>
      <trkpt lat="43.876089059189546" lon="2.8249844307078327">
        <ele>361.0</ele>
      </trkpt>
      <trkpt lat="43.875957584707145" lon="2.8247510790606616">
        <ele>361.0</ele>
      </trkpt>
      <trkpt lat="43.875882180180234" lon="2.824619650645429">
        <ele>361.0</ele>
      </trkpt>
      <trkpt lat="43.87580677549856" lon="2.8244882225772026">
        <ele>361.0</ele>
      </trkpt>
      <trkpt lat="43.875688834697655" lon="2.8243299722453226">
        <ele>361.0</ele>
      </trkpt>
      <trkpt lat="43.8755940951701" lon="2.8242240248135073">
        <ele>362.0</ele>
      </trkpt>
      <trkpt lat="43.8754993555452" lon="2.824118077733147">
        <ele>362.0</ele>
      </trkpt>
      <trkpt lat="43.875399782044795" lon="2.8240081069718292">
        <ele>362.0</ele>
      </trkpt>
      <trkpt lat="43.87530020843965" lon="2.823898136593925">
        <ele>362.0</ele>
      </trkpt>
      <trkpt lat="43.87514456381214" lon="2.823721110316566">
        <ele>362.0</ele>
      </trkpt>
      <trkpt lat="43.8749889189123" lon="2.8235440850039604">
        <ele>361.0</ele>
      </trkpt>
      <trkpt lat="43.87489127802113" lon="2.8234622774891647">
        <ele>361.0</ele>
      </trkpt>
      <trkpt lat="43.87479363707447" lon="2.823380470254052">
        <ele>361.0</ele>
      </trkpt>
      <trkpt lat="43.87466022620959" lon="2.823310732656784">
        <ele>361.0</ele>
      </trkpt>
      <trkpt lat="43.874526815311" lon="2.8232409953852766">
        <ele>360.0</ele>
      </trkpt>
      <trkpt lat="43.874346999970456" lon="2.8231068849345315">
        <ele>360.0</ele>
      </trkpt>
      <trkpt lat="43.874171051101285" lon="2.82292985913955">
        <ele>360.0</ele>
      </trkpt>
      <trkpt lat="43.8740782426952" lon="2.8228037951110236">
        <ele>360.0</ele>
      </trkpt>
      <trkpt lat="43.87398543414874" lon="2.8226777314921496">
        <ele>360.0</ele>
      </trkpt>
      <trkpt lat="43.8738578221585" lon="2.8224738836070173">
        <ele>360.0</ele>
      </trkpt>
      <trkpt lat="43.87378048142533" lon="2.8223424553652876">
        <ele>360.0</ele>
      </trkpt>
      <trkpt lat="43.87373987750026" lon="2.8222002982874983">
        <ele>361.0</ele>
      </trkpt>
      <trkpt lat="43.873722475809615" lon="2.8220232724925167">
        <ele>361.0</ele>
      </trkpt>
      <trkpt lat="43.87372247580963" lon="2.821771144845115">
        <ele>362.0</ele>
      </trkpt>
      <trkpt lat="43.873705074113886" lon="2.82163703439437">
        <ele>362.0</ele>
      </trkpt>
      <trkpt lat="43.87367413775336" lon="2.8215351104518045">
        <ele>362.0</ele>
      </trkpt>
      <trkpt lat="43.8736374008044" lon="2.821502923943627">
        <ele>362.0</ele>
      </trkpt>
      <trkpt lat="43.87356779389155" lon="2.821468055226434">
        <ele>362.0</ele>
      </trkpt>
      <trkpt lat="43.873469183959266" lon="2.821476101853476">
        <ele>361.0</ele>
      </trkpt>
      <trkpt lat="43.87333577026177" lon="2.8215297460337765">
        <ele>361.0</ele>
      </trkpt>
      <trkpt lat="43.87311921405903" lon="2.8215994834681632">
        <ele>361.0</ele>
      </trkpt>
      <trkpt lat="43.872920058999306" lon="2.821650445439445">
        <ele>360.0</ele>
      </trkpt>
      <trkpt lat="43.87269963417675" lon="2.8216182589312666">
        <ele>360.0</ele>
      </trkpt>
      <trkpt lat="43.872573952861515" lon="2.8215793668149796">
        <ele>360.0</ele>
      </trkpt>
      <trkpt lat="43.87244827154203" lon="2.821540474869834">
        <ele>360.0</ele>
      </trkpt>
      <trkpt lat="43.87225684851674" lon="2.8214170932551483">
        <ele>360.0</ele>
      </trkpt>
      <trkpt lat="43.872065424876666" lon="2.8212668895503157">
        <ele>360.0</ele>
      </trkpt>
      <trkpt lat="43.87193200803665" lon="2.821132779099571">
        <ele>361.0</ele>
      </trkpt>
      <trkpt lat="43.87183532898043" lon="2.8209262490054248">
        <ele>361.0</ele>
      </trkpt>
      <trkpt lat="43.87178988998997" lon="2.8206982610578017">
        <ele>362.0</ele>
      </trkpt>
      <trkpt lat="43.871744450524574" lon="2.8204702734728917">
        <ele>362.0</ele>
      </trkpt>
      <trkpt lat="43.871673874937365" lon="2.8201846178598764">
        <ele>362.0</ele>
      </trkpt>
      <trkpt lat="43.8716032986056" lon="2.8198989629527205">
        <ele>362.0</ele>
      </trkpt>
      <trkpt lat="43.87155109181345" lon="2.8196951148812843">
        <ele>362.0</ele>
      </trkpt>
      <trkpt lat="43.87149888464224" lon="2.819491267182456">
        <ele>362.0</ele>
      </trkpt>
      <trkpt lat="43.87143942726954" lon="2.819257243715142">
        <ele>362.0</ele>
      </trkpt>
      <trkpt lat="43.87137996939724" lon="2.819023220735005">
        <ele>362.0</ele>
      </trkpt>
      <trkpt lat="43.87132051102536" lon="2.8187891982420425">
        <ele>362.0</ele>
      </trkpt>
      <trkpt lat="43.871261052153905" lon="2.8185551762362597">
        <ele>361.0</ele>
      </trkpt>
      <trkpt lat="43.87121754620261" lon="2.818399607994912">
        <ele>361.0</ele>
      </trkpt>
      <trkpt lat="43.87117404003076" lon="2.818244039990532">
        <ele>361.0</ele>
      </trkpt>
      <trkpt lat="43.8711373015406" lon="2.818053603150473">
        <ele>361.0</ele>
      </trkpt>
      <trkpt lat="43.87112569990748" lon="2.817822933175194">
        <ele>362.0</ele>
      </trkpt>
      <trkpt lat="43.871122799751085" lon="2.8175882398744743">
        <ele>362.0</ele>
      </trkpt>
      <trkpt lat="43.871119899090054" lon="2.817353546597587">
        <ele>362.0</ele>
      </trkpt>
      <trkpt lat="43.871116999047864" lon="2.817070573532148">
        <ele>363.0</ele>
      </trkpt>
      <trkpt lat="43.87111409827207" lon="2.816787600495445">
        <ele>363.0</ele>
      </trkpt>
      <trkpt lat="43.87110765343164" lon="2.816550671978997">
        <ele>363.0</ele>
      </trkpt>
      <trkpt lat="43.871101208076944" lon="2.8163137435160146">
        <ele>363.0</ele>
      </trkpt>
      <trkpt lat="43.87109476220799" lon="2.8160768151064985">
        <ele>363.0</ele>
      </trkpt>
      <trkpt lat="43.871119899090054" lon="2.8158085942050093">
        <ele>363.0</ele>
      </trkpt>
      <trkpt lat="43.87115663772271" lon="2.815631568523879">
        <ele>362.0</ele>
      </trkpt>
      <trkpt lat="43.87119337606908" lon="2.815454542615043">
        <ele>362.0</ele>
      </trkpt>
      <trkpt lat="43.87124751694305" lon="2.815170228459466">
        <ele>361.0</ele>
      </trkpt>
      <trkpt lat="43.87129585696754" lon="2.8149690627833484">
        <ele>361.0</ele>
      </trkpt>
      <trkpt lat="43.87137126732745" lon="2.8148590922137373">
        <ele>360.0</ele>
      </trkpt>
      <trkpt lat="43.8714892166734" lon="2.8147866725703365">
        <ele>360.0</ele>
      </trkpt>
      <trkpt lat="43.87162456809422" lon="2.814706206299887">
        <ele>359.0</ele>
      </trkpt>
      <trkpt lat="43.87174831769573" lon="2.814615011193383">
        <ele>359.0</ele>
      </trkpt>
      <trkpt lat="43.87181019240008" lon="2.8145935535212634">
        <ele>359.0</ele>
      </trkpt>
      <trkpt lat="43.87190107075568" lon="2.8145881891032336">
        <ele>359.0</ele>
      </trkpt>
      <trkpt lat="43.87198034750592" lon="2.8145801424761894">
        <ele>359.0</ele>
      </trkpt>
      <trkpt lat="43.872019019053106" lon="2.814561367013085">
        <ele>359.0</ele>
      </trkpt>
      <trkpt lat="43.87204028839342" lon="2.814523816086876">
        <ele>359.0</ele>
      </trkpt>
      <trkpt lat="43.87204995627282" lon="2.8144674896975634">
        <ele>359.0</ele>
      </trkpt>
      <trkpt lat="43.87204608912121" lon="2.814400434472192">
        <ele>359.0</ele>
      </trkpt>
      <trkpt lat="43.87200355043727" lon="2.8142314553042533">
        <ele>360.0</ele>
      </trkpt>
      <trkpt lat="43.871910738657746" lon="2.8139498233576896">
        <ele>360.0</ele>
      </trkpt>
      <trkpt lat="43.87182372748313" lon="2.8137030601283195">
        <ele>360.0</ele>
      </trkpt>
      <trkpt lat="43.871775388032596" lon="2.813512623127108">
        <ele>360.0</ele>
      </trkpt>
      <trkpt lat="43.87172704825122" lon="2.8133221864482048">
        <ele>360.0</ele>
      </trkpt>
      <trkpt lat="43.87168934346206" lon="2.8131317494824466">
        <ele>361.0</ele>
      </trkpt>
      <trkpt lat="43.871651638341504" lon="2.81294131276809">
        <ele>361.0</ele>
      </trkpt>
      <trkpt lat="43.87160909954073" lon="2.812742829153179">
        <ele>361.0</ele>
      </trkpt>
      <trkpt lat="43.8715665603801" lon="2.812544345833885">
        <ele>361.0</ele>
      </trkpt>
      <trkpt lat="43.87152982227709" lon="2.8123592732928304">
        <ele>362.0</ele>
      </trkpt>
      <trkpt lat="43.871493083861104" lon="2.8121742009898294">
        <ele>362.0</ele>
      </trkpt>
      <trkpt lat="43.87145924613551" lon="2.8119730351945496">
        <ele>362.0</ele>
      </trkpt>
      <trkpt lat="43.87142540803983" lon="2.8117718696375964">
        <ele>363.0</ele>
      </trkpt>
      <trkpt lat="43.87139833786878" lon="2.811570703866149">
        <ele>363.0</ele>
      </trkpt>
      <trkpt lat="43.87137126732744" lon="2.811369538285363">
        <ele>363.0</ele>
      </trkpt>
      <trkpt lat="43.87133452895892" lon="2.811128139474021">
        <ele>364.0</ele>
      </trkpt>
      <trkpt lat="43.871332595359924" lon="2.810964524724115">
        <ele>365.0</ele>
      </trkpt>
      <trkpt lat="43.87135193147438" lon="2.810795545613376">
        <ele>365.0</ele>
      </trkpt>
      <trkpt lat="43.87137126732745" lon="2.810626566388238">
        <ele>366.0</ele>
      </trkpt>
      <trkpt lat="43.87140220488338" lon="2.810428082921136">
        <ele>366.0</ele>
      </trkpt>
      <trkpt lat="43.871421540847706" lon="2.8102778792163003">
        <ele>367.0</ele>
      </trkpt>
      <trkpt lat="43.87142540803981" lon="2.810184001900778">
        <ele>368.0</ele>
      </trkpt>
      <trkpt lat="43.87139640409287" lon="2.8100552558680634">
        <ele>369.0</ele>
      </trkpt>
      <trkpt lat="43.871340329755434" lon="2.809918463208306">
        <ele>370.0</ele>
      </trkpt>
      <trkpt lat="43.87127265380997" lon="2.8097789881742905">
        <ele>372.0</ele>
      </trkpt>
      <trkpt lat="43.87120497768908" lon="2.809639513470755">
        <ele>373.0</ele>
      </trkpt>
      <trkpt lat="43.87113343440998" lon="2.8094745574097435">
        <ele>374.0</ele>
      </trkpt>
      <trkpt lat="43.871061890884704" lon="2.809309601761925">
        <ele>376.0</ele>
      </trkpt>
      <trkpt lat="43.87098261291273" lon="2.8091218471308825">
        <ele>377.0</ele>
      </trkpt>
      <trkpt lat="43.870934272634194" lon="2.8089233636637805">
        <ele>378.0</ele>
      </trkpt>
      <trkpt lat="43.870929438728616" lon="2.8087584077954038">
        <ele>379.0</ele>
      </trkpt>
      <trkpt lat="43.87092460457376" lon="2.8085934519549474">
        <ele>380.0</ele>
      </trkpt>
      <trkpt lat="43.87091880373676" lon="2.8083788752337573">
        <ele>381.0</ele>
      </trkpt>
      <trkpt lat="43.870870463406476" lon="2.808175027348625">
        <ele>382.0</ele>
      </trkpt>
      <trkpt lat="43.87085112726337" lon="2.8080516457339395">
        <ele>382.0</ele>
      </trkpt>
      <trkpt lat="43.87084145918949" lon="2.807898759820091">
        <ele>382.0</ele>
      </trkpt>
      <trkpt lat="43.87080085326195" lon="2.807595670201409">
        <ele>383.0</ele>
      </trkpt>
      <trkpt lat="43.870773782628234" lon="2.80730062720977">
        <ele>383.0</ele>
      </trkpt>
      <trkpt lat="43.87074864572344" lon="2.8071329890725716">
        <ele>383.0</ele>
      </trkpt>
      <trkpt lat="43.87072350856157" lon="2.806965351082909">
        <ele>384.0</ele>
      </trkpt>
      <trkpt lat="43.870673234780156" lon="2.806689083311236">
        <ele>385.0</ele>
      </trkpt>
      <trkpt lat="43.870622960301034" lon="2.806412816025842">
        <ele>386.0</ele>
      </trkpt>
      <trkpt lat="43.870590088717506" lon="2.8062089681407096">
        <ele>387.0</ele>
      </trkpt>
      <trkpt lat="43.87054754899428" lon="2.8059997558375476">
        <ele>388.0</ele>
      </trkpt>
      <trkpt lat="43.87048954023187" lon="2.805833458878624">
        <ele>390.0</ele>
      </trkpt>
      <trkpt lat="43.870404460611546" lon="2.805691301800835">
        <ele>392.0</ele>
      </trkpt>
      <trkpt lat="43.87032324813337" lon="2.805557191350089">
        <ele>393.0</ele>
      </trkpt>
      <trkpt lat="43.870253637349734" lon="2.8053721189280627">
        <ele>395.0</ele>
      </trkpt>
      <trkpt lat="43.87020916375097" lon="2.805176317669976">
        <ele>397.0</ele>
      </trkpt>
      <trkpt lat="43.87017242466606" lon="2.804985880829918">
        <ele>398.0</ele>
      </trkpt>
      <trkpt lat="43.87013955283405" lon="2.804779350735772">
        <ele>400.0</ele>
      </trkpt>
      <trkpt lat="43.87010861462269" lon="2.8045191764613273">
        <ele>401.0</ele>
      </trkpt>
      <trkpt lat="43.87007961003495" lon="2.80429118869506">
        <ele>402.0</ele>
      </trkpt>
      <trkpt lat="43.87003513630626" lon="2.8040229677935713">
        <ele>403.0</ele>
      </trkpt>
      <trkpt lat="43.87000226439855" lon="2.8038218021174544">
        <ele>404.0</ele>
      </trkpt>
      <trkpt lat="43.86998292810977" lon="2.8036474584724713">
        <ele>405.0</ele>
      </trkpt>
      <trkpt lat="43.869963591542756" lon="2.803473114945517">
        <ele>406.0</ele>
      </trkpt>
      <trkpt lat="43.869933620254926" lon="2.8032639025325903">
        <ele>406.0</ele>
      </trkpt>
      <trkpt lat="43.86990364856665" lon="2.8030546903391964">
        <ele>407.0</ele>
      </trkpt>
      <trkpt lat="43.86984177188294" lon="2.8027918338557356">
        <ele>408.0</ele>
      </trkpt>
      <trkpt lat="43.869760558638035" lon="2.8026469945689323">
        <ele>408.0</ele>
      </trkpt>
      <trkpt lat="43.86966000875296" lon="2.8025477528353795">
        <ele>409.0</ele>
      </trkpt>
      <trkpt lat="43.86951111726538" lon="2.8024216890116804">
        <ele>410.0</ele>
      </trkpt>
      <trkpt lat="43.869331286791066" lon="2.80230098960601">
        <ele>411.0</ele>
      </trkpt>
      <trkpt lat="43.86920366483492" lon="2.802164196946251">
        <ele>412.0</ele>
      </trkpt>
      <trkpt lat="43.869101180338994" lon="2.802075684048758">
        <ele>413.0</ele>
      </trkpt>
      <trkpt lat="43.868981292591826" lon="2.802027404286492">
        <ele>414.0</ele>
      </trkpt>
      <trkpt lat="43.86881886364642" lon="2.8020113110324028">
        <ele>415.0</ele>
      </trkpt>
      <trkpt lat="43.86868930690838" lon="2.801992535569298">
        <ele>417.0</ele>
      </trkpt>
      <trkpt lat="43.86859455627986" lon="2.8019523024340742">
        <ele>418.0</ele>
      </trkpt>
      <trkpt lat="43.86846499905428" lon="2.8018423318644645">
        <ele>419.0</ele>
      </trkpt>
      <trkpt lat="43.868339308939426" lon="2.8016706704875105">
        <ele>420.0</ele>
      </trkpt>
      <trkpt lat="43.86822522075949" lon="2.8014507293482893">
        <ele>420.0</ele>
      </trkpt>
      <trkpt lat="43.8681053312504" lon="2.8012495636721724">
        <ele>421.0</ele>
      </trkpt>
      <trkpt lat="43.86798930892644" lon="2.8010859482576684">
        <ele>422.0</ele>
      </trkpt>
      <trkpt lat="43.867873286365445" lon="2.8009223335077618">
        <ele>422.0</ele>
      </trkpt>
      <trkpt lat="43.867757263567384" lon="2.800758719422448">
        <ele>423.0</ele>
      </trkpt>
      <trkpt lat="43.86761094564512" lon="2.800550400121832">
        <ele>423.0</ele>
      </trkpt>
      <trkpt lat="43.86746462733829" lon="2.8003420818883447">
        <ele>424.0</ele>
      </trkpt>
      <trkpt lat="43.86731830864698" lon="2.8001337647219784">
        <ele>424.0</ele>
      </trkpt>
      <trkpt lat="43.86718294744891" lon="2.7999460096460576">
        <ele>425.0</ele>
      </trkpt>
      <trkpt lat="43.86704758593907" lon="2.7997582554598925">
        <ele>426.0</ele>
      </trkpt>
      <trkpt lat="43.866962501403535" lon="2.799642920300474">
        <ele>427.0</ele>
      </trkpt>
      <trkpt lat="43.86687741675054" lon="2.79952758548461">
        <ele>428.0</ele>
      </trkpt>
      <trkpt lat="43.86675559078307" lon="2.7993773817797774">
        <ele>429.0</ele>
      </trkpt>
      <trkpt lat="43.8666705058327" lon="2.79921376702987">
        <ele>430.0</ele>
      </trkpt>
      <trkpt lat="43.866624095891375" lon="2.7990649043086098">
        <ele>432.0</ele>
      </trkpt>
      <trkpt lat="43.86657768574833" lon="2.7989160418292167">
        <ele>433.0</ele>
      </trkpt>
      <trkpt lat="43.86651064928877" lon="2.798697888317354">
        <ele>435.0</ele>
      </trkpt>
      <trkpt lat="43.86644361239589" lon="2.798479735317476">
        <ele>437.0</ele>
      </trkpt>
      <trkpt lat="43.86637657506974" lon="2.798261582829582">
        <ele>439.0</ele>
      </trkpt>
      <trkpt lat="43.86630212554301" lon="2.797997384897311">
        <ele>441.0</ele>
      </trkpt>
      <trkpt lat="43.866227675380145" lon="2.7977331876536473">
        <ele>442.0</ele>
      </trkpt>
      <trkpt lat="43.86616869563488" lon="2.79756152609947">
        <ele>444.0</ele>
      </trkpt>
      <trkpt lat="43.86610971562177" lon="2.797389864899743">
        <ele>446.0</ele>
      </trkpt>
      <trkpt lat="43.86603043106283" lon="2.7971886992236255">
        <ele>447.0</ele>
      </trkpt>
      <trkpt lat="43.86597048413119" lon="2.797022402264702">
        <ele>449.0</ele>
      </trkpt>
      <trkpt lat="43.86593760998177" lon="2.796831965424644">
        <ele>450.0</ele>
      </trkpt>
      <trkpt lat="43.86593761011258" lon="2.796662986256706">
        <ele>451.0</ele>
      </trkpt>
      <trkpt lat="43.86593760998177" lon="2.7964940070887683">
        <ele>452.0</ele>
      </trkpt>
      <trkpt lat="43.865931808804866" lon="2.7963156401711653">
        <ele>453.0</ele>
      </trkpt>
      <trkpt lat="43.86592600733647" lon="2.796137273289788">
        <ele>454.0</ele>
      </trkpt>
      <trkpt lat="43.8658892656115" lon="2.7958958744784477">
        <ele>455.0</ele>
      </trkpt>
      <trkpt lat="43.86583125241282" lon="2.7957295773506523">
        <ele>455.0</ele>
      </trkpt>
      <trkpt lat="43.8657732389628" lon="2.7955632805606005">
        <ele>456.0</ele>
      </trkpt>
      <trkpt lat="43.86567654991641" lon="2.7952896952410815">
        <ele>457.0</ele>
      </trkpt>
      <trkpt lat="43.86559597575975" lon="2.795114457091132">
        <ele>458.0</ele>
      </trkpt>
      <trkpt lat="43.86551540132572" lon="2.7949392194354905">
        <ele>458.0</ele>
      </trkpt>
      <trkpt lat="43.865434826614276" lon="2.794763982274161">
        <ele>459.0</ele>
      </trkpt>
      <trkpt lat="43.86531589848314" lon="2.794546722891677">
        <ele>459.0</ele>
      </trkpt>
      <trkpt lat="43.865196969928185" lon="2.7943294644137504">
        <ele>460.0</ele>
      </trkpt>
      <trkpt lat="43.8650838427214" lon="2.794121592803469">
        <ele>460.0</ele>
      </trkpt>
      <trkpt lat="43.864970715126525" lon="2.79391372201644">
        <ele>461.0</ele>
      </trkpt>
      <trkpt lat="43.86484985222777" lon="2.7937112148073933">
        <ele>461.0</ele>
      </trkpt>
      <trkpt lat="43.864728988962206" lon="2.793508708455193">
        <ele>461.0</ele>
      </trkpt>
      <trkpt lat="43.864646801861866" lon="2.7933786211308256">
        <ele>461.0</ele>
      </trkpt>
      <trkpt lat="43.86456461461059" lon="2.7932485341807465">
        <ele>461.0</ele>
      </trkpt>
      <trkpt lat="43.86442828028205" lon="2.7930406624860296">
        <ele>461.0</ele>
      </trkpt>
      <trkpt lat="43.86429194556898" lon="2.792832791783439">
        <ele>462.0</ele>
      </trkpt>
      <trkpt lat="43.86412757001229" lon="2.792636990525353">
        <ele>462.0</ele>
      </trkpt>
      <trkpt lat="43.863999936914475" lon="2.7925082444926392">
        <ele>462.0</ele>
      </trkpt>
      <trkpt lat="43.86389164195056" lon="2.79230171439849">
        <ele>462.0</ele>
      </trkpt>
      <trkpt lat="43.86383265989609" lon="2.7921287117384215">
        <ele>462.0</ele>
      </trkpt>
      <trkpt lat="43.86377367756952" lon="2.7919557094355705">
        <ele>462.0</ele>
      </trkpt>
      <trkpt lat="43.863773509870924" lon="2.791955024937491">
        <ele>462.0</ele>
      </trkpt>
      <trkpt lat="43.86370599298325" lon="2.7916794419070365">
        <ele>462.0</ele>
      </trkpt>
      <trkpt lat="43.8636441100329" lon="2.7914702293772593">
        <ele>462.0</ele>
      </trkpt>
      <trkpt lat="43.863582226683846" lon="2.791261017300712">
        <ele>462.0</ele>
      </trkpt>
      <trkpt lat="43.86352034359239" lon="2.7910585103007355">
        <ele>462.0</ele>
      </trkpt>
      <trkpt lat="43.863458460127525" lon="2.7908560037394623">
        <ele>461.0</ele>
      </trkpt>
      <trkpt lat="43.86342365073737" lon="2.790720462799073">
        <ele>461.0</ele>
      </trkpt>
      <trkpt lat="43.86338497361298" lon="2.790539503075704">
        <ele>461.0</ele>
      </trkpt>
      <trkpt lat="43.86329021480107" lon="2.7902726228360692">
        <ele>461.0</ele>
      </trkpt>
      <trkpt lat="43.86319545534203" lon="2.790005743481744">
        <ele>460.0</ele>
      </trkpt>
      <trkpt lat="43.863124547238534" lon="2.789814412097073">
        <ele>460.0</ele>
      </trkpt>
      <trkpt lat="43.86305363880267" lon="2.789623081187345">
        <ele>460.0</ele>
      </trkpt>
      <trkpt lat="43.86298273003448" lon="2.789431750752556">
        <ele>459.0</ele>
      </trkpt>
      <trkpt lat="43.86292664787481" lon="2.789269476947861">
        <ele>459.0</ele>
      </trkpt>
      <trkpt lat="43.862870565475795" lon="2.7891072034617532">
        <ele>459.0</ele>
      </trkpt>
      <trkpt lat="43.86282221861818" lon="2.7888765334864725">
        <ele>459.0</ele>
      </trkpt>
      <trkpt lat="43.86280771483647" lon="2.7886270879847603">
        <ele>459.0</ele>
      </trkpt>
      <trkpt lat="43.862793210484746" lon="2.7883776426097033">
        <ele>459.0</ele>
      </trkpt>
      <trkpt lat="43.86276807009106" lon="2.7881174683352583">
        <ele>459.0</ele>
      </trkpt>
      <trkpt lat="43.8627422856781" lon="2.787855505685009">
        <ele>459.0</ele>
      </trkpt>
      <trkpt lat="43.86271650063676" lon="2.78759354327122">
        <ele>459.0</ele>
      </trkpt>
      <trkpt lat="43.86269071496702" lon="2.7873315810938943">
        <ele>459.0</ele>
      </trkpt>
      <trkpt lat="43.862677177810035" lon="2.7870284914752124">
        <ele>458.0</ele>
      </trkpt>
      <trkpt lat="43.862673310050305" lon="2.7869077920695435">
        <ele>458.0</ele>
      </trkpt>
      <trkpt lat="43.86270038436304" lon="2.78668248651229">
        <ele>458.0</ele>
      </trkpt>
      <trkpt lat="43.86271778927189" lon="2.786451816537011">
        <ele>458.0</ele>
      </trkpt>
      <trkpt lat="43.862700384363016" lon="2.7862855195780885">
        <ele>457.0</ele>
      </trkpt>
      <trkpt lat="43.86263656632049" lon="2.7860333919306863">
        <ele>457.0</ele>
      </trkpt>
      <trkpt lat="43.862532136649044" lon="2.785861730553735">
        <ele>457.0</ele>
      </trkpt>
      <trkpt lat="43.86241803735441" lon="2.7857222556849592">
        <ele>456.0</ele>
      </trkpt>
      <trkpt lat="43.8623116733959" lon="2.78558546277053">
        <ele>456.0</ele>
      </trkpt>
      <trkpt lat="43.862205309272866" lon="2.785448670365442">
        <ele>456.0</ele>
      </trkpt>
      <trkpt lat="43.862108614439386" lon="2.785199224927056">
        <ele>456.0</ele>
      </trkpt>
      <trkpt lat="43.86207380426098" lon="2.7850758433123706">
        <ele>456.0</ele>
      </trkpt>
      <trkpt lat="43.86207573816028" lon="2.7849149107714775">
        <ele>456.0</ele>
      </trkpt>
      <trkpt lat="43.86212988731621" lon="2.7847325205584657">
        <ele>456.0</ele>
      </trkpt>
      <trkpt lat="43.86217436694321" lon="2.7845447659274205">
        <ele>456.0</ele>
      </trkpt>
      <trkpt lat="43.86221497874758" lon="2.784362375714409">
        <ele>457.0</ele>
      </trkpt>
      <trkpt lat="43.86220724316794" lon="2.784198760964501">
        <ele>457.0</ele>
      </trkpt>
      <trkpt lat="43.86217823473534" lon="2.784088790394891">
        <ele>458.0</ele>
      </trkpt>
      <trkpt lat="43.86205446526419" lon="2.783874213673699">
        <ele>458.0</ele>
      </trkpt>
      <trkpt lat="43.86197227447033" lon="2.783749490775078">
        <ele>459.0</ele>
      </trkpt>
      <trkpt lat="43.86189008353808" lon="2.783624768235311">
        <ele>460.0</ele>
      </trkpt>
      <trkpt lat="43.861787586513486" lon="2.7834517654434805">
        <ele>460.0</ele>
      </trkpt>
      <trkpt lat="43.86168508922109" lon="2.783278763272392">
        <ele>461.0</ele>
      </trkpt>
      <trkpt lat="43.86159999707385" lon="2.783128559343847">
        <ele>461.0</ele>
      </trkpt>
      <trkpt lat="43.86151490472434" lon="2.782978355862723">
        <ele>462.0</ele>
      </trkpt>
      <trkpt lat="43.86141047308583" lon="2.782836198525089">
        <ele>462.0</ele>
      </trkpt>
      <trkpt lat="43.861306041268854" lon="2.7826940417071455">
        <ele>463.0</ele>
      </trkpt>
      <trkpt lat="43.86119484047446" lon="2.7825773653879042">
        <ele>463.0</ele>
      </trkpt>
      <trkpt lat="43.8610836395629" lon="2.7824606895228476">
        <ele>464.0</ele>
      </trkpt>
      <trkpt lat="43.86095696688741" lon="2.782305121055068">
        <ele>465.0</ele>
      </trkpt>
      <trkpt lat="43.860830293999996" lon="2.7821495532771214">
        <ele>466.0</ele>
      </trkpt>
      <trkpt lat="43.86070362080415" lon="2.7819819148420133">
        <ele>466.0</ele>
      </trkpt>
      <trkpt lat="43.86057694736062" lon="2.781814277150262">
        <ele>467.0</ele>
      </trkpt>
      <trkpt lat="43.86047058013696" lon="2.781662732058785">
        <ele>468.0</ele>
      </trkpt>
      <trkpt lat="43.86036421270978" lon="2.7815111875315774">
        <ele>468.0</ele>
      </trkpt>
      <trkpt lat="43.86026364692008" lon="2.781425356692024">
        <ele>469.0</ele>
      </trkpt>
      <trkpt lat="43.86016308106907" lon="2.781339526154626">
        <ele>469.0</ele>
      </trkpt>
      <trkpt lat="43.86000642999427" lon="2.7812858819743274">
        <ele>470.0</ele>
      </trkpt>
      <trkpt lat="43.859851712479326" lon="2.7812644243022095">
        <ele>470.0</ele>
      </trkpt>
      <trkpt lat="43.859638975240806" lon="2.781277835347281">
        <ele>470.0</ele>
      </trkpt>
      <trkpt lat="43.85951133253332" lon="2.7813153862734894">
        <ele>470.0</ele>
      </trkpt>
      <trkpt lat="43.85937015164465" lon="2.781366348244773">
        <ele>470.0</ele>
      </trkpt>
      <trkpt lat="43.859283122163205" lon="2.781369030453788">
        <ele>469.0</ele>
      </trkpt>
      <trkpt lat="43.859215432478656" lon="2.7813100218554614">
        <ele>469.0</ele>
      </trkpt>
      <trkpt lat="43.859159346681814" lon="2.781197369076836">
        <ele>469.0</ele>
      </trkpt>
      <trkpt lat="43.85909939284067" lon="2.780899643876183">
        <ele>469.0</ele>
      </trkpt>
      <trkpt lat="43.859043307085415" lon="2.7807025013200666">
        <ele>468.0</ele>
      </trkpt>
      <trkpt lat="43.85898722097596" lon="2.780505359150995">
        <ele>468.0</ele>
      </trkpt>
      <trkpt lat="43.85890115817294" lon="2.7802492078042307">
        <ele>468.0</ele>
      </trkpt>
      <trkpt lat="43.85881509477323" lon="2.7799930572291505">
        <ele>468.0</ele>
      </trkpt>
      <trkpt lat="43.85873386650492" lon="2.7797194719096305">
        <ele>468.0</ele>
      </trkpt>
      <trkpt lat="43.85867681334471" lon="2.7795558569963417">
        <ele>467.0</ele>
      </trkpt>
      <trkpt lat="43.85861975994117" lon="2.779392242409812">
        <ele>467.0</ele>
      </trkpt>
      <trkpt lat="43.858556904657675" lon="2.779208510890167">
        <ele>467.0</ele>
      </trkpt>
      <trkpt lat="43.858494049067254" lon="2.779024779774772">
        <ele>466.0</ele>
      </trkpt>
      <trkpt lat="43.85840895232529" lon="2.778826296307671">
        <ele>466.0</ele>
      </trkpt>
      <trkpt lat="43.85831805339854" lon="2.77869486806594">
        <ele>466.0</ele>
      </trkpt>
      <trkpt lat="43.85824456054792" lon="2.77862244842254">
        <ele>465.0</ele>
      </trkpt>
      <trkpt lat="43.85818267176138" lon="2.7785795330782994">
        <ele>465.0</ele>
      </trkpt>
      <trkpt lat="43.85810724471593" lon="2.778592944123375">
        <ele>465.0</ele>
      </trkpt>
      <trkpt lat="43.85800474114226" lon="2.778700232483972">
        <ele>464.0</ele>
      </trkpt>
      <trkpt lat="43.85785775457814" lon="2.7788692116519083">
        <ele>464.0</ele>
      </trkpt>
      <trkpt lat="43.857752349444695" lon="2.778942972535892">
        <ele>464.0</ele>
      </trkpt>
      <trkpt lat="43.857646944268204" lon="2.7790167331477282">
        <ele>463.0</ele>
      </trkpt>
      <trkpt lat="43.85753573661747" lon="2.7790985406819075">
        <ele>463.0</ele>
      </trkpt>
      <trkpt lat="43.857424528913" lon="2.779180347897636">
        <ele>462.0</ele>
      </trkpt>
      <trkpt lat="43.857254332254755" lon="2.7793117761393655">
        <ele>462.0</ele>
      </trkpt>
      <trkpt lat="43.857101541524464" lon="2.779433816975895">
        <ele>462.0</ele>
      </trkpt>
      <trkpt lat="43.85694875067203" lon="2.779555857159722">
        <ele>461.0</ele>
      </trkpt>
      <trkpt lat="43.85684044283151" lon="2.779641688010897">
        <ele>461.0</ele>
      </trkpt>
      <trkpt lat="43.85673213493068" lon="2.779727518536676">
        <ele>461.0</ele>
      </trkpt>
      <trkpt lat="43.85656580445236" lon="2.7798589467784054">
        <ele>460.0</ele>
      </trkpt>
      <trkpt lat="43.85640334167676" lon="2.7800037860652083">
        <ele>460.0</ele>
      </trkpt>
      <trkpt lat="43.85630083517396" lon="2.780210316159356">
        <ele>459.0</ele>
      </trkpt>
      <trkpt lat="43.85623701028129" lon="2.7803766131182783">
        <ele>459.0</ele>
      </trkpt>
      <trkpt lat="43.856114518121416" lon="2.7806126485236122">
        <ele>458.0</ele>
      </trkpt>
      <trkpt lat="43.8559920254602" lon="2.780848682916922">
        <ele>458.0</ele>
      </trkpt>
      <trkpt lat="43.855869532297675" lon="2.7810847162982104">
        <ele>457.0</ele>
      </trkpt>
      <trkpt lat="43.85575058514753" lon="2.7813314800412767">
        <ele>457.0</ele>
      </trkpt>
      <trkpt lat="43.85563163744806" lon="2.781578242756948">
        <ele>456.0</ele>
      </trkpt>
      <trkpt lat="43.8555339650001" lon="2.7817794087769383">
        <ele>455.0</ele>
      </trkpt>
      <trkpt lat="43.85543629218712" lon="2.781980574109185">
        <ele>455.0</ele>
      </trkpt>
      <trkpt lat="43.85537923583307" lon="2.782116025799693">
        <ele>454.0</ele>
      </trkpt>
      <trkpt lat="43.85532217931288" lon="2.782251477219688">
        <ele>454.0</ele>
      </trkpt>
      <trkpt lat="43.855221605073176" lon="2.7823909520884644">
        <ele>453.0</ele>
      </trkpt>
      <trkpt lat="43.855144240157955" lon="2.782439231850729">
        <ele>453.0</ele>
      </trkpt>
      <trkpt lat="43.85501852195673" lon="2.7824580073138354">
        <ele>453.0</ele>
      </trkpt>
      <trkpt lat="43.854910210678455" lon="2.782441914059746">
        <ele>452.0</ele>
      </trkpt>
      <trkpt lat="43.85470132408628" lon="2.7823802232524044">
        <ele>452.0</ele>
      </trkpt>
      <trkpt lat="43.854562065790056" lon="2.7823413311269007">
        <ele>452.0</ele>
      </trkpt>
      <trkpt lat="43.8544228074919" lon="2.7823024391909716">
        <ele>452.0</ele>
      </trkpt>
      <trkpt lat="43.854270009252716" lon="2.78225862954276">
        <ele>452.0</ele>
      </trkpt>
      <trkpt lat="43.854117211010305" lon="2.78221482012885">
        <ele>451.0</ele>
      </trkpt>
      <trkpt lat="43.85396441276467" lon="2.7821710109492432">
        <ele>451.0</ele>
      </trkpt>
      <trkpt lat="43.85375745667385" lon="2.7821093199184617">
        <ele>451.0</ele>
      </trkpt>
      <trkpt lat="43.853550500574514" lon="2.782047629334556">
        <ele>451.0</ele>
      </trkpt>
      <trkpt lat="43.853361917840225" lon="2.7819886205414806">
        <ele>451.0</ele>
      </trkpt>
      <trkpt lat="43.853173335095896" lon="2.7819296121379002">
        <ele>451.0</ele>
      </trkpt>
      <trkpt lat="43.85306405327361" lon="2.781890720032804">
        <ele>450.0</ele>
      </trkpt>
      <trkpt lat="43.85295477144483" lon="2.7818518280764692">
        <ele>450.0</ele>
      </trkpt>
      <trkpt lat="43.852738141195" lon="2.7817713618060234">
        <ele>449.0</ele>
      </trkpt>
      <trkpt lat="43.852570832257754" lon="2.781692236408406">
        <ele>448.0</ele>
      </trkpt>
      <trkpt lat="43.85240352328037" lon="2.781613111474144">
        <ele>447.0</ele>
      </trkpt>
      <trkpt lat="43.85220107467821" lon="2.781517445341408">
        <ele>446.0</ele>
      </trkpt>
      <trkpt lat="43.85199862601743" lon="2.781421779886547">
        <ele>445.0</ele>
      </trkpt>
      <trkpt lat="43.851796177298" lon="2.78132611510955">
        <ele>444.0</ele>
      </trkpt>
      <trkpt lat="43.85162403011237" lon="2.781241625271047">
        <ele>442.0</ele>
      </trkpt>
      <trkpt lat="43.851451882879566" lon="2.7811571359416134">
        <ele>441.0</ele>
      </trkpt>
      <trkpt lat="43.85125845788053" lon="2.781078010507838">
        <ele>440.0</ele>
      </trkpt>
      <trkpt lat="43.85106503284718" lon="2.780998885609733">
        <ele>439.0</ele>
      </trkpt>
      <trkpt lat="43.8509538129048" lon="2.7809439002179066">
        <ele>438.0</ele>
      </trkpt>
      <trkpt lat="43.85084259294235" lon="2.780888915040123">
        <ele>438.0</ele>
      </trkpt>
      <trkpt lat="43.850703325640346" lon="2.780837952944637">
        <ele>437.0</ele>
      </trkpt>
      <trkpt lat="43.850564058326526" lon="2.780786991097557">
        <ele>437.0</ele>
      </trkpt>
      <trkpt lat="43.85037353188231" lon="2.780699819013927">
        <ele>437.0</ele>
      </trkpt>
      <trkpt lat="43.850183005390804" lon="2.780612647511589">
        <ele>437.0</ele>
      </trkpt>
      <trkpt lat="43.85004373655057" lon="2.780557662092775">
        <ele>437.0</ele>
      </trkpt>
      <trkpt lat="43.84990446769458" lon="2.7805026769419774">
        <ele>437.0</ele>
      </trkpt>
      <trkpt lat="43.84979131128218" lon="2.780457079298432">
        <ele>438.0</ele>
      </trkpt>
      <trkpt lat="43.84967815485863" lon="2.7804114818354715">
        <ele>438.0</ele>
      </trkpt>
      <trkpt lat="43.84953018044263" lon="2.7803524730843416">
        <ele>439.0</ele>
      </trkpt>
      <trkpt lat="43.849382206008165" lon="2.780293464638817">
        <ele>440.0</ele>
      </trkpt>
      <trkpt lat="43.8492023145633" lon="2.7802103158976035">
        <ele>440.0</ele>
      </trkpt>
      <trkpt lat="43.849022423074985" lon="2.7801271676798947">
        <ele>440.0</ele>
      </trkpt>
      <trkpt lat="43.84886380840463" lon="2.780072093009949">
        <ele>441.0</ele>
      </trkpt>
      <trkpt lat="43.8487419456273" lon="2.7800238132476807">
        <ele>441.0</ele>
      </trkpt>
      <trkpt lat="43.848781599766816" lon="2.779741555637296">
        <ele>442.0</ele>
      </trkpt>
      <trkpt lat="43.84882125317712" lon="2.779459297635186">
        <ele>442.0</ele>
      </trkpt>
      <trkpt lat="43.84886187435664" lon="2.779205829063455">
        <ele>443.0</ele>
      </trkpt>
      <trkpt lat="43.848902494948355" lon="2.7789523601313713">
        <ele>443.0</ele>
      </trkpt>
      <trkpt lat="43.84895085348618" lon="2.77865195297592">
        <ele>443.0</ele>
      </trkpt>
      <trkpt lat="43.84899921119835" lon="2.7783515453120353">
        <ele>443.0</ele>
      </trkpt>
      <trkpt lat="43.849018554429705" lon="2.7782067060252307">
        <ele>443.0</ele>
      </trkpt>
      <trkpt lat="43.84907078112257" lon="2.777973353840935">
        <ele>444.0</ele>
      </trkpt>
      <trkpt lat="43.84911140209302" lon="2.7777373196154054">
        <ele>444.0</ele>
      </trkpt>
      <trkpt lat="43.84915202255389" lon="2.7775012850543126">
        <ele>444.0</ele>
      </trkpt>
      <trkpt lat="43.84919070919854" lon="2.7772451342668036">
        <ele>444.0</ele>
      </trkpt>
      <trkpt lat="43.84922939524275" lon="2.7769889831324694">
        <ele>444.0</ele>
      </trkpt>
      <trkpt lat="43.84924390290021" lon="2.7767368555490775">
        <ele>444.0</ele>
      </trkpt>
      <trkpt lat="43.8492584099752" lon="2.7764847278376696">
        <ele>443.0</ele>
      </trkpt>
      <trkpt lat="43.84925067313876" lon="2.77618029707326">
        <ele>443.0</ele>
      </trkpt>
      <trkpt lat="43.849242935452985" lon="2.7758758663912886">
        <ele>443.0</ele>
      </trkpt>
      <trkpt lat="43.8492339090706" lon="2.7756603955323524">
        <ele>443.0</ele>
      </trkpt>
      <trkpt lat="43.849224882262746" lon="2.775444924741488">
        <ele>443.0</ele>
      </trkpt>
      <trkpt lat="43.84921585502943" lon="2.775229454018699">
        <ele>442.0</ele>
      </trkpt>
      <trkpt lat="43.84921005297165" lon="2.7749746440846605">
        <ele>442.0</ele>
      </trkpt>
      <trkpt lat="43.84920425031881" lon="2.774719834202367">
        <ele>442.0</ele>
      </trkpt>
      <trkpt lat="43.84919844707097" lon="2.7744650243718243">
        <ele>441.0</ele>
      </trkpt>
      <trkpt lat="43.849192643228044" lon="2.7742102145930403">
        <ele>441.0</ele>
      </trkpt>
      <trkpt lat="43.84918684103265" lon="2.773975521232741">
        <ele>441.0</ele>
      </trkpt>
      <trkpt lat="43.84918103833242" lon="2.7737408279201023">
        <ele>440.0</ele>
      </trkpt>
      <trkpt lat="43.84917523512743" lon="2.7735061346551304">
        <ele>440.0</ele>
      </trkpt>
      <trkpt lat="43.84916943141763" lon="2.7732714414378283">
        <ele>439.0</ele>
      </trkpt>
      <trkpt lat="43.84917039874278" lon="2.773081004600993">
        <ele>439.0</ele>
      </trkpt>
      <trkpt lat="43.84917136573552" lon="2.772890567757713">
        <ele>439.0</ele>
      </trkpt>
      <trkpt lat="43.849159759992325" lon="2.7727001308789783">
        <ele>438.0</ele>
      </trkpt>
      <trkpt lat="43.8491481539168" lon="2.772509694077599">
        <ele>438.0</ele>
      </trkpt>
      <trkpt lat="43.84908625568946" lon="2.772257566430199">
        <ele>438.0</ele>
      </trkpt>
      <trkpt lat="43.849039831976775" lon="2.7720349430819624">
        <ele>438.0</ele>
      </trkpt>
      <trkpt lat="43.84904176629885" lon="2.7717559933444136">
        <ele>438.0</ele>
      </trkpt>
      <trkpt lat="43.84909689482434" lon="2.771460950637406">
        <ele>438.0</ele>
      </trkpt>
      <trkpt lat="43.84915202255389" lon="2.7711659073611377">
        <ele>438.0</ele>
      </trkpt>
      <trkpt lat="43.84919844617926" lon="2.770967423894036">
        <ele>438.0</ele>
      </trkpt>
      <trkpt lat="43.84923616547733" lon="2.770791739319524">
        <ele>438.0</ele>
      </trkpt>
      <trkpt lat="43.849273884493385" lon="2.7706160545130847">
        <ele>437.0</ele>
      </trkpt>
      <trkpt lat="43.84927775312233" lon="2.770353198029625">
        <ele>437.0</ele>
      </trkpt>
      <trkpt lat="43.84924873859256" lon="2.7701439856202366">
        <ele>437.0</ele>
      </trkpt>
      <trkpt lat="43.849219723662124" lon="2.769934773423302">
        <ele>437.0</ele>
      </trkpt>
      <trkpt lat="43.84920038060195" lon="2.76978054635274">
        <ele>436.0</ele>
      </trkpt>
      <trkpt lat="43.849181037323994" lon="2.7696263193865898">
        <ele>436.0</ele>
      </trkpt>
      <trkpt lat="43.84913461368508" lon="2.769438564755547">
        <ele>436.0</ele>
      </trkpt>
      <trkpt lat="43.84906110951623" lon="2.7693125009318473">
        <ele>435.0</ele>
      </trkpt>
      <trkpt lat="43.84897793363698" lon="2.7691542505999682">
        <ele>434.0</ele>
      </trkpt>
      <trkpt lat="43.84893731281663" lon="2.7688994407435534">
        <ele>434.0</ele>
      </trkpt>
      <trkpt lat="43.84893441209407" lon="2.768663406314291">
        <ele>433.0</ele>
      </trkpt>
      <trkpt lat="43.848931510860936" lon="2.7684273719089934">
        <ele>433.0</ele>
      </trkpt>
      <trkpt lat="43.848928609117195" lon="2.7681913375276666">
        <ele>432.0</ele>
      </trkpt>
      <trkpt lat="43.848925706862836" lon="2.767955303170311">
        <ele>431.0</ele>
      </trkpt>
      <trkpt lat="43.84890152817545" lon="2.7676616011589092">
        <ele>431.0</ele>
      </trkpt>
      <trkpt lat="43.84887734869785" lon="2.7673678993960493">
        <ele>430.0</ele>
      </trkpt>
      <trkpt lat="43.84885703860304" lon="2.767091631769324">
        <ele>430.0</ele>
      </trkpt>
      <trkpt lat="43.84883672780898" lon="2.766815364338981">
        <ele>429.0</ele>
      </trkpt>
      <trkpt lat="43.84882705638553" lon="2.766595423162536">
        <ele>429.0</ele>
      </trkpt>
      <trkpt lat="43.84881738451878" lon="2.7663754820605395">
        <ele>429.0</ele>
      </trkpt>
      <trkpt lat="43.84881545018945" lon="2.7660884856959456">
        <ele>428.0</ele>
      </trkpt>
      <trkpt lat="43.8488612296222" lon="2.765890896615095">
        <ele>428.0</ele>
      </trkpt>
      <trkpt lat="43.84890700869841" lon="2.7656933072176653">
        <ele>428.0</ele>
      </trkpt>
      <trkpt lat="43.8489527874181" lon="2.7654957175036547">
        <ele>428.0</ele>
      </trkpt>
      <trkpt lat="43.849025324836546" lon="2.7652301791482436">
        <ele>428.0</ele>
      </trkpt>
      <trkpt lat="43.84909786161197" lon="2.764964640118706">
        <ele>428.0</ele>
      </trkpt>
      <trkpt lat="43.84914525256077" lon="2.764788955573928">
        <ele>428.0</ele>
      </trkpt>
      <trkpt lat="43.849192643228044" lon="2.7646132707377546">
        <ele>429.0</ele>
      </trkpt>
      <trkpt lat="43.84922746102331" lon="2.764460384917058">
        <ele>429.0</ele>
      </trkpt>
      <trkpt lat="43.84926227860513" lon="2.7643074989100573">
        <ele>429.0</ele>
      </trkpt>
      <trkpt lat="43.84934158546324" lon="2.7642511725207455">
        <ele>429.0</ele>
      </trkpt>
      <trkpt lat="43.849480855788244" lon="2.764216303803551">
        <ele>429.0</ele>
      </trkpt>
      <trkpt lat="43.84965494323724" lon="2.7641492485781796">
        <ele>430.0</ele>
      </trkpt>
      <trkpt lat="43.849786475639505" lon="2.764082193352806">
        <ele>430.0</ele>
      </trkpt>
      <trkpt lat="43.849966365072945" lon="2.7638998031397946">
        <ele>430.0</ele>
      </trkpt>
      <trkpt lat="43.85012304243386" lon="2.763736188838486">
        <ele>431.0</ele>
      </trkpt>
      <trkpt lat="43.850279719564526" lon="2.763572573639975">
        <ele>431.0</ele>
      </trkpt>
      <trkpt lat="43.8504151191441" lon="2.763419687726128">
        <ele>431.0</ele>
      </trkpt>
      <trkpt lat="43.8505050629507" lon="2.763325810558369">
        <ele>431.0</ele>
      </trkpt>
      <trkpt lat="43.850595006681516" lon="2.763231933095084">
        <ele>432.0</ele>
      </trkpt>
      <trkpt lat="43.85064142918371" lon="2.7631568312426693">
        <ele>432.0</ele>
      </trkpt>
      <trkpt lat="43.85067237749845" lon="2.763089776017296">
        <ele>432.0</ele>
      </trkpt>
      <trkpt lat="43.85073427407977" lon="2.7628751992961047">
        <ele>432.0</ele>
      </trkpt>
      <trkpt lat="43.85080874354983" lon="2.7626284363883187">
        <ele>432.0</ele>
      </trkpt>
      <trkpt lat="43.85088321246526" lon="2.7623816728373645">
        <ele>432.0</ele>
      </trkpt>
      <trkpt lat="43.850945109032665" lon="2.762153685318051">
        <ele>432.0</ele>
      </trkpt>
      <trkpt lat="43.85100700512603" lon="2.7619256973048314">
        <ele>432.0</ele>
      </trkpt>
      <trkpt lat="43.85108437569612" lon="2.7616534534584347">
        <ele>432.0</ele>
      </trkpt>
      <trkpt lat="43.85116174559062" lon="2.7613812088748104">
        <ele>432.0</ele>
      </trkpt>
      <trkpt lat="43.85122364195202" lon="2.7611845139731654">
        <ele>432.0</ele>
      </trkpt>
      <trkpt lat="43.851285537961225" lon="2.760987818645406">
        <ele>433.0</ele>
      </trkpt>
      <trkpt lat="43.851347433618194" lon="2.7607911228915323">
        <ele>433.0</ele>
      </trkpt>
      <trkpt lat="43.851414165358335" lon="2.7605416777444516">
        <ele>433.0</ele>
      </trkpt>
      <trkpt lat="43.85148089653095" lon="2.760292232014762">
        <ele>433.0</ele>
      </trkpt>
      <trkpt lat="43.85154279244823" lon="2.7600789966290527">
        <ele>433.0</ele>
      </trkpt>
      <trkpt lat="43.851604687951145" lon="2.759865760781396">
        <ele>433.0</ele>
      </trkpt>
      <trkpt lat="43.85166948508427" lon="2.7596565487154723">
        <ele>433.0</ele>
      </trkpt>
      <trkpt lat="43.851734281818864" lon="2.759447336175072">
        <ele>433.0</ele>
      </trkpt>
      <trkpt lat="43.85178747339413" lon="2.7592555584090253">
        <ele>433.0</ele>
      </trkpt>
      <trkpt lat="43.85184066463408" lon="2.759063780285943">
        <ele>433.0</ele>
      </trkpt>
      <trkpt lat="43.85189095462629" lon="2.75883436203003">
        <ele>433.0</ele>
      </trkpt>
      <trkpt lat="43.85190642846147" lon="2.7587324380874634">
        <ele>433.0</ele>
      </trkpt>
      <trkpt lat="43.851956718398085" lon="2.7585956454277047">
        <ele>433.0</ele>
      </trkpt>
      <trkpt lat="43.852037955898325" lon="2.758425414540398">
        <ele>433.0</ele>
      </trkpt>
      <trkpt lat="43.85212016040566" lon="2.758306056410945">
        <ele>433.0</ele>
      </trkpt>
      <trkpt lat="43.852202364786585" lon="2.7581866979380734">
        <ele>433.0</ele>
      </trkpt>
      <trkpt lat="43.852360970526256" lon="2.7579962616266025">
        <ele>433.0</ele>
      </trkpt>
      <trkpt lat="43.85251957594905" lon="2.7578058242579564">
        <ele>433.0</ele>
      </trkpt>
      <trkpt lat="43.85262595737226" lon="2.7576529386287394">
        <ele>433.0</ele>
      </trkpt>
      <trkpt lat="43.85273233858823" lon="2.75750005243026">
        <ele>433.0</ele>
      </trkpt>
      <trkpt lat="43.852883206154615" lon="2.757306933891073">
        <ele>434.0</ele>
      </trkpt>
      <trkpt lat="43.85303135507443" lon="2.757117293963953">
        <ele>434.0</ele>
      </trkpt>
      <trkpt lat="43.85303407339322" lon="2.7571138143321154">
        <ele>434.0</ele>
      </trkpt>
      <trkpt lat="43.85316430886806" lon="2.756939471540875">
        <ele>434.0</ele>
      </trkpt>
      <trkpt lat="43.853294544074814" lon="2.756765127954909">
        <ele>434.0</ele>
      </trkpt>
      <trkpt lat="43.85342477901343" lon="2.756590783574212">
        <ele>434.0</ele>
      </trkpt>
      <trkpt lat="43.85356065494292" lon="2.7564144295895616">
        <ele>434.0</ele>
      </trkpt>
      <trkpt lat="43.853696530598754" lon="2.7562380747661943">
        <ele>434.0</ele>
      </trkpt>
      <trkpt lat="43.85383240598094" lon="2.756061719104107">
        <ele>435.0</ele>
      </trkpt>
      <trkpt lat="43.853968281089436" lon="2.755885362603295">
        <ele>435.0</ele>
      </trkpt>
      <trkpt lat="43.854089488442966" lon="2.755727112942789">
        <ele>435.0</ele>
      </trkpt>
      <trkpt lat="43.85421069557603" lon="2.755568862610912">
        <ele>435.0</ele>
      </trkpt>
      <trkpt lat="43.854331902488624" lon="2.75541061160766">
        <ele>435.0</ele>
      </trkpt>
      <trkpt lat="43.85447696356799" lon="2.755219281669399">
        <ele>435.0</ele>
      </trkpt>
      <trkpt lat="43.85462202432484" lon="2.755027950759671">
        <ele>435.0</ele>
      </trkpt>
      <trkpt lat="43.85476708475913" lon="2.754836618878472">
        <ele>436.0</ele>
      </trkpt>
      <trkpt lat="43.854918591874195" lon="2.754639030528875">
        <ele>436.0</ele>
      </trkpt>
      <trkpt lat="43.85507009864557" lon="2.754441441131447">
        <ele>436.0</ele>
      </trkpt>
      <trkpt lat="43.85522160507328" lon="2.75424385068618">
        <ele>437.0</ele>
      </trkpt>
      <trkpt lat="43.85535583289369" lon="2.754069508738451">
        <ele>437.0</ele>
      </trkpt>
      <trkpt lat="43.85549006044663" lon="2.753895165971605">
        <ele>437.0</ele>
      </trkpt>
      <trkpt lat="43.85562428773208" lon="2.753720822385642">
        <ele>438.0</ele>
      </trkpt>
      <trkpt lat="43.85575851475006" lon="2.7535464779805543">
        <ele>438.0</ele>
      </trkpt>
      <trkpt lat="43.85589274150057" lon="2.7533721327563407">
        <ele>439.0</ele>
      </trkpt>
      <trkpt lat="43.85601007673418" lon="2.7532255059324022">
        <ele>439.0</ele>
      </trkpt>
      <trkpt lat="43.85612741177922" lon="2.753078878506257">
        <ele>440.0</ele>
      </trkpt>
      <trkpt lat="43.856244746635696" lon="2.7529322504778984">
        <ele>440.0</ele>
      </trkpt>
      <trkpt lat="43.85638142200188" lon="2.7527623780529726">
        <ele>440.0</ele>
      </trkpt>
      <trkpt lat="43.85651809711509" lon="2.752592504815364">
        <ele>441.0</ele>
      </trkpt>
      <trkpt lat="43.85665477197534" lon="2.7524226307650683">
        <ele>441.0</ele>
      </trkpt>
      <trkpt lat="43.856736003075916" lon="2.752307295777428">
        <ele>441.0</ele>
      </trkpt>
      <trkpt lat="43.85679789341479" lon="2.752171844368895">
        <ele>441.0</ele>
      </trkpt>
      <trkpt lat="43.85685978358786" lon="2.7520363926669225">
        <ele>442.0</ele>
      </trkpt>
      <trkpt lat="43.8569352123033" lon="2.751860708208375">
        <ele>442.0</ele>
      </trkpt>
      <trkpt lat="43.8570106407394" lon="2.7516850232859733">
        <ele>442.0</ele>
      </trkpt>
      <trkpt lat="43.85710218655178" lon="2.7514892226553154">
        <ele>442.0</ele>
      </trkpt>
      <trkpt lat="43.857193732018004" lon="2.751293421397229">
        <ele>442.0</ele>
      </trkpt>
      <trkpt lat="43.85728527713803" lon="2.7510976195117114">
        <ele>442.0</ele>
      </trkpt>
      <trkpt lat="43.8573355625386" lon="2.7511307781242085">
        <ele>442.0</ele>
      </trkpt>
      <trkpt lat="43.85735103496105" lon="2.7511871045135194">
        <ele>442.0</ele>
      </trkpt>
      <trkpt lat="43.85735103496105" lon="2.7512407486938195">
        <ele>442.0</ele>
      </trkpt>
      <trkpt lat="43.8573355625386" lon="2.7513238971732794">
        <ele>442.0</ele>
      </trkpt>
      <trkpt lat="43.85730848578959" lon="2.7514124100707704">
        <ele>442.0</ele>
      </trkpt>
      <trkpt lat="43.85728334308309" lon="2.7515170162223512">
        <ele>442.0</ele>
      </trkpt>
      <trkpt lat="43.8572678706431" lon="2.751594800283784">
        <ele>442.0</ele>
      </trkpt>
      <trkpt lat="43.85726593658779" lon="2.751656491091128">
        <ele>441.0</ele>
      </trkpt>
      <trkpt lat="43.857275606863595" lon="2.751702088644378">
        <ele>441.0</ele>
      </trkpt>
      <trkpt lat="43.85730655173567" lon="2.751731592943542">
        <ele>441.0</ele>
      </trkpt>
      <trkpt lat="43.85737037548351" lon="2.751782554914827">
        <ele>441.0</ele>
      </trkpt>
      <trkpt lat="43.85750769301246" lon="2.7518952076934493">
        <ele>441.0</ele>
      </trkpt>
      <trkpt lat="43.857654680439495" lon="2.752040046980254">
        <ele>440.0</ele>
      </trkpt>
      <trkpt lat="43.85777072288914" lon="2.7521526997588808">
        <ele>440.0</ele>
      </trkpt>
      <trkpt lat="43.85787129282944" lon="2.7523002212547003">
        <ele>440.0</ele>
      </trkpt>
      <trkpt lat="43.857931247905505" lon="2.7523967807792373">
        <ele>440.0</ele>
      </trkpt>
      <trkpt lat="43.85806276205465" lon="2.752528209020967">
        <ele>441.0</ele>
      </trkpt>
      <trkpt lat="43.85819040786321" lon="2.7526676838897415">
        <ele>441.0</ele>
      </trkpt>
      <trkpt lat="43.858325789482834" lon="2.752836663057679">
        <ele>441.0</ele>
      </trkpt>
      <trkpt lat="43.85846503882797" lon="2.752976137926451">
        <ele>441.0</ele>
      </trkpt>
      <trkpt lat="43.85855013548988" lon="2.7530807440780345">
        <ele>441.0</ele>
      </trkpt>
      <trkpt lat="43.858588815750686" lon="2.753107566168182">
        <ele>441.0</ele>
      </trkpt>
      <trkpt lat="43.8586352320304" lon="2.753083426287048">
        <ele>441.0</ele>
      </trkpt>
      <trkpt lat="43.85868551629273" lon="2.752978820135466">
        <ele>441.0</ele>
      </trkpt>
      <trkpt lat="43.858766744626834" lon="2.7528125231765435">
        <ele>441.0</ele>
      </trkpt>
      <trkpt lat="43.858817995847005" lon="2.752673048432881">
        <ele>441.0</ele>
      </trkpt>
      <trkpt lat="43.858869246890535" lon="2.7525335734389973">
        <ele>441.0</ele>
      </trkpt>
      <trkpt lat="43.858869547150256" lon="2.75253281957682">
        <ele>441.0</ele>
      </trkpt>
      <trkpt lat="43.858925333023755" lon="2.7523927576039444">
        <ele>441.0</ele>
      </trkpt>
      <trkpt lat="43.85898141897724" lon="2.752251941492431">
        <ele>442.0</ele>
      </trkpt>
      <trkpt lat="43.85908778886444" lon="2.752007860472078">
        <ele>442.0</ele>
      </trkpt>
      <trkpt lat="43.85917868661774" lon="2.7517771904967967">
        <ele>442.0</ele>
      </trkpt>
      <trkpt lat="43.85926571625166" lon="2.751584071447725">
        <ele>443.0</ele>
      </trkpt>
      <trkpt lat="43.85938755752575" lon="2.751374859144562">
        <ele>443.0</ele>
      </trkpt>
      <trkpt lat="43.85946685094404" lon="2.7512434310852334">
        <ele>444.0</ele>
      </trkpt>
      <trkpt lat="43.859546144207904" lon="2.7511120026611025">
        <ele>444.0</ele>
      </trkpt>
      <trkpt lat="43.85967765479518" lon="2.750902790357943">
        <ele>444.0</ele>
      </trkpt>
      <trkpt lat="43.859764683725615" lon="2.7507621144064687">
        <ele>445.0</ele>
      </trkpt>
      <trkpt lat="43.85985171247934" lon="2.7506214380264304">
        <ele>445.0</ele>
      </trkpt>
      <trkpt lat="43.85990199571576" lon="2.7505517005920423">
        <ele>446.0</ele>
      </trkpt>
      <trkpt lat="43.85991553350289" lon="2.75045782327652">
        <ele>446.0</ele>
      </trkpt>
      <trkpt lat="43.85994454303666" lon="2.7502688169261096">
        <ele>447.0</ele>
      </trkpt>
      <trkpt lat="43.860016099910005" lon="2.750101179072633">
        <ele>447.0</ele>
      </trkpt>
      <trkpt lat="43.86008765652898" lon="2.7499335407992467">
        <ele>447.0</ele>
      </trkpt>
      <trkpt lat="43.86017661892623" lon="2.749725669924265">
        <ele>448.0</ele>
      </trkpt>
      <trkpt lat="43.86026558093238" lon="2.7495177984019388">
        <ele>448.0</ele>
      </trkpt>
      <trkpt lat="43.86037194874684" lon="2.749254942407846">
        <ele>449.0</ele>
      </trkpt>
      <trkpt lat="43.86047831593515" lon="2.7489920854350194">
        <ele>449.0</ele>
      </trkpt>
      <trkpt lat="43.86059435324614" lon="2.7487381706796694">
        <ele>450.0</ele>
      </trkpt>
      <trkpt lat="43.860710389974635" lon="2.7484842548929262">
        <ele>450.0</ele>
      </trkpt>
      <trkpt lat="43.86082642612059" lon="2.748230338074792">
        <ele>451.0</ele>
      </trkpt>
      <trkpt lat="43.86092699123321" lon="2.7480231385225196">
        <ele>451.0</ele>
      </trkpt>
      <trkpt lat="43.86102755595866" lon="2.74781593824083">
        <ele>452.0</ele>
      </trkpt>
      <trkpt lat="43.8611281202969" lon="2.74760873722972">
        <ele>452.0</ele>
      </trkpt>
      <trkpt lat="43.861228684247926" lon="2.7474015354891885">
        <ele>453.0</ele>
      </trkpt>
      <trkpt lat="43.861323446764196" lon="2.7472102052141527">
        <ele>454.0</ele>
      </trkpt>
      <trkpt lat="43.8614182089505" lon="2.747018874304426">
        <ele>454.0</ele>
      </trkpt>
      <trkpt lat="43.86151297080688" lon="2.746827542760003">
        <ele>455.0</ele>
      </trkpt>
      <trkpt lat="43.861603865045325" lon="2.746638894659542">
        <ele>455.0</ele>
      </trkpt>
      <trkpt lat="43.86169475896273" lon="2.7464502459588287">
        <ele>456.0</ele>
      </trkpt>
      <trkpt lat="43.861785652559114" lon="2.746261596657861">
        <ele>457.0</ele>
      </trkpt>
      <trkpt lat="43.86189524078744" lon="2.746058643620988">
        <ele>458.0</ele>
      </trkpt>
      <trkpt lat="43.8620048286457" lon="2.7458556898055293">
        <ele>458.0</ele>
      </trkpt>
      <trkpt lat="43.8621144161339" lon="2.7456527352114795">
        <ele>459.0</ele>
      </trkpt>
      <trkpt lat="43.86224592116406" lon="2.7454153602600453">
        <ele>459.0</ele>
      </trkpt>
      <trkpt lat="43.86237742568849" lon="2.7451779842158435">
        <ele>460.0</ele>
      </trkpt>
      <trkpt lat="43.862482822632124" lon="2.744994253237271">
        <ele>460.0</ele>
      </trkpt>
      <trkpt lat="43.86258821927325" lon="2.7448105215808027">
        <ele>460.0</ele>
      </trkpt>
      <trkpt lat="43.862642367963694" lon="2.7446576356669534">
        <ele>461.0</ele>
      </trkpt>
      <trkpt lat="43.862659772889465" lon="2.7444913387080314">
        <ele>461.0</ele>
      </trkpt>
      <trkpt lat="43.862657839009046" lon="2.7443116307040323">
        <ele>461.0</ele>
      </trkpt>
      <trkpt lat="43.86265590538092" lon="2.7440769374072853">
        <ele>461.0</ele>
      </trkpt>
      <trkpt lat="43.86265397124808" lon="2.7438422441264274">
        <ele>461.0</ele>
      </trkpt>
      <trkpt lat="43.862655905309055" lon="2.7436437606660435">
        <ele>461.0</ele>
      </trkpt>
      <trkpt lat="43.862657839009046" lon="2.7434452771922224">
        <ele>461.0</ele>
      </trkpt>
      <trkpt lat="43.86265203736751" lon="2.7432038783808808">
        <ele>461.0</ele>
      </trkpt>
      <trkpt lat="43.862655905128626" lon="2.742981255032647">
        <ele>461.0</ele>
      </trkpt>
      <trkpt lat="43.862673310050425" lon="2.742876648881066">
        <ele>460.0</ele>
      </trkpt>
      <trkpt lat="43.86271585539345" lon="2.742796182610619">
        <ele>460.0</ele>
      </trkpt>
      <trkpt lat="43.86283382186767" lon="2.7427318095942614">
        <ele>460.0</ele>
      </trkpt>
      <trkpt lat="43.8629962668968" lon="2.7427023053789887">
        <ele>460.0</ele>
      </trkpt>
      <trkpt lat="43.863158711934126" lon="2.7426728009959334">
        <ele>460.0</ele>
      </trkpt>
      <trkpt lat="43.86331793277552" lon="2.742637932473094">
        <ele>460.0</ele>
      </trkpt>
      <trkpt lat="43.8634771536213" lon="2.7426030637559022">
        <ele>460.0</ele>
      </trkpt>
      <trkpt lat="43.863636374471454" lon="2.742568194844354">
        <ele>460.0</ele>
      </trkpt>
      <trkpt lat="43.86383169254651" lon="2.742521256347067">
        <ele>460.0</ele>
      </trkpt>
      <trkpt lat="43.86402701062473" lon="2.7424743175288313">
        <ele>460.0</ele>
      </trkpt>
      <trkpt lat="43.864137239075596" lon="2.742438107776996">
        <ele>460.0</ele>
      </trkpt>
      <trkpt lat="43.86424746752189" lon="2.7424018978854305">
        <ele>461.0</ele>
      </trkpt>
      <trkpt lat="43.86436543088595" lon="2.7423066796620112">
        <ele>461.0</ele>
      </trkpt>
      <trkpt lat="43.86448339417546" lon="2.742211461045372">
        <ele>462.0</ele>
      </trkpt>
      <trkpt lat="43.86461682759954" lon="2.7420921030229857">
        <ele>462.0</ele>
      </trkpt>
      <trkpt lat="43.86475026090398" lon="2.7419727444430473">
        <ele>463.0</ele>
      </trkpt>
      <trkpt lat="43.86485855431517" lon="2.7418185177170384">
        <ele>464.0</ele>
      </trkpt>
      <trkpt lat="43.864966847515596" lon="2.7416642904063333">
        <ele>464.0</ele>
      </trkpt>
      <trkpt lat="43.86508287573443" lon="2.741504252585179">
        <ele>465.0</ele>
      </trkpt>
      <trkpt lat="43.86519890372684" lon="2.7413442141139583">
        <ele>465.0</ele>
      </trkpt>
      <trkpt lat="43.865314931492776" lon="2.7411841749926684">
        <ele>466.0</ele>
      </trkpt>
      <trkpt lat="43.865429992135965" lon="2.7410272660813213">
        <ele>467.0</ele>
      </trkpt>
      <trkpt lat="43.86554505256166" lon="2.7408703565379273">
        <ele>467.0</ele>
      </trkpt>
      <trkpt lat="43.86561950333482" lon="2.740740269570235">
        <ele>468.0</ele>
      </trkpt>
      <trkpt lat="43.865693953956345" lon="2.7406101822634814">
        <ele>469.0</ele>
      </trkpt>
      <trkpt lat="43.86577710666441" lon="2.7403996291622796">
        <ele>469.0</ele>
      </trkpt>
      <trkpt lat="43.86586025897051" lon="2.7401890754481437">
        <ele>470.0</ele>
      </trkpt>
      <trkpt lat="43.86592600733647" lon="2.740025460698234">
        <ele>471.0</ele>
      </trkpt>
      <trkpt lat="43.865964682812" lon="2.7399315833827145">
        <ele>472.0</ele>
      </trkpt>
      <trkpt lat="43.86602076220696" lon="2.739859163739311">
        <ele>473.0</ele>
      </trkpt>
      <trkpt lat="43.86609617924111" lon="2.7398269772311337">
        <ele>473.0</ele>
      </trkpt>
      <trkpt lat="43.866262483133106" lon="2.739843070485223">
        <ele>474.0</ele>
      </trkpt>
      <trkpt lat="43.866406548162445" lon="2.739872574709981">
        <ele>475.0</ele>
      </trkpt>
      <trkpt lat="43.86655061319651" lon="2.739902079083548">
        <ele>476.0</ele>
      </trkpt>
      <trkpt lat="43.866692743786395" lon="2.7399369477139905">
        <ele>477.0</ele>
      </trkpt>
      <trkpt lat="43.86683487437748" lon="2.7399718165179374">
        <ele>478.0</ele>
      </trkpt>
      <trkpt lat="43.867035983509844" lon="2.7400281429072493">
        <ele>479.0</ele>
      </trkpt>
      <trkpt lat="43.86717907980344" lon="2.74004960052562">
        <ele>480.0</ele>
      </trkpt>
      <trkpt lat="43.86732217610536" lon="2.740071058251489">
        <ele>480.0</ele>
      </trkpt>
      <trkpt lat="43.8674807414673" lon="2.7401019035695438">
        <ele>481.0</ele>
      </trkpt>
      <trkpt lat="43.86763930683588" lon="2.740132749058831">
        <ele>481.0</ele>
      </trkpt>
      <trkpt lat="43.867811407562684" lon="2.740178346612083">
        <ele>482.0</ele>
      </trkpt>
      <trkpt lat="43.867964170712874" lon="2.7402400374194267">
        <ele>482.0</ele>
      </trkpt>
      <trkpt lat="43.868029916758246" lon="2.740336596943961">
        <ele>482.0</ele>
      </trkpt>
      <trkpt lat="43.868066657163794" lon="2.7404841184397815">
        <ele>482.0</ele>
      </trkpt>
      <trkpt lat="43.86811886717483" lon="2.7406852841158993">
        <ele>483.0</ele>
      </trkpt>
      <trkpt lat="43.8681923478536" lon="2.7408220767756584">
        <ele>483.0</ele>
      </trkpt>
      <trkpt lat="43.86825035885181" lon="2.7408542632838375">
        <ele>483.0</ele>
      </trkpt>
      <trkpt lat="43.8683489774192" lon="2.740827441193687">
        <ele>483.0</ele>
      </trkpt>
      <trkpt lat="43.86849207073663" lon="2.7407496571322545">
        <ele>484.0</ele>
      </trkpt>
      <trkpt lat="43.868577153086854" lon="2.7406826019068835">
        <ele>484.0</ele>
      </trkpt>
      <trkpt lat="43.868581338935094" lon="2.740669131666482">
        <ele>485.0</ele>
      </trkpt>
      <trkpt lat="43.86862549536773" lon="2.7405270339156678">
        <ele>486.0</ele>
      </trkpt>
      <trkpt lat="43.8686738374283" lon="2.7403714656611555">
        <ele>487.0</ele>
      </trkpt>
      <trkpt lat="43.868738616023776" lon="2.740156889183286">
        <ele>488.0</ele>
      </trkpt>
      <trkpt lat="43.86880339419998" lon="2.739942312218774">
        <ele>489.0</ele>
      </trkpt>
      <trkpt lat="43.86886817262912" lon="2.73974114677077">
        <ele>490.0</ele>
      </trkpt>
      <trkpt lat="43.86893295069004" lon="2.7395399808665384">
        <ele>491.0</ele>
      </trkpt>
      <trkpt lat="43.86898806061391" lon="2.7393388153844893">
        <ele>492.0</ele>
      </trkpt>
      <trkpt lat="43.86904317016885" lon="2.739137649514306">
        <ele>493.0</ele>
      </trkpt>
      <trkpt lat="43.86909537932453" lon="2.7388586997767552">
        <ele>495.0</ele>
      </trkpt>
      <trkpt lat="43.8691514557741" lon="2.7385609745761035">
        <ele>496.0</ele>
      </trkpt>
      <trkpt lat="43.86918239466688" lon="2.738355785697593">
        <ele>497.0</ele>
      </trkpt>
      <trkpt lat="43.86921333317451" lon="2.738150596596825">
        <ele>498.0</ele>
      </trkpt>
      <trkpt lat="43.86925780751634" lon="2.737866282441245">
        <ele>499.0</ele>
      </trkpt>
      <trkpt lat="43.86928101161001" lon="2.7377133965894984">
        <ele>500.0</ele>
      </trkpt>
      <trkpt lat="43.86930421548987" lon="2.737560510613549">
        <ele>501.0</ele>
      </trkpt>
      <trkpt lat="43.869354490753715" lon="2.7373754381915214">
        <ele>502.0</ele>
      </trkpt>
      <trkpt lat="43.869429903569966" lon="2.7371876835604785">
        <ele>502.0</ele>
      </trkpt>
      <trkpt lat="43.869530453843254" lon="2.73703479764663">
        <ele>503.0</ele>
      </trkpt>
      <trkpt lat="43.86962713663834" lon="2.7369543313761815">
        <ele>504.0</ele>
      </trkpt>
      <trkpt lat="43.869744122506276" lon="2.7368980051022205">
        <ele>505.0</ele>
      </trkpt>
      <trkpt lat="43.86986110835349" lon="2.7368416785975587">
        <ele>505.0</ele>
      </trkpt>
      <trkpt lat="43.86996552510731" lon="2.7367826701070896">
        <ele>506.0</ele>
      </trkpt>
      <trkpt lat="43.87006994183587" lon="2.7367236614009">
        <ele>507.0</ele>
      </trkpt>
      <trkpt lat="43.8701550219337" lon="2.736678063847648">
        <ele>507.0</ele>
      </trkpt>
      <trkpt lat="43.87022076556253" lon="2.736656606175529">
        <ele>508.0</ele>
      </trkpt>
      <trkpt lat="43.87024590281319" lon="2.736645877339469">
        <ele>508.0</ele>
      </trkpt>
      <trkpt lat="43.87026137188528" lon="2.736605644204245">
        <ele>508.0</ele>
      </trkpt>
      <trkpt lat="43.870253637349755" lon="2.736552000023949">
        <ele>508.0</ele>
      </trkpt>
      <trkpt lat="43.870207230115454" lon="2.736474215962517">
        <ele>508.0</ele>
      </trkpt>
      <trkpt lat="43.870102813706254" lon="2.7363240122576813">
        <ele>508.0</ele>
      </trkpt>
      <trkpt lat="43.869980994330994" lon="2.7360987067004325">
        <ele>508.0</ele>
      </trkpt>
      <trkpt lat="43.86990751585723" lon="2.7358894943972714">
        <ele>507.0</ele>
      </trkpt>
      <trkpt lat="43.86986110845539" lon="2.73572722062004">
        <ele>507.0</ele>
      </trkpt>
      <trkpt lat="43.86981470081357" lon="2.735564947106469">
        <ele>506.0</ele>
      </trkpt>
      <trkpt lat="43.86976055879059" lon="2.7353678045570256">
        <ele>506.0</ele>
      </trkpt>
      <trkpt lat="43.8697064164133" lon="2.7351706623812793">
        <ele>505.0</ele>
      </trkpt>
      <trkpt lat="43.86966774362245" lon="2.7349279223010976">
        <ele>505.0</ele>
      </trkpt>
      <trkpt lat="43.86962907029267" lon="2.7346851825495824">
        <ele>504.0</ele>
      </trkpt>
      <trkpt lat="43.869600065734154" lon="2.7344424425104847">
        <ele>503.0</ele>
      </trkpt>
      <trkpt lat="43.869571060636304" lon="2.734199702717887">
        <ele>503.0</ele>
      </trkpt>
      <trkpt lat="43.86953818877976" lon="2.733936846083169">
        <ele>502.0</ele>
      </trkpt>
      <trkpt lat="43.86950531629083" lon="2.7336739897509696">
        <ele>502.0</ele>
      </trkpt>
      <trkpt lat="43.86945117383425" lon="2.733381628968344">
        <ele>501.0</ele>
      </trkpt>
      <trkpt lat="43.86940766664635" lon="2.733175098716901">
        <ele>501.0</ele>
      </trkpt>
      <trkpt lat="43.86936415906881" lon="2.732968568780051">
        <ele>500.0</ele>
      </trkpt>
      <trkpt lat="43.869319684959976" lon="2.7327754495806276">
        <ele>499.0</ele>
      </trkpt>
      <trkpt lat="43.86927521051064" lon="2.7325823306819075">
        <ele>498.0</ele>
      </trkpt>
      <trkpt lat="43.86922493537684" lon="2.7323637304548063">
        <ele>497.0</ele>
      </trkpt>
      <trkpt lat="43.86917465980679" lon="2.7321451306124818">
        <ele>496.0</ele>
      </trkpt>
      <trkpt lat="43.869122450838276" lon="2.7319694457614405">
        <ele>495.0</ele>
      </trkpt>
      <trkpt lat="43.86907024158864" lon="2.7317937612315304">
        <ele>494.0</ele>
      </trkpt>
      <trkpt lat="43.86902383351942" lon="2.7316422162990746">
        <ele>493.0</ele>
      </trkpt>
      <trkpt lat="43.86897742524111" lon="2.731490671612845">
        <ele>492.0</ele>
      </trkpt>
      <trkpt lat="43.86891264715979" lon="2.7313310799954897">
        <ele>490.0</ele>
      </trkpt>
      <trkpt lat="43.86884786884769" lon="2.7311714887400744">
        <ele>489.0</ele>
      </trkpt>
      <trkpt lat="43.86873571554803" lon="2.7309019262048535">
        <ele>488.0</ele>
      </trkpt>
      <trkpt lat="43.86862356159031" lon="2.7306323647280806">
        <ele>487.0</ele>
      </trkpt>
      <trkpt lat="43.868549437089285" lon="2.7304499740417407">
        <ele>486.0</ele>
      </trkpt>
      <trkpt lat="43.868475312286826" lon="2.730267583828728">
        <ele>486.0</ele>
      </trkpt>
      <trkpt lat="43.86840118718293" lon="2.7300851940890425">
        <ele>485.0</ele>
      </trkpt>
      <trkpt lat="43.868319005255906" lon="2.72988268701709">
        <ele>485.0</ele>
      </trkpt>
      <trkpt lat="43.868236822957265" lon="2.7296801805277933">
        <ele>485.0</ele>
      </trkpt>
      <trkpt lat="43.86813723751623" lon="2.729446827936706">
        <ele>485.0</ele>
      </trkpt>
      <trkpt lat="43.868037651582355" lon="2.7292134761592024">
        <ele>485.0</ele>
      </trkpt>
      <trkpt lat="43.86796127028751" lon="2.729010969107815">
        <ele>485.0</ele>
      </trkpt>
      <trkpt lat="43.867884888620495" lon="2.7288084625979523">
        <ele>485.0</ele>
      </trkpt>
      <trkpt lat="43.867820109484605" lon="2.7285751101490434">
        <ele>485.0</ele>
      </trkpt>
      <trkpt lat="43.867755329852365" lon="2.728341758229361">
        <ele>485.0</ele>
      </trkpt>
      <trkpt lat="43.86768088200687" lon="2.7280949946784077">
        <ele>485.0</ele>
      </trkpt>
      <trkpt lat="43.86760643360687" lon="2.727848231770622">
        <ele>485.0</ele>
      </trkpt>
      <trkpt lat="43.86754262099989" lon="2.727629631491726">
        <ele>485.0</ele>
      </trkpt>
      <trkpt lat="43.86747880795754" lon="2.727411031701196">
        <ele>484.0</ele>
      </trkpt>
      <trkpt lat="43.86744496790244" lon="2.727239370222555">
        <ele>484.0</ele>
      </trkpt>
      <trkpt lat="43.86741112757808" lon="2.727067708947287">
        <ele>484.0</ele>
      </trkpt>
      <trkpt lat="43.86739662489476" lon="2.7268263100746637">
        <ele>484.0</ele>
      </trkpt>
      <trkpt lat="43.86738212167762" lon="2.7265849113246077">
        <ele>483.0</ele>
      </trkpt>
      <trkpt lat="43.86737245317309" lon="2.726414591023335">
        <ele>483.0</ele>
      </trkpt>
      <trkpt lat="43.86736278440282" lon="2.726244270779716">
        <ele>483.0</ele>
      </trkpt>
      <trkpt lat="43.86733764610156" lon="2.7260511516456623">
        <ele>482.0</ele>
      </trkpt>
      <trkpt lat="43.867312507459" lon="2.7258580326815705">
        <ele>482.0</ele>
      </trkpt>
      <trkpt lat="43.86721775464189" lon="2.7255871295710685">
        <ele>481.0</ele>
      </trkpt>
      <trkpt lat="43.8671133329955" lon="2.725335001923669">
        <ele>481.0</ele>
      </trkpt>
      <trkpt lat="43.86703211613252" lon="2.725149929238527">
        <ele>481.0</ele>
      </trkpt>
      <trkpt lat="43.86695089895976" lon="2.724964857079613">
        <ele>481.0</ele>
      </trkpt>
      <trkpt lat="43.86686484752507" lon="2.724770396633118">
        <ele>480.0</ele>
      </trkpt>
      <trkpt lat="43.86677879574846" lon="2.724575936772454">
        <ele>480.0</ele>
      </trkpt>
      <trkpt lat="43.866676307083154" lon="2.7243640422602753">
        <ele>480.0</ele>
      </trkpt>
      <trkpt lat="43.866566083227674" lon="2.724122643448935">
        <ele>480.0</ele>
      </trkpt>
      <trkpt lat="43.86649936872544" lon="2.7239952383719435">
        <ele>479.0</ele>
      </trkpt>
      <trkpt lat="43.8664326540772" lon="2.723867833592521">
        <ele>479.0</ele>
      </trkpt>
      <trkpt lat="43.86634563489468" lon="2.723757862855401">
        <ele>478.0</ele>
      </trkpt>
      <trkpt lat="43.866258615605986" lon="2.723647892453301">
        <ele>478.0</ele>
      </trkpt>
      <trkpt lat="43.866167728635986" lon="2.7235325572821707">
        <ele>477.0</ele>
      </trkpt>
      <trkpt lat="43.866076841549166" lon="2.7234172224780195">
        <ele>476.0</ele>
      </trkpt>
      <trkpt lat="43.86592987488517" lon="2.723253607728112">
        <ele>476.0</ele>
      </trkpt>
      <trkpt lat="43.86582158342731" lon="2.723123431205749">
        <ele>475.0</ele>
      </trkpt>
      <trkpt lat="43.865730695801815" lon="2.72300809621811">
        <ele>474.0</ele>
      </trkpt>
      <trkpt lat="43.86564174181217" lon="2.7228941021574786">
        <ele>473.0</ele>
      </trkpt>
      <trkpt lat="43.86555278770829" lon="2.7227801084518446">
        <ele>472.0</ele>
      </trkpt>
      <trkpt lat="43.86545996590647" lon="2.722633927823021">
        <ele>471.0</ele>
      </trkpt>
      <trkpt lat="43.865367143914156" lon="2.722487747669221">
        <ele>470.0</ele>
      </trkpt>
      <trkpt lat="43.865255950841764" lon="2.7222738857766027">
        <ele>469.0</ele>
      </trkpt>
      <trkpt lat="43.86514475735786" lon="2.7220600247164843">
        <ele>468.0</ele>
      </trkpt>
      <trkpt lat="43.865088677220434" lon="2.7219057975467322">
        <ele>467.0</ele>
      </trkpt>
      <trkpt lat="43.86503259686696" lon="2.7217515706797704">
        <ele>466.0</ele>
      </trkpt>
      <trkpt lat="43.864989086422256" lon="2.7215624748002027">
        <ele>465.0</ele>
      </trkpt>
      <trkpt lat="43.86494557565108" lon="2.7213733792086714">
        <ele>464.0</ele>
      </trkpt>
      <trkpt lat="43.86491560183239" lon="2.721168190111375">
        <ele>463.0</ele>
      </trkpt>
      <trkpt lat="43.86488562762847" lon="2.7209630012293924">
        <ele>463.0</ele>
      </trkpt>
      <trkpt lat="43.86487015729625" lon="2.720789998701082">
        <ele>462.0</ele>
      </trkpt>
      <trkpt lat="43.86485468668997" lon="2.7206169962664704">
        <ele>461.0</ele>
      </trkpt>
      <trkpt lat="43.86482567954552" lon="2.720348775364982">
        <ele>461.0</ele>
      </trkpt>
      <trkpt lat="43.8647937718544" lon="2.720143586260741">
        <ele>460.0</ele>
      </trkpt>
      <trkpt lat="43.86476186377811" lon="2.7199383973857034">
        <ele>459.0</ele>
      </trkpt>
      <trkpt lat="43.86473575745913" lon="2.7197533248791035">
        <ele>458.0</ele>
      </trkpt>
      <trkpt lat="43.86470965082672" lon="2.71956825254165">
        <ele>457.0</ele>
      </trkpt>
      <trkpt lat="43.864675809340476" lon="2.7193228302714054">
        <ele>456.0</ele>
      </trkpt>
      <trkpt lat="43.864641967303065" lon="2.7190774082919225">
        <ele>454.0</ele>
      </trkpt>
      <trkpt lat="43.8646052251045" lon="2.71880918721793">
        <ele>453.0</ele>
      </trkpt>
      <trkpt lat="43.86456848224758" lon="2.718540966488944">
        <ele>451.0</ele>
      </trkpt>
      <trkpt lat="43.86454140896476" lon="2.718338459612354">
        <ele>449.0</ele>
      </trkpt>
      <trkpt lat="43.86451433530666" lon="2.7181359529276965">
        <ele>448.0</ele>
      </trkpt>
      <trkpt lat="43.864475658890214" lon="2.717929422833549">
        <ele>446.0</ele>
      </trkpt>
      <trkpt lat="43.864446651561366" lon="2.717830181099998">
        <ele>445.0</ele>
      </trkpt>
      <trkpt lat="43.864400239974984" lon="2.71762767415486">
        <ele>444.0</ele>
      </trkpt>
      <trkpt lat="43.864353828014174" lon="2.7174251675387495">
        <ele>443.0</ele>
      </trkpt>
      <trkpt lat="43.864308383285" lon="2.717214613963593">
        <ele>442.0</ele>
      </trkpt>
      <trkpt lat="43.86426293815086" lon="2.717004060723411">
        <ele>442.0</ele>
      </trkpt>
      <trkpt lat="43.86421652635222" lon="2.7168431280517775">
        <ele>441.0</ele>
      </trkpt>
      <trkpt lat="43.864170114317595" lon="2.7166821956416243">
        <ele>441.0</ele>
      </trkpt>
      <trkpt lat="43.8640927610336" lon="2.716556131647235">
        <ele>441.0</ele>
      </trkpt>
      <trkpt lat="43.86401540760765" lon="2.7164300679942244">
        <ele>440.0</ele>
      </trkpt>
      <trkpt lat="43.863925484127826" lon="2.716325461677993">
        <ele>440.0</ele>
      </trkpt>
      <trkpt lat="43.86383556055272" lon="2.716220855691063">
        <ele>440.0</ele>
      </trkpt>
      <trkpt lat="43.86372919910133" lon="2.716102838274693">
        <ele>440.0</ele>
      </trkpt>
      <trkpt lat="43.86362283752924" lon="2.715984821297752">
        <ele>440.0</ele>
      </trkpt>
      <trkpt lat="43.86342945230379" lon="2.7158694863101127">
        <ele>439.0</ele>
      </trkpt>
      <trkpt lat="43.863239934174224" lon="2.715853393056022">
        <ele>439.0</ele>
      </trkpt>
      <trkpt lat="43.86307362184986" lon="2.7158426642199625">
        <ele>439.0</ele>
      </trkpt>
      <trkpt lat="43.86295372185454" lon="2.715837299790674">
        <ele>439.0</ele>
      </trkpt>
      <trkpt lat="43.862833821867774" lon="2.7158319353839033">
        <ele>439.0</ele>
      </trkpt>
      <trkpt lat="43.862687813962914" lon="2.715835958707708">
        <ele>439.0</ele>
      </trkpt>
      <trkpt lat="43.86254180607094" lon="2.7158399820109485">
        <ele>438.0</ele>
      </trkpt>
      <trkpt lat="43.8623561529001" lon="2.7158641218920816">
        <ele>438.0</ele>
      </trkpt>
      <trkpt lat="43.86224302010534" lon="2.715849369713287">
        <ele>437.0</ele>
      </trkpt>
      <trkpt lat="43.86212988731641" lon="2.715834617592918">
        <ele>436.0</ele>
      </trkpt>
      <trkpt lat="43.861986778726134" lon="2.7157219648142923">
        <ele>435.0</ele>
      </trkpt>
      <trkpt lat="43.86186881057587" lon="2.7156146764536975">
        <ele>434.0</ele>
      </trkpt>
      <trkpt lat="43.86168508922129" lon="2.7155342101832507">
        <ele>433.0</ele>
      </trkpt>
      <trkpt lat="43.86152264039401" lon="2.715477883793938">
        <ele>432.0</ele>
      </trkpt>
      <trkpt lat="43.8614259444533" lon="2.7154108285685647">
        <ele>431.0</ele>
      </trkpt>
      <trkpt lat="43.861360191124085" lon="2.715292811371911">
        <ele>431.0</ele>
      </trkpt>
      <trkpt lat="43.86125382529089" lon="2.715083599068748">
        <ele>430.0</ele>
      </trkpt>
      <trkpt lat="43.86120160933586" lon="2.7149414418610363">
        <ele>429.0</ele>
      </trkpt>
      <trkpt lat="43.861149393197316" lon="2.71479928491317">
        <ele>429.0</ele>
      </trkpt>
      <trkpt lat="43.86107590383665" lon="2.714595437028038">
        <ele>429.0</ele>
      </trkpt>
      <trkpt lat="43.86107010204115" lon="2.714340627171623">
        <ele>428.0</ele>
      </trkpt>
      <trkpt lat="43.86111071473581" lon="2.7141582370882604">
        <ele>428.0</ele>
      </trkpt>
      <trkpt lat="43.86115132712665" lon="2.7139758467455977">
        <ele>429.0</ele>
      </trkpt>
      <trkpt lat="43.86119677459119" lon="2.7137880922639073">
        <ele>429.0</ele>
      </trkpt>
      <trkpt lat="43.861242221733995" lon="2.713600337483513">
        <ele>429.0</ele>
      </trkpt>
      <trkpt lat="43.8612876690767" lon="2.713446110587839">
        <ele>428.0</ele>
      </trkpt>
      <trkpt lat="43.86133311620274" lon="2.7132918834468005">
        <ele>428.0</ele>
      </trkpt>
      <trkpt lat="43.8614317462142" lon="2.713096082188714">
        <ele>428.0</ele>
      </trkpt>
      <trkpt lat="43.8615632526423" lon="2.7128493189593432">
        <ele>428.0</ele>
      </trkpt>
      <trkpt lat="43.86164447705595" lon="2.71269375083648">
        <ele>427.0</ele>
      </trkpt>
      <trkpt lat="43.86168122139722" lon="2.712575733639824">
        <ele>427.0</ele>
      </trkpt>
      <trkpt lat="43.8617044283379" lon="2.7124496698161242">
        <ele>426.0</ele>
      </trkpt>
      <trkpt lat="43.8617218335375" lon="2.7122941016932605">
        <ele>426.0</ele>
      </trkpt>
      <trkpt lat="43.861729569180135" lon="2.71204733846389">
        <ele>425.0</ele>
      </trkpt>
      <trkpt lat="43.861759544919444" lon="2.7118716538655905">
        <ele>425.0</ele>
      </trkpt>
      <trkpt lat="43.86178952037649" lon="2.711695969082939">
        <ele>424.0</ele>
      </trkpt>
      <trkpt lat="43.86184753760591" lon="2.7114626168986438">
        <ele>424.0</ele>
      </trkpt>
      <trkpt lat="43.861959704089344" lon="2.7112051248332145">
        <ele>423.0</ele>
      </trkpt>
      <trkpt lat="43.86206220086386" lon="2.7110227346202005">
        <ele>423.0</ele>
      </trkpt>
      <trkpt lat="43.86212988731641" lon="2.710934221722709">
        <ele>423.0</ele>
      </trkpt>
      <trkpt lat="43.862197573692164" lon="2.710872530915367">
        <ele>422.0</ele>
      </trkpt>
      <trkpt lat="43.86226139220461" lon="2.7108269333621147">
        <ele>422.0</ele>
      </trkpt>
      <trkpt lat="43.86231747508339" lon="2.710767924763786">
        <ele>422.0</ele>
      </trkpt>
      <trkpt lat="43.862342615667096" lon="2.71068745849334">
        <ele>422.0</ele>
      </trkpt>
      <trkpt lat="43.86236969013" lon="2.710561394669639">
        <ele>422.0</ele>
      </trkpt>
      <trkpt lat="43.862400632358266" lon="2.7103709578295825">
        <ele>422.0</ele>
      </trkpt>
      <trkpt lat="43.862472186199646" lon="2.710201978661644">
        <ele>422.0</ele>
      </trkpt>
      <trkpt lat="43.86255921102609" lon="2.7100785970469587">
        <ele>422.0</ele>
      </trkpt>
      <trkpt lat="43.86263076467711" lon="2.7099659442683337">
        <ele>422.0</ele>
      </trkpt>
      <trkpt lat="43.86266557453035" lon="2.709880113579857">
        <ele>422.0</ele>
      </trkpt>
      <trkpt lat="43.86268491332891" lon="2.709799647309411">
        <ele>422.0</ele>
      </trkpt>
      <trkpt lat="43.862667508410496" lon="2.709689676739799">
        <ele>422.0</ele>
      </trkpt>
      <trkpt lat="43.86264623572551" lon="2.7096199393054134">
        <ele>422.0</ele>
      </trkpt>
      <trkpt lat="43.86260755809697" lon="2.7095823883792036">
        <ele>421.0</ele>
      </trkpt>
      <trkpt lat="43.862543739955115" lon="2.7095823883792045">
        <ele>421.0</ele>
      </trkpt>
      <trkpt lat="43.86242964068269" lon="2.709601163842308">
        <ele>421.0</ele>
      </trkpt>
      <trkpt lat="43.86236195457042" lon="2.7095877527972334">
        <ele>421.0</ele>
      </trkpt>
      <trkpt lat="43.86229040059678" lon="2.7095636129160994">
        <ele>421.0</ele>
      </trkpt>
      <trkpt lat="43.86221497874778" lon="2.709499239899743">
        <ele>421.0</ele>
      </trkpt>
      <trkpt lat="43.86216663135849" lon="2.7093999981661905">
        <ele>421.0</ele>
      </trkpt>
      <trkpt lat="43.86210087884614" lon="2.7092766165515063">
        <ele>421.0</ele>
      </trkpt>
      <trkpt lat="43.86203706016186" lon="2.709147870518792">
        <ele>421.0</ele>
      </trkpt>
      <trkpt lat="43.86195390237987" lon="2.7090513109942544">
        <ele>421.0</ele>
      </trkpt>
      <trkpt lat="43.861903620874024" lon="2.7089654803057783">
        <ele>422.0</ele>
      </trkpt>
      <trkpt lat="43.8618784801052" lon="2.708893060662377">
        <ele>422.0</ele>
      </trkpt>
      <trkpt lat="43.86186494276373" lon="2.7087535857936023">
        <ele>422.0</ele>
      </trkpt>
      <trkpt lat="43.8618726783878" lon="2.708557784535514">
        <ele>422.0</ele>
      </trkpt>
      <trkpt lat="43.86186300885757" lon="2.7084129452487105">
        <ele>422.0</ele>
      </trkpt>
      <trkpt lat="43.86183206635026" lon="2.7082117795725935">
        <ele>422.0</ele>
      </trkpt>
      <trkpt lat="43.86179145428505" lon="2.7080481648226864">
        <ele>422.0</ele>
      </trkpt>
      <trkpt lat="43.8617044283379" lon="2.7078443169375532">
        <ele>423.0</ele>
      </trkpt>
      <trkpt lat="43.86159032745916" lon="2.7076511978884814">
        <ele>423.0</ele>
      </trkpt>
      <trkpt lat="43.86151877255938" lon="2.707460761048423">
        <ele>423.0</ele>
      </trkpt>
      <trkpt lat="43.86144528365401" lon="2.7072569131632913">
        <ele>423.0</ele>
      </trkpt>
      <trkpt lat="43.86138339824558" lon="2.7071174381434395">
        <ele>423.0</ele>
      </trkpt>
      <trkpt lat="43.861321512661256" lon="2.706977963425744">
        <ele>422.0</ele>
      </trkpt>
      <trkpt lat="43.86122868424805" lon="2.706803619839775">
        <ele>422.0</ele>
      </trkpt>
      <trkpt lat="43.86112811997067" lon="2.706642687298882">
        <ele>422.0</ele>
      </trkpt>
      <trkpt lat="43.861044960933526" lon="2.706516623291692">
        <ele>422.0</ele>
      </trkpt>
      <trkpt lat="43.86096180175501" lon="2.706390559651481">
        <ele>421.0</ele>
      </trkpt>
      <trkpt lat="43.86087960951437" lon="2.7062215802404492">
        <ele>421.0</ele>
      </trkpt>
      <trkpt lat="43.86079741701621" lon="2.706052601315605">
        <ele>421.0</ele>
      </trkpt>
      <trkpt lat="43.860723927221656" lon="2.7058675288935783">
        <ele>421.0</ele>
      </trkpt>
      <trkpt lat="43.86063109787801" lon="2.705634176709283">
        <ele>421.0</ele>
      </trkpt>
      <trkpt lat="43.86052279679444" lon="2.7054249644061206">
        <ele>421.0</ele>
      </trkpt>
      <trkpt lat="43.86042609923216" lon="2.7052237987300036">
        <ele>421.0</ele>
      </trkpt>
      <trkpt lat="43.86028878842422" lon="2.7050226330538867">
        <ele>420.0</ele>
      </trkpt>
      <trkpt lat="43.8601756518125" lon="2.7048697468372933">
        <ele>420.0</ele>
      </trkpt>
      <trkpt lat="43.860062514994446" lon="2.7047168612261885">
        <ele>420.0</ele>
      </trkpt>
      <trkpt lat="43.85995227890993" lon="2.704539835431205">
        <ele>420.0</ele>
      </trkpt>
      <trkpt lat="43.85985364645097" lon="2.7044110893984907">
        <ele>420.0</ele>
      </trkpt>
      <trkpt lat="43.85976855164941" lon="2.704290389992821">
        <ele>420.0</ele>
      </trkpt>
      <trkpt lat="43.859747277930026" lon="2.704258203484642">
        <ele>420.0</ele>
      </trkpt>
      <trkpt lat="43.85966024899903" lon="2.704220652558434">
        <ele>419.0</ele>
      </trkpt>
      <trkpt lat="43.85959449372245" lon="2.7041938304682858">
        <ele>419.0</ele>
      </trkpt>
      <trkpt lat="43.859503596603076" lon="2.7041079997798074">
        <ele>419.0</ele>
      </trkpt>
      <trkpt lat="43.85940302941594" lon="2.7039819359561084">
        <ele>419.0</ele>
      </trkpt>
      <trkpt lat="43.85932760391426" lon="2.703821003415215">
        <ele>419.0</ele>
      </trkpt>
      <trkpt lat="43.85930052806984" lon="2.7035447358866804">
        <ele>419.0</ele>
      </trkpt>
      <trkpt lat="43.85931793397124" lon="2.703375756718743">
        <ele>419.0</ele>
      </trkpt>
      <trkpt lat="43.85933533986752" lon="2.70330870149337">
        <ele>419.0</ele>
      </trkpt>
      <trkpt lat="43.85933147189099" lon="2.7032362818499687">
        <ele>420.0</ele>
      </trkpt>
      <trkpt lat="43.85932180194861" lon="2.7031826376696704">
        <ele>420.0</ele>
      </trkpt>
      <trkpt lat="43.85931213200465" lon="2.703147768952477">
        <ele>420.0</ele>
      </trkpt>
      <trkpt lat="43.8592502443262" lon="2.703120946862327">
        <ele>420.0</ele>
      </trkpt>
      <trkpt lat="43.85920382852522" lon="2.703115582444298">
        <ele>420.0</ele>
      </trkpt>
      <trkpt lat="43.859151610705936" lon="2.7031316756983865">
        <ele>420.0</ele>
      </trkpt>
      <trkpt lat="43.85911099681484" lon="2.7031906842967146">
        <ele>419.0</ele>
      </trkpt>
      <trkpt lat="43.85904717493009" lon="2.7033274769564737">
        <ele>419.0</ele>
      </trkpt>
      <trkpt lat="43.85900075897102" lon="2.7034401297351005">
        <ele>419.0</ele>
      </trkpt>
      <trkpt lat="43.85894467297228" lon="2.7035232782145617">
        <ele>418.0</ele>
      </trkpt>
      <trkpt lat="43.85890019093574" lon="2.7036225199481123">
        <ele>418.0</ele>
      </trkpt>
      <trkpt lat="43.858875048900394" lon="2.703654706456291">
        <ele>418.0</ele>
      </trkpt>
      <trkpt lat="43.8588728101187" lon="2.7036556120516124">
        <ele>418.0</ele>
      </trkpt>
      <trkpt lat="43.85882863280735" lon="2.7036734819193953">
        <ele>418.0</ele>
      </trkpt>
      <trkpt lat="43.85875900859998" lon="2.703566193558799">
        <ele>419.0</ele>
      </trkpt>
      <trkpt lat="43.85873580051276" lon="2.703491091706383">
        <ele>419.0</ele>
      </trkpt>
      <trkpt lat="43.858706790391096" lon="2.7033113837023848">
        <ele>419.0</ele>
      </trkpt>
      <trkpt lat="43.858666176197026" lon="2.703045845009911">
        <ele>420.0</ele>
      </trkpt>
      <trkpt lat="43.858639100052294" lon="2.7028205394526594">
        <ele>420.0</ele>
      </trkpt>
      <trkpt lat="43.85862266108896" lon="2.7026502191312103">
        <ele>421.0</ele>
      </trkpt>
      <trkpt lat="43.85860622185998" lon="2.702479898907769">
        <ele>421.0</ele>
      </trkpt>
      <trkpt lat="43.85858881585718" lon="2.702325671842427">
        <ele>422.0</ele>
      </trkpt>
      <trkpt lat="43.85857140963662" lon="2.7021714448710554">
        <ele>423.0</ele>
      </trkpt>
      <trkpt lat="43.858547234593225" lon="2.7020038067366934">
        <ele>423.0</ele>
      </trkpt>
      <trkpt lat="43.858523059292665" lon="2.701836168744194">
        <ele>423.0</ele>
      </trkpt>
      <trkpt lat="43.85849985122763" lon="2.701675236137931">
        <ele>424.0</ele>
      </trkpt>
      <trkpt lat="43.85847664292559" lon="2.7015143036624076">
        <ele>425.0</ele>
      </trkpt>
      <trkpt lat="43.858434094674514" lon="2.7013439832631256">
        <ele>425.0</ele>
      </trkpt>
      <trkpt lat="43.85839154615873" lon="2.701173663117516">
        <ele>426.0</ele>
      </trkpt>
      <trkpt lat="43.858341261785746" lon="2.70098724942692">
        <ele>427.0</ele>
      </trkpt>
      <trkpt lat="43.8582909770959" lon="2.7008008360644453">
        <ele>429.0</ele>
      </trkpt>
      <trkpt lat="43.858239725712814" lon="2.7005688247765396">
        <ele>430.0</ele>
      </trkpt>
      <trkpt lat="43.858188473838055" lon="2.7003368139048685">
        <ele>431.0</ele>
      </trkpt>
      <trkpt lat="43.85811884904162" lon="2.700127601346765">
        <ele>433.0</ele>
      </trkpt>
      <trkpt lat="43.85804922384705" lon="2.699918389298545">
        <ele>434.0</ele>
      </trkpt>
      <trkpt lat="43.85797959872955" lon="2.6997306346675036">
        <ele>436.0</ele>
      </trkpt>
      <trkpt lat="43.85787322686533" lon="2.699631392933953">
        <ele>437.0</ele>
      </trkpt>
      <trkpt lat="43.857770722889335" lon="2.6995589732905496">
        <ele>439.0</ele>
      </trkpt>
      <trkpt lat="43.85766241661004" lon="2.699387311913598">
        <ele>440.0</ele>
      </trkpt>
      <trkpt lat="43.8575347696712" lon="2.699196875073539">
        <ele>441.0</ele>
      </trkpt>
      <trkpt lat="43.85737230953563" lon="2.6990574002047656">
        <ele>442.0</ele>
      </trkpt>
      <trkpt lat="43.857253365143364" lon="2.698964863801115">
        <ele>443.0</ele>
      </trkpt>
      <trkpt lat="43.85713442068133" lon="2.698872327782739">
        <ele>444.0</ele>
      </trkpt>
      <trkpt lat="43.857031915404896" lon="2.698756992588183">
        <ele>445.0</ele>
      </trkpt>
      <trkpt lat="43.856929410013045" lon="2.698641657807457">
        <ele>445.0</ele>
      </trkpt>
      <trkpt lat="43.8567592119416" lon="2.6985155939837577">
        <ele>445.0</ele>
      </trkpt>
      <trkpt lat="43.856637365202374" lon="2.698428422004878">
        <ele>446.0</ele>
      </trkpt>
      <trkpt lat="43.85651551840265" lon="2.698341250397789">
        <ele>446.0</ele>
      </trkpt>
      <trkpt lat="43.85634531914987" lon="2.698220550992119">
        <ele>447.0</ele>
      </trkpt>
      <trkpt lat="43.85625828525335" lon="2.6981374025126574">
        <ele>448.0</ele>
      </trkpt>
      <trkpt lat="43.85620993303369" lon="2.6980408429881217">
        <ele>449.0</ele>
      </trkpt>
      <trkpt lat="43.856202196674914" lon="2.697845041730034">
        <ele>451.0</ele>
      </trkpt>
      <trkpt lat="43.8562138012127" lon="2.697659969308006">
        <ele>452.0</ele>
      </trkpt>
      <trkpt lat="43.85621960348076" lon="2.6975607275744546">
        <ele>453.0</ele>
      </trkpt>
      <trkpt lat="43.85617898759256" lon="2.6974963545580986">
        <ele>455.0</ele>
      </trkpt>
      <trkpt lat="43.85608615117276" lon="2.6974427103778007">
        <ele>456.0</ele>
      </trkpt>
      <trkpt lat="43.855973973639365" lon="2.69743734595977">
        <ele>458.0</ele>
      </trkpt>
      <trkpt lat="43.855851158208644" lon="2.6974480748188916">
        <ele>459.0</ele>
      </trkpt>
      <trkpt lat="43.855728342786165" lon="2.697458803631889">
        <ele>460.0</ele>
      </trkpt>
      <trkpt lat="43.855604559925546" lon="2.6974775790949934">
        <ele>461.0</ele>
      </trkpt>
      <trkpt lat="43.85551945905981" lon="2.6974936723490837">
        <ele>461.0</ele>
      </trkpt>
      <trkpt lat="43.8554324239579" lon="2.697458803631889">
        <ele>462.0</ele>
      </trkpt>
      <trkpt lat="43.855339586375806" lon="2.6973997950335615">
        <ele>462.0</ele>
      </trkpt>
      <trkpt lat="43.855277694574156" lon="2.6973783373614424">
        <ele>462.0</ele>
      </trkpt>
      <trkpt lat="43.85521773683004" lon="2.6974024772425764">
        <ele>462.0</ele>
      </trkpt>
      <trkpt lat="43.85516938376663" lon="2.6974722146769636">
        <ele>462.0</ele>
      </trkpt>
      <trkpt lat="43.855111360038826" lon="2.6975955962916482">
        <ele>463.0</ele>
      </trkpt>
      <trkpt lat="43.855028192597175" lon="2.697727024533379">
        <ele>462.0</ele>
      </trkpt>
      <trkpt lat="43.854923749599216" lon="2.697777986504661">
        <ele>462.0</ele>
      </trkpt>
      <trkpt lat="43.854741940981214" lon="2.697834312893974">
        <ele>462.0</ele>
      </trkpt>
      <trkpt lat="43.85457753909403" lon="2.6978933214923013">
        <ele>463.0</ele>
      </trkpt>
      <trkpt lat="43.85437251963504" lon="2.6979871988078235">
        <ele>463.0</ele>
      </trkpt>
      <trkpt lat="43.85429902192146" lon="2.6979845165988077">
        <ele>464.0</ele>
      </trkpt>
      <trkpt lat="43.85424486565352" lon="2.6979550122996443">
        <ele>464.0</ele>
      </trkpt>
      <trkpt lat="43.854204248420295" lon="2.6978933214923013">
        <ele>465.0</ele>
      </trkpt>
      <trkpt lat="43.85417136778266" lon="2.6977645754595874">
        <ele>466.0</ele>
      </trkpt>
      <trkpt lat="43.85418297271567" lon="2.6975821852465747">
        <ele>466.0</ele>
      </trkpt>
      <trkpt lat="43.854206182574906" lon="2.6973676085253833">
        <ele>467.0</ele>
      </trkpt>
      <trkpt lat="43.85421391919263" lon="2.6972147226115335">
        <ele>468.0</ele>
      </trkpt>
      <trkpt lat="43.854188775181335" lon="2.697010874726402">
        <ele>469.0</ele>
      </trkpt>
      <trkpt lat="43.85417717037296" lon="2.696845918838485">
        <ele>470.0</ele>
      </trkpt>
      <trkpt lat="43.85416556531532" lon="2.6966809630175703">
        <ele>471.0</ele>
      </trkpt>
      <trkpt lat="43.854211985038276" lon="2.6963805556079024">
        <ele>472.0</ele>
      </trkpt>
      <trkpt lat="43.8542535695107" lon="2.6961807311817183">
        <ele>472.0</ele>
      </trkpt>
      <trkpt lat="43.85429515361828" lon="2.695980906464684">
        <ele>473.0</ele>
      </trkpt>
      <trkpt lat="43.85432803430704" lon="2.6958132684977185">
        <ele>474.0</ele>
      </trkpt>
      <trkpt lat="43.854360914738905" lon="2.695645630337823">
        <ele>475.0</ele>
      </trkpt>
      <trkpt lat="43.854388960002815" lon="2.6954914033951645">
        <ele>476.0</ele>
      </trkpt>
      <trkpt lat="43.85441700504922" lon="2.69533717630111">
        <ele>477.0</ele>
      </trkpt>
      <trkpt lat="43.85446535872266" lon="2.695044815518486">
        <ele>478.0</ele>
      </trkpt>
      <trkpt lat="43.85448083188986" lon="2.6948436498423702">
        <ele>479.0</ele>
      </trkpt>
      <trkpt lat="43.85449437090789" lon="2.6946693062564018">
        <ele>479.0</ele>
      </trkpt>
      <trkpt lat="43.854505975778025" lon="2.694543242432701">
        <ele>480.0</ele>
      </trkpt>
      <trkpt lat="43.854482766035495" lon="2.6944225430270317">
        <ele>480.0</ele>
      </trkpt>
      <trkpt lat="43.854438280670365" lon="2.69431257245742">
        <ele>481.0</ele>
      </trkpt>
      <trkpt lat="43.85440346601361" lon="2.6942455172320474">
        <ele>481.0</ele>
      </trkpt>
      <trkpt lat="43.8543377049399" lon="2.694194555260766">
        <ele>482.0</ele>
      </trkpt>
      <trkpt lat="43.85425647057224" lon="2.69419187305175">
        <ele>482.0</ele>
      </trkpt>
      <trkpt lat="43.8541636311594" lon="2.6942294239779594">
        <ele>482.0</ele>
      </trkpt>
      <trkpt lat="43.85407272576096" lon="2.694253563859092">
        <ele>483.0</ele>
      </trkpt>
      <trkpt lat="43.85398568854752" lon="2.6942186951418994">
        <ele>483.0</ele>
      </trkpt>
      <trkpt lat="43.853919927013074" lon="2.694130182244408">
        <ele>483.0</ele>
      </trkpt>
      <trkpt lat="43.85387157289738" lon="2.6939665674944986">
        <ele>484.0</ele>
      </trkpt>
      <trkpt lat="43.853863836235206" lon="2.693773448445427">
        <ele>484.0</ele>
      </trkpt>
      <trkpt lat="43.85388124372364" lon="2.6934971809168937">
        <ele>485.0</ele>
      </trkpt>
      <trkpt lat="43.853910256383756" lon="2.693289309823784">
        <ele>485.0</ele>
      </trkpt>
      <trkpt lat="43.85393926864837" lon="2.693081438519585">
        <ele>485.0</ele>
      </trkpt>
      <trkpt lat="43.853993425481725" lon="2.6928199233884937">
        <ele>486.0</ele>
      </trkpt>
      <trkpt lat="43.854047581690146" lon="2.692558407761681">
        <ele>486.0</ele>
      </trkpt>
      <trkpt lat="43.85409206752246" lon="2.692353218931789">
        <ele>486.0</ele>
      </trkpt>
      <trkpt lat="43.854136552970125" lon="2.6921480297824023">
        <ele>486.0</ele>
      </trkpt>
      <trkpt lat="43.85417910440491" lon="2.691911995389092">
        <ele>487.0</ele>
      </trkpt>
      <trkpt lat="43.85420811672942" lon="2.6916947364588855">
        <ele>487.0</ele>
      </trkpt>
      <trkpt lat="43.85418877518131" lon="2.6915338039179915">
        <ele>487.0</ele>
      </trkpt>
      <trkpt lat="43.85417330193832" lon="2.69122534988128">
        <ele>487.0</ele>
      </trkpt>
      <trkpt lat="43.85415782869132" lon="2.6909249424716117">
        <ele>487.0</ele>
      </trkpt>
      <trkpt lat="43.854138487126896" lon="2.690672814824212">
        <ele>487.0</ele>
      </trkpt>
      <trkpt lat="43.85412784941975" lon="2.6904877423677283">
        <ele>488.0</ele>
      </trkpt>
      <trkpt lat="43.85411721139878" lon="2.690302669980156">
        <ele>488.0</ele>
      </trkpt>
      <trkpt lat="43.85411914555625" lon="2.6901095509310835">
        <ele>488.0</ele>
      </trkpt>
      <trkpt lat="43.85414815790989" lon="2.6900264024516223">
        <ele>488.0</ele>
      </trkpt>
      <trkpt lat="43.85400309600034" lon="2.689823985056137">
        <ele>488.0</ele>
      </trkpt>
      <trkpt lat="43.85384578388837" lon="2.689643381988037">
        <ele>488.0</ele>
      </trkpt>
      <trkpt lat="43.85368847149267" lon="2.6894627799143707">
        <ele>487.0</ele>
      </trkpt>
      <trkpt lat="43.8535311588133" lon="2.6892821788351293">
        <ele>487.0</ele>
      </trkpt>
      <trkpt lat="43.85339189788091" lon="2.6891319747642233">
        <ele>486.0</ele>
      </trkpt>
      <trkpt lat="43.85325263675371" lon="2.688981771425462">
        <ele>485.0</ele>
      </trkpt>
      <trkpt lat="43.85312626978927" lon="2.6888226263200137">
        <ele>484.0</ele>
      </trkpt>
      <trkpt lat="43.85299990260253" lon="2.6886634819184647">
        <ele>484.0</ele>
      </trkpt>
      <trkpt lat="43.852873535193545" lon="2.688504338220809">
        <ele>483.0</ele>
      </trkpt>
      <trkpt lat="43.85274458850525" lon="2.6883362523639285">
        <ele>481.0</ele>
      </trkpt>
      <trkpt lat="43.852615641568306" lon="2.6881681672656637">
        <ele>480.0</ele>
      </trkpt>
      <trkpt lat="43.85248669438265" lon="2.6880000829260093">
        <ele>479.0</ele>
      </trkpt>
      <trkpt lat="43.85234743098071" lon="2.6878273921117692">
        <ele>478.0</ele>
      </trkpt>
      <trkpt lat="43.85220816731739" lon="2.687654702139281">
        <ele>477.0</ele>
      </trkpt>
      <trkpt lat="43.85206890339274" lon="2.6874820130085384">
        <ele>476.0</ele>
      </trkpt>
      <trkpt lat="43.85192963920671" lon="2.687309324719536">
        <ele>475.0</ele>
      </trkpt>
      <trkpt lat="43.85180133518751" lon="2.687153755898062">
        <ele>474.0</ele>
      </trkpt>
      <trkpt lat="43.851673030956675" lon="2.6869981877751976">
        <ele>473.0</ele>
      </trkpt>
      <trkpt lat="43.85154472651415" lon="2.686842620350944">
        <ele>472.0</ele>
      </trkpt>
      <trkpt lat="43.85138031573725" lon="2.6866562062880575">
        <ele>471.0</ele>
      </trkpt>
      <trkpt lat="43.85121590465851" lon="2.6864697932978743">
        <ele>470.0</ele>
      </trkpt>
      <trkpt lat="43.8510413378914" lon="2.6862820369461025">
        <ele>468.0</ele>
      </trkpt>
      <trkpt lat="43.850866770820005" lon="2.686094281741489">
        <ele>467.0</ele>
      </trkpt>
      <trkpt lat="43.85069220344428" lon="2.685906527684026">
        <ele>466.0</ele>
      </trkpt>
      <trkpt lat="43.85051763576427" lon="2.685718774773705">
        <ele>465.0</ele>
      </trkpt>
      <trkpt lat="43.850416086257155" lon="2.6856007573673213">
        <ele>463.0</ele>
      </trkpt>
      <trkpt lat="43.85031453662875" lon="2.6854827403803947">
        <ele>462.0</ele>
      </trkpt>
      <trkpt lat="43.85021588823223" lon="2.6853432652708413">
        <ele>460.0</ele>
      </trkpt>
      <trkpt lat="43.85011723966338" lon="2.685203790642846">
        <ele>459.0</ele>
      </trkpt>
      <trkpt lat="43.85002632809948" lon="2.6850763855119455">
        <ele>457.0</ele>
      </trkpt>
      <trkpt lat="43.849935416391936" lon="2.68494898078643">
        <ele>456.0</ele>
      </trkpt>
      <trkpt lat="43.84983193158801" lon="2.684836327803796">
        <ele>454.0</ele>
      </trkpt>
      <trkpt lat="43.84972844667438" lon="2.6847236752291797">
        <ele>453.0</ele>
      </trkpt>
      <trkpt lat="43.849600137833484" lon="2.684602081207797">
        <ele>452.0</ele>
      </trkpt>
      <trkpt lat="43.84947182886723" lon="2.6844804877324573">
        <ele>451.0</ele>
      </trkpt>
      <trkpt lat="43.84934351977563" lon="2.6843588948031543">
        <ele>450.0</ele>
      </trkpt>
      <trkpt lat="43.84919361025956" lon="2.6842368539728234">
        <ele>449.0</ele>
      </trkpt>
      <trkpt lat="43.84904370062089" lon="2.684114813782799">
        <ele>449.0</ele>
      </trkpt>
      <trkpt lat="43.84894021424131" lon="2.6840343473666324">
        <ele>448.0</ele>
      </trkpt>
      <trkpt lat="43.848836727808965" lon="2.6839538812419055">
        <ele>448.0</ele>
      </trkpt>
      <trkpt lat="43.84874968295481" lon="2.6838331816523833">
        <ele>447.0</ele>
      </trkpt>
      <trkpt lat="43.8486626379718" lon="2.6837124824305656">
        <ele>447.0</ele>
      </trkpt>
      <trkpt lat="43.848541419618364" lon="2.683528303296837">
        <ele>446.0</ele>
      </trkpt>
      <trkpt lat="43.84842020096308" lon="2.6833441249444827">
        <ele>445.0</ele>
      </trkpt>
      <trkpt lat="43.848298982005964" lon="2.683159947373497">
        <ele>444.0</ele>
      </trkpt>
      <trkpt lat="43.848183565927144" lon="2.68299454381612">
        <ele>442.0</ele>
      </trkpt>
      <trkpt lat="43.84806814960577" lon="2.6828291409268705">
        <ele>441.0</ele>
      </trkpt>
      <trkpt lat="43.847952733041886" lon="2.6826637387057426">
        <ele>439.0</ele>
      </trkpt>
      <trkpt lat="43.847832157946435" lon="2.682508169926396">
        <ele>437.0</ele>
      </trkpt>
      <trkpt lat="43.84771158263815" lon="2.682352601803532">
        <ele>435.0</ele>
      </trkpt>
      <trkpt lat="43.84759100711702" lon="2.682197034337151">
        <ele>434.0</ele>
      </trkpt>
      <trkpt lat="43.84744012610476" lon="2.6820065969942903">
        <ele>432.0</ele>
      </trkpt>
      <trkpt lat="43.84728924477415" lon="2.6818161606570357">
        <ele>431.0</ele>
      </trkpt>
      <trkpt lat="43.84718091945817" lon="2.681620359398949">
        <ele>430.0</ele>
      </trkpt>
      <trkpt lat="43.8471267567264" lon="2.6814808845301745">
        <ele>429.0</ele>
      </trkpt>
      <trkpt lat="43.84710354411202" lon="2.681349456288444">
        <ele>429.0</ele>
      </trkpt>
      <trkpt lat="43.84710741288171" lon="2.6812207102557295">
        <ele>428.0</ele>
      </trkpt>
      <trkpt lat="43.84713642864639" lon="2.681043684460747">
        <ele>428.0</ele>
      </trkpt>
      <trkpt lat="43.8472080008056" lon="2.6808398365756148">
        <ele>428.0</ele>
      </trkpt>
      <trkpt lat="43.84729891691259" lon="2.6805769805103403">
        <ele>427.0</ele>
      </trkpt>
      <trkpt lat="43.8473898323914" lon="2.6803141236086967">
        <ele>427.0</ele>
      </trkpt>
      <trkpt lat="43.84745753562851" lon="2.680122345891337">
        <ele>426.0</ele>
      </trkpt>
      <trkpt lat="43.84752523853135" lon="2.679930567719567">
        <ele>426.0</ele>
      </trkpt>
      <trkpt lat="43.84760841663447" lon="2.6796931925672554">
        <ele>425.0</ele>
      </trkpt>
      <trkpt lat="43.84769159422541" lon="2.6794558167239297">
        <ele>425.0</ele>
      </trkpt>
      <trkpt lat="43.84775155953623" lon="2.6792868375559924">
        <ele>424.0</ele>
      </trkpt>
      <trkpt lat="43.847776706261534" lon="2.679120540597069">
        <ele>424.0</ele>
      </trkpt>
      <trkpt lat="43.8477979842516" lon="2.678884506203759">
        <ele>423.0</ele>
      </trkpt>
      <trkpt lat="43.84779024680156" lon="2.678726255871879">
        <ele>423.0</ele>
      </trkpt>
      <trkpt lat="43.84776896891762" lon="2.6785693465860847">
        <ele>422.0</ele>
      </trkpt>
      <trkpt lat="43.84774769080832" lon="2.6784124374171374">
        <ele>422.0</ele>
      </trkpt>
      <trkpt lat="43.847701266165934" lon="2.678243458111923">
        <ele>421.0</ele>
      </trkpt>
      <trkpt lat="43.847654841263186" lon="2.678074479081261">
        <ele>420.0</ele>
      </trkpt>
      <trkpt lat="43.8475503853521" lon="2.6778008937617415">
        <ele>420.0</ele>
      </trkpt>
      <trkpt lat="43.847456568343716" lon="2.6776480075968996">
        <ele>419.0</ele>
      </trkpt>
      <trkpt lat="43.84736275112652" lon="2.6774951219340437">
        <ele>418.0</ele>
      </trkpt>
      <trkpt lat="43.847272802543415" lon="2.677378445658248">
        <ele>417.0</ele>
      </trkpt>
      <trkpt lat="43.84718285384053" lon="2.677261769749749">
        <ele>416.0</ele>
      </trkpt>
      <trkpt lat="43.84703584060182" lon="2.6770927905818094">
        <ele>415.0</ele>
      </trkpt>
      <trkpt lat="43.846942989926404" lon="2.6769855020468953">
        <ele>414.0</ele>
      </trkpt>
      <trkpt lat="43.84685013915082" lon="2.676878213860619">
        <ele>412.0</ele>
      </trkpt>
      <trkpt lat="43.84671666587581" lon="2.6767253279467695">
        <ele>411.0</ele>
      </trkpt>
      <trkpt lat="43.84659286431026" lon="2.6765295266886824">
        <ele>410.0</ele>
      </trkpt>
      <trkpt lat="43.84648840653948" lon="2.676400780655968">
        <ele>409.0</ele>
      </trkpt>
      <trkpt lat="43.846381046905876" lon="2.6763162909132734">
        <ele>408.0</ele>
      </trkpt>
      <trkpt lat="43.84627368721395" lon="2.6762318014880297">
        <ele>407.0</ele>
      </trkpt>
      <trkpt lat="43.84613247498398" lon="2.6761406063815243">
        <ele>406.0</ele>
      </trkpt>
      <trkpt lat="43.84608790645451" lon="2.676069194694719">
        <ele>405.0</ele>
      </trkpt>
      <trkpt lat="43.84601439853092" lon="2.676026279350483">
        <ele>404.0</ele>
      </trkpt>
      <trkpt lat="43.84587326262323" lon="2.675887048244476">
        <ele>403.0</ele>
      </trkpt>
      <trkpt lat="43.84572624615694" lon="2.6757422089576735">
        <ele>403.0</ele>
      </trkpt>
      <trkpt lat="43.84557334908843" lon="2.675629312416278">
        <ele>403.0</ele>
      </trkpt>
      <trkpt lat="43.845414725246044" lon="2.6755434817278023">
        <ele>404.0</ele>
      </trkpt>
      <trkpt lat="43.84530647346288" lon="2.6754981279373173">
        <ele>404.0</ele>
      </trkpt>
      <trkpt lat="43.84524449431181" lon="2.67557030381795">
        <ele>404.0</ele>
      </trkpt>
      <trkpt lat="43.84514777197368" lon="2.675532752891742">
        <ele>405.0</ele>
      </trkpt>
      <trkpt lat="43.844979832159794" lon="2.6754618834868924">
        <ele>406.0</ele>
      </trkpt>
      <trkpt lat="43.84496980246171" lon="2.6754576510393244">
        <ele>408.0</ele>
      </trkpt>
      <trkpt lat="43.844807308095795" lon="2.675404006859025">
        <ele>409.0</ele>
      </trkpt>
      <trkpt lat="43.84459451718536" lon="2.6753396338426683">
        <ele>411.0</ele>
      </trkpt>
      <trkpt lat="43.844457169760645" lon="2.6753154939035184">
        <ele>413.0</ele>
      </trkpt>
      <trkpt lat="43.84431982234226" lon="2.675291354080401">
        <ele>415.0</ele>
      </trkpt>
      <trkpt lat="43.844114767620766" lon="2.6752484387361624">
        <ele>417.0</ele>
      </trkpt>
      <trkpt lat="43.84391745014783" lon="2.6751947945558645">
        <ele>419.0</ele>
      </trkpt>
      <trkpt lat="43.843795654203795" lon="2.675144076347352">
        <ele>420.0</ele>
      </trkpt>
      <trkpt lat="43.843685311108814" lon="2.675141150375566">
        <ele>421.0</ele>
      </trkpt>
      <trkpt lat="43.84361566922094" lon="2.675226981064045">
        <ele>422.0</ele>
      </trkpt>
      <trkpt lat="43.843549896252256" lon="2.6753557270967594">
        <ele>422.0</ele>
      </trkpt>
      <trkpt lat="43.84345704017296" lon="2.675452286621295">
        <ele>422.0</ele>
      </trkpt>
      <trkpt lat="43.843360391875976" lon="2.6754927635192876">
        <ele>422.0</ele>
      </trkpt>
      <trkpt lat="43.84327914255643" lon="2.675524950027467">
        <ele>421.0</ele>
      </trkpt>
      <trkpt lat="43.843197816186596" lon="2.6755327528917423">
        <ele>420.0</ele>
      </trkpt>
      <trkpt lat="43.843114709071024" lon="2.6754873991012573">
        <ele>418.0</ele>
      </trkpt>
      <trkpt lat="43.84303152490003" lon="2.6753640174865723">
        <ele>416.0</ele>
      </trkpt>
      <trkpt lat="43.84300831069196" lon="2.675303757168876">
        <ele>414.0</ele>
      </trkpt>
      <trkpt lat="43.842954144171486" lon="2.675177693345177">
        <ele>412.0</ele>
      </trkpt>
      <trkpt lat="43.84286322168732" lon="2.6749738454600434">
        <ele>410.0</ele>
      </trkpt>
      <trkpt lat="43.842824531226505" lon="2.67487728593551">
        <ele>408.0</ele>
      </trkpt>
      <trkpt lat="43.84276843001377" lon="2.6747807264109733">
        <ele>406.0</ele>
      </trkpt>
      <trkpt lat="43.84272006685701" lon="2.6746975779315116">
        <ele>405.0</ele>
      </trkpt>
      <trkpt lat="43.84267170366109" lon="2.674578130245209">
        <ele>404.0</ele>
      </trkpt>
      <trkpt lat="43.84266783460364" lon="2.67443597316742">
        <ele>404.0</ele>
      </trkpt>
      <trkpt lat="43.842683310831475" lon="2.6743220686694262">
        <ele>403.0</ele>
      </trkpt>
      <trkpt lat="43.84270265611085" lon="2.674187958218679">
        <ele>403.0</ele>
      </trkpt>
      <trkpt lat="43.842739412124274" lon="2.674086034276114">
        <ele>403.0</ele>
      </trkpt>
      <trkpt lat="43.84274521570332" lon="2.6740082502146825">
        <ele>403.0</ele>
      </trkpt>
      <trkpt lat="43.84271039422083" lon="2.673933148362265">
        <ele>402.0</ele>
      </trkpt>
      <trkpt lat="43.842654478272415" lon="2.673868988048892">
        <ele>402.0</ele>
      </trkpt>
      <trkpt lat="43.84265429290073" lon="2.6738687753459094">
        <ele>402.0</ele>
      </trkpt>
      <trkpt lat="43.84261947136521" lon="2.6737829446574324">
        <ele>401.0</ele>
      </trkpt>
      <trkpt lat="43.84258271527785" lon="2.6736971139689554">
        <ele>400.0</ele>
      </trkpt>
      <trkpt lat="43.842526613837656" lon="2.673640787579643">
        <ele>399.0</ele>
      </trkpt>
      <trkpt lat="43.84247051234499" lon="2.6735830307006836">
        <ele>398.0</ele>
      </trkpt>
      <trkpt lat="43.842367981893815" lon="2.6735630035182125">
        <ele>396.0</ele>
      </trkpt>
      <trkpt lat="43.84231961841243" lon="2.6735469102641214">
        <ele>395.0</ele>
      </trkpt>
      <trkpt lat="43.8422344985901" lon="2.673542797565461">
        <ele>393.0</ele>
      </trkpt>
      <trkpt lat="43.84220548044092" lon="2.673474490620719">
        <ele>392.0</ele>
      </trkpt>
      <trkpt lat="43.84213970591744" lon="2.6733591556330794">
        <ele>391.0</ele>
      </trkpt>
      <trkpt lat="43.842085538608345" lon="2.6732947826167224">
        <ele>390.0</ele>
      </trkpt>
      <trkpt lat="43.842031371250094" lon="2.6732411384364254">
        <ele>389.0</ele>
      </trkpt>
      <trkpt lat="43.842012025753064" lon="2.673182129838096">
        <ele>388.0</ele>
      </trkpt>
      <trkpt lat="43.84201202575305" lon="2.673101663567651">
        <ele>387.0</ele>
      </trkpt>
      <trkpt lat="43.84198168237995" lon="2.67307965096769">
        <ele>387.0</ele>
      </trkpt>
      <trkpt lat="43.841982930554806" lon="2.6731402224504563">
        <ele>387.0</ele>
      </trkpt>
      <trkpt lat="43.84196168896107" lon="2.6733160290223172">
        <ele>387.0</ele>
      </trkpt>
      <trkpt lat="43.84198397477136" lon="2.6733469963073735">
        <ele>386.0</ele>
      </trkpt>
      <trkpt lat="43.84204089011433" lon="2.673512805740758">
        <ele>386.0</ele>
      </trkpt>
      <trkpt lat="43.842040933270205" lon="2.673512940368269">
        <ele>385.0</ele>
      </trkpt>
      <trkpt lat="43.84210279565278" lon="2.673705924789829">
        <ele>384.0</ele>
      </trkpt>
      <trkpt lat="43.84214148658165" lon="2.673952688019198">
        <ele>383.0</ele>
      </trkpt>
      <trkpt lat="43.842164701126926" lon="2.67421018008463">
        <ele>382.0</ele>
      </trkpt>
      <trkpt lat="43.84221886836414" lon="2.674456943313999">
        <ele>381.0</ele>
      </trkpt>
      <trkpt lat="43.84226529738547" lon="2.674628604690953">
        <ele>380.0</ele>
      </trkpt>
      <trkpt lat="43.842334940849696" lon="2.6748968255924424">
        <ele>378.0</ele>
      </trkpt>
      <trkpt lat="43.84237363162802" lon="2.675186504166049">
        <ele>377.0</ele>
      </trkpt>
      <trkpt lat="43.84238910793235" lon="2.6754332673954204">
        <ele>376.0</ele>
      </trkpt>
      <trkpt lat="43.84241232238136" lon="2.6756263864444922">
        <ele>375.0</ele>
      </trkpt>
      <trkpt lat="43.84247244688009" lon="2.6758119463920593">
        <ele>374.0</ele>
      </trkpt>
      <trkpt lat="43.84253628650374" lon="2.6761096715927124">
        <ele>373.0</ele>
      </trkpt>
      <trkpt lat="43.842582715278034" lon="2.6763510704040527">
        <ele>373.0</ele>
      </trkpt>
      <trkpt lat="43.84259432246595" lon="2.6765280961990365">
        <ele>372.0</ele>
      </trkpt>
      <trkpt lat="43.842592387934765" lon="2.676721215248109">
        <ele>372.0</ele>
      </trkpt>
      <trkpt lat="43.84258464980951" lon="2.676895558834076">
        <ele>372.0</ele>
      </trkpt>
      <trkpt lat="43.84253628650374" lon="2.6769787073135385">
        <ele>371.0</ele>
      </trkpt>
      <trkpt lat="43.84251113756926" lon="2.677179872989654">
        <ele>371.0</ele>
      </trkpt>
      <trkpt lat="43.84247438141513" lon="2.6773649454116817">
        <ele>370.0</ele>
      </trkpt>
      <trkpt lat="43.84241827987313" lon="2.6776251196861276">
        <ele>369.0</ele>
      </trkpt>
      <trkpt lat="43.84237378550919" lon="2.677769958972932">
        <ele>368.0</ele>
      </trkpt>
      <trkpt lat="43.842323487492585" lon="2.6778933405876164">
        <ele>367.0</ele>
      </trkpt>
      <trkpt lat="43.84219000408908" lon="2.678140103816987">
        <ele>366.0</ele>
      </trkpt>
      <trkpt lat="43.842048628310174" lon="2.6783729684757414">
        <ele>365.0</ele>
      </trkpt>
      <trkpt lat="43.84193255526754" lon="2.678512443344515">
        <ele>364.0</ele>
      </trkpt>
      <trkpt lat="43.84189333371646" lon="2.6785523218227776">
        <ele>364.0</ele>
      </trkpt>
      <trkpt lat="43.84181648199923" lon="2.678630460541172">
        <ele>363.0</ele>
      </trkpt>
      <trkpt lat="43.84174699181235" lon="2.678710162617789">
        <ele>363.0</ele>
      </trkpt>
      <trkpt lat="43.84166960942815" lon="2.678826838867915">
        <ele>363.0</ele>
      </trkpt>
      <trkpt lat="43.841592226922906" lon="2.678943514802085">
        <ele>364.0</ele>
      </trkpt>
      <trkpt lat="43.841478087559715" lon="2.679112493970023">
        <ele>364.0</ele>
      </trkpt>
      <trkpt lat="43.8414007048164" lon="2.6792761087199324">
        <ele>365.0</ele>
      </trkpt>
      <trkpt lat="43.84138329368541" lon="2.6794302463531507">
        <ele>366.0</ele>
      </trkpt>
      <trkpt lat="43.8414664801546" lon="2.679661229340127">
        <ele>367.0</ele>
      </trkpt>
      <trkpt lat="43.841539026420456" lon="2.6797819285925875">
        <ele>368.0</ele>
      </trkpt>
      <trkpt lat="43.84161157255603" lon="2.6799026281514684">
        <ele>368.0</ele>
      </trkpt>
      <trkpt lat="43.84170346422418" lon="2.6800260095677753">
        <ele>369.0</ele>
      </trkpt>
      <trkpt lat="43.84179535575798" lon="2.6801493913808394">
        <ele>370.0</ele>
      </trkpt>
      <trkpt lat="43.84191916722607" lon="2.6802808193378467">
        <ele>370.0</ele>
      </trkpt>
      <trkpt lat="43.842042978545294" lon="2.680412247864297">
        <ele>370.0</ele>
      </trkpt>
      <trkpt lat="43.8421397059059" lon="2.680535629270162">
        <ele>370.0</ele>
      </trkpt>
      <trkpt lat="43.842236433132754" lon="2.680659011093667">
        <ele>371.0</ele>
      </trkpt>
      <trkpt lat="43.84231091301427" lon="2.68079178026688">
        <ele>371.0</ele>
      </trkpt>
      <trkpt lat="43.842385392737654" lon="2.680924549786142">
        <ele>371.0</ele>
      </trkpt>
      <trkpt lat="43.842511137569154" lon="2.6811283976712734">
        <ele>371.0</ele>
      </trkpt>
      <trkpt lat="43.84260592965154" lon="2.681367114273598">
        <ele>372.0</ele>
      </trkpt>
      <trkpt lat="43.84266686754241" lon="2.681593760693692">
        <ele>372.0</ele>
      </trkpt>
      <trkpt lat="43.84272780496473" lon="2.6818204075971144">
        <ele>373.0</ele>
      </trkpt>
      <trkpt lat="43.84281292408337" lon="2.682096675125651">
        <ele>373.0</ele>
      </trkpt>
      <trkpt lat="43.84290191212306" lon="2.682268336502602">
        <ele>374.0</ele>
      </trkpt>
      <trkpt lat="43.84299090003011" lon="2.6824450492858887">
        <ele>375.0</ele>
      </trkpt>
      <trkpt lat="43.84306247716307" lon="2.68253141644891">
        <ele>376.0</ele>
      </trkpt>
      <trkpt lat="43.84318435149046" lon="2.682660162207071">
        <ele>377.0</ele>
      </trkpt>
      <trkpt lat="43.84330622567509" lon="2.6827889085143406">
        <ele>377.0</ele>
      </trkpt>
      <trkpt lat="43.843306681854656" lon="2.6827893928568067">
        <ele>378.0</ele>
      </trkpt>
      <trkpt lat="43.84341359073455" lon="2.6829029021833195">
        <ele>378.0</ele>
      </trkpt>
      <trkpt lat="43.84352095568204" lon="2.683016896280607">
        <ele>379.0</ele>
      </trkpt>
      <trkpt lat="43.84361768061698" lon="2.6831107734372432">
        <ele>379.0</ele>
      </trkpt>
      <trkpt lat="43.843714405476916" lon="2.68320465091165">
        <ele>380.0</ele>
      </trkpt>
      <trkpt lat="43.84387690281979" lon="2.6833977699607217">
        <ele>381.0</ele>
      </trkpt>
      <trkpt lat="43.843965889265974" lon="2.6835144458711957">
        <ele>381.0</ele>
      </trkpt>
      <trkpt lat="43.844054875592256" lon="2.6836311221450155">
        <ele>382.0</ele>
      </trkpt>
      <trkpt lat="43.84416320658511" lon="2.6838403344481763">
        <ele>382.0</ele>
      </trkpt>
      <trkpt lat="43.84423478231171" lon="2.684017896717705">
        <ele>382.0</ele>
      </trkpt>
      <trkpt lat="43.84426766852161" lon="2.6841681003361066">
        <ele>383.0</ele>
      </trkpt>
      <trkpt lat="43.84430055452537" lon="2.6843183041273746">
        <ele>384.0</ele>
      </trkpt>
      <trkpt lat="43.84433924425976" lon="2.6845489739464923">
        <ele>385.0</ele>
      </trkpt>
      <trkpt lat="43.84437793350738" lon="2.6847796440779335">
        <ele>387.0</ele>
      </trkpt>
      <trkpt lat="43.84442307163781" lon="2.6850067374158013">
        <ele>388.0</ele>
      </trkpt>
      <trkpt lat="43.84446820929679" lon="2.685233831112396">
        <ele>389.0</ele>
      </trkpt>
      <trkpt lat="43.84451334648435" lon="2.685460925167718">
        <ele>390.0</ele>
      </trkpt>
      <trkpt lat="43.84458492213093" lon="2.6857506033785237">
        <ele>391.0</ele>
      </trkpt>
      <trkpt lat="43.84465649701153" lon="2.686040282314934">
        <ele>391.0</ele>
      </trkpt>
      <trkpt lat="43.84472033448377" lon="2.686259954971501">
        <ele>392.0</ele>
      </trkpt>
      <trkpt lat="43.84478417151621" lon="2.686479628118832">
        <ele>392.0</ele>
      </trkpt>
      <trkpt lat="43.84484413983144" lon="2.686636537181552">
        <ele>393.0</ele>
      </trkpt>
      <trkpt lat="43.84490410792323" lon="2.686793446573574">
        <ele>394.0</ele>
      </trkpt>
      <trkpt lat="43.844984387818144" lon="2.6869181691175616">
        <ele>394.0</ele>
      </trkpt>
      <trkpt lat="43.845064667574476" lon="2.687042892011959">
        <ele>394.0</ele>
      </trkpt>
      <trkpt lat="43.84516139011186" lon="2.6872212586095685">
        <ele>395.0</ele>
      </trkpt>
      <trkpt lat="43.84525811236343" lon="2.687399625810941">
        <ele>395.0</ele>
      </trkpt>
      <trkpt lat="43.845327752333915" lon="2.6876383424132655">
        <ele>395.0</ele>
      </trkpt>
      <trkpt lat="43.84536934292893" lon="2.6877939104229123">
        <ele>395.0</ele>
      </trkpt>
      <trkpt lat="43.845410933303185" lon="2.687949478658994">
        <ele>396.0</ele>
      </trkpt>
      <trkpt lat="43.845457359840246" lon="2.6881667375891993">
        <ele>396.0</ele>
      </trkpt>
      <trkpt lat="43.84548057309524" lon="2.688408136400541">
        <ele>397.0</ele>
      </trkpt>
      <trkpt lat="43.84548637654023" lon="2.68857845665569">
        <ele>398.0</ele>
      </trkpt>
      <trkpt lat="43.845492179719336" lon="2.68874877694543">
        <ele>398.0</ele>
      </trkpt>
      <trkpt lat="43.845536671757486" lon="2.6890304088919934">
        <ele>399.0</ele>
      </trkpt>
      <trkpt lat="43.84559857377228" lon="2.689203411186061">
        <ele>400.0</ele>
      </trkpt>
      <trkpt lat="43.84566047551512" lon="2.6893764138549163">
        <ele>400.0</ele>
      </trkpt>
      <trkpt lat="43.8457049675049" lon="2.6895199119254927">
        <ele>401.0</ele>
      </trkpt>
      <trkpt lat="43.845749459307186" lon="2.6896634102195076">
        <ele>402.0</ele>
      </trkpt>
      <trkpt lat="43.84577170534106" lon="2.6898189782818167">
        <ele>403.0</ele>
      </trkpt>
      <trkpt lat="43.84579395115342" lon="2.689974546465239">
        <ele>403.0</ele>
      </trkpt>
      <trkpt lat="43.84580749214355" lon="2.690221309694608">
        <ele>404.0</ele>
      </trkpt>
      <trkpt lat="43.84579201672601" lon="2.6904922128051134">
        <ele>405.0</ele>
      </trkpt>
      <trkpt lat="43.84575719717296" lon="2.6906799675505533">
        <ele>406.0</ele>
      </trkpt>
      <trkpt lat="43.845722377297534" lon="2.6908677220671975">
        <ele>407.0</ele>
      </trkpt>
      <trkpt lat="43.84566241011355" lon="2.6910755934839785">
        <ele>407.0</ele>
      </trkpt>
      <trkpt lat="43.84560244253574" lon="2.6912834644645054">
        <ele>408.0</ele>
      </trkpt>
      <trkpt lat="43.84552603253923" lon="2.6915074292167023">
        <ele>409.0</ele>
      </trkpt>
      <trkpt lat="43.845449622086576" lon="2.6917313933699925">
        <ele>410.0</ele>
      </trkpt>
      <trkpt lat="43.8453461295919" lon="2.691912442806368">
        <ele>410.0</ele>
      </trkpt>
      <trkpt lat="43.8452426368034" lon="2.6920934915870034">
        <ele>411.0</ele>
      </trkpt>
      <trkpt lat="43.845108515001336" lon="2.6922408349495717">
        <ele>412.0</ele>
      </trkpt>
      <trkpt lat="43.844974393011405" lon="2.692388177620541">
        <ele>413.0</ele>
      </trkpt>
      <trkpt lat="43.84484027083359" lon="2.692535519599916">
        <ele>413.0</ele>
      </trkpt>
      <trkpt lat="43.84467584165092" lon="2.692729175123532">
        <ele>414.0</ele>
      </trkpt>
      <trkpt lat="43.84452946693194" lon="2.692893684785819">
        <ele>415.0</ele>
      </trkpt>
      <trkpt lat="43.844383091978145" lon="2.693058193605397">
        <ele>416.0</ele>
      </trkpt>
      <trkpt lat="43.844236716789545" lon="2.6932227015822723">
        <ele>416.0</ele>
      </trkpt>
      <trkpt lat="43.84408582719605" lon="2.6933934697912965">
        <ele>417.0</ele>
      </trkpt>
      <trkpt lat="43.843934937349324" lon="2.6935642370985757">
        <ele>418.0</ele>
      </trkpt>
      <trkpt lat="43.84378404724937" lon="2.6937350035041194">
        <ele>419.0</ele>
      </trkpt>
      <trkpt lat="43.84364379633848" lon="2.693906665302342">
        <ele>420.0</ele>
      </trkpt>
      <trkpt lat="43.84350354516965" lon="2.694078326258019">
        <ele>421.0</ele>
      </trkpt>
      <trkpt lat="43.84341552527468" lon="2.6941950025298667">
        <ele>422.0</ele>
      </trkpt>
      <trkpt lat="43.843327505259715" lon="2.694311678442316">
        <ele>423.0</ele>
      </trkpt>
      <trkpt lat="43.84323755064226" lon="2.6944685879166648">
        <ele>424.0</ele>
      </trkpt>
      <trkpt lat="43.84314759580415" lon="2.694625496897062">
        <ele>424.0</ele>
      </trkpt>
      <trkpt lat="43.84306924802983" lon="2.694783747445887">
        <ele>425.0</ele>
      </trkpt>
      <trkpt lat="43.84299090002977" lon="2.694941997560819">
        <ele>426.0</ele>
      </trkpt>
      <trkpt lat="43.84292415924663" lon="2.6951364579414903">
        <ele>426.0</ele>
      </trkpt>
      <trkpt lat="43.842857418119635" lon="2.6953309178679774">
        <ele>427.0</ele>
      </trkpt>
      <trkpt lat="43.84280615334452" lon="2.69549185055323">
        <ele>427.0</ele>
      </trkpt>
      <trkpt lat="43.84275488833365" lon="2.695652782949765">
        <ele>428.0</ele>
      </trkpt>
      <trkpt lat="43.84268621265557" lon="2.695778846924951">
        <ele>428.0</ele>
      </trkpt>
      <trkpt lat="43.84261753683473" lon="2.6959049105971653">
        <ele>428.0</ele>
      </trkpt>
      <trkpt lat="43.84249953036492" lon="2.69607335329056">
        <ele>429.0</ele>
      </trkpt>
      <trkpt lat="43.84243375616575" lon="2.69616723060608">
        <ele>429.0</ele>
      </trkpt>
      <trkpt lat="43.8423737855091" lon="2.6963254809379564">
        <ele>430.0</ele>
      </trkpt>
      <trkpt lat="43.84232542203224" lon="2.6965352297156664">
        <ele>430.0</ele>
      </trkpt>
      <trkpt lat="43.84227996052408" lon="2.6967511477131194">
        <ele>431.0</ele>
      </trkpt>
      <trkpt lat="43.842234498589875" lon="2.696967065367062">
        <ele>431.0</ele>
      </trkpt>
      <trkpt lat="43.84217646259817" lon="2.6972433331761425">
        <ele>432.0</ele>
      </trkpt>
      <trkpt lat="43.84211842590893" lon="2.697519600424132">
        <ele>432.0</ele>
      </trkpt>
      <trkpt lat="43.842063291529506" lon="2.697752952833545">
        <ele>433.0</ele>
      </trkpt>
      <trkpt lat="43.84200815665284" lon="2.697986304792722">
        <ele>434.0</ele>
      </trkpt>
      <trkpt lat="43.84197526929135" lon="2.6982491612761823">
        <ele>434.0</ele>
      </trkpt>
      <trkpt lat="43.841984942046615" lon="2.6985173821776716">
        <ele>435.0</ele>
      </trkpt>
      <trkpt lat="43.84202363305192" lon="2.6988151073783215">
        <ele>435.0</ele>
      </trkpt>
      <trkpt lat="43.84206909508788" lon="2.6989988385496924">
        <ele>436.0</ele>
      </trkpt>
      <trkpt lat="43.84211455681568" lon="2.6991825700133645">
        <ele>437.0</ele>
      </trkpt>
      <trkpt lat="43.84215324804058" lon="2.6994454263188734">
        <ele>437.0</ele>
      </trkpt>
      <trkpt lat="43.842191938633086" lon="2.699708282980284">
        <ele>438.0</ele>
      </trkpt>
      <trkpt lat="43.84221998966498" lon="2.6998920142076246">
        <ele>439.0</ele>
      </trkpt>
      <trkpt lat="43.84224804038794" lon="2.7000757456153224">
        <ele>439.0</ele>
      </trkpt>
      <trkpt lat="43.842268353188544" lon="2.7002326547869253">
        <ele>440.0</ele>
      </trkpt>
      <trkpt lat="43.842288665763725" lon="2.7003895640700635">
        <ele>440.0</ele>
      </trkpt>
      <trkpt lat="43.84231961841247" lon="2.700690507954279">
        <ele>441.0</ele>
      </trkpt>
      <trkpt lat="43.84231188025178" lon="2.700964093273796">
        <ele>442.0</ele>
      </trkpt>
      <trkpt lat="43.84227705874967" lon="2.7011947633896227">
        <ele>442.0</ele>
      </trkpt>
      <trkpt lat="43.84224223676062" lon="2.701425433224359">
        <ele>443.0</ele>
      </trkpt>
      <trkpt lat="43.842203546240654" lon="2.701704383150753">
        <ele>443.0</ele>
      </trkpt>
      <trkpt lat="43.84216485500838" lon="2.7019833326994545">
        <ele>443.0</ele>
      </trkpt>
      <trkpt lat="43.84215840693188" lon="2.7021943331895746">
        <ele>444.0</ele>
      </trkpt>
      <trkpt lat="43.8421519584473" lon="2.702405333632081">
        <ele>444.0</ele>
      </trkpt>
      <trkpt lat="43.84214550955469" lon="2.702616334026971">
        <ele>444.0</ele>
      </trkpt>
      <trkpt lat="43.84213970619008" lon="2.7028604150721125">
        <ele>445.0</ele>
      </trkpt>
      <trkpt lat="43.84213390227942" lon="2.7031044960676813">
        <ele>446.0</ele>
      </trkpt>
      <trkpt lat="43.842079735296196" lon="2.7033834460696147">
        <ele>446.0</ele>
      </trkpt>
      <trkpt lat="43.842025567601546" lon="2.7036623955427794">
        <ele>447.0</ele>
      </trkpt>
      <trkpt lat="43.84197140025947" lon="2.7038072349668583">
        <ele>448.0</ele>
      </trkpt>
      <trkpt lat="43.841917232726914" lon="2.7039520741163856">
        <ele>449.0</ele>
      </trkpt>
      <trkpt lat="43.841839850662716" lon="2.7041398290016443">
        <ele>450.0</ele>
      </trkpt>
      <trkpt lat="43.84176246827909" lon="2.7043275833784723">
        <ele>451.0</ele>
      </trkpt>
      <trkpt lat="43.841673478539825" lon="2.7046118975340514">
        <ele>452.0</ele>
      </trkpt>
      <trkpt lat="43.841662838618156" lon="2.7048020661722396">
        <ele>453.0</ele>
      </trkpt>
      <trkpt lat="43.84165219836506" lon="2.704992234739621">
        <ele>453.0</ele>
      </trkpt>
      <trkpt lat="43.84164446029067" lon="2.705186694919529">
        <ele>454.0</ele>
      </trkpt>
      <trkpt lat="43.84163672186966" lon="2.70538115504678">
        <ele>454.0</ele>
      </trkpt>
      <trkpt lat="43.84162608198935" lon="2.705597072912676">
        <ele>455.0</ele>
      </trkpt>
      <trkpt lat="43.84161544168179" lon="2.705812990698178">
        <ele>455.0</ele>
      </trkpt>
      <trkpt lat="43.84159319444416" lon="2.7060436607632523">
        <ele>455.0</ele>
      </trkpt>
      <trkpt lat="43.841570946719116" lon="2.706274330648741">
        <ele>456.0</ele>
      </trkpt>
      <trkpt lat="43.8415380593773" lon="2.7065170707042703">
        <ele>456.0</ele>
      </trkpt>
      <trkpt lat="43.84150517149607" lon="2.706759810480433">
        <ele>456.0</ele>
      </trkpt>
      <trkpt lat="43.84147808772415" lon="2.706952929621024">
        <ele>457.0</ele>
      </trkpt>
      <trkpt lat="43.841451003610835" lon="2.707146048578581">
        <ele>457.0</ele>
      </trkpt>
      <trkpt lat="43.84141037777103" lon="2.707308322339332">
        <ele>457.0</ele>
      </trkpt>
      <trkpt lat="43.84136975169085" lon="2.7074705958693808">
        <ele>457.0</ele>
      </trkpt>
      <trkpt lat="43.841296237953614" lon="2.707679808172543">
        <ele>456.0</ele>
      </trkpt>
      <trkpt lat="43.841205312942755" lon="2.7079051137297943">
        <ele>456.0</ele>
      </trkpt>
      <trkpt lat="43.84111825695139" lon="2.7081572413771933">
        <ele>455.0</ele>
      </trkpt>
      <trkpt lat="43.841054415810376" lon="2.708422780069669">
        <ele>454.0</ele>
      </trkpt>
      <trkpt lat="43.84101185518642" lon="2.7086266281066034">
        <ele>453.0</ele>
      </trkpt>
      <trkpt lat="43.8409692941827" lon="2.70883047583993">
        <ele>451.0</ele>
      </trkpt>
      <trkpt lat="43.84091028968703" lon="2.7091147902890382">
        <ele>450.0</ele>
      </trkpt>
      <trkpt lat="43.8408512844526" lon="2.709399104151089">
        <ele>449.0</ele>
      </trkpt>
      <trkpt lat="43.84079227979946" lon="2.7096673253294923">
        <ele>447.0</ele>
      </trkpt>
      <trkpt lat="43.84073327448903" lon="2.7099355459540684">
        <ele>446.0</ele>
      </trkpt>
      <trkpt lat="43.84065685836896" lon="2.7102091316393873">
        <ele>445.0</ele>
      </trkpt>
      <trkpt lat="43.84058044156641" lon="2.7104827165931074">
        <ele>443.0</ele>
      </trkpt>
      <trkpt lat="43.84048758108165" lon="2.7107348446501573">
        <ele>442.0</ele>
      </trkpt>
      <trkpt lat="43.84039472001955" lon="2.710986971887904">
        <ele>441.0</ele>
      </trkpt>
      <trkpt lat="43.840303793781935" lon="2.7112055722703947">
        <ele>440.0</ele>
      </trkpt>
      <trkpt lat="43.8402128671114" lon="2.7114241719573324">
        <ele>439.0</ele>
      </trkpt>
      <trkpt lat="43.84012290785337" lon="2.7116159502037567">
        <ele>438.0</ele>
      </trkpt>
      <trkpt lat="43.84003294826319" lon="2.7118077278464634">
        <ele>437.0</ele>
      </trkpt>
      <trkpt lat="43.839918805908965" lon="2.711959272958458">
        <ele>436.0</ele>
      </trkpt>
      <trkpt lat="43.839804663352275" lon="2.712110817465146">
        <ele>435.0</ele>
      </trkpt>
      <trkpt lat="43.83967697817991" lon="2.7122797970105945">
        <ele>434.0</ele>
      </trkpt>
      <trkpt lat="43.839549292755876" lon="2.7124487758010223">
        <ele>433.0</ele>
      </trkpt>
      <trkpt lat="43.83945256113855" lon="2.7125372888483184">
        <ele>433.0</ele>
      </trkpt>
      <trkpt lat="43.8393558294552" lon="2.7126258015960047">
        <ele>432.0</ele>
      </trkpt>
      <trkpt lat="43.83923007785739" lon="2.71269419807637">
        <ele>431.0</ele>
      </trkpt>
      <trkpt lat="43.83910432622649" lon="2.712762594255764">
        <ele>430.0</ele>
      </trkpt>
      <trkpt lat="43.83889538427639" lon="2.7128645181983324">
        <ele>429.0</ele>
      </trkpt>
      <trkpt lat="43.838790912976066" lon="2.7129624190063253">
        <ele>429.0</ele>
      </trkpt>
      <trkpt lat="43.83868644159463" lon="2.713060319456417">
        <ele>428.0</ele>
      </trkpt>
      <trkpt lat="43.83855295005379" lon="2.7132480740874603">
        <ele>427.0</ele>
      </trkpt>
      <trkpt lat="43.838467824855314" lon="2.7133634092468775">
        <ele>426.0</ele>
      </trkpt>
      <trkpt lat="43.83838269953937" lon="2.7134787440627415">
        <ele>425.0</ele>
      </trkpt>
      <trkpt lat="43.838284998710506" lon="2.7135860326067367">
        <ele>424.0</ele>
      </trkpt>
      <trkpt lat="43.838187297782014" lon="2.713693320783933">
        <ele>423.0</ele>
      </trkpt>
      <trkpt lat="43.83806734779531" lon="2.7137965860477267">
        <ele>422.0</ele>
      </trkpt>
      <trkpt lat="43.837947397719745" lon="2.713899850878081">
        <ele>420.0</ele>
      </trkpt>
      <trkpt lat="43.837827447249495" lon="2.7140017750345513">
        <ele>419.0</ele>
      </trkpt>
      <trkpt lat="43.83770749669293" lon="2.714103698763212">
        <ele>418.0</ele>
      </trkpt>
      <trkpt lat="43.837552721325025" lon="2.7142351270049403">
        <ele>417.0</ele>
      </trkpt>
      <trkpt lat="43.8374792028846" lon="2.7143316865294764">
        <ele>416.0</ele>
      </trkpt>
      <trkpt lat="43.83744050893225" lon="2.714487254652342">
        <ele>415.0</ele>
      </trkpt>
      <trkpt lat="43.83742116194664" lon="2.7146562338202784">
        <ele>414.0</ele>
      </trkpt>
      <trkpt lat="43.83742116194664" lon="2.714884221586543">
        <ele>413.0</ele>
      </trkpt>
      <trkpt lat="43.837434704837264" lon="2.715125620397885">
        <ele>412.0</ele>
      </trkpt>
      <trkpt lat="43.83745598651621" lon="2.715396523508391">
        <ele>411.0</ele>
      </trkpt>
      <trkpt lat="43.837519831507635" lon="2.7155547738402674">
        <ele>411.0</ele>
      </trkpt>
      <trkpt lat="43.83760882744228" lon="2.715721070799191">
        <ele>410.0</ele>
      </trkpt>
      <trkpt lat="43.83771910482933" lon="2.715946376356442">
        <ele>410.0</ele>
      </trkpt>
      <trkpt lat="43.83783518606922" lon="2.7162119150489143">
        <ele>409.0</ele>
      </trkpt>
      <trkpt lat="43.8379058021237" lon="2.7163741884938273">
        <ele>409.0</ele>
      </trkpt>
      <trkpt lat="43.837976417939885" lon="2.71653646233972">
        <ele>408.0</ele>
      </trkpt>
      <trkpt lat="43.83805380512444" lon="2.7166947126715995">
        <ele>408.0</ele>
      </trkpt>
      <trkpt lat="43.83815634298948" lon="2.716965615782102">
        <ele>408.0</ele>
      </trkpt>
      <trkpt lat="43.83825307674084" lon="2.717152028993136">
        <ele>407.0</ele>
      </trkpt>
      <trkpt lat="43.83834981017946" lon="2.7173384428351715">
        <ele>407.0</ele>
      </trkpt>
      <trkpt lat="43.8384388049202" lon="2.7174953518182243">
        <ele>406.0</ele>
      </trkpt>
      <trkpt lat="43.83852779944017" lon="2.7176522612899143">
        <ele>406.0</ele>
      </trkpt>
      <trkpt lat="43.83866129103733" lon="2.717797100576719">
        <ele>405.0</ele>
      </trkpt>
      <trkpt lat="43.838837344715955" lon="2.7179392576545087">
        <ele>404.0</ele>
      </trkpt>
      <trkpt lat="43.83892730598912" lon="2.7180425225390437">
        <ele>403.0</ele>
      </trkpt>
      <trkpt lat="43.83901726716955" lon="2.7181457877486555">
        <ele>403.0</ele>
      </trkpt>
      <trkpt lat="43.83914495374291" lon="2.7183415890067413">
        <ele>402.0</ele>
      </trkpt>
      <trkpt lat="43.83922427405238" lon="2.718475699457486">
        <ele>400.0</ele>
      </trkpt>
      <trkpt lat="43.839262966848054" lon="2.718585670027098">
        <ele>399.0</ele>
      </trkpt>
      <trkpt lat="43.83928037859794" lon="2.7186795473426164">
        <ele>398.0</ele>
      </trkpt>
      <trkpt lat="43.839282313236644" lon="2.718751966986019">
        <ele>397.0</ele>
      </trkpt>
      <trkpt lat="43.839235881893934" lon="2.718784153494199">
        <ele>396.0</ele>
      </trkpt>
      <trkpt lat="43.83915462695722" lon="2.7188592553466164">
        <ele>396.0</ele>
      </trkpt>
      <trkpt lat="43.83904435222327" lon="2.7189880013793304">
        <ele>396.0</ele>
      </trkpt>
      <trkpt lat="43.83893020798577" lon="2.7191060185759857">
        <ele>396.0</ele>
      </trkpt>
      <trkpt lat="43.83885282193778" lon="2.7191757560103733">
        <ele>396.0</ele>
      </trkpt>
      <trkpt lat="43.838794782335974" lon="2.7192025781005227">
        <ele>396.0</ele>
      </trkpt>
      <trkpt lat="43.8387173961124" lon="2.7191864848464333">
        <ele>396.0</ele>
      </trkpt>
      <trkpt lat="43.83860325124939" lon="2.71911942962106">
        <ele>396.0</ele>
      </trkpt>
      <trkpt lat="43.838494910160456" lon="2.719041645559628">
        <ele>397.0</ele>
      </trkpt>
      <trkpt lat="43.8383440061731" lon="2.718835115465481">
        <ele>397.0</ele>
      </trkpt>
      <trkpt lat="43.83825888067372" lon="2.718722462519074">
        <ele>397.0</ele>
      </trkpt>
      <trkpt lat="43.83817375506249" lon="2.7186098099082314">
        <ele>397.0</ele>
      </trkpt>
      <trkpt lat="43.83803832769582" lon="2.718411326441128">
        <ele>398.0</ele>
      </trkpt>
      <trkpt lat="43.83790676937068" lon="2.7182410057766466">
        <ele>398.0</ele>
      </trkpt>
      <trkpt lat="43.83777521079034" lon="2.718070685896237">
        <ele>398.0</ele>
      </trkpt>
      <trkpt lat="43.837692986514774" lon="2.7179620562748608">
        <ele>398.0</ele>
      </trkpt>
      <trkpt lat="43.837610762135235" lon="2.7178534269660317">
        <ele>398.0</ele>
      </trkpt>
      <trkpt lat="43.83751209271442" lon="2.717726021817881">
        <ele>398.0</ele>
      </trkpt>
      <trkpt lat="43.83741342315087" lon="2.7175986171096165">
        <ele>398.0</ele>
      </trkpt>
      <trkpt lat="43.837294439012794" lon="2.7174510953066955">
        <ele>398.0</ele>
      </trkpt>
      <trkpt lat="43.837175454684015" lon="2.7173035741179774">
        <ele>399.0</ele>
      </trkpt>
      <trkpt lat="43.83701584108508" lon="2.7171225245038784">
        <ele>399.0</ele>
      </trkpt>
      <trkpt lat="43.83685622720147" lon="2.716941475900967">
        <ele>399.0</ele>
      </trkpt>
      <trkpt lat="43.83670918851381" lon="2.716788589987118">
        <ele>399.0</ele>
      </trkpt>
      <trkpt lat="43.83664340799497" lon="2.7166397272154685">
        <ele>399.0</ele>
      </trkpt>
      <trkpt lat="43.836577627275666" lon="2.716490864786465">
        <ele>399.0</ele>
      </trkpt>
      <trkpt lat="43.8364615435893" lon="2.7162950635283774">
        <ele>399.0</ele>
      </trkpt>
      <trkpt lat="43.83634159020951" lon="2.71612608436044">
        <ele>399.0</ele>
      </trkpt>
      <trkpt lat="43.836194550253694" lon="2.716002702745756">
        <ele>399.0</ele>
      </trkpt>
      <trkpt lat="43.836059118394914" lon="2.7159061432212184">
        <ele>399.0</ele>
      </trkpt>
      <trkpt lat="43.835925620976134" lon="2.715833723577816">
        <ele>399.0</ele>
      </trkpt>
      <trkpt lat="43.83582501402843" lon="2.715796172651608">
        <ele>399.0</ele>
      </trkpt>
      <trkpt lat="43.83572440691107" lon="2.7157795429229745">
        <ele>399.0</ele>
      </trkpt>
      <trkpt lat="43.83563540816564" lon="2.71578222513199">
        <ele>399.0</ele>
      </trkpt>
      <trkpt lat="43.8355135182355" lon="2.715779542917255">
        <ele>399.0</ele>
      </trkpt>
      <trkpt lat="43.83539162831449" lon="2.7157768607139596">
        <ele>399.0</ele>
      </trkpt>
      <trkpt lat="43.835249422768754" lon="2.7157500385570787">
        <ele>399.0</ele>
      </trkpt>
      <trkpt lat="43.83510721722897" lon="2.715723216533661">
        <ele>399.0</ele>
      </trkpt>
      <trkpt lat="43.834957271873286" lon="2.7156896888330215">
        <ele>399.0</ele>
      </trkpt>
      <trkpt lat="43.83480732652122" lon="2.7156561613082904">
        <ele>399.0</ele>
      </trkpt>
      <trkpt lat="43.83466995656676" lon="2.7156239747227575">
        <ele>400.0</ele>
      </trkpt>
      <trkpt lat="43.83453258661449" lon="2.7155917882919316">
        <ele>400.0</ele>
      </trkpt>
      <trkpt lat="43.83440198783958" lon="2.715540826204208">
        <ele>400.0</ele>
      </trkpt>
      <trkpt lat="43.83427138905143" lon="2.715489864349364">
        <ele>400.0</ele>
      </trkpt>
      <trkpt lat="43.83407016940843" lon="2.7154389023780845">
        <ele>400.0</ele>
      </trkpt>
      <trkpt lat="43.83392409107775" lon="2.715421467974931">
        <ele>400.0</ele>
      </trkpt>
      <trkpt lat="43.83377801275752" lon="2.7154040336608882">
        <ele>399.0</ele>
      </trkpt>
      <trkpt lat="43.83377422945838" lon="2.715404170480277">
        <ele>399.0</ele>
      </trkpt>
      <trkpt lat="43.83355550838847" lon="2.7154120802879342">
        <ele>399.0</ele>
      </trkpt>
      <trkpt lat="43.833363960484476" lon="2.7154818177223214">
        <ele>399.0</ele>
      </trkpt>
      <trkpt lat="43.83317628163886" lon="2.7155944705009474">
        <ele>399.0</ele>
      </trkpt>
      <trkpt lat="43.83306986545856" lon="2.7156615258511585">
        <ele>399.0</ele>
      </trkpt>
      <trkpt lat="43.83296344924406" lon="2.7157285809516925">
        <ele>399.0</ele>
      </trkpt>
      <trkpt lat="43.83285122812771" lon="2.715787589665869">
        <ele>399.0</ele>
      </trkpt>
      <trkpt lat="43.832739006987275" lon="2.715846598148347">
        <ele>399.0</ele>
      </trkpt>
      <trkpt lat="43.8325687398846" lon="2.715894877910616">
        <ele>399.0</ele>
      </trkpt>
      <trkpt lat="43.832377188813396" lon="2.715953886508941">
        <ele>399.0</ele>
      </trkpt>
      <trkpt lat="43.83224948775773" lon="2.716020941734314">
        <ele>399.0</ele>
      </trkpt>
      <trkpt lat="43.832177897652464" lon="2.7160906791687034">
        <ele>399.0</ele>
      </trkpt>
      <trkpt lat="43.83210050284744" lon="2.71621137857437">
        <ele>400.0</ele>
      </trkpt>
      <trkpt lat="43.83201343357177" lon="2.716455459594728">
        <ele>400.0</ele>
      </trkpt>
      <trkpt lat="43.831932168799945" lon="2.7167075872421274">
        <ele>400.0</ele>
      </trkpt>
      <trkpt lat="43.831878959734745" lon="2.7168524266637557">
        <ele>400.0</ele>
      </trkpt>
      <trkpt lat="43.83182575047896" lon="2.7169972658157353">
        <ele>400.0</ele>
      </trkpt>
      <trkpt lat="43.83175802971946" lon="2.717164904077772">
        <ele>401.0</ele>
      </trkpt>
      <trkpt lat="43.83169030870515" lon="2.7173325419425978">
        <ele>401.0</ele>
      </trkpt>
      <trkpt lat="43.8315925970931" lon="2.7175551656713846">
        <ele>401.0</ele>
      </trkpt>
      <trkpt lat="43.83149488503262" lon="2.717777788639069">
        <ele>402.0</ele>
      </trkpt>
      <trkpt lat="43.831441675586674" lon="2.7179293335894763">
        <ele>402.0</ele>
      </trkpt>
      <trkpt lat="43.83138846593195" lon="2.718080878257751">
        <ele>403.0</ele>
      </trkpt>
      <trkpt lat="43.831324614380414" lon="2.718349099159239">
        <ele>403.0</ele>
      </trkpt>
      <trkpt lat="43.831287851334984" lon="2.7185931801795964">
        <ele>404.0</ele>
      </trkpt>
      <trkpt lat="43.831251088485025" lon="2.7188171447763794">
        <ele>404.0</ele>
      </trkpt>
      <trkpt lat="43.83121432517605" lon="2.7190411090850835">
        <ele>405.0</ele>
      </trkpt>
      <trkpt lat="43.83118626926806" lon="2.7192261815979477">
        <ele>406.0</ele>
      </trkpt>
      <trkpt lat="43.831158213046514" lon="2.7194112539291404">
        <ele>406.0</ele>
      </trkpt>
      <trkpt lat="43.83112531991698" lon="2.7196311951949235">
        <ele>407.0</ele>
      </trkpt>
      <trkpt lat="43.83109242634462" lon="2.719851136207582">
        <ele>408.0</ele>
      </trkpt>
      <trkpt lat="43.83105372825082" lon="2.7201274037361127">
        <ele>409.0</ele>
      </trkpt>
      <trkpt lat="43.83102760713612" lon="2.720288336350549">
        <ele>409.0</ele>
      </trkpt>
      <trkpt lat="43.8310014857844" lon="2.720449268817903">
        <ele>410.0</ele>
      </trkpt>
      <trkpt lat="43.830941503636986" lon="2.7207201719284066">
        <ele>410.0</ele>
      </trkpt>
      <trkpt lat="43.830844758110764" lon="2.7209535241127027">
        <ele>410.0</ele>
      </trkpt>
      <trkpt lat="43.830720923608446" lon="2.7212002873420715">
        <ele>410.0</ele>
      </trkpt>
      <trkpt lat="43.8306473968021" lon="2.7213464679214123">
        <ele>411.0</ele>
      </trkpt>
      <trkpt lat="43.8305738698032" lon="2.721492648124694">
        <ele>411.0</ele>
      </trkpt>
      <trkpt lat="43.830499375352815" lon="2.7216388287065096">
        <ele>411.0</ele>
      </trkpt>
      <trkpt lat="43.83042488070998" lon="2.7217850089073194">
        <ele>411.0</ele>
      </trkpt>
      <trkpt lat="43.83035425592582" lon="2.721924483948415">
        <ele>411.0</ele>
      </trkpt>
      <trkpt lat="43.83028363096643" lon="2.7220639586448665">
        <ele>411.0</ele>
      </trkpt>
      <trkpt lat="43.83019849397325" lon="2.7222543954849243">
        <ele>411.0</ele>
      </trkpt>
      <trkpt lat="43.83014625075825" lon="2.722407281398772">
        <ele>412.0</ele>
      </trkpt>
      <trkpt lat="43.83012303153686" lon="2.722597718238832">
        <ele>412.0</ele>
      </trkpt>
      <trkpt lat="43.830109486986885" lon="2.722745239734652">
        <ele>412.0</ele>
      </trkpt>
      <trkpt lat="43.83008433281453" lon="2.722900807857514">
        <ele>413.0</ele>
      </trkpt>
      <trkpt lat="43.83003789431482" lon="2.7230376005172734">
        <ele>413.0</ele>
      </trkpt>
      <trkpt lat="43.82994888708895" lon="2.723093926906587">
        <ele>413.0</ele>
      </trkpt>
      <trkpt lat="43.82982892061779" lon="2.72313416004181">
        <ele>413.0</ele>
      </trkpt>
      <trkpt lat="43.82968573451426" lon="2.7231127023696895">
        <ele>413.0</ele>
      </trkpt>
      <trkpt lat="43.82952706843069" lon="2.7230590581893943">
        <ele>414.0</ele>
      </trkpt>
      <trkpt lat="43.82939936127662" lon="2.7230161428451556">
        <ele>414.0</ele>
      </trkpt>
      <trkpt lat="43.82923682450341" lon="2.7230161428451556">
        <ele>414.0</ele>
      </trkpt>
      <trkpt lat="43.82906461243947" lon="2.7230456471443163">
        <ele>414.0</ele>
      </trkpt>
      <trkpt lat="43.828892399878555" lon="2.7230939269065875">
        <ele>415.0</ele>
      </trkpt>
      <trkpt lat="43.828739536627396" lon="2.723195850849152">
        <ele>415.0</ele>
      </trkpt>
      <trkpt lat="43.82861086020625" lon="2.7233044805587783">
        <ele>416.0</ele>
      </trkpt>
      <trkpt lat="43.82848218368722" lon="2.723413109779358">
        <ele>416.0</ele>
      </trkpt>
      <trkpt lat="43.82837188918562" lon="2.7235284449895287">
        <ele>417.0</ele>
      </trkpt>
      <trkpt lat="43.82826159456961" lon="2.7236437797546413">
        <ele>418.0</ele>
      </trkpt>
      <trkpt lat="43.828195804674955" lon="2.723692059516906">
        <ele>418.0</ele>
      </trkpt>
      <trkpt lat="43.82806035466353" lon="2.7237698435783364">
        <ele>419.0</ele>
      </trkpt>
      <trkpt lat="43.82788039917288" lon="2.7238798141479506">
        <ele>420.0</ele>
      </trkpt>
      <trkpt lat="43.82775462350784" lon="2.7239844202995305">
        <ele>420.0</ele>
      </trkpt>
      <trkpt lat="43.827658840278716" lon="2.724071592238575">
        <ele>420.0</ele>
      </trkpt>
      <trkpt lat="43.82756305698566" lon="2.7241587638854985">
        <ele>421.0</ele>
      </trkpt>
      <trkpt lat="43.82743728065189" lon="2.724271416664125">
        <ele>422.0</ele>
      </trkpt>
      <trkpt lat="43.827317309132795" lon="2.7243545651435834">
        <ele>422.0</ele>
      </trkpt>
      <trkpt lat="43.8271218711417" lon="2.7244806289672843">
        <ele>423.0</ele>
      </trkpt>
      <trkpt lat="43.82694578289878" lon="2.7245932817459115">
        <ele>424.0</ele>
      </trkpt>
      <trkpt lat="43.826823875349305" lon="2.724719345569612">
        <ele>425.0</ele>
      </trkpt>
      <trkpt lat="43.8267445385564" lon="2.7248507738113403">
        <ele>426.0</ele>
      </trkpt>
      <trkpt lat="43.826659396515076" lon="2.725078761577606">
        <ele>427.0</ele>
      </trkpt>
      <trkpt lat="43.82658199455391" lon="2.725263833999634">
        <ele>428.0</ele>
      </trkpt>
      <trkpt lat="43.82649298217445" lon="2.7253630757331844">
        <ele>429.0</ele>
      </trkpt>
      <trkpt lat="43.82637881392829" lon="2.7253979444503793">
        <ele>429.0</ele>
      </trkpt>
      <trkpt lat="43.82624529485488" lon="2.725376486778258">
        <ele>430.0</ele>
      </trkpt>
      <trkpt lat="43.826104035220204" lon="2.72526115179062">
        <ele>430.0</ele>
      </trkpt>
      <trkpt lat="43.82599760650756" lon="2.725172638893128">
        <ele>430.0</ele>
      </trkpt>
      <trkpt lat="43.82583506047108" lon="2.7250921726226824">
        <ele>431.0</ele>
      </trkpt>
      <trkpt lat="43.82563381238415" lon="2.725049257278442">
        <ele>431.0</ele>
      </trkpt>
      <trkpt lat="43.8254344987062" lon="2.725025117397308">
        <ele>431.0</ele>
      </trkpt>
      <trkpt lat="43.82532032832273" lon="2.7250345051476095">
        <ele>431.0</ele>
      </trkpt>
      <trkpt lat="43.8252061579466" lon="2.725043892860414">
        <ele>431.0</ele>
      </trkpt>
      <trkpt lat="43.825088116922075" lon="2.7250599861477327">
        <ele>431.0</ele>
      </trkpt>
      <trkpt lat="43.82497007590388" lon="2.725076079368591">
        <ele>431.0</ele>
      </trkpt>
      <trkpt lat="43.82483074835862" lon="2.7251350879669203">
        <ele>431.0</ele>
      </trkpt>
      <trkpt lat="43.82467980981763" lon="2.725228965282438">
        <ele>431.0</ele>
      </trkpt>
      <trkpt lat="43.82451145484089" lon="2.7254247665405265">
        <ele>431.0</ele>
      </trkpt>
      <trkpt lat="43.82442824473451" lon="2.725599110126496">
        <ele>431.0</ele>
      </trkpt>
      <trkpt lat="43.82439147744131" lon="2.725773453712464">
        <ele>430.0</ele>
      </trkpt>
      <trkpt lat="43.8243914774413" lon="2.7259746193885825">
        <ele>429.0</ele>
      </trkpt>
      <trkpt lat="43.82443792033423" lon="2.726159691810607">
        <ele>429.0</ele>
      </trkpt>
      <trkpt lat="43.82452113042714" lon="2.7263340353965777">
        <ele>428.0</ele>
      </trkpt>
      <trkpt lat="43.82465852358241" lon="2.7265727519989036">
        <ele>427.0</ele>
      </trkpt>
      <trkpt lat="43.8247543116123" lon="2.7267283198611065">
        <ele>426.0</ele>
      </trkpt>
      <trkpt lat="43.824850099426016" lon="2.7268838882446307">
        <ele>425.0</ele>
      </trkpt>
      <trkpt lat="43.824934276517105" lon="2.7270179984979053">
        <ele>425.0</ele>
      </trkpt>
      <trkpt lat="43.82501845344769" lon="2.72715210914612">
        <ele>424.0</ele>
      </trkpt>
      <trkpt lat="43.82514810507183" lon="2.727329134941101">
        <ele>424.0</ele>
      </trkpt>
      <trkpt lat="43.825213898325615" lon="2.727433741092682">
        <ele>424.0</ele>
      </trkpt>
      <trkpt lat="43.82527582132177" lon="2.72755980491638">
        <ele>424.0</ele>
      </trkpt>
      <trkpt lat="43.82531645825309" lon="2.7276992797851545">
        <ele>423.0</ele>
      </trkpt>
      <trkpt lat="43.82537838114287" lon="2.727937996387483">
        <ele>424.0</ele>
      </trkpt>
      <trkpt lat="43.82542869344351" lon="2.728149890899659">
        <ele>424.0</ele>
      </trkpt>
      <trkpt lat="43.82544997940406" lon="2.7283135056495675">
        <ele>424.0</ele>
      </trkpt>
      <trkpt lat="43.825451914491" lon="2.7284851670265216">
        <ele>424.0</ele>
      </trkpt>
      <trkpt lat="43.82544610922998" lon="2.728694379329682">
        <ele>425.0</ele>
      </trkpt>
      <trkpt lat="43.825426758355796" lon="2.7288928627967834">
        <ele>425.0</ele>
      </trkpt>
      <trkpt lat="43.82540547249016" lon="2.7290457487675583">
        <ele>425.0</ele>
      </trkpt>
      <trkpt lat="43.82538418641049" lon="2.729198634624481">
        <ele>425.0</ele>
      </trkpt>
      <trkpt lat="43.82535903035602" lon="2.729356885025997">
        <ele>426.0</ele>
      </trkpt>
      <trkpt lat="43.82533387407233" lon="2.72951513528824">
        <ele>426.0</ele>
      </trkpt>
      <trkpt lat="43.82530968555078" lon="2.7296787501073756">
        <ele>426.0</ele>
      </trkpt>
      <trkpt lat="43.82528549678413" lon="2.7298423647880554">
        <ele>427.0</ele>
      </trkpt>
      <trkpt lat="43.825239054550565" lon="2.730102539062501">
        <ele>427.0</ele>
      </trkpt>
      <trkpt lat="43.825186806994616" lon="2.7303305268287663">
        <ele>427.0</ele>
      </trkpt>
      <trkpt lat="43.82513455939293" lon="2.7305155992507943">
        <ele>427.0</ele>
      </trkpt>
      <trkpt lat="43.82505328525511" lon="2.7306994199534533">
        <ele>427.0</ele>
      </trkpt>
      <trkpt lat="43.82501845344781" lon="2.7308040261050346">
        <ele>427.0</ele>
      </trkpt>
      <trkpt lat="43.82494104935889" lon="2.730981051900018">
        <ele>428.0</ele>
      </trkpt>
      <trkpt lat="43.82486364520162" lon="2.731116503638667">
        <ele>428.0</ele>
      </trkpt>
      <trkpt lat="43.82478624087989" lon="2.7312519550105216">
        <ele>428.0</ele>
      </trkpt>
      <trkpt lat="43.82466819914489" lon="2.731504082657922">
        <ele>428.0</ele>
      </trkpt>
      <trkpt lat="43.82456582405179" lon="2.731728979727026">
        <ele>427.0</ele>
      </trkpt>
      <trkpt lat="43.82456563810368" lon="2.731729388215172">
        <ele>427.0</ele>
      </trkpt>
      <trkpt lat="43.824518227824626" lon="2.731871545410853">
        <ele>427.0</ele>
      </trkpt>
      <trkpt lat="43.82447081736168" lon="2.73201370237075">
        <ele>428.0</ele>
      </trkpt>
      <trkpt lat="43.82437599646904" lon="2.7322202324648974">
        <ele>428.0</ele>
      </trkpt>
      <trkpt lat="43.824273434925814" lon="2.732394576050866">
        <ele>428.0</ele>
      </trkpt>
      <trkpt lat="43.8241902244885" lon="2.732509911206378">
        <ele>428.0</ele>
      </trkpt>
      <trkpt lat="43.82410701393355" lon="2.732625246026145">
        <ele>429.0</ele>
      </trkpt>
      <trkpt lat="43.82400058165637" lon="2.732768744475595">
        <ele>429.0</ele>
      </trkpt>
      <trkpt lat="43.823894149197464" lon="2.732912242390739">
        <ele>429.0</ele>
      </trkpt>
      <trkpt lat="43.823790619259086" lon="2.733057081939839">
        <ele>430.0</ele>
      </trkpt>
      <trkpt lat="43.82368708913504" lon="2.7332019209643477">
        <ele>431.0</ele>
      </trkpt>
      <trkpt lat="43.82356323978248" lon="2.7334352731486433">
        <ele>431.0</ele>
      </trkpt>
      <trkpt lat="43.82348583380665" lon="2.733679354169">
        <ele>432.0</ele>
      </trkpt>
      <trkpt lat="43.82339617227477" lon="2.7339466818393436">
        <ele>433.0</ele>
      </trkpt>
      <trkpt lat="43.82330651009267" lon="2.7342140086711613">
        <ele>433.0</ele>
      </trkpt>
      <trkpt lat="43.82321684726033" lon="2.7344813346644505">
        <ele>434.0</ele>
      </trkpt>
      <trkpt lat="43.82315105192494" lon="2.7346664072994753">
        <ele>434.0</ele>
      </trkpt>
      <trkpt lat="43.82308525627817" lon="2.734851479508508">
        <ele>435.0</ele>
      </trkpt>
      <trkpt lat="43.82300591451641" lon="2.7350445985575775">
        <ele>435.0</ele>
      </trkpt>
      <trkpt lat="43.82293237815526" lon="2.735127747037042">
        <ele>436.0</ele>
      </trkpt>
      <trkpt lat="43.8228201382715" lon="2.7351974844714286">
        <ele>437.0</ele>
      </trkpt>
      <trkpt lat="43.82264984287244" lon="2.735202848889457">
        <ele>437.0</ele>
      </trkpt>
      <trkpt lat="43.8224389081252" lon="2.735176026799309">
        <ele>437.0</ele>
      </trkpt>
      <trkpt lat="43.822317958841346" lon="2.735153227974449">
        <ele>438.0</ele>
      </trkpt>
      <trkpt lat="43.82219700956186" lon="2.735130429246055">
        <ele>438.0</ele>
      </trkpt>
      <trkpt lat="43.822030582781125" lon="2.735130429246056">
        <ele>438.0</ele>
      </trkpt>
      <trkpt lat="43.821918341201936" lon="2.7351706623812797">
        <ele>438.0</ele>
      </trkpt>
      <trkpt lat="43.821779006534214" lon="2.735256493069755">
        <ele>437.0</ele>
      </trkpt>
      <trkpt lat="43.82164354196213" lon="2.7353986501475434">
        <ele>437.0</ele>
      </trkpt>
      <trkpt lat="43.82152259115721" lon="2.73554080752608">
        <ele>436.0</ele>
      </trkpt>
      <trkpt lat="43.821401640176134" lon="2.7356829643031237">
        <ele>435.0</ele>
      </trkpt>
      <trkpt lat="43.82122650255963" lon="2.7358666961834817">
        <ele>434.0</ele>
      </trkpt>
      <trkpt lat="43.821051364652746" lon="2.7360504269381654">
        <ele>432.0</ele>
      </trkpt>
      <trkpt lat="43.82091202796168" lon="2.736270368077386">
        <ele>431.0</ele>
      </trkpt>
      <trkpt lat="43.82079978427959" lon="2.736487627007591">
        <ele>430.0</ele>
      </trkpt>
      <trkpt lat="43.82073301861517" lon="2.736644536418202">
        <ele>428.0</ele>
      </trkpt>
      <trkpt lat="43.82066625272777" lon="2.7368014454623344">
        <ele>427.0</ele>
      </trkpt>
      <trkpt lat="43.82059851921773" lon="2.737050890900719">
        <ele>426.0</ele>
      </trkpt>
      <trkpt lat="43.82057336103729" lon="2.737262785412897">
        <ele>425.0</ele>
      </trkpt>
      <trkpt lat="43.82055400881587" lon="2.737489432151373">
        <ele>424.0</ele>
      </trkpt>
      <trkpt lat="43.82053465612364" lon="2.737716078736412">
        <ele>423.0</ele>
      </trkpt>
      <trkpt lat="43.820508530525096" lon="2.737944066606861">
        <ele>423.0</ele>
      </trkpt>
      <trkpt lat="43.82048240445038" lon="2.7381720542689445">
        <ele>423.0</ele>
      </trkpt>
      <trkpt lat="43.820467890237" lon="2.7383531034234125">
        <ele>422.0</ele>
      </trkpt>
      <trkpt lat="43.82045337572322" lon="2.7385341524859546">
        <ele>422.0</ele>
      </trkpt>
      <trkpt lat="43.82043402323074" lon="2.738654851891625">
        <ele>423.0</ele>
      </trkpt>
      <trkpt lat="43.82042821748176" lon="2.7387594580432046">
        <ele>423.0</ele>
      </trkpt>
      <trkpt lat="43.82041660598206" lon="2.7389445304652327">
        <ele>424.0</ele>
      </trkpt>
      <trkpt lat="43.82039241551633" lon="2.7391376495960174">
        <ele>424.0</ele>
      </trkpt>
      <trkpt lat="43.820368224709014" lon="2.7393307685633776">
        <ele>425.0</ele>
      </trkpt>
      <trkpt lat="43.82033532542093" lon="2.7396338581820605">
        <ele>426.0</ele>
      </trkpt>
      <trkpt lat="43.82030049086089" lon="2.7398377060671923">
        <ele>427.0</ele>
      </trkpt>
      <trkpt lat="43.820248239180756" lon="2.7400576474074256">
        <ele>428.0</ele>
      </trkpt>
      <trkpt lat="43.82019598705875" lon="2.7402775883456343">
        <ele>429.0</ele>
      </trkpt>
      <trkpt lat="43.8201398646917" lon="2.7404572965260394">
        <ele>430.0</ele>
      </trkpt>
      <trkpt lat="43.820083742030484" lon="2.74063700435363">
        <ele>430.0</ele>
      </trkpt>
      <trkpt lat="43.82003536056003" lon="2.7407791615517185">
        <ele>431.0</ele>
      </trkpt>
      <trkpt lat="43.81998697890573" lon="2.740921318509209">
        <ele>431.0</ele>
      </trkpt>
      <trkpt lat="43.819905697759744" lon="2.7410917281667944">
        <ele>431.0</ele>
      </trkpt>
      <trkpt lat="43.819812804872" lon="2.741207063341828">
        <ele>432.0</ele>
      </trkpt>
      <trkpt lat="43.81971991186771" lon="2.7413223981420742">
        <ele>432.0</ele>
      </trkpt>
      <trkpt lat="43.81959798952194" lon="2.7414618733082796">
        <ele>431.0</ele>
      </trkpt>
      <trkpt lat="43.81947606700705" lon="2.7416013478796226">
        <ele>431.0</ele>
      </trkpt>
      <trkpt lat="43.81933866192694" lon="2.7417917851773588">
        <ele>431.0</ele>
      </trkpt>
      <trkpt lat="43.81920125652609" lon="2.741982221559738">
        <ele>431.0</ele>
      </trkpt>
      <trkpt lat="43.81909481554369" lon="2.742153883256277">
        <ele>431.0</ele>
      </trkpt>
      <trkpt lat="43.81898837429816" lon="2.742325544313645">
        <ele>430.0</ele>
      </trkpt>
      <trkpt lat="43.818829679779924" lon="2.742545485452866">
        <ele>430.0</ele>
      </trkpt>
      <trkpt lat="43.818727108646634" lon="2.7426259518676703">
        <ele>430.0</ele>
      </trkpt>
      <trkpt lat="43.81862453746058" lon="2.74270641799376">
        <ele>430.0</ele>
      </trkpt>
      <trkpt lat="43.81852196603661" lon="2.742759883403778">
        <ele>429.0</ele>
      </trkpt>
      <trkpt lat="43.81844068289623" lon="2.7428403496742253">
        <ele>429.0</ele>
      </trkpt>
      <trkpt lat="43.81830521074973" lon="2.74297446012497">
        <ele>429.0</ele>
      </trkpt>
      <trkpt lat="43.81816393232643" lon="2.743121981620789">
        <ele>429.0</ele>
      </trkpt>
      <trkpt lat="43.81803523323972" lon="2.743323147749726">
        <ele>430.0</ele>
      </trkpt>
      <trkpt lat="43.81790653379227" lon="2.743524312973022">
        <ele>430.0</ele>
      </trkpt>
      <trkpt lat="43.817775414962554" lon="2.7437093866683284">
        <ele>430.0</ele>
      </trkpt>
      <trkpt lat="43.817644295829496" lon="2.7438944595147796">
        <ele>431.0</ele>
      </trkpt>
      <trkpt lat="43.817513176393106" lon="2.7440795315123805">
        <ele>431.0</ele>
      </trkpt>
      <trkpt lat="43.817382056653415" lon="2.7442646026611324">
        <ele>432.0</ele>
      </trkpt>
      <trkpt lat="43.817247549794125" lon="2.7444570963033676">
        <ele>432.0</ele>
      </trkpt>
      <trkpt lat="43.81711304260639" lon="2.74464958903991">
        <ele>433.0</ele>
      </trkpt>
      <trkpt lat="43.81700272714469" lon="2.744802475248738">
        <ele>434.0</ele>
      </trkpt>
      <trkpt lat="43.816892411476275" lon="2.744955360867607">
        <ele>435.0</ele>
      </trkpt>
      <trkpt lat="43.816777579739686" lon="2.745110929615356">
        <ele>435.0</ele>
      </trkpt>
      <trkpt lat="43.81666274778942" lon="2.745266497738218">
        <ele>436.0</ele>
      </trkpt>
      <trkpt lat="43.81654791562548" lon="2.7454220652361974">
        <ele>437.0</ele>
      </trkpt>
      <trkpt lat="43.816469532881435" lon="2.7455454470200262">
        <ele>438.0</ele>
      </trkpt>
      <trkpt lat="43.81639115000163" lon="2.745668828465568">
        <ele>438.0</ele>
      </trkpt>
      <trkpt lat="43.81630502560885" lon="2.7458619478055355">
        <ele>439.0</ele>
      </trkpt>
      <trkpt lat="43.816218900878695" lon="2.7460550665637133">
        <ele>440.0</ele>
      </trkpt>
      <trkpt lat="43.81614729154654" lon="2.746285736538996">
        <ele>440.0</ele>
      </trkpt>
      <trkpt lat="43.81611051915338" lon="2.746543228604423">
        <ele>441.0</ele>
      </trkpt>
      <trkpt lat="43.816156968488336" lon="2.7467229366084216">
        <ele>441.0</ele>
      </trkpt>
      <trkpt lat="43.81624019012306" lon="2.7468624114771973">
        <ele>442.0</ele>
      </trkpt>
      <trkpt lat="43.816379537716834" lon="2.7469401955386274">
        <ele>442.0</ele>
      </trkpt>
      <trkpt lat="43.81656920475246" lon="2.747009932973013">
        <ele>442.0</ele>
      </trkpt>
      <trkpt lat="43.81675306507937" lon="2.747063577153314">
        <ele>442.0</ele>
      </trkpt>
      <trkpt lat="43.81688563756393" lon="2.7471225856148176">
        <ele>443.0</ele>
      </trkpt>
      <trkpt lat="43.81701821002756" lon="2.747181594349966">
        <ele>443.0</ele>
      </trkpt>
      <trkpt lat="43.81712852537027" lon="2.7472365795286824">
        <ele>444.0</ele>
      </trkpt>
      <trkpt lat="43.81723884069286" lon="2.747291564919577">
        <ele>444.0</ele>
      </trkpt>
      <trkpt lat="43.817241131905554" lon="2.7472930528710267">
        <ele>444.0</ele>
      </trkpt>
      <trkpt lat="43.817440116806495" lon="2.747422277456332">
        <ele>444.0</ele>
      </trkpt>
      <trkpt lat="43.81764139278881" lon="2.747552990913392">
        <ele>444.0</ele>
      </trkpt>
      <trkpt lat="43.817816540653524" lon="2.747707932701926">
        <ele>444.0</ele>
      </trkpt>
      <trkpt lat="43.81799168831729" lon="2.7478628754397523">
        <ele>444.0</ele>
      </trkpt>
      <trkpt lat="43.818117484529985" lon="2.7480211254234472">
        <ele>444.0</ele>
      </trkpt>
      <trkpt lat="43.818243280522914" lon="2.7481793761035096">
        <ele>444.0</ele>
      </trkpt>
      <trkpt lat="43.818373914534966" lon="2.7483684714070074">
        <ele>444.0</ele>
      </trkpt>
      <trkpt lat="43.8185045482298" lon="2.7485575675746095">
        <ele>444.0</ele>
      </trkpt>
      <trkpt lat="43.81859647550021" lon="2.748697042219129">
        <ele>444.0</ele>
      </trkpt>
      <trkpt lat="43.818688402597516" lon="2.7488365173121574">
        <ele>444.0</ele>
      </trkpt>
      <trkpt lat="43.81879871504918" lon="2.749049752517422">
        <ele>444.0</ele>
      </trkpt>
      <trkpt lat="43.81890902709147" lon="2.749262988545525">
        <ele>444.0</ele>
      </trkpt>
      <trkpt lat="43.81899224495724" lon="2.749429285262401">
        <ele>444.0</ele>
      </trkpt>
      <trkpt lat="43.819075462573764" lon="2.749595582463373">
        <ele>444.0</ele>
      </trkpt>
      <trkpt lat="43.81911416843333" lon="2.749743103959191">
        <ele>444.0</ele>
      </trkpt>
      <trkpt lat="43.81915093897677" lon="2.749946951844323">
        <ele>444.0</ele>
      </trkpt>
      <trkpt lat="43.81916545382551" lon="2.7501387297402005">
        <ele>444.0</ele>
      </trkpt>
      <trkpt lat="43.81917996833714" lon="2.7503305077334517">
        <ele>445.0</ele>
      </trkpt>
      <trkpt lat="43.81919932123623" lon="2.7506282329341047">
        <ele>445.0</ele>
      </trkpt>
      <trkpt lat="43.819224479995626" lon="2.7508374452372655">
        <ele>445.0</ele>
      </trkpt>
      <trkpt lat="43.819241897592086" lon="2.7510332464953557">
        <ele>445.0</ele>
      </trkpt>
      <trkpt lat="43.81926125047106" lon="2.751253187634572">
        <ele>445.0</ele>
      </trkpt>
      <trkpt lat="43.81922447999564" lon="2.7515294551631104">
        <ele>445.0</ele>
      </trkpt>
      <trkpt lat="43.81916738909927" lon="2.751726597722561">
        <ele>445.0</ele>
      </trkpt>
      <trkpt lat="43.81911029784854" lon="2.751923739888297">
        <ele>446.0</ele>
      </trkpt>
      <trkpt lat="43.819043208237716" lon="2.7521888023729595">
        <ele>446.0</ele>
      </trkpt>
      <trkpt lat="43.81897611798546" lon="2.7524538642355543">
        <ele>446.0</ele>
      </trkpt>
      <trkpt lat="43.81890902709177" lon="2.7527189254760738">
        <ele>446.0</ele>
      </trkpt>
      <trkpt lat="43.81888580349922" lon="2.752866446971894">
        <ele>446.0</ele>
      </trkpt>
      <trkpt lat="43.81888386819942" lon="2.753013968467713">
        <ele>446.0</ele>
      </trkpt>
      <trkpt lat="43.81891096239075" lon="2.7532419562339787">
        <ele>446.0</ele>
      </trkpt>
      <trkpt lat="43.818909027091784" lon="2.7533358335495">
        <ele>446.0</ele>
      </trkpt>
      <trkpt lat="43.81888580349901" lon="2.753431141354668">
        <ele>446.0</ele>
      </trkpt>
      <trkpt lat="43.8188083914588" lon="2.7535718679428096">
        <ele>447.0</ele>
      </trkpt>
      <trkpt lat="43.81870194971769" lon="2.753701329461369">
        <ele>447.0</ele>
      </trkpt>
      <trkpt lat="43.818595507829954" lon="2.753830790497887">
        <ele>448.0</ele>
      </trkpt>
      <trkpt lat="43.818524869030114" lon="2.75395417226501">
        <ele>449.0</ele>
      </trkpt>
      <trkpt lat="43.81845423009378" lon="2.754077553727258">
        <ele>450.0</ele>
      </trkpt>
      <trkpt lat="43.818336175838645" lon="2.7542840838214038">
        <ele>451.0</ele>
      </trkpt>
      <trkpt lat="43.81824521584357" lon="2.754361867882835">
        <ele>452.0</ele>
      </trkpt>
      <trkpt lat="43.818115549228004" lon="2.7543511390467765">
        <ele>453.0</ele>
      </trkpt>
      <trkpt lat="43.817964593709114" lon="2.754334688170275">
        <ele>454.0</ele>
      </trkpt>
      <trkpt lat="43.817931693096604" lon="2.754502594470979">
        <ele>455.0</ele>
      </trkpt>
      <trkpt lat="43.81788718047436" lon="2.754631340503694">
        <ele>455.0</ele>
      </trkpt>
      <trkpt lat="43.817819443811636" lon="2.7545776963233948">
        <ele>455.0</ele>
      </trkpt>
      <trkpt lat="43.81781170247375" lon="2.7543454170063355">
        <ele>456.0</ele>
      </trkpt>
      <trkpt lat="43.81778074452694" lon="2.7541925676992993">
        <ele>456.0</ele>
      </trkpt>
      <trkpt lat="43.81778073711259" lon="2.7541925310924844">
        <ele>456.0</ele>
      </trkpt>
      <trkpt lat="43.817718806342135" lon="2.7540637850597705">
        <ele>456.0</ele>
      </trkpt>
      <trkpt lat="43.81765687550755" lon="2.753987073865573">
        <ele>456.0</ele>
      </trkpt>
      <trkpt lat="43.81761429802139" lon="2.7539393305778512">
        <ele>456.0</ele>
      </trkpt>
      <trkpt lat="43.817525272270515" lon="2.7538883686065687">
        <ele>456.0</ele>
      </trkpt>
      <trkpt lat="43.81741495756892" lon="2.753837406635285">
        <ele>456.0</ele>
      </trkpt>
      <trkpt lat="43.81723303463347" lon="2.753773033618928">
        <ele>456.0</ele>
      </trkpt>
      <trkpt lat="43.81710723653481" lon="2.7537274360656743">
        <ele>457.0</ele>
      </trkpt>
      <trkpt lat="43.81708788295752" lon="2.753778398036958">
        <ele>458.0</ele>
      </trkpt>
      <trkpt lat="43.817037563627565" lon="2.7538990974426274">
        <ele>459.0</ele>
      </trkpt>
      <trkpt lat="43.81697950280946" lon="2.7539768815040584">
        <ele>460.0</ele>
      </trkpt>
      <trkpt lat="43.816900152933485" lon="2.754073441028595">
        <ele>461.0</ele>
      </trkpt>
      <trkpt lat="43.816830479784684" lon="2.754137814044952">
        <ele>462.0</ele>
      </trkpt>
      <trkpt lat="43.81683038841552" lon="2.7541379934345525">
        <ele>464.0</ele>
      </trkpt>
      <trkpt lat="43.81678403097371" lon="2.7542290091514587">
        <ele>465.0</ele>
      </trkpt>
      <trkpt lat="43.816743388234386" lon="2.75436580181122">
        <ele>466.0</ele>
      </trkpt>
      <trkpt lat="43.816706616208364" lon="2.7544918656349195">
        <ele>467.0</ele>
      </trkpt>
      <trkpt lat="43.81666790878815" lon="2.7545723319053663">
        <ele>467.0</ele>
      </trkpt>
      <trkpt lat="43.81670310741537" lon="2.7546443780710654">
        <ele>468.0</ele>
      </trkpt>
      <trkpt lat="43.81684015661586" lon="2.75460076325544">
        <ele>468.0</ele>
      </trkpt>
      <trkpt lat="43.81697950264206" lon="2.7545846700405723">
        <ele>467.0</ele>
      </trkpt>
      <trkpt lat="43.8170101796116" lon="2.754581127115651">
        <ele>467.0</ele>
      </trkpt>
      <trkpt lat="43.81711884867807" lon="2.7545685767472614">
        <ele>466.0</ele>
      </trkpt>
      <trkpt lat="43.81731169448745" lon="2.7545710064543725">
        <ele>465.0</ele>
      </trkpt>
      <trkpt lat="43.8173239961704" lon="2.7547454237719644">
        <ele>464.0</ele>
      </trkpt>
      <trkpt lat="43.81734141432136" lon="2.754966616630555">
        <ele>464.0</ele>
      </trkpt>
      <trkpt lat="43.817350123545644" lon="2.7551483809561965">
        <ele>464.0</ele>
      </trkpt>
      <trkpt lat="43.8173587940414" lon="2.755329343340238">
        <ele>464.0</ele>
      </trkpt>
      <trkpt lat="43.817358832467" lon="2.7553301453372123">
        <ele>464.0</ele>
      </trkpt>
      <trkpt lat="43.81738205665349" lon="2.755601048447717">
        <ele>464.0</ele>
      </trkpt>
      <trkpt lat="43.81741689291621" lon="2.7557619809886105">
        <ele>465.0</ele>
      </trkpt>
      <trkpt lat="43.81748850072585" lon="2.755858540513145">
        <ele>467.0</ele>
      </trkpt>
      <trkpt lat="43.81761816870309" lon="2.755984604336845">
        <ele>468.0</ele>
      </trkpt>
      <trkpt lat="43.81771493563064" lon="2.7560838459024315">
        <ele>469.0</ele>
      </trkpt>
      <trkpt lat="43.81781170247373" lon="2.7561830878039464">
        <ele>470.0</ele>
      </trkpt>
      <trkpt lat="43.81795685239004" lon="2.75638693568908">
        <ele>472.0</ele>
      </trkpt>
      <trkpt lat="43.818042974545975" lon="2.7565371391676625">
        <ele>473.0</ele>
      </trkpt>
      <trkpt lat="43.81812909649963" lon="2.7566873430987475">
        <ele>473.0</ele>
      </trkpt>
      <trkpt lat="43.81818328555496" lon="2.7568375468035815">
        <ele>474.0</ele>
      </trkpt>
      <trkpt lat="43.81824908648458" lon="2.75700116155349">
        <ele>475.0</ele>
      </trkpt>
      <trkpt lat="43.81829940479361" lon="2.757044076897729">
        <ele>475.0</ele>
      </trkpt>
      <trkpt lat="43.818351658377345" lon="2.757030665852653">
        <ele>475.0</ele>
      </trkpt>
      <trkpt lat="43.8184019765999" lon="2.7569662928362964">
        <ele>476.0</ele>
      </trkpt>
      <trkpt lat="43.818465841975204" lon="2.756829500176538">
        <ele>476.0</ele>
      </trkpt>
      <trkpt lat="43.81853551324962" lon="2.7567007543007107">
        <ele>477.0</ele>
      </trkpt>
      <trkpt lat="43.81860518437507" lon="2.756572008111107">
        <ele>477.0</ele>
      </trkpt>
      <trkpt lat="43.81873097931792" lon="2.7563547491809013">
        <ele>478.0</ele>
      </trkpt>
      <trkpt lat="43.8188451621904" lon="2.756263554074393">
        <ele>480.0</ele>
      </trkpt>
      <trkpt lat="43.8189574094522" lon="2.7562072277956635">
        <ele>481.0</ele>
      </trkpt>
      <trkpt lat="43.819069656692804" lon="2.756150901295768">
        <ele>482.0</ele>
      </trkpt>
      <trkpt lat="43.81918770939118" lon="2.75609457502276">
        <ele>484.0</ele>
      </trkpt>
      <trkpt lat="43.81930576206918" lon="2.7560382485171435">
        <ele>485.0</ele>
      </trkpt>
      <trkpt lat="43.81949929036992" lon="2.755952417828667">
        <ele>487.0</ele>
      </trkpt>
      <trkpt lat="43.819635727309084" lon="2.7558773161554724">
        <ele>488.0</ele>
      </trkpt>
      <trkpt lat="43.81977216420815" lon="2.755802214123833">
        <ele>489.0</ele>
      </trkpt>
      <trkpt lat="43.81990860051854" lon="2.7557351590584807">
        <ele>490.0</ele>
      </trkpt>
      <trkpt lat="43.82004503679931" lon="2.7556681036730892">
        <ele>491.0</ele>
      </trkpt>
      <trkpt lat="43.820257915259766" lon="2.7556225061198343">
        <ele>492.0</ele>
      </trkpt>
      <trkpt lat="43.82037209510161" lon="2.7555983662869106">
        <ele>492.0</ele>
      </trkpt>
      <trkpt lat="43.82048627494627" lon="2.755574226357567">
        <ele>493.0</ele>
      </trkpt>
      <trkpt lat="43.82061400116965" lon="2.7555742263575667">
        <ele>494.0</ele>
      </trkpt>
      <trkpt lat="43.820716568999764" lon="2.7556332349558947">
        <ele>495.0</ele>
      </trkpt>
      <trkpt lat="43.82085397091111" lon="2.7557914852877743">
        <ele>495.0</ele>
      </trkpt>
      <trkpt lat="43.82094686216493" lon="2.7559551000376814">
        <ele>496.0</ele>
      </trkpt>
      <trkpt lat="43.82103975327428" lon="2.756220638730156">
        <ele>497.0</ele>
      </trkpt>
      <trkpt lat="43.821121032876356" lon="2.7564754485865715">
        <ele>498.0</ele>
      </trkpt>
      <trkpt lat="43.82118102489269" lon="2.756553232648004">
        <ele>498.0</ele>
      </trkpt>
      <trkpt lat="43.82126230430248" lon="2.756588101365196">
        <ele>499.0</ele>
      </trkpt>
      <trkpt lat="43.8213629357994" lon="2.756553232648004">
        <ele>500.0</ele>
      </trkpt>
      <trkpt lat="43.82153904051083" lon="2.7564083933611983">
        <ele>501.0</ele>
      </trkpt>
      <trkpt lat="43.82164450955313" lon="2.756274283157859">
        <ele>501.0</ele>
      </trkpt>
      <trkpt lat="43.82174954586111" lon="2.7561407225107146">
        <ele>502.0</ele>
      </trkpt>
      <trkpt lat="43.82174997843747" lon="2.75614017245971">
        <ele>503.0</ele>
      </trkpt>
      <trkpt lat="43.821916405912326" lon="2.7559577827776436">
        <ele>503.0</ele>
      </trkpt>
      <trkpt lat="43.82208283309946" lon="2.755775392033684">
        <ele>504.0</ele>
      </trkpt>
      <trkpt lat="43.822227004959814" lon="2.7556251887076297">
        <ele>505.0</ele>
      </trkpt>
      <trkpt lat="43.822371176626284" lon="2.755474984624016">
        <ele>506.0</ele>
      </trkpt>
      <trkpt lat="43.82250212397774" lon="2.755345345115504">
        <ele>506.0</ele>
      </trkpt>
      <trkpt lat="43.822633071185805" lon="2.755215705013119">
        <ele>507.0</ele>
      </trkpt>
      <trkpt lat="43.82276401825048" lon="2.7550860643168567">
        <ele>508.0</ele>
      </trkpt>
      <trkpt lat="43.82291205878039" lon="2.754946589809249">
        <ele>509.0</ele>
      </trkpt>
      <trkpt lat="43.8230600991456" lon="2.7548071145793065">
        <ele>510.0</ele>
      </trkpt>
      <trkpt lat="43.823248777196845" lon="2.754642159269298">
        <ele>511.0</ele>
      </trkpt>
      <trkpt lat="43.823437455020816" lon="2.7544772028704765">
        <ele>512.0</ele>
      </trkpt>
      <trkpt lat="43.82357678575834" lon="2.7543229762279955">
        <ele>513.0</ele>
      </trkpt>
      <trkpt lat="43.82371611628988" lon="2.7541687488337643">
        <ele>513.0</ele>
      </trkpt>
      <trkpt lat="43.823894149197464" lon="2.753997087456811">
        <ele>514.0</ele>
      </trkpt>
      <trkpt lat="43.824035413965795" lon="2.7538670006410344">
        <ele>515.0</ele>
      </trkpt>
      <trkpt lat="43.824176678591385" lon="2.7537369131823652">
        <ele>515.0</ele>
      </trkpt>
      <trkpt lat="43.824289883418444" lon="2.7536403538490357">
        <ele>516.0</ele>
      </trkpt>
      <trkpt lat="43.82440308816799" lon="2.753543794133294">
        <ele>516.0</ele>
      </trkpt>
      <trkpt lat="43.824466947124215" lon="2.7534713744898918">
        <ele>516.0</ele>
      </trkpt>
      <trkpt lat="43.82452306554427" lon="2.753592073895561">
        <ele>516.0</ele>
      </trkpt>
      <trkpt lat="43.82461014574697" lon="2.7537610530634997">
        <ele>516.0</ele>
      </trkpt>
      <trkpt lat="43.82471270671174" lon="2.7538844346781843">
        <ele>516.0</ele>
      </trkpt>
      <trkpt lat="43.82483074835873" lon="2.7539622187396153">
        <ele>515.0</ele>
      </trkpt>
      <trkpt lat="43.824936211523145" lon="2.7540279327392523">
        <ele>515.0</ele>
      </trkpt>
      <trkpt lat="43.825041674654926" lon="2.7540936469813464">
        <ele>514.0</ele>
      </trkpt>
      <trkpt lat="43.82523518436288" lon="2.754203617550958">
        <ele>513.0</ele>
      </trkpt>
      <trkpt lat="43.825385153791416" lon="2.7542867658122936">
        <ele>512.0</ele>
      </trkpt>
      <trkpt lat="43.825535123170575" lon="2.754369914509879">
        <ele>511.0</ele>
      </trkpt>
      <trkpt lat="43.82569767002379" lon="2.7544691562434314">
        <ele>510.0</ele>
      </trkpt>
      <trkpt lat="43.82581570961949" lon="2.754530846923394">
        <ele>509.0</ele>
      </trkpt>
      <trkpt lat="43.825933749188955" lon="2.7545925378581173">
        <ele>508.0</ele>
      </trkpt>
      <trkpt lat="43.82605178830782" lon="2.7546327709102663">
        <ele>507.0</ele>
      </trkpt>
      <trkpt lat="43.82616982742052" lon="2.754673004128563">
        <ele>506.0</ele>
      </trkpt>
      <trkpt lat="43.8263159243659" lon="2.754703849453405">
        <ele>505.0</ele>
      </trkpt>
      <trkpt lat="43.826462021315855" lon="2.754734694935906">
        <ele>505.0</ele>
      </trkpt>
      <trkpt lat="43.82658199443136" lon="2.754757493664685">
        <ele>504.0</ele>
      </trkpt>
      <trkpt lat="43.82670196755103" lon="2.754780292489158">
        <ele>504.0</ele>
      </trkpt>
      <trkpt lat="43.82684999823107" lon="2.7548124789139914">
        <ele>503.0</ele>
      </trkpt>
      <trkpt lat="43.826998028915234" lon="2.754844665505516">
        <ele>503.0</ele>
      </trkpt>
      <trkpt lat="43.827146058863235" lon="2.7548835574355213">
        <ele>502.0</ele>
      </trkpt>
      <trkpt lat="43.827294088811" lon="2.7549224495669473">
        <ele>501.0</ele>
      </trkpt>
      <trkpt lat="43.82744115069699" lon="2.7549734115382316">
        <ele>500.0</ele>
      </trkpt>
      <trkpt lat="43.82759401727339" lon="2.7551128864070042">
        <ele>499.0</ele>
      </trkpt>
      <trkpt lat="43.82768689804006" lon="2.7551879882594235">
        <ele>498.0</ele>
      </trkpt>
      <trkpt lat="43.82779719376268" lon="2.755252361275779">
        <ele>496.0</ele>
      </trkpt>
      <trkpt lat="43.82794231940305" lon="2.755308687665093">
        <ele>495.0</ele>
      </trkpt>
      <trkpt lat="43.82794443192155" lon="2.755309046227589">
        <ele>494.0</ele>
      </trkpt>
      <trkpt lat="43.82808454201515" lon="2.7553328274861677">
        <ele>493.0</ele>
      </trkpt>
      <trkpt lat="43.82822676463452" lon="2.7553569674273595">
        <ele>491.0</ele>
      </trkpt>
      <trkpt lat="43.828345766708274" lon="2.75537842505481">
        <ele>490.0</ele>
      </trkpt>
      <trkpt lat="43.82846476878661" lon="2.755399882771599">
        <ele>489.0</ele>
      </trkpt>
      <trkpt lat="43.82857603046508" lon="2.7554414569304124">
        <ele>488.0</ele>
      </trkpt>
      <trkpt lat="43.828687292135406" lon="2.7554830312510594">
        <ele>487.0</ele>
      </trkpt>
      <trkpt lat="43.8288575703116" lon="2.75563055274688">
        <ele>487.0</ele>
      </trkpt>
      <trkpt lat="43.82900946562702" lon="2.7557378408223907">
        <ele>486.0</ele>
      </trkpt>
      <trkpt lat="43.82916136085126" lon="2.7558451294680717">
        <ele>485.0</ele>
      </trkpt>
      <trkpt lat="43.8293122880604" lon="2.7559175491114734">
        <ele>484.0</ele>
      </trkpt>
      <trkpt lat="43.829527068430785" lon="2.7559980153819192">
        <ele>483.0</ele>
      </trkpt>
      <trkpt lat="43.829741848028284" lon="2.7560436129351724">
        <ele>482.0</ele>
      </trkpt>
      <trkpt lat="43.82985697720196" lon="2.7560690938694945">
        <ele>481.0</ele>
      </trkpt>
      <trkpt lat="43.829972106377944" lon="2.7560945749064554">
        <ele>480.0</ele>
      </trkpt>
      <trkpt lat="43.830183014507" lon="2.7561374902506945">
        <ele>479.0</ele>
      </trkpt>
      <trkpt lat="43.830351353488005" lon="2.756153583504784">
        <ele>478.0</ele>
      </trkpt>
      <trkpt lat="43.83046551402361" lon="2.756140172486494">
        <ele>476.0</ele>
      </trkpt>
      <trkpt lat="43.83057967456565" lon="2.756126761414635">
        <ele>475.0</ele>
      </trkpt>
      <trkpt lat="43.83074994734309" lon="2.756105303742516">
        <ele>473.0</ele>
      </trkpt>
      <trkpt lat="43.83087571669632" lon="2.756169676758872">
        <ele>472.0</ele>
      </trkpt>
      <trkpt lat="43.831001485784526" lon="2.756298422791588">
        <ele>470.0</ele>
      </trkpt>
      <trkpt lat="43.831125319704746" lon="2.756464719750511">
        <ele>469.0</ele>
      </trkpt>
      <trkpt lat="43.831245283569906" lon="2.75664442775451">
        <ele>468.0</ele>
      </trkpt>
      <trkpt lat="43.83132654927705" lon="2.756842911221612">
        <ele>467.0</ele>
      </trkpt>
      <trkpt lat="43.83137879145894" lon="2.7568697333117593">
        <ele>465.0</ele>
      </trkpt>
      <trkpt lat="43.8314387731669" lon="2.7568911909838794">
        <ele>465.0</ele>
      </trkpt>
      <trkpt lat="43.831491015250556" lon="2.756824135758507">
        <ele>464.0</ele>
      </trkpt>
      <trkpt lat="43.831554866624025" lon="2.756711482979881">
        <ele>463.0</ele>
      </trkpt>
      <trkpt lat="43.83163032725005" lon="2.756529092766869">
        <ele>463.0</ele>
      </trkpt>
      <trkpt lat="43.8316816017916" lon="2.7563882769198993">
        <ele>463.0</ele>
      </trkpt>
      <trkpt lat="43.83173287615299" lon="2.756247460820305">
        <ele>463.0</ele>
      </trkpt>
      <trkpt lat="43.83180833655395" lon="2.7560731172343362">
        <ele>463.0</ele>
      </trkpt>
      <trkpt lat="43.831901210762624" lon="2.755874633767235">
        <ele>463.0</ele>
      </trkpt>
      <trkpt lat="43.8319998894509" lon="2.7556546926280134">
        <ele>463.0</ele>
      </trkpt>
      <trkpt lat="43.83208115413055" lon="2.75537306068145">
        <ele>463.0</ele>
      </trkpt>
      <trkpt lat="43.83214790736869" lon="2.755149096490254">
        <ele>463.0</ele>
      </trkpt>
      <trkpt lat="43.83221466014975" lon="2.7549251317759635">
        <ele>462.0</ele>
      </trkpt>
      <trkpt lat="43.83228238048011" lon="2.7546622752925045">
        <ele>462.0</ele>
      </trkpt>
      <trkpt lat="43.83235203559687" lon="2.7544423341532824">
        <ele>462.0</ele>
      </trkpt>
      <trkpt lat="43.83243329979702" lon="2.754195570923912">
        <ele>462.0</ele>
      </trkpt>
      <trkpt lat="43.832555195889746" lon="2.7539461254855278">
        <ele>462.0</ele>
      </trkpt>
      <trkpt lat="43.8326354923926" lon="2.753829449557282">
        <ele>461.0</ele>
      </trkpt>
      <trkpt lat="43.83271578877467" lon="2.7537127733012325">
        <ele>461.0</ele>
      </trkpt>
      <trkpt lat="43.83281446609253" lon="2.753597438512698">
        <ele>461.0</ele>
      </trkpt>
      <trkpt lat="43.83291314329446" lon="2.753482103325951">
        <ele>460.0</ele>
      </trkpt>
      <trkpt lat="43.83299440672726" lon="2.7533734740152833">
        <ele>460.0</ele>
      </trkpt>
      <trkpt lat="43.833075670055976" lon="2.7532648443957433">
        <ele>459.0</ele>
      </trkpt>
      <trkpt lat="43.833214978356466" lon="2.753098547436822">
        <ele>459.0</ele>
      </trkpt>
      <trkpt lat="43.833315589660494" lon="2.7530006469801003">
        <ele>458.0</ele>
      </trkpt>
      <trkpt lat="43.83341620088298" lon="2.752902746178733">
        <ele>458.0</ele>
      </trkpt>
      <trkpt lat="43.83353616008359" lon="2.7527833881280634">
        <ele>457.0</ele>
      </trkpt>
      <trkpt lat="43.83365611916252" lon="2.752664029576407">
        <ele>456.0</ele>
      </trkpt>
      <trkpt lat="43.83378962165845" lon="2.7524977326174858">
        <ele>456.0</ele>
      </trkpt>
      <trkpt lat="43.83389023203772" lon="2.75237971542083">
        <ele>455.0</ele>
      </trkpt>
      <trkpt lat="43.83394827641017" lon="2.752342164494622">
        <ele>454.0</ele>
      </trkpt>
      <trkpt lat="43.834031473245574" lon="2.7523421644946224">
        <ele>454.0</ele>
      </trkpt>
      <trkpt lat="43.83413401802258" lon="2.752344846703637">
        <ele>453.0</ele>
      </trkpt>
      <trkpt lat="43.83420560578137" lon="2.752293884732353">
        <ele>452.0</ele>
      </trkpt>
      <trkpt lat="43.83426751944949" lon="2.752252221107484">
        <ele>452.0</ele>
      </trkpt>
      <trkpt lat="43.83432943305335" lon="2.752177119255067">
        <ele>451.0</ele>
      </trkpt>
      <trkpt lat="43.83437973780893" lon="2.7522656321525574">
        <ele>451.0</ele>
      </trkpt>
      <trkpt lat="43.834488086369646" lon="2.752312660195458">
        <ele>451.0</ele>
      </trkpt>
      <trkpt lat="43.8346467392644" lon="2.752425312974085">
        <ele>450.0</ele>
      </trkpt>
      <trkpt lat="43.83477250040572" lon="2.7526264786501984">
        <ele>450.0</ele>
      </trkpt>
      <trkpt lat="43.83483054392001" lon="2.752739131428823">
        <ele>450.0</ele>
      </trkpt>
      <trkpt lat="43.834884717815726" lon="2.752779364564049">
        <ele>450.0</ele>
      </trkpt>
      <trkpt lat="43.83493502210347" lon="2.752782046773063">
        <ele>450.0</ele>
      </trkpt>
      <trkpt lat="43.83500854367846" lon="2.752755224682916">
        <ele>450.0</ele>
      </trkpt>
      <trkpt lat="43.835145912694266" lon="2.7527310848017814">
        <ele>450.0</ele>
      </trkpt>
      <trkpt lat="43.83536260683699" lon="2.7526988982936">
        <ele>450.0</ele>
      </trkpt>
      <trkpt lat="43.83549610551526" lon="2.7526586651583784">
        <ele>451.0</ele>
      </trkpt>
      <trkpt lat="43.83559090874317" lon="2.752664029576408">
        <ele>451.0</ele>
      </trkpt>
      <trkpt lat="43.835706994123235" lon="2.7527391314288234">
        <ele>451.0</ele>
      </trkpt>
      <trkpt lat="43.835840492031124" lon="2.752827644326318">
        <ele>452.0</ele>
      </trkpt>
      <trkpt lat="43.835981728623004" lon="2.752961754777061">
        <ele>452.0</ele>
      </trkpt>
      <trkpt lat="43.83611329117499" lon="2.753117322899925">
        <ele>453.0</ele>
      </trkpt>
      <trkpt lat="43.83619261551474" lon="2.753264844395746">
        <ele>454.0</ele>
      </trkpt>
      <trkpt lat="43.83626613554028" lon="2.7534901499529933">
        <ele>454.0</ele>
      </trkpt>
      <trkpt lat="43.83633965547529" lon="2.7536564469119185">
        <ele>455.0</ele>
      </trkpt>
      <trkpt lat="43.83641511005128" lon="2.7537395953913815">
        <ele>455.0</ele>
      </trkpt>
      <trkpt lat="43.83656021473676" lon="2.7538012861987236">
        <ele>456.0</ele>
      </trkpt>
      <trkpt lat="43.83672273156567" lon="2.75384956596099">
        <ele>456.0</ele>
      </trkpt>
      <trkpt lat="43.8368349453083" lon="2.753887116887199">
        <ele>456.0</ele>
      </trkpt>
      <trkpt lat="43.836891052100455" lon="2.7539300322314384">
        <ele>457.0</ele>
      </trkpt>
      <trkpt lat="43.83691620340395" lon="2.754015862919915">
        <ele>457.0</ele>
      </trkpt>
      <trkpt lat="43.836941354696805" lon="2.7541124224444524">
        <ele>457.0</ele>
      </trkpt>
      <trkpt lat="43.83697037540623" lon="2.7542921304484485">
        <ele>458.0</ele>
      </trkpt>
      <trkpt lat="43.83700520023891" lon="2.754579126813043">
        <ele>459.0</ele>
      </trkpt>
      <trkpt lat="43.83703615583135" lon="2.7547937034180197">
        <ele>459.0</ele>
      </trkpt>
      <trkpt lat="43.837067111002334" lon="2.755008280255423">
        <ele>460.0</ele>
      </trkpt>
      <trkpt lat="43.83710000128975" lon="2.75523224457929">
        <ele>462.0</ele>
      </trkpt>
      <trkpt lat="43.837132891118024" lon="2.755456209160912">
        <ele>463.0</ele>
      </trkpt>
      <trkpt lat="43.83721221410239" lon="2.755719065644371">
        <ele>464.0</ele>
      </trkpt>
      <trkpt lat="43.83732442692446" lon="2.7559738755007874">
        <ele>466.0</ele>
      </trkpt>
      <trkpt lat="43.83741245584454" lon="2.7561294433840513">
        <ele>467.0</ele>
      </trkpt>
      <trkpt lat="43.8375004845476" lon="2.7562850117465114">
        <ele>469.0</ele>
      </trkpt>
      <trkpt lat="43.83758270911419" lon="2.7564244864146397">
        <ele>471.0</ele>
      </trkpt>
      <trkpt lat="43.837664933506666" lon="2.756563961484064">
        <ele>472.0</ele>
      </trkpt>
      <trkpt lat="43.83778681891322" lon="2.7567463516970743">
        <ele>473.0</ele>
      </trkpt>
      <trkpt lat="43.837955136446396" lon="2.756867051102745">
        <ele>474.0</ele>
      </trkpt>
      <trkpt lat="43.83806154383726" lon="2.7568965554019065">
        <ele>475.0</ele>
      </trkpt>
      <trkpt lat="43.83812538818078" lon="2.756912648655999">
        <ele>476.0</ele>
      </trkpt>
      <trkpt lat="43.83816021233931" lon="2.7569636106272815">
        <ele>477.0</ele>
      </trkpt>
      <trkpt lat="43.838189232455946" lon="2.757030665852653">
        <ele>478.0</ele>
      </trkpt>
      <trkpt lat="43.83822599125003" lon="2.757218420483694">
        <ele>479.0</ele>
      </trkpt>
      <trkpt lat="43.838258880678175" lon="2.7573873996516363">
        <ele>480.0</ele>
      </trkpt>
      <trkpt lat="43.838287900746785" lon="2.757631480671987">
        <ele>480.0</ele>
      </trkpt>
      <trkpt lat="43.83830047624777" lon="2.7578085064280216">
        <ele>481.0</ele>
      </trkpt>
      <trkpt lat="43.838313051461554" lon="2.757985532261956">
        <ele>482.0</ele>
      </trkpt>
      <trkpt lat="43.838331108763725" lon="2.758192062225604">
        <ele>483.0</ele>
      </trkpt>
      <trkpt lat="43.83834916567509" lon="2.758398592319751">
        <ele>484.0</ele>
      </trkpt>
      <trkpt lat="43.83836722219564" lon="2.7586051225443935">
        <ele>485.0</ele>
      </trkpt>
      <trkpt lat="43.838389471147565" lon="2.758850544573723">
        <ele>486.0</ele>
      </trkpt>
      <trkpt lat="43.83841171954765" lon="2.7590959667941215">
        <ele>487.0</ele>
      </trkpt>
      <trkpt lat="43.83843687021017" lon="2.759323954560386">
        <ele>487.0</ele>
      </trkpt>
      <trkpt lat="43.83845621686649" lon="2.759468793847193">
        <ele>488.0</ele>
      </trkpt>
      <trkpt lat="43.83846975952209" lon="2.759535849072563">
        <ele>489.0</ele>
      </trkpt>
      <trkpt lat="43.83844460887342" lon="2.7596189975520247">
        <ele>489.0</ele>
      </trkpt>
      <trkpt lat="43.83837496086796" lon="2.759855031945334">
        <ele>490.0</ele>
      </trkpt>
      <trkpt lat="43.83832369226396" lon="2.7600307167934024">
        <ele>490.0</ele>
      </trkpt>
      <trkpt lat="43.838272423378655" lon="2.7602064013262875">
        <ele>490.0</ele>
      </trkpt>
      <trkpt lat="43.83820277533585" lon="2.760418296096674">
        <ele>491.0</ele>
      </trkpt>
      <trkpt lat="43.83813312688448" lon="2.7606301903506374">
        <ele>491.0</ele>
      </trkpt>
      <trkpt lat="43.838077666473566" lon="2.7608322504885647">
        <ele>491.0</ele>
      </trkpt>
      <trkpt lat="43.838022205690294" lon="2.7610343102343538">
        <ele>492.0</ele>
      </trkpt>
      <trkpt lat="43.83796674453466" lon="2.7612363695880053">
        <ele>492.0</ele>
      </trkpt>
      <trkpt lat="43.83789225950262" lon="2.761487156457723">
        <ele>493.0</ele>
      </trkpt>
      <trkpt lat="43.83781777389747" lon="2.7617379426737902">
        <ele>493.0</ele>
      </trkpt>
      <trkpt lat="43.837765537506684" lon="2.76193508521656">
        <ele>494.0</ele>
      </trkpt>
      <trkpt lat="43.83771330076134" lon="2.762132227398978">
        <ele>494.0</ele>
      </trkpt>
      <trkpt lat="43.83764558659385" lon="2.762395083882439">
        <ele>494.0</ele>
      </trkpt>
      <trkpt lat="43.83760495805644" lon="2.762534558751214">
        <ele>494.0</ele>
      </trkpt>
      <trkpt lat="43.837541113156135" lon="2.7628242373248235">
        <ele>494.0</ele>
      </trkpt>
      <trkpt lat="43.83752757028972" lon="2.7630012631198055">
        <ele>494.0</ele>
      </trkpt>
      <trkpt lat="43.83758948051114" lon="2.763049542882071">
        <ele>494.0</ele>
      </trkpt>
      <trkpt lat="43.83768041103239" lon="2.763092458226311">
        <ele>493.0</ele>
      </trkpt>
      <trkpt lat="43.8377539292249" lon="2.763162195660696">
        <ele>492.0</ele>
      </trkpt>
      <trkpt lat="43.8378216432694" lon="2.763213157631983">
        <ele>492.0</ele>
      </trkpt>
      <trkpt lat="43.837844859495526" lon="2.763272166230308">
        <ele>491.0</ele>
      </trkpt>
      <trkpt lat="43.837839055439865" lon="2.7633875012179505">
        <ele>491.0</ele>
      </trkpt>
      <trkpt lat="43.83778488422619" lon="2.7635833024760355">
        <ele>490.0</ele>
      </trkpt>
      <trkpt lat="43.837738451718195" lon="2.763800561406244">
        <ele>489.0</ele>
      </trkpt>
      <trkpt lat="43.83768718254648" lon="2.7639628351972068">
        <ele>489.0</ele>
      </trkpt>
      <trkpt lat="43.83763591313502" lon="2.7641251086970464">
        <ele>488.0</ele>
      </trkpt>
      <trkpt lat="43.83756626418562" lon="2.7644121050616377">
        <ele>487.0</ele>
      </trkpt>
      <trkpt lat="43.83754111330086" lon="2.7645931542498126">
        <ele>486.0</ele>
      </trkpt>
      <trkpt lat="43.837515962116036" lon="2.7647742032786464">
        <ele>485.0</ele>
      </trkpt>
      <trkpt lat="43.83751402742025" lon="2.7650182842990034">
        <ele>484.0</ele>
      </trkpt>
      <trkpt lat="43.83754885193555" lon="2.765321373917686">
        <ele>483.0</ele>
      </trkpt>
      <trkpt lat="43.83756239479718" lon="2.765586912610162">
        <ele>482.0</ele>
      </trkpt>
      <trkpt lat="43.837570133573855" lon="2.765839040257562">
        <ele>481.0</ele>
      </trkpt>
      <trkpt lat="43.837564329491464" lon="2.7661260366221554">
        <ele>480.0</ele>
      </trkpt>
      <trkpt lat="43.837581741924836" lon="2.7663298844451862">
        <ele>478.0</ele>
      </trkpt>
      <trkpt lat="43.83759915397747" lon="2.7665337323924195">
        <ele>477.0</ele>
      </trkpt>
      <trkpt lat="43.83765139066834" lon="2.7667831778308023">
        <ele>476.0</ele>
      </trkpt>
      <trkpt lat="43.837676541756785" lon="2.7669387458852097">
        <ele>474.0</ele>
      </trkpt>
      <trkpt lat="43.837701692623774" lon="2.76709431407653">
        <ele>473.0</ele>
      </trkpt>
      <trkpt lat="43.837742321095234" lon="2.7672579288264383">
        <ele>472.0</ele>
      </trkpt>
      <trkpt lat="43.83785066355068" lon="2.767453730084526">
        <ele>471.0</ele>
      </trkpt>
      <trkpt lat="43.83792611621594" lon="2.767628073670493">
        <ele>469.0</ele>
      </trkpt>
      <trkpt lat="43.838057674480986" lon="2.767818510510553">
        <ele>468.0</ele>
      </trkpt>
      <trkpt lat="43.83818052645287" lon="2.768006264738026">
        <ele>466.0</ele>
      </trkpt>
      <trkpt lat="43.83830337811094" lon="2.7681940197726345">
        <ele>465.0</ele>
      </trkpt>
      <trkpt lat="43.83837689553585" lon="2.7683200835963344">
        <ele>463.0</ele>
      </trkpt>
      <trkpt lat="43.838405915547106" lon="2.76844346521102">
        <ele>461.0</ele>
      </trkpt>
      <trkpt lat="43.83847749818108" lon="2.768534660317529">
        <ele>460.0</ele>
      </trkpt>
      <trkpt lat="43.83858390464048" lon="2.7685722112437356">
        <ele>459.0</ele>
      </trkpt>
      <trkpt lat="43.83877350113422" lon="2.768652677514183">
        <ele>458.0</ele>
      </trkpt>
      <trkpt lat="43.838966966323085" lon="2.768725097157586">
        <ele>457.0</ele>
      </trkpt>
      <trkpt lat="43.839065633327834" lon="2.7687358259936454">
        <ele>456.0</ele>
      </trkpt>
      <trkpt lat="43.839195254439076" lon="2.7687116861125123">
        <ele>455.0</ele>
      </trkpt>
      <trkpt lat="43.839315202082254" lon="2.7686821818133485">
        <ele>454.0</ele>
      </trkpt>
      <trkpt lat="43.83938678362538" lon="2.768620491006006">
        <ele>454.0</ele>
      </trkpt>
      <trkpt lat="43.839440953384695" lon="2.768545389153585">
        <ele>453.0</ele>
      </trkpt>
      <trkpt lat="43.839520273300664" lon="2.76851856706344">
        <ele>453.0</ele>
      </trkpt>
      <trkpt lat="43.83960152773942" lon="2.768542706944572">
        <ele>452.0</ele>
      </trkpt>
      <trkpt lat="43.83972727843839" lon="2.7686017155429">
        <ele>452.0</ele>
      </trkpt>
      <trkpt lat="43.83982400956495" lon="2.768625855424033">
        <ele>451.0</ele>
      </trkpt>
      <trkpt lat="43.83998845212014" lon="2.7686526775141824">
        <ele>451.0</ele>
      </trkpt>
      <trkpt lat="43.840131613327" lon="2.7686513364130345">
        <ele>450.0</ele>
      </trkpt>
      <trkpt lat="43.84027477454653" lon="2.7686499953051684">
        <ele>450.0</ele>
      </trkpt>
      <trkpt lat="43.840448888863676" lon="2.7686526775141824">
        <ele>449.0</ele>
      </trkpt>
      <trkpt lat="43.8405165998501" lon="2.7686566114425655">
        <ele>449.0</ele>
      </trkpt>
      <trkpt lat="43.840566899390005" lon="2.7686861157417297">
        <ele>449.0</ele>
      </trkpt>
      <trkpt lat="43.84054755341785" lon="2.7687546014567492">
        <ele>448.0</ele>
      </trkpt>
      <trkpt lat="43.84053981502731" lon="2.768829703309165">
        <ele>448.0</ele>
      </trkpt>
      <trkpt lat="43.840530142037736" lon="2.7689074873705994">
        <ele>448.0</ele>
      </trkpt>
      <trkpt lat="43.840535945831704" lon="2.769036233403313">
        <ele>448.0</ele>
      </trkpt>
      <trkpt lat="43.840563030195824" lon="2.769191801526175">
        <ele>448.0</ele>
      </trkpt>
      <trkpt lat="43.84063267564717" lon="2.7694171070834255">
        <ele>448.0</ele>
      </trkpt>
      <trkpt lat="43.84069071354868" lon="2.76957669835775">
        <ele>448.0</ele>
      </trkpt>
      <trkpt lat="43.84074875121879" lon="2.769736289956199">
        <ele>448.0</ele>
      </trkpt>
      <trkpt lat="43.84081742924677" lon="2.7699039278181865">
        <ele>448.0</ele>
      </trkpt>
      <trkpt lat="43.84088610702007" lon="2.7700715660830624">
        <ele>448.0</ele>
      </trkpt>
      <trkpt lat="43.841004116681354" lon="2.770323693730463">
        <ele>448.0</ele>
      </trkpt>
      <trkpt lat="43.841055383208804" lon="2.770492672746823">
        <ele>448.0</ele>
      </trkpt>
      <trkpt lat="43.841106649476174" lon="2.7706616520663374">
        <ele>448.0</ele>
      </trkpt>
      <trkpt lat="43.84113373372735" lon="2.7708440421929152">
        <ele>448.0</ele>
      </trkpt>
      <trkpt lat="43.84116081767403" lon="2.771026432492362">
        <ele>448.0</ele>
      </trkpt>
      <trkpt lat="43.841158883409804" lon="2.7712879478801673">
        <ele>448.0</ele>
      </trkpt>
      <trkpt lat="43.84115694851865" lon="2.7715494632502677">
        <ele>448.0</ele>
      </trkpt>
      <trkpt lat="43.84116662158149" lon="2.771745264475215">
        <ele>448.0</ele>
      </trkpt>
      <trkpt lat="43.841176294292964" lon="2.7719410657664407">
        <ele>447.0</ele>
      </trkpt>
      <trkpt lat="43.84119080396079" lon="2.7722146510165033">
        <ele>447.0</ele>
      </trkpt>
      <trkpt lat="43.841205312942655" lon="2.772488236405478">
        <ele>447.0</ele>
      </trkpt>
      <trkpt lat="43.841209182094836" lon="2.7727966904421915">
        <ele>447.0</ele>
      </trkpt>
      <trkpt lat="43.841208214952594" lon="2.772975057344701">
        <ele>447.0</ele>
      </trkpt>
      <trkpt lat="43.84120724751876" lon="2.7731534242411735">
        <ele>447.0</ele>
      </trkpt>
      <trkpt lat="43.84123626615331" lon="2.773362636544335">
        <ele>447.0</ele>
      </trkpt>
      <trkpt lat="43.8412604484439" lon="2.773518204601375">
        <ele>447.0</ele>
      </trkpt>
      <trkpt lat="43.84128463051299" lon="2.773673772790064">
        <ele>447.0</ele>
      </trkpt>
      <trkpt lat="43.84132719131763" lon="2.7738910315584775">
        <ele>447.0</ele>
      </trkpt>
      <trkpt lat="43.84136975169073" lon="2.7741082906504726">
        <ele>447.0</ele>
      </trkpt>
      <trkpt lat="43.84140263938597" lon="2.7743121385356075">
        <ele>447.0</ele>
      </trkpt>
      <trkpt lat="43.841418115942496" lon="2.7744153141975403">
        <ele>447.0</ele>
      </trkpt>
      <trkpt lat="43.841485825828414" lon="2.7744194268962015">
        <ele>446.0</ele>
      </trkpt>
      <trkpt lat="43.84157481584763" lon="2.77441406247817">
        <ele>446.0</ele>
      </trkpt>
      <trkpt lat="43.84177020651106" lon="2.7743818759699947">
        <ele>445.0</ele>
      </trkpt>
      <trkpt lat="43.84192690528338" lon="2.7743483484492346">
        <ele>445.0</ele>
      </trkpt>
      <trkpt lat="43.84208360406059" lon="2.7743148207446224">
        <ele>444.0</ele>
      </trkpt>
      <trkpt lat="43.84219870943173" lon="2.7742692232832042">
        <ele>443.0</ele>
      </trkpt>
      <trkpt lat="43.84231381479201" lon="2.774223625638114">
        <ele>442.0</ele>
      </trkpt>
      <trkpt lat="43.84245987223491" lon="2.774157911685192">
        <ele>441.0</ele>
      </trkpt>
      <trkpt lat="43.842605929651434" lon="2.774092197396386">
        <ele>441.0</ele>
      </trkpt>
      <trkpt lat="43.842758112185564" lon="2.774022460333396">
        <ele>440.0</ele>
      </trkpt>
      <trkpt lat="43.84291029468943" lon="2.7739527228990086">
        <ele>439.0</ele>
      </trkpt>
      <trkpt lat="43.84306247716303" lon="2.773882985093224">
        <ele>438.0</ele>
      </trkpt>
      <trkpt lat="43.843255928149105" lon="2.773802519095151">
        <ele>438.0</ele>
      </trkpt>
      <trkpt lat="43.84344937909896" lon="2.77372205255233">
        <ele>437.0</ele>
      </trkpt>
      <trkpt lat="43.843608007975455" lon="2.7736456098075863">
        <ele>437.0</ele>
      </trkpt>
      <trkpt lat="43.843766636813946" lon="2.7735691666384823">
        <ele>436.0</ele>
      </trkpt>
      <trkpt lat="43.843932035563974" lon="2.773459196387139">
        <ele>436.0</ele>
      </trkpt>
      <trkpt lat="43.844097434220046" lon="2.773349225499257">
        <ele>435.0</ele>
      </trkpt>
      <trkpt lat="43.84426283204386" lon="2.7732486429522982">
        <ele>435.0</ele>
      </trkpt>
      <trkpt lat="43.844428229791816" lon="2.773148059823141">
        <ele>435.0</ele>
      </trkpt>
      <trkpt lat="43.84461393854959" lon="2.773027360809691">
        <ele>434.0</ele>
      </trkpt>
      <trkpt lat="43.84479964719516" lon="2.7729066610118025">
        <ele>434.0</ele>
      </trkpt>
      <trkpt lat="43.844977616990946" lon="2.77280071408565">
        <ele>434.0</ele>
      </trkpt>
      <trkpt lat="43.84515558670345" lon="2.772694766499626">
        <ele>434.0</ele>
      </trkpt>
      <trkpt lat="43.84529680111657" lon="2.772596866112495">
        <ele>434.0</ele>
      </trkpt>
      <trkpt lat="43.84543801545418" lon="2.772498965241537">
        <ele>434.0</ele>
      </trkpt>
      <trkpt lat="43.84559954070995" lon="2.7723930182849013">
        <ele>435.0</ele>
      </trkpt>
      <trkpt lat="43.845761065878925" lon="2.7722870707293614">
        <ele>435.0</ele>
      </trkpt>
      <trkpt lat="43.84584231181822" lon="2.7722414731761105">
        <ele>435.0</ele>
      </trkpt>
      <trkpt lat="43.845888738019596" lon="2.772241473176108">
        <ele>435.0</ele>
      </trkpt>
      <trkpt lat="43.8459196888004" lon="2.7722763418933036">
        <ele>435.0</ele>
      </trkpt>
      <trkpt lat="43.84592162322364" lon="2.772316575028528">
        <ele>435.0</ele>
      </trkpt>
      <trkpt lat="43.845917754377055" lon="2.7723836302538998">
        <ele>435.0</ele>
      </trkpt>
      <trkpt lat="43.845898410140286" lon="2.772520422913657">
        <ele>435.0</ele>
      </trkpt>
      <trkpt lat="43.845877131472626" lon="2.772737681843864">
        <ele>435.0</ele>
      </trkpt>
      <trkpt lat="43.84584037761886" lon="2.7729656697567577">
        <ele>435.0</ele>
      </trkpt>
      <trkpt lat="43.84580362328952" lon="2.773193657376396">
        <ele>435.0</ele>
      </trkpt>
      <trkpt lat="43.84575913219472" lon="2.773485124543183">
        <ele>435.0</ele>
      </trkpt>
      <trkpt lat="43.8457146403225" lon="2.7737765912561367">
        <ele>435.0</ele>
      </trkpt>
      <trkpt lat="43.84567014767286" lon="2.7740680575152514">
        <ele>434.0</ele>
      </trkpt>
      <trkpt lat="43.845621787635395" lon="2.7743648891486115">
        <ele>434.0</ele>
      </trkpt>
      <trkpt lat="43.845573426791795" lon="2.774661720279595">
        <ele>434.0</ele>
      </trkpt>
      <trkpt lat="43.84552506514208" lon="2.774958550908197">
        <ele>434.0</ele>
      </trkpt>
      <trkpt lat="43.84550088480759" lon="2.7751248479374837">
        <ele>434.0</ele>
      </trkpt>
      <trkpt lat="43.84547670422001" lon="2.7752911448260433">
        <ele>434.0</ele>
      </trkpt>
      <trkpt lat="43.84545058944791" lon="2.775470852912162">
        <ele>434.0</ele>
      </trkpt>
      <trkpt lat="43.845424474380216" lon="2.775650560834039">
        <ele>434.0</ele>
      </trkpt>
      <trkpt lat="43.845389654626764" lon="2.7758463622114253">
        <ele>434.0</ele>
      </trkpt>
      <trkpt lat="43.84535483452265" lon="2.7760421633502115">
        <ele>435.0</ele>
      </trkpt>
      <trkpt lat="43.845329686776374" lon="2.7762433290263306">
        <ele>435.0</ele>
      </trkpt>
      <trkpt lat="43.84534322787185" lon="2.776350617386926">
        <ele>435.0</ele>
      </trkpt>
      <trkpt lat="43.845383851139864" lon="2.776423037030327">
        <ele>435.0</ele>
      </trkpt>
      <trkpt lat="43.84543221213717" lon="2.776471316792593">
        <ele>435.0</ele>
      </trkpt>
      <trkpt lat="43.84553280288595" lon="2.7765249609728935">
        <ele>436.0</ele>
      </trkpt>
      <trkpt lat="43.845693360845026" lon="2.776589333989251">
        <ele>436.0</ele>
      </trkpt>
      <trkpt lat="43.845892606868034" lon="2.7766778468867415">
        <ele>437.0</ele>
      </trkpt>
      <trkpt lat="43.84599900002126" lon="2.7767381964772224">
        <ele>437.0</ele>
      </trkpt>
      <trkpt lat="43.84610539314808" lon="2.7767985462924125">
        <ele>438.0</ele>
      </trkpt>
      <trkpt lat="43.846271752590106" lon="2.776877671228013">
        <ele>438.0</ele>
      </trkpt>
      <trkpt lat="43.8464381119918" lon="2.7769567966242894">
        <ele>439.0</ele>
      </trkpt>
      <trkpt lat="43.84658770556622" lon="2.7770301099535377">
        <ele>439.0</ele>
      </trkpt>
      <trkpt lat="43.84673729910518" lon="2.7771034236666106">
        <ele>440.0</ele>
      </trkpt>
      <trkpt lat="43.84688689260868" lon="2.77717673776351">
        <ele>441.0</ele>
      </trkpt>
      <trkpt lat="43.84706034237646" lon="2.7772616738667217">
        <ele>441.0</ele>
      </trkpt>
      <trkpt lat="43.847233792096624" lon="2.777346610485526">
        <ele>442.0</ele>
      </trkpt>
      <trkpt lat="43.847407241769254" lon="2.7774315476199263">
        <ele>443.0</ele>
      </trkpt>
      <trkpt lat="43.8475587672721" lon="2.7775039668792814">
        <ele>443.0</ele>
      </trkpt>
      <trkpt lat="43.84771029274101" lon="2.7775763865226812">
        <ele>444.0</ele>
      </trkpt>
      <trkpt lat="43.847861818176035" lon="2.777648806550132">
        <ele>444.0</ele>
      </trkpt>
      <trkpt lat="43.84805589811113" lon="2.7777462594823916">
        <ele>444.0</ele>
      </trkpt>
      <trkpt lat="43.84824997798241" lon="2.7778437130765976">
        <ele>445.0</ele>
      </trkpt>
      <trkpt lat="43.848444057789855" lon="2.7779411673327576">
        <ele>445.0</ele>
      </trkpt>
      <trkpt lat="43.84864716298583" lon="2.7780451472550864">
        <ele>445.0</ele>
      </trkpt>
      <trkpt lat="43.84885026810812" lon="2.778149127916548">
        <ele>444.0</ele>
      </trkpt>
      <trkpt lat="43.849018554429705" lon="2.7782067060252307">
        <ele>444.0</ele>
      </trkpt>
      <trkpt lat="43.84899921119835" lon="2.7783515453120353">
        <ele>444.0</ele>
      </trkpt>
      <trkpt lat="43.84895085348618" lon="2.77865195297592">
        <ele>443.0</ele>
      </trkpt>
      <trkpt lat="43.848902494948355" lon="2.7789523601313713">
        <ele>443.0</ele>
      </trkpt>
      <trkpt lat="43.84886187435664" lon="2.779205829063455">
        <ele>443.0</ele>
      </trkpt>
      <trkpt lat="43.84882125317712" lon="2.779459297635186">
        <ele>442.0</ele>
      </trkpt>
      <trkpt lat="43.848781599766816" lon="2.779741555637296">
        <ele>442.0</ele>
      </trkpt>
      <trkpt lat="43.8487419456273" lon="2.7800238132476807">
        <ele>441.0</ele>
      </trkpt>
      <trkpt lat="43.84886380840463" lon="2.780072093009949">
        <ele>441.0</ele>
      </trkpt>
      <trkpt lat="43.849022423074985" lon="2.7801271676798947">
        <ele>440.0</ele>
      </trkpt>
      <trkpt lat="43.8492023145633" lon="2.7802103158976035">
        <ele>440.0</ele>
      </trkpt>
      <trkpt lat="43.849382206008165" lon="2.780293464638817">
        <ele>440.0</ele>
      </trkpt>
      <trkpt lat="43.84953018044263" lon="2.7803524730843416">
        <ele>439.0</ele>
      </trkpt>
      <trkpt lat="43.84967815485863" lon="2.7804114818354715">
        <ele>438.0</ele>
      </trkpt>
      <trkpt lat="43.84979131128218" lon="2.780457079298432">
        <ele>438.0</ele>
      </trkpt>
      <trkpt lat="43.84990446769458" lon="2.7805026769419774">
        <ele>437.0</ele>
      </trkpt>
      <trkpt lat="43.85004373655057" lon="2.780557662092775">
        <ele>437.0</ele>
      </trkpt>
      <trkpt lat="43.850183005390804" lon="2.780612647511589">
        <ele>437.0</ele>
      </trkpt>
      <trkpt lat="43.85037353188231" lon="2.780699819013927">
        <ele>437.0</ele>
      </trkpt>
      <trkpt lat="43.850564058326526" lon="2.780786991097557">
        <ele>437.0</ele>
      </trkpt>
      <trkpt lat="43.850703325640346" lon="2.780837952944637">
        <ele>437.0</ele>
      </trkpt>
      <trkpt lat="43.85084259294235" lon="2.780888915040123">
        <ele>438.0</ele>
      </trkpt>
      <trkpt lat="43.8509538129048" lon="2.7809439002179066">
        <ele>438.0</ele>
      </trkpt>
      <trkpt lat="43.85106503284718" lon="2.780998885609733">
        <ele>439.0</ele>
      </trkpt>
      <trkpt lat="43.85125845788053" lon="2.781078010507838">
        <ele>440.0</ele>
      </trkpt>
      <trkpt lat="43.851451882879566" lon="2.7811571359416134">
        <ele>441.0</ele>
      </trkpt>
      <trkpt lat="43.85162403011237" lon="2.781241625271047">
        <ele>442.0</ele>
      </trkpt>
      <trkpt lat="43.851796177298" lon="2.78132611510955">
        <ele>444.0</ele>
      </trkpt>
      <trkpt lat="43.85199862601743" lon="2.781421779886547">
        <ele>445.0</ele>
      </trkpt>
      <trkpt lat="43.85220107467821" lon="2.781517445341408">
        <ele>446.0</ele>
      </trkpt>
      <trkpt lat="43.85240352328037" lon="2.781613111474144">
        <ele>447.0</ele>
      </trkpt>
      <trkpt lat="43.852570832257754" lon="2.781692236408406">
        <ele>448.0</ele>
      </trkpt>
      <trkpt lat="43.852738141195" lon="2.7817713618060234">
        <ele>449.0</ele>
      </trkpt>
      <trkpt lat="43.85295477144483" lon="2.7818518280764692">
        <ele>450.0</ele>
      </trkpt>
      <trkpt lat="43.85306405327361" lon="2.781890720032804">
        <ele>450.0</ele>
      </trkpt>
      <trkpt lat="43.853173335095896" lon="2.7819296121379002">
        <ele>451.0</ele>
      </trkpt>
      <trkpt lat="43.853361917840225" lon="2.7819886205414806">
        <ele>451.0</ele>
      </trkpt>
      <trkpt lat="43.853550500574514" lon="2.782047629334556">
        <ele>451.0</ele>
      </trkpt>
      <trkpt lat="43.85375745667385" lon="2.7821093199184617">
        <ele>451.0</ele>
      </trkpt>
      <trkpt lat="43.85396441276467" lon="2.7821710109492432">
        <ele>451.0</ele>
      </trkpt>
      <trkpt lat="43.854117211010305" lon="2.78221482012885">
        <ele>451.0</ele>
      </trkpt>
      <trkpt lat="43.854270009252716" lon="2.78225862954276">
        <ele>452.0</ele>
      </trkpt>
      <trkpt lat="43.8544228074919" lon="2.7823024391909716">
        <ele>452.0</ele>
      </trkpt>
      <trkpt lat="43.854562065790056" lon="2.7823413311269007">
        <ele>452.0</ele>
      </trkpt>
      <trkpt lat="43.85470132408628" lon="2.7823802232524044">
        <ele>452.0</ele>
      </trkpt>
      <trkpt lat="43.854910210678455" lon="2.782441914059746">
        <ele>452.0</ele>
      </trkpt>
      <trkpt lat="43.85501852195673" lon="2.7824580073138354">
        <ele>453.0</ele>
      </trkpt>
      <trkpt lat="43.855144240157955" lon="2.782439231850729">
        <ele>453.0</ele>
      </trkpt>
      <trkpt lat="43.855221605073176" lon="2.7823909520884644">
        <ele>453.0</ele>
      </trkpt>
      <trkpt lat="43.85532217931288" lon="2.782251477219688">
        <ele>454.0</ele>
      </trkpt>
      <trkpt lat="43.85537923583307" lon="2.782116025799693">
        <ele>454.0</ele>
      </trkpt>
      <trkpt lat="43.85543629218712" lon="2.781980574109185">
        <ele>455.0</ele>
      </trkpt>
      <trkpt lat="43.8555339650001" lon="2.7817794087769383">
        <ele>455.0</ele>
      </trkpt>
      <trkpt lat="43.85563163744806" lon="2.781578242756948">
        <ele>456.0</ele>
      </trkpt>
      <trkpt lat="43.85575058514753" lon="2.7813314800412767">
        <ele>457.0</ele>
      </trkpt>
      <trkpt lat="43.855869532297675" lon="2.7810847162982104">
        <ele>457.0</ele>
      </trkpt>
      <trkpt lat="43.8559920254602" lon="2.780848682916922">
        <ele>458.0</ele>
      </trkpt>
      <trkpt lat="43.856114518121416" lon="2.7806126485236122">
        <ele>458.0</ele>
      </trkpt>
      <trkpt lat="43.85623701028129" lon="2.7803766131182783">
        <ele>459.0</ele>
      </trkpt>
      <trkpt lat="43.85630083517396" lon="2.780210316159356">
        <ele>459.0</ele>
      </trkpt>
      <trkpt lat="43.85640334167676" lon="2.7800037860652083">
        <ele>460.0</ele>
      </trkpt>
      <trkpt lat="43.85656580445236" lon="2.7798589467784054">
        <ele>460.0</ele>
      </trkpt>
      <trkpt lat="43.85673213493068" lon="2.779727518536676">
        <ele>461.0</ele>
      </trkpt>
      <trkpt lat="43.85684044283151" lon="2.779641688010897">
        <ele>461.0</ele>
      </trkpt>
      <trkpt lat="43.85694875067203" lon="2.779555857159722">
        <ele>461.0</ele>
      </trkpt>
      <trkpt lat="43.857101541524464" lon="2.779433816975895">
        <ele>462.0</ele>
      </trkpt>
      <trkpt lat="43.857254332254755" lon="2.7793117761393655">
        <ele>462.0</ele>
      </trkpt>
      <trkpt lat="43.857424528913" lon="2.779180347897636">
        <ele>462.0</ele>
      </trkpt>
      <trkpt lat="43.85753573661747" lon="2.7790985406819075">
        <ele>463.0</ele>
      </trkpt>
      <trkpt lat="43.857646944268204" lon="2.7790167331477282">
        <ele>463.0</ele>
      </trkpt>
      <trkpt lat="43.857752349444695" lon="2.778942972535892">
        <ele>464.0</ele>
      </trkpt>
      <trkpt lat="43.85785775457814" lon="2.7788692116519083">
        <ele>464.0</ele>
      </trkpt>
      <trkpt lat="43.85800474114226" lon="2.778700232483972">
        <ele>464.0</ele>
      </trkpt>
      <trkpt lat="43.85810724471593" lon="2.778592944123375">
        <ele>465.0</ele>
      </trkpt>
      <trkpt lat="43.85818267176138" lon="2.7785795330782994">
        <ele>465.0</ele>
      </trkpt>
      <trkpt lat="43.85824456054792" lon="2.77862244842254">
        <ele>465.0</ele>
      </trkpt>
      <trkpt lat="43.85831805339854" lon="2.77869486806594">
        <ele>466.0</ele>
      </trkpt>
      <trkpt lat="43.85840895232529" lon="2.778826296307671">
        <ele>466.0</ele>
      </trkpt>
      <trkpt lat="43.858494049067254" lon="2.779024779774772">
        <ele>466.0</ele>
      </trkpt>
      <trkpt lat="43.858556904657675" lon="2.779208510890167">
        <ele>467.0</ele>
      </trkpt>
      <trkpt lat="43.85861975994117" lon="2.779392242409812">
        <ele>467.0</ele>
      </trkpt>
      <trkpt lat="43.85867681334471" lon="2.7795558569963417">
        <ele>467.0</ele>
      </trkpt>
      <trkpt lat="43.85873386650492" lon="2.7797194719096305">
        <ele>468.0</ele>
      </trkpt>
      <trkpt lat="43.85881509477323" lon="2.7799930572291505">
        <ele>468.0</ele>
      </trkpt>
      <trkpt lat="43.85890115817294" lon="2.7802492078042307">
        <ele>468.0</ele>
      </trkpt>
      <trkpt lat="43.85898722097596" lon="2.780505359150995">
        <ele>468.0</ele>
      </trkpt>
      <trkpt lat="43.859043307085415" lon="2.7807025013200666">
        <ele>468.0</ele>
      </trkpt>
      <trkpt lat="43.85909939284067" lon="2.780899643876183">
        <ele>469.0</ele>
      </trkpt>
      <trkpt lat="43.859159346681814" lon="2.781197369076836">
        <ele>469.0</ele>
      </trkpt>
      <trkpt lat="43.859215432478656" lon="2.7813100218554614">
        <ele>469.0</ele>
      </trkpt>
      <trkpt lat="43.859283122163205" lon="2.781369030453788">
        <ele>469.0</ele>
      </trkpt>
      <trkpt lat="43.85937015164465" lon="2.781366348244773">
        <ele>470.0</ele>
      </trkpt>
      <trkpt lat="43.85951133253332" lon="2.7813153862734894">
        <ele>470.0</ele>
      </trkpt>
      <trkpt lat="43.859638975240806" lon="2.781277835347281">
        <ele>470.0</ele>
      </trkpt>
      <trkpt lat="43.859851712479326" lon="2.7812644243022095">
        <ele>470.0</ele>
      </trkpt>
      <trkpt lat="43.86000642999427" lon="2.7812858819743274">
        <ele>470.0</ele>
      </trkpt>
      <trkpt lat="43.86016308106907" lon="2.781339526154626">
        <ele>469.0</ele>
      </trkpt>
      <trkpt lat="43.86026364692008" lon="2.781425356692024">
        <ele>469.0</ele>
      </trkpt>
      <trkpt lat="43.86036421270978" lon="2.7815111875315774">
        <ele>468.0</ele>
      </trkpt>
      <trkpt lat="43.86047058013696" lon="2.781662732058785">
        <ele>468.0</ele>
      </trkpt>
      <trkpt lat="43.86057694736062" lon="2.781814277150262">
        <ele>467.0</ele>
      </trkpt>
      <trkpt lat="43.86070362080415" lon="2.7819819148420133">
        <ele>466.0</ele>
      </trkpt>
      <trkpt lat="43.860830293999996" lon="2.7821495532771214">
        <ele>466.0</ele>
      </trkpt>
      <trkpt lat="43.86095696688741" lon="2.782305121055068">
        <ele>465.0</ele>
      </trkpt>
      <trkpt lat="43.8610836395629" lon="2.7824606895228476">
        <ele>464.0</ele>
      </trkpt>
      <trkpt lat="43.86119484047446" lon="2.7825773653879042">
        <ele>463.0</ele>
      </trkpt>
      <trkpt lat="43.861306041268854" lon="2.7826940417071455">
        <ele>463.0</ele>
      </trkpt>
      <trkpt lat="43.86141047308583" lon="2.782836198525089">
        <ele>462.0</ele>
      </trkpt>
      <trkpt lat="43.86151490472434" lon="2.782978355862723">
        <ele>462.0</ele>
      </trkpt>
      <trkpt lat="43.86159999707385" lon="2.783128559343847">
        <ele>461.0</ele>
      </trkpt>
      <trkpt lat="43.86168508922109" lon="2.783278763272392">
        <ele>461.0</ele>
      </trkpt>
      <trkpt lat="43.861787586513486" lon="2.7834517654434805">
        <ele>460.0</ele>
      </trkpt>
      <trkpt lat="43.86189008353808" lon="2.783624768235311">
        <ele>460.0</ele>
      </trkpt>
      <trkpt lat="43.86197227447033" lon="2.783749490775078">
        <ele>459.0</ele>
      </trkpt>
      <trkpt lat="43.86205446526419" lon="2.783874213673699">
        <ele>458.0</ele>
      </trkpt>
      <trkpt lat="43.86217823473534" lon="2.784088790394891">
        <ele>458.0</ele>
      </trkpt>
      <trkpt lat="43.86220724316794" lon="2.784198760964501">
        <ele>457.0</ele>
      </trkpt>
      <trkpt lat="43.86221497874758" lon="2.784362375714409">
        <ele>457.0</ele>
      </trkpt>
      <trkpt lat="43.86217436694321" lon="2.7845447659274205">
        <ele>456.0</ele>
      </trkpt>
      <trkpt lat="43.86212988731621" lon="2.7847325205584657">
        <ele>456.0</ele>
      </trkpt>
      <trkpt lat="43.86207573816028" lon="2.7849149107714775">
        <ele>456.0</ele>
      </trkpt>
      <trkpt lat="43.86207380426098" lon="2.7850758433123706">
        <ele>456.0</ele>
      </trkpt>
      <trkpt lat="43.862108614439386" lon="2.785199224927056">
        <ele>456.0</ele>
      </trkpt>
      <trkpt lat="43.862205309272866" lon="2.785448670365442">
        <ele>456.0</ele>
      </trkpt>
      <trkpt lat="43.8623116733959" lon="2.78558546277053">
        <ele>456.0</ele>
      </trkpt>
      <trkpt lat="43.86241803735441" lon="2.7857222556849592">
        <ele>456.0</ele>
      </trkpt>
      <trkpt lat="43.862532136649044" lon="2.785861730553735">
        <ele>457.0</ele>
      </trkpt>
      <trkpt lat="43.86263656632049" lon="2.7860333919306863">
        <ele>457.0</ele>
      </trkpt>
      <trkpt lat="43.862700384363016" lon="2.7862855195780885">
        <ele>457.0</ele>
      </trkpt>
      <trkpt lat="43.86271778927189" lon="2.786451816537011">
        <ele>458.0</ele>
      </trkpt>
      <trkpt lat="43.86270038436304" lon="2.78668248651229">
        <ele>458.0</ele>
      </trkpt>
      <trkpt lat="43.862673310050305" lon="2.7869077920695435">
        <ele>458.0</ele>
      </trkpt>
      <trkpt lat="43.862677177810035" lon="2.7870284914752124">
        <ele>458.0</ele>
      </trkpt>
      <trkpt lat="43.86269071496702" lon="2.7873315810938943">
        <ele>459.0</ele>
      </trkpt>
      <trkpt lat="43.86271650063676" lon="2.78759354327122">
        <ele>459.0</ele>
      </trkpt>
      <trkpt lat="43.8627422856781" lon="2.787855505685009">
        <ele>459.0</ele>
      </trkpt>
      <trkpt lat="43.86276807009106" lon="2.7881174683352583">
        <ele>459.0</ele>
      </trkpt>
      <trkpt lat="43.862793210484746" lon="2.7883776426097033">
        <ele>459.0</ele>
      </trkpt>
      <trkpt lat="43.86280771483647" lon="2.7886270879847603">
        <ele>459.0</ele>
      </trkpt>
      <trkpt lat="43.86282221861818" lon="2.7888765334864725">
        <ele>459.0</ele>
      </trkpt>
      <trkpt lat="43.862870565475795" lon="2.7891072034617532">
        <ele>459.0</ele>
      </trkpt>
      <trkpt lat="43.86292664787481" lon="2.789269476947861">
        <ele>459.0</ele>
      </trkpt>
      <trkpt lat="43.86298273003448" lon="2.789431750752556">
        <ele>459.0</ele>
      </trkpt>
      <trkpt lat="43.86305363880267" lon="2.789623081187345">
        <ele>460.0</ele>
      </trkpt>
      <trkpt lat="43.863124547238534" lon="2.789814412097073">
        <ele>460.0</ele>
      </trkpt>
      <trkpt lat="43.86319545534203" lon="2.790005743481744">
        <ele>460.0</ele>
      </trkpt>
      <trkpt lat="43.86329021480107" lon="2.7902726228360692">
        <ele>461.0</ele>
      </trkpt>
      <trkpt lat="43.86338497361298" lon="2.790539503075704">
        <ele>461.0</ele>
      </trkpt>
      <trkpt lat="43.86342365073737" lon="2.790720462799073">
        <ele>461.0</ele>
      </trkpt>
      <trkpt lat="43.863458460127525" lon="2.7908560037394623">
        <ele>461.0</ele>
      </trkpt>
      <trkpt lat="43.86352034359239" lon="2.7910585103007355">
        <ele>462.0</ele>
      </trkpt>
      <trkpt lat="43.863582226683846" lon="2.791261017300712">
        <ele>462.0</ele>
      </trkpt>
      <trkpt lat="43.8636441100329" lon="2.7914702293772593">
        <ele>462.0</ele>
      </trkpt>
      <trkpt lat="43.86370599298325" lon="2.7916794419070365">
        <ele>462.0</ele>
      </trkpt>
      <trkpt lat="43.86377367756952" lon="2.7919557094355705">
        <ele>462.0</ele>
      </trkpt>
      <trkpt lat="43.86383265989609" lon="2.7921287117384215">
        <ele>462.0</ele>
      </trkpt>
      <trkpt lat="43.86389164195056" lon="2.79230171439849">
        <ele>462.0</ele>
      </trkpt>
      <trkpt lat="43.863999936914475" lon="2.7925082444926392">
        <ele>462.0</ele>
      </trkpt>
      <trkpt lat="43.86412757001229" lon="2.792636990525353">
        <ele>462.0</ele>
      </trkpt>
      <trkpt lat="43.86429194556898" lon="2.792832791783439">
        <ele>462.0</ele>
      </trkpt>
      <trkpt lat="43.86442828028205" lon="2.7930406624860296">
        <ele>461.0</ele>
      </trkpt>
      <trkpt lat="43.86456461461059" lon="2.7932485341807465">
        <ele>461.0</ele>
      </trkpt>
      <trkpt lat="43.864646801861866" lon="2.7933786211308256">
        <ele>461.0</ele>
      </trkpt>
      <trkpt lat="43.864728988962206" lon="2.793508708455193">
        <ele>461.0</ele>
      </trkpt>
      <trkpt lat="43.86484985222777" lon="2.7937112148073933">
        <ele>461.0</ele>
      </trkpt>
      <trkpt lat="43.864970715126525" lon="2.79391372201644">
        <ele>461.0</ele>
      </trkpt>
      <trkpt lat="43.8650838427214" lon="2.794121592803469">
        <ele>460.0</ele>
      </trkpt>
      <trkpt lat="43.865196969928185" lon="2.7943294644137504">
        <ele>460.0</ele>
      </trkpt>
      <trkpt lat="43.86531589848314" lon="2.794546722891677">
        <ele>459.0</ele>
      </trkpt>
      <trkpt lat="43.865434826614276" lon="2.794763982274161">
        <ele>459.0</ele>
      </trkpt>
      <trkpt lat="43.86551540132572" lon="2.7949392194354905">
        <ele>458.0</ele>
      </trkpt>
      <trkpt lat="43.86559597575975" lon="2.795114457091132">
        <ele>458.0</ele>
      </trkpt>
      <trkpt lat="43.86567654991641" lon="2.7952896952410815">
        <ele>457.0</ele>
      </trkpt>
      <trkpt lat="43.8657732389628" lon="2.7955632805606005">
        <ele>456.0</ele>
      </trkpt>
      <trkpt lat="43.86583125241282" lon="2.7957295773506523">
        <ele>455.0</ele>
      </trkpt>
      <trkpt lat="43.8658892656115" lon="2.7958958744784477">
        <ele>455.0</ele>
      </trkpt>
      <trkpt lat="43.86592600733647" lon="2.796137273289788">
        <ele>454.0</ele>
      </trkpt>
      <trkpt lat="43.865931808804866" lon="2.7963156401711653">
        <ele>453.0</ele>
      </trkpt>
      <trkpt lat="43.86593760998177" lon="2.7964940070887683">
        <ele>452.0</ele>
      </trkpt>
      <trkpt lat="43.86593761011258" lon="2.796662986256706">
        <ele>451.0</ele>
      </trkpt>
      <trkpt lat="43.86593760998177" lon="2.796831965424644">
        <ele>450.0</ele>
      </trkpt>
      <trkpt lat="43.86597048413119" lon="2.797022402264702">
        <ele>449.0</ele>
      </trkpt>
      <trkpt lat="43.86603043106283" lon="2.7971886992236255">
        <ele>447.0</ele>
      </trkpt>
      <trkpt lat="43.86610971562177" lon="2.797389864899743">
        <ele>446.0</ele>
      </trkpt>
      <trkpt lat="43.86616869563488" lon="2.79756152609947">
        <ele>444.0</ele>
      </trkpt>
      <trkpt lat="43.866227675380145" lon="2.7977331876536473">
        <ele>442.0</ele>
      </trkpt>
      <trkpt lat="43.86630212554301" lon="2.797997384897311">
        <ele>441.0</ele>
      </trkpt>
      <trkpt lat="43.86637657506974" lon="2.798261582829582">
        <ele>439.0</ele>
      </trkpt>
      <trkpt lat="43.86644361239589" lon="2.798479735317476">
        <ele>437.0</ele>
      </trkpt>
      <trkpt lat="43.86651064928877" lon="2.798697888317354">
        <ele>435.0</ele>
      </trkpt>
      <trkpt lat="43.86657768574833" lon="2.7989160418292167">
        <ele>433.0</ele>
      </trkpt>
      <trkpt lat="43.866624095891375" lon="2.7990649043086098">
        <ele>432.0</ele>
      </trkpt>
      <trkpt lat="43.8666705058327" lon="2.79921376702987">
        <ele>430.0</ele>
      </trkpt>
      <trkpt lat="43.86675559078307" lon="2.7993773817797774">
        <ele>429.0</ele>
      </trkpt>
      <trkpt lat="43.86687741675054" lon="2.79952758548461">
        <ele>428.0</ele>
      </trkpt>
      <trkpt lat="43.866962501403535" lon="2.799642920300474">
        <ele>427.0</ele>
      </trkpt>
      <trkpt lat="43.86704758593907" lon="2.7997582554598925">
        <ele>426.0</ele>
      </trkpt>
      <trkpt lat="43.86718294744891" lon="2.7999460096460576">
        <ele>425.0</ele>
      </trkpt>
      <trkpt lat="43.86731830864698" lon="2.8001337647219784">
        <ele>424.0</ele>
      </trkpt>
      <trkpt lat="43.86746462733829" lon="2.8003420818883447">
        <ele>424.0</ele>
      </trkpt>
      <trkpt lat="43.86761094564512" lon="2.800550400121832">
        <ele>423.0</ele>
      </trkpt>
      <trkpt lat="43.867757263567384" lon="2.800758719422448">
        <ele>423.0</ele>
      </trkpt>
      <trkpt lat="43.867873286365445" lon="2.8009223335077618">
        <ele>422.0</ele>
      </trkpt>
      <trkpt lat="43.86798930892644" lon="2.8010859482576684">
        <ele>422.0</ele>
      </trkpt>
      <trkpt lat="43.8681053312504" lon="2.8012495636721724">
        <ele>421.0</ele>
      </trkpt>
      <trkpt lat="43.86822522075949" lon="2.8014507293482893">
        <ele>420.0</ele>
      </trkpt>
      <trkpt lat="43.868339308939426" lon="2.8016706704875105">
        <ele>420.0</ele>
      </trkpt>
      <trkpt lat="43.86846499905428" lon="2.8018423318644645">
        <ele>419.0</ele>
      </trkpt>
      <trkpt lat="43.86859455627986" lon="2.8019523024340742">
        <ele>418.0</ele>
      </trkpt>
      <trkpt lat="43.86868930690838" lon="2.801992535569298">
        <ele>417.0</ele>
      </trkpt>
      <trkpt lat="43.86881886364642" lon="2.8020113110324028">
        <ele>415.0</ele>
      </trkpt>
      <trkpt lat="43.868981292591826" lon="2.802027404286492">
        <ele>414.0</ele>
      </trkpt>
      <trkpt lat="43.869101180338994" lon="2.802075684048758">
        <ele>413.0</ele>
      </trkpt>
      <trkpt lat="43.86920366483492" lon="2.802164196946251">
        <ele>412.0</ele>
      </trkpt>
      <trkpt lat="43.869331286791066" lon="2.80230098960601">
        <ele>411.0</ele>
      </trkpt>
      <trkpt lat="43.86951111726538" lon="2.8024216890116804">
        <ele>410.0</ele>
      </trkpt>
      <trkpt lat="43.86966000875296" lon="2.8025477528353795">
        <ele>409.0</ele>
      </trkpt>
      <trkpt lat="43.869760558638035" lon="2.8026469945689323">
        <ele>408.0</ele>
      </trkpt>
      <trkpt lat="43.86984177188294" lon="2.8027918338557356">
        <ele>408.0</ele>
      </trkpt>
      <trkpt lat="43.86990364856665" lon="2.8030546903391964">
        <ele>407.0</ele>
      </trkpt>
      <trkpt lat="43.869933620254926" lon="2.8032639025325903">
        <ele>406.0</ele>
      </trkpt>
      <trkpt lat="43.869963591542756" lon="2.803473114945517">
        <ele>406.0</ele>
      </trkpt>
      <trkpt lat="43.86998292810977" lon="2.8036474584724713">
        <ele>405.0</ele>
      </trkpt>
      <trkpt lat="43.87000226439855" lon="2.8038218021174544">
        <ele>404.0</ele>
      </trkpt>
      <trkpt lat="43.87003513630626" lon="2.8040229677935713">
        <ele>403.0</ele>
      </trkpt>
      <trkpt lat="43.87007961003495" lon="2.80429118869506">
        <ele>402.0</ele>
      </trkpt>
      <trkpt lat="43.87010861462269" lon="2.8045191764613273">
        <ele>401.0</ele>
      </trkpt>
      <trkpt lat="43.87013955283405" lon="2.804779350735772">
        <ele>400.0</ele>
      </trkpt>
      <trkpt lat="43.87017242466606" lon="2.804985880829918">
        <ele>398.0</ele>
      </trkpt>
      <trkpt lat="43.87020916375097" lon="2.805176317669976">
        <ele>397.0</ele>
      </trkpt>
      <trkpt lat="43.870253637349734" lon="2.8053721189280627">
        <ele>395.0</ele>
      </trkpt>
      <trkpt lat="43.87032324813337" lon="2.805557191350089">
        <ele>393.0</ele>
      </trkpt>
      <trkpt lat="43.870404460611546" lon="2.805691301800835">
        <ele>392.0</ele>
      </trkpt>
      <trkpt lat="43.87048954023187" lon="2.805833458878624">
        <ele>390.0</ele>
      </trkpt>
      <trkpt lat="43.87054754899428" lon="2.8059997558375476">
        <ele>388.0</ele>
      </trkpt>
      <trkpt lat="43.870590088717506" lon="2.8062089681407096">
        <ele>387.0</ele>
      </trkpt>
      <trkpt lat="43.870622960301034" lon="2.806412816025842">
        <ele>386.0</ele>
      </trkpt>
      <trkpt lat="43.870673234780156" lon="2.806689083311236">
        <ele>385.0</ele>
      </trkpt>
      <trkpt lat="43.87072350856157" lon="2.806965351082909">
        <ele>384.0</ele>
      </trkpt>
      <trkpt lat="43.87074864572344" lon="2.8071329890725716">
        <ele>383.0</ele>
      </trkpt>
      <trkpt lat="43.870773782628234" lon="2.80730062720977">
        <ele>383.0</ele>
      </trkpt>
      <trkpt lat="43.87080085326195" lon="2.807595670201409">
        <ele>383.0</ele>
      </trkpt>
      <trkpt lat="43.87084145918949" lon="2.807898759820091">
        <ele>382.0</ele>
      </trkpt>
      <trkpt lat="43.87085112726337" lon="2.8080516457339395">
        <ele>382.0</ele>
      </trkpt>
      <trkpt lat="43.870870463406476" lon="2.808175027348625">
        <ele>382.0</ele>
      </trkpt>
      <trkpt lat="43.87091880373676" lon="2.8083788752337573">
        <ele>381.0</ele>
      </trkpt>
      <trkpt lat="43.87092460457376" lon="2.8085934519549474">
        <ele>380.0</ele>
      </trkpt>
      <trkpt lat="43.870929438728616" lon="2.8087584077954038">
        <ele>379.0</ele>
      </trkpt>
      <trkpt lat="43.870934272634194" lon="2.8089233636637805">
        <ele>378.0</ele>
      </trkpt>
      <trkpt lat="43.87098261291273" lon="2.8091218471308825">
        <ele>377.0</ele>
      </trkpt>
      <trkpt lat="43.871061890884704" lon="2.809309601761925">
        <ele>376.0</ele>
      </trkpt>
      <trkpt lat="43.87113343440998" lon="2.8094745574097435">
        <ele>374.0</ele>
      </trkpt>
      <trkpt lat="43.87120497768908" lon="2.809639513470755">
        <ele>373.0</ele>
      </trkpt>
      <trkpt lat="43.87127265380997" lon="2.8097789881742905">
        <ele>372.0</ele>
      </trkpt>
      <trkpt lat="43.871340329755434" lon="2.809918463208306">
        <ele>370.0</ele>
      </trkpt>
      <trkpt lat="43.87139640409287" lon="2.8100552558680634">
        <ele>369.0</ele>
      </trkpt>
      <trkpt lat="43.87142540803981" lon="2.810184001900778">
        <ele>368.0</ele>
      </trkpt>
      <trkpt lat="43.871421540847706" lon="2.8102778792163003">
        <ele>367.0</ele>
      </trkpt>
      <trkpt lat="43.87140220488338" lon="2.810428082921136">
        <ele>366.0</ele>
      </trkpt>
      <trkpt lat="43.87137126732745" lon="2.810626566388238">
        <ele>366.0</ele>
      </trkpt>
      <trkpt lat="43.87135193147438" lon="2.810795545613376">
        <ele>365.0</ele>
      </trkpt>
      <trkpt lat="43.871332595359924" lon="2.810964524724115">
        <ele>365.0</ele>
      </trkpt>
      <trkpt lat="43.87133452895892" lon="2.811128139474021">
        <ele>364.0</ele>
      </trkpt>
      <trkpt lat="43.87137126732744" lon="2.811369538285363">
        <ele>363.0</ele>
      </trkpt>
      <trkpt lat="43.87139833786878" lon="2.811570703866149">
        <ele>363.0</ele>
      </trkpt>
      <trkpt lat="43.87142540803983" lon="2.8117718696375964">
        <ele>363.0</ele>
      </trkpt>
      <trkpt lat="43.87145924613551" lon="2.8119730351945496">
        <ele>362.0</ele>
      </trkpt>
      <trkpt lat="43.871493083861104" lon="2.8121742009898294">
        <ele>362.0</ele>
      </trkpt>
      <trkpt lat="43.87152982227709" lon="2.8123592732928304">
        <ele>362.0</ele>
      </trkpt>
      <trkpt lat="43.8715665603801" lon="2.812544345833885">
        <ele>361.0</ele>
      </trkpt>
      <trkpt lat="43.87160909954073" lon="2.812742829153179">
        <ele>361.0</ele>
      </trkpt>
      <trkpt lat="43.871651638341504" lon="2.81294131276809">
        <ele>361.0</ele>
      </trkpt>
      <trkpt lat="43.87168934346206" lon="2.8131317494824466">
        <ele>361.0</ele>
      </trkpt>
      <trkpt lat="43.87172704825122" lon="2.8133221864482048">
        <ele>360.0</ele>
      </trkpt>
      <trkpt lat="43.871775388032596" lon="2.813512623127108">
        <ele>360.0</ele>
      </trkpt>
      <trkpt lat="43.87182372748313" lon="2.8137030601283195">
        <ele>360.0</ele>
      </trkpt>
      <trkpt lat="43.871910738657746" lon="2.8139498233576896">
        <ele>360.0</ele>
      </trkpt>
      <trkpt lat="43.87200355043727" lon="2.8142314553042533">
        <ele>360.0</ele>
      </trkpt>
      <trkpt lat="43.87204608912121" lon="2.814400434472192">
        <ele>359.0</ele>
      </trkpt>
      <trkpt lat="43.87204995627282" lon="2.8144674896975634">
        <ele>359.0</ele>
      </trkpt>
      <trkpt lat="43.87204028839342" lon="2.814523816086876">
        <ele>359.0</ele>
      </trkpt>
      <trkpt lat="43.872019019053106" lon="2.814561367013085">
        <ele>359.0</ele>
      </trkpt>
      <trkpt lat="43.87198034750592" lon="2.8145801424761894">
        <ele>359.0</ele>
      </trkpt>
      <trkpt lat="43.87190107075568" lon="2.8145881891032336">
        <ele>359.0</ele>
      </trkpt>
      <trkpt lat="43.87181019240008" lon="2.8145935535212634">
        <ele>359.0</ele>
      </trkpt>
      <trkpt lat="43.87174831769573" lon="2.814615011193383">
        <ele>359.0</ele>
      </trkpt>
      <trkpt lat="43.87162456809422" lon="2.814706206299887">
        <ele>359.0</ele>
      </trkpt>
      <trkpt lat="43.8714892166734" lon="2.8147866725703365">
        <ele>360.0</ele>
      </trkpt>
      <trkpt lat="43.87137126732745" lon="2.8148590922137373">
        <ele>360.0</ele>
      </trkpt>
      <trkpt lat="43.87129585696754" lon="2.8149690627833484">
        <ele>361.0</ele>
      </trkpt>
      <trkpt lat="43.87124751694305" lon="2.815170228459466">
        <ele>361.0</ele>
      </trkpt>
      <trkpt lat="43.87119337606908" lon="2.815454542615043">
        <ele>362.0</ele>
      </trkpt>
      <trkpt lat="43.87115663772271" lon="2.815631568523879">
        <ele>362.0</ele>
      </trkpt>
      <trkpt lat="43.871119899090054" lon="2.8158085942050093">
        <ele>363.0</ele>
      </trkpt>
      <trkpt lat="43.87109476220799" lon="2.8160768151064985">
        <ele>363.0</ele>
      </trkpt>
      <trkpt lat="43.871101208076944" lon="2.8163137435160146">
        <ele>363.0</ele>
      </trkpt>
      <trkpt lat="43.87110765343164" lon="2.816550671978997">
        <ele>363.0</ele>
      </trkpt>
      <trkpt lat="43.87111409827207" lon="2.816787600495445">
        <ele>363.0</ele>
      </trkpt>
      <trkpt lat="43.871116999047864" lon="2.817070573532148">
        <ele>363.0</ele>
      </trkpt>
      <trkpt lat="43.871119899090054" lon="2.817353546597587">
        <ele>362.0</ele>
      </trkpt>
      <trkpt lat="43.871122799751085" lon="2.8175882398744743">
        <ele>362.0</ele>
      </trkpt>
      <trkpt lat="43.87112569990748" lon="2.817822933175194">
        <ele>362.0</ele>
      </trkpt>
      <trkpt lat="43.8711373015406" lon="2.818053603150473">
        <ele>361.0</ele>
      </trkpt>
      <trkpt lat="43.87117404003076" lon="2.818244039990532">
        <ele>361.0</ele>
      </trkpt>
      <trkpt lat="43.87121754620261" lon="2.818399607994912">
        <ele>361.0</ele>
      </trkpt>
      <trkpt lat="43.871261052153905" lon="2.8185551762362597">
        <ele>361.0</ele>
      </trkpt>
      <trkpt lat="43.87132051102536" lon="2.8187891982420425">
        <ele>362.0</ele>
      </trkpt>
      <trkpt lat="43.87137996939724" lon="2.819023220735005">
        <ele>362.0</ele>
      </trkpt>
      <trkpt lat="43.87143942726954" lon="2.819257243715142">
        <ele>362.0</ele>
      </trkpt>
      <trkpt lat="43.87149888464224" lon="2.819491267182456">
        <ele>362.0</ele>
      </trkpt>
      <trkpt lat="43.87155109181345" lon="2.8196951148812843">
        <ele>362.0</ele>
      </trkpt>
      <trkpt lat="43.8716032986056" lon="2.8198989629527205">
        <ele>362.0</ele>
      </trkpt>
      <trkpt lat="43.871673874937365" lon="2.8201846178598764">
        <ele>362.0</ele>
      </trkpt>
      <trkpt lat="43.871744450524574" lon="2.8204702734728917">
        <ele>362.0</ele>
      </trkpt>
      <trkpt lat="43.87178988998997" lon="2.8206982610578017">
        <ele>362.0</ele>
      </trkpt>
      <trkpt lat="43.87183532898043" lon="2.8209262490054248">
        <ele>361.0</ele>
      </trkpt>
      <trkpt lat="43.87193200803665" lon="2.821132779099571">
        <ele>361.0</ele>
      </trkpt>
      <trkpt lat="43.872065424876666" lon="2.8212668895503157">
        <ele>360.0</ele>
      </trkpt>
      <trkpt lat="43.87225684851674" lon="2.8214170932551483">
        <ele>360.0</ele>
      </trkpt>
      <trkpt lat="43.87244827154203" lon="2.821540474869834">
        <ele>360.0</ele>
      </trkpt>
      <trkpt lat="43.872573952861515" lon="2.8215793668149796">
        <ele>360.0</ele>
      </trkpt>
      <trkpt lat="43.87269963417675" lon="2.8216182589312666">
        <ele>360.0</ele>
      </trkpt>
      <trkpt lat="43.872920058999306" lon="2.821650445439445">
        <ele>360.0</ele>
      </trkpt>
      <trkpt lat="43.87311921405903" lon="2.8215994834681632">
        <ele>361.0</ele>
      </trkpt>
      <trkpt lat="43.87333577026177" lon="2.8215297460337765">
        <ele>361.0</ele>
      </trkpt>
      <trkpt lat="43.873469183959266" lon="2.821476101853476">
        <ele>361.0</ele>
      </trkpt>
      <trkpt lat="43.87356779389155" lon="2.821468055226434">
        <ele>362.0</ele>
      </trkpt>
      <trkpt lat="43.8736374008044" lon="2.821502923943627">
        <ele>362.0</ele>
      </trkpt>
      <trkpt lat="43.87367413775336" lon="2.8215351104518045">
        <ele>362.0</ele>
      </trkpt>
      <trkpt lat="43.873705074113886" lon="2.82163703439437">
        <ele>362.0</ele>
      </trkpt>
      <trkpt lat="43.87372247580963" lon="2.821771144845115">
        <ele>362.0</ele>
      </trkpt>
      <trkpt lat="43.873722475809615" lon="2.8220232724925167">
        <ele>361.0</ele>
      </trkpt>
      <trkpt lat="43.87373987750026" lon="2.8222002982874983">
        <ele>361.0</ele>
      </trkpt>
      <trkpt lat="43.87378048142533" lon="2.8223424553652876">
        <ele>360.0</ele>
      </trkpt>
      <trkpt lat="43.8738578221585" lon="2.8224738836070173">
        <ele>360.0</ele>
      </trkpt>
      <trkpt lat="43.87398543414874" lon="2.8226777314921496">
        <ele>360.0</ele>
      </trkpt>
      <trkpt lat="43.8740782426952" lon="2.8228037951110236">
        <ele>360.0</ele>
      </trkpt>
      <trkpt lat="43.874171051101285" lon="2.82292985913955">
        <ele>360.0</ele>
      </trkpt>
      <trkpt lat="43.874346999970456" lon="2.8231068849345315">
        <ele>360.0</ele>
      </trkpt>
      <trkpt lat="43.874526815311" lon="2.8232409953852766">
        <ele>360.0</ele>
      </trkpt>
      <trkpt lat="43.87466022620959" lon="2.823310732656784">
        <ele>361.0</ele>
      </trkpt>
      <trkpt lat="43.87479363707447" lon="2.823380470254052">
        <ele>361.0</ele>
      </trkpt>
      <trkpt lat="43.87489127802113" lon="2.8234622774891647">
        <ele>361.0</ele>
      </trkpt>
      <trkpt lat="43.8749889189123" lon="2.8235440850039604">
        <ele>361.0</ele>
      </trkpt>
      <trkpt lat="43.87514456381214" lon="2.823721110316566">
        <ele>362.0</ele>
      </trkpt>
      <trkpt lat="43.87530020843965" lon="2.823898136593925">
        <ele>362.0</ele>
      </trkpt>
      <trkpt lat="43.875399782044795" lon="2.8240081069718292">
        <ele>362.0</ele>
      </trkpt>
      <trkpt lat="43.8754993555452" lon="2.824118077733147">
        <ele>362.0</ele>
      </trkpt>
      <trkpt lat="43.8755940951701" lon="2.8242240248135073">
        <ele>362.0</ele>
      </trkpt>
      <trkpt lat="43.875688834697655" lon="2.8243299722453226">
        <ele>361.0</ele>
      </trkpt>
      <trkpt lat="43.87580677549856" lon="2.8244882225772026">
        <ele>361.0</ele>
      </trkpt>
      <trkpt lat="43.875882180180234" lon="2.824619650645429">
        <ele>361.0</ele>
      </trkpt>
      <trkpt lat="43.875957584707145" lon="2.8247510790606616">
        <ele>361.0</ele>
      </trkpt>
      <trkpt lat="43.876089059189546" lon="2.8249844307078327">
        <ele>361.0</ele>
      </trkpt>
      <trkpt lat="43.876220533183606" lon="2.825217783429253">
        <ele>362.0</ele>
      </trkpt>
      <trkpt lat="43.876312371579786" lon="2.82538005681374">
        <ele>362.0</ele>
      </trkpt>
      <trkpt lat="43.87640420973983" lon="2.825542330720054">
        <ele>362.0</ele>
      </trkpt>
      <trkpt lat="43.87650764844825" lon="2.825722038398608">
        <ele>362.0</ele>
      </trkpt>
      <trkpt lat="43.87661108686732" lon="2.8259017467280496">
        <ele>362.0</ele>
      </trkpt>
      <trkpt lat="43.87671452521441" lon="2.8260801133045264">
        <ele>362.0</ele>
      </trkpt>
      <trkpt lat="43.87681796327658" lon="2.8262584805270317">
        <ele>363.0</ele>
      </trkpt>
      <trkpt lat="43.87689723351881" lon="2.8263966140995906">
        <ele>363.0</ele>
      </trkpt>
      <trkpt lat="43.87697650359008" lon="2.8265347480555647">
        <ele>363.0</ele>
      </trkpt>
      <trkpt lat="43.877061573868716" lon="2.8266849515366888">
        <ele>363.0</ele>
      </trkpt>
      <trkpt lat="43.87714664394506" lon="2.826835155465233">
        <ele>363.0</ele>
      </trkpt>
      <trkpt lat="43.877236547541294" lon="2.827017545391163">
        <ele>364.0</ele>
      </trkpt>
      <trkpt lat="43.87732645083769" lon="2.827199935891258">
        <ele>364.0</ele>
      </trkpt>
      <trkpt lat="43.877397986850745" lon="2.827370255950388">
        <ele>364.0</ele>
      </trkpt>
      <trkpt lat="43.877469522601174" lon="2.82754057643615">
        <ele>364.0</ele>
      </trkpt>
      <trkpt lat="43.87755362555588" lon="2.8277390596109937">
        <ele>364.0</ele>
      </trkpt>
      <trkpt lat="43.87763772815403" lon="2.827937543370353">
        <ele>364.0</ele>
      </trkpt>
      <trkpt lat="43.877739231386066" lon="2.8281467553017237">
        <ele>364.0</ele>
      </trkpt>
      <trkpt lat="43.877840734223376" lon="2.828355967976677">
        <ele>364.0</ele>
      </trkpt>
      <trkpt lat="43.877913236245924" lon="2.8284780083319414">
        <ele>364.0</ele>
      </trkpt>
      <trkpt lat="43.87798573813521" lon="2.828600048997033">
        <ele>364.0</ele>
      </trkpt>
      <trkpt lat="43.87807660706984" lon="2.828722089313052">
        <ele>364.0</ele>
      </trkpt>
      <trkpt lat="43.87816747587305" lon="2.8288441300173877">
        <ele>364.0</ele>
      </trkpt>
      <trkpt lat="43.87826221125992" lon="2.8289541004045984">
        <ele>363.0</ele>
      </trkpt>
      <trkpt lat="43.87835694654145" lon="2.8290640711566084">
        <ele>363.0</ele>
      </trkpt>
      <trkpt lat="43.87845748175353" lon="2.829241096951592">
        <ele>363.0</ele>
      </trkpt>
      <trkpt lat="43.87850194919705" lon="2.8294529914637687">
        <ele>362.0</ele>
      </trkpt>
      <trkpt lat="43.878534816535904" lon="2.829620629430732">
        <ele>362.0</ele>
      </trkpt>
      <trkpt lat="43.87856768361799" lon="2.829788267590629">
        <ele>361.0</ele>
      </trkpt>
      <trkpt lat="43.878619884430016" lon="2.8300269841929557">
        <ele>360.0</ele>
      </trkpt>
      <trkpt lat="43.878631484604256" lon="2.830257654168236">
        <ele>360.0</ele>
      </trkpt>
      <trkpt lat="43.878631484604256" lon="2.8305526971598747">
        <ele>359.0</ele>
      </trkpt>
      <trkpt lat="43.87864211825812" lon="2.8307417928602194">
        <ele>358.0</ele>
      </trkpt>
      <trkpt lat="43.87865275158452" lon="2.8309308886309736">
        <ele>358.0</ele>
      </trkpt>
      <trkpt lat="43.87865275158452" lon="2.831118643262017">
        <ele>357.0</ele>
      </trkpt>
      <trkpt lat="43.87866531858389" lon="2.8313010334349">
        <ele>356.0</ele>
      </trkpt>
      <trkpt lat="43.87867788527863" lon="2.831483423688042">
        <ele>356.0</ele>
      </trkpt>
      <trkpt lat="43.87870301912515" lon="2.8316752015482156">
        <ele>355.0</ele>
      </trkpt>
      <trkpt lat="43.878728152635134" lon="2.8318669795771716">
        <ele>355.0</ele>
      </trkpt>
      <trkpt lat="43.87876681980353" lon="2.832148611523735">
        <ele>355.0</ele>
      </trkpt>
      <trkpt lat="43.87881515372877" lon="2.832357823826897">
        <ele>355.0</ele>
      </trkpt>
      <trkpt lat="43.87894082175092" lon="2.8323579858988532">
        <ele>354.0</ele>
      </trkpt>
      <trkpt lat="43.879092589501774" lon="2.8323713969082918">
        <ele>354.0</ele>
      </trkpt>
      <trkpt lat="43.87924435726498" lon="2.8323848079890017">
        <ele>353.0</ele>
      </trkpt>
      <trkpt lat="43.87941545755886" lon="2.83239687789341">
        <ele>353.0</ele>
      </trkpt>
      <trkpt lat="43.8795865578692" lon="2.8324089478701366">
        <ele>353.0</ele>
      </trkpt>
      <trkpt lat="43.87980889054179" lon="2.8323821257799877">
        <ele>352.0</ele>
      </trkpt>
      <trkpt lat="43.879917156586316" lon="2.832374079152942">
        <ele>352.0</ele>
      </trkpt>
      <trkpt lat="43.88004475560056" lon="2.832543058320881">
        <ele>351.0</ele>
      </trkpt>
      <trkpt lat="43.88025935332639" lon="2.832620842382312">
        <ele>351.0</ele>
      </trkpt>
      <trkpt lat="43.880413051035326" lon="2.83268387412454">
        <ele>350.0</ele>
      </trkpt>
      <trkpt lat="43.880566748722224" lon="2.8327469062060118">
        <ele>350.0</ele>
      </trkpt>
      <trkpt lat="43.88070884589179" lon="2.832792503645821">
        <ele>350.0</ele>
      </trkpt>
      <trkpt lat="43.88085094305459" lon="2.8328381013125186">
        <ele>350.0</ele>
      </trkpt>
      <trkpt lat="43.88099013978393" lon="2.832868695259095">
        <ele>351.0</ele>
      </trkpt>
      <trkpt lat="43.88096307377866" lon="2.8331154584884652">
        <ele>351.0</ele>
      </trkpt>
      <trkpt lat="43.88093214148781" lon="2.833375632903819">
        <ele>351.0</ele>
      </trkpt>
      <trkpt lat="43.880901208577484" lon="2.833635807037355">
        <ele>352.0</ele>
      </trkpt>
      <trkpt lat="43.880880587236916" lon="2.8338485957728614">
        <ele>352.0</ele>
      </trkpt>
      <trkpt lat="43.880875590433426" lon="2.83390015642391">
        <ele>352.0</ele>
      </trkpt>
      <trkpt lat="43.880880587236916" lon="2.8338485957728614">
        <ele>352.0</ele>
      </trkpt>
      <trkpt lat="43.880901208577484" lon="2.833635807037355">
        <ele>352.0</ele>
      </trkpt>
      <trkpt lat="43.88093214148781" lon="2.833375632903819">
        <ele>352.0</ele>
      </trkpt>
      <trkpt lat="43.88096307377866" lon="2.8331154584884652">
        <ele>352.0</ele>
      </trkpt>
    </trkseg>
  </trk>
</gpx>