<?xml version="1.0" ?>
<gpx xmlns="http://www.topografix.com/GPX/1/1" xmlns:xsi="http://www.w3.org/2001/XMLSchema-instance" xsi:schemaLocation="http://www.topografix.com/GPX/1/1 http://www.topografix.com/GPX/1/1/gpx.xsd" version="1.1" creator="EditGPX">
  <trk>
    <name>Track from PFMLVTTcircuit1</name>
    <trkseg>
      <trkpt lat="43.959434" lon="5.780562">
        <ele>551.4</ele>
      </trkpt>
      <trkpt lat="43.959543" lon="5.780724">
        <ele>551.7</ele>
      </trkpt>
      <trkpt lat="43.959653" lon="5.780642">
        <ele>551.3</ele>
      </trkpt>
      <trkpt lat="43.959778" lon="5.780508">
        <ele>550.8</ele>
      </trkpt>
      <trkpt lat="43.959976" lon="5.780315">
        <ele>550.4</ele>
      </trkpt>
      <trkpt lat="43.960143" lon="5.780125">
        <ele>550.9</ele>
      </trkpt>
      <trkpt lat="43.960353" lon="5.779928">
        <ele>552.3</ele>
      </trkpt>
      <trkpt lat="43.960538" lon="5.779629">
        <ele>554.6</ele>
      </trkpt>
      <trkpt lat="43.960380" lon="5.779340">
        <ele>554.2</ele>
      </trkpt>
      <trkpt lat="43.960311" lon="5.779308">
        <ele>553.6</ele>
      </trkpt>
      <trkpt lat="43.960191" lon="5.779359">
        <ele>552.5</ele>
      </trkpt>
      <trkpt lat="43.960033" lon="5.779377">
        <ele>551</ele>
      </trkpt>
      <trkpt lat="43.959873" lon="5.779275">
        <ele>550.1</ele>
      </trkpt>
      <trkpt lat="43.959650" lon="5.779069">
        <ele>548.7</ele>
      </trkpt>
      <trkpt lat="43.959463" lon="5.778799">
        <ele>547.6</ele>
      </trkpt>
      <trkpt lat="43.959282" lon="5.778548">
        <ele>546.2</ele>
      </trkpt>
      <trkpt lat="43.959133" lon="5.778282">
        <ele>544.9</ele>
      </trkpt>
      <trkpt lat="43.958925" lon="5.778018">
        <ele>544.2</ele>
      </trkpt>
      <trkpt lat="43.958709" lon="5.777866">
        <ele>543.1</ele>
      </trkpt>
      <trkpt lat="43.958414" lon="5.777712">
        <ele>541.3</ele>
      </trkpt>
      <trkpt lat="43.958271" lon="5.777528">
        <ele>540.5</ele>
      </trkpt>
      <trkpt lat="43.958091" lon="5.777280">
        <ele>540.3</ele>
      </trkpt>
      <trkpt lat="43.957983" lon="5.776989">
        <ele>540.7</ele>
      </trkpt>
      <trkpt lat="43.957845" lon="5.776696">
        <ele>540.8</ele>
      </trkpt>
      <trkpt lat="43.957587" lon="5.776492">
        <ele>539.4</ele>
      </trkpt>
      <trkpt lat="43.957129" lon="5.776260">
        <ele>536.6</ele>
      </trkpt>
      <trkpt lat="43.956816" lon="5.776165">
        <ele>534.6</ele>
      </trkpt>
      <trkpt lat="43.956584" lon="5.776077">
        <ele>533.2</ele>
      </trkpt>
      <trkpt lat="43.956354" lon="5.776006">
        <ele>531.6</ele>
      </trkpt>
      <trkpt lat="43.956159" lon="5.775932">
        <ele>530.4</ele>
      </trkpt>
      <trkpt lat="43.956048" lon="5.775847">
        <ele>529.8</ele>
      </trkpt>
      <trkpt lat="43.955970" lon="5.775542">
        <ele>530.5</ele>
      </trkpt>
      <trkpt lat="43.955963" lon="5.775516">
        <ele>530.5</ele>
      </trkpt>
      <trkpt lat="43.955814" lon="5.775110">
        <ele>531.3</ele>
      </trkpt>
      <trkpt lat="43.955716" lon="5.774751">
        <ele>530.8</ele>
      </trkpt>
      <trkpt lat="43.955695" lon="5.774549">
        <ele>530.6</ele>
      </trkpt>
      <trkpt lat="43.955761" lon="5.774406">
        <ele>531.3</ele>
      </trkpt>
      <trkpt lat="43.955770" lon="5.774401">
        <ele>531.4</ele>
      </trkpt>
      <trkpt lat="43.955920" lon="5.774344">
        <ele>532.9</ele>
      </trkpt>
      <trkpt lat="43.956023" lon="5.774251">
        <ele>534</ele>
      </trkpt>
      <trkpt lat="43.956037" lon="5.774066">
        <ele>533.3</ele>
      </trkpt>
      <trkpt lat="43.956034" lon="5.774047">
        <ele>533.1</ele>
      </trkpt>
      <trkpt lat="43.956056" lon="5.773961">
        <ele>532.7</ele>
      </trkpt>
      <trkpt lat="43.956176" lon="5.773887">
        <ele>533.5</ele>
      </trkpt>
      <trkpt lat="43.956236" lon="5.773779">
        <ele>533.5</ele>
      </trkpt>
      <trkpt lat="43.956243" lon="5.773598">
        <ele>532.3</ele>
      </trkpt>
      <trkpt lat="43.956339" lon="5.773547">
        <ele>533.3</ele>
      </trkpt>
      <trkpt lat="43.956519" lon="5.773502">
        <ele>535.7</ele>
      </trkpt>
      <trkpt lat="43.956683" lon="5.773399">
        <ele>537.5</ele>
      </trkpt>
      <trkpt lat="43.956780" lon="5.773364">
        <ele>538.7</ele>
      </trkpt>
      <trkpt lat="43.956794" lon="5.773353">
        <ele>538.9</ele>
      </trkpt>
      <trkpt lat="43.956909" lon="5.773342">
        <ele>540.5</ele>
      </trkpt>
      <trkpt lat="43.956995" lon="5.773301">
        <ele>540.5</ele>
      </trkpt>
      <trkpt lat="43.957090" lon="5.773267">
        <ele>541</ele>
      </trkpt>
      <trkpt lat="43.957201" lon="5.773235">
        <ele>541.4</ele>
      </trkpt>
      <trkpt lat="43.957301" lon="5.773177">
        <ele>541.2</ele>
      </trkpt>
      <trkpt lat="43.957428" lon="5.773116">
        <ele>541</ele>
      </trkpt>
      <trkpt lat="43.957524" lon="5.773064">
        <ele>540.9</ele>
      </trkpt>
      <trkpt lat="43.957596" lon="5.773003">
        <ele>540.1</ele>
      </trkpt>
      <trkpt lat="43.957597" lon="5.772953">
        <ele>538.5</ele>
      </trkpt>
      <trkpt lat="43.957391" lon="5.773000">
        <ele>536.8</ele>
      </trkpt>
      <trkpt lat="43.957317" lon="5.772998">
        <ele>535.7</ele>
      </trkpt>
      <trkpt lat="43.957409" lon="5.772951">
        <ele>535.4</ele>
      </trkpt>
      <trkpt lat="43.957422" lon="5.772953">
        <ele>535.6</ele>
      </trkpt>
      <trkpt lat="43.957671" lon="5.772828">
        <ele>536.4</ele>
      </trkpt>
      <trkpt lat="43.957927" lon="5.772606">
        <ele>535.5</ele>
      </trkpt>
      <trkpt lat="43.958137" lon="5.772434">
        <ele>535.9</ele>
      </trkpt>
      <trkpt lat="43.958315" lon="5.772272">
        <ele>535.4</ele>
      </trkpt>
      <trkpt lat="43.958491" lon="5.772167">
        <ele>537.6</ele>
      </trkpt>
      <trkpt lat="43.958672" lon="5.771934">
        <ele>536.3</ele>
      </trkpt>
      <trkpt lat="43.958804" lon="5.771663">
        <ele>532.8</ele>
      </trkpt>
      <trkpt lat="43.958989" lon="5.771297">
        <ele>529.5</ele>
      </trkpt>
      <trkpt lat="43.959113" lon="5.771088">
        <ele>527.2</ele>
      </trkpt>
      <trkpt lat="43.959144" lon="5.770945">
        <ele>524.2</ele>
      </trkpt>
      <trkpt lat="43.959139" lon="5.770808">
        <ele>521.3</ele>
      </trkpt>
      <trkpt lat="43.959037" lon="5.770663">
        <ele>518.4</ele>
      </trkpt>
      <trkpt lat="43.959028" lon="5.770649">
        <ele>518.2</ele>
      </trkpt>
      <trkpt lat="43.958854" lon="5.770525">
        <ele>515.2</ele>
      </trkpt>
      <trkpt lat="43.958675" lon="5.770388">
        <ele>513</ele>
      </trkpt>
      <trkpt lat="43.958536" lon="5.770315">
        <ele>511.9</ele>
      </trkpt>
      <trkpt lat="43.958404" lon="5.770309">
        <ele>511</ele>
      </trkpt>
      <trkpt lat="43.958315" lon="5.770251">
        <ele>510.9</ele>
      </trkpt>
      <trkpt lat="43.958323" lon="5.770079">
        <ele>511.7</ele>
      </trkpt>
      <trkpt lat="43.958324" lon="5.770061">
        <ele>511.8</ele>
      </trkpt>
      <trkpt lat="43.958530" lon="5.769615">
        <ele>519.6</ele>
      </trkpt>
      <trkpt lat="43.958677" lon="5.769331">
        <ele>525.1</ele>
      </trkpt>
      <trkpt lat="43.958728" lon="5.769059">
        <ele>529.7</ele>
      </trkpt>
      <trkpt lat="43.958807" lon="5.768669">
        <ele>535.9</ele>
      </trkpt>
      <trkpt lat="43.958836" lon="5.768404">
        <ele>540.2</ele>
      </trkpt>
      <trkpt lat="43.958880" lon="5.768079">
        <ele>544.1</ele>
      </trkpt>
      <trkpt lat="43.958874" lon="5.767928">
        <ele>545.5</ele>
      </trkpt>
      <trkpt lat="43.958825" lon="5.767747">
        <ele>546.8</ele>
      </trkpt>
      <trkpt lat="43.958757" lon="5.767526">
        <ele>548.3</ele>
      </trkpt>
      <trkpt lat="43.958667" lon="5.767384">
        <ele>549</ele>
      </trkpt>
      <trkpt lat="43.958654" lon="5.767124">
        <ele>551.5</ele>
      </trkpt>
      <trkpt lat="43.958682" lon="5.766643">
        <ele>556.5</ele>
      </trkpt>
      <trkpt lat="43.958746" lon="5.766413">
        <ele>559.3</ele>
      </trkpt>
      <trkpt lat="43.958805" lon="5.766172">
        <ele>561.9</ele>
      </trkpt>
      <trkpt lat="43.958880" lon="5.765936">
        <ele>564.3</ele>
      </trkpt>
      <trkpt lat="43.958900" lon="5.765662">
        <ele>566.7</ele>
      </trkpt>
      <trkpt lat="43.958933" lon="5.765353">
        <ele>568.9</ele>
      </trkpt>
      <trkpt lat="43.958912" lon="5.765081">
        <ele>571</ele>
      </trkpt>
      <trkpt lat="43.958893" lon="5.764821">
        <ele>573.6</ele>
      </trkpt>
      <trkpt lat="43.958851" lon="5.764497">
        <ele>577</ele>
      </trkpt>
      <trkpt lat="43.958811" lon="5.764194">
        <ele>580.2</ele>
      </trkpt>
      <trkpt lat="43.958813" lon="5.763985">
        <ele>581.9</ele>
      </trkpt>
      <trkpt lat="43.958816" lon="5.763656">
        <ele>584.7</ele>
      </trkpt>
      <trkpt lat="43.958876" lon="5.763170">
        <ele>588.3</ele>
      </trkpt>
      <trkpt lat="43.959021" lon="5.762658">
        <ele>592.3</ele>
      </trkpt>
      <trkpt lat="43.959143" lon="5.762282">
        <ele>596.3</ele>
      </trkpt>
      <trkpt lat="43.959236" lon="5.761999">
        <ele>599.9</ele>
      </trkpt>
      <trkpt lat="43.959276" lon="5.761751">
        <ele>602.7</ele>
      </trkpt>
      <trkpt lat="43.959302" lon="5.761336">
        <ele>606.8</ele>
      </trkpt>
      <trkpt lat="43.959303" lon="5.761316">
        <ele>606.9</ele>
      </trkpt>
      <trkpt lat="43.959340" lon="5.761050">
        <ele>609.5</ele>
      </trkpt>
      <trkpt lat="43.959358" lon="5.760717">
        <ele>612.5</ele>
      </trkpt>
      <trkpt lat="43.959363" lon="5.760216">
        <ele>616.9</ele>
      </trkpt>
      <trkpt lat="43.959357" lon="5.759990">
        <ele>618.8</ele>
      </trkpt>
      <trkpt lat="43.959347" lon="5.759779">
        <ele>619.8</ele>
      </trkpt>
      <trkpt lat="43.959300" lon="5.759602">
        <ele>620.4</ele>
      </trkpt>
      <trkpt lat="43.959214" lon="5.759397">
        <ele>620.6</ele>
      </trkpt>
      <trkpt lat="43.959100" lon="5.759280">
        <ele>620</ele>
      </trkpt>
      <trkpt lat="43.958932" lon="5.759228">
        <ele>618.8</ele>
      </trkpt>
      <trkpt lat="43.958750" lon="5.759226">
        <ele>617.2</ele>
      </trkpt>
      <trkpt lat="43.958598" lon="5.759221">
        <ele>615.9</ele>
      </trkpt>
      <trkpt lat="43.958415" lon="5.759264">
        <ele>614</ele>
      </trkpt>
      <trkpt lat="43.958283" lon="5.759346">
        <ele>612.8</ele>
      </trkpt>
      <trkpt lat="43.958184" lon="5.759311">
        <ele>613.5</ele>
      </trkpt>
      <trkpt lat="43.958168" lon="5.759110">
        <ele>615.8</ele>
      </trkpt>
      <trkpt lat="43.958054" lon="5.758863">
        <ele>619.2</ele>
      </trkpt>
      <trkpt lat="43.957992" lon="5.758672">
        <ele>621.2</ele>
      </trkpt>
      <trkpt lat="43.957930" lon="5.758570">
        <ele>622.3</ele>
      </trkpt>
      <trkpt lat="43.957895" lon="5.758424">
        <ele>623.6</ele>
      </trkpt>
      <trkpt lat="43.957833" lon="5.758382">
        <ele>623.9</ele>
      </trkpt>
      <trkpt lat="43.957762" lon="5.758364">
        <ele>623.7</ele>
      </trkpt>
      <trkpt lat="43.957719" lon="5.758360">
        <ele>623.6</ele>
      </trkpt>
      <trkpt lat="43.957696" lon="5.758311">
        <ele>623.8</ele>
      </trkpt>
      <trkpt lat="43.957772" lon="5.758240">
        <ele>624.4</ele>
      </trkpt>
      <trkpt lat="43.957840" lon="5.758155">
        <ele>625</ele>
      </trkpt>
      <trkpt lat="43.957837" lon="5.758056">
        <ele>625.4</ele>
      </trkpt>
      <trkpt lat="43.957831" lon="5.758045">
        <ele>625.4</ele>
      </trkpt>
      <trkpt lat="43.957790" lon="5.757920">
        <ele>625.6</ele>
      </trkpt>
      <trkpt lat="43.957724" lon="5.757817">
        <ele>625.4</ele>
      </trkpt>
      <trkpt lat="43.957608" lon="5.757620">
        <ele>624.9</ele>
      </trkpt>
      <trkpt lat="43.957476" lon="5.757511">
        <ele>623.8</ele>
      </trkpt>
      <trkpt lat="43.957369" lon="5.757437">
        <ele>623.8</ele>
      </trkpt>
      <trkpt lat="43.957358" lon="5.757422">
        <ele>623.9</ele>
      </trkpt>
      <trkpt lat="43.957214" lon="5.757301">
        <ele>624.5</ele>
      </trkpt>
      <trkpt lat="43.957214" lon="5.757287">
        <ele>624.7</ele>
      </trkpt>
      <trkpt lat="43.957147" lon="5.757199">
        <ele>625.3</ele>
      </trkpt>
      <trkpt lat="43.956860" lon="5.756585">
        <ele>632</ele>
      </trkpt>
      <trkpt lat="43.956804" lon="5.756361">
        <ele>633.4</ele>
      </trkpt>
      <trkpt lat="43.956769" lon="5.756124">
        <ele>635.1</ele>
      </trkpt>
      <trkpt lat="43.956677" lon="5.755834">
        <ele>636.1</ele>
      </trkpt>
      <trkpt lat="43.956597" lon="5.755589">
        <ele>635.6</ele>
      </trkpt>
      <trkpt lat="43.956510" lon="5.755342">
        <ele>634.9</ele>
      </trkpt>
      <trkpt lat="43.956373" lon="5.755034">
        <ele>633.7</ele>
      </trkpt>
      <trkpt lat="43.956206" lon="5.754722">
        <ele>630.9</ele>
      </trkpt>
      <trkpt lat="43.956075" lon="5.754476">
        <ele>629</ele>
      </trkpt>
      <trkpt lat="43.955954" lon="5.754191">
        <ele>627.3</ele>
      </trkpt>
      <trkpt lat="43.955813" lon="5.754067">
        <ele>626.1</ele>
      </trkpt>
      <trkpt lat="43.955681" lon="5.754046">
        <ele>625</ele>
      </trkpt>
      <trkpt lat="43.955667" lon="5.754034">
        <ele>625</ele>
      </trkpt>
      <trkpt lat="43.955564" lon="5.753956">
        <ele>624.5</ele>
      </trkpt>
      <trkpt lat="43.955522" lon="5.753799">
        <ele>625.1</ele>
      </trkpt>
      <trkpt lat="43.955518" lon="5.753699">
        <ele>625.6</ele>
      </trkpt>
      <trkpt lat="43.955501" lon="5.753514">
        <ele>626.6</ele>
      </trkpt>
      <trkpt lat="43.955508" lon="5.753391">
        <ele>627.3</ele>
      </trkpt>
      <trkpt lat="43.955503" lon="5.753081">
        <ele>631.1</ele>
      </trkpt>
      <trkpt lat="43.955570" lon="5.752880">
        <ele>633.9</ele>
      </trkpt>
      <trkpt lat="43.955554" lon="5.752517">
        <ele>638.8</ele>
      </trkpt>
      <trkpt lat="43.955552" lon="5.752498">
        <ele>639</ele>
      </trkpt>
      <trkpt lat="43.955478" lon="5.752172">
        <ele>639.9</ele>
      </trkpt>
      <trkpt lat="43.955517" lon="5.751962">
        <ele>641.1</ele>
      </trkpt>
      <trkpt lat="43.955539" lon="5.751663">
        <ele>642.5</ele>
      </trkpt>
      <trkpt lat="43.955570" lon="5.751331">
        <ele>643.2</ele>
      </trkpt>
      <trkpt lat="43.955595" lon="5.751066">
        <ele>643.9</ele>
      </trkpt>
      <trkpt lat="43.955623" lon="5.750722">
        <ele>643.7</ele>
      </trkpt>
      <trkpt lat="43.955628" lon="5.750466">
        <ele>641.8</ele>
      </trkpt>
      <trkpt lat="43.955593" lon="5.750220">
        <ele>640</ele>
      </trkpt>
      <trkpt lat="43.955611" lon="5.750057">
        <ele>638.9</ele>
      </trkpt>
      <trkpt lat="43.955615" lon="5.749909">
        <ele>636.5</ele>
      </trkpt>
      <trkpt lat="43.955593" lon="5.749754">
        <ele>633.2</ele>
      </trkpt>
      <trkpt lat="43.955649" lon="5.749660">
        <ele>630.9</ele>
      </trkpt>
      <trkpt lat="43.955660" lon="5.749651">
        <ele>630.6</ele>
      </trkpt>
      <trkpt lat="43.955746" lon="5.749600">
        <ele>628.9</ele>
      </trkpt>
      <trkpt lat="43.955763" lon="5.749602">
        <ele>628.8</ele>
      </trkpt>
      <trkpt lat="43.956041" lon="5.749602">
        <ele>630.1</ele>
      </trkpt>
      <trkpt lat="43.956248" lon="5.749570">
        <ele>631.2</ele>
      </trkpt>
      <trkpt lat="43.956484" lon="5.749511">
        <ele>631.7</ele>
      </trkpt>
      <trkpt lat="43.956693" lon="5.749460">
        <ele>632.9</ele>
      </trkpt>
      <trkpt lat="43.956862" lon="5.749402">
        <ele>636.5</ele>
      </trkpt>
      <trkpt lat="43.957024" lon="5.749288">
        <ele>638.9</ele>
      </trkpt>
      <trkpt lat="43.957110" lon="5.749103">
        <ele>637.9</ele>
      </trkpt>
      <trkpt lat="43.957214" lon="5.748856">
        <ele>635.7</ele>
      </trkpt>
      <trkpt lat="43.957280" lon="5.748549">
        <ele>630.8</ele>
      </trkpt>
      <trkpt lat="43.957370" lon="5.748231">
        <ele>625.8</ele>
      </trkpt>
      <trkpt lat="43.957410" lon="5.747964">
        <ele>619.4</ele>
      </trkpt>
      <trkpt lat="43.957409" lon="5.747691">
        <ele>611.9</ele>
      </trkpt>
      <trkpt lat="43.957382" lon="5.747485">
        <ele>606.2</ele>
      </trkpt>
      <trkpt lat="43.957447" lon="5.747278">
        <ele>600.4</ele>
      </trkpt>
      <trkpt lat="43.957604" lon="5.747081">
        <ele>594</ele>
      </trkpt>
      <trkpt lat="43.957797" lon="5.746918">
        <ele>588.5</ele>
      </trkpt>
      <trkpt lat="43.958040" lon="5.746863">
        <ele>586.1</ele>
      </trkpt>
      <trkpt lat="43.958387" lon="5.746785">
        <ele>583</ele>
      </trkpt>
      <trkpt lat="43.958723" lon="5.746670">
        <ele>581.3</ele>
      </trkpt>
      <trkpt lat="43.959043" lon="5.746527">
        <ele>580.4</ele>
      </trkpt>
      <trkpt lat="43.959048" lon="5.746516">
        <ele>580.1</ele>
      </trkpt>
      <trkpt lat="43.959238" lon="5.746336">
        <ele>577.4</ele>
      </trkpt>
      <trkpt lat="43.959462" lon="5.746120">
        <ele>574.4</ele>
      </trkpt>
      <trkpt lat="43.959488" lon="5.746099">
        <ele>574</ele>
      </trkpt>
      <trkpt lat="43.959630" lon="5.745898">
        <ele>569.8</ele>
      </trkpt>
      <trkpt lat="43.959760" lon="5.745692">
        <ele>566.8</ele>
      </trkpt>
      <trkpt lat="43.959778" lon="5.745307">
        <ele>561</ele>
      </trkpt>
      <trkpt lat="43.959783" lon="5.745295">
        <ele>560.8</ele>
      </trkpt>
      <trkpt lat="43.959849" lon="5.745120">
        <ele>558.7</ele>
      </trkpt>
      <trkpt lat="43.960026" lon="5.744541">
        <ele>557</ele>
      </trkpt>
      <trkpt lat="43.960129" lon="5.744136">
        <ele>556.5</ele>
      </trkpt>
      <trkpt lat="43.960196" lon="5.743832">
        <ele>555.5</ele>
      </trkpt>
      <trkpt lat="43.960237" lon="5.743706">
        <ele>555.2</ele>
      </trkpt>
      <trkpt lat="43.960308" lon="5.743642">
        <ele>555.4</ele>
      </trkpt>
      <trkpt lat="43.960389" lon="5.743567">
        <ele>555.7</ele>
      </trkpt>
      <trkpt lat="43.960436" lon="5.743489">
        <ele>555.7</ele>
      </trkpt>
      <trkpt lat="43.960530" lon="5.743386">
        <ele>556</ele>
      </trkpt>
      <trkpt lat="43.960617" lon="5.743288">
        <ele>554.8</ele>
      </trkpt>
      <trkpt lat="43.960688" lon="5.743235">
        <ele>553.5</ele>
      </trkpt>
      <trkpt lat="43.960758" lon="5.743102">
        <ele>549.5</ele>
      </trkpt>
      <trkpt lat="43.960834" lon="5.743011">
        <ele>546.7</ele>
      </trkpt>
      <trkpt lat="43.960843" lon="5.743000">
        <ele>546.2</ele>
      </trkpt>
      <trkpt lat="43.960881" lon="5.742960">
        <ele>544.8</ele>
      </trkpt>
      <trkpt lat="43.961007" lon="5.742849">
        <ele>540.7</ele>
      </trkpt>
      <trkpt lat="43.961018" lon="5.742837">
        <ele>540.7</ele>
      </trkpt>
      <trkpt lat="43.961135" lon="5.742721">
        <ele>536.9</ele>
      </trkpt>
      <trkpt lat="43.961280" lon="5.742672">
        <ele>535.3</ele>
      </trkpt>
      <trkpt lat="43.961450" lon="5.742616">
        <ele>533.9</ele>
      </trkpt>
      <trkpt lat="43.961557" lon="5.742548">
        <ele>531.9</ele>
      </trkpt>
      <trkpt lat="43.961669" lon="5.742551">
        <ele>532.4</ele>
      </trkpt>
      <trkpt lat="43.961753" lon="5.742510">
        <ele>529.6</ele>
      </trkpt>
      <trkpt lat="43.961840" lon="5.742520">
        <ele>528.7</ele>
      </trkpt>
      <trkpt lat="43.961988" lon="5.742528">
        <ele>526.6</ele>
      </trkpt>
      <trkpt lat="43.961997" lon="5.742529">
        <ele>526.5</ele>
      </trkpt>
      <trkpt lat="43.962006" lon="5.742526">
        <ele>526.3</ele>
      </trkpt>
      <trkpt lat="43.962108" lon="5.742487">
        <ele>523.6</ele>
      </trkpt>
      <trkpt lat="43.962164" lon="5.742418">
        <ele>520.1</ele>
      </trkpt>
      <trkpt lat="43.962172" lon="5.742410">
        <ele>520</ele>
      </trkpt>
      <trkpt lat="43.962287" lon="5.742373">
        <ele>517.1</ele>
      </trkpt>
      <trkpt lat="43.962411" lon="5.742336">
        <ele>514.4</ele>
      </trkpt>
      <trkpt lat="43.962576" lon="5.742322">
        <ele>513.2</ele>
      </trkpt>
      <trkpt lat="43.962712" lon="5.742314">
        <ele>513.2</ele>
      </trkpt>
      <trkpt lat="43.962843" lon="5.742317">
        <ele>513.9</ele>
      </trkpt>
      <trkpt lat="43.962933" lon="5.742325">
        <ele>514.1</ele>
      </trkpt>
      <trkpt lat="43.962999" lon="5.742376">
        <ele>515.7</ele>
      </trkpt>
      <trkpt lat="43.963100" lon="5.742472">
        <ele>518.4</ele>
      </trkpt>
      <trkpt lat="43.963205" lon="5.742580">
        <ele>521.8</ele>
      </trkpt>
      <trkpt lat="43.963263" lon="5.742632">
        <ele>523.4</ele>
      </trkpt>
      <trkpt lat="43.963301" lon="5.742629">
        <ele>523.5</ele>
      </trkpt>
      <trkpt lat="43.963302" lon="5.742573">
        <ele>521.7</ele>
      </trkpt>
      <trkpt lat="43.963254" lon="5.742395">
        <ele>517.1</ele>
      </trkpt>
      <trkpt lat="43.963228" lon="5.742287">
        <ele>513.9</ele>
      </trkpt>
      <trkpt lat="43.963180" lon="5.742172">
        <ele>510.6</ele>
      </trkpt>
      <trkpt lat="43.963099" lon="5.742053">
        <ele>507.3</ele>
      </trkpt>
      <trkpt lat="43.963047" lon="5.742019">
        <ele>506.4</ele>
      </trkpt>
      <trkpt lat="43.963078" lon="5.741982">
        <ele>505.5</ele>
      </trkpt>
      <trkpt lat="43.963090" lon="5.741978">
        <ele>505.5</ele>
      </trkpt>
      <trkpt lat="43.963201" lon="5.742001">
        <ele>506.2</ele>
      </trkpt>
      <trkpt lat="43.963307" lon="5.742031">
        <ele>507.5</ele>
      </trkpt>
      <trkpt lat="43.963409" lon="5.742035">
        <ele>508.1</ele>
      </trkpt>
      <trkpt lat="43.963509" lon="5.742007">
        <ele>507.9</ele>
      </trkpt>
      <trkpt lat="43.963557" lon="5.741953">
        <ele>506.7</ele>
      </trkpt>
      <trkpt lat="43.963613" lon="5.741853">
        <ele>503.9</ele>
      </trkpt>
      <trkpt lat="43.963665" lon="5.741747">
        <ele>501.1</ele>
      </trkpt>
      <trkpt lat="43.963719" lon="5.741657">
        <ele>498.7</ele>
      </trkpt>
      <trkpt lat="43.963746" lon="5.741591">
        <ele>497.5</ele>
      </trkpt>
      <trkpt lat="43.963768" lon="5.741483">
        <ele>495.7</ele>
      </trkpt>
      <trkpt lat="43.963837" lon="5.741419">
        <ele>494.7</ele>
      </trkpt>
      <trkpt lat="43.963867" lon="5.741196">
        <ele>490.8</ele>
      </trkpt>
      <trkpt lat="43.963856" lon="5.740966">
        <ele>486.5</ele>
      </trkpt>
      <trkpt lat="43.963840" lon="5.740748">
        <ele>482.6</ele>
      </trkpt>
      <trkpt lat="43.963834" lon="5.740631">
        <ele>480.8</ele>
      </trkpt>
      <trkpt lat="43.963889" lon="5.740492">
        <ele>478.9</ele>
      </trkpt>
      <trkpt lat="43.963997" lon="5.740410">
        <ele>478.1</ele>
      </trkpt>
      <trkpt lat="43.964084" lon="5.740259">
        <ele>476.1</ele>
      </trkpt>
      <trkpt lat="43.964089" lon="5.740176">
        <ele>474.6</ele>
      </trkpt>
      <trkpt lat="43.964080" lon="5.740171">
        <ele>474.6</ele>
      </trkpt>
      <trkpt lat="43.963976" lon="5.740079">
        <ele>472.8</ele>
      </trkpt>
      <trkpt lat="43.963899" lon="5.740006">
        <ele>471.4</ele>
      </trkpt>
      <trkpt lat="43.963915" lon="5.739875">
        <ele>471.4</ele>
      </trkpt>
      <trkpt lat="43.963972" lon="5.739769">
        <ele>471.6</ele>
      </trkpt>
      <trkpt lat="43.963982" lon="5.739650">
        <ele>471.6</ele>
      </trkpt>
      <trkpt lat="43.964059" lon="5.739603">
        <ele>471.8</ele>
      </trkpt>
      <trkpt lat="43.964129" lon="5.739599">
        <ele>471.9</ele>
      </trkpt>
      <trkpt lat="43.964229" lon="5.739640">
        <ele>472.2</ele>
      </trkpt>
      <trkpt lat="43.964276" lon="5.739587">
        <ele>472.4</ele>
      </trkpt>
      <trkpt lat="43.964308" lon="5.739442">
        <ele>472.6</ele>
      </trkpt>
      <trkpt lat="43.964315" lon="5.739287">
        <ele>472.7</ele>
      </trkpt>
      <trkpt lat="43.964278" lon="5.739199">
        <ele>472.5</ele>
      </trkpt>
      <trkpt lat="43.964291" lon="5.739122">
        <ele>473.2</ele>
      </trkpt>
      <trkpt lat="43.964258" lon="5.738962">
        <ele>474.8</ele>
      </trkpt>
      <trkpt lat="43.964114" lon="5.738871">
        <ele>475.5</ele>
      </trkpt>
      <trkpt lat="43.964053" lon="5.738792">
        <ele>476.2</ele>
      </trkpt>
      <trkpt lat="43.964047" lon="5.738779">
        <ele>476.3</ele>
      </trkpt>
      <trkpt lat="43.964016" lon="5.738645">
        <ele>477.7</ele>
      </trkpt>
      <trkpt lat="43.964011" lon="5.738623">
        <ele>478</ele>
      </trkpt>
      <trkpt lat="43.963991" lon="5.738445">
        <ele>480</ele>
      </trkpt>
      <trkpt lat="43.963940" lon="5.738304">
        <ele>481.4</ele>
      </trkpt>
      <trkpt lat="43.963847" lon="5.738226">
        <ele>481.9</ele>
      </trkpt>
      <trkpt lat="43.963741" lon="5.738173">
        <ele>482</ele>
      </trkpt>
      <trkpt lat="43.963649" lon="5.738114">
        <ele>482.2</ele>
      </trkpt>
      <trkpt lat="43.963641" lon="5.738101">
        <ele>482.3</ele>
      </trkpt>
      <trkpt lat="43.963635" lon="5.738092">
        <ele>482.4</ele>
      </trkpt>
      <trkpt lat="43.963599" lon="5.738050">
        <ele>482.7</ele>
      </trkpt>
      <trkpt lat="43.963599" lon="5.737910">
        <ele>484.4</ele>
      </trkpt>
      <trkpt lat="43.963560" lon="5.737689">
        <ele>486.9</ele>
      </trkpt>
      <trkpt lat="43.963521" lon="5.737345">
        <ele>490.2</ele>
      </trkpt>
      <trkpt lat="43.963487" lon="5.737127">
        <ele>491.9</ele>
      </trkpt>
      <trkpt lat="43.963448" lon="5.736943">
        <ele>493.2</ele>
      </trkpt>
      <trkpt lat="43.963612" lon="5.736747">
        <ele>495.7</ele>
      </trkpt>
      <trkpt lat="43.963834" lon="5.736580">
        <ele>498</ele>
      </trkpt>
      <trkpt lat="43.963949" lon="5.736471">
        <ele>499.1</ele>
      </trkpt>
      <trkpt lat="43.964088" lon="5.736336">
        <ele>500.4</ele>
      </trkpt>
      <trkpt lat="43.964266" lon="5.736173">
        <ele>501.2</ele>
      </trkpt>
      <trkpt lat="43.964471" lon="5.736009">
        <ele>501.7</ele>
      </trkpt>
      <trkpt lat="43.964629" lon="5.735916">
        <ele>502</ele>
      </trkpt>
      <trkpt lat="43.964868" lon="5.735809">
        <ele>502.4</ele>
      </trkpt>
      <trkpt lat="43.965275" lon="5.735661">
        <ele>501.8</ele>
      </trkpt>
      <trkpt lat="43.965551" lon="5.735554">
        <ele>501</ele>
      </trkpt>
      <trkpt lat="43.965611" lon="5.735504">
        <ele>501.1</ele>
      </trkpt>
      <trkpt lat="43.965593" lon="5.735384">
        <ele>502.5</ele>
      </trkpt>
      <trkpt lat="43.965481" lon="5.735229">
        <ele>504.8</ele>
      </trkpt>
      <trkpt lat="43.965256" lon="5.735000">
        <ele>508.5</ele>
      </trkpt>
      <trkpt lat="43.965039" lon="5.734720">
        <ele>513.5</ele>
      </trkpt>
      <trkpt lat="43.964838" lon="5.734525">
        <ele>516.6</ele>
      </trkpt>
      <trkpt lat="43.964676" lon="5.734348">
        <ele>519.1</ele>
      </trkpt>
      <trkpt lat="43.964564" lon="5.734329">
        <ele>519.6</ele>
      </trkpt>
      <trkpt lat="43.964420" lon="5.734355">
        <ele>519.4</ele>
      </trkpt>
      <trkpt lat="43.964218" lon="5.734484">
        <ele>518.2</ele>
      </trkpt>
      <trkpt lat="43.964050" lon="5.734573">
        <ele>517.8</ele>
      </trkpt>
      <trkpt lat="43.963869" lon="5.734546">
        <ele>519.1</ele>
      </trkpt>
      <trkpt lat="43.963787" lon="5.734460">
        <ele>520.8</ele>
      </trkpt>
      <trkpt lat="43.963733" lon="5.734345">
        <ele>522.8</ele>
      </trkpt>
      <trkpt lat="43.963723" lon="5.734322">
        <ele>523</ele>
      </trkpt>
      <trkpt lat="43.963694" lon="5.734143">
        <ele>525.7</ele>
      </trkpt>
      <trkpt lat="43.963721" lon="5.733887">
        <ele>529</ele>
      </trkpt>
      <trkpt lat="43.963819" lon="5.733521">
        <ele>533.1</ele>
      </trkpt>
      <trkpt lat="43.963910" lon="5.733039">
        <ele>538</ele>
      </trkpt>
      <trkpt lat="43.963975" lon="5.732755">
        <ele>541</ele>
      </trkpt>
      <trkpt lat="43.964054" lon="5.732486">
        <ele>543.9</ele>
      </trkpt>
      <trkpt lat="43.964160" lon="5.732332">
        <ele>544.8</ele>
      </trkpt>
      <trkpt lat="43.964271" lon="5.732194">
        <ele>544.3</ele>
      </trkpt>
      <trkpt lat="43.964360" lon="5.731990">
        <ele>544.4</ele>
      </trkpt>
      <trkpt lat="43.964467" lon="5.731627">
        <ele>545.3</ele>
      </trkpt>
      <trkpt lat="43.964514" lon="5.731346">
        <ele>546.2</ele>
      </trkpt>
      <trkpt lat="43.964521" lon="5.731139">
        <ele>547.2</ele>
      </trkpt>
      <trkpt lat="43.964460" lon="5.730802">
        <ele>549.4</ele>
      </trkpt>
      <trkpt lat="43.964425" lon="5.730445">
        <ele>551.2</ele>
      </trkpt>
      <trkpt lat="43.964462" lon="5.730215">
        <ele>551.9</ele>
      </trkpt>
      <trkpt lat="43.964522" lon="5.729995">
        <ele>552.3</ele>
      </trkpt>
      <trkpt lat="43.964577" lon="5.729606">
        <ele>555.9</ele>
      </trkpt>
      <trkpt lat="43.964655" lon="5.729275">
        <ele>558.5</ele>
      </trkpt>
      <trkpt lat="43.964723" lon="5.728983">
        <ele>560</ele>
      </trkpt>
      <trkpt lat="43.964757" lon="5.728814">
        <ele>560.8</ele>
      </trkpt>
      <trkpt lat="43.964764" lon="5.728485">
        <ele>563.1</ele>
      </trkpt>
      <trkpt lat="43.964800" lon="5.727676">
        <ele>570</ele>
      </trkpt>
      <trkpt lat="43.964823" lon="5.727511">
        <ele>571.3</ele>
      </trkpt>
      <trkpt lat="43.964911" lon="5.727394">
        <ele>571.9</ele>
      </trkpt>
      <trkpt lat="43.965030" lon="5.727221">
        <ele>573.2</ele>
      </trkpt>
      <trkpt lat="43.965135" lon="5.727111">
        <ele>574.5</ele>
      </trkpt>
      <trkpt lat="43.965266" lon="5.727098">
        <ele>574.8</ele>
      </trkpt>
      <trkpt lat="43.965441" lon="5.727070">
        <ele>575.4</ele>
      </trkpt>
      <trkpt lat="43.965664" lon="5.726900">
        <ele>577.5</ele>
      </trkpt>
      <trkpt lat="43.965935" lon="5.726845">
        <ele>578.3</ele>
      </trkpt>
      <trkpt lat="43.966159" lon="5.726876">
        <ele>577.8</ele>
      </trkpt>
      <trkpt lat="43.966414" lon="5.726886">
        <ele>577.5</ele>
      </trkpt>
      <trkpt lat="43.966861" lon="5.726959">
        <ele>575.5</ele>
      </trkpt>
      <trkpt lat="43.967300" lon="5.727060">
        <ele>571.3</ele>
      </trkpt>
      <trkpt lat="43.967606" lon="5.727084">
        <ele>568.6</ele>
      </trkpt>
      <trkpt lat="43.967767" lon="5.727076">
        <ele>567.4</ele>
      </trkpt>
      <trkpt lat="43.967927" lon="5.726980">
        <ele>567.2</ele>
      </trkpt>
      <trkpt lat="43.967937" lon="5.726981">
        <ele>567.1</ele>
      </trkpt>
      <trkpt lat="43.968022" lon="5.726858">
        <ele>568</ele>
      </trkpt>
      <trkpt lat="43.968033" lon="5.726831">
        <ele>568.2</ele>
      </trkpt>
      <trkpt lat="43.968041" lon="5.726813">
        <ele>568.3</ele>
      </trkpt>
      <trkpt lat="43.968053" lon="5.726786">
        <ele>568.6</ele>
      </trkpt>
      <trkpt lat="43.968129" lon="5.726681">
        <ele>569.3</ele>
      </trkpt>
      <trkpt lat="43.968237" lon="5.726659">
        <ele>568.9</ele>
      </trkpt>
      <trkpt lat="43.968489" lon="5.726688">
        <ele>566</ele>
      </trkpt>
      <trkpt lat="43.968752" lon="5.726709">
        <ele>562.5</ele>
      </trkpt>
      <trkpt lat="43.968928" lon="5.726750">
        <ele>560</ele>
      </trkpt>
      <trkpt lat="43.969105" lon="5.726834">
        <ele>556.9</ele>
      </trkpt>
      <trkpt lat="43.969116" lon="5.726831">
        <ele>556.9</ele>
      </trkpt>
      <trkpt lat="43.969228" lon="5.726712">
        <ele>557.3</ele>
      </trkpt>
      <trkpt lat="43.969346" lon="5.726680">
        <ele>557</ele>
      </trkpt>
      <trkpt lat="43.969353" lon="5.726671">
        <ele>557.1</ele>
      </trkpt>
      <trkpt lat="43.969557" lon="5.726694">
        <ele>555.8</ele>
      </trkpt>
      <trkpt lat="43.969679" lon="5.726727">
        <ele>554.9</ele>
      </trkpt>
      <trkpt lat="43.969854" lon="5.726748">
        <ele>553.7</ele>
      </trkpt>
      <trkpt lat="43.969972" lon="5.726750">
        <ele>553.1</ele>
      </trkpt>
      <trkpt lat="43.970137" lon="5.726751">
        <ele>553.6</ele>
      </trkpt>
      <trkpt lat="43.970151" lon="5.726743">
        <ele>553.9</ele>
      </trkpt>
      <trkpt lat="43.970166" lon="5.726739">
        <ele>553.9</ele>
      </trkpt>
      <trkpt lat="43.970322" lon="5.726685">
        <ele>555.4</ele>
      </trkpt>
      <trkpt lat="43.970340" lon="5.726682">
        <ele>555.5</ele>
      </trkpt>
      <trkpt lat="43.970358" lon="5.726674">
        <ele>555.7</ele>
      </trkpt>
      <trkpt lat="43.970503" lon="5.726683">
        <ele>556.2</ele>
      </trkpt>
      <trkpt lat="43.970697" lon="5.726781">
        <ele>556</ele>
      </trkpt>
      <trkpt lat="43.970843" lon="5.726941">
        <ele>554.6</ele>
      </trkpt>
      <trkpt lat="43.970914" lon="5.727115">
        <ele>553.6</ele>
      </trkpt>
      <trkpt lat="43.971022" lon="5.727305">
        <ele>553.2</ele>
      </trkpt>
      <trkpt lat="43.971156" lon="5.727385">
        <ele>554.8</ele>
      </trkpt>
      <trkpt lat="43.971275" lon="5.727429">
        <ele>556.8</ele>
      </trkpt>
      <trkpt lat="43.971463" lon="5.727447">
        <ele>560.3</ele>
      </trkpt>
      <trkpt lat="43.971595" lon="5.727459">
        <ele>562.8</ele>
      </trkpt>
      <trkpt lat="43.971719" lon="5.727465">
        <ele>565.2</ele>
      </trkpt>
      <trkpt lat="43.971816" lon="5.727383">
        <ele>567.5</ele>
      </trkpt>
      <trkpt lat="43.971872" lon="5.727238">
        <ele>569.6</ele>
      </trkpt>
      <trkpt lat="43.971965" lon="5.727252">
        <ele>571.2</ele>
      </trkpt>
      <trkpt lat="43.972112" lon="5.727515">
        <ele>571.3</ele>
      </trkpt>
      <trkpt lat="43.972217" lon="5.727776">
        <ele>569.6</ele>
      </trkpt>
      <trkpt lat="43.972372" lon="5.727919">
        <ele>570.4</ele>
      </trkpt>
      <trkpt lat="43.972582" lon="5.728142">
        <ele>570.5</ele>
      </trkpt>
      <trkpt lat="43.972811" lon="5.728377">
        <ele>569.7</ele>
      </trkpt>
      <trkpt lat="43.973066" lon="5.728584">
        <ele>569.1</ele>
      </trkpt>
      <trkpt lat="43.973295" lon="5.728687">
        <ele>570.1</ele>
      </trkpt>
      <trkpt lat="43.973510" lon="5.728800">
        <ele>570.1</ele>
      </trkpt>
      <trkpt lat="43.973688" lon="5.728998">
        <ele>568.5</ele>
      </trkpt>
      <trkpt lat="43.973799" lon="5.729129">
        <ele>567.5</ele>
      </trkpt>
      <trkpt lat="43.973974" lon="5.729284">
        <ele>566.6</ele>
      </trkpt>
      <trkpt lat="43.974139" lon="5.729247">
        <ele>568.6</ele>
      </trkpt>
      <trkpt lat="43.974256" lon="5.729167">
        <ele>569</ele>
      </trkpt>
      <trkpt lat="43.974361" lon="5.729116">
        <ele>568.8</ele>
      </trkpt>
      <trkpt lat="43.974467" lon="5.729156">
        <ele>567</ele>
      </trkpt>
      <trkpt lat="43.974609" lon="5.729314">
        <ele>562.3</ele>
      </trkpt>
      <trkpt lat="43.974805" lon="5.729346">
        <ele>559.2</ele>
      </trkpt>
      <trkpt lat="43.974986" lon="5.729288">
        <ele>558.2</ele>
      </trkpt>
      <trkpt lat="43.975108" lon="5.729137">
        <ele>561.1</ele>
      </trkpt>
      <trkpt lat="43.975288" lon="5.729071">
        <ele>561.1</ele>
      </trkpt>
      <trkpt lat="43.975433" lon="5.728968">
        <ele>562.3</ele>
      </trkpt>
      <trkpt lat="43.975557" lon="5.728869">
        <ele>563.3</ele>
      </trkpt>
      <trkpt lat="43.975710" lon="5.728877">
        <ele>561.7</ele>
      </trkpt>
      <trkpt lat="43.975882" lon="5.728822">
        <ele>561</ele>
      </trkpt>
      <trkpt lat="43.976139" lon="5.728807">
        <ele>558.2</ele>
      </trkpt>
      <trkpt lat="43.976353" lon="5.728771">
        <ele>556.5</ele>
      </trkpt>
      <trkpt lat="43.976594" lon="5.728792">
        <ele>553.1</ele>
      </trkpt>
      <trkpt lat="43.976697" lon="5.728740">
        <ele>553.4</ele>
      </trkpt>
      <trkpt lat="43.976711" lon="5.728727">
        <ele>553.7</ele>
      </trkpt>
      <trkpt lat="43.976891" lon="5.728693">
        <ele>555</ele>
      </trkpt>
      <trkpt lat="43.976905" lon="5.728685">
        <ele>555.1</ele>
      </trkpt>
      <trkpt lat="43.977149" lon="5.728564">
        <ele>558.2</ele>
      </trkpt>
      <trkpt lat="43.977354" lon="5.728458">
        <ele>560.6</ele>
      </trkpt>
      <trkpt lat="43.977372" lon="5.728445">
        <ele>560.9</ele>
      </trkpt>
      <trkpt lat="43.977542" lon="5.728399">
        <ele>562.1</ele>
      </trkpt>
      <trkpt lat="43.977734" lon="5.728374">
        <ele>563.2</ele>
      </trkpt>
      <trkpt lat="43.977895" lon="5.728474">
        <ele>562.2</ele>
      </trkpt>
      <trkpt lat="43.978051" lon="5.728514">
        <ele>561.9</ele>
      </trkpt>
      <trkpt lat="43.978097" lon="5.728513">
        <ele>562.3</ele>
      </trkpt>
      <trkpt lat="43.978184" lon="5.728580">
        <ele>561.3</ele>
      </trkpt>
      <trkpt lat="43.978344" lon="5.728552">
        <ele>562.4</ele>
      </trkpt>
      <trkpt lat="43.978362" lon="5.728544">
        <ele>562.2</ele>
      </trkpt>
      <trkpt lat="43.978394" lon="5.728532">
        <ele>562</ele>
      </trkpt>
      <trkpt lat="43.978505" lon="5.728398">
        <ele>562.7</ele>
      </trkpt>
      <trkpt lat="43.978604" lon="5.728278">
        <ele>563.6</ele>
      </trkpt>
      <trkpt lat="43.978649" lon="5.728388">
        <ele>561.1</ele>
      </trkpt>
      <trkpt lat="43.978771" lon="5.728584">
        <ele>556.8</ele>
      </trkpt>
      <trkpt lat="43.978862" lon="5.728716">
        <ele>554.1</ele>
      </trkpt>
      <trkpt lat="43.978977" lon="5.728942">
        <ele>550.2</ele>
      </trkpt>
      <trkpt lat="43.979106" lon="5.729164">
        <ele>546.6</ele>
      </trkpt>
      <trkpt lat="43.979211" lon="5.729222">
        <ele>545.3</ele>
      </trkpt>
      <trkpt lat="43.979345" lon="5.729134">
        <ele>545.6</ele>
      </trkpt>
      <trkpt lat="43.979363" lon="5.729125">
        <ele>545.6</ele>
      </trkpt>
      <trkpt lat="43.979374" lon="5.729121">
        <ele>545.5</ele>
      </trkpt>
      <trkpt lat="43.979583" lon="5.728991">
        <ele>545.9</ele>
      </trkpt>
      <trkpt lat="43.979869" lon="5.728874">
        <ele>545.6</ele>
      </trkpt>
      <trkpt lat="43.980168" lon="5.728882">
        <ele>545</ele>
      </trkpt>
      <trkpt lat="43.980401" lon="5.728806">
        <ele>546</ele>
      </trkpt>
      <trkpt lat="43.980582" lon="5.728692">
        <ele>547.2</ele>
      </trkpt>
      <trkpt lat="43.980797" lon="5.728492">
        <ele>548.9</ele>
      </trkpt>
      <trkpt lat="43.981070" lon="5.728333">
        <ele>552.3</ele>
      </trkpt>
      <trkpt lat="43.981230" lon="5.728122">
        <ele>556.8</ele>
      </trkpt>
      <trkpt lat="43.981357" lon="5.727949">
        <ele>559.8</ele>
      </trkpt>
      <trkpt lat="43.981472" lon="5.727921">
        <ele>560.8</ele>
      </trkpt>
      <trkpt lat="43.981639" lon="5.728057">
        <ele>560.6</ele>
      </trkpt>
      <trkpt lat="43.981849" lon="5.728263">
        <ele>561.3</ele>
      </trkpt>
      <trkpt lat="43.982016" lon="5.728325">
        <ele>563.2</ele>
      </trkpt>
      <trkpt lat="43.982152" lon="5.728294">
        <ele>565.3</ele>
      </trkpt>
      <trkpt lat="43.982256" lon="5.728432">
        <ele>566</ele>
      </trkpt>
      <trkpt lat="43.982449" lon="5.728709">
        <ele>567.5</ele>
      </trkpt>
      <trkpt lat="43.982617" lon="5.729016">
        <ele>567.9</ele>
      </trkpt>
      <trkpt lat="43.982781" lon="5.729134">
        <ele>568.9</ele>
      </trkpt>
      <trkpt lat="43.982891" lon="5.729148">
        <ele>569.9</ele>
      </trkpt>
      <trkpt lat="43.983034" lon="5.729313">
        <ele>570.9</ele>
      </trkpt>
      <trkpt lat="43.983204" lon="5.729581">
        <ele>571.9</ele>
      </trkpt>
      <trkpt lat="43.983440" lon="5.729833">
        <ele>572.7</ele>
      </trkpt>
      <trkpt lat="43.983634" lon="5.730045">
        <ele>572.7</ele>
      </trkpt>
      <trkpt lat="43.983853" lon="5.730241">
        <ele>573.5</ele>
      </trkpt>
      <trkpt lat="43.984047" lon="5.730449">
        <ele>574.5</ele>
      </trkpt>
      <trkpt lat="43.984164" lon="5.730585">
        <ele>575.4</ele>
      </trkpt>
      <trkpt lat="43.984330" lon="5.730666">
        <ele>574</ele>
      </trkpt>
      <trkpt lat="43.984473" lon="5.730707">
        <ele>572.7</ele>
      </trkpt>
      <trkpt lat="43.984481" lon="5.730429">
        <ele>572.5</ele>
      </trkpt>
      <trkpt lat="43.984625" lon="5.730141">
        <ele>571.7</ele>
      </trkpt>
      <trkpt lat="43.984766" lon="5.729900">
        <ele>572</ele>
      </trkpt>
      <trkpt lat="43.984901" lon="5.729700">
        <ele>573.2</ele>
      </trkpt>
      <trkpt lat="43.985059" lon="5.729536">
        <ele>574.3</ele>
      </trkpt>
      <trkpt lat="43.985201" lon="5.729353">
        <ele>575.7</ele>
      </trkpt>
      <trkpt lat="43.985297" lon="5.729416">
        <ele>574.8</ele>
      </trkpt>
      <trkpt lat="43.985376" lon="5.729424">
        <ele>574.6</ele>
      </trkpt>
      <trkpt lat="43.985743" lon="5.728892">
        <ele>578.6</ele>
      </trkpt>
      <trkpt lat="43.985897" lon="5.728421">
        <ele>582.5</ele>
      </trkpt>
      <trkpt lat="43.986033" lon="5.727754">
        <ele>589.8</ele>
      </trkpt>
      <trkpt lat="43.986264" lon="5.726996">
        <ele>598.9</ele>
      </trkpt>
      <trkpt lat="43.986318" lon="5.726421">
        <ele>605.5</ele>
      </trkpt>
      <trkpt lat="43.986140" lon="5.725846">
        <ele>610.1</ele>
      </trkpt>
      <trkpt lat="43.986166" lon="5.725588">
        <ele>613.8</ele>
      </trkpt>
      <trkpt lat="43.986553" lon="5.725490">
        <ele>618.2</ele>
      </trkpt>
      <trkpt lat="43.986997" lon="5.725217">
        <ele>624</ele>
      </trkpt>
      <trkpt lat="43.987477" lon="5.724850">
        <ele>629.8</ele>
      </trkpt>
      <trkpt lat="43.987779" lon="5.724448">
        <ele>632.5</ele>
      </trkpt>
      <trkpt lat="43.987950" lon="5.724199">
        <ele>633.9</ele>
      </trkpt>
      <trkpt lat="43.987990" lon="5.723739">
        <ele>639.3</ele>
      </trkpt>
      <trkpt lat="43.988265" lon="5.723338">
        <ele>642.5</ele>
      </trkpt>
      <trkpt lat="43.988555" lon="5.722747">
        <ele>649.4</ele>
      </trkpt>
      <trkpt lat="43.988865" lon="5.722257">
        <ele>650</ele>
      </trkpt>
      <trkpt lat="43.989038" lon="5.721798">
        <ele>647.9</ele>
      </trkpt>
      <trkpt lat="43.989162" lon="5.720987">
        <ele>642.7</ele>
      </trkpt>
      <trkpt lat="43.989326" lon="5.720251">
        <ele>640.2</ele>
      </trkpt>
      <trkpt lat="43.989539" lon="5.719875">
        <ele>642.4</ele>
      </trkpt>
      <trkpt lat="43.989463" lon="5.719438">
        <ele>647.7</ele>
      </trkpt>
      <trkpt lat="43.989409" lon="5.718818">
        <ele>653.6</ele>
      </trkpt>
      <trkpt lat="43.989523" lon="5.718716">
        <ele>655.6</ele>
      </trkpt>
      <trkpt lat="43.989882" lon="5.718599">
        <ele>659.8</ele>
      </trkpt>
      <trkpt lat="43.990321" lon="5.718609">
        <ele>657.1</ele>
      </trkpt>
      <trkpt lat="43.990762" lon="5.718636">
        <ele>651.9</ele>
      </trkpt>
      <trkpt lat="43.991038" lon="5.718549">
        <ele>654.4</ele>
      </trkpt>
      <trkpt lat="43.991117" lon="5.718080">
        <ele>660.9</ele>
      </trkpt>
      <trkpt lat="43.991207" lon="5.717352">
        <ele>670.9</ele>
      </trkpt>
      <trkpt lat="43.991200" lon="5.716942">
        <ele>676.4</ele>
      </trkpt>
      <trkpt lat="43.991203" lon="5.715867">
        <ele>689.7</ele>
      </trkpt>
      <trkpt lat="43.991226" lon="5.715223">
        <ele>698.7</ele>
      </trkpt>
      <trkpt lat="43.991235" lon="5.714661">
        <ele>706</ele>
      </trkpt>
      <trkpt lat="43.991203" lon="5.714415">
        <ele>708.8</ele>
      </trkpt>
      <trkpt lat="43.991254" lon="5.714128">
        <ele>712.4</ele>
      </trkpt>
      <trkpt lat="43.991370" lon="5.713399">
        <ele>720.5</ele>
      </trkpt>
      <trkpt lat="43.991479" lon="5.712769">
        <ele>726.5</ele>
      </trkpt>
      <trkpt lat="43.991536" lon="5.712099">
        <ele>733</ele>
      </trkpt>
      <trkpt lat="43.991589" lon="5.711520">
        <ele>738.5</ele>
      </trkpt>
      <trkpt lat="43.991638" lon="5.711214">
        <ele>740.6</ele>
      </trkpt>
      <trkpt lat="43.991553" lon="5.710586">
        <ele>743.8</ele>
      </trkpt>
      <trkpt lat="43.991438" lon="5.709857">
        <ele>747.8</ele>
      </trkpt>
      <trkpt lat="43.991391" lon="5.709378">
        <ele>750.7</ele>
      </trkpt>
      <trkpt lat="43.991327" lon="5.708769">
        <ele>753.8</ele>
      </trkpt>
      <trkpt lat="43.991324" lon="5.708313">
        <ele>755.9</ele>
      </trkpt>
      <trkpt lat="43.991315" lon="5.707818">
        <ele>755.9</ele>
      </trkpt>
      <trkpt lat="43.991270" lon="5.707400">
        <ele>753.8</ele>
      </trkpt>
      <trkpt lat="43.991204" lon="5.706991">
        <ele>746.5</ele>
      </trkpt>
      <trkpt lat="43.991244" lon="5.706884">
        <ele>744.6</ele>
      </trkpt>
      <trkpt lat="43.991434" lon="5.706752">
        <ele>742.9</ele>
      </trkpt>
      <trkpt lat="43.991740" lon="5.706622">
        <ele>740.6</ele>
      </trkpt>
      <trkpt lat="43.992120" lon="5.706503">
        <ele>738.9</ele>
      </trkpt>
      <trkpt lat="43.992428" lon="5.706350">
        <ele>736.1</ele>
      </trkpt>
      <trkpt lat="43.992618" lon="5.706260">
        <ele>733.7</ele>
      </trkpt>
      <trkpt lat="43.992730" lon="5.706097">
        <ele>728.8</ele>
      </trkpt>
      <trkpt lat="43.992974" lon="5.705927">
        <ele>723</ele>
      </trkpt>
      <trkpt lat="43.993148" lon="5.705664">
        <ele>715.6</ele>
      </trkpt>
      <trkpt lat="43.993183" lon="5.705524">
        <ele>712</ele>
      </trkpt>
      <trkpt lat="43.993176" lon="5.705248">
        <ele>705.4</ele>
      </trkpt>
      <trkpt lat="43.993166" lon="5.705229">
        <ele>704.8</ele>
      </trkpt>
      <trkpt lat="43.993158" lon="5.705191">
        <ele>703.8</ele>
      </trkpt>
      <trkpt lat="43.993216" lon="5.705034">
        <ele>699.9</ele>
      </trkpt>
      <trkpt lat="43.993229" lon="5.705026">
        <ele>699.9</ele>
      </trkpt>
      <trkpt lat="43.993373" lon="5.704900">
        <ele>697</ele>
      </trkpt>
      <trkpt lat="43.993520" lon="5.704782">
        <ele>693.9</ele>
      </trkpt>
      <trkpt lat="43.993537" lon="5.704784">
        <ele>693.7</ele>
      </trkpt>
      <trkpt lat="43.993595" lon="5.704528">
        <ele>689.7</ele>
      </trkpt>
      <trkpt lat="43.993595" lon="5.704395">
        <ele>688</ele>
      </trkpt>
      <trkpt lat="43.993724" lon="5.704139">
        <ele>684.3</ele>
      </trkpt>
      <trkpt lat="43.993830" lon="5.704064">
        <ele>683.1</ele>
      </trkpt>
      <trkpt lat="43.993859" lon="5.703891">
        <ele>681.2</ele>
      </trkpt>
      <trkpt lat="43.993988" lon="5.703559">
        <ele>677.5</ele>
      </trkpt>
      <trkpt lat="43.994123" lon="5.703249">
        <ele>674.4</ele>
      </trkpt>
      <trkpt lat="43.994257" lon="5.702978">
        <ele>671.9</ele>
      </trkpt>
      <trkpt lat="43.994335" lon="5.702717">
        <ele>669.2</ele>
      </trkpt>
      <trkpt lat="43.994519" lon="5.702519">
        <ele>665.7</ele>
      </trkpt>
      <trkpt lat="43.994623" lon="5.702338">
        <ele>664.1</ele>
      </trkpt>
      <trkpt lat="43.994731" lon="5.702007">
        <ele>662.4</ele>
      </trkpt>
      <trkpt lat="43.994853" lon="5.701673">
        <ele>661.4</ele>
      </trkpt>
      <trkpt lat="43.994944" lon="5.701441">
        <ele>661</ele>
      </trkpt>
      <trkpt lat="43.995055" lon="5.700935">
        <ele>660.7</ele>
      </trkpt>
      <trkpt lat="43.995043" lon="5.700341">
        <ele>660.8</ele>
      </trkpt>
      <trkpt lat="43.994991" lon="5.699811">
        <ele>660.2</ele>
      </trkpt>
      <trkpt lat="43.994908" lon="5.699152">
        <ele>656.9</ele>
      </trkpt>
      <trkpt lat="43.994805" lon="5.698732">
        <ele>654.1</ele>
      </trkpt>
      <trkpt lat="43.994568" lon="5.698325">
        <ele>649.8</ele>
      </trkpt>
      <trkpt lat="43.994286" lon="5.698015">
        <ele>646.9</ele>
      </trkpt>
      <trkpt lat="43.994030" lon="5.697747">
        <ele>644.7</ele>
      </trkpt>
      <trkpt lat="43.993833" lon="5.697462">
        <ele>642.3</ele>
      </trkpt>
      <trkpt lat="43.993784" lon="5.696841">
        <ele>636</ele>
      </trkpt>
      <trkpt lat="43.993776" lon="5.695986">
        <ele>627.6</ele>
      </trkpt>
      <trkpt lat="43.993742" lon="5.695364">
        <ele>622.9</ele>
      </trkpt>
      <trkpt lat="43.993866" lon="5.694952">
        <ele>621.3</ele>
      </trkpt>
      <trkpt lat="43.994044" lon="5.694719">
        <ele>621.7</ele>
      </trkpt>
      <trkpt lat="43.994010" lon="5.693978">
        <ele>618.4</ele>
      </trkpt>
      <trkpt lat="43.994112" lon="5.693624">
        <ele>618.3</ele>
      </trkpt>
      <trkpt lat="43.994172" lon="5.693354">
        <ele>618.2</ele>
      </trkpt>
      <trkpt lat="43.994208" lon="5.692942">
        <ele>618.4</ele>
      </trkpt>
      <trkpt lat="43.994181" lon="5.692266">
        <ele>615.1</ele>
      </trkpt>
      <trkpt lat="43.994121" lon="5.691606">
        <ele>608.4</ele>
      </trkpt>
      <trkpt lat="43.994079" lon="5.691061">
        <ele>603.9</ele>
      </trkpt>
      <trkpt lat="43.994168" lon="5.690206">
        <ele>599</ele>
      </trkpt>
      <trkpt lat="43.994238" lon="5.689565">
        <ele>596.3</ele>
      </trkpt>
      <trkpt lat="43.994441" lon="5.689096">
        <ele>594.5</ele>
      </trkpt>
      <trkpt lat="43.994581" lon="5.688635">
        <ele>593.2</ele>
      </trkpt>
      <trkpt lat="43.994598" lon="5.687847">
        <ele>590.7</ele>
      </trkpt>
      <trkpt lat="43.994973" lon="5.688355">
        <ele>592.1</ele>
      </trkpt>
      <trkpt lat="43.995288" lon="5.688956">
        <ele>594.8</ele>
      </trkpt>
      <trkpt lat="43.995590" lon="5.689418">
        <ele>598.6</ele>
      </trkpt>
      <trkpt lat="43.996040" lon="5.689832">
        <ele>605.7</ele>
      </trkpt>
      <trkpt lat="43.996798" lon="5.690512">
        <ele>614.8</ele>
      </trkpt>
      <trkpt lat="43.997137" lon="5.690916">
        <ele>621</ele>
      </trkpt>
      <trkpt lat="43.997479" lon="5.691249">
        <ele>626.7</ele>
      </trkpt>
      <trkpt lat="43.997961" lon="5.691770">
        <ele>640.9</ele>
      </trkpt>
      <trkpt lat="43.998177" lon="5.691922">
        <ele>647.1</ele>
      </trkpt>
      <trkpt lat="43.998332" lon="5.692327">
        <ele>649.3</ele>
      </trkpt>
      <trkpt lat="43.998584" lon="5.692583">
        <ele>653.8</ele>
      </trkpt>
      <trkpt lat="43.998722" lon="5.692690">
        <ele>656.1</ele>
      </trkpt>
      <trkpt lat="43.998868" lon="5.693115">
        <ele>654.2</ele>
      </trkpt>
      <trkpt lat="43.998960" lon="5.693344">
        <ele>653.8</ele>
      </trkpt>
      <trkpt lat="43.999147" lon="5.693791">
        <ele>652.3</ele>
      </trkpt>
      <trkpt lat="43.999253" lon="5.694012">
        <ele>651.7</ele>
      </trkpt>
      <trkpt lat="43.999432" lon="5.694256">
        <ele>653.8</ele>
      </trkpt>
      <trkpt lat="43.999524" lon="5.694394">
        <ele>655.8</ele>
      </trkpt>
      <trkpt lat="43.999538" lon="5.694661">
        <ele>655.3</ele>
      </trkpt>
      <trkpt lat="43.999549" lon="5.694678">
        <ele>655.6</ele>
      </trkpt>
      <trkpt lat="43.999576" lon="5.695034">
        <ele>655.2</ele>
      </trkpt>
      <trkpt lat="43.999671" lon="5.695255">
        <ele>656.6</ele>
      </trkpt>
      <trkpt lat="43.999806" lon="5.695659">
        <ele>658.2</ele>
      </trkpt>
      <trkpt lat="43.999897" lon="5.696035">
        <ele>657.4</ele>
      </trkpt>
      <trkpt lat="43.999919" lon="5.696260">
        <ele>655.3</ele>
      </trkpt>
      <trkpt lat="44.000095" lon="5.696337">
        <ele>657.2</ele>
      </trkpt>
      <trkpt lat="44.000395" lon="5.696398">
        <ele>660</ele>
      </trkpt>
      <trkpt lat="44.000690" lon="5.696679">
        <ele>660.2</ele>
      </trkpt>
      <trkpt lat="44.001029" lon="5.696930">
        <ele>662.6</ele>
      </trkpt>
      <trkpt lat="44.001378" lon="5.697201">
        <ele>664.5</ele>
      </trkpt>
      <trkpt lat="44.001662" lon="5.697587">
        <ele>664.8</ele>
      </trkpt>
      <trkpt lat="44.002047" lon="5.697962">
        <ele>666.4</ele>
      </trkpt>
      <trkpt lat="44.002351" lon="5.698284">
        <ele>666.6</ele>
      </trkpt>
      <trkpt lat="44.002661" lon="5.698633">
        <ele>667.2</ele>
      </trkpt>
      <trkpt lat="44.002872" lon="5.698803">
        <ele>667.8</ele>
      </trkpt>
      <trkpt lat="44.003206" lon="5.699235">
        <ele>668.5</ele>
      </trkpt>
      <trkpt lat="44.003453" lon="5.699506">
        <ele>668.6</ele>
      </trkpt>
      <trkpt lat="44.003767" lon="5.699608">
        <ele>668.8</ele>
      </trkpt>
      <trkpt lat="44.004112" lon="5.699657">
        <ele>669.1</ele>
      </trkpt>
      <trkpt lat="44.004598" lon="5.699739">
        <ele>672.3</ele>
      </trkpt>
      <trkpt lat="44.004914" lon="5.699716">
        <ele>674.4</ele>
      </trkpt>
      <trkpt lat="44.005072" lon="5.699765">
        <ele>675</ele>
      </trkpt>
      <trkpt lat="44.004994" lon="5.700192">
        <ele>674.5</ele>
      </trkpt>
      <trkpt lat="44.004885" lon="5.700699">
        <ele>673</ele>
      </trkpt>
      <trkpt lat="44.004824" lon="5.701045">
        <ele>672.4</ele>
      </trkpt>
      <trkpt lat="44.004805" lon="5.701434">
        <ele>672</ele>
      </trkpt>
      <trkpt lat="44.004885" lon="5.701752">
        <ele>671.7</ele>
      </trkpt>
      <trkpt lat="44.005087" lon="5.702169">
        <ele>670.6</ele>
      </trkpt>
      <trkpt lat="44.005277" lon="5.702501">
        <ele>669</ele>
      </trkpt>
      <trkpt lat="44.005613" lon="5.702910">
        <ele>669</ele>
      </trkpt>
      <trkpt lat="44.005948" lon="5.703415">
        <ele>668.6</ele>
      </trkpt>
      <trkpt lat="44.006279" lon="5.703920">
        <ele>664.5</ele>
      </trkpt>
      <trkpt lat="44.006465" lon="5.704327">
        <ele>663.5</ele>
      </trkpt>
      <trkpt lat="44.006663" lon="5.704627">
        <ele>663.8</ele>
      </trkpt>
      <trkpt lat="44.006854" lon="5.704782">
        <ele>664.2</ele>
      </trkpt>
      <trkpt lat="44.007183" lon="5.704956">
        <ele>664.4</ele>
      </trkpt>
      <trkpt lat="44.007406" lon="5.705124">
        <ele>664.7</ele>
      </trkpt>
      <trkpt lat="44.007565" lon="5.705314">
        <ele>665</ele>
      </trkpt>
      <trkpt lat="44.007652" lon="5.705529">
        <ele>665.3</ele>
      </trkpt>
      <trkpt lat="44.007789" lon="5.705761">
        <ele>665.4</ele>
      </trkpt>
      <trkpt lat="44.007988" lon="5.705996">
        <ele>664.8</ele>
      </trkpt>
      <trkpt lat="44.008172" lon="5.706226">
        <ele>664.1</ele>
      </trkpt>
      <trkpt lat="44.008385" lon="5.706419">
        <ele>663.7</ele>
      </trkpt>
      <trkpt lat="44.008564" lon="5.706697">
        <ele>664.2</ele>
      </trkpt>
      <trkpt lat="44.008753" lon="5.706949">
        <ele>663.4</ele>
      </trkpt>
      <trkpt lat="44.008900" lon="5.707148">
        <ele>662.6</ele>
      </trkpt>
      <trkpt lat="44.009025" lon="5.707460">
        <ele>661.2</ele>
      </trkpt>
      <trkpt lat="44.009040" lon="5.707812">
        <ele>657.7</ele>
      </trkpt>
      <trkpt lat="44.008938" lon="5.708160">
        <ele>654.4</ele>
      </trkpt>
      <trkpt lat="44.008855" lon="5.708497">
        <ele>651.8</ele>
      </trkpt>
      <trkpt lat="44.008737" lon="5.708787">
        <ele>650.4</ele>
      </trkpt>
      <trkpt lat="44.008604" lon="5.709088">
        <ele>648.8</ele>
      </trkpt>
      <trkpt lat="44.008591" lon="5.709322">
        <ele>646.3</ele>
      </trkpt>
      <trkpt lat="44.008719" lon="5.709586">
        <ele>642.8</ele>
      </trkpt>
      <trkpt lat="44.008906" lon="5.709882">
        <ele>639.1</ele>
      </trkpt>
      <trkpt lat="44.008976" lon="5.710103">
        <ele>635.6</ele>
      </trkpt>
      <trkpt lat="44.009015" lon="5.710308">
        <ele>631.7</ele>
      </trkpt>
      <trkpt lat="44.009374" lon="5.710470">
        <ele>627</ele>
      </trkpt>
      <trkpt lat="44.009795" lon="5.710694">
        <ele>620.4</ele>
      </trkpt>
      <trkpt lat="44.010201" lon="5.710933">
        <ele>616.9</ele>
      </trkpt>
      <trkpt lat="44.010456" lon="5.711192">
        <ele>616.3</ele>
      </trkpt>
      <trkpt lat="44.010743" lon="5.711535">
        <ele>616</ele>
      </trkpt>
      <trkpt lat="44.011115" lon="5.711893">
        <ele>617.2</ele>
      </trkpt>
      <trkpt lat="44.011470" lon="5.712234">
        <ele>616.9</ele>
      </trkpt>
      <trkpt lat="44.011799" lon="5.712563">
        <ele>615.3</ele>
      </trkpt>
      <trkpt lat="44.012043" lon="5.712759">
        <ele>614.3</ele>
      </trkpt>
      <trkpt lat="44.012374" lon="5.713129">
        <ele>611.3</ele>
      </trkpt>
      <trkpt lat="44.012603" lon="5.713333">
        <ele>608.5</ele>
      </trkpt>
      <trkpt lat="44.012882" lon="5.713622">
        <ele>605.5</ele>
      </trkpt>
      <trkpt lat="44.013120" lon="5.714048">
        <ele>603.2</ele>
      </trkpt>
      <trkpt lat="44.013314" lon="5.714447">
        <ele>602.6</ele>
      </trkpt>
      <trkpt lat="44.013565" lon="5.714758">
        <ele>602.6</ele>
      </trkpt>
      <trkpt lat="44.013746" lon="5.715129">
        <ele>602.7</ele>
      </trkpt>
      <trkpt lat="44.013900" lon="5.715378">
        <ele>603.4</ele>
      </trkpt>
      <trkpt lat="44.013998" lon="5.715928">
        <ele>604.6</ele>
      </trkpt>
      <trkpt lat="44.014144" lon="5.716528">
        <ele>604.9</ele>
      </trkpt>
      <trkpt lat="44.014338" lon="5.717435">
        <ele>604.3</ele>
      </trkpt>
      <trkpt lat="44.014466" lon="5.718126">
        <ele>603.3</ele>
      </trkpt>
      <trkpt lat="44.014573" lon="5.718752">
        <ele>603</ele>
      </trkpt>
      <trkpt lat="44.014684" lon="5.719398">
        <ele>602.3</ele>
      </trkpt>
      <trkpt lat="44.014830" lon="5.720068">
        <ele>600.2</ele>
      </trkpt>
      <trkpt lat="44.014969" lon="5.720871">
        <ele>594</ele>
      </trkpt>
      <trkpt lat="44.015028" lon="5.721529">
        <ele>590</ele>
      </trkpt>
      <trkpt lat="44.015115" lon="5.722008">
        <ele>590</ele>
      </trkpt>
      <trkpt lat="44.015256" lon="5.722335">
        <ele>591.1</ele>
      </trkpt>
      <trkpt lat="44.015313" lon="5.722549">
        <ele>591.5</ele>
      </trkpt>
      <trkpt lat="44.015562" lon="5.722307">
        <ele>592.6</ele>
      </trkpt>
      <trkpt lat="44.015690" lon="5.722236">
        <ele>593.3</ele>
      </trkpt>
      <trkpt lat="44.015976" lon="5.722513">
        <ele>594.9</ele>
      </trkpt>
      <trkpt lat="44.016190" lon="5.723046">
        <ele>597.3</ele>
      </trkpt>
      <trkpt lat="44.016466" lon="5.723436">
        <ele>599</ele>
      </trkpt>
      <trkpt lat="44.016736" lon="5.723821">
        <ele>601.7</ele>
      </trkpt>
      <trkpt lat="44.017000" lon="5.724016">
        <ele>604.3</ele>
      </trkpt>
      <trkpt lat="44.017324" lon="5.724208">
        <ele>607</ele>
      </trkpt>
      <trkpt lat="44.017844" lon="5.724639">
        <ele>608.8</ele>
      </trkpt>
      <trkpt lat="44.018209" lon="5.724890">
        <ele>609.1</ele>
      </trkpt>
      <trkpt lat="44.018688" lon="5.725261">
        <ele>608.4</ele>
      </trkpt>
      <trkpt lat="44.019116" lon="5.725478">
        <ele>607.4</ele>
      </trkpt>
      <trkpt lat="44.019454" lon="5.725586">
        <ele>607.1</ele>
      </trkpt>
      <trkpt lat="44.019870" lon="5.725674">
        <ele>607</ele>
      </trkpt>
      <trkpt lat="44.020288" lon="5.725792">
        <ele>606.2</ele>
      </trkpt>
      <trkpt lat="44.020760" lon="5.726221">
        <ele>604.6</ele>
      </trkpt>
      <trkpt lat="44.021041" lon="5.726608">
        <ele>604.5</ele>
      </trkpt>
      <trkpt lat="44.021213" lon="5.727039">
        <ele>604.8</ele>
      </trkpt>
      <trkpt lat="44.021403" lon="5.727353">
        <ele>605.6</ele>
      </trkpt>
      <trkpt lat="44.021542" lon="5.727749">
        <ele>606</ele>
      </trkpt>
      <trkpt lat="44.021609" lon="5.728124">
        <ele>605.9</ele>
      </trkpt>
      <trkpt lat="44.021628" lon="5.728489">
        <ele>605.6</ele>
      </trkpt>
      <trkpt lat="44.021578" lon="5.728719">
        <ele>605</ele>
      </trkpt>
      <trkpt lat="44.021539" lon="5.728882">
        <ele>604.5</ele>
      </trkpt>
      <trkpt lat="44.021645" lon="5.729202">
        <ele>604.8</ele>
      </trkpt>
      <trkpt lat="44.021889" lon="5.729904">
        <ele>599.8</ele>
      </trkpt>
      <trkpt lat="44.022067" lon="5.730605">
        <ele>591</ele>
      </trkpt>
      <trkpt lat="44.022238" lon="5.731367">
        <ele>587.2</ele>
      </trkpt>
      <trkpt lat="44.022284" lon="5.731611">
        <ele>587.2</ele>
      </trkpt>
      <trkpt lat="44.022209" lon="5.732002">
        <ele>587.6</ele>
      </trkpt>
      <trkpt lat="44.022262" lon="5.732215">
        <ele>588.4</ele>
      </trkpt>
      <trkpt lat="44.022385" lon="5.732467">
        <ele>589.9</ele>
      </trkpt>
      <trkpt lat="44.022535" lon="5.732661">
        <ele>591.6</ele>
      </trkpt>
      <trkpt lat="44.022692" lon="5.732808">
        <ele>592.7</ele>
      </trkpt>
      <trkpt lat="44.022777" lon="5.732938">
        <ele>593.5</ele>
      </trkpt>
      <trkpt lat="44.022770" lon="5.733160">
        <ele>594.1</ele>
      </trkpt>
      <trkpt lat="44.022778" lon="5.733332">
        <ele>594.7</ele>
      </trkpt>
      <trkpt lat="44.022847" lon="5.733510">
        <ele>594.4</ele>
      </trkpt>
      <trkpt lat="44.023002" lon="5.733645">
        <ele>594.6</ele>
      </trkpt>
      <trkpt lat="44.023230" lon="5.733693">
        <ele>595.4</ele>
      </trkpt>
      <trkpt lat="44.023490" lon="5.733712">
        <ele>596.1</ele>
      </trkpt>
      <trkpt lat="44.023714" lon="5.733740">
        <ele>596.5</ele>
      </trkpt>
      <trkpt lat="44.023958" lon="5.733854">
        <ele>596.6</ele>
      </trkpt>
      <trkpt lat="44.024096" lon="5.733889">
        <ele>596.8</ele>
      </trkpt>
      <trkpt lat="44.024437" lon="5.733903">
        <ele>598.1</ele>
      </trkpt>
      <trkpt lat="44.024720" lon="5.733886">
        <ele>599.2</ele>
      </trkpt>
      <trkpt lat="44.025077" lon="5.733882">
        <ele>601.2</ele>
      </trkpt>
      <trkpt lat="44.025418" lon="5.733876">
        <ele>605.2</ele>
      </trkpt>
      <trkpt lat="44.025747" lon="5.733892">
        <ele>609</ele>
      </trkpt>
      <trkpt lat="44.026137" lon="5.733893">
        <ele>612.9</ele>
      </trkpt>
      <trkpt lat="44.026404" lon="5.733898">
        <ele>615.5</ele>
      </trkpt>
      <trkpt lat="44.026574" lon="5.733945">
        <ele>616.9</ele>
      </trkpt>
      <trkpt lat="44.026719" lon="5.734053">
        <ele>617.5</ele>
      </trkpt>
      <trkpt lat="44.026857" lon="5.734153">
        <ele>617.5</ele>
      </trkpt>
      <trkpt lat="44.027027" lon="5.734142">
        <ele>617.9</ele>
      </trkpt>
      <trkpt lat="44.027249" lon="5.734046">
        <ele>618.6</ele>
      </trkpt>
      <trkpt lat="44.027385" lon="5.733980">
        <ele>619</ele>
      </trkpt>
      <trkpt lat="44.027490" lon="5.733745">
        <ele>619.5</ele>
      </trkpt>
      <trkpt lat="44.027559" lon="5.733615">
        <ele>620.1</ele>
      </trkpt>
      <trkpt lat="44.027691" lon="5.733541">
        <ele>621.2</ele>
      </trkpt>
      <trkpt lat="44.027850" lon="5.733498">
        <ele>622.4</ele>
      </trkpt>
      <trkpt lat="44.027941" lon="5.733412">
        <ele>623.1</ele>
      </trkpt>
      <trkpt lat="44.028093" lon="5.733137">
        <ele>624.4</ele>
      </trkpt>
      <trkpt lat="44.028259" lon="5.732958">
        <ele>625.9</ele>
      </trkpt>
      <trkpt lat="44.028475" lon="5.732770">
        <ele>629.1</ele>
      </trkpt>
      <trkpt lat="44.028674" lon="5.732555">
        <ele>633</ele>
      </trkpt>
      <trkpt lat="44.028877" lon="5.732388">
        <ele>637.2</ele>
      </trkpt>
      <trkpt lat="44.029034" lon="5.732223">
        <ele>640.6</ele>
      </trkpt>
      <trkpt lat="44.029111" lon="5.732046">
        <ele>642.6</ele>
      </trkpt>
      <trkpt lat="44.029106" lon="5.731832">
        <ele>643.3</ele>
      </trkpt>
      <trkpt lat="44.029024" lon="5.731426">
        <ele>642.9</ele>
      </trkpt>
      <trkpt lat="44.028953" lon="5.731047">
        <ele>642.8</ele>
      </trkpt>
      <trkpt lat="44.028853" lon="5.730655">
        <ele>642.6</ele>
      </trkpt>
      <trkpt lat="44.028827" lon="5.730246">
        <ele>644</ele>
      </trkpt>
      <trkpt lat="44.028838" lon="5.729950">
        <ele>645.2</ele>
      </trkpt>
      <trkpt lat="44.028901" lon="5.729625">
        <ele>645.9</ele>
      </trkpt>
      <trkpt lat="44.028987" lon="5.729277">
        <ele>646.4</ele>
      </trkpt>
      <trkpt lat="44.029085" lon="5.729048">
        <ele>647.2</ele>
      </trkpt>
      <trkpt lat="44.029271" lon="5.728905">
        <ele>648.2</ele>
      </trkpt>
      <trkpt lat="44.029601" lon="5.728812">
        <ele>649.3</ele>
      </trkpt>
      <trkpt lat="44.029858" lon="5.728740">
        <ele>649.9</ele>
      </trkpt>
      <trkpt lat="44.030025" lon="5.728563">
        <ele>648.8</ele>
      </trkpt>
      <trkpt lat="44.030186" lon="5.728300">
        <ele>645.7</ele>
      </trkpt>
      <trkpt lat="44.030350" lon="5.728019">
        <ele>641.8</ele>
      </trkpt>
      <trkpt lat="44.030551" lon="5.727839">
        <ele>638.6</ele>
      </trkpt>
      <trkpt lat="44.030735" lon="5.727820">
        <ele>637.3</ele>
      </trkpt>
      <trkpt lat="44.031088" lon="5.727864">
        <ele>637.9</ele>
      </trkpt>
      <trkpt lat="44.031305" lon="5.727873">
        <ele>638.3</ele>
      </trkpt>
      <trkpt lat="44.031438" lon="5.727782">
        <ele>637.7</ele>
      </trkpt>
      <trkpt lat="44.031586" lon="5.727460">
        <ele>635.5</ele>
      </trkpt>
      <trkpt lat="44.031760" lon="5.727053">
        <ele>634.1</ele>
      </trkpt>
      <trkpt lat="44.031892" lon="5.726727">
        <ele>633</ele>
      </trkpt>
      <trkpt lat="44.031999" lon="5.726363">
        <ele>632.3</ele>
      </trkpt>
      <trkpt lat="44.032134" lon="5.726018">
        <ele>631.7</ele>
      </trkpt>
      <trkpt lat="44.032327" lon="5.725623">
        <ele>630.8</ele>
      </trkpt>
      <trkpt lat="44.032498" lon="5.725242">
        <ele>629.8</ele>
      </trkpt>
      <trkpt lat="44.032619" lon="5.724952">
        <ele>629.8</ele>
      </trkpt>
      <trkpt lat="44.032677" lon="5.724777">
        <ele>630.3</ele>
      </trkpt>
      <trkpt lat="44.032655" lon="5.724435">
        <ele>630.5</ele>
      </trkpt>
      <trkpt lat="44.032622" lon="5.723917">
        <ele>631</ele>
      </trkpt>
      <trkpt lat="44.032650" lon="5.723293">
        <ele>632</ele>
      </trkpt>
      <trkpt lat="44.032650" lon="5.722622">
        <ele>633.9</ele>
      </trkpt>
      <trkpt lat="44.032683" lon="5.722055">
        <ele>636.5</ele>
      </trkpt>
      <trkpt lat="44.032466" lon="5.721709">
        <ele>636.5</ele>
      </trkpt>
      <trkpt lat="44.032271" lon="5.721552">
        <ele>636.5</ele>
      </trkpt>
      <trkpt lat="44.032029" lon="5.721416">
        <ele>636.4</ele>
      </trkpt>
      <trkpt lat="44.031800" lon="5.721269">
        <ele>636.4</ele>
      </trkpt>
      <trkpt lat="44.031609" lon="5.721083">
        <ele>637.1</ele>
      </trkpt>
      <trkpt lat="44.031363" lon="5.720849">
        <ele>637.2</ele>
      </trkpt>
      <trkpt lat="44.031113" lon="5.720657">
        <ele>636.8</ele>
      </trkpt>
      <trkpt lat="44.030871" lon="5.720427">
        <ele>637</ele>
      </trkpt>
      <trkpt lat="44.030647" lon="5.720144">
        <ele>638.5</ele>
      </trkpt>
      <trkpt lat="44.030464" lon="5.719907">
        <ele>639.1</ele>
      </trkpt>
      <trkpt lat="44.030291" lon="5.719636">
        <ele>638.6</ele>
      </trkpt>
      <trkpt lat="44.030102" lon="5.719376">
        <ele>637.5</ele>
      </trkpt>
      <trkpt lat="44.029931" lon="5.719246">
        <ele>636.2</ele>
      </trkpt>
      <trkpt lat="44.029769" lon="5.719120">
        <ele>635.5</ele>
      </trkpt>
      <trkpt lat="44.029700" lon="5.718955">
        <ele>635.5</ele>
      </trkpt>
      <trkpt lat="44.029711" lon="5.718838">
        <ele>635.9</ele>
      </trkpt>
      <trkpt lat="44.029867" lon="5.718702">
        <ele>637.3</ele>
      </trkpt>
      <trkpt lat="44.030055" lon="5.718637">
        <ele>638.8</ele>
      </trkpt>
      <trkpt lat="44.030272" lon="5.718549">
        <ele>641.1</ele>
      </trkpt>
      <trkpt lat="44.030477" lon="5.718522">
        <ele>643.1</ele>
      </trkpt>
      <trkpt lat="44.030703" lon="5.718650">
        <ele>645.4</ele>
      </trkpt>
      <trkpt lat="44.030984" lon="5.718895">
        <ele>648.8</ele>
      </trkpt>
      <trkpt lat="44.031225" lon="5.719178">
        <ele>652.2</ele>
      </trkpt>
      <trkpt lat="44.031455" lon="5.719480">
        <ele>653</ele>
      </trkpt>
      <trkpt lat="44.031621" lon="5.719699">
        <ele>653.9</ele>
      </trkpt>
      <trkpt lat="44.031777" lon="5.719887">
        <ele>654.4</ele>
      </trkpt>
      <trkpt lat="44.031939" lon="5.719982">
        <ele>655.1</ele>
      </trkpt>
      <trkpt lat="44.032084" lon="5.720015">
        <ele>655.8</ele>
      </trkpt>
      <trkpt lat="44.032472" lon="5.719959">
        <ele>659.1</ele>
      </trkpt>
      <trkpt lat="44.032797" lon="5.719915">
        <ele>661.6</ele>
      </trkpt>
      <trkpt lat="44.033109" lon="5.719887">
        <ele>663.7</ele>
      </trkpt>
      <trkpt lat="44.033326" lon="5.719882">
        <ele>665.1</ele>
      </trkpt>
      <trkpt lat="44.033423" lon="5.719797">
        <ele>666.8</ele>
      </trkpt>
      <trkpt lat="44.033441" lon="5.719576">
        <ele>669.1</ele>
      </trkpt>
      <trkpt lat="44.033440" lon="5.719252">
        <ele>672.3</ele>
      </trkpt>
      <trkpt lat="44.033416" lon="5.718962">
        <ele>673</ele>
      </trkpt>
      <trkpt lat="44.033378" lon="5.718635">
        <ele>672.6</ele>
      </trkpt>
      <trkpt lat="44.033368" lon="5.718301">
        <ele>672.8</ele>
      </trkpt>
      <trkpt lat="44.033374" lon="5.718010">
        <ele>674.5</ele>
      </trkpt>
      <trkpt lat="44.033394" lon="5.717671">
        <ele>676.9</ele>
      </trkpt>
      <trkpt lat="44.033363" lon="5.717391">
        <ele>678.9</ele>
      </trkpt>
      <trkpt lat="44.033289" lon="5.717082">
        <ele>682.2</ele>
      </trkpt>
      <trkpt lat="44.033207" lon="5.716798">
        <ele>685.1</ele>
      </trkpt>
      <trkpt lat="44.033098" lon="5.716486">
        <ele>686.7</ele>
      </trkpt>
      <trkpt lat="44.033015" lon="5.716166">
        <ele>688.6</ele>
      </trkpt>
      <trkpt lat="44.032980" lon="5.715792">
        <ele>691.7</ele>
      </trkpt>
      <trkpt lat="44.032954" lon="5.715468">
        <ele>692.4</ele>
      </trkpt>
      <trkpt lat="44.032889" lon="5.715178">
        <ele>692</ele>
      </trkpt>
      <trkpt lat="44.032880" lon="5.714945">
        <ele>692.3</ele>
      </trkpt>
      <trkpt lat="44.032945" lon="5.714773">
        <ele>693.4</ele>
      </trkpt>
      <trkpt lat="44.033124" lon="5.714598">
        <ele>697.6</ele>
      </trkpt>
      <trkpt lat="44.033270" lon="5.714405">
        <ele>700.5</ele>
      </trkpt>
      <trkpt lat="44.033420" lon="5.714197">
        <ele>703.6</ele>
      </trkpt>
      <trkpt lat="44.033531" lon="5.714000">
        <ele>705.3</ele>
      </trkpt>
      <trkpt lat="44.033656" lon="5.713773">
        <ele>706.7</ele>
      </trkpt>
      <trkpt lat="44.033729" lon="5.713551">
        <ele>706.8</ele>
      </trkpt>
      <trkpt lat="44.033761" lon="5.713417">
        <ele>706.5</ele>
      </trkpt>
      <trkpt lat="44.033728" lon="5.713020">
        <ele>701.9</ele>
      </trkpt>
      <trkpt lat="44.033701" lon="5.712664">
        <ele>697.8</ele>
      </trkpt>
      <trkpt lat="44.033659" lon="5.712392">
        <ele>694.1</ele>
      </trkpt>
      <trkpt lat="44.033601" lon="5.712147">
        <ele>690.3</ele>
      </trkpt>
      <trkpt lat="44.033609" lon="5.711952">
        <ele>687.8</ele>
      </trkpt>
      <trkpt lat="44.033852" lon="5.711747">
        <ele>687.7</ele>
      </trkpt>
      <trkpt lat="44.034232" lon="5.711494">
        <ele>686.8</ele>
      </trkpt>
      <trkpt lat="44.034527" lon="5.711309">
        <ele>685</ele>
      </trkpt>
      <trkpt lat="44.034820" lon="5.711148">
        <ele>683.4</ele>
      </trkpt>
      <trkpt lat="44.035148" lon="5.710950">
        <ele>680.2</ele>
      </trkpt>
      <trkpt lat="44.035439" lon="5.710822">
        <ele>677.9</ele>
      </trkpt>
      <trkpt lat="44.035714" lon="5.710759">
        <ele>678.1</ele>
      </trkpt>
      <trkpt lat="44.036039" lon="5.710885">
        <ele>680.6</ele>
      </trkpt>
      <trkpt lat="44.036311" lon="5.710980">
        <ele>683.4</ele>
      </trkpt>
      <trkpt lat="44.036573" lon="5.711036">
        <ele>685.2</ele>
      </trkpt>
      <trkpt lat="44.036957" lon="5.710947">
        <ele>686.1</ele>
      </trkpt>
      <trkpt lat="44.037258" lon="5.710862">
        <ele>687.2</ele>
      </trkpt>
      <trkpt lat="44.037545" lon="5.710844">
        <ele>689.5</ele>
      </trkpt>
      <trkpt lat="44.037777" lon="5.710681">
        <ele>690.8</ele>
      </trkpt>
      <trkpt lat="44.037954" lon="5.710735">
        <ele>693.4</ele>
      </trkpt>
      <trkpt lat="44.038221" lon="5.710692">
        <ele>696</ele>
      </trkpt>
      <trkpt lat="44.038567" lon="5.710457">
        <ele>695.7</ele>
      </trkpt>
      <trkpt lat="44.038864" lon="5.710360">
        <ele>696.3</ele>
      </trkpt>
      <trkpt lat="44.039221" lon="5.710319">
        <ele>698.1</ele>
      </trkpt>
      <trkpt lat="44.039541" lon="5.710267">
        <ele>699.4</ele>
      </trkpt>
      <trkpt lat="44.039892" lon="5.710167">
        <ele>700.8</ele>
      </trkpt>
      <trkpt lat="44.040236" lon="5.710147">
        <ele>701.9</ele>
      </trkpt>
      <trkpt lat="44.040517" lon="5.710194">
        <ele>702.7</ele>
      </trkpt>
      <trkpt lat="44.040978" lon="5.710277">
        <ele>704.1</ele>
      </trkpt>
      <trkpt lat="44.041406" lon="5.710321">
        <ele>705.6</ele>
      </trkpt>
      <trkpt lat="44.041763" lon="5.710409">
        <ele>706.9</ele>
      </trkpt>
      <trkpt lat="44.042024" lon="5.710524">
        <ele>707.5</ele>
      </trkpt>
      <trkpt lat="44.042210" lon="5.710627">
        <ele>708</ele>
      </trkpt>
      <trkpt lat="44.042448" lon="5.710632">
        <ele>708</ele>
      </trkpt>
      <trkpt lat="44.042859" lon="5.710835">
        <ele>710.3</ele>
      </trkpt>
      <trkpt lat="44.043228" lon="5.711056">
        <ele>712.7</ele>
      </trkpt>
      <trkpt lat="44.043481" lon="5.711177">
        <ele>714.1</ele>
      </trkpt>
      <trkpt lat="44.043924" lon="5.711375">
        <ele>716.2</ele>
      </trkpt>
      <trkpt lat="44.044364" lon="5.711565">
        <ele>718.1</ele>
      </trkpt>
      <trkpt lat="44.044545" lon="5.711613">
        <ele>718.7</ele>
      </trkpt>
      <trkpt lat="44.044774" lon="5.711560">
        <ele>719.1</ele>
      </trkpt>
      <trkpt lat="44.045317" lon="5.711640">
        <ele>721.5</ele>
      </trkpt>
      <trkpt lat="44.045816" lon="5.711680">
        <ele>724</ele>
      </trkpt>
      <trkpt lat="44.046227" lon="5.711639">
        <ele>725.8</ele>
      </trkpt>
      <trkpt lat="44.046467" lon="5.711498">
        <ele>726.5</ele>
      </trkpt>
      <trkpt lat="44.046677" lon="5.711401">
        <ele>727</ele>
      </trkpt>
      <trkpt lat="44.047014" lon="5.711407">
        <ele>727.9</ele>
      </trkpt>
      <trkpt lat="44.047288" lon="5.711370">
        <ele>728.4</ele>
      </trkpt>
      <trkpt lat="44.047811" lon="5.711305">
        <ele>729.8</ele>
      </trkpt>
      <trkpt lat="44.048241" lon="5.711280">
        <ele>731.3</ele>
      </trkpt>
      <trkpt lat="44.048628" lon="5.711287">
        <ele>732.5</ele>
      </trkpt>
      <trkpt lat="44.049055" lon="5.711328">
        <ele>734</ele>
      </trkpt>
      <trkpt lat="44.049561" lon="5.711375">
        <ele>736.3</ele>
      </trkpt>
      <trkpt lat="44.050069" lon="5.711337">
        <ele>738.6</ele>
      </trkpt>
      <trkpt lat="44.050426" lon="5.711347">
        <ele>741</ele>
      </trkpt>
      <trkpt lat="44.051159" lon="5.711529">
        <ele>745.3</ele>
      </trkpt>
      <trkpt lat="44.051785" lon="5.711637">
        <ele>747.4</ele>
      </trkpt>
      <trkpt lat="44.052314" lon="5.711799">
        <ele>746.7</ele>
      </trkpt>
      <trkpt lat="44.052756" lon="5.711891">
        <ele>748.4</ele>
      </trkpt>
      <trkpt lat="44.053426" lon="5.712016">
        <ele>753</ele>
      </trkpt>
      <trkpt lat="44.053556" lon="5.712161">
        <ele>755</ele>
      </trkpt>
      <trkpt lat="44.053732" lon="5.712439">
        <ele>757.6</ele>
      </trkpt>
      <trkpt lat="44.053954" lon="5.712723">
        <ele>760.6</ele>
      </trkpt>
      <trkpt lat="44.054199" lon="5.712854">
        <ele>762.8</ele>
      </trkpt>
      <trkpt lat="44.054560" lon="5.712886">
        <ele>764.1</ele>
      </trkpt>
      <trkpt lat="44.054827" lon="5.713012">
        <ele>765.2</ele>
      </trkpt>
      <trkpt lat="44.055200" lon="5.713285">
        <ele>767.9</ele>
      </trkpt>
      <trkpt lat="44.055473" lon="5.713665">
        <ele>770.8</ele>
      </trkpt>
      <trkpt lat="44.055741" lon="5.714019">
        <ele>772</ele>
      </trkpt>
      <trkpt lat="44.055964" lon="5.714169">
        <ele>772.9</ele>
      </trkpt>
      <trkpt lat="44.056184" lon="5.714246">
        <ele>774.7</ele>
      </trkpt>
      <trkpt lat="44.056293" lon="5.714282">
        <ele>775.5</ele>
      </trkpt>
      <trkpt lat="44.056570" lon="5.714360">
        <ele>777.2</ele>
      </trkpt>
      <trkpt lat="44.056410" lon="5.714558">
        <ele>776.4</ele>
      </trkpt>
      <trkpt lat="44.056178" lon="5.714843">
        <ele>776.1</ele>
      </trkpt>
      <trkpt lat="44.056029" lon="5.715141">
        <ele>777.1</ele>
      </trkpt>
      <trkpt lat="44.055906" lon="5.715455">
        <ele>779.3</ele>
      </trkpt>
      <trkpt lat="44.055601" lon="5.715824">
        <ele>780.8</ele>
      </trkpt>
      <trkpt lat="44.055374" lon="5.716189">
        <ele>780.6</ele>
      </trkpt>
      <trkpt lat="44.055243" lon="5.716699">
        <ele>781.3</ele>
      </trkpt>
      <trkpt lat="44.055259" lon="5.717315">
        <ele>784.3</ele>
      </trkpt>
      <trkpt lat="44.055224" lon="5.718366">
        <ele>786.7</ele>
      </trkpt>
      <trkpt lat="44.055179" lon="5.719333">
        <ele>789.8</ele>
      </trkpt>
      <trkpt lat="44.055062" lon="5.720157">
        <ele>791.5</ele>
      </trkpt>
      <trkpt lat="44.054975" lon="5.720626">
        <ele>791.6</ele>
      </trkpt>
      <trkpt lat="44.054789" lon="5.721097">
        <ele>791.5</ele>
      </trkpt>
      <trkpt lat="44.054625" lon="5.721618">
        <ele>791.7</ele>
      </trkpt>
      <trkpt lat="44.054444" lon="5.722252">
        <ele>792.8</ele>
      </trkpt>
      <trkpt lat="44.054272" lon="5.722844">
        <ele>792.6</ele>
      </trkpt>
      <trkpt lat="44.053948" lon="5.723751">
        <ele>790.2</ele>
      </trkpt>
      <trkpt lat="44.053726" lon="5.724245">
        <ele>789.2</ele>
      </trkpt>
      <trkpt lat="44.053668" lon="5.724474">
        <ele>790.1</ele>
      </trkpt>
      <trkpt lat="44.053801" lon="5.725183">
        <ele>794.8</ele>
      </trkpt>
      <trkpt lat="44.054145" lon="5.726390">
        <ele>810.4</ele>
      </trkpt>
      <trkpt lat="44.054473" lon="5.727172">
        <ele>824</ele>
      </trkpt>
      <trkpt lat="44.054809" lon="5.728034">
        <ele>840.3</ele>
      </trkpt>
      <trkpt lat="44.055108" lon="5.728569">
        <ele>850.5</ele>
      </trkpt>
      <trkpt lat="44.055302" lon="5.729444">
        <ele>861.4</ele>
      </trkpt>
      <trkpt lat="44.055676" lon="5.730404">
        <ele>873.7</ele>
      </trkpt>
      <trkpt lat="44.055973" lon="5.731546">
        <ele>876.8</ele>
      </trkpt>
      <trkpt lat="44.056223" lon="5.732421">
        <ele>873.6</ele>
      </trkpt>
      <trkpt lat="44.056227" lon="5.733179">
        <ele>865.7</ele>
      </trkpt>
      <trkpt lat="44.056235" lon="5.733815">
        <ele>855</ele>
      </trkpt>
      <trkpt lat="44.056139" lon="5.734210">
        <ele>846.2</ele>
      </trkpt>
      <trkpt lat="44.055925" lon="5.734703">
        <ele>833.3</ele>
      </trkpt>
      <trkpt lat="44.055692" lon="5.735226">
        <ele>823.3</ele>
      </trkpt>
      <trkpt lat="44.055596" lon="5.735389">
        <ele>821.7</ele>
      </trkpt>
      <trkpt lat="44.055393" lon="5.735720">
        <ele>819.7</ele>
      </trkpt>
      <trkpt lat="44.055280" lon="5.735983">
        <ele>821.3</ele>
      </trkpt>
      <trkpt lat="44.055169" lon="5.736404">
        <ele>827.4</ele>
      </trkpt>
      <trkpt lat="44.055169" lon="5.736686">
        <ele>831.4</ele>
      </trkpt>
      <trkpt lat="44.055076" lon="5.737065">
        <ele>836.6</ele>
      </trkpt>
      <trkpt lat="44.054813" lon="5.737366">
        <ele>840.2</ele>
      </trkpt>
      <trkpt lat="44.054303" lon="5.737562">
        <ele>843.1</ele>
      </trkpt>
      <trkpt lat="44.053654" lon="5.737743">
        <ele>852.6</ele>
      </trkpt>
      <trkpt lat="44.052986" lon="5.737892">
        <ele>862.9</ele>
      </trkpt>
      <trkpt lat="44.052045" lon="5.738549">
        <ele>886.1</ele>
      </trkpt>
      <trkpt lat="44.051194" lon="5.739393">
        <ele>904.5</ele>
      </trkpt>
      <trkpt lat="44.050578" lon="5.740069">
        <ele>914.1</ele>
      </trkpt>
      <trkpt lat="44.050214" lon="5.740784">
        <ele>917.1</ele>
      </trkpt>
      <trkpt lat="44.050365" lon="5.741486">
        <ele>921.6</ele>
      </trkpt>
      <trkpt lat="44.050127" lon="5.741874">
        <ele>918.7</ele>
      </trkpt>
      <trkpt lat="44.049751" lon="5.742147">
        <ele>914.2</ele>
      </trkpt>
      <trkpt lat="44.049648" lon="5.742841">
        <ele>915.3</ele>
      </trkpt>
      <trkpt lat="44.049619" lon="5.743559">
        <ele>919</ele>
      </trkpt>
      <trkpt lat="44.049159" lon="5.744060">
        <ele>915.2</ele>
      </trkpt>
      <trkpt lat="44.048475" lon="5.744675">
        <ele>914.1</ele>
      </trkpt>
      <trkpt lat="44.048012" lon="5.745000">
        <ele>913.4</ele>
      </trkpt>
      <trkpt lat="44.047530" lon="5.745465">
        <ele>914.6</ele>
      </trkpt>
      <trkpt lat="44.047312" lon="5.745901">
        <ele>918.4</ele>
      </trkpt>
      <trkpt lat="44.047029" lon="5.746389">
        <ele>917.3</ele>
      </trkpt>
      <trkpt lat="44.046767" lon="5.746920">
        <ele>914.9</ele>
      </trkpt>
      <trkpt lat="44.046560" lon="5.747254">
        <ele>911.4</ele>
      </trkpt>
      <trkpt lat="44.046384" lon="5.747851">
        <ele>907.2</ele>
      </trkpt>
      <trkpt lat="44.046555" lon="5.748583">
        <ele>907.9</ele>
      </trkpt>
      <trkpt lat="44.046460" lon="5.749171">
        <ele>904.3</ele>
      </trkpt>
      <trkpt lat="44.046441" lon="5.749782">
        <ele>903.8</ele>
      </trkpt>
      <trkpt lat="44.046411" lon="5.750464">
        <ele>901.7</ele>
      </trkpt>
      <trkpt lat="44.046479" lon="5.751357">
        <ele>896.6</ele>
      </trkpt>
      <trkpt lat="44.046572" lon="5.751903">
        <ele>892.6</ele>
      </trkpt>
      <trkpt lat="44.046831" lon="5.752570">
        <ele>887.7</ele>
      </trkpt>
      <trkpt lat="44.047187" lon="5.752967">
        <ele>882.3</ele>
      </trkpt>
      <trkpt lat="44.047588" lon="5.753415">
        <ele>876.7</ele>
      </trkpt>
      <trkpt lat="44.048052" lon="5.753801">
        <ele>876.3</ele>
      </trkpt>
      <trkpt lat="44.048493" lon="5.753994">
        <ele>879.1</ele>
      </trkpt>
      <trkpt lat="44.048818" lon="5.754082">
        <ele>881.9</ele>
      </trkpt>
      <trkpt lat="44.048524" lon="5.754477">
        <ele>879.5</ele>
      </trkpt>
      <trkpt lat="44.048132" lon="5.754816">
        <ele>876.6</ele>
      </trkpt>
      <trkpt lat="44.047847" lon="5.755478">
        <ele>876.3</ele>
      </trkpt>
      <trkpt lat="44.047779" lon="5.756108">
        <ele>877.4</ele>
      </trkpt>
      <trkpt lat="44.047613" lon="5.756857">
        <ele>873.7</ele>
      </trkpt>
      <trkpt lat="44.047667" lon="5.757710">
        <ele>869.7</ele>
      </trkpt>
      <trkpt lat="44.047712" lon="5.758617">
        <ele>862.8</ele>
      </trkpt>
      <trkpt lat="44.047874" lon="5.759627">
        <ele>856.3</ele>
      </trkpt>
      <trkpt lat="44.048031" lon="5.760418">
        <ele>851.4</ele>
      </trkpt>
      <trkpt lat="44.048195" lon="5.760901">
        <ele>849</ele>
      </trkpt>
      <trkpt lat="44.048419" lon="5.761511">
        <ele>847.5</ele>
      </trkpt>
      <trkpt lat="44.048618" lon="5.761933">
        <ele>847.7</ele>
      </trkpt>
      <trkpt lat="44.048607" lon="5.762543">
        <ele>842.7</ele>
      </trkpt>
      <trkpt lat="44.048460" lon="5.763546">
        <ele>834</ele>
      </trkpt>
      <trkpt lat="44.048374" lon="5.764138">
        <ele>827.9</ele>
      </trkpt>
      <trkpt lat="44.048330" lon="5.764717">
        <ele>822.4</ele>
      </trkpt>
      <trkpt lat="44.048274" lon="5.765530">
        <ele>814.3</ele>
      </trkpt>
      <trkpt lat="44.048344" lon="5.766044">
        <ele>810.1</ele>
      </trkpt>
      <trkpt lat="44.048375" lon="5.766681">
        <ele>804.4</ele>
      </trkpt>
      <trkpt lat="44.048325" lon="5.767048">
        <ele>800.3</ele>
      </trkpt>
      <trkpt lat="44.048181" lon="5.767407">
        <ele>795</ele>
      </trkpt>
      <trkpt lat="44.048024" lon="5.767595">
        <ele>791</ele>
      </trkpt>
      <trkpt lat="44.047833" lon="5.767674">
        <ele>787.6</ele>
      </trkpt>
      <trkpt lat="44.047735" lon="5.767951">
        <ele>783.1</ele>
      </trkpt>
      <trkpt lat="44.047801" lon="5.768431">
        <ele>779</ele>
      </trkpt>
      <trkpt lat="44.047816" lon="5.768761">
        <ele>776.5</ele>
      </trkpt>
      <trkpt lat="44.047971" lon="5.769133">
        <ele>776.4</ele>
      </trkpt>
      <trkpt lat="44.047986" lon="5.769293">
        <ele>775.6</ele>
      </trkpt>
      <trkpt lat="44.047863" lon="5.769483">
        <ele>772.1</ele>
      </trkpt>
      <trkpt lat="44.047756" lon="5.769820">
        <ele>768</ele>
      </trkpt>
      <trkpt lat="44.047702" lon="5.770295">
        <ele>762.5</ele>
      </trkpt>
      <trkpt lat="44.047681" lon="5.770624">
        <ele>758.2</ele>
      </trkpt>
      <trkpt lat="44.047718" lon="5.770990">
        <ele>755.3</ele>
      </trkpt>
      <trkpt lat="44.047676" lon="5.771391">
        <ele>751.5</ele>
      </trkpt>
      <trkpt lat="44.047675" lon="5.771770">
        <ele>748.8</ele>
      </trkpt>
      <trkpt lat="44.047612" lon="5.772153">
        <ele>745.6</ele>
      </trkpt>
      <trkpt lat="44.047456" lon="5.772477">
        <ele>741.4</ele>
      </trkpt>
      <trkpt lat="44.047222" lon="5.772639">
        <ele>737</ele>
      </trkpt>
      <trkpt lat="44.046964" lon="5.772960">
        <ele>731.9</ele>
      </trkpt>
      <trkpt lat="44.046722" lon="5.773323">
        <ele>727</ele>
      </trkpt>
      <trkpt lat="44.046567" lon="5.773689">
        <ele>723.4</ele>
      </trkpt>
      <trkpt lat="44.046502" lon="5.774135">
        <ele>721</ele>
      </trkpt>
      <trkpt lat="44.046377" lon="5.774551">
        <ele>717.5</ele>
      </trkpt>
      <trkpt lat="44.046307" lon="5.774944">
        <ele>715</ele>
      </trkpt>
      <trkpt lat="44.046390" lon="5.775615">
        <ele>712.3</ele>
      </trkpt>
      <trkpt lat="44.046635" lon="5.776138">
        <ele>711.9</ele>
      </trkpt>
      <trkpt lat="44.046701" lon="5.776392">
        <ele>711.2</ele>
      </trkpt>
      <trkpt lat="44.046371" lon="5.776412">
        <ele>707.4</ele>
      </trkpt>
      <trkpt lat="44.046120" lon="5.776774">
        <ele>702.6</ele>
      </trkpt>
      <trkpt lat="44.045968" lon="5.776912">
        <ele>700.2</ele>
      </trkpt>
      <trkpt lat="44.045845" lon="5.777204">
        <ele>697</ele>
      </trkpt>
      <trkpt lat="44.045689" lon="5.777451">
        <ele>694.8</ele>
      </trkpt>
      <trkpt lat="44.045321" lon="5.777710">
        <ele>692.9</ele>
      </trkpt>
      <trkpt lat="44.045341" lon="5.778190">
        <ele>692.3</ele>
      </trkpt>
      <trkpt lat="44.045368" lon="5.778707">
        <ele>692.6</ele>
      </trkpt>
      <trkpt lat="44.045445" lon="5.779238">
        <ele>694.2</ele>
      </trkpt>
      <trkpt lat="44.045399" lon="5.779716">
        <ele>697.3</ele>
      </trkpt>
      <trkpt lat="44.045379" lon="5.780110">
        <ele>699.6</ele>
      </trkpt>
      <trkpt lat="44.044864" lon="5.780296">
        <ele>696.1</ele>
      </trkpt>
      <trkpt lat="44.044370" lon="5.780506">
        <ele>693</ele>
      </trkpt>
      <trkpt lat="44.043834" lon="5.780634">
        <ele>688.8</ele>
      </trkpt>
      <trkpt lat="44.043369" lon="5.780891">
        <ele>685.4</ele>
      </trkpt>
      <trkpt lat="44.042951" lon="5.781090">
        <ele>682.3</ele>
      </trkpt>
      <trkpt lat="44.042715" lon="5.781335">
        <ele>680.6</ele>
      </trkpt>
      <trkpt lat="44.042414" lon="5.781732">
        <ele>678.2</ele>
      </trkpt>
      <trkpt lat="44.042180" lon="5.782295">
        <ele>676.2</ele>
      </trkpt>
      <trkpt lat="44.042160" lon="5.782693">
        <ele>676.2</ele>
      </trkpt>
      <trkpt lat="44.041910" lon="5.783532">
        <ele>674</ele>
      </trkpt>
      <trkpt lat="44.041792" lon="5.784206">
        <ele>673.1</ele>
      </trkpt>
      <trkpt lat="44.041482" lon="5.784929">
        <ele>674.1</ele>
      </trkpt>
      <trkpt lat="44.041285" lon="5.785353">
        <ele>673.7</ele>
      </trkpt>
      <trkpt lat="44.041296" lon="5.785985">
        <ele>675.3</ele>
      </trkpt>
      <trkpt lat="44.041306" lon="5.786006">
        <ele>675.5</ele>
      </trkpt>
      <trkpt lat="44.041270" lon="5.786587">
        <ele>676.5</ele>
      </trkpt>
      <trkpt lat="44.041310" lon="5.787374">
        <ele>675.5</ele>
      </trkpt>
      <trkpt lat="44.041088" lon="5.787792">
        <ele>673.1</ele>
      </trkpt>
      <trkpt lat="44.040855" lon="5.788190">
        <ele>671.1</ele>
      </trkpt>
      <trkpt lat="44.040592" lon="5.788875">
        <ele>671.1</ele>
      </trkpt>
      <trkpt lat="44.040259" lon="5.789580">
        <ele>670.4</ele>
      </trkpt>
      <trkpt lat="44.040116" lon="5.790261">
        <ele>669</ele>
      </trkpt>
      <trkpt lat="44.039988" lon="5.791017">
        <ele>665.7</ele>
      </trkpt>
      <trkpt lat="44.039945" lon="5.791653">
        <ele>664.6</ele>
      </trkpt>
      <trkpt lat="44.039960" lon="5.792265">
        <ele>662.6</ele>
      </trkpt>
      <trkpt lat="44.039886" lon="5.792748">
        <ele>661.3</ele>
      </trkpt>
      <trkpt lat="44.039862" lon="5.793352">
        <ele>661.2</ele>
      </trkpt>
      <trkpt lat="44.039737" lon="5.794030">
        <ele>661</ele>
      </trkpt>
      <trkpt lat="44.039611" lon="5.794785">
        <ele>660.6</ele>
      </trkpt>
      <trkpt lat="44.039543" lon="5.795385">
        <ele>659.1</ele>
      </trkpt>
      <trkpt lat="44.039623" lon="5.795902">
        <ele>658.1</ele>
      </trkpt>
      <trkpt lat="44.039792" lon="5.796435">
        <ele>658.1</ele>
      </trkpt>
      <trkpt lat="44.040001" lon="5.796928">
        <ele>658.4</ele>
      </trkpt>
      <trkpt lat="44.040145" lon="5.797364">
        <ele>658.4</ele>
      </trkpt>
      <trkpt lat="44.040336" lon="5.797584">
        <ele>659.5</ele>
      </trkpt>
      <trkpt lat="44.040760" lon="5.797901">
        <ele>662.5</ele>
      </trkpt>
      <trkpt lat="44.041252" lon="5.798225">
        <ele>666</ele>
      </trkpt>
      <trkpt lat="44.041487" lon="5.798734">
        <ele>666.4</ele>
      </trkpt>
      <trkpt lat="44.041740" lon="5.799171">
        <ele>666.5</ele>
      </trkpt>
      <trkpt lat="44.041869" lon="5.799595">
        <ele>666.7</ele>
      </trkpt>
      <trkpt lat="44.041852" lon="5.799939">
        <ele>666</ele>
      </trkpt>
      <trkpt lat="44.041791" lon="5.800233">
        <ele>665.9</ele>
      </trkpt>
      <trkpt lat="44.041729" lon="5.800479">
        <ele>665.9</ele>
      </trkpt>
      <trkpt lat="44.041734" lon="5.800820">
        <ele>666.4</ele>
      </trkpt>
      <trkpt lat="44.041893" lon="5.801191">
        <ele>666.4</ele>
      </trkpt>
      <trkpt lat="44.042093" lon="5.801650">
        <ele>666.1</ele>
      </trkpt>
      <trkpt lat="44.042165" lon="5.802011">
        <ele>666.4</ele>
      </trkpt>
      <trkpt lat="44.042158" lon="5.802249">
        <ele>666.4</ele>
      </trkpt>
      <trkpt lat="44.041959" lon="5.802683">
        <ele>665.4</ele>
      </trkpt>
      <trkpt lat="44.041708" lon="5.803123">
        <ele>664.8</ele>
      </trkpt>
      <trkpt lat="44.041490" lon="5.803625">
        <ele>664.3</ele>
      </trkpt>
      <trkpt lat="44.041326" lon="5.804136">
        <ele>663.6</ele>
      </trkpt>
      <trkpt lat="44.041129" lon="5.804712">
        <ele>660.1</ele>
      </trkpt>
      <trkpt lat="44.040950" lon="5.805171">
        <ele>657.3</ele>
      </trkpt>
      <trkpt lat="44.040809" lon="5.805596">
        <ele>655.5</ele>
      </trkpt>
      <trkpt lat="44.040702" lon="5.805943">
        <ele>654.7</ele>
      </trkpt>
      <trkpt lat="44.040580" lon="5.806253">
        <ele>653.5</ele>
      </trkpt>
      <trkpt lat="44.040470" lon="5.806554">
        <ele>652.3</ele>
      </trkpt>
      <trkpt lat="44.040310" lon="5.806897">
        <ele>651.6</ele>
      </trkpt>
      <trkpt lat="44.040223" lon="5.807110">
        <ele>650.5</ele>
      </trkpt>
      <trkpt lat="44.040073" lon="5.807251">
        <ele>650.2</ele>
      </trkpt>
      <trkpt lat="44.039887" lon="5.807300">
        <ele>652.8</ele>
      </trkpt>
      <trkpt lat="44.039676" lon="5.807268">
        <ele>657.9</ele>
      </trkpt>
      <trkpt lat="44.039452" lon="5.807383">
        <ele>661.4</ele>
      </trkpt>
      <trkpt lat="44.039251" lon="5.807561">
        <ele>663.2</ele>
      </trkpt>
      <trkpt lat="44.039115" lon="5.807717">
        <ele>662.9</ele>
      </trkpt>
      <trkpt lat="44.038975" lon="5.807810">
        <ele>663.7</ele>
      </trkpt>
      <trkpt lat="44.038803" lon="5.807806">
        <ele>666.8</ele>
      </trkpt>
      <trkpt lat="44.038621" lon="5.807617">
        <ele>673.2</ele>
      </trkpt>
      <trkpt lat="44.038248" lon="5.807128">
        <ele>683.3</ele>
      </trkpt>
      <trkpt lat="44.037826" lon="5.806931">
        <ele>687.1</ele>
      </trkpt>
      <trkpt lat="44.037371" lon="5.806798">
        <ele>689.3</ele>
      </trkpt>
      <trkpt lat="44.036880" lon="5.806620">
        <ele>689.9</ele>
      </trkpt>
      <trkpt lat="44.036416" lon="5.806453">
        <ele>690.8</ele>
      </trkpt>
      <trkpt lat="44.036021" lon="5.806264">
        <ele>691.1</ele>
      </trkpt>
      <trkpt lat="44.035827" lon="5.806034">
        <ele>691.8</ele>
      </trkpt>
      <trkpt lat="44.035653" lon="5.805820">
        <ele>692.5</ele>
      </trkpt>
      <trkpt lat="44.035479" lon="5.805748">
        <ele>691.8</ele>
      </trkpt>
      <trkpt lat="44.035294" lon="5.805765">
        <ele>691.5</ele>
      </trkpt>
      <trkpt lat="44.035073" lon="5.806111">
        <ele>690.4</ele>
      </trkpt>
      <trkpt lat="44.034791" lon="5.806540">
        <ele>692.4</ele>
      </trkpt>
      <trkpt lat="44.034474" lon="5.806927">
        <ele>693.9</ele>
      </trkpt>
      <trkpt lat="44.034209" lon="5.807206">
        <ele>694.1</ele>
      </trkpt>
      <trkpt lat="44.033961" lon="5.807439">
        <ele>696.4</ele>
      </trkpt>
      <trkpt lat="44.033765" lon="5.807598">
        <ele>699.1</ele>
      </trkpt>
      <trkpt lat="44.033622" lon="5.807893">
        <ele>700.8</ele>
      </trkpt>
      <trkpt lat="44.033627" lon="5.808153">
        <ele>699.5</ele>
      </trkpt>
      <trkpt lat="44.033644" lon="5.808171">
        <ele>698.9</ele>
      </trkpt>
      <trkpt lat="44.033684" lon="5.808342">
        <ele>696.9</ele>
      </trkpt>
      <trkpt lat="44.033622" lon="5.808508">
        <ele>698.9</ele>
      </trkpt>
      <trkpt lat="44.033481" lon="5.808598">
        <ele>703</ele>
      </trkpt>
      <trkpt lat="44.033264" lon="5.808668">
        <ele>708.7</ele>
      </trkpt>
      <trkpt lat="44.033049" lon="5.808880">
        <ele>712</ele>
      </trkpt>
      <trkpt lat="44.032733" lon="5.808998">
        <ele>715.9</ele>
      </trkpt>
      <trkpt lat="44.032386" lon="5.809151">
        <ele>718.6</ele>
      </trkpt>
      <trkpt lat="44.032007" lon="5.809319">
        <ele>720.3</ele>
      </trkpt>
      <trkpt lat="44.031620" lon="5.809420">
        <ele>722.5</ele>
      </trkpt>
      <trkpt lat="44.031258" lon="5.809541">
        <ele>723.4</ele>
      </trkpt>
      <trkpt lat="44.030886" lon="5.809646">
        <ele>724</ele>
      </trkpt>
      <trkpt lat="44.030548" lon="5.809615">
        <ele>725.1</ele>
      </trkpt>
      <trkpt lat="44.030257" lon="5.809534">
        <ele>727.1</ele>
      </trkpt>
      <trkpt lat="44.029968" lon="5.809231">
        <ele>734.1</ele>
      </trkpt>
      <trkpt lat="44.029805" lon="5.809030">
        <ele>737.2</ele>
      </trkpt>
      <trkpt lat="44.029693" lon="5.808719">
        <ele>743.1</ele>
      </trkpt>
      <trkpt lat="44.029525" lon="5.808463">
        <ele>745.4</ele>
      </trkpt>
      <trkpt lat="44.029390" lon="5.808434">
        <ele>743.3</ele>
      </trkpt>
      <trkpt lat="44.029119" lon="5.808577">
        <ele>735.6</ele>
      </trkpt>
      <trkpt lat="44.028758" lon="5.808801">
        <ele>729.8</ele>
      </trkpt>
      <trkpt lat="44.028547" lon="5.808960">
        <ele>727.8</ele>
      </trkpt>
      <trkpt lat="44.028451" lon="5.809247">
        <ele>726.6</ele>
      </trkpt>
      <trkpt lat="44.028414" lon="5.809473">
        <ele>725.9</ele>
      </trkpt>
      <trkpt lat="44.028311" lon="5.809733">
        <ele>726</ele>
      </trkpt>
      <trkpt lat="44.028251" lon="5.809951">
        <ele>726.4</ele>
      </trkpt>
      <trkpt lat="44.028298" lon="5.810252">
        <ele>724.7</ele>
      </trkpt>
      <trkpt lat="44.028440" lon="5.810497">
        <ele>722</ele>
      </trkpt>
      <trkpt lat="44.028463" lon="5.810520">
        <ele>721.6</ele>
      </trkpt>
      <trkpt lat="44.028478" lon="5.810541">
        <ele>721.4</ele>
      </trkpt>
      <trkpt lat="44.028491" lon="5.810576">
        <ele>721.1</ele>
      </trkpt>
      <trkpt lat="44.028492" lon="5.810741">
        <ele>720.4</ele>
      </trkpt>
      <trkpt lat="44.028372" lon="5.810820">
        <ele>721.6</ele>
      </trkpt>
      <trkpt lat="44.028184" lon="5.810917">
        <ele>723.8</ele>
      </trkpt>
      <trkpt lat="44.027994" lon="5.811058">
        <ele>725.6</ele>
      </trkpt>
      <trkpt lat="44.027845" lon="5.811154">
        <ele>727.2</ele>
      </trkpt>
      <trkpt lat="44.027712" lon="5.811308">
        <ele>727.9</ele>
      </trkpt>
      <trkpt lat="44.027594" lon="5.811481">
        <ele>728.3</ele>
      </trkpt>
      <trkpt lat="44.027539" lon="5.811730">
        <ele>727.1</ele>
      </trkpt>
      <trkpt lat="44.027543" lon="5.811998">
        <ele>726</ele>
      </trkpt>
      <trkpt lat="44.027581" lon="5.812323">
        <ele>723.8</ele>
      </trkpt>
      <trkpt lat="44.027591" lon="5.812571">
        <ele>723.1</ele>
      </trkpt>
      <trkpt lat="44.027638" lon="5.812883">
        <ele>723.5</ele>
      </trkpt>
      <trkpt lat="44.027669" lon="5.813066">
        <ele>723.6</ele>
      </trkpt>
      <trkpt lat="44.027652" lon="5.813271">
        <ele>725</ele>
      </trkpt>
      <trkpt lat="44.027648" lon="5.813538">
        <ele>725.6</ele>
      </trkpt>
      <trkpt lat="44.027582" lon="5.813729">
        <ele>727.2</ele>
      </trkpt>
      <trkpt lat="44.027438" lon="5.814054">
        <ele>730.4</ele>
      </trkpt>
      <trkpt lat="44.027302" lon="5.814285">
        <ele>732.4</ele>
      </trkpt>
      <trkpt lat="44.027128" lon="5.814428">
        <ele>734.6</ele>
      </trkpt>
      <trkpt lat="44.026861" lon="5.814535">
        <ele>737.8</ele>
      </trkpt>
      <trkpt lat="44.026534" lon="5.814544">
        <ele>742.6</ele>
      </trkpt>
      <trkpt lat="44.026253" lon="5.814579">
        <ele>746.2</ele>
      </trkpt>
      <trkpt lat="44.025945" lon="5.814673">
        <ele>747.8</ele>
      </trkpt>
      <trkpt lat="44.025743" lon="5.814659">
        <ele>749.9</ele>
      </trkpt>
      <trkpt lat="44.025667" lon="5.814564">
        <ele>752.6</ele>
      </trkpt>
      <trkpt lat="44.025619" lon="5.814397">
        <ele>757.5</ele>
      </trkpt>
      <trkpt lat="44.025566" lon="5.814072">
        <ele>765.2</ele>
      </trkpt>
      <trkpt lat="44.025538" lon="5.813966">
        <ele>766.5</ele>
      </trkpt>
      <trkpt lat="44.025503" lon="5.813885">
        <ele>767.3</ele>
      </trkpt>
      <trkpt lat="44.025433" lon="5.813883">
        <ele>766.9</ele>
      </trkpt>
      <trkpt lat="44.025374" lon="5.813930">
        <ele>766</ele>
      </trkpt>
      <trkpt lat="44.025281" lon="5.814037">
        <ele>764</ele>
      </trkpt>
      <trkpt lat="44.025184" lon="5.814217">
        <ele>760.6</ele>
      </trkpt>
      <trkpt lat="44.025096" lon="5.814381">
        <ele>756.3</ele>
      </trkpt>
      <trkpt lat="44.024970" lon="5.814529">
        <ele>752.9</ele>
      </trkpt>
      <trkpt lat="44.024786" lon="5.814771">
        <ele>749.7</ele>
      </trkpt>
      <trkpt lat="44.024655" lon="5.814960">
        <ele>747.6</ele>
      </trkpt>
      <trkpt lat="44.024544" lon="5.815095">
        <ele>747</ele>
      </trkpt>
      <trkpt lat="44.024443" lon="5.815140">
        <ele>748.1</ele>
      </trkpt>
      <trkpt lat="44.024307" lon="5.815100">
        <ele>751.3</ele>
      </trkpt>
      <trkpt lat="44.024163" lon="5.814999">
        <ele>755</ele>
      </trkpt>
      <trkpt lat="44.024002" lon="5.814951">
        <ele>757.5</ele>
      </trkpt>
      <trkpt lat="44.023920" lon="5.814880">
        <ele>759.4</ele>
      </trkpt>
      <trkpt lat="44.023841" lon="5.814848">
        <ele>760.5</ele>
      </trkpt>
      <trkpt lat="44.023972" lon="5.814782">
        <ele>760.1</ele>
      </trkpt>
      <trkpt lat="44.024103" lon="5.814647">
        <ele>760.6</ele>
      </trkpt>
      <trkpt lat="44.024244" lon="5.814432">
        <ele>762.5</ele>
      </trkpt>
      <trkpt lat="44.024332" lon="5.814229">
        <ele>765</ele>
      </trkpt>
      <trkpt lat="44.024398" lon="5.813935">
        <ele>766.9</ele>
      </trkpt>
      <trkpt lat="44.024496" lon="5.813685">
        <ele>768.1</ele>
      </trkpt>
      <trkpt lat="44.024581" lon="5.813314">
        <ele>770.6</ele>
      </trkpt>
      <trkpt lat="44.024590" lon="5.813085">
        <ele>771.8</ele>
      </trkpt>
      <trkpt lat="44.024594" lon="5.812881">
        <ele>773</ele>
      </trkpt>
      <trkpt lat="44.024616" lon="5.812675">
        <ele>774.1</ele>
      </trkpt>
      <trkpt lat="44.024678" lon="5.812424">
        <ele>775.6</ele>
      </trkpt>
      <trkpt lat="44.024755" lon="5.812110">
        <ele>777.9</ele>
      </trkpt>
      <trkpt lat="44.024833" lon="5.811927">
        <ele>779</ele>
      </trkpt>
      <trkpt lat="44.024893" lon="5.811768">
        <ele>779.9</ele>
      </trkpt>
      <trkpt lat="44.024927" lon="5.811594">
        <ele>780.8</ele>
      </trkpt>
      <trkpt lat="44.024914" lon="5.811438">
        <ele>781.9</ele>
      </trkpt>
      <trkpt lat="44.024853" lon="5.811299">
        <ele>783.1</ele>
      </trkpt>
      <trkpt lat="44.024751" lon="5.811260">
        <ele>784</ele>
      </trkpt>
      <trkpt lat="44.024641" lon="5.811134">
        <ele>785.5</ele>
      </trkpt>
      <trkpt lat="44.024520" lon="5.811050">
        <ele>786.9</ele>
      </trkpt>
      <trkpt lat="44.024408" lon="5.811011">
        <ele>788</ele>
      </trkpt>
      <trkpt lat="44.024193" lon="5.811021">
        <ele>789.3</ele>
      </trkpt>
      <trkpt lat="44.024080" lon="5.811039">
        <ele>789.7</ele>
      </trkpt>
      <trkpt lat="44.023936" lon="5.811060">
        <ele>790.2</ele>
      </trkpt>
      <trkpt lat="44.023824" lon="5.811146">
        <ele>790.1</ele>
      </trkpt>
      <trkpt lat="44.023702" lon="5.811251">
        <ele>790</ele>
      </trkpt>
      <trkpt lat="44.023591" lon="5.811318">
        <ele>790.2</ele>
      </trkpt>
      <trkpt lat="44.023448" lon="5.811325">
        <ele>791</ele>
      </trkpt>
      <trkpt lat="44.023295" lon="5.811316">
        <ele>792.1</ele>
      </trkpt>
      <trkpt lat="44.023121" lon="5.811270">
        <ele>794.1</ele>
      </trkpt>
      <trkpt lat="44.022886" lon="5.811202">
        <ele>796.4</ele>
      </trkpt>
      <trkpt lat="44.022720" lon="5.811146">
        <ele>797.7</ele>
      </trkpt>
      <trkpt lat="44.022540" lon="5.811095">
        <ele>798.9</ele>
      </trkpt>
      <trkpt lat="44.022329" lon="5.810967">
        <ele>800</ele>
      </trkpt>
      <trkpt lat="44.022180" lon="5.810815">
        <ele>800</ele>
      </trkpt>
      <trkpt lat="44.022027" lon="5.810644">
        <ele>798.6</ele>
      </trkpt>
      <trkpt lat="44.021893" lon="5.810528">
        <ele>797.5</ele>
      </trkpt>
      <trkpt lat="44.021692" lon="5.810406">
        <ele>796.6</ele>
      </trkpt>
      <trkpt lat="44.021538" lon="5.810338">
        <ele>796.3</ele>
      </trkpt>
      <trkpt lat="44.021422" lon="5.810305">
        <ele>796.4</ele>
      </trkpt>
      <trkpt lat="44.021211" lon="5.810322">
        <ele>798.3</ele>
      </trkpt>
      <trkpt lat="44.021118" lon="5.810304">
        <ele>798.8</ele>
      </trkpt>
      <trkpt lat="44.020975" lon="5.810198">
        <ele>798.1</ele>
      </trkpt>
      <trkpt lat="44.020831" lon="5.810127">
        <ele>798</ele>
      </trkpt>
      <trkpt lat="44.020702" lon="5.810085">
        <ele>798.5</ele>
      </trkpt>
      <trkpt lat="44.020567" lon="5.810023">
        <ele>798.8</ele>
      </trkpt>
      <trkpt lat="44.020441" lon="5.809968">
        <ele>799.1</ele>
      </trkpt>
      <trkpt lat="44.020329" lon="5.809926">
        <ele>799.5</ele>
      </trkpt>
      <trkpt lat="44.020193" lon="5.809877">
        <ele>799.8</ele>
      </trkpt>
      <trkpt lat="44.020098" lon="5.809831">
        <ele>799.9</ele>
      </trkpt>
      <trkpt lat="44.019990" lon="5.809764">
        <ele>799.5</ele>
      </trkpt>
      <trkpt lat="44.019912" lon="5.809684">
        <ele>798.2</ele>
      </trkpt>
      <trkpt lat="44.019846" lon="5.809593">
        <ele>796.9</ele>
      </trkpt>
      <trkpt lat="44.019832" lon="5.809509">
        <ele>795.6</ele>
      </trkpt>
      <trkpt lat="44.019800" lon="5.809375">
        <ele>793.5</ele>
      </trkpt>
      <trkpt lat="44.019728" lon="5.809304">
        <ele>792.8</ele>
      </trkpt>
      <trkpt lat="44.019606" lon="5.809157">
        <ele>791.6</ele>
      </trkpt>
      <trkpt lat="44.019513" lon="5.809049">
        <ele>791.3</ele>
      </trkpt>
      <trkpt lat="44.019384" lon="5.808937">
        <ele>791.4</ele>
      </trkpt>
      <trkpt lat="44.019212" lon="5.808800">
        <ele>791.8</ele>
      </trkpt>
      <trkpt lat="44.019099" lon="5.808686">
        <ele>792</ele>
      </trkpt>
      <trkpt lat="44.019033" lon="5.808529">
        <ele>791.1</ele>
      </trkpt>
      <trkpt lat="44.018909" lon="5.808283">
        <ele>790</ele>
      </trkpt>
      <trkpt lat="44.018829" lon="5.808067">
        <ele>789.2</ele>
      </trkpt>
      <trkpt lat="44.018721" lon="5.807922">
        <ele>789.4</ele>
      </trkpt>
      <trkpt lat="44.018603" lon="5.807774">
        <ele>789.8</ele>
      </trkpt>
      <trkpt lat="44.018499" lon="5.807680">
        <ele>790.6</ele>
      </trkpt>
      <trkpt lat="44.018365" lon="5.807389">
        <ele>791.1</ele>
      </trkpt>
      <trkpt lat="44.018254" lon="5.807201">
        <ele>791.3</ele>
      </trkpt>
      <trkpt lat="44.018035" lon="5.806801">
        <ele>790.3</ele>
      </trkpt>
      <trkpt lat="44.017896" lon="5.806573">
        <ele>789</ele>
      </trkpt>
      <trkpt lat="44.017787" lon="5.806386">
        <ele>787.4</ele>
      </trkpt>
      <trkpt lat="44.017691" lon="5.806135">
        <ele>785.3</ele>
      </trkpt>
      <trkpt lat="44.017550" lon="5.805923">
        <ele>783.7</ele>
      </trkpt>
      <trkpt lat="44.017449" lon="5.805713">
        <ele>782.5</ele>
      </trkpt>
      <trkpt lat="44.017368" lon="5.805419">
        <ele>781.1</ele>
      </trkpt>
      <trkpt lat="44.017315" lon="5.805129">
        <ele>779.5</ele>
      </trkpt>
      <trkpt lat="44.017291" lon="5.804929">
        <ele>778.3</ele>
      </trkpt>
      <trkpt lat="44.017286" lon="5.804661">
        <ele>776.9</ele>
      </trkpt>
      <trkpt lat="44.017222" lon="5.804317">
        <ele>776.1</ele>
      </trkpt>
      <trkpt lat="44.017167" lon="5.804029">
        <ele>776</ele>
      </trkpt>
      <trkpt lat="44.017112" lon="5.803855">
        <ele>776.7</ele>
      </trkpt>
      <trkpt lat="44.017038" lon="5.803635">
        <ele>777.7</ele>
      </trkpt>
      <trkpt lat="44.017024" lon="5.803330">
        <ele>777.3</ele>
      </trkpt>
      <trkpt lat="44.017007" lon="5.803035">
        <ele>777.8</ele>
      </trkpt>
      <trkpt lat="44.016988" lon="5.802672">
        <ele>778.5</ele>
      </trkpt>
      <trkpt lat="44.016951" lon="5.802419">
        <ele>779</ele>
      </trkpt>
      <trkpt lat="44.016857" lon="5.802107">
        <ele>779.1</ele>
      </trkpt>
      <trkpt lat="44.016732" lon="5.801859">
        <ele>779.5</ele>
      </trkpt>
      <trkpt lat="44.016581" lon="5.801611">
        <ele>779.7</ele>
      </trkpt>
      <trkpt lat="44.016477" lon="5.801391">
        <ele>778.6</ele>
      </trkpt>
      <trkpt lat="44.016375" lon="5.801111">
        <ele>776.2</ele>
      </trkpt>
      <trkpt lat="44.016161" lon="5.800618">
        <ele>773.2</ele>
      </trkpt>
      <trkpt lat="44.016000" lon="5.800276">
        <ele>771.3</ele>
      </trkpt>
      <trkpt lat="44.015862" lon="5.800051">
        <ele>770.3</ele>
      </trkpt>
      <trkpt lat="44.015687" lon="5.799754">
        <ele>769.5</ele>
      </trkpt>
      <trkpt lat="44.015493" lon="5.799575">
        <ele>769.7</ele>
      </trkpt>
      <trkpt lat="44.015266" lon="5.799479">
        <ele>770.9</ele>
      </trkpt>
      <trkpt lat="44.015040" lon="5.799274">
        <ele>769.6</ele>
      </trkpt>
      <trkpt lat="44.014810" lon="5.799070">
        <ele>767</ele>
      </trkpt>
      <trkpt lat="44.014598" lon="5.798788">
        <ele>763.8</ele>
      </trkpt>
      <trkpt lat="44.014194" lon="5.798376">
        <ele>758.5</ele>
      </trkpt>
      <trkpt lat="44.013945" lon="5.798176">
        <ele>756.6</ele>
      </trkpt>
      <trkpt lat="44.013676" lon="5.797945">
        <ele>753.9</ele>
      </trkpt>
      <trkpt lat="44.013389" lon="5.797675">
        <ele>750.4</ele>
      </trkpt>
      <trkpt lat="44.013189" lon="5.797484">
        <ele>747.8</ele>
      </trkpt>
      <trkpt lat="44.012999" lon="5.797284">
        <ele>746</ele>
      </trkpt>
      <trkpt lat="44.012800" lon="5.796964">
        <ele>743.2</ele>
      </trkpt>
      <trkpt lat="44.012620" lon="5.796660">
        <ele>740.7</ele>
      </trkpt>
      <trkpt lat="44.012444" lon="5.796318">
        <ele>737.6</ele>
      </trkpt>
      <trkpt lat="44.012317" lon="5.795971">
        <ele>734.6</ele>
      </trkpt>
      <trkpt lat="44.012094" lon="5.795587">
        <ele>730.5</ele>
      </trkpt>
      <trkpt lat="44.011955" lon="5.795469">
        <ele>729.7</ele>
      </trkpt>
      <trkpt lat="44.011846" lon="5.795304">
        <ele>728.5</ele>
      </trkpt>
      <trkpt lat="44.011730" lon="5.795260">
        <ele>729</ele>
      </trkpt>
      <trkpt lat="44.011570" lon="5.795280">
        <ele>729.5</ele>
      </trkpt>
      <trkpt lat="44.011430" lon="5.795361">
        <ele>729.9</ele>
      </trkpt>
      <trkpt lat="44.011292" lon="5.795321">
        <ele>729.4</ele>
      </trkpt>
      <trkpt lat="44.011160" lon="5.795141">
        <ele>728.3</ele>
      </trkpt>
      <trkpt lat="44.011036" lon="5.794937">
        <ele>727</ele>
      </trkpt>
      <trkpt lat="44.010911" lon="5.794602">
        <ele>723.4</ele>
      </trkpt>
      <trkpt lat="44.010830" lon="5.794455">
        <ele>722.1</ele>
      </trkpt>
      <trkpt lat="44.010600" lon="5.794287">
        <ele>721.5</ele>
      </trkpt>
      <trkpt lat="44.010181" lon="5.794046">
        <ele>724</ele>
      </trkpt>
      <trkpt lat="44.009840" lon="5.793827">
        <ele>725.6</ele>
      </trkpt>
      <trkpt lat="44.009654" lon="5.793724">
        <ele>725.4</ele>
      </trkpt>
      <trkpt lat="44.009470" lon="5.793658">
        <ele>725.1</ele>
      </trkpt>
      <trkpt lat="44.009220" lon="5.793529">
        <ele>725</ele>
      </trkpt>
      <trkpt lat="44.009001" lon="5.793330">
        <ele>724.8</ele>
      </trkpt>
      <trkpt lat="44.008881" lon="5.793177">
        <ele>724</ele>
      </trkpt>
      <trkpt lat="44.008723" lon="5.793098">
        <ele>722.8</ele>
      </trkpt>
      <trkpt lat="44.008490" lon="5.793052">
        <ele>721.1</ele>
      </trkpt>
      <trkpt lat="44.008219" lon="5.793013">
        <ele>719.4</ele>
      </trkpt>
      <trkpt lat="44.008006" lon="5.792956">
        <ele>718.3</ele>
      </trkpt>
      <trkpt lat="44.007782" lon="5.792843">
        <ele>717.7</ele>
      </trkpt>
      <trkpt lat="44.007555" lon="5.792701">
        <ele>717.8</ele>
      </trkpt>
      <trkpt lat="44.007344" lon="5.792512">
        <ele>718</ele>
      </trkpt>
      <trkpt lat="44.007186" lon="5.792365">
        <ele>718.8</ele>
      </trkpt>
      <trkpt lat="44.006997" lon="5.792294">
        <ele>718.8</ele>
      </trkpt>
      <trkpt lat="44.006740" lon="5.792254">
        <ele>718.4</ele>
      </trkpt>
      <trkpt lat="44.006576" lon="5.792211">
        <ele>719.3</ele>
      </trkpt>
      <trkpt lat="44.006403" lon="5.792128">
        <ele>721.2</ele>
      </trkpt>
      <trkpt lat="44.006282" lon="5.792045">
        <ele>723.1</ele>
      </trkpt>
      <trkpt lat="44.006143" lon="5.791951">
        <ele>725.5</ele>
      </trkpt>
      <trkpt lat="44.005857" lon="5.791679">
        <ele>732.6</ele>
      </trkpt>
      <trkpt lat="44.005697" lon="5.791536">
        <ele>733.9</ele>
      </trkpt>
      <trkpt lat="44.005520" lon="5.791388">
        <ele>735</ele>
      </trkpt>
      <trkpt lat="44.005412" lon="5.791241">
        <ele>736.4</ele>
      </trkpt>
      <trkpt lat="44.005265" lon="5.791010">
        <ele>739</ele>
      </trkpt>
      <trkpt lat="44.005127" lon="5.790789">
        <ele>741.3</ele>
      </trkpt>
      <trkpt lat="44.005011" lon="5.790622">
        <ele>742.5</ele>
      </trkpt>
      <trkpt lat="44.004914" lon="5.790440">
        <ele>743.8</ele>
      </trkpt>
      <trkpt lat="44.004821" lon="5.790236">
        <ele>745.1</ele>
      </trkpt>
      <trkpt lat="44.004720" lon="5.790021">
        <ele>746.5</ele>
      </trkpt>
      <trkpt lat="44.004679" lon="5.789786">
        <ele>748.2</ele>
      </trkpt>
      <trkpt lat="44.004578" lon="5.789439">
        <ele>750.2</ele>
      </trkpt>
      <trkpt lat="44.004530" lon="5.789199">
        <ele>751.8</ele>
      </trkpt>
      <trkpt lat="44.004448" lon="5.789013">
        <ele>752.9</ele>
      </trkpt>
      <trkpt lat="44.004371" lon="5.788858">
        <ele>753.7</ele>
      </trkpt>
      <trkpt lat="44.004262" lon="5.788728">
        <ele>754.1</ele>
      </trkpt>
      <trkpt lat="44.004025" lon="5.788438">
        <ele>754.3</ele>
      </trkpt>
      <trkpt lat="44.003859" lon="5.788252">
        <ele>754.3</ele>
      </trkpt>
      <trkpt lat="44.003711" lon="5.788120">
        <ele>753.8</ele>
      </trkpt>
      <trkpt lat="44.003579" lon="5.788022">
        <ele>753.1</ele>
      </trkpt>
      <trkpt lat="44.003436" lon="5.787862">
        <ele>752.9</ele>
      </trkpt>
      <trkpt lat="44.003336" lon="5.787702">
        <ele>753.2</ele>
      </trkpt>
      <trkpt lat="44.003273" lon="5.787443">
        <ele>756.1</ele>
      </trkpt>
      <trkpt lat="44.003142" lon="5.787226">
        <ele>759.6</ele>
      </trkpt>
      <trkpt lat="44.003027" lon="5.787110">
        <ele>761.6</ele>
      </trkpt>
      <trkpt lat="44.002882" lon="5.786915">
        <ele>764.8</ele>
      </trkpt>
      <trkpt lat="44.002743" lon="5.786856">
        <ele>765.9</ele>
      </trkpt>
      <trkpt lat="44.002545" lon="5.786799">
        <ele>766.8</ele>
      </trkpt>
      <trkpt lat="44.002287" lon="5.786742">
        <ele>767.4</ele>
      </trkpt>
      <trkpt lat="44.002009" lon="5.786670">
        <ele>767.8</ele>
      </trkpt>
      <trkpt lat="44.001775" lon="5.786615">
        <ele>768.4</ele>
      </trkpt>
      <trkpt lat="44.001553" lon="5.786578">
        <ele>768.7</ele>
      </trkpt>
      <trkpt lat="44.001262" lon="5.786480">
        <ele>770.1</ele>
      </trkpt>
      <trkpt lat="44.001079" lon="5.786435">
        <ele>770.5</ele>
      </trkpt>
      <trkpt lat="44.000924" lon="5.786376">
        <ele>771.4</ele>
      </trkpt>
      <trkpt lat="44.000761" lon="5.786281">
        <ele>773</ele>
      </trkpt>
      <trkpt lat="44.000636" lon="5.786197">
        <ele>774.5</ele>
      </trkpt>
      <trkpt lat="44.000508" lon="5.786084">
        <ele>776.6</ele>
      </trkpt>
      <trkpt lat="44.000402" lon="5.785918">
        <ele>779.6</ele>
      </trkpt>
      <trkpt lat="44.000408" lon="5.785741">
        <ele>782.4</ele>
      </trkpt>
      <trkpt lat="44.000477" lon="5.785522">
        <ele>786.4</ele>
      </trkpt>
      <trkpt lat="44.000505" lon="5.785428">
        <ele>788.1</ele>
      </trkpt>
      <trkpt lat="44.000693" lon="5.785393">
        <ele>790.1</ele>
      </trkpt>
      <trkpt lat="44.000872" lon="5.785352">
        <ele>791.9</ele>
      </trkpt>
      <trkpt lat="44.001033" lon="5.785280">
        <ele>794</ele>
      </trkpt>
      <trkpt lat="44.001110" lon="5.785142">
        <ele>796.8</ele>
      </trkpt>
      <trkpt lat="44.001137" lon="5.784974">
        <ele>800.1</ele>
      </trkpt>
      <trkpt lat="44.001229" lon="5.784832">
        <ele>802.5</ele>
      </trkpt>
      <trkpt lat="44.001291" lon="5.784634">
        <ele>805.7</ele>
      </trkpt>
      <trkpt lat="44.001334" lon="5.784480">
        <ele>808.3</ele>
      </trkpt>
      <trkpt lat="44.001373" lon="5.784316">
        <ele>811.3</ele>
      </trkpt>
      <trkpt lat="44.001442" lon="5.783878">
        <ele>817.4</ele>
      </trkpt>
      <trkpt lat="44.001477" lon="5.783702">
        <ele>819.8</ele>
      </trkpt>
      <trkpt lat="44.001433" lon="5.783490">
        <ele>821.7</ele>
      </trkpt>
      <trkpt lat="44.001479" lon="5.783243">
        <ele>824.8</ele>
      </trkpt>
      <trkpt lat="44.001507" lon="5.783127">
        <ele>826.1</ele>
      </trkpt>
      <trkpt lat="44.001548" lon="5.782958">
        <ele>828.2</ele>
      </trkpt>
      <trkpt lat="44.001553" lon="5.782717">
        <ele>830.5</ele>
      </trkpt>
      <trkpt lat="44.001567" lon="5.782386">
        <ele>833.5</ele>
      </trkpt>
      <trkpt lat="44.001570" lon="5.782011">
        <ele>836.4</ele>
      </trkpt>
      <trkpt lat="44.001594" lon="5.781757">
        <ele>838.7</ele>
      </trkpt>
      <trkpt lat="44.001626" lon="5.781392">
        <ele>840.8</ele>
      </trkpt>
      <trkpt lat="44.001709" lon="5.781141">
        <ele>842.7</ele>
      </trkpt>
      <trkpt lat="44.001698" lon="5.780773">
        <ele>843.6</ele>
      </trkpt>
      <trkpt lat="44.001690" lon="5.780420">
        <ele>844.7</ele>
      </trkpt>
      <trkpt lat="44.001675" lon="5.780084">
        <ele>845.8</ele>
      </trkpt>
      <trkpt lat="44.001604" lon="5.779777">
        <ele>845.5</ele>
      </trkpt>
      <trkpt lat="44.001659" lon="5.779584">
        <ele>846.4</ele>
      </trkpt>
      <trkpt lat="44.001714" lon="5.779388">
        <ele>847</ele>
      </trkpt>
      <trkpt lat="44.001737" lon="5.779180">
        <ele>847.3</ele>
      </trkpt>
      <trkpt lat="44.001635" lon="5.778989">
        <ele>847.5</ele>
      </trkpt>
      <trkpt lat="44.001607" lon="5.778782">
        <ele>848.1</ele>
      </trkpt>
      <trkpt lat="44.001581" lon="5.778432">
        <ele>849.4</ele>
      </trkpt>
      <trkpt lat="44.001542" lon="5.778261">
        <ele>850.4</ele>
      </trkpt>
      <trkpt lat="44.001403" lon="5.777982">
        <ele>852.3</ele>
      </trkpt>
      <trkpt lat="44.001313" lon="5.777707">
        <ele>854.4</ele>
      </trkpt>
      <trkpt lat="44.001267" lon="5.777546">
        <ele>855.7</ele>
      </trkpt>
      <trkpt lat="44.001266" lon="5.777531">
        <ele>855.8</ele>
      </trkpt>
      <trkpt lat="44.001269" lon="5.777514">
        <ele>855.9</ele>
      </trkpt>
      <trkpt lat="44.001281" lon="5.777359">
        <ele>857.7</ele>
      </trkpt>
      <trkpt lat="44.001319" lon="5.777204">
        <ele>859.5</ele>
      </trkpt>
      <trkpt lat="44.001424" lon="5.777123">
        <ele>860.6</ele>
      </trkpt>
      <trkpt lat="44.001535" lon="5.777084">
        <ele>861.3</ele>
      </trkpt>
      <trkpt lat="44.001744" lon="5.776767">
        <ele>865.4</ele>
      </trkpt>
      <trkpt lat="44.001971" lon="5.776508">
        <ele>869.4</ele>
      </trkpt>
      <trkpt lat="44.002353" lon="5.776006">
        <ele>877.1</ele>
      </trkpt>
      <trkpt lat="44.002764" lon="5.775512">
        <ele>883.6</ele>
      </trkpt>
      <trkpt lat="44.003104" lon="5.775091">
        <ele>887.8</ele>
      </trkpt>
      <trkpt lat="44.003277" lon="5.774961">
        <ele>889</ele>
      </trkpt>
      <trkpt lat="44.003363" lon="5.774881">
        <ele>889.3</ele>
      </trkpt>
      <trkpt lat="44.003355" lon="5.774763">
        <ele>889.6</ele>
      </trkpt>
      <trkpt lat="44.003165" lon="5.774612">
        <ele>889.8</ele>
      </trkpt>
      <trkpt lat="44.003019" lon="5.774517">
        <ele>890.1</ele>
      </trkpt>
      <trkpt lat="44.002821" lon="5.774133">
        <ele>891.8</ele>
      </trkpt>
      <trkpt lat="44.002683" lon="5.773974">
        <ele>892.8</ele>
      </trkpt>
      <trkpt lat="44.002411" lon="5.773810">
        <ele>894.3</ele>
      </trkpt>
      <trkpt lat="44.002055" lon="5.773556">
        <ele>896.5</ele>
      </trkpt>
      <trkpt lat="44.001897" lon="5.773437">
        <ele>897.6</ele>
      </trkpt>
      <trkpt lat="44.001682" lon="5.773109">
        <ele>899.5</ele>
      </trkpt>
      <trkpt lat="44.001445" lon="5.772739">
        <ele>900.9</ele>
      </trkpt>
      <trkpt lat="44.001211" lon="5.772441">
        <ele>902.8</ele>
      </trkpt>
      <trkpt lat="44.000974" lon="5.772126">
        <ele>905</ele>
      </trkpt>
      <trkpt lat="44.000772" lon="5.771791">
        <ele>907.1</ele>
      </trkpt>
      <trkpt lat="44.000355" lon="5.771182">
        <ele>905.9</ele>
      </trkpt>
      <trkpt lat="44.000191" lon="5.770863">
        <ele>906.2</ele>
      </trkpt>
      <trkpt lat="43.999994" lon="5.770574">
        <ele>902.8</ele>
      </trkpt>
      <trkpt lat="43.999759" lon="5.770292">
        <ele>898.5</ele>
      </trkpt>
      <trkpt lat="43.999483" lon="5.769966">
        <ele>895.1</ele>
      </trkpt>
      <trkpt lat="43.999250" lon="5.769713">
        <ele>893.5</ele>
      </trkpt>
      <trkpt lat="43.999087" lon="5.769494">
        <ele>892.5</ele>
      </trkpt>
      <trkpt lat="43.998946" lon="5.769353">
        <ele>891.7</ele>
      </trkpt>
      <trkpt lat="43.998808" lon="5.769174">
      </trkpt>
      <trkpt lat="43.999267" lon="5.769056">
        <ele>890</ele>
      </trkpt>
      <trkpt lat="43.999344" lon="5.768740">
        <ele>888.9</ele>
      </trkpt>
      <trkpt lat="43.999514" lon="5.768557">
        <ele>888.4</ele>
      </trkpt>
      <trkpt lat="43.999433" lon="5.768203">
        <ele>885</ele>
      </trkpt>
      <trkpt lat="43.999556" lon="5.767710">
        <ele>882.9</ele>
      </trkpt>
      <trkpt lat="43.999587" lon="5.767404">
        <ele>878.6</ele>
      </trkpt>
      <trkpt lat="43.999653" lon="5.767018">
        <ele>877.2</ele>
      </trkpt>
      <trkpt lat="43.999518" lon="5.766701">
        <ele>877.3</ele>
      </trkpt>
      <trkpt lat="43.999039" lon="5.765934">
        <ele>877.9</ele>
      </trkpt>
      <trkpt lat="43.999020" lon="5.765736">
        <ele>874.5</ele>
      </trkpt>
      <trkpt lat="43.998707" lon="5.765092">
        <ele>874.1</ele>
      </trkpt>
      <trkpt lat="43.998541" lon="5.764995">
        <ele>869.2</ele>
      </trkpt>
      <trkpt lat="43.998379" lon="5.764866">
        <ele>871.3</ele>
      </trkpt>
      <trkpt lat="43.998244" lon="5.764770">
        <ele>876.4</ele>
      </trkpt>
      <trkpt lat="43.998024" lon="5.764802">
        <ele>877.2</ele>
      </trkpt>
      <trkpt lat="43.997762" lon="5.764630">
        <ele>877.5</ele>
      </trkpt>
      <trkpt lat="43.997557" lon="5.764566">
        <ele>877.9</ele>
      </trkpt>
      <trkpt lat="43.997430" lon="5.764529">
        <ele>883.7</ele>
      </trkpt>
      <trkpt lat="43.997326" lon="5.764394">
        <ele>882.7</ele>
      </trkpt>
      <trkpt lat="43.997152" lon="5.764410">
        <ele>884.2</ele>
      </trkpt>
      <trkpt lat="43.996955" lon="5.764512">
        <ele>885.7</ele>
      </trkpt>
      <trkpt lat="43.996770" lon="5.764748">
        <ele>887.8</ele>
      </trkpt>
      <trkpt lat="43.996203" lon="5.764180">
        <ele>889.4</ele>
      </trkpt>
      <trkpt lat="43.995954" lon="5.763860">
        <ele>884.4</ele>
      </trkpt>
      <trkpt lat="43.995790" lon="5.763644">
        <ele>885</ele>
      </trkpt>
      <trkpt lat="43.995600" lon="5.763383">
        <ele>884</ele>
      </trkpt>
      <trkpt lat="43.995446" lon="5.763131">
        <ele>879</ele>
      </trkpt>
      <trkpt lat="43.995248" lon="5.762931">
        <ele>878.5</ele>
      </trkpt>
      <trkpt lat="43.995021" lon="5.762752">
        <ele>877.6</ele>
      </trkpt>
      <trkpt lat="43.994834" lon="5.762545">
        <ele>877.9</ele>
      </trkpt>
      <trkpt lat="43.994634" lon="5.762354">
        <ele>875.1</ele>
      </trkpt>
      <trkpt lat="43.994262" lon="5.762088">
        <ele>875</ele>
      </trkpt>
      <trkpt lat="43.994056" lon="5.761913">
        <ele>875.2</ele>
      </trkpt>
      <trkpt lat="43.993883" lon="5.761793">
        <ele>875.1</ele>
      </trkpt>
      <trkpt lat="43.993679" lon="5.761527">
        <ele>871</ele>
      </trkpt>
      <trkpt lat="43.993442" lon="5.761293">
        <ele>870.4</ele>
      </trkpt>
      <trkpt lat="43.993181" lon="5.761051">
        <ele>869.7</ele>
      </trkpt>
      <trkpt lat="43.992759" lon="5.760740">
        <ele>866.7</ele>
      </trkpt>
      <trkpt lat="43.992564" lon="5.760612">
        <ele>866.7</ele>
      </trkpt>
      <trkpt lat="43.992366" lon="5.760468">
        <ele>866.2</ele>
      </trkpt>
      <trkpt lat="43.992185" lon="5.760366">
        <ele>865.7</ele>
      </trkpt>
      <trkpt lat="43.992063" lon="5.760326">
        <ele>865.5</ele>
      </trkpt>
      <trkpt lat="43.991929" lon="5.760232">
        <ele>865.1</ele>
      </trkpt>
      <trkpt lat="43.991804" lon="5.760068">
        <ele>864.2</ele>
      </trkpt>
      <trkpt lat="43.991674" lon="5.759864">
        <ele>862.1</ele>
      </trkpt>
      <trkpt lat="43.991526" lon="5.759655">
        <ele>860.4</ele>
      </trkpt>
      <trkpt lat="43.991435" lon="5.759460">
        <ele>859.7</ele>
      </trkpt>
      <trkpt lat="43.991376" lon="5.759279">
        <ele>859.2</ele>
      </trkpt>
      <trkpt lat="43.991247" lon="5.759075">
        <ele>856</ele>
      </trkpt>
      <trkpt lat="43.991111" lon="5.758892">
        <ele>855.5</ele>
      </trkpt>
      <trkpt lat="43.990931" lon="5.758695">
        <ele>854.6</ele>
      </trkpt>
      <trkpt lat="43.990697" lon="5.758613">
        <ele>852.1</ele>
      </trkpt>
      <trkpt lat="43.990246" lon="5.758663">
        <ele>851.4</ele>
      </trkpt>
      <trkpt lat="43.989977" lon="5.758619">
        <ele>848</ele>
      </trkpt>
      <trkpt lat="43.989746" lon="5.758615">
        <ele>847.7</ele>
      </trkpt>
      <trkpt lat="43.989477" lon="5.758530">
        <ele>846.4</ele>
      </trkpt>
      <trkpt lat="43.989251" lon="5.758467">
        <ele>844.3</ele>
      </trkpt>
      <trkpt lat="43.988964" lon="5.758470">
        <ele>841.3</ele>
      </trkpt>
      <trkpt lat="43.988741" lon="5.758495">
        <ele>840.5</ele>
      </trkpt>
      <trkpt lat="43.988377" lon="5.758521">
        <ele>838.1</ele>
      </trkpt>
      <trkpt lat="43.988144" lon="5.758565">
        <ele>833.3</ele>
      </trkpt>
      <trkpt lat="43.987914" lon="5.758602">
        <ele>832.1</ele>
      </trkpt>
      <trkpt lat="43.987718" lon="5.758689">
        <ele>831.2</ele>
      </trkpt>
      <trkpt lat="43.987502" lon="5.758772">
        <ele>830.9</ele>
      </trkpt>
      <trkpt lat="43.987303" lon="5.758847">
        <ele>824.3</ele>
      </trkpt>
      <trkpt lat="43.987010" lon="5.758899">
        <ele>822.5</ele>
      </trkpt>
      <trkpt lat="43.986738" lon="5.759012">
        <ele>821.1</ele>
      </trkpt>
      <trkpt lat="43.986554" lon="5.759095">
        <ele>817</ele>
      </trkpt>
      <trkpt lat="43.986333" lon="5.759232">
        <ele>816.4</ele>
      </trkpt>
      <trkpt lat="43.986203" lon="5.759473">
        <ele>815.6</ele>
      </trkpt>
      <trkpt lat="43.986124" lon="5.759819">
        <ele>815.3</ele>
      </trkpt>
      <trkpt lat="43.986104" lon="5.760432">
        <ele>813.2</ele>
      </trkpt>
      <trkpt lat="43.986136" lon="5.760879">
        <ele>807.9</ele>
      </trkpt>
      <trkpt lat="43.986171" lon="5.761276">
        <ele>806.8</ele>
      </trkpt>
      <trkpt lat="43.986276" lon="5.761814">
        <ele>799.7</ele>
      </trkpt>
      <trkpt lat="43.986418" lon="5.762367">
        <ele>797</ele>
      </trkpt>
      <trkpt lat="43.986645" lon="5.763062">
        <ele>787.2</ele>
      </trkpt>
      <trkpt lat="43.986923" lon="5.763666">
        <ele>786.8</ele>
      </trkpt>
      <trkpt lat="43.987092" lon="5.764278">
        <ele>781.6</ele>
      </trkpt>
      <trkpt lat="43.987202" lon="5.764603">
        <ele>781.6</ele>
      </trkpt>
      <trkpt lat="43.987344" lon="5.764977">
        <ele>782.8</ele>
      </trkpt>
      <trkpt lat="43.987370" lon="5.765324">
        <ele>779.5</ele>
      </trkpt>
      <trkpt lat="43.987346" lon="5.765773">
        <ele>779.6</ele>
      </trkpt>
      <trkpt lat="43.987341" lon="5.766259">
        <ele>774.8</ele>
      </trkpt>
      <trkpt lat="43.987289" lon="5.766741">
        <ele>771.4</ele>
      </trkpt>
      <trkpt lat="43.987193" lon="5.766952">
        <ele>769.1</ele>
      </trkpt>
      <trkpt lat="43.987149" lon="5.767240">
        <ele>767.9</ele>
      </trkpt>
      <trkpt lat="43.987144" lon="5.767536">
        <ele>766.5</ele>
      </trkpt>
      <trkpt lat="43.986969" lon="5.768012">
        <ele>765.4</ele>
      </trkpt>
      <trkpt lat="43.986782" lon="5.768264">
        <ele>764.2</ele>
      </trkpt>
      <trkpt lat="43.986431" lon="5.768312">
        <ele>759.8</ele>
      </trkpt>
      <trkpt lat="43.986267" lon="5.768418">
        <ele>762.2</ele>
      </trkpt>
      <trkpt lat="43.986047" lon="5.768520">
        <ele>761.4</ele>
      </trkpt>
      <trkpt lat="43.985730" lon="5.768503">
        <ele>757.9</ele>
      </trkpt>
      <trkpt lat="43.985342" lon="5.768456">
        <ele>756.7</ele>
      </trkpt>
      <trkpt lat="43.985077" lon="5.768454">
        <ele>755.4</ele>
      </trkpt>
      <trkpt lat="43.984701" lon="5.768563">
        <ele>751.1</ele>
      </trkpt>
      <trkpt lat="43.984369" lon="5.768890">
        <ele>749.3</ele>
      </trkpt>
      <trkpt lat="43.984063" lon="5.769133">
        <ele>744.9</ele>
      </trkpt>
      <trkpt lat="43.983694" lon="5.769394">
        <ele>743.6</ele>
      </trkpt>
      <trkpt lat="43.983464" lon="5.769660">
        <ele>743.3</ele>
      </trkpt>
      <trkpt lat="43.983123" lon="5.770119">
        <ele>744.1</ele>
      </trkpt>
      <trkpt lat="43.982791" lon="5.770564">
        <ele>745.2</ele>
      </trkpt>
      <trkpt lat="43.982544" lon="5.770892">
        <ele>747.1</ele>
      </trkpt>
      <trkpt lat="43.982164" lon="5.771100">
        <ele>746</ele>
      </trkpt>
      <trkpt lat="43.981725" lon="5.771336">
        <ele>744.7</ele>
      </trkpt>
      <trkpt lat="43.981341" lon="5.771560">
        <ele>738.5</ele>
      </trkpt>
      <trkpt lat="43.981102" lon="5.771730">
        <ele>738.3</ele>
      </trkpt>
      <trkpt lat="43.980896" lon="5.771885">
        <ele>737.6</ele>
      </trkpt>
      <trkpt lat="43.980722" lon="5.771962">
        <ele>733.5</ele>
      </trkpt>
      <trkpt lat="43.980588" lon="5.771926">
        <ele>733.1</ele>
      </trkpt>
      <trkpt lat="43.980395" lon="5.771943">
        <ele>732.4</ele>
      </trkpt>
      <trkpt lat="43.980302" lon="5.772048">
        <ele>732.4</ele>
      </trkpt>
      <trkpt lat="43.980247" lon="5.772323">
        <ele>732.9</ele>
      </trkpt>
      <trkpt lat="43.980242" lon="5.772657">
        <ele>733.6</ele>
      </trkpt>
      <trkpt lat="43.980295" lon="5.773020">
        <ele>733.1</ele>
      </trkpt>
      <trkpt lat="43.980388" lon="5.773397">
        <ele>729.5</ele>
      </trkpt>
      <trkpt lat="43.980470" lon="5.773851">
        <ele>728.3</ele>
      </trkpt>
      <trkpt lat="43.980591" lon="5.774244">
        <ele>724.8</ele>
      </trkpt>
      <trkpt lat="43.980632" lon="5.774599">
        <ele>723.3</ele>
      </trkpt>
      <trkpt lat="43.980621" lon="5.775016">
        <ele>719.1</ele>
      </trkpt>
      <trkpt lat="43.980631" lon="5.775277">
        <ele>717.4</ele>
      </trkpt>
      <trkpt lat="43.980615" lon="5.775613">
        <ele>715</ele>
      </trkpt>
      <trkpt lat="43.980582" lon="5.775883">
        <ele>708.3</ele>
      </trkpt>
      <trkpt lat="43.980547" lon="5.775995">
        <ele>707.6</ele>
      </trkpt>
      <trkpt lat="43.980408" lon="5.776092">
        <ele>706.9</ele>
      </trkpt>
      <trkpt lat="43.980219" lon="5.776108">
        <ele>707.3</ele>
      </trkpt>
      <trkpt lat="43.980034" lon="5.776111">
        <ele>707.8</ele>
      </trkpt>
      <trkpt lat="43.979934" lon="5.776167">
        <ele>705.7</ele>
      </trkpt>
      <trkpt lat="43.979944" lon="5.776327">
        <ele>704.6</ele>
      </trkpt>
      <trkpt lat="43.979954" lon="5.776330">
        <ele>704.6</ele>
      </trkpt>
      <trkpt lat="43.980112" lon="5.776563">
        <ele>704.6</ele>
      </trkpt>
      <trkpt lat="43.980314" lon="5.776847">
        <ele>696.5</ele>
      </trkpt>
      <trkpt lat="43.980431" lon="5.777044">
        <ele>694.4</ele>
      </trkpt>
      <trkpt lat="43.980411" lon="5.777257">
        <ele>693.3</ele>
      </trkpt>
      <trkpt lat="43.980335" lon="5.777545">
        <ele>687.6</ele>
      </trkpt>
      <trkpt lat="43.980281" lon="5.777788">
        <ele>687</ele>
      </trkpt>
      <trkpt lat="43.980244" lon="5.777945">
        <ele>686.6</ele>
      </trkpt>
      <trkpt lat="43.980172" lon="5.778029">
        <ele>687</ele>
      </trkpt>
      <trkpt lat="43.980076" lon="5.778104">
        <ele>687.7</ele>
      </trkpt>
      <trkpt lat="43.980011" lon="5.778211">
        <ele>688.8</ele>
      </trkpt>
      <trkpt lat="43.980153" lon="5.778377">
        <ele>684.7</ele>
      </trkpt>
      <trkpt lat="43.980224" lon="5.778514">
        <ele>681.7</ele>
      </trkpt>
      <trkpt lat="43.980246" lon="5.778715">
        <ele>680</ele>
      </trkpt>
      <trkpt lat="43.980237" lon="5.778804">
        <ele>679.8</ele>
      </trkpt>
      <trkpt lat="43.980235" lon="5.779020">
        <ele>680.2</ele>
      </trkpt>
      <trkpt lat="43.980251" lon="5.779243">
        <ele>676.4</ele>
      </trkpt>
      <trkpt lat="43.980253" lon="5.779559">
        <ele>673.7</ele>
      </trkpt>
      <trkpt lat="43.980259" lon="5.779862">
        <ele>673.3</ele>
      </trkpt>
      <trkpt lat="43.980240" lon="5.780165">
        <ele>669.6</ele>
      </trkpt>
      <trkpt lat="43.980213" lon="5.780474">
        <ele>667.9</ele>
      </trkpt>
      <trkpt lat="43.980185" lon="5.780688">
        <ele>669</ele>
      </trkpt>
      <trkpt lat="43.980161" lon="5.780974">
        <ele>665.6</ele>
      </trkpt>
      <trkpt lat="43.980138" lon="5.781191">
        <ele>662.7</ele>
      </trkpt>
      <trkpt lat="43.980153" lon="5.781375">
        <ele>661.6</ele>
      </trkpt>
      <trkpt lat="43.980178" lon="5.781511">
        <ele>661.7</ele>
      </trkpt>
      <trkpt lat="43.980177" lon="5.781718">
        <ele>658</ele>
      </trkpt>
      <trkpt lat="43.980163" lon="5.781879">
        <ele>655.6</ele>
      </trkpt>
      <trkpt lat="43.980194" lon="5.781994">
        <ele>653.4</ele>
      </trkpt>
      <trkpt lat="43.980168" lon="5.782107">
        <ele>652.8</ele>
      </trkpt>
      <trkpt lat="43.980098" lon="5.782216">
        <ele>653.3</ele>
      </trkpt>
      <trkpt lat="43.980011" lon="5.782311">
        <ele>654.6</ele>
      </trkpt>
      <trkpt lat="43.979924" lon="5.782385">
        <ele>660.8</ele>
      </trkpt>
      <trkpt lat="43.979789" lon="5.782491">
        <ele>661.1</ele>
      </trkpt>
      <trkpt lat="43.979761" lon="5.782529">
        <ele>656.5</ele>
      </trkpt>
      <trkpt lat="43.979719" lon="5.782678">
        <ele>655.8</ele>
      </trkpt>
      <trkpt lat="43.979710" lon="5.782934">
        <ele>654.1</ele>
      </trkpt>
      <trkpt lat="43.979716" lon="5.783062">
        <ele>653.1</ele>
      </trkpt>
      <trkpt lat="43.979737" lon="5.783184">
        <ele>652.1</ele>
      </trkpt>
      <trkpt lat="43.979741" lon="5.783339">
        <ele>646</ele>
      </trkpt>
      <trkpt lat="43.979702" lon="5.783558">
        <ele>645.6</ele>
      </trkpt>
      <trkpt lat="43.979680" lon="5.783800">
        <ele>644.5</ele>
      </trkpt>
      <trkpt lat="43.979642" lon="5.784100">
        <ele>643.3</ele>
      </trkpt>
      <trkpt lat="43.979615" lon="5.784363">
        <ele>638.1</ele>
      </trkpt>
      <trkpt lat="43.979613" lon="5.784592">
        <ele>637.3</ele>
      </trkpt>
      <trkpt lat="43.979628" lon="5.784769">
        <ele>636.7</ele>
      </trkpt>
      <trkpt lat="43.979685" lon="5.784893">
        <ele>636.7</ele>
      </trkpt>
      <trkpt lat="43.979791" lon="5.785022">
        <ele>633.5</ele>
      </trkpt>
      <trkpt lat="43.979917" lon="5.785127">
        <ele>634.4</ele>
      </trkpt>
      <trkpt lat="43.980015" lon="5.785167">
        <ele>631.4</ele>
      </trkpt>
      <trkpt lat="43.980114" lon="5.785173">
        <ele>630.1</ele>
      </trkpt>
      <trkpt lat="43.980190" lon="5.785242">
        <ele>627.9</ele>
      </trkpt>
      <trkpt lat="43.980247" lon="5.785332">
        <ele>626.4</ele>
      </trkpt>
      <trkpt lat="43.980328" lon="5.785417">
        <ele>625.1</ele>
      </trkpt>
      <trkpt lat="43.980369" lon="5.785488">
        <ele>624.4</ele>
      </trkpt>
      <trkpt lat="43.980383" lon="5.785573">
        <ele>624</ele>
      </trkpt>
      <trkpt lat="43.980394" lon="5.785722">
        <ele>623.7</ele>
      </trkpt>
      <trkpt lat="43.980386" lon="5.785905">
        <ele>620.6</ele>
      </trkpt>
      <trkpt lat="43.980409" lon="5.785974">
        <ele>620.2</ele>
      </trkpt>
      <trkpt lat="43.980414" lon="5.786088">
        <ele>619.8</ele>
      </trkpt>
      <trkpt lat="43.980388" lon="5.786244">
        <ele>619.5</ele>
      </trkpt>
      <trkpt lat="43.980317" lon="5.786447">
        <ele>619.7</ele>
      </trkpt>
      <trkpt lat="43.980241" lon="5.786615">
        <ele>620.5</ele>
      </trkpt>
      <trkpt lat="43.980163" lon="5.786766">
        <ele>619</ele>
      </trkpt>
      <trkpt lat="43.980089" lon="5.786927">
        <ele>618.1</ele>
      </trkpt>
      <trkpt lat="43.980050" lon="5.786989">
        <ele>617.8</ele>
      </trkpt>
      <trkpt lat="43.980019" lon="5.787095">
        <ele>617.4</ele>
      </trkpt>
      <trkpt lat="43.979973" lon="5.787232">
        <ele>618.4</ele>
      </trkpt>
      <trkpt lat="43.979917" lon="5.787334">
        <ele>618.4</ele>
      </trkpt>
      <trkpt lat="43.979854" lon="5.787424">
        <ele>618.3</ele>
      </trkpt>
      <trkpt lat="43.979801" lon="5.787475">
        <ele>617.9</ele>
      </trkpt>
      <trkpt lat="43.979725" lon="5.787525">
        <ele>614.5</ele>
      </trkpt>
      <trkpt lat="43.979689" lon="5.787610">
        <ele>613.8</ele>
      </trkpt>
      <trkpt lat="43.979658" lon="5.787744">
        <ele>613.1</ele>
      </trkpt>
      <trkpt lat="43.979660" lon="5.787894">
        <ele>612.5</ele>
      </trkpt>
      <trkpt lat="43.979682" lon="5.788063">
        <ele>612.2</ele>
      </trkpt>
      <trkpt lat="43.979686" lon="5.788225">
        <ele>611.9</ele>
      </trkpt>
      <trkpt lat="43.979674" lon="5.788419">
        <ele>608.4</ele>
      </trkpt>
      <trkpt lat="43.979647" lon="5.788622">
        <ele>607.5</ele>
      </trkpt>
      <trkpt lat="43.979618" lon="5.788870">
        <ele>606.5</ele>
      </trkpt>
      <trkpt lat="43.979595" lon="5.789098">
        <ele>605.8</ele>
      </trkpt>
      <trkpt lat="43.979559" lon="5.789301">
        <ele>600.5</ele>
      </trkpt>
      <trkpt lat="43.979517" lon="5.789448">
        <ele>599.8</ele>
      </trkpt>
      <trkpt lat="43.979448" lon="5.789563">
        <ele>599.3</ele>
      </trkpt>
      <trkpt lat="43.979358" lon="5.789633">
        <ele>599.1</ele>
      </trkpt>
      <trkpt lat="43.979323" lon="5.789645">
        <ele>599.1</ele>
      </trkpt>
      <trkpt lat="43.979286" lon="5.789470">
        <ele>600.1</ele>
      </trkpt>
      <trkpt lat="43.979233" lon="5.789318">
        <ele>601.2</ele>
      </trkpt>
      <trkpt lat="43.979167" lon="5.789235">
        <ele>602.1</ele>
      </trkpt>
      <trkpt lat="43.979078" lon="5.789157">
        <ele>601.5</ele>
      </trkpt>
      <trkpt lat="43.978983" lon="5.789097">
        <ele>600.1</ele>
      </trkpt>
      <trkpt lat="43.978901" lon="5.789056">
        <ele>599.2</ele>
      </trkpt>
      <trkpt lat="43.978784" lon="5.789031">
        <ele>598</ele>
      </trkpt>
      <trkpt lat="43.978656" lon="5.789002">
        <ele>596.8</ele>
      </trkpt>
      <trkpt lat="43.978624" lon="5.789038">
        <ele>596.4</ele>
      </trkpt>
      <trkpt lat="43.978533" lon="5.789056">
        <ele>595.3</ele>
      </trkpt>
      <trkpt lat="43.978455" lon="5.789049">
        <ele>594.4</ele>
      </trkpt>
      <trkpt lat="43.978387" lon="5.789061">
        <ele>593.6</ele>
      </trkpt>
      <trkpt lat="43.978316" lon="5.789068">
        <ele>589.6</ele>
      </trkpt>
      <trkpt lat="43.978251" lon="5.789061">
        <ele>589.2</ele>
      </trkpt>
      <trkpt lat="43.978252" lon="5.788924">
        <ele>588.6</ele>
      </trkpt>
      <trkpt lat="43.978237" lon="5.788798">
        <ele>588.5</ele>
      </trkpt>
      <trkpt lat="43.978173" lon="5.788679">
        <ele>588.6</ele>
      </trkpt>
      <trkpt lat="43.978043" lon="5.788720">
        <ele>587.8</ele>
      </trkpt>
      <trkpt lat="43.977898" lon="5.788707">
        <ele>587.1</ele>
      </trkpt>
      <trkpt lat="43.977737" lon="5.788690">
        <ele>586.4</ele>
      </trkpt>
      <trkpt lat="43.977621" lon="5.788677">
        <ele>586</ele>
      </trkpt>
      <trkpt lat="43.977475" lon="5.788726">
        <ele>580.9</ele>
      </trkpt>
      <trkpt lat="43.977351" lon="5.788774">
        <ele>580.2</ele>
      </trkpt>
      <trkpt lat="43.977220" lon="5.788782">
        <ele>579.8</ele>
      </trkpt>
      <trkpt lat="43.977045" lon="5.788822">
        <ele>579.1</ele>
      </trkpt>
      <trkpt lat="43.976909" lon="5.788866">
        <ele>578.1</ele>
      </trkpt>
      <trkpt lat="43.976761" lon="5.788954">
        <ele>576.1</ele>
      </trkpt>
      <trkpt lat="43.976608" lon="5.788999">
        <ele>570.8</ele>
      </trkpt>
      <trkpt lat="43.976380" lon="5.789040">
        <ele>569.9</ele>
      </trkpt>
      <trkpt lat="43.976139" lon="5.788943">
        <ele>568.4</ele>
      </trkpt>
      <trkpt lat="43.976082" lon="5.788897">
        <ele>568.2</ele>
      </trkpt>
      <trkpt lat="43.976036" lon="5.788817">
        <ele>568.4</ele>
      </trkpt>
      <trkpt lat="43.976033" lon="5.788801">
        <ele>568.5</ele>
      </trkpt>
      <trkpt lat="43.975937" lon="5.788717">
        <ele>568.4</ele>
      </trkpt>
      <trkpt lat="43.975833" lon="5.788687">
        <ele>559.4</ele>
      </trkpt>
      <trkpt lat="43.975772" lon="5.788603">
        <ele>559.9</ele>
      </trkpt>
      <trkpt lat="43.975755" lon="5.788483">
        <ele>561.4</ele>
      </trkpt>
      <trkpt lat="43.975752" lon="5.788333">
        <ele>565.2</ele>
      </trkpt>
      <trkpt lat="43.975736" lon="5.788213">
        <ele>564.8</ele>
      </trkpt>
      <trkpt lat="43.975695" lon="5.788119">
        <ele>564.5</ele>
      </trkpt>
      <trkpt lat="43.975681" lon="5.788044">
        <ele>564.4</ele>
      </trkpt>
      <trkpt lat="43.975703" lon="5.787952">
        <ele>564.6</ele>
      </trkpt>
      <trkpt lat="43.975738" lon="5.787696">
        <ele>565.2</ele>
      </trkpt>
      <trkpt lat="43.975742" lon="5.787555">
        <ele>565.6</ele>
      </trkpt>
      <trkpt lat="43.975747" lon="5.787427">
        <ele>570</ele>
      </trkpt>
      <trkpt lat="43.975719" lon="5.787347">
        <ele>571.9</ele>
      </trkpt>
      <trkpt lat="43.975650" lon="5.787332">
        <ele>573</ele>
      </trkpt>
      <trkpt lat="43.975583" lon="5.787375">
        <ele>573.3</ele>
      </trkpt>
      <trkpt lat="43.975480" lon="5.787493">
        <ele>573.5</ele>
      </trkpt>
      <trkpt lat="43.975369" lon="5.787608">
        <ele>565.4</ele>
      </trkpt>
      <trkpt lat="43.975249" lon="5.787679">
        <ele>565.5</ele>
      </trkpt>
      <trkpt lat="43.975143" lon="5.787773">
        <ele>565</ele>
      </trkpt>
      <trkpt lat="43.975020" lon="5.787827">
        <ele>564.4</ele>
      </trkpt>
      <trkpt lat="43.974912" lon="5.788027">
        <ele>565.4</ele>
      </trkpt>
      <trkpt lat="43.974793" lon="5.788207">
        <ele>563.8</ele>
      </trkpt>
      <trkpt lat="43.974648" lon="5.788347">
        <ele>556.4</ele>
      </trkpt>
      <trkpt lat="43.974415" lon="5.788523">
        <ele>558.3</ele>
      </trkpt>
      <trkpt lat="43.974258" lon="5.788577">
        <ele>559.4</ele>
      </trkpt>
      <trkpt lat="43.974054" lon="5.788634">
        <ele>564.6</ele>
      </trkpt>
      <trkpt lat="43.973907" lon="5.788697">
        <ele>564.3</ele>
      </trkpt>
      <trkpt lat="43.973735" lon="5.788781">
        <ele>564.3</ele>
      </trkpt>
      <trkpt lat="43.973602" lon="5.788857">
        <ele>564.4</ele>
      </trkpt>
      <trkpt lat="43.973479" lon="5.788949">
        <ele>564.1</ele>
      </trkpt>
      <trkpt lat="43.973348" lon="5.789053">
        <ele>563.6</ele>
      </trkpt>
      <trkpt lat="43.973195" lon="5.789098">
        <ele>563.8</ele>
      </trkpt>
      <trkpt lat="43.973022" lon="5.789092">
        <ele>563.7</ele>
      </trkpt>
      <trkpt lat="43.972868" lon="5.789069">
        <ele>563.1</ele>
      </trkpt>
      <trkpt lat="43.972659" lon="5.788966">
        <ele>562.2</ele>
      </trkpt>
      <trkpt lat="43.972435" lon="5.788863">
        <ele>555.8</ele>
      </trkpt>
      <trkpt lat="43.972272" lon="5.788824">
        <ele>555</ele>
      </trkpt>
      <trkpt lat="43.972018" lon="5.788867">
        <ele>553</ele>
      </trkpt>
      <trkpt lat="43.971794" lon="5.788922">
        <ele>550.9</ele>
      </trkpt>
      <trkpt lat="43.971631" lon="5.788975">
        <ele>544.3</ele>
      </trkpt>
      <trkpt lat="43.971509" lon="5.789002">
        <ele>543.8</ele>
      </trkpt>
      <trkpt lat="43.971462" lon="5.788951">
        <ele>543.5</ele>
      </trkpt>
      <trkpt lat="43.971421" lon="5.788837">
        <ele>543.3</ele>
      </trkpt>
      <trkpt lat="43.971373" lon="5.788683">
        <ele>543.3</ele>
      </trkpt>
      <trkpt lat="43.971350" lon="5.788526">
        <ele>543.6</ele>
      </trkpt>
      <trkpt lat="43.971377" lon="5.788338">
        <ele>544.2</ele>
      </trkpt>
      <trkpt lat="43.971421" lon="5.788167">
        <ele>547.6</ele>
      </trkpt>
      <trkpt lat="43.971532" lon="5.787796">
        <ele>548.4</ele>
      </trkpt>
      <trkpt lat="43.971681" lon="5.787361">
        <ele>552.9</ele>
      </trkpt>
      <trkpt lat="43.971778" lon="5.787018">
        <ele>555.6</ele>
      </trkpt>
      <trkpt lat="43.971954" lon="5.786704">
        <ele>556.5</ele>
      </trkpt>
      <trkpt lat="43.972079" lon="5.786503">
        <ele>560.4</ele>
      </trkpt>
      <trkpt lat="43.972172" lon="5.786280">
        <ele>561.6</ele>
      </trkpt>
      <trkpt lat="43.972316" lon="5.786051">
        <ele>562.4</ele>
      </trkpt>
      <trkpt lat="43.972401" lon="5.785784">
        <ele>565.1</ele>
      </trkpt>
      <trkpt lat="43.972485" lon="5.785538">
        <ele>566.1</ele>
      </trkpt>
      <trkpt lat="43.972547" lon="5.785260">
        <ele>571.5</ele>
      </trkpt>
      <trkpt lat="43.972583" lon="5.785017">
        <ele>568.3</ele>
      </trkpt>
      <trkpt lat="43.972574" lon="5.784857">
        <ele>570.9</ele>
      </trkpt>
      <trkpt lat="43.972512" lon="5.784791">
        <ele>571.9</ele>
      </trkpt>
      <trkpt lat="43.972463" lon="5.784836">
        <ele>572.4</ele>
      </trkpt>
      <trkpt lat="43.972397" lon="5.784949">
        <ele>570.6</ele>
      </trkpt>
      <trkpt lat="43.972266" lon="5.785069">
        <ele>567.6</ele>
      </trkpt>
      <trkpt lat="43.972128" lon="5.785110">
        <ele>568.8</ele>
      </trkpt>
      <trkpt lat="43.972031" lon="5.785258">
        <ele>569</ele>
      </trkpt>
      <trkpt lat="43.971883" lon="5.785427">
        <ele>568.4</ele>
      </trkpt>
      <trkpt lat="43.971740" lon="5.785543">
        <ele>567.2</ele>
      </trkpt>
      <trkpt lat="43.971636" lon="5.785755">
        <ele>567.6</ele>
      </trkpt>
      <trkpt lat="43.971569" lon="5.785848">
        <ele>563.6</ele>
      </trkpt>
      <trkpt lat="43.971513" lon="5.785885">
        <ele>564.4</ele>
      </trkpt>
      <trkpt lat="43.971421" lon="5.785896">
        <ele>565.7</ele>
      </trkpt>
      <trkpt lat="43.971314" lon="5.785886">
        <ele>567.5</ele>
      </trkpt>
      <trkpt lat="43.971229" lon="5.785927">
        <ele>568.9</ele>
      </trkpt>
      <trkpt lat="43.971146" lon="5.785987">
        <ele>570.1</ele>
      </trkpt>
      <trkpt lat="43.971063" lon="5.786022">
        <ele>571.4</ele>
      </trkpt>
      <trkpt lat="43.971052" lon="5.786020">
        <ele>571.7</ele>
      </trkpt>
      <trkpt lat="43.971041" lon="5.786018">
        <ele>571.9</ele>
      </trkpt>
      <trkpt lat="43.971023" lon="5.786015">
        <ele>572.3</ele>
      </trkpt>
      <trkpt lat="43.970950" lon="5.786096">
        <ele>572</ele>
      </trkpt>
      <trkpt lat="43.970921" lon="5.786320">
        <ele>569.1</ele>
      </trkpt>
      <trkpt lat="43.970864" lon="5.786431">
        <ele>568.8</ele>
      </trkpt>
      <trkpt lat="43.970802" lon="5.786526">
        <ele>578</ele>
      </trkpt>
      <trkpt lat="43.970786" lon="5.786704">
        <ele>571.5</ele>
      </trkpt>
      <trkpt lat="43.970803" lon="5.786833">
        <ele>572.8</ele>
      </trkpt>
      <trkpt lat="43.970804" lon="5.786869">
        <ele>573</ele>
      </trkpt>
      <trkpt lat="43.970727" lon="5.787087">
        <ele>572.5</ele>
      </trkpt>
      <trkpt lat="43.970723" lon="5.787100">
        <ele>572.3</ele>
      </trkpt>
      <trkpt lat="43.970612" lon="5.787273">
        <ele>571.4</ele>
      </trkpt>
      <trkpt lat="43.970443" lon="5.787531">
        <ele>567.1</ele>
      </trkpt>
      <trkpt lat="43.970310" lon="5.787754">
        <ele>569.4</ele>
      </trkpt>
      <trkpt lat="43.970169" lon="5.788041">
        <ele>569.6</ele>
      </trkpt>
      <trkpt lat="43.970079" lon="5.788350">
        <ele>570.7</ele>
      </trkpt>
      <trkpt lat="43.970029" lon="5.788639">
        <ele>562.3</ele>
      </trkpt>
      <trkpt lat="43.969984" lon="5.788859">
        <ele>573.7</ele>
      </trkpt>
      <trkpt lat="43.969887" lon="5.789048">
        <ele>571.1</ele>
      </trkpt>
      <trkpt lat="43.969766" lon="5.789350">
        <ele>567.3</ele>
      </trkpt>
      <trkpt lat="43.969709" lon="5.789495">
        <ele>567.3</ele>
      </trkpt>
      <trkpt lat="43.969638" lon="5.789574">
        <ele>567.6</ele>
      </trkpt>
      <trkpt lat="43.969525" lon="5.789582">
        <ele>569</ele>
      </trkpt>
      <trkpt lat="43.969335" lon="5.789580">
        <ele>571.2</ele>
      </trkpt>
      <trkpt lat="43.969261" lon="5.789611">
        <ele>571.7</ele>
      </trkpt>
      <trkpt lat="43.969142" lon="5.789695">
        <ele>576.6</ele>
      </trkpt>
      <trkpt lat="43.969035" lon="5.789764">
        <ele>576.3</ele>
      </trkpt>
      <trkpt lat="43.969071" lon="5.789649">
        <ele>576.6</ele>
      </trkpt>
      <trkpt lat="43.969086" lon="5.789545">
        <ele>577</ele>
      </trkpt>
      <trkpt lat="43.968961" lon="5.789333">
        <ele>577.6</ele>
      </trkpt>
      <trkpt lat="43.968801" lon="5.789113">
        <ele>580.3</ele>
      </trkpt>
      <trkpt lat="43.968650" lon="5.788907">
        <ele>580.2</ele>
      </trkpt>
      <trkpt lat="43.968479" lon="5.788743">
        <ele>580.5</ele>
      </trkpt>
      <trkpt lat="43.968286" lon="5.788539">
        <ele>578.3</ele>
      </trkpt>
      <trkpt lat="43.968152" lon="5.788331">
        <ele>581.1</ele>
      </trkpt>
      <trkpt lat="43.968044" lon="5.788137">
        <ele>580.7</ele>
      </trkpt>
      <trkpt lat="43.967918" lon="5.787975">
        <ele>580.4</ele>
      </trkpt>
      <trkpt lat="43.967786" lon="5.787867">
        <ele>580</ele>
      </trkpt>
      <trkpt lat="43.967581" lon="5.787759">
        <ele>579.4</ele>
      </trkpt>
      <trkpt lat="43.967406" lon="5.787667">
        <ele>575.5</ele>
      </trkpt>
      <trkpt lat="43.967262" lon="5.787588">
        <ele>574.8</ele>
      </trkpt>
      <trkpt lat="43.967027" lon="5.787428">
        <ele>572.9</ele>
      </trkpt>
      <trkpt lat="43.966897" lon="5.787344">
        <ele>572.1</ele>
      </trkpt>
      <trkpt lat="43.966781" lon="5.787217">
        <ele>571.7</ele>
      </trkpt>
      <trkpt lat="43.966665" lon="5.787154">
        <ele>566.3</ele>
      </trkpt>
      <trkpt lat="43.966485" lon="5.787105">
        <ele>565.6</ele>
      </trkpt>
      <trkpt lat="43.966287" lon="5.787058">
        <ele>564.6</ele>
      </trkpt>
      <trkpt lat="43.966104" lon="5.787047">
        <ele>563.8</ele>
      </trkpt>
      <trkpt lat="43.965872" lon="5.787008">
        <ele>562.9</ele>
      </trkpt>
      <trkpt lat="43.965649" lon="5.786953">
        <ele>556.8</ele>
      </trkpt>
      <trkpt lat="43.965480" lon="5.786910">
        <ele>555.8</ele>
      </trkpt>
      <trkpt lat="43.965219" lon="5.786873">
        <ele>553.9</ele>
      </trkpt>
      <trkpt lat="43.965023" lon="5.786899">
        <ele>553</ele>
      </trkpt>
      <trkpt lat="43.964859" lon="5.786952">
        <ele>547.6</ele>
      </trkpt>
      <trkpt lat="43.964632" lon="5.786954">
        <ele>546.7</ele>
      </trkpt>
      <trkpt lat="43.964504" lon="5.786929">
        <ele>546.1</ele>
      </trkpt>
      <trkpt lat="43.964403" lon="5.786831">
        <ele>545.8</ele>
      </trkpt>
      <trkpt lat="43.964242" lon="5.786759">
        <ele>545.3</ele>
      </trkpt>
      <trkpt lat="43.964061" lon="5.786709">
        <ele>543.2</ele>
      </trkpt>
      <trkpt lat="43.963875" lon="5.786683">
        <ele>541.7</ele>
      </trkpt>
      <trkpt lat="43.963705" lon="5.786617">
        <ele>544</ele>
      </trkpt>
      <trkpt lat="43.963638" lon="5.786435">
        <ele>544</ele>
      </trkpt>
      <trkpt lat="43.963620" lon="5.786304">
        <ele>544.3</ele>
      </trkpt>
      <trkpt lat="43.963622" lon="5.786290">
        <ele>544.3</ele>
      </trkpt>
      <trkpt lat="43.963627" lon="5.786277">
        <ele>544.4</ele>
      </trkpt>
      <trkpt lat="43.963715" lon="5.786099">
        <ele>544.9</ele>
      </trkpt>
      <trkpt lat="43.963867" lon="5.785887">
        <ele>546</ele>
      </trkpt>
      <trkpt lat="43.964009" lon="5.785644">
        <ele>548.5</ele>
      </trkpt>
      <trkpt lat="43.964106" lon="5.785501">
        <ele>548.9</ele>
      </trkpt>
      <trkpt lat="43.964158" lon="5.785377">
        <ele>549.5</ele>
      </trkpt>
      <trkpt lat="43.964111" lon="5.785222">
        <ele>550.4</ele>
      </trkpt>
      <trkpt lat="43.963998" lon="5.785039">
        <ele>550.9</ele>
      </trkpt>
      <trkpt lat="43.963920" lon="5.784942">
        <ele>551.8</ele>
      </trkpt>
      <trkpt lat="43.963231" lon="5.784015">
        <ele>548</ele>
      </trkpt>
      <trkpt lat="43.962825" lon="5.783432">
        <ele>548.1</ele>
      </trkpt>
      <trkpt lat="43.962635" lon="5.783167">
        <ele>549.6</ele>
      </trkpt>
      <trkpt lat="43.962457" lon="5.782821">
        <ele>546.2</ele>
      </trkpt>
      <trkpt lat="43.962295" lon="5.782575">
        <ele>546.5</ele>
      </trkpt>
      <trkpt lat="43.962076" lon="5.782261">
        <ele>548.2</ele>
      </trkpt>
      <trkpt lat="43.961786" lon="5.781903">
        <ele>548.3</ele>
      </trkpt>
      <trkpt lat="43.961589" lon="5.781687">
        <ele>547.5</ele>
      </trkpt>
      <trkpt lat="43.961352" lon="5.781495">
        <ele>549.3</ele>
      </trkpt>
      <trkpt lat="43.961154" lon="5.781328">
        <ele>549.7</ele>
      </trkpt>
      <trkpt lat="43.960907" lon="5.781051">
        <ele>550.2</ele>
      </trkpt>
      <trkpt lat="43.960658" lon="5.780767">
        <ele>551</ele>
      </trkpt>
      <trkpt lat="43.960489" lon="5.780536">
        <ele>550.9</ele>
      </trkpt>
      <trkpt lat="43.960325" lon="5.780326">
        <ele>550.6</ele>
      </trkpt>
      <trkpt lat="43.960180" lon="5.780153">
        <ele>550.1</ele>
      </trkpt>
      <trkpt lat="43.960127" lon="5.780097">
        <ele>549.9</ele>
      </trkpt>
      <trkpt lat="43.959679" lon="5.780571">
        <ele>552.6</ele>
      </trkpt>
      <trkpt lat="43.959563" lon="5.780670">
        <ele>553.2</ele>
      </trkpt>
    </trkseg>
  </trk>
</gpx>