<?xml version="1.0" encoding="UTF-8"?>
<gpx xmlns="http://www.topografix.com/GPX/1/1" version="1.1" creator="MyGPSFiles" xsi:schemaLocation="http://www.topografix.com/GPX/1/1 http://www.topografix.com/GPX/1/1/gpx.xsd" xmlns:xsi="http://www.w3.org/2001/XMLSchema-instance">
  <trk>
    <name>NewTrack</name>
    <desc>Total: 32.4km</desc>
    <trkseg>
      <trkpt lat="43.925331" lon="5.254142">
        <ele>227.65</ele>
      </trkpt>
      <trkpt lat="43.925393" lon="5.254402">
        <ele>228.4873011316227</ele>
      </trkpt>
      <trkpt lat="43.925364" lon="5.254525">
        <ele>228.85731879885094</ele>
      </trkpt>
      <trkpt lat="43.925395" lon="5.254592">
        <ele>229.07084633252057</ele>
      </trkpt>
      <trkpt lat="43.925445" lon="5.254641">
        <ele>229.28366898797003</ele>
      </trkpt>
      <trkpt lat="43.925594" lon="5.254646">
        <ele>229.72184394234034</ele>
      </trkpt>
      <trkpt lat="43.925691" lon="5.254702">
        <ele>229.94688410925377</ele>
      </trkpt>
      <trkpt lat="43.925764" lon="5.254791">
        <ele>230.08</ele>
      </trkpt>
      <trkpt lat="43.925822" lon="5.254917">
        <ele>230.13734336576044</ele>
      </trkpt>
      <trkpt lat="43.925942" lon="5.255333">
        <ele>229.99989287426516</ele>
      </trkpt>
      <trkpt lat="43.926039" lon="5.255671">
        <ele>229.98</ele>
      </trkpt>
      <trkpt lat="43.926213" lon="5.256336">
        <ele>231.0784249101616</ele>
      </trkpt>
      <trkpt lat="43.926259" lon="5.256545">
        <ele>231.55</ele>
      </trkpt>
      <trkpt lat="43.926452" lon="5.257012">
        <ele>232.68327813355347</ele>
      </trkpt>
      <trkpt lat="43.926715" lon="5.257344">
        <ele>234.03257683896203</ele>
      </trkpt>
      <trkpt lat="43.926827" lon="5.257409">
        <ele>234.64389806616927</ele>
      </trkpt>
      <trkpt lat="43.926966" lon="5.25743">
        <ele>235.48</ele>
      </trkpt>
      <trkpt lat="43.927179" lon="5.257339">
        <ele>237.13602617696336</ele>
      </trkpt>
      <trkpt lat="43.927271" lon="5.25728">
        <ele>238.00393782228196</ele>
      </trkpt>
      <trkpt lat="43.927746" lon="5.256872">
        <ele>243.6</ele>
      </trkpt>
      <trkpt lat="43.928171" lon="5.2564">
        <ele>249.27460592169996</ele>
      </trkpt>
      <trkpt lat="43.928322" lon="5.256078">
        <ele>251.72</ele>
      </trkpt>
      <trkpt lat="43.928349" lon="5.255799">
        <ele>253.24</ele>
      </trkpt>
      <trkpt lat="43.92837" lon="5.253807">
        <ele>264.3476963038194</ele>
      </trkpt>
      <trkpt lat="43.92837" lon="5.253807">
        <ele>264.3476963038194</ele>
      </trkpt>
      <trkpt lat="43.928372" lon="5.253616">
        <ele>265.11432978450506</ele>
      </trkpt>
      <trkpt lat="43.928411" lon="5.253514">
        <ele>265.5216877851577</ele>
      </trkpt>
      <trkpt lat="43.928608" lon="5.253163">
        <ele>266.62830132637396</ele>
      </trkpt>
      <trkpt lat="43.9287" lon="5.253155">
        <ele>266.79155173494263</ele>
      </trkpt>
      <trkpt lat="43.928832" lon="5.253235">
        <ele>266.89</ele>
      </trkpt>
      <trkpt lat="43.928917" lon="5.253337">
        <ele>266.83290439511535</ele>
      </trkpt>
      <trkpt lat="43.929091" lon="5.253589">
        <ele>266.48</ele>
      </trkpt>
      <trkpt lat="43.929535" lon="5.253927">
        <ele>265.92128876954115</ele>
      </trkpt>
      <trkpt lat="43.929609" lon="5.254018">
        <ele>265.8651850505026</ele>
      </trkpt>
      <trkpt lat="43.929829" lon="5.254195">
        <ele>265.8052761847657</ele>
      </trkpt>
      <trkpt lat="43.929949" lon="5.254329">
        <ele>265.83</ele>
      </trkpt>
      <trkpt lat="43.930354" lon="5.25449">
        <ele>266.0739126704416</ele>
      </trkpt>
      <trkpt lat="43.930659" lon="5.254705">
        <ele>266.2598750437634</ele>
      </trkpt>
      <trkpt lat="43.930826" lon="5.254941">
        <ele>266.26</ele>
      </trkpt>
      <trkpt lat="43.931077" lon="5.255139">
        <ele>266.08</ele>
      </trkpt>
      <trkpt lat="43.931695" lon="5.255553">
        <ele>266.342261852257</ele>
      </trkpt>
      <trkpt lat="43.931849" lon="5.255526">
        <ele>266.7895561924968</ele>
      </trkpt>
      <trkpt lat="43.931988" lon="5.255418">
        <ele>267.4810625811617</ele>
      </trkpt>
      <trkpt lat="43.932197" lon="5.255381">
        <ele>268.82382511316655</ele>
      </trkpt>
      <trkpt lat="43.932309" lon="5.255408">
        <ele>269.78070000893035</ele>
      </trkpt>
      <trkpt lat="43.932359" lon="5.255402">
        <ele>270.26</ele>
      </trkpt>
      <trkpt lat="43.932417" lon="5.255354">
        <ele>270.9597540919257</ele>
      </trkpt>
      <trkpt lat="43.932471" lon="5.255268">
        <ele>271.87312041298446</ele>
      </trkpt>
      <trkpt lat="43.932707" lon="5.254973">
        <ele>275.3872375701477</ele>
      </trkpt>
      <trkpt lat="43.9328" lon="5.254962">
        <ele>276.2100814784749</ele>
      </trkpt>
      <trkpt lat="43.932908" lon="5.255">
        <ele>276.94</ele>
      </trkpt>
      <trkpt lat="43.933159" lon="5.255365">
        <ele>277.6286709186698</ele>
      </trkpt>
      <trkpt lat="43.933283" lon="5.255445">
        <ele>277.83</ele>
      </trkpt>
      <trkpt lat="43.933947" lon="5.255472">
        <ele>282.71595100272805</ele>
      </trkpt>
      <trkpt lat="43.934469" lon="5.255461">
        <ele>289.14</ele>
      </trkpt>
      <trkpt lat="43.935102" lon="5.255483">
        <ele>295.83811111893937</ele>
      </trkpt>
      <trkpt lat="43.935257" lon="5.255574">
        <ele>296.63</ele>
      </trkpt>
      <trkpt lat="43.935353" lon="5.25574">
        <ele>296.8625704613377</ele>
      </trkpt>
      <trkpt lat="43.935488" lon="5.255896">
        <ele>297.06</ele>
      </trkpt>
      <trkpt lat="43.936161" lon="5.256191">
        <ele>302.58184258970454</ele>
      </trkpt>
      <trkpt lat="43.936794" lon="5.256405">
        <ele>311.1</ele>
      </trkpt>
      <trkpt lat="43.937235" lon="5.256459">
        <ele>316.35373034321475</ele>
      </trkpt>
      <trkpt lat="43.937474" lon="5.256572">
        <ele>318.87</ele>
      </trkpt>
      <trkpt lat="43.937717" lon="5.256647">
        <ele>320.966596871459</ele>
      </trkpt>
      <trkpt lat="43.938247" lon="5.256711">
        <ele>324.345874020212</ele>
      </trkpt>
      <trkpt lat="43.938355" lon="5.256738">
        <ele>324.89</ele>
      </trkpt>
      <trkpt lat="43.938745" lon="5.257001">
        <ele>327.21</ele>
      </trkpt>
      <trkpt lat="43.939205" lon="5.257194">
        <ele>332.0509603632073</ele>
      </trkpt>
      <trkpt lat="43.939348" lon="5.257199">
        <ele>333.7935337337628</ele>
      </trkpt>
      <trkpt lat="43.93949" lon="5.257178">
        <ele>335.55143329976903</ele>
      </trkpt>
      <trkpt lat="43.939757" lon="5.257006">
        <ele>338.94734899504573</ele>
      </trkpt>
      <trkpt lat="43.939869" lon="5.256856">
        <ele>340.46</ele>
      </trkpt>
      <trkpt lat="43.940209" lon="5.256642">
        <ele>343.0818806526124</ele>
      </trkpt>
      <trkpt lat="43.940333" lon="5.25669">
        <ele>343.81595217844085</ele>
      </trkpt>
      <trkpt lat="43.940545" lon="5.256969">
        <ele>345.58</ele>
      </trkpt>
      <trkpt lat="43.94063" lon="5.257055">
        <ele>346.333225259967</ele>
      </trkpt>
      <trkpt lat="43.940788" lon="5.257108">
        <ele>347.6093999000874</ele>
      </trkpt>
      <trkpt lat="43.940978" lon="5.257033">
        <ele>349.2350181920407</ele>
      </trkpt>
      <trkpt lat="43.941306" lon="5.257033">
        <ele>351.72</ele>
      </trkpt>
      <trkpt lat="43.941623" lon="5.25714">
        <ele>353.5697099330598</ele>
      </trkpt>
      <trkpt lat="43.941912" lon="5.257312">
        <ele>355.27</ele>
      </trkpt>
      <trkpt lat="43.942704" lon="5.257634">
        <ele>360.21905241775386</ele>
      </trkpt>
      <trkpt lat="43.942751" lon="5.257752">
        <ele>360.47</ele>
      </trkpt>
      <trkpt lat="43.943017" lon="5.258589">
        <ele>360.2</ele>
      </trkpt>
      <trkpt lat="43.943249" lon="5.258975">
        <ele>360.7904640890972</ele>
      </trkpt>
      <trkpt lat="43.943678" lon="5.259388">
        <ele>362.23272510816525</ele>
      </trkpt>
      <trkpt lat="43.943797" lon="5.25957">
        <ele>362.47</ele>
      </trkpt>
      <trkpt lat="43.943921" lon="5.259774">
        <ele>362.42615809355107</ele>
      </trkpt>
      <trkpt lat="43.944218" lon="5.260139">
        <ele>361.7102985453163</ele>
      </trkpt>
      <trkpt lat="43.944272" lon="5.260241">
        <ele>361.50785285822013</ele>
      </trkpt>
      <trkpt lat="43.944307" lon="5.260386">
        <ele>361.28</ele>
      </trkpt>
      <trkpt lat="43.94474" lon="5.261319">
        <ele>360.74</ele>
      </trkpt>
      <trkpt lat="43.945223" lon="5.262269">
        <ele>360.37</ele>
      </trkpt>
      <trkpt lat="43.945277" lon="5.262408">
        <ele>359.8792213872556</ele>
      </trkpt>
      <trkpt lat="43.945396" lon="5.262859">
        <ele>357.8784820394346</ele>
      </trkpt>
      <trkpt lat="43.945408" lon="5.262988">
        <ele>357.3362344481189</ele>
      </trkpt>
      <trkpt lat="43.945398" lon="5.263205">
        <ele>356.56424210503735</ele>
      </trkpt>
      <trkpt lat="43.945438" lon="5.263312">
        <ele>356.25</ele>
      </trkpt>
      <trkpt lat="43.9455" lon="5.263454">
        <ele>355.9816938896336</ele>
      </trkpt>
      <trkpt lat="43.945608" lon="5.263363">
        <ele>355.8593598732942</ele>
      </trkpt>
      <trkpt lat="43.945682" lon="5.263427">
        <ele>355.8358979156376</ele>
      </trkpt>
      <trkpt lat="43.945753" lon="5.263575">
        <ele>355.83825785246563</ele>
      </trkpt>
      <trkpt lat="43.945968" lon="5.264015">
        <ele>355.44</ele>
      </trkpt>
      <trkpt lat="43.945977" lon="5.2642">
        <ele>354.94612112553136</ele>
      </trkpt>
      <trkpt lat="43.945968" lon="5.264291">
        <ele>354.65895822854407</ele>
      </trkpt>
      <trkpt lat="43.945929" lon="5.264503">
        <ele>354.0114720634966</ele>
      </trkpt>
      <trkpt lat="43.945817" lon="5.26482">
        <ele>353.67</ele>
      </trkpt>
      <trkpt lat="43.945949" lon="5.26508">
        <ele>354.7091139764793</ele>
      </trkpt>
      <trkpt lat="43.946065" lon="5.265187">
        <ele>355.84452957111955</ele>
      </trkpt>
      <trkpt lat="43.946242" lon="5.265251">
        <ele>357.6552788598397</ele>
      </trkpt>
      <trkpt lat="43.946404" lon="5.265241">
        <ele>359.35</ele>
      </trkpt>
      <trkpt lat="43.946872" lon="5.265144">
        <ele>363.77418798346326</ele>
      </trkpt>
      <trkpt lat="43.946949" lon="5.265074">
        <ele>364.5638325004794</ele>
      </trkpt>
      <trkpt lat="43.946976" lon="5.26494">
        <ele>365.4116372526007</ele>
      </trkpt>
      <trkpt lat="43.947049" lon="5.264865">
        <ele>366.1711045032707</ele>
      </trkpt>
      <trkpt lat="43.947177" lon="5.264549">
        <ele>368.36</ele>
      </trkpt>
      <trkpt lat="43.947231" lon="5.264356">
        <ele>369.6397839594686</ele>
      </trkpt>
      <trkpt lat="43.947521" lon="5.264227">
        <ele>372.33590503079984</ele>
      </trkpt>
      <trkpt lat="43.947942" lon="5.264028">
        <ele>376.49</ele>
      </trkpt>
      <trkpt lat="43.948185" lon="5.263841">
        <ele>379.2780191457432</ele>
      </trkpt>
      <trkpt lat="43.948471" lon="5.263621">
        <ele>383.18</ele>
      </trkpt>
      <trkpt lat="43.949011" lon="5.263562">
        <ele>391.13098499758553</ele>
      </trkpt>
      <trkpt lat="43.949382" lon="5.263336">
        <ele>395.5</ele>
      </trkpt>
      <trkpt lat="43.949421" lon="5.263202">
        <ele>396.06087566459803</ele>
      </trkpt>
      <trkpt lat="43.949471" lon="5.263004">
        <ele>396.5928375653194</ele>
      </trkpt>
      <trkpt lat="43.949494" lon="5.262945">
        <ele>396.7398511344259</ele>
      </trkpt>
      <trkpt lat="43.949637" lon="5.262875">
        <ele>397.3</ele>
      </trkpt>
      <trkpt lat="43.950035" lon="5.262381">
        <ele>401.63236014911297</ele>
      </trkpt>
      <trkpt lat="43.950089" lon="5.262339">
        <ele>402.26572846087447</ele>
      </trkpt>
      <trkpt lat="43.950162" lon="5.262151">
        <ele>403.84163681238084</ele>
      </trkpt>
      <trkpt lat="43.950232" lon="5.261877">
        <ele>405.83</ele>
      </trkpt>
      <trkpt lat="43.95029" lon="5.261496">
        <ele>408.0037645506771</ele>
      </trkpt>
      <trkpt lat="43.950355" lon="5.261507">
        <ele>408.473915044508</ele>
      </trkpt>
      <trkpt lat="43.950564" lon="5.261555">
        <ele>410.0705109659964</ele>
      </trkpt>
      <trkpt lat="43.950769" lon="5.261571">
        <ele>411.94</ele>
      </trkpt>
      <trkpt lat="43.951255" lon="5.2614">
        <ele>418.2438499491796</ele>
      </trkpt>
      <trkpt lat="43.951421" lon="5.261378">
        <ele>420.476463209795</ele>
      </trkpt>
      <trkpt lat="43.951472" lon="5.261464">
        <ele>421.50401447562143</ele>
      </trkpt>
      <trkpt lat="43.951502" lon="5.261555">
        <ele>422.38355739991596</ele>
      </trkpt>
      <trkpt lat="43.951599" lon="5.261829">
        <ele>424.69</ele>
      </trkpt>
      <trkpt lat="43.952232" lon="5.262569">
        <ele>430.03</ele>
      </trkpt>
      <trkpt lat="43.952371" lon="5.262591">
        <ele>431.3549450061622</ele>
      </trkpt>
      <trkpt lat="43.952445" lon="5.262483">
        <ele>432.4913783665075</ele>
      </trkpt>
      <trkpt lat="43.952495" lon="5.262398">
        <ele>433.35</ele>
      </trkpt>
      <trkpt lat="43.952754" lon="5.261534">
        <ele>440.22937199158815</ele>
      </trkpt>
      <trkpt lat="43.952823" lon="5.261132">
        <ele>442.9892118482398</ele>
      </trkpt>
      <trkpt lat="43.95285" lon="5.260756">
        <ele>445.36232021090706</ele>
      </trkpt>
      <trkpt lat="43.952881" lon="5.260654">
        <ele>446.03</ele>
      </trkpt>
      <trkpt lat="43.952908" lon="5.260343">
        <ele>447.8721189176075</ele>
      </trkpt>
      <trkpt lat="43.952982" lon="5.260037">
        <ele>449.79006649452225</ele>
      </trkpt>
      <trkpt lat="43.953009" lon="5.259624">
        <ele>452.49</ele>
      </trkpt>
      <trkpt lat="43.953086" lon="5.259458">
        <ele>453.92907742060964</ele>
      </trkpt>
      <trkpt lat="43.953302" lon="5.259329">
        <ele>456.47669776465284</ele>
      </trkpt>
      <trkpt lat="43.95348" lon="5.259313">
        <ele>458.47666973246464</ele>
      </trkpt>
      <trkpt lat="43.953607" lon="5.259254">
        <ele>459.97585459820607</ele>
      </trkpt>
      <trkpt lat="43.953711" lon="5.259259">
        <ele>461.12</ele>
      </trkpt>
      <trkpt lat="43.953878" lon="5.259318">
        <ele>462.9491659095391</ele>
      </trkpt>
      <trkpt lat="43.954044" lon="5.259345">
        <ele>464.640104902389</ele>
      </trkpt>
      <trkpt lat="43.954156" lon="5.259442">
        <ele>465.9183837872841</ele>
      </trkpt>
      <trkpt lat="43.954233" lon="5.259533">
        <ele>466.86296688781493</ele>
      </trkpt>
      <trkpt lat="43.954302" lon="5.259528">
        <ele>467.48997375999784</ele>
      </trkpt>
      <trkpt lat="43.954426" lon="5.259458">
        <ele>468.66436980273073</ele>
      </trkpt>
      <trkpt lat="43.954492" lon="5.259442">
        <ele>469.23168646266373</ele>
      </trkpt>
      <trkpt lat="43.954546" lon="5.259501">
        <ele>469.8</ele>
      </trkpt>
      <trkpt lat="43.954658" lon="5.259678">
        <ele>471.14782821764726</ele>
      </trkpt>
      <trkpt lat="43.95487" lon="5.259828">
        <ele>472.94927017336886</ele>
      </trkpt>
      <trkpt lat="43.954943" lon="5.259796">
        <ele>473.52</ele>
      </trkpt>
      <trkpt lat="43.955322" lon="5.259356">
        <ele>477.0598862246738</ele>
      </trkpt>
      <trkpt lat="43.95538" lon="5.259243">
        <ele>477.69298164947116</ele>
      </trkpt>
      <trkpt lat="43.955472" lon="5.258755">
        <ele>479.54</ele>
      </trkpt>
      <trkpt lat="43.955615" lon="5.258251">
        <ele>480.508670969722</ele>
      </trkpt>
      <trkpt lat="43.955635" lon="5.258079">
        <ele>480.61498603892613</ele>
      </trkpt>
      <trkpt lat="43.955781" lon="5.257714">
        <ele>480.54</ele>
      </trkpt>
      <trkpt lat="43.956425" lon="5.256694">
        <ele>478.8634097295793</ele>
      </trkpt>
      <trkpt lat="43.956425" lon="5.256694">
        <ele>478.8634097295793</ele>
      </trkpt>
      <trkpt lat="43.956434" lon="5.256679">
        <ele>478.8454127418395</ele>
      </trkpt>
      <trkpt lat="43.956801" lon="5.256068">
        <ele>478.92214755251115</ele>
      </trkpt>
      <trkpt lat="43.956982" lon="5.255928">
        <ele>479.5</ele>
      </trkpt>
      <trkpt lat="43.957546" lon="5.255746">
        <ele>482.3141587633077</ele>
      </trkpt>
      <trkpt lat="43.957608" lon="5.255558">
        <ele>482.9</ele>
      </trkpt>
      <trkpt lat="43.957704" lon="5.255182">
        <ele>483.5167058611236</ele>
      </trkpt>
      <trkpt lat="43.95772" lon="5.25492">
        <ele>483.79356142643707</ele>
      </trkpt>
      <trkpt lat="43.957952" lon="5.254936">
        <ele>484.34</ele>
      </trkpt>
      <trkpt lat="43.958172" lon="5.254957">
        <ele>485.33212078708624</ele>
      </trkpt>
      <trkpt lat="43.958268" lon="5.25492">
        <ele>485.9438022189403</ele>
      </trkpt>
      <trkpt lat="43.958322" lon="5.254844">
        <ele>486.4834664055535</ele>
      </trkpt>
      <trkpt lat="43.958403" lon="5.254759">
        <ele>487.2827400836669</ele>
      </trkpt>
      <trkpt lat="43.958465" lon="5.254651">
        <ele>488.15954020464494</ele>
      </trkpt>
      <trkpt lat="43.958554" lon="5.254356">
        <ele>490.53</ele>
      </trkpt>
      <trkpt lat="43.958809" lon="5.254142">
        <ele>494.1034917482877</ele>
      </trkpt>
      <trkpt lat="43.959087" lon="5.254147">
        <ele>497.30304199040626</ele>
      </trkpt>
      <trkpt lat="43.959176" lon="5.254142">
        <ele>498.1771746923553</ele>
      </trkpt>
      <trkpt lat="43.959272" lon="5.254126">
        <ele>498.9957476081357</ele>
      </trkpt>
      <trkpt lat="43.959422" lon="5.253991">
        <ele>500.05</ele>
      </trkpt>
      <trkpt lat="43.959516" lon="5.253847">
        <ele>500.40011085372623</ele>
      </trkpt>
      <trkpt lat="43.959759" lon="5.253385">
        <ele>500.54</ele>
      </trkpt>
      <trkpt lat="43.960311" lon="5.252473">
        <ele>504.25</ele>
      </trkpt>
      <trkpt lat="43.9605" lon="5.252092">
        <ele>505.20499098825337</ele>
      </trkpt>
      <trkpt lat="43.960608" lon="5.251851">
        <ele>505.6</ele>
      </trkpt>
      <trkpt lat="43.960998" lon="5.250826">
        <ele>506.72607718249765</ele>
      </trkpt>
      <trkpt lat="43.960917" lon="5.250269">
        <ele>506.12</ele>
      </trkpt>
      <trkpt lat="43.960736" lon="5.249405">
        <ele>503.21</ele>
      </trkpt>
      <trkpt lat="43.960531" lon="5.248702">
        <ele>501.34584829498385</ele>
      </trkpt>
      <trkpt lat="43.960462" lon="5.248321">
        <ele>500.692006076119</ele>
      </trkpt>
      <trkpt lat="43.960442" lon="5.24801">
        <ele>500.24</ele>
      </trkpt>
      <trkpt lat="43.960435" lon="5.247801">
        <ele>499.9588863459415</ele>
      </trkpt>
      <trkpt lat="43.960493" lon="5.247415">
        <ele>499.69</ele>
      </trkpt>
      <trkpt lat="43.961184" lon="5.247484">
        <ele>501.39509629334685</ele>
      </trkpt>
      <trkpt lat="43.961303" lon="5.247586">
        <ele>501.9791026539126</ele>
      </trkpt>
      <trkpt lat="43.961369" lon="5.247699">
        <ele>502.43</ele>
      </trkpt>
      <trkpt lat="43.961879" lon="5.24786">
        <ele>504.9</ele>
      </trkpt>
      <trkpt lat="43.962659" lon="5.247994">
        <ele>510.29976388267426</ele>
      </trkpt>
      <trkpt lat="43.963076" lon="5.24815">
        <ele>513.37</ele>
      </trkpt>
      <trkpt lat="43.963473" lon="5.248144">
        <ele>515.792998093177</ele>
      </trkpt>
      <trkpt lat="43.96379" lon="5.24823">
        <ele>517.7179436173809</ele>
      </trkpt>
      <trkpt lat="43.963956" lon="5.24823">
        <ele>518.79</ele>
      </trkpt>
      <trkpt lat="43.964296" lon="5.248337">
        <ele>521.43</ele>
      </trkpt>
      <trkpt lat="43.965068" lon="5.248386">
        <ele>528.7835353980402</ele>
      </trkpt>
      <trkpt lat="43.96523" lon="5.248407">
        <ele>530.1338187516723</ele>
      </trkpt>
      <trkpt lat="43.965338" lon="5.248402">
        <ele>530.91</ele>
      </trkpt>
      <trkpt lat="43.965643" lon="5.248262">
        <ele>532.548498607913</ele>
      </trkpt>
      <trkpt lat="43.96574" lon="5.248284">
        <ele>532.8653978910789</ele>
      </trkpt>
      <trkpt lat="43.965956" lon="5.248364">
        <ele>533.3070149843008</ele>
      </trkpt>
      <trkpt lat="43.966385" lon="5.248359">
        <ele>533.26</ele>
      </trkpt>
      <trkpt lat="43.966446" lon="5.248402">
        <ele>533.1665638201919</ele>
      </trkpt>
      <trkpt lat="43.966655" lon="5.248563">
        <ele>532.7378942825087</ele>
      </trkpt>
      <trkpt lat="43.966898" lon="5.248595">
        <ele>532.2778638402818</ele>
      </trkpt>
      <trkpt lat="43.966999" lon="5.24867">
        <ele>532.1073941973998</ele>
      </trkpt>
      <trkpt lat="43.967134" lon="5.248675">
        <ele>531.98</ele>
      </trkpt>
      <trkpt lat="43.967311" lon="5.248702">
        <ele>532.02</ele>
      </trkpt>
      <trkpt lat="43.967975" lon="5.248911">
        <ele>535.3207020916675</ele>
      </trkpt>
      <trkpt lat="43.968369" lon="5.249019">
        <ele>537.9986576406278</ele>
      </trkpt>
      <trkpt lat="43.968558" lon="5.249137">
        <ele>539.06</ele>
      </trkpt>
      <trkpt lat="43.969056" lon="5.249856">
        <ele>540.0233706948795</ele>
      </trkpt>
      <trkpt lat="43.969238" lon="5.250038">
        <ele>539.84</ele>
      </trkpt>
      <trkpt lat="43.969419" lon="5.250108">
        <ele>539.77</ele>
      </trkpt>
      <trkpt lat="43.970361" lon="5.249931">
        <ele>545.7765420423258</ele>
      </trkpt>
      <trkpt lat="43.970786" lon="5.249866">
        <ele>548.46</ele>
      </trkpt>
      <trkpt lat="43.970956" lon="5.249888">
        <ele>548.9113063810898</ele>
      </trkpt>
      <trkpt lat="43.971137" lon="5.250006">
        <ele>549.0971005185087</ele>
      </trkpt>
      <trkpt lat="43.971558" lon="5.25043">
        <ele>549.7</ele>
      </trkpt>
      <trkpt lat="43.971759" lon="5.250558">
        <ele>550.7425756965631</ele>
      </trkpt>
      <trkpt lat="43.972033" lon="5.250607">
        <ele>552.46</ele>
      </trkpt>
      <trkpt lat="43.972373" lon="5.250655">
        <ele>554.4506389374538</ele>
      </trkpt>
      <trkpt lat="43.972601" lon="5.250692">
        <ele>555.6720825264446</ele>
      </trkpt>
      <trkpt lat="43.972778" lon="5.250773">
        <ele>556.6337074383805</ele>
      </trkpt>
      <trkpt lat="43.972855" lon="5.25095">
        <ele>557.402333223518</ele>
      </trkpt>
      <trkpt lat="43.972875" lon="5.251159">
        <ele>558.2</ele>
      </trkpt>
      <trkpt lat="43.972686" lon="5.25206">
        <ele>562.0070626678101</ele>
      </trkpt>
      <trkpt lat="43.97272" lon="5.252227">
        <ele>562.74</ele>
      </trkpt>
      <trkpt lat="43.973141" lon="5.252125">
        <ele>565.5435780954813</ele>
      </trkpt>
      <trkpt lat="43.97333" lon="5.252227">
        <ele>567.37</ele>
      </trkpt>
      <trkpt lat="43.973948" lon="5.252618">
        <ele>576.05</ele>
      </trkpt>
      <trkpt lat="43.974431" lon="5.252913">
        <ele>582.304160798408</ele>
      </trkpt>
      <trkpt lat="43.974492" lon="5.252919">
        <ele>582.9398476725195</ele>
      </trkpt>
      <trkpt lat="43.974778" lon="5.253106">
        <ele>585.9411662225787</ele>
      </trkpt>
      <trkpt lat="43.975025" lon="5.253122">
        <ele>587.96</ele>
      </trkpt>
      <trkpt lat="43.975338" lon="5.253187">
        <ele>590.0126198785258</ele>
      </trkpt>
      <trkpt lat="43.975724" lon="5.253283">
        <ele>590.83</ele>
      </trkpt>
      <trkpt lat="43.975967" lon="5.253326">
        <ele>589.9616330168066</ele>
      </trkpt>
      <trkpt lat="43.976141" lon="5.25331">
        <ele>588.9229530957525</ele>
      </trkpt>
      <trkpt lat="43.976442" lon="5.253385">
        <ele>587.0051634895168</ele>
      </trkpt>
      <trkpt lat="43.976616" lon="5.253509">
        <ele>586.18</ele>
      </trkpt>
      <trkpt lat="43.977052" lon="5.25368">
        <ele>586.2833507934129</ele>
      </trkpt>
      <trkpt lat="43.977419" lon="5.25368">
        <ele>586.98</ele>
      </trkpt>
      <trkpt lat="43.977681" lon="5.253659">
        <ele>587.0343443617821</ele>
      </trkpt>
      <trkpt lat="43.978067" lon="5.253825">
        <ele>587.28</ele>
      </trkpt>
      <trkpt lat="43.97833" lon="5.254034">
        <ele>588.4582487449006</ele>
      </trkpt>
      <trkpt lat="43.97853" lon="5.25419">
        <ele>589.7152565714863</ele>
      </trkpt>
      <trkpt lat="43.978758" lon="5.254265">
        <ele>590.98</ele>
      </trkpt>
      <trkpt lat="43.979171" lon="5.254592">
        <ele>593.1193195414331</ele>
      </trkpt>
      <trkpt lat="43.979295" lon="5.254635">
        <ele>593.84</ele>
      </trkpt>
      <trkpt lat="43.979661" lon="5.254995">
        <ele>597.417239711687</ele>
      </trkpt>
      <trkpt lat="43.980051" lon="5.255435">
        <ele>601.89</ele>
      </trkpt>
      <trkpt lat="43.980549" lon="5.255853">
        <ele>606.3840180104588</ele>
      </trkpt>
      <trkpt lat="43.980611" lon="5.255923">
        <ele>607.17</ele>
      </trkpt>
      <trkpt lat="43.980951" lon="5.256513">
        <ele>613.9421666364689</ele>
      </trkpt>
      <trkpt lat="43.98109" lon="5.256937">
        <ele>617.6285198068531</ele>
      </trkpt>
      <trkpt lat="43.981225" lon="5.257156">
        <ele>618.96</ele>
      </trkpt>
      <trkpt lat="43.981394" lon="5.257307">
        <ele>619.3455046844497</ele>
      </trkpt>
      <trkpt lat="43.98158" lon="5.257452">
        <ele>619.3735955199213</ele>
      </trkpt>
      <trkpt lat="43.981738" lon="5.257452">
        <ele>619.6173211808123</ele>
      </trkpt>
      <trkpt lat="43.981819" lon="5.257516">
        <ele>620.0043102869096</ele>
      </trkpt>
      <trkpt lat="43.981889" lon="5.257677">
        <ele>621.06</ele>
      </trkpt>
      <trkpt lat="43.982043" lon="5.25824">
        <ele>628.5609640678351</ele>
      </trkpt>
      <trkpt lat="43.982128" lon="5.25853">
        <ele>633.6497691366816</ele>
      </trkpt>
      <trkpt lat="43.982298" lon="5.25883">
        <ele>639.41</ele>
      </trkpt>
      <trkpt lat="43.982406" lon="5.259179">
        <ele>643.8364585635358</ele>
      </trkpt>
      <trkpt lat="43.982475" lon="5.25964">
        <ele>649.59</ele>
      </trkpt>
      <trkpt lat="43.982502" lon="5.260102">
        <ele>657.7366436244878</ele>
      </trkpt>
      <trkpt lat="43.982583" lon="5.260381">
        <ele>663.4298040104862</ele>
      </trkpt>
      <trkpt lat="43.982749" lon="5.260702">
        <ele>669.69</ele>
      </trkpt>
      <trkpt lat="43.982915" lon="5.261014">
        <ele>673.2754084178216</ele>
      </trkpt>
      <trkpt lat="43.983016" lon="5.261212">
        <ele>674.5577541622504</ele>
      </trkpt>
      <trkpt lat="43.983112" lon="5.261641">
        <ele>676.286369531977</ele>
      </trkpt>
      <trkpt lat="43.983232" lon="5.261866">
        <ele>677.71</ele>
      </trkpt>
      <trkpt lat="43.983433" lon="5.26236">
        <ele>682.41</ele>
      </trkpt>
      <trkpt lat="43.983626" lon="5.262945">
        <ele>687.7467062984808</ele>
      </trkpt>
      <trkpt lat="43.983772" lon="5.26346">
        <ele>691.7158664945807</ele>
      </trkpt>
      <trkpt lat="43.983853" lon="5.263798">
        <ele>694</ele>
      </trkpt>
      <trkpt lat="43.983927" lon="5.26413">
        <ele>695.9790053682924</ele>
      </trkpt>
      <trkpt lat="43.984012" lon="5.264012">
        <ele>696.7535257496792</ele>
      </trkpt>
      <trkpt lat="43.98415" lon="5.263723">
        <ele>697.7722026166896</ele>
      </trkpt>
      <trkpt lat="43.984251" lon="5.26339">
        <ele>697.65</ele>
      </trkpt>
      <trkpt lat="43.984305" lon="5.262934">
        <ele>695.8349236536201</ele>
      </trkpt>
      <trkpt lat="43.984224" lon="5.262489">
        <ele>695.08</ele>
      </trkpt>
      <trkpt lat="43.984266" lon="5.262183">
        <ele>696.2648043071426</ele>
      </trkpt>
      <trkpt lat="43.984228" lon="5.26207">
        <ele>696.58</ele>
      </trkpt>
      <trkpt lat="43.983595" lon="5.260547">
        <ele>682.0071959856396</ele>
      </trkpt>
      <trkpt lat="43.983556" lon="5.260327">
        <ele>681.84</ele>
      </trkpt>
      <trkpt lat="43.983595" lon="5.260053">
        <ele>683.3271896896322</ele>
      </trkpt>
      <trkpt lat="43.983629" lon="5.259919">
        <ele>684.4949651136399</ele>
      </trkpt>
      <trkpt lat="43.983745" lon="5.259737">
        <ele>686.4995701646624</ele>
      </trkpt>
      <trkpt lat="43.983961" lon="5.259581">
        <ele>687.86</ele>
      </trkpt>
      <trkpt lat="43.984104" lon="5.259286">
        <ele>685.9843096751167</ele>
      </trkpt>
      <trkpt lat="43.984104" lon="5.259184">
        <ele>684.988021607563</ele>
      </trkpt>
      <trkpt lat="43.983938" lon="5.258782">
        <ele>679.922913081423</ele>
      </trkpt>
      <trkpt lat="43.983873" lon="5.258546">
        <ele>678.03</ele>
      </trkpt>
      <trkpt lat="43.983861" lon="5.258245">
        <ele>677.6265176767886</ele>
      </trkpt>
      <trkpt lat="43.983876" lon="5.258138">
        <ele>677.8896240906815</ele>
      </trkpt>
      <trkpt lat="43.983954" lon="5.257972">
        <ele>678.7251863925607</ele>
      </trkpt>
      <trkpt lat="43.983954" lon="5.257875">
        <ele>679.2406081646985</ele>
      </trkpt>
      <trkpt lat="43.983942" lon="5.257768">
        <ele>679.850376178868</ele>
      </trkpt>
      <trkpt lat="43.983888" lon="5.257677">
        <ele>680.50878231881</ele>
      </trkpt>
      <trkpt lat="43.983876" lon="5.257564">
        <ele>681.0939406232421</ele>
      </trkpt>
      <trkpt lat="43.983915" lon="5.257339">
        <ele>681.92</ele>
      </trkpt>
      <trkpt lat="43.983942" lon="5.257194">
        <ele>682.0774990633037</ele>
      </trkpt>
      <trkpt lat="43.983869" lon="5.25684">
        <ele>681.5129767117978</ele>
      </trkpt>
      <trkpt lat="43.983857" lon="5.256642">
        <ele>680.9601288453696</ele>
      </trkpt>
      <trkpt lat="43.983726" lon="5.25633">
        <ele>680.24</ele>
      </trkpt>
      <trkpt lat="43.983645" lon="5.256051">
        <ele>680.3914100075395</ele>
      </trkpt>
      <trkpt lat="43.983618" lon="5.255794">
        <ele>680.839607310635</ele>
      </trkpt>
      <trkpt lat="43.983618" lon="5.255644">
        <ele>681.0901661638162</ele>
      </trkpt>
      <trkpt lat="43.983606" lon="5.255402">
        <ele>681.28</ele>
      </trkpt>
      <trkpt lat="43.983471" lon="5.254887">
        <ele>680.2299954705703</ele>
      </trkpt>
      <trkpt lat="43.983379" lon="5.254667">
        <ele>679.3486519909527</ele>
      </trkpt>
      <trkpt lat="43.983348" lon="5.254447">
        <ele>678.56</ele>
      </trkpt>
      <trkpt lat="43.98322" lon="5.254024">
        <ele>677.1073057478675</ele>
      </trkpt>
      <trkpt lat="43.983209" lon="5.253804">
        <ele>676.3055088105328</ele>
      </trkpt>
      <trkpt lat="43.983147" lon="5.25353">
        <ele>674.9344534445984</ele>
      </trkpt>
      <trkpt lat="43.98302" lon="5.253192">
        <ele>672.18</ele>
      </trkpt>
      <trkpt lat="43.982919" lon="5.252945">
        <ele>669.3053325918188</ele>
      </trkpt>
      <trkpt lat="43.982869" lon="5.25272">
        <ele>666.793413312623</ele>
      </trkpt>
      <trkpt lat="43.982892" lon="5.25264">
        <ele>665.9357360910022</ele>
      </trkpt>
      <trkpt lat="43.982938" lon="5.252473">
        <ele>664.3869587726879</ele>
      </trkpt>
      <trkpt lat="43.98312" lon="5.252227">
        <ele>662.87</ele>
      </trkpt>
      <trkpt lat="43.98324" lon="5.252178">
        <ele>663.1533538159877</ele>
      </trkpt>
      <trkpt lat="43.983433" lon="5.252264">
        <ele>664.7382706483786</ele>
      </trkpt>
      <trkpt lat="43.983614" lon="5.252377">
        <ele>666.9075798619155</ele>
      </trkpt>
      <trkpt lat="43.983788" lon="5.252377">
        <ele>668.66</ele>
      </trkpt>
      <trkpt lat="43.983958" lon="5.252452">
        <ele>669.8547829663055</ele>
      </trkpt>
      <trkpt lat="43.98427" lon="5.252463">
        <ele>670.9927724591423</ele>
      </trkpt>
      <trkpt lat="43.984544" lon="5.252366">
        <ele>672.07</ele>
      </trkpt>
      <trkpt lat="43.984699" lon="5.252066">
        <ele>673.8007772596475</ele>
      </trkpt>
      <trkpt lat="43.984861" lon="5.251792">
        <ele>675.2418309018991</ele>
      </trkpt>
      <trkpt lat="43.984988" lon="5.251363">
        <ele>674.805120890015</ele>
      </trkpt>
      <trkpt lat="43.985058" lon="5.251315">
        <ele>674.0699777125402</ele>
      </trkpt>
      <trkpt lat="43.985077" lon="5.251261">
        <ele>673.53</ele>
      </trkpt>
      <trkpt lat="43.985054" lon="5.251175">
        <ele>672.5182076526504</ele>
      </trkpt>
      <trkpt lat="43.984934" lon="5.251073">
        <ele>669.7692806523014</ele>
      </trkpt>
      <trkpt lat="43.98476" lon="5.251105">
        <ele>665.7049706034672</ele>
      </trkpt>
      <trkpt lat="43.984629" lon="5.251234">
        <ele>661.9712994702326</ele>
      </trkpt>
      <trkpt lat="43.98439" lon="5.251315">
        <ele>657.61</ele>
      </trkpt>
      <trkpt lat="43.984228" lon="5.251223">
        <ele>656.28824877849</ele>
      </trkpt>
      <trkpt lat="43.984054" lon="5.251159">
        <ele>656.1366027440115</ele>
      </trkpt>
      <trkpt lat="43.983977" lon="5.251004">
        <ele>656.433103212275</ele>
      </trkpt>
      <trkpt lat="43.983903" lon="5.250703">
        <ele>656.87</ele>
      </trkpt>
      <trkpt lat="43.983734" lon="5.250553">
        <ele>656.4314582729302</ele>
      </trkpt>
      <trkpt lat="43.983587" lon="5.250483">
        <ele>655.4988520239121</ele>
      </trkpt>
      <trkpt lat="43.983359" lon="5.250424">
        <ele>653.2716975823269</ele>
      </trkpt>
      <trkpt lat="43.983108" lon="5.250424">
        <ele>649.92</ele>
      </trkpt>
      <trkpt lat="43.982919" lon="5.250435">
        <ele>647.070950548871</ele>
      </trkpt>
      <trkpt lat="43.982742" lon="5.250252">
        <ele>644.85</ele>
      </trkpt>
      <trkpt lat="43.982298" lon="5.249582">
        <ele>650.823052220579</ele>
      </trkpt>
      <trkpt lat="43.98212" lon="5.249357">
        <ele>654.4173501595878</ele>
      </trkpt>
      <trkpt lat="43.981757" lon="5.249196">
        <ele>656.78</ele>
      </trkpt>
      <trkpt lat="43.981526" lon="5.249244">
        <ele>654.7032529946845</ele>
      </trkpt>
      <trkpt lat="43.98136" lon="5.249303">
        <ele>651.9674699103504</ele>
      </trkpt>
      <trkpt lat="43.981205" lon="5.249416">
        <ele>648.8070701399406</ele>
      </trkpt>
      <trkpt lat="43.981063" lon="5.249555">
        <ele>645.93</ele>
      </trkpt>
      <trkpt lat="43.980723" lon="5.249711">
        <ele>642.2050360218426</ele>
      </trkpt>
      <trkpt lat="43.98058" lon="5.249711">
        <ele>641.2677014039127</ele>
      </trkpt>
      <trkpt lat="43.980375" lon="5.249619">
        <ele>640</ele>
      </trkpt>
      <trkpt lat="43.980182" lon="5.249507">
        <ele>638.6902482814386</ele>
      </trkpt>
      <trkpt lat="43.980009" lon="5.249292">
        <ele>637.5984513305687</ele>
      </trkpt>
      <trkpt lat="43.979932" lon="5.249094">
        <ele>637.4376785291317</ele>
      </trkpt>
      <trkpt lat="43.97992" lon="5.248804">
        <ele>638.42</ele>
      </trkpt>
      <trkpt lat="43.980209" lon="5.248294">
        <ele>644.55</ele>
      </trkpt>
      <trkpt lat="43.980858" lon="5.247522">
        <ele>649.0402016085178</ele>
      </trkpt>
      <trkpt lat="43.98102" lon="5.247055">
        <ele>650.57</ele>
      </trkpt>
      <trkpt lat="43.981136" lon="5.246894">
        <ele>651.8340553420608</ele>
      </trkpt>
      <trkpt lat="43.981383" lon="5.246696">
        <ele>654.7244608825353</ele>
      </trkpt>
      <trkpt lat="43.981514" lon="5.246519">
        <ele>656.77</ele>
      </trkpt>
      <trkpt lat="43.981692" lon="5.246154">
        <ele>660.0883416446087</ele>
      </trkpt>
      <trkpt lat="43.981954" lon="5.245945">
        <ele>662.3591051749204</ele>
      </trkpt>
      <trkpt lat="43.98212" lon="5.245779">
        <ele>663.070620254622</ele>
      </trkpt>
      <trkpt lat="43.982143" lon="5.245623">
        <ele>663.0877361477728</ele>
      </trkpt>
      <trkpt lat="43.981993" lon="5.245553">
        <ele>662.58</ele>
      </trkpt>
      <trkpt lat="43.98185" lon="5.245569">
        <ele>661.56524921647</ele>
      </trkpt>
      <trkpt lat="43.981603" lon="5.245607">
        <ele>659.0912165383875</ele>
      </trkpt>
      <trkpt lat="43.981298" lon="5.245762">
        <ele>656.14</ele>
      </trkpt>
      <trkpt lat="43.980916" lon="5.245784">
        <ele>655.0733006825029</ele>
      </trkpt>
      <trkpt lat="43.980704" lon="5.245848">
        <ele>654.9432027806496</ele>
      </trkpt>
      <trkpt lat="43.980441" lon="5.24595">
        <ele>654.2</ele>
      </trkpt>
      <trkpt lat="43.979951" lon="5.246095">
        <ele>649.4</ele>
      </trkpt>
      <trkpt lat="43.979592" lon="5.246133">
        <ele>644.5208076991569</ele>
      </trkpt>
      <trkpt lat="43.979395" lon="5.246138">
        <ele>641.9611673425703</ele>
      </trkpt>
      <trkpt lat="43.978874" lon="5.246176">
        <ele>637.78</ele>
      </trkpt>
      <trkpt lat="43.978658" lon="5.246106">
        <ele>637.795209707642</ele>
      </trkpt>
      <trkpt lat="43.97848" lon="5.245725">
        <ele>638.5065703135922</ele>
      </trkpt>
      <trkpt lat="43.978418" lon="5.245596">
        <ele>638.52</ele>
      </trkpt>
      <trkpt lat="43.978268" lon="5.245258">
        <ele>637.5129633526885</ele>
      </trkpt>
      <trkpt lat="43.978025" lon="5.244598">
        <ele>635.71</ele>
      </trkpt>
      <trkpt lat="43.977967" lon="5.244239">
        <ele>636.9618765647925</ele>
      </trkpt>
      <trkpt lat="43.977986" lon="5.243965">
        <ele>638.6277064628387</ele>
      </trkpt>
      <trkpt lat="43.97804" lon="5.243724">
        <ele>640.2804233006963</ele>
      </trkpt>
      <trkpt lat="43.978075" lon="5.243348">
        <ele>642.22</ele>
      </trkpt>
      <trkpt lat="43.978129" lon="5.24315">
        <ele>642.6748704318395</ele>
      </trkpt>
      <trkpt lat="43.978148" lon="5.243059">
        <ele>642.7022560109533</ele>
      </trkpt>
      <trkpt lat="43.978113" lon="5.243011">
        <ele>642.6527439444587</ele>
      </trkpt>
      <trkpt lat="43.977998" lon="5.243">
        <ele>642.3053948482622</ele>
      </trkpt>
      <trkpt lat="43.977739" lon="5.243064">
        <ele>640.25</ele>
      </trkpt>
      <trkpt lat="43.977388" lon="5.243064">
        <ele>635.1326153358467</ele>
      </trkpt>
      <trkpt lat="43.977152" lon="5.242962">
        <ele>631.1241594182001</ele>
      </trkpt>
      <trkpt lat="43.976855" lon="5.242624">
        <ele>626.91</ele>
      </trkpt>
      <trkpt lat="43.976712" lon="5.242394">
        <ele>626.6178592694573</ele>
      </trkpt>
      <trkpt lat="43.976577" lon="5.241932">
        <ele>628.1</ele>
      </trkpt>
      <trkpt lat="43.976469" lon="5.241482">
        <ele>629.3147569662258</ele>
      </trkpt>
      <trkpt lat="43.976272" lon="5.240698">
        <ele>627.86</ele>
      </trkpt>
      <trkpt lat="43.97611" lon="5.240291">
        <ele>624.5683131420893</ele>
      </trkpt>
      <trkpt lat="43.97606" lon="5.240006">
        <ele>622.7021881664588</ele>
      </trkpt>
      <trkpt lat="43.976036" lon="5.239706">
        <ele>621.9676376204146</ele>
      </trkpt>
      <trkpt lat="43.976044" lon="5.239561">
        <ele>622.3</ele>
      </trkpt>
      <trkpt lat="43.976067" lon="5.239368">
        <ele>623.5857216040058</ele>
      </trkpt>
      <trkpt lat="43.976145" lon="5.239186">
        <ele>625.7839660036922</ele>
      </trkpt>
      <trkpt lat="43.976253" lon="5.239062">
        <ele>628.1984410003588</ele>
      </trkpt>
      <trkpt lat="43.976372" lon="5.238993">
        <ele>630.4730950576807</ele>
      </trkpt>
      <trkpt lat="43.976469" lon="5.238944">
        <ele>632.16</ele>
      </trkpt>
      <trkpt lat="43.976932" lon="5.238451">
        <ele>638.2883715751232</ele>
      </trkpt>
      <trkpt lat="43.977013" lon="5.238429">
        <ele>638.9374866192878</ele>
      </trkpt>
      <trkpt lat="43.977283" lon="5.238419">
        <ele>641.26</ele>
      </trkpt>
      <trkpt lat="43.977473" lon="5.238354">
        <ele>643.3347265405636</ele>
      </trkpt>
      <trkpt lat="43.977608" lon="5.238306">
        <ele>644.8595140572863</ele>
      </trkpt>
      <trkpt lat="43.977735" lon="5.238236">
        <ele>646.2225359514443</ele>
      </trkpt>
      <trkpt lat="43.977743" lon="5.238161">
        <ele>646.698494383694</ele>
      </trkpt>
      <trkpt lat="43.9777" lon="5.238075">
        <ele>647.2643565772394</ele>
      </trkpt>
      <trkpt lat="43.977422" lon="5.237957">
        <ele>648.03</ele>
      </trkpt>
      <trkpt lat="43.976564" lon="5.237765">
        <ele>637.64</ele>
      </trkpt>
      <trkpt lat="43.976465" lon="5.237743">
        <ele>636.2502030308598</ele>
      </trkpt>
      <trkpt lat="43.976257" lon="5.237651">
        <ele>633.5</ele>
      </trkpt>
      <trkpt lat="43.97565" lon="5.237314">
        <ele>627.2172201051908</ele>
      </trkpt>
      <trkpt lat="43.975481" lon="5.237158">
        <ele>626.3008834301864</ele>
      </trkpt>
      <trkpt lat="43.975361" lon="5.236976">
        <ele>626.0889035628898</ele>
      </trkpt>
      <trkpt lat="43.975295" lon="5.236745">
        <ele>626.53</ele>
      </trkpt>
      <trkpt lat="43.97523" lon="5.236444">
        <ele>627.9011607669519</ele>
      </trkpt>
      <trkpt lat="43.974983" lon="5.235919">
        <ele>628.47</ele>
      </trkpt>
      <trkpt lat="43.974164" lon="5.236133">
        <ele>611.02</ele>
      </trkpt>
      <trkpt lat="43.973746" lon="5.236171">
        <ele>604.6207343676072</ele>
      </trkpt>
      <trkpt lat="43.973195" lon="5.236139">
        <ele>601.33</ele>
      </trkpt>
      <trkpt lat="43.972956" lon="5.236042">
        <ele>600.687007642826</ele>
      </trkpt>
      <trkpt lat="43.972554" lon="5.235972">
        <ele>598.22</ele>
      </trkpt>
      <trkpt lat="43.971809" lon="5.235715">
        <ele>587.63</ele>
      </trkpt>
      <trkpt lat="43.971458" lon="5.235382">
        <ele>587.0526445451964</ele>
      </trkpt>
      <trkpt lat="43.971288" lon="5.235291">
        <ele>587.6289662492295</ele>
      </trkpt>
      <trkpt lat="43.971191" lon="5.235152">
        <ele>588.0000716671767</ele>
      </trkpt>
      <trkpt lat="43.971099" lon="5.234959">
        <ele>588.0624837562192</ele>
      </trkpt>
      <trkpt lat="43.970998" lon="5.234937">
        <ele>587.76</ele>
      </trkpt>
      <trkpt lat="43.970887" lon="5.234937">
        <ele>587.059034752076</ele>
      </trkpt>
      <trkpt lat="43.970666" lon="5.234846">
        <ele>584.595808053367</ele>
      </trkpt>
      <trkpt lat="43.970277" lon="5.234642">
        <ele>578.54</ele>
      </trkpt>
      <trkpt lat="43.97013" lon="5.234583">
        <ele>576.4102195047035</ele>
      </trkpt>
      <trkpt lat="43.970029" lon="5.234519">
        <ele>575.0630839027244</ele>
      </trkpt>
      <trkpt lat="43.969995" lon="5.234449">
        <ele>574.4214988778072</ele>
      </trkpt>
      <trkpt lat="43.969929" lon="5.234449">
        <ele>573.8196209626634</ele>
      </trkpt>
      <trkpt lat="43.969817" lon="5.234331">
        <ele>572.92</ele>
      </trkpt>
      <trkpt lat="43.969485" lon="5.233644">
        <ele>573.839577654849</ele>
      </trkpt>
      <trkpt lat="43.96935" lon="5.233333">
        <ele>574.48</ele>
      </trkpt>
      <trkpt lat="43.969134" lon="5.23277">
        <ele>573.31</ele>
      </trkpt>
      <trkpt lat="43.969018" lon="5.23181">
        <ele>571.6081809710373</ele>
      </trkpt>
      <trkpt lat="43.969072" lon="5.231295">
        <ele>571.70542408981</ele>
      </trkpt>
      <trkpt lat="43.969188" lon="5.231064">
        <ele>572.1423812436533</ele>
      </trkpt>
      <trkpt lat="43.969358" lon="5.230989">
        <ele>572.78</ele>
      </trkpt>
      <trkpt lat="43.970174" lon="5.230984">
        <ele>578.2524876119282</ele>
      </trkpt>
      <trkpt lat="43.970174" lon="5.230984">
        <ele>578.2524876119282</ele>
      </trkpt>
      <trkpt lat="43.970261" lon="5.230983">
        <ele>578.9739921399362</ele>
      </trkpt>
      <trkpt lat="43.970775" lon="5.230978">
        <ele>583.19</ele>
      </trkpt>
      <trkpt lat="43.971516" lon="5.231295">
        <ele>589.7</ele>
      </trkpt>
      <trkpt lat="43.971747" lon="5.231407">
        <ele>592.6778361393608</ele>
      </trkpt>
      <trkpt lat="43.972547" lon="5.231423">
        <ele>601.32</ele>
      </trkpt>
      <trkpt lat="43.972647" lon="5.231413">
        <ele>601.7120670288693</ele>
      </trkpt>
      <trkpt lat="43.972705" lon="5.231429">
        <ele>601.8415751898073</ele>
      </trkpt>
      <trkpt lat="43.972832" lon="5.231354">
        <ele>601.8781601868812</ele>
      </trkpt>
      <trkpt lat="43.972875" lon="5.231273">
        <ele>601.7624399885934</ele>
      </trkpt>
      <trkpt lat="43.972867" lon="5.231064">
        <ele>601.2656465692729</ele>
      </trkpt>
      <trkpt lat="43.972743" lon="5.230855">
        <ele>600.21</ele>
      </trkpt>
      <trkpt lat="43.972431" lon="5.230265">
        <ele>596.4078883019861</ele>
      </trkpt>
      <trkpt lat="43.97235" lon="5.229975">
        <ele>595.16</ele>
      </trkpt>
      <trkpt lat="43.972303" lon="5.229471">
        <ele>594.4042792508942</ele>
      </trkpt>
      <trkpt lat="43.972442" lon="5.228725">
        <ele>594.76</ele>
      </trkpt>
      <trkpt lat="43.97252" lon="5.228478">
        <ele>594.8548058607304</ele>
      </trkpt>
      <trkpt lat="43.972635" lon="5.228248">
        <ele>595.0955160585626</ele>
      </trkpt>
      <trkpt lat="43.972751" lon="5.228162">
        <ele>595.4718891460334</ele>
      </trkpt>
      <trkpt lat="43.973037" lon="5.22821">
        <ele>597.36</ele>
      </trkpt>
      <trkpt lat="43.973519" lon="5.228344">
        <ele>604.07</ele>
      </trkpt>
      <trkpt lat="43.974168" lon="5.228484">
        <ele>612.6400720072173</ele>
      </trkpt>
      <trkpt lat="43.974407" lon="5.228639">
        <ele>615.49</ele>
      </trkpt>
      <trkpt lat="43.975064" lon="5.228886">
        <ele>620.6109383181202</ele>
      </trkpt>
      <trkpt lat="43.975156" lon="5.228907">
        <ele>620.8694555032251</ele>
      </trkpt>
      <trkpt lat="43.975257" lon="5.228784">
        <ele>620.9767595196902</ele>
      </trkpt>
      <trkpt lat="43.975295" lon="5.228661">
        <ele>620.84</ele>
      </trkpt>
      <trkpt lat="43.975268" lon="5.228537">
        <ele>620.5269839038601</ele>
      </trkpt>
      <trkpt lat="43.975214" lon="5.228446">
        <ele>620.1006518456231</ele>
      </trkpt>
      <trkpt lat="43.974917" lon="5.228253">
        <ele>617.4863447097117</ele>
      </trkpt>
      <trkpt lat="43.974705" lon="5.228092">
        <ele>614.96</ele>
      </trkpt>
      <trkpt lat="43.974612" lon="5.227947">
        <ele>613.4342524136061</ele>
      </trkpt>
      <trkpt lat="43.974535" lon="5.227636">
        <ele>611.0971266522481</ele>
      </trkpt>
      <trkpt lat="43.974423" lon="5.22747">
        <ele>609.9178280478487</ele>
      </trkpt>
      <trkpt lat="43.974257" lon="5.227363">
        <ele>609.2848442880583</ele>
      </trkpt>
      <trkpt lat="43.974137" lon="5.227244">
        <ele>609.47</ele>
      </trkpt>
      <trkpt lat="43.974083" lon="5.227105">
        <ele>610.1020302624694</ele>
      </trkpt>
      <trkpt lat="43.974129" lon="5.226923">
        <ele>611.3293517659532</ele>
      </trkpt>
      <trkpt lat="43.974388" lon="5.226772">
        <ele>614.52</ele>
      </trkpt>
      <trkpt lat="43.974712" lon="5.226649">
        <ele>618.070431215842</ele>
      </trkpt>
      <trkpt lat="43.975118" lon="5.226552">
        <ele>621.6038360805372</ele>
      </trkpt>
      <trkpt lat="43.975388" lon="5.226606">
        <ele>623.5</ele>
      </trkpt>
      <trkpt lat="43.976312" lon="5.226702">
        <ele>627.6951569354078</ele>
      </trkpt>
      <trkpt lat="43.976312" lon="5.226702">
        <ele>627.6951569354078</ele>
      </trkpt>
      <trkpt lat="43.976677" lon="5.22674">
        <ele>628.5032780609517</ele>
      </trkpt>
      <trkpt lat="43.976785" lon="5.226697">
        <ele>628.6653707532577</ele>
      </trkpt>
      <trkpt lat="43.976928" lon="5.226585">
        <ele>628.8336771838145</ele>
      </trkpt>
      <trkpt lat="43.977005" lon="5.226445">
        <ele>628.91</ele>
      </trkpt>
      <trkpt lat="43.977067" lon="5.226274">
        <ele>628.941156549322</ele>
      </trkpt>
      <trkpt lat="43.977063" lon="5.226129">
        <ele>628.9280277000232</ele>
      </trkpt>
      <trkpt lat="43.976897" lon="5.225801">
        <ele>628.719783698171</ele>
      </trkpt>
      <trkpt lat="43.976739" lon="5.22563">
        <ele>628.42</ele>
      </trkpt>
      <trkpt lat="43.976608" lon="5.225528">
        <ele>628.1097725411535</ele>
      </trkpt>
      <trkpt lat="43.976044" lon="5.225351">
        <ele>626.39</ele>
      </trkpt>
      <trkpt lat="43.975469" lon="5.225099">
        <ele>624.62</ele>
      </trkpt>
      <trkpt lat="43.975145" lon="5.224691">
        <ele>624.6081774277633</ele>
      </trkpt>
      <trkpt lat="43.975041" lon="5.224407">
        <ele>624.9045315933482</ele>
      </trkpt>
      <trkpt lat="43.974921" lon="5.224294">
        <ele>625.1159986149702</ele>
      </trkpt>
      <trkpt lat="43.974716" lon="5.224267">
        <ele>625.37</ele>
      </trkpt>
      <trkpt lat="43.97445" lon="5.224015">
        <ele>625.5421677337306</ele>
      </trkpt>
      <trkpt lat="43.97418" lon="5.223806">
        <ele>625.5739176114573</ele>
      </trkpt>
      <trkpt lat="43.97399" lon="5.223656">
        <ele>625.62</ele>
      </trkpt>
      <trkpt lat="43.973473" lon="5.223436">
        <ele>626.0461711808432</ele>
      </trkpt>
      <trkpt lat="43.973114" lon="5.223302">
        <ele>626.47</ele>
      </trkpt>
      <trkpt lat="43.972801" lon="5.223109">
        <ele>626.91</ele>
      </trkpt>
      <trkpt lat="43.972249" lon="5.22283">
        <ele>628.2595742700815</ele>
      </trkpt>
      <trkpt lat="43.972045" lon="5.222545">
        <ele>629.0840297381162</ele>
      </trkpt>
      <trkpt lat="43.971717" lon="5.222379">
        <ele>630.05</ele>
      </trkpt>
      <trkpt lat="43.971655" lon="5.222245">
        <ele>630.339472970732</ele>
      </trkpt>
      <trkpt lat="43.971597" lon="5.222041">
        <ele>630.7265744316148</ele>
      </trkpt>
      <trkpt lat="43.971535" lon="5.221902">
        <ele>631.0212119503088</ele>
      </trkpt>
      <trkpt lat="43.971033" lon="5.221875">
        <ele>632.62</ele>
      </trkpt>
      <trkpt lat="43.970856" lon="5.221612">
        <ele>633.8009614199315</ele>
      </trkpt>
      <trkpt lat="43.970697" lon="5.221483">
        <ele>634.68</ele>
      </trkpt>
      <trkpt lat="43.970396" lon="5.221113">
        <ele>636.3682788103957</ele>
      </trkpt>
      <trkpt lat="43.970045" lon="5.221">
        <ele>637.6385516291562</ele>
      </trkpt>
      <trkpt lat="43.969771" lon="5.220646">
        <ele>638.81</ele>
      </trkpt>
      <trkpt lat="43.969319" lon="5.220351">
        <ele>640.4003530431481</ele>
      </trkpt>
      <trkpt lat="43.969103" lon="5.220013">
        <ele>641.79</ele>
      </trkpt>
      <trkpt lat="43.968972" lon="5.219675">
        <ele>643.2693051006838</ele>
      </trkpt>
      <trkpt lat="43.968867" lon="5.21938">
        <ele>644.3679279564795</ele>
      </trkpt>
      <trkpt lat="43.96874" lon="5.219268">
        <ele>644.7857279378735</ele>
      </trkpt>
      <trkpt lat="43.968578" lon="5.21916">
        <ele>644.83</ele>
      </trkpt>
      <trkpt lat="43.968064" lon="5.218855">
        <ele>642.73</ele>
      </trkpt>
      <trkpt lat="43.967968" lon="5.218447">
        <ele>642.565941213681</ele>
      </trkpt>
      <trkpt lat="43.967825" lon="5.218248">
        <ele>642.9862173804672</ele>
      </trkpt>
      <trkpt lat="43.967759" lon="5.218066">
        <ele>643.4304866274737</ele>
      </trkpt>
      <trkpt lat="43.967709" lon="5.217921">
        <ele>643.8126651499026</ele>
      </trkpt>
      <trkpt lat="43.967717" lon="5.217696">
        <ele>644.3262365602832</ele>
      </trkpt>
      <trkpt lat="43.967682" lon="5.217599">
        <ele>644.54</ele>
      </trkpt>
      <trkpt lat="43.967478" lon="5.217251">
        <ele>645.040381482542</ele>
      </trkpt>
      <trkpt lat="43.967301" lon="5.216982">
        <ele>644.9531415235571</ele>
      </trkpt>
      <trkpt lat="43.967263" lon="5.216813">
        <ele>644.7397208618189</ele>
      </trkpt>
      <trkpt lat="43.967199" lon="5.216682">
        <ele>644.45</ele>
      </trkpt>
      <trkpt lat="43.967158" lon="5.216475">
        <ele>643.9181786577673</ele>
      </trkpt>
      <trkpt lat="43.967012" lon="5.216234">
        <ele>643.0042032933326</ele>
      </trkpt>
      <trkpt lat="43.966734" lon="5.215794">
        <ele>641.76</ele>
      </trkpt>
      <trkpt lat="43.966713" lon="5.215582">
        <ele>641.707160758425</ele>
      </trkpt>
      <trkpt lat="43.966654" lon="5.215223">
        <ele>641.9978416331423</ele>
      </trkpt>
      <trkpt lat="43.966622" lon="5.214989">
        <ele>642.2475817908404</ele>
      </trkpt>
      <trkpt lat="43.966626" lon="5.214735">
        <ele>642.39</ele>
      </trkpt>
      <trkpt lat="43.966684" lon="5.214386">
        <ele>642.1047151317359</ele>
      </trkpt>
      <trkpt lat="43.966749" lon="5.214112">
        <ele>641.309998222904</ele>
      </trkpt>
      <trkpt lat="43.966813" lon="5.213957">
        <ele>640.5100923782073</ele>
      </trkpt>
      <trkpt lat="43.966857" lon="5.213922">
        <ele>640.1232262005676</ele>
      </trkpt>
      <trkpt lat="43.966865" lon="5.213844">
        <ele>639.6378999450201</ele>
      </trkpt>
      <trkpt lat="43.966853" lon="5.21374">
        <ele>638.9</ele>
      </trkpt>
      <trkpt lat="43.966774" lon="5.213573">
        <ele>637.2413796139654</ele>
      </trkpt>
      <trkpt lat="43.966743" lon="5.213426">
        <ele>635.8288634239419</ele>
      </trkpt>
      <trkpt lat="43.966676" lon="5.213265">
        <ele>634.0882255348313</ele>
      </trkpt>
      <trkpt lat="43.966658" lon="5.213155">
        <ele>633.0788852769474</ele>
      </trkpt>
      <trkpt lat="43.966651" lon="5.213069">
        <ele>632.3553675310405</ele>
      </trkpt>
      <trkpt lat="43.966628" lon="5.212991">
        <ele>631.71</ele>
      </trkpt>
      <trkpt lat="43.966431" lon="5.21264">
        <ele>629.3730640984558</ele>
      </trkpt>
      <trkpt lat="43.966415" lon="5.212581">
        <ele>629.1626086848453</ele>
      </trkpt>
      <trkpt lat="43.966335" lon="5.212482">
        <ele>628.7561181155497</ele>
      </trkpt>
      <trkpt lat="43.966188" lon="5.212101">
        <ele>628.06</ele>
      </trkpt>
      <trkpt lat="43.965914" lon="5.211505">
        <ele>627.3310766667482</ele>
      </trkpt>
      <trkpt lat="43.965736" lon="5.211082">
        <ele>626.5472195374314</ele>
      </trkpt>
      <trkpt lat="43.965655" lon="5.210894">
        <ele>626.01</ele>
      </trkpt>
      <trkpt lat="43.96545" lon="5.210588">
        <ele>624.5878399753932</ele>
      </trkpt>
      <trkpt lat="43.9654" lon="5.210357">
        <ele>623.5889678781975</ele>
      </trkpt>
      <trkpt lat="43.965392" lon="5.210105">
        <ele>622.4648697757124</ele>
      </trkpt>
      <trkpt lat="43.965342" lon="5.209858">
        <ele>621.29</ele>
      </trkpt>
      <trkpt lat="43.965222" lon="5.209638">
        <ele>620.0679222361423</ele>
      </trkpt>
      <trkpt lat="43.964998" lon="5.209483">
        <ele>618.8134928311808</ele>
      </trkpt>
      <trkpt lat="43.964836" lon="5.209408">
        <ele>618.29</ele>
      </trkpt>
      <trkpt lat="43.964555" lon="5.209306">
        <ele>618.1824209469368</ele>
      </trkpt>
      <trkpt lat="43.964311" lon="5.209193">
        <ele>618.6510474249493</ele>
      </trkpt>
      <trkpt lat="43.963995" lon="5.208946">
        <ele>619.57</ele>
      </trkpt>
      <trkpt lat="43.963589" lon="5.208727">
        <ele>620.2622858364075</ele>
      </trkpt>
      <trkpt lat="43.96323" lon="5.208614">
        <ele>620.64</ele>
      </trkpt>
      <trkpt lat="43.962701" lon="5.208319">
        <ele>620.77</ele>
      </trkpt>
      <trkpt lat="43.96179" lon="5.207922">
        <ele>614.8379569986046</ele>
      </trkpt>
      <trkpt lat="43.961578" lon="5.207884">
        <ele>612.52</ele>
      </trkpt>
      <trkpt lat="43.961265" lon="5.20775">
        <ele>608.594074188675</ele>
      </trkpt>
      <trkpt lat="43.961157" lon="5.207691">
        <ele>607.2496106201851</ele>
      </trkpt>
      <trkpt lat="43.960894" lon="5.207428">
        <ele>604.19</ele>
      </trkpt>
      <trkpt lat="43.960767" lon="5.207385">
        <ele>603.3984042969504</ele>
      </trkpt>
      <trkpt lat="43.960164" lon="5.206951">
        <ele>601.15</ele>
      </trkpt>
      <trkpt lat="43.960041" lon="5.206908">
        <ele>600.5455386221322</ele>
      </trkpt>
      <trkpt lat="43.959952" lon="5.206908">
        <ele>600.0564832320065</ele>
      </trkpt>
      <trkpt lat="43.959662" lon="5.207085">
        <ele>598.2477140711728</ele>
      </trkpt>
      <trkpt lat="43.959531" lon="5.207112">
        <ele>597.6327843282515</ele>
      </trkpt>
      <trkpt lat="43.959365" lon="5.207015">
        <ele>597.12</ele>
      </trkpt>
      <trkpt lat="43.95923" lon="5.206956">
        <ele>597.0569525781307</ele>
      </trkpt>
      <trkpt lat="43.959071" lon="5.206565">
        <ele>597.6041069845664</ele>
      </trkpt>
      <trkpt lat="43.958987" lon="5.206559">
        <ele>597.7848891092035</ele>
      </trkpt>
      <trkpt lat="43.958886" lon="5.206543">
        <ele>597.9642487329047</ele>
      </trkpt>
      <trkpt lat="43.958743" lon="5.206457">
        <ele>598.07</ele>
      </trkpt>
      <trkpt lat="43.958291" lon="5.206527">
        <ele>596.7803298426659</ele>
      </trkpt>
      <trkpt lat="43.958083" lon="5.206608">
        <ele>595.57</ele>
      </trkpt>
      <trkpt lat="43.957871" lon="5.206822">
        <ele>593.8310723612824</ele>
      </trkpt>
      <trkpt lat="43.957732" lon="5.206962">
        <ele>592.5754693179867</ele>
      </trkpt>
      <trkpt lat="43.957433" lon="5.207117">
        <ele>590.0745722783672</ele>
      </trkpt>
      <trkpt lat="43.957268" lon="5.207165">
        <ele>588.7</ele>
      </trkpt>
      <trkpt lat="43.956453" lon="5.207128">
        <ele>582.56</ele>
      </trkpt>
      <trkpt lat="43.956256" lon="5.20701">
        <ele>581.4087998862834</ele>
      </trkpt>
      <trkpt lat="43.955801" lon="5.206919">
        <ele>579.7138062913398</ele>
      </trkpt>
      <trkpt lat="43.955611" lon="5.206897">
        <ele>579.26</ele>
      </trkpt>
      <trkpt lat="43.955264" lon="5.206795">
        <ele>578.601848355705</ele>
      </trkpt>
      <trkpt lat="43.955059" lon="5.206704">
        <ele>578.0868987144106</ele>
      </trkpt>
      <trkpt lat="43.954932" lon="5.206667">
        <ele>577.65</ele>
      </trkpt>
      <trkpt lat="43.954743" lon="5.206656">
        <ele>576.7856846014713</ele>
      </trkpt>
      <trkpt lat="43.954588" lon="5.206581">
        <ele>575.8505774124473</ele>
      </trkpt>
      <trkpt lat="43.954519" lon="5.206538">
        <ele>575.3749045237126</ele>
      </trkpt>
      <trkpt lat="43.954418" lon="5.206296">
        <ele>574.0094627115682</ele>
      </trkpt>
      <trkpt lat="43.954268" lon="5.206168">
        <ele>572.7541889207037</ele>
      </trkpt>
      <trkpt lat="43.954163" lon="5.206125">
        <ele>571.97</ele>
      </trkpt>
      <trkpt lat="43.954067" lon="5.205948">
        <ele>570.8463916669858</ele>
      </trkpt>
      <trkpt lat="43.953897" lon="5.205669">
        <ele>569.0796161663343</ele>
      </trkpt>
      <trkpt lat="43.953742" lon="5.205519">
        <ele>567.8996495216284</ele>
      </trkpt>
      <trkpt lat="43.95363" lon="5.205401">
        <ele>567.08</ele>
      </trkpt>
      <trkpt lat="43.953321" lon="5.205213">
        <ele>565.5188034922764</ele>
      </trkpt>
      <trkpt lat="43.953001" lon="5.20487">
        <ele>565.5408334075544</ele>
      </trkpt>
      <trkpt lat="43.952897" lon="5.204703">
        <ele>566.48</ele>
      </trkpt>
      <trkpt lat="43.952723" lon="5.204188">
        <ele>570.9183404800648</ele>
      </trkpt>
      <trkpt lat="43.952576" lon="5.203936">
        <ele>572.92</ele>
      </trkpt>
      <trkpt lat="43.952341" lon="5.203587">
        <ele>573.2860626737564</ele>
      </trkpt>
      <trkpt lat="43.952062" lon="5.203212">
        <ele>573.51</ele>
      </trkpt>
      <trkpt lat="43.951865" lon="5.202418">
        <ele>579.5</ele>
      </trkpt>
      <trkpt lat="43.951634" lon="5.201586">
        <ele>582.76</ele>
      </trkpt>
      <trkpt lat="43.951363" lon="5.200632">
        <ele>583.338638346155</ele>
      </trkpt>
      <trkpt lat="43.951309" lon="5.200514">
        <ele>583.3688039777601</ele>
      </trkpt>
      <trkpt lat="43.951109" lon="5.199886">
        <ele>583.84</ele>
      </trkpt>
      <trkpt lat="43.951073" lon="5.199537">
        <ele>584.4196126567233</ele>
      </trkpt>
      <trkpt lat="43.950985" lon="5.199221">
        <ele>584.9796601055916</ele>
      </trkpt>
      <trkpt lat="43.950891" lon="5.199033">
        <ele>585.2148716634644</ele>
      </trkpt>
      <trkpt lat="43.950814" lon="5.198845">
        <ele>585.24</ele>
      </trkpt>
      <trkpt lat="43.950711" lon="5.198641">
        <ele>584.9613806114514</ele>
      </trkpt>
      <trkpt lat="43.950707" lon="5.198507">
        <ele>584.682641053042</ele>
      </trkpt>
      <trkpt lat="43.950657" lon="5.198298">
        <ele>584.0558466223151</ele>
      </trkpt>
      <trkpt lat="43.950612" lon="5.198159">
        <ele>583.5150155828088</ele>
      </trkpt>
      <trkpt lat="43.950571" lon="5.197944">
        <ele>582.5954921354809</ele>
      </trkpt>
      <trkpt lat="43.950556" lon="5.197802">
        <ele>581.9352019762341</ele>
      </trkpt>
      <trkpt lat="43.950537" lon="5.197716">
        <ele>581.5</ele>
      </trkpt>
      <trkpt lat="43.950475" lon="5.19755">
        <ele>580.5579647677071</ele>
      </trkpt>
      <trkpt lat="43.950411" lon="5.197386">
        <ele>579.5997217170043</ele>
      </trkpt>
      <trkpt lat="43.95039" lon="5.197279">
        <ele>579.0372579219419</ele>
      </trkpt>
      <trkpt lat="43.950363" lon="5.196997">
        <ele>577.6872140325851</ele>
      </trkpt>
      <trkpt lat="43.950368" lon="5.196823">
        <ele>576.9733988816735</ele>
      </trkpt>
      <trkpt lat="43.950314" lon="5.196649">
        <ele>576.34</ele>
      </trkpt>
      <trkpt lat="43.950314" lon="5.196434">
        <ele>575.8242479001959</ele>
      </trkpt>
      <trkpt lat="43.950245" lon="5.196311">
        <ele>575.5403566250114</ele>
      </trkpt>
      <trkpt lat="43.950181" lon="5.196166">
        <ele>575.2609167287485</ele>
      </trkpt>
      <trkpt lat="43.950085" lon="5.196083">
        <ele>574.9853951448904</ele>
      </trkpt>
      <trkpt lat="43.949878" lon="5.196005">
        <ele>574.26</ele>
      </trkpt>
      <trkpt lat="43.949708" lon="5.196048">
        <ele>573.346908154871</ele>
      </trkpt>
      <trkpt lat="43.94946" lon="5.196083">
        <ele>571.4990120518464</ele>
      </trkpt>
      <trkpt lat="43.949028" lon="5.196007">
        <ele>566.99</ele>
      </trkpt>
      <trkpt lat="43.94878" lon="5.195922">
        <ele>563.7868066424535</ele>
      </trkpt>
      <trkpt lat="43.948471" lon="5.195761">
        <ele>559.69</ele>
      </trkpt>
      <trkpt lat="43.947383" lon="5.195558">
        <ele>549.209960159432</ele>
      </trkpt>
      <trkpt lat="43.947383" lon="5.195558">
        <ele>549.209960159432</ele>
      </trkpt>
      <trkpt lat="43.947205" lon="5.195525">
        <ele>547.302341233206</ele>
      </trkpt>
      <trkpt lat="43.946733" lon="5.195439">
        <ele>540.85</ele>
      </trkpt>
      <trkpt lat="43.94637" lon="5.195396">
        <ele>534.5152116849207</ele>
      </trkpt>
      <trkpt lat="43.946156" lon="5.195428">
        <ele>531.1837595812507</ele>
      </trkpt>
      <trkpt lat="43.945998" lon="5.195568">
        <ele>529.15</ele>
      </trkpt>
      <trkpt lat="43.94583" lon="5.195922">
        <ele>527.7348009031492</ele>
      </trkpt>
      <trkpt lat="43.945652" lon="5.196126">
        <ele>526.41</ele>
      </trkpt>
      <trkpt lat="43.944849" lon="5.196673">
        <ele>511.06</ele>
      </trkpt>
      <trkpt lat="43.944462" lon="5.196737">
        <ele>506.83831316932077</ele>
      </trkpt>
      <trkpt lat="43.944222" lon="5.196785">
        <ele>505.25825028362533</ele>
      </trkpt>
      <trkpt lat="43.944052" lon="5.196855">
        <ele>504.2159263065486</ele>
      </trkpt>
      <trkpt lat="43.943878" lon="5.196946">
        <ele>502.9573586361265</ele>
      </trkpt>
      <trkpt lat="43.943774" lon="5.197016">
        <ele>501.98</ele>
      </trkpt>
      <trkpt lat="43.943666" lon="5.197113">
        <ele>500.6593963200997</ele>
      </trkpt>
      <trkpt lat="43.943593" lon="5.197263">
        <ele>499.14745528522116</ele>
      </trkpt>
      <trkpt lat="43.943477" lon="5.197402">
        <ele>497.30245150948997</ele>
      </trkpt>
      <trkpt lat="43.94333" lon="5.197563">
        <ele>495.19929185197094</ele>
      </trkpt>
      <trkpt lat="43.943299" lon="5.197703">
        <ele>494.20193812649893</ele>
      </trkpt>
      <trkpt lat="43.943326" lon="5.197853">
        <ele>493.38</ele>
      </trkpt>
      <trkpt lat="43.94345" lon="5.198261">
        <ele>492.25928652619893</ele>
      </trkpt>
      <trkpt lat="43.943631" lon="5.198561">
        <ele>491.3087239218129</ele>
      </trkpt>
      <trkpt lat="43.943612" lon="5.198663">
        <ele>490.8170277047246</ele>
      </trkpt>
      <trkpt lat="43.943685" lon="5.198792">
        <ele>489.71</ele>
      </trkpt>
      <trkpt lat="43.943701" lon="5.198915">
        <ele>488.5366146637387</ele>
      </trkpt>
      <trkpt lat="43.94367" lon="5.199097">
        <ele>486.352920823895</ele>
      </trkpt>
      <trkpt lat="43.943689" lon="5.199366">
        <ele>482.7103140234307</ele>
      </trkpt>
      <trkpt lat="43.943666" lon="5.199596">
        <ele>479.5922663824059</ele>
      </trkpt>
      <trkpt lat="43.943585" lon="5.19994">
        <ele>475.84</ele>
      </trkpt>
      <trkpt lat="43.943566" lon="5.200143">
        <ele>474.77720329421885</ele>
      </trkpt>
      <trkpt lat="43.943643" lon="5.20032">
        <ele>474.44489248494784</ele>
      </trkpt>
      <trkpt lat="43.943701" lon="5.20053">
        <ele>474.72597392980913</ele>
      </trkpt>
      <trkpt lat="43.94379" lon="5.200669">
        <ele>475.3089717375794</ele>
      </trkpt>
      <trkpt lat="43.943886" lon="5.20097">
        <ele>476.71</ele>
      </trkpt>
      <trkpt lat="43.943987" lon="5.201409">
        <ele>478.62589309806856</ele>
      </trkpt>
      <trkpt lat="43.943971" lon="5.201522">
        <ele>479.07001455089005</ele>
      </trkpt>
      <trkpt lat="43.943859" lon="5.201613">
        <ele>479.7382909376442</ele>
      </trkpt>
      <trkpt lat="43.943712" lon="5.201544">
        <ele>480.5</ele>
      </trkpt>
      <trkpt lat="43.943542" lon="5.201447">
        <ele>481.384648446392</ele>
      </trkpt>
      <trkpt lat="43.943233" lon="5.201372">
        <ele>483.29442826888936</ele>
      </trkpt>
      <trkpt lat="43.943013" lon="5.201436">
        <ele>485.4</ele>
      </trkpt>
      <trkpt lat="43.942739" lon="5.20156">
        <ele>489.3529840296466</ele>
      </trkpt>
      <trkpt lat="43.942627" lon="5.201667">
        <ele>491.5676001145162</ele>
      </trkpt>
      <trkpt lat="43.942476" lon="5.201833">
        <ele>494.88123178140745</ele>
      </trkpt>
      <trkpt lat="43.942322" lon="5.201903">
        <ele>497.6759387766292</ele>
      </trkpt>
      <trkpt lat="43.942082" lon="5.201887">
        <ele>501.53</ele>
      </trkpt>
      <trkpt lat="43.941905" lon="5.201941">
        <ele>504.01470003819975</ele>
      </trkpt>
      <trkpt lat="43.941515" lon="5.201849">
        <ele>508.28</ele>
      </trkpt>
      <trkpt lat="43.941194" lon="5.201871">
        <ele>510.9782446673816</ele>
      </trkpt>
      <trkpt lat="43.940661" lon="5.201796">
        <ele>515.5658271828005</ele>
      </trkpt>
      <trkpt lat="43.94053" lon="5.201764">
        <ele>516.99</ele>
      </trkpt>
      <trkpt lat="43.940383" lon="5.201694">
        <ele>518.8689301691925</ele>
      </trkpt>
      <trkpt lat="43.940259" lon="5.201737">
        <ele>520.4915980107356</ele>
      </trkpt>
      <trkpt lat="43.940116" lon="5.201882">
        <ele>522.6590211359087</ele>
      </trkpt>
      <trkpt lat="43.939977" lon="5.202096">
        <ele>524.7510294173571</ele>
      </trkpt>
      <trkpt lat="43.939892" lon="5.202198">
        <ele>525.5372395208827</ele>
      </trkpt>
      <trkpt lat="43.939884" lon="5.202252">
        <ele>525.74</ele>
      </trkpt>
      <trkpt lat="43.939788" lon="5.202118">
        <ele>526.1137801849745</ele>
      </trkpt>
      <trkpt lat="43.939718" lon="5.202053">
        <ele>526.1217636373736</ele>
      </trkpt>
      <trkpt lat="43.939417" lon="5.202032">
        <ele>525.0958908437797</ele>
      </trkpt>
      <trkpt lat="43.939313" lon="5.20201">
        <ele>524.4673262653079</ele>
      </trkpt>
      <trkpt lat="43.939131" lon="5.201919">
        <ele>523.14</ele>
      </trkpt>
      <trkpt lat="43.939039" lon="5.201758">
        <ele>522.0941674678664</ele>
      </trkpt>
      <trkpt lat="43.938899" lon="5.201297">
        <ele>519.9893939700933</ele>
      </trkpt>
      <trkpt lat="43.938877" lon="5.20123">
        <ele>519.7818843482794</ele>
      </trkpt>
      <trkpt lat="43.938904" lon="5.201058">
        <ele>519.4413241138869</ele>
      </trkpt>
      <trkpt lat="43.938899" lon="5.200927">
        <ele>519.3533091119764</ele>
      </trkpt>
      <trkpt lat="43.938876" lon="5.200852">
        <ele>519.38</ele>
      </trkpt>
      <trkpt lat="43.938482" lon="5.200658">
        <ele>520.58</ele>
      </trkpt>
      <trkpt lat="43.938015" lon="5.200481">
        <ele>520.6162502373317</ele>
      </trkpt>
      <trkpt lat="43.937517" lon="5.200347">
        <ele>519.7</ele>
      </trkpt>
      <trkpt lat="43.937292" lon="5.200283">
        <ele>519.5397651976598</ele>
      </trkpt>
      <trkpt lat="43.937018" lon="5.200315">
        <ele>519.57</ele>
      </trkpt>
      <trkpt lat="43.936118" lon="5.200229">
        <ele>519.8091693031932</ele>
      </trkpt>
      <trkpt lat="43.935732" lon="5.20016">
        <ele>519.47</ele>
      </trkpt>
      <trkpt lat="43.935434" lon="5.200181">
        <ele>518.813497530551</ele>
      </trkpt>
      <trkpt lat="43.935222" lon="5.200197">
        <ele>518.0312532041128</ele>
      </trkpt>
      <trkpt lat="43.935017" lon="5.200133">
        <ele>516.92</ele>
      </trkpt>
      <trkpt lat="43.934855" lon="5.200084">
        <ele>515.7953190784406</ele>
      </trkpt>
      <trkpt lat="43.934662" lon="5.199977">
        <ele>514.2915054190514</ele>
      </trkpt>
      <trkpt lat="43.934503" lon="5.199913">
        <ele>513.2275805724711</ele>
      </trkpt>
      <trkpt lat="43.934333" lon="5.199891">
        <ele>512.4500558611575</ele>
      </trkpt>
      <trkpt lat="43.934136" lon="5.200015">
        <ele>512.22</ele>
      </trkpt>
      <trkpt lat="43.933943" lon="5.200084">
        <ele>512.9237260911917</ele>
      </trkpt>
      <trkpt lat="43.933893" lon="5.200149">
        <ele>513.307899377963</ele>
      </trkpt>
      <trkpt lat="43.933673" lon="5.200074">
        <ele>514.7347031117658</ele>
      </trkpt>
      <trkpt lat="43.933507" lon="5.20009">
        <ele>515.61</ele>
      </trkpt>
      <trkpt lat="43.933294" lon="5.200068">
        <ele>516.1332163467375</ele>
      </trkpt>
      <trkpt lat="43.932711" lon="5.200149">
        <ele>515.53</ele>
      </trkpt>
      <trkpt lat="43.931965" lon="5.200396">
        <ele>513.82</ele>
      </trkpt>
      <trkpt lat="43.93166" lon="5.200508">
        <ele>511.842829720777</ele>
      </trkpt>
      <trkpt lat="43.931583" lon="5.200535">
        <ele>511.2389427001445</ele>
      </trkpt>
      <trkpt lat="43.931336" lon="5.200546">
        <ele>509.261849141904</ele>
      </trkpt>
      <trkpt lat="43.931227" lon="5.200621">
        <ele>508.3011596898977</ele>
      </trkpt>
      <trkpt lat="43.93105" lon="5.200481">
        <ele>506.84</ele>
      </trkpt>
      <trkpt lat="43.930775" lon="5.200476">
        <ele>505.2466956161834</ele>
      </trkpt>
      <trkpt lat="43.930381" lon="5.200514">
        <ele>502.67227548821063</ele>
      </trkpt>
      <trkpt lat="43.930223" lon="5.200535">
        <ele>501.15</ele>
      </trkpt>
      <trkpt lat="43.929864" lon="5.200401">
        <ele>496.79</ele>
      </trkpt>
      <trkpt lat="43.929354" lon="5.200492">
        <ele>494.11398383880646</ele>
      </trkpt>
      <trkpt lat="43.929284" lon="5.200481">
        <ele>493.94864743553165</ele>
      </trkpt>
      <trkpt lat="43.929203" lon="5.200514">
        <ele>493.75391189716737</ele>
      </trkpt>
      <trkpt lat="43.929052" lon="5.200664">
        <ele>493.22</ele>
      </trkpt>
      <trkpt lat="43.928249" lon="5.200905">
        <ele>488.0052095323809</ele>
      </trkpt>
      <trkpt lat="43.928121" lon="5.200868">
        <ele>487.036855939519</ele>
      </trkpt>
      <trkpt lat="43.928021" lon="5.200852">
        <ele>486.3226629086908</ele>
      </trkpt>
      <trkpt lat="43.927963" lon="5.201002">
        <ele>485.51</ele>
      </trkpt>
      <trkpt lat="43.927905" lon="5.201313">
        <ele>484.16282039340626</ele>
      </trkpt>
      <trkpt lat="43.927916" lon="5.201431">
        <ele>483.6849987846654</ele>
      </trkpt>
      <trkpt lat="43.927754" lon="5.201688">
        <ele>482.1938500012329</ele>
      </trkpt>
      <trkpt lat="43.927754" lon="5.201731">
        <ele>481.98049023231334</ele>
      </trkpt>
      <trkpt lat="43.927698" lon="5.201868">
        <ele>481.1253411704856</ele>
      </trkpt>
      <trkpt lat="43.927677" lon="5.201978">
        <ele>480.42</ele>
      </trkpt>
      <trkpt lat="43.927495" lon="5.202222">
        <ele>477.76389317435155</ele>
      </trkpt>
      <trkpt lat="43.927194" lon="5.202649">
        <ele>472.44195214813</ele>
      </trkpt>
      <trkpt lat="43.927155" lon="5.202818">
        <ele>470.9</ele>
      </trkpt>
      <trkpt lat="43.927121" lon="5.20311">
        <ele>468.5447196568163</ele>
      </trkpt>
      <trkpt lat="43.927074" lon="5.2034">
        <ele>466.3922043304201</ele>
      </trkpt>
      <trkpt lat="43.927051" lon="5.203716">
        <ele>464.2218465813012</ele>
      </trkpt>
      <trkpt lat="43.927005" lon="5.203834">
        <ele>463.3185655713847</ele>
      </trkpt>
      <trkpt lat="43.92692" lon="5.203941">
        <ele>462.24</ele>
      </trkpt>
      <trkpt lat="43.926773" lon="5.204043">
        <ele>460.65527552477846</ele>
      </trkpt>
      <trkpt lat="43.926584" lon="5.204092">
        <ele>458.6907696832123</ele>
      </trkpt>
      <trkpt lat="43.926317" lon="5.203958">
        <ele>455.4356752589884</ele>
      </trkpt>
      <trkpt lat="43.926189" lon="5.204065">
        <ele>453.49</ele>
      </trkpt>
      <trkpt lat="43.926112" lon="5.204135">
        <ele>452.2020286080545</ele>
      </trkpt>
      <trkpt lat="43.925981" lon="5.204237">
        <ele>450.04927299895735</ele>
      </trkpt>
      <trkpt lat="43.925838" lon="5.204328">
        <ele>447.9040425491537</ele>
      </trkpt>
      <trkpt lat="43.925602" lon="5.204628">
        <ele>444.7612990674508</ele>
      </trkpt>
      <trkpt lat="43.925695" lon="5.204692">
        <ele>444.33</ele>
      </trkpt>
      <trkpt lat="43.925923" lon="5.205009">
        <ele>444.91</ele>
      </trkpt>
      <trkpt lat="43.926247" lon="5.205717">
        <ele>448.07</ele>
      </trkpt>
      <trkpt lat="43.927036" lon="5.207503">
        <ele>454.59</ele>
      </trkpt>
      <trkpt lat="43.927221" lon="5.20782">
        <ele>454.66673430349476</ele>
      </trkpt>
      <trkpt lat="43.927399" lon="5.20797">
        <ele>454.6193579380167</ele>
      </trkpt>
      <trkpt lat="43.927553" lon="5.207992">
        <ele>454.64259538512016</ele>
      </trkpt>
      <trkpt lat="43.927716" lon="5.20804">
        <ele>454.81</ele>
      </trkpt>
      <trkpt lat="43.928005" lon="5.208131">
        <ele>455.59927107345237</ele>
      </trkpt>
      <trkpt lat="43.928299" lon="5.20841">
        <ele>457.0669443070012</ele>
      </trkpt>
      <trkpt lat="43.92838" lon="5.208533">
        <ele>457.6</ele>
      </trkpt>
      <trkpt lat="43.9285" lon="5.20871">
        <ele>458.3423651511893</ele>
      </trkpt>
      <trkpt lat="43.928693" lon="5.209156">
        <ele>459.49</ele>
      </trkpt>
      <trkpt lat="43.928898" lon="5.209724">
        <ele>459.92070273057584</ele>
      </trkpt>
      <trkpt lat="43.928991" lon="5.209971">
        <ele>460.298376473806</ele>
      </trkpt>
      <trkpt lat="43.929141" lon="5.210164">
        <ele>461.16</ele>
      </trkpt>
      <trkpt lat="43.929528" lon="5.210475">
        <ele>464.8076355891445</ele>
      </trkpt>
      <trkpt lat="43.929663" lon="5.210599">
        <ele>466.17306392787043</ele>
      </trkpt>
      <trkpt lat="43.929802" lon="5.210824">
        <ele>467.49</ele>
      </trkpt>
      <trkpt lat="43.93003" lon="5.211033">
        <ele>467.8495649361645</ele>
      </trkpt>
      <trkpt lat="43.930103" lon="5.211194">
        <ele>467.43108529630666</ele>
      </trkpt>
      <trkpt lat="43.930196" lon="5.211425">
        <ele>466.18669545658474</ele>
      </trkpt>
      <trkpt lat="43.930219" lon="5.211661">
        <ele>464.41</ele>
      </trkpt>
      <trkpt lat="43.929949" lon="5.212256">
        <ele>457.21367412554395</ele>
      </trkpt>
      <trkpt lat="43.929759" lon="5.212535">
        <ele>454.56</ele>
      </trkpt>
      <trkpt lat="43.929319" lon="5.213115">
        <ele>455.23</ele>
      </trkpt>
      <trkpt lat="43.928701" lon="5.213367">
        <ele>453.6518110754941</ele>
      </trkpt>
      <trkpt lat="43.928399" lon="5.213474">
        <ele>450.9433230125764</ele>
      </trkpt>
      <trkpt lat="43.928229" lon="5.213608">
        <ele>448.65</ele>
      </trkpt>
      <trkpt lat="43.928048" lon="5.213656">
        <ele>446.1076540698275</ele>
      </trkpt>
      <trkpt lat="43.927955" lon="5.213801">
        <ele>443.9787962488433</ele>
      </trkpt>
      <trkpt lat="43.927882" lon="5.213882">
        <ele>442.4866905694557</ele>
      </trkpt>
      <trkpt lat="43.927781" lon="5.213973">
        <ele>440.5056611353905</ele>
      </trkpt>
      <trkpt lat="43.927665" lon="5.214069">
        <ele>438.2365530546474</ele>
      </trkpt>
      <trkpt lat="43.927604" lon="5.214177">
        <ele>436.56310307040985</ele>
      </trkpt>
      <trkpt lat="43.927549" lon="5.214257">
        <ele>435.2203618378268</ele>
      </trkpt>
      <trkpt lat="43.927445" lon="5.214289">
        <ele>433.45</ele>
      </trkpt>
      <trkpt lat="43.927012" lon="5.214955">
        <ele>423.93</ele>
      </trkpt>
      <trkpt lat="43.926924" lon="5.215298">
        <ele>420.8583665385654</ele>
      </trkpt>
      <trkpt lat="43.926804" lon="5.21547">
        <ele>418.89</ele>
      </trkpt>
      <trkpt lat="43.926464" lon="5.21607">
        <ele>411.7708802913602</ele>
      </trkpt>
      <trkpt lat="43.926386" lon="5.216194">
        <ele>410.0795958561481</ele>
      </trkpt>
      <trkpt lat="43.926363" lon="5.216398">
        <ele>407.89153667664084</ele>
      </trkpt>
      <trkpt lat="43.926205" lon="5.216784">
        <ele>402.9895223357983</ele>
      </trkpt>
      <trkpt lat="43.926054" lon="5.21687">
        <ele>400.41</ele>
      </trkpt>
      <trkpt lat="43.926027" lon="5.216961">
        <ele>399.27360837511304</ele>
      </trkpt>
      <trkpt lat="43.925884" lon="5.217074">
        <ele>396.6195118245546</ele>
      </trkpt>
      <trkpt lat="43.92571" lon="5.217299">
        <ele>392.75528942581235</ele>
      </trkpt>
      <trkpt lat="43.925575" lon="5.217626">
        <ele>388.36</ele>
      </trkpt>
      <trkpt lat="43.925428" lon="5.217776">
        <ele>385.4472539170048</ele>
      </trkpt>
      <trkpt lat="43.92522" lon="5.218109">
        <ele>380.3377352903332</ele>
      </trkpt>
      <trkpt lat="43.925208" lon="5.218238">
        <ele>378.7895206203303</ele>
      </trkpt>
      <trkpt lat="43.925146" lon="5.218608">
        <ele>374.08</ele>
      </trkpt>
      <trkpt lat="43.925104" lon="5.218699">
        <ele>372.6768079855449</ele>
      </trkpt>
      <trkpt lat="43.925081" lon="5.218951">
        <ele>369.3113071257976</ele>
      </trkpt>
      <trkpt lat="43.925042" lon="5.219032">
        <ele>368.0210319788977</ele>
      </trkpt>
      <trkpt lat="43.924903" lon="5.219262">
        <ele>364.1590368417115</ele>
      </trkpt>
      <trkpt lat="43.924822" lon="5.219386">
        <ele>362.1453502934599</ele>
      </trkpt>
      <trkpt lat="43.924741" lon="5.219488">
        <ele>360.45</ele>
      </trkpt>
      <trkpt lat="43.924644" lon="5.219547">
        <ele>358.94898829193323</ele>
      </trkpt>
      <trkpt lat="43.924559" lon="5.219734">
        <ele>356.90246360995894</ele>
      </trkpt>
      <trkpt lat="43.924404" lon="5.219954">
        <ele>354.3269023171664</ele>
      </trkpt>
      <trkpt lat="43.924265" lon="5.220051">
        <ele>352.5871380729593</ele>
      </trkpt>
      <trkpt lat="43.924169" lon="5.220281">
        <ele>350.37</ele>
      </trkpt>
      <trkpt lat="43.924126" lon="5.22048">
        <ele>348.48129881547567</ele>
      </trkpt>
      <trkpt lat="43.924169" lon="5.220807">
        <ele>344.9522596842594</ele>
      </trkpt>
      <trkpt lat="43.924126" lon="5.220882">
        <ele>343.7792633070159</ele>
      </trkpt>
      <trkpt lat="43.924053" lon="5.220984">
        <ele>341.8583908210511</ele>
      </trkpt>
      <trkpt lat="43.924045" lon="5.221156">
        <ele>339.26</ele>
      </trkpt>
      <trkpt lat="43.923844" lon="5.221859">
        <ele>325.74463799794125</ele>
      </trkpt>
      <trkpt lat="43.923817" lon="5.221982">
        <ele>323.6768580494796</ele>
      </trkpt>
      <trkpt lat="43.923759" lon="5.222084">
        <ele>321.82591313420517</ele>
      </trkpt>
      <trkpt lat="43.923751" lon="5.22232">
        <ele>319.28</ele>
      </trkpt>
      <trkpt lat="43.923717" lon="5.222502">
        <ele>318.156752771816</ele>
      </trkpt>
      <trkpt lat="43.923655" lon="5.222685">
        <ele>317.6370847201717</ele>
      </trkpt>
      <trkpt lat="43.923593" lon="5.222803">
        <ele>317.5265856018433</ele>
      </trkpt>
      <trkpt lat="43.923411" lon="5.222969">
        <ele>317.4268743976856</ele>
      </trkpt>
      <trkpt lat="43.923361" lon="5.223184">
        <ele>316.94</ele>
      </trkpt>
      <trkpt lat="43.923199" lon="5.223527">
        <ele>314.237644138261</ele>
      </trkpt>
      <trkpt lat="43.923083" lon="5.223666">
        <ele>312.18603216407854</ele>
      </trkpt>
      <trkpt lat="43.923056" lon="5.223817">
        <ele>310.5502948141134</ele>
      </trkpt>
      <trkpt lat="43.922894" lon="5.223999">
        <ele>307.4997123024806</ele>
      </trkpt>
      <trkpt lat="43.922793" lon="5.22401">
        <ele>306.13</ele>
      </trkpt>
      <trkpt lat="43.922681" lon="5.224117">
        <ele>304.49627899895233</ele>
      </trkpt>
      <trkpt lat="43.922465" lon="5.22423">
        <ele>302.09865319428195</ele>
      </trkpt>
      <trkpt lat="43.922384" lon="5.224337">
        <ele>301.0033731142688</ele>
      </trkpt>
      <trkpt lat="43.922295" lon="5.224375">
        <ele>300.0799050824301</ele>
      </trkpt>
      <trkpt lat="43.922152" lon="5.224348">
        <ele>298.56</ele>
      </trkpt>
      <trkpt lat="43.921982" lon="5.224407">
        <ele>296.4770795989911</ele>
      </trkpt>
      <trkpt lat="43.921874" lon="5.224509">
        <ele>294.7580146779809</ele>
      </trkpt>
      <trkpt lat="43.92175" lon="5.224653">
        <ele>292.46134519318366</ele>
      </trkpt>
      <trkpt lat="43.921549" lon="5.224788">
        <ele>289.04</ele>
      </trkpt>
      <trkpt lat="43.921263" lon="5.224986">
        <ele>283.84838279938765</ele>
      </trkpt>
      <trkpt lat="43.921151" lon="5.225018">
        <ele>282.0020849035814</ele>
      </trkpt>
      <trkpt lat="43.920969" lon="5.22519">
        <ele>278.6117182799199</ele>
      </trkpt>
      <trkpt lat="43.920854" lon="5.22534">
        <ele>276.41</ele>
      </trkpt>
      <trkpt lat="43.920417" lon="5.225624">
        <ele>270.9688343781388</ele>
      </trkpt>
      <trkpt lat="43.920038" lon="5.225871">
        <ele>266.53</ele>
      </trkpt>
      <trkpt lat="43.919826" lon="5.226043">
        <ele>263.4654133395749</ele>
      </trkpt>
      <trkpt lat="43.919578" lon="5.226252">
        <ele>259.3615825607269</ele>
      </trkpt>
      <trkpt lat="43.919169" lon="5.226531">
        <ele>252.17</ele>
      </trkpt>
      <trkpt lat="43.91903" lon="5.226671">
        <ele>249.31710147199465</ele>
      </trkpt>
      <trkpt lat="43.918871" lon="5.226719">
        <ele>246.60962324879313</ele>
      </trkpt>
      <trkpt lat="43.918821" lon="5.226858">
        <ele>244.76461761510464</ele>
      </trkpt>
      <trkpt lat="43.918686" lon="5.226923">
        <ele>242.47</ele>
      </trkpt>
      <trkpt lat="43.918373" lon="5.227089">
        <ele>237.41603828635814</ele>
      </trkpt>
      <trkpt lat="43.91799" lon="5.227169">
        <ele>232.02532152876492</ele>
      </trkpt>
      <trkpt lat="43.917793" lon="5.227218">
        <ele>229.36</ele>
      </trkpt>
      <trkpt lat="43.917681" lon="5.227218">
        <ele>227.8931154182758</ele>
      </trkpt>
      <trkpt lat="43.917584" lon="5.227363">
        <ele>226.07216714759258</ele>
      </trkpt>
      <trkpt lat="43.917438" lon="5.227432">
        <ele>224.21</ele>
      </trkpt>
      <trkpt lat="43.916912" lon="5.227636">
        <ele>218.68816694057801</ele>
      </trkpt>
      <trkpt lat="43.916796" lon="5.227808">
        <ele>217.21376417158288</ele>
      </trkpt>
      <trkpt lat="43.916591" lon="5.227851">
        <ele>215.49785646535113</ele>
      </trkpt>
      <trkpt lat="43.916437" lon="5.227958">
        <ele>214.1027388602576</ele>
      </trkpt>
      <trkpt lat="43.916244" lon="5.228055">
        <ele>212.43</ele>
      </trkpt>
      <trkpt lat="43.91612" lon="5.228178">
        <ele>211.17832585885594</ele>
      </trkpt>
      <trkpt lat="43.915934" lon="5.228355">
        <ele>209.58264178635687</ele>
      </trkpt>
      <trkpt lat="43.915764" lon="5.228392">
        <ele>208.83709886515942</ele>
      </trkpt>
      <trkpt lat="43.915764" lon="5.228484">
        <ele>208.71</ele>
      </trkpt>
      <trkpt lat="43.916062" lon="5.228972">
        <ele>210.2365090461963</ele>
      </trkpt>
      <trkpt lat="43.916522" lon="5.22895">
        <ele>213.53970918187005</ele>
      </trkpt>
      <trkpt lat="43.916564" lon="5.228983">
        <ele>213.85</ele>
      </trkpt>
      <trkpt lat="43.916615" lon="5.22938">
        <ele>215.30901599344767</ele>
      </trkpt>
      <trkpt lat="43.916785" lon="5.230082">
        <ele>216.93</ele>
      </trkpt>
      <trkpt lat="43.916893" lon="5.230361">
        <ele>217.55588141300848</ele>
      </trkpt>
      <trkpt lat="43.917156" lon="5.230753">
        <ele>218.5347782155014</ele>
      </trkpt>
      <trkpt lat="43.917299" lon="5.230994">
        <ele>218.95</ele>
      </trkpt>
      <trkpt lat="43.917399" lon="5.231112">
        <ele>219.11845687570784</ele>
      </trkpt>
      <trkpt lat="43.917569" lon="5.231187">
        <ele>219.3489017272466</ele>
      </trkpt>
      <trkpt lat="43.917588" lon="5.231246">
        <ele>219.4261126422604</ele>
      </trkpt>
      <trkpt lat="43.917739" lon="5.231423">
        <ele>219.92185055887322</ele>
      </trkpt>
      <trkpt lat="43.917793" lon="5.231477">
        <ele>220.1743256974458</ele>
      </trkpt>
      <trkpt lat="43.917832" lon="5.231595">
        <ele>220.62663039334092</ele>
      </trkpt>
      <trkpt lat="43.917859" lon="5.231729">
        <ele>221.26</ele>
      </trkpt>
      <trkpt lat="43.918064" lon="5.231761">
        <ele>223.04846477820058</ele>
      </trkpt>
      <trkpt lat="43.918218" lon="5.231815">
        <ele>224.69639638968292</ele>
      </trkpt>
      <trkpt lat="43.918423" lon="5.232062">
        <ele>227.51</ele>
      </trkpt>
      <trkpt lat="43.918628" lon="5.232325">
        <ele>229.81844379141302</ele>
      </trkpt>
      <trkpt lat="43.919188" lon="5.232893">
        <ele>234.81</ele>
      </trkpt>
      <trkpt lat="43.919497" lon="5.233092">
        <ele>238.15638779070406</ele>
      </trkpt>
      <trkpt lat="43.919648" lon="5.233161">
        <ele>239.8587297243511</ele>
      </trkpt>
      <trkpt lat="43.919756" lon="5.233108">
        <ele>241.08</ele>
      </trkpt>
      <trkpt lat="43.920127" lon="5.232287">
        <ele>248.14</ele>
      </trkpt>
      <trkpt lat="43.920517" lon="5.231858">
        <ele>253.36724305200408</ele>
      </trkpt>
      <trkpt lat="43.920587" lon="5.231654">
        <ele>255.1128452396334</ele>
      </trkpt>
      <trkpt lat="43.920757" lon="5.231134">
        <ele>259.47</ele>
      </trkpt>
      <trkpt lat="43.92129" lon="5.230651">
        <ele>265.80953550885386</ele>
      </trkpt>
      <trkpt lat="43.921383" lon="5.230458">
        <ele>267.41</ele>
      </trkpt>
      <trkpt lat="43.921437" lon="5.230302">
        <ele>268.5922107872214</ele>
      </trkpt>
      <trkpt lat="43.921499" lon="5.229964">
        <ele>270.99646948768054</ele>
      </trkpt>
      <trkpt lat="43.92158" lon="5.229857">
        <ele>272.09633207364834</ele>
      </trkpt>
      <trkpt lat="43.921746" lon="5.229744">
        <ele>273.99</ele>
      </trkpt>
      <trkpt lat="43.922075" lon="5.229691">
        <ele>277.6963355501594</ele>
      </trkpt>
      <trkpt lat="43.92238" lon="5.229777">
        <ele>281.54824177087306</ele>
      </trkpt>
      <trkpt lat="43.922565" lon="5.229873">
        <ele>284.17</ele>
      </trkpt>
      <trkpt lat="43.922878" lon="5.229916">
        <ele>288.5055017511597</ele>
      </trkpt>
      <trkpt lat="43.923369" lon="5.229793">
        <ele>294.44</ele>
      </trkpt>
      <trkpt lat="43.923535" lon="5.229857">
        <ele>295.85718703398555</ele>
      </trkpt>
      <trkpt lat="43.92408" lon="5.230549">
        <ele>300.57</ele>
      </trkpt>
      <trkpt lat="43.924146" lon="5.230699">
        <ele>301.66075921213684</ele>
      </trkpt>
      <trkpt lat="43.924269" lon="5.231043">
        <ele>304.4537333333957</ele>
      </trkpt>
      <trkpt lat="43.924346" lon="5.231107">
        <ele>305.4212357971293</ele>
      </trkpt>
      <trkpt lat="43.924439" lon="5.231069">
        <ele>306.47079145448924</ele>
      </trkpt>
      <trkpt lat="43.924493" lon="5.230817">
        <ele>308.47</ele>
      </trkpt>
      <trkpt lat="43.924486" lon="5.230361">
        <ele>311.5165800649899</ele>
      </trkpt>
      <trkpt lat="43.924566" lon="5.229857">
        <ele>314.26</ele>
      </trkpt>
      <trkpt lat="43.924671" lon="5.229144">
        <ele>317.26574773841025</ele>
      </trkpt>
      <trkpt lat="43.924702" lon="5.228634">
        <ele>319.77</ele>
      </trkpt>
      <trkpt lat="43.924694" lon="5.228253">
        <ele>322.29814272579125</ele>
      </trkpt>
      <trkpt lat="43.924748" lon="5.228173">
        <ele>323.11023819665553</ele>
      </trkpt>
      <trkpt lat="43.924775" lon="5.228076">
        <ele>323.9049584212687</ele>
      </trkpt>
      <trkpt lat="43.924849" lon="5.228028">
        <ele>324.7882269752389</ele>
      </trkpt>
      <trkpt lat="43.924903" lon="5.228071">
        <ele>325.47</ele>
      </trkpt>
      <trkpt lat="43.925084" lon="5.228661">
        <ele>330.4655881194149</ele>
      </trkpt>
      <trkpt lat="43.925169" lon="5.228865">
        <ele>332.1284489192793</ele>
      </trkpt>
      <trkpt lat="43.9252" lon="5.229047">
        <ele>333.32393650204887</ele>
      </trkpt>
      <trkpt lat="43.925258" lon="5.229219">
        <ele>334.39356399233156</ele>
      </trkpt>
      <trkpt lat="43.925328" lon="5.229165">
        <ele>334.94</ele>
      </trkpt>
      <trkpt lat="43.925328" lon="5.228827">
        <ele>336.25789192224045</ele>
      </trkpt>
      <trkpt lat="43.925343" lon="5.228527">
        <ele>337.1672955514485</ele>
      </trkpt>
      <trkpt lat="43.925382" lon="5.228323">
        <ele>337.77708173084375</ele>
      </trkpt>
      <trkpt lat="43.925467" lon="5.228307">
        <ele>338.1419251641865</ele>
      </trkpt>
      <trkpt lat="43.925536" lon="5.228543">
        <ele>339.05</ele>
      </trkpt>
      <trkpt lat="43.925591" lon="5.229031">
        <ele>341.3734642768901</ele>
      </trkpt>
      <trkpt lat="43.925606" lon="5.229567">
        <ele>343.77</ele>
      </trkpt>
      <trkpt lat="43.925776" lon="5.230308">
        <ele>345.91904800989965</ele>
      </trkpt>
      <trkpt lat="43.925865" lon="5.230656">
        <ele>347.63</ele>
      </trkpt>
      <trkpt lat="43.925973" lon="5.230844">
        <ele>349.3777606042456</ele>
      </trkpt>
      <trkpt lat="43.926151" lon="5.230903">
        <ele>351.67442463138656</ele>
      </trkpt>
      <trkpt lat="43.926595" lon="5.230823">
        <ele>358.12</ele>
      </trkpt>
      <trkpt lat="43.926777" lon="5.230731">
        <ele>360.83</ele>
      </trkpt>
      <trkpt lat="43.927631" lon="5.230206">
        <ele>372.94</ele>
      </trkpt>
      <trkpt lat="43.928349" lon="5.229803">
        <ele>380.6257419432547</ele>
      </trkpt>
      <trkpt lat="43.928554" lon="5.229707">
        <ele>382.9213139891539</ele>
      </trkpt>
      <trkpt lat="43.928689" lon="5.22961">
        <ele>384.7128016425012</ele>
      </trkpt>
      <trkpt lat="43.92892" lon="5.229514">
        <ele>387.98</ele>
      </trkpt>
      <trkpt lat="43.929153" lon="5.22946">
        <ele>391.66491903720777</ele>
      </trkpt>
      <trkpt lat="43.92962" lon="5.229444">
        <ele>397.41520281408265</ele>
      </trkpt>
      <trkpt lat="43.929783" lon="5.229503">
        <ele>397.94</ele>
      </trkpt>
      <trkpt lat="43.929825" lon="5.229535">
        <ele>397.86357238858756</ele>
      </trkpt>
      <trkpt lat="43.929833" lon="5.229632">
        <ele>397.589355114082</ele>
      </trkpt>
      <trkpt lat="43.92969" lon="5.229895">
        <ele>395.8980680874701</ele>
      </trkpt>
      <trkpt lat="43.929628" lon="5.230039">
        <ele>395.0480796086251</ele>
      </trkpt>
      <trkpt lat="43.929728" lon="5.230206">
        <ele>394.52</ele>
      </trkpt>
      <trkpt lat="43.930377" lon="5.230474">
        <ele>401.42</ele>
      </trkpt>
      <trkpt lat="43.930732" lon="5.230549">
        <ele>406.2825718421814</ele>
      </trkpt>
      <trkpt lat="43.930987" lon="5.230557">
        <ele>408.75299697231816</ele>
      </trkpt>
      <trkpt lat="43.931149" lon="5.230552">
        <ele>409.6572206027167</ele>
      </trkpt>
      <trkpt lat="43.931263" lon="5.230498">
        <ele>409.9105493431698</ele>
      </trkpt>
      <trkpt lat="43.931327" lon="5.230511">
        <ele>409.88</ele>
      </trkpt>
      <trkpt lat="43.931348" lon="5.231002">
        <ele>407.801963581612</ele>
      </trkpt>
      <trkpt lat="43.931484" lon="5.231313">
        <ele>404.9869457983051</ele>
      </trkpt>
      <trkpt lat="43.931507" lon="5.231488">
        <ele>403.49</ele>
      </trkpt>
      <trkpt lat="43.931509" lon="5.231802">
        <ele>400.92214939385457</ele>
      </trkpt>
      <trkpt lat="43.931383" lon="5.232035">
        <ele>398.5984607405112</ele>
      </trkpt>
      <trkpt lat="43.931356" lon="5.232204">
        <ele>397.2120330416644</ele>
      </trkpt>
      <trkpt lat="43.93141" lon="5.232378">
        <ele>395.66981062689854</ele>
      </trkpt>
      <trkpt lat="43.931471" lon="5.232571">
        <ele>393.9</ele>
      </trkpt>
      <trkpt lat="43.931323" lon="5.232877">
        <ele>390.629297401142</ele>
      </trkpt>
      <trkpt lat="43.931124" lon="5.233019">
        <ele>387.7448664180095</ele>
      </trkpt>
      <trkpt lat="43.930792" lon="5.233443">
        <ele>381.78</ele>
      </trkpt>
      <trkpt lat="43.930697" lon="5.233655">
        <ele>379.4164894897598</ele>
      </trkpt>
      <trkpt lat="43.930532" lon="5.233939">
        <ele>376.00137009714285</ele>
      </trkpt>
      <trkpt lat="43.930332" lon="5.234307">
        <ele>371.73</ele>
      </trkpt>
      <trkpt lat="43.930158" lon="5.234511">
        <ele>368.8399515082522</ele>
      </trkpt>
      <trkpt lat="43.929857" lon="5.234795">
        <ele>364.56</ele>
      </trkpt>
      <trkpt lat="43.92944" lon="5.23505">
        <ele>360.10551036403575</ele>
      </trkpt>
      <trkpt lat="43.929118" lon="5.235377">
        <ele>356.32</ele>
      </trkpt>
      <trkpt lat="43.928661" lon="5.235744">
        <ele>350.45267582874584</ele>
      </trkpt>
      <trkpt lat="43.928592" lon="5.235846">
        <ele>349.25277395317306</ele>
      </trkpt>
      <trkpt lat="43.928445" lon="5.235929">
        <ele>347.3489944377092</ele>
      </trkpt>
      <trkpt lat="43.928314" lon="5.236139">
        <ele>344.95</ele>
      </trkpt>
      <trkpt lat="43.928147" lon="5.236533">
        <ele>341.1462352326329</ele>
      </trkpt>
      <trkpt lat="43.927808" lon="5.236906">
        <ele>336.82863830317893</ele>
      </trkpt>
      <trkpt lat="43.927765" lon="5.236978">
        <ele>336.26</ele>
      </trkpt>
      <trkpt lat="43.927694" lon="5.23701">
        <ele>335.6704780422711</ele>
      </trkpt>
      <trkpt lat="43.927621" lon="5.237002">
        <ele>335.13128960348604</ele>
      </trkpt>
      <trkpt lat="43.927555" lon="5.236992">
        <ele>334.673810544378</ele>
      </trkpt>
      <trkpt lat="43.927507" lon="5.237024">
        <ele>334.3271256709175</ele>
      </trkpt>
      <trkpt lat="43.927437" lon="5.237035">
        <ele>333.8950783394071</ele>
      </trkpt>
      <trkpt lat="43.927394" lon="5.237002">
        <ele>333.6103912418795</ele>
      </trkpt>
      <trkpt lat="43.927209" lon="5.236774">
        <ele>332.3607913692268</ele>
      </trkpt>
      <trkpt lat="43.927124" lon="5.236731">
        <ele>331.97</ele>
      </trkpt>
      <trkpt lat="43.926992" lon="5.236562">
        <ele>331.26874928072993</ele>
      </trkpt>
      <trkpt lat="43.926906" lon="5.236544">
        <ele>330.95088895323016</ele>
      </trkpt>
      <trkpt lat="43.926852" lon="5.236522">
        <ele>330.7477539900746</ele>
      </trkpt>
      <trkpt lat="43.926801" lon="5.236444">
        <ele>330.4726114913449</ele>
      </trkpt>
      <trkpt lat="43.926724" lon="5.23642">
        <ele>330.1811911793238</ele>
      </trkpt>
      <trkpt lat="43.926624" lon="5.236407">
        <ele>329.7933986080065</ele>
      </trkpt>
      <trkpt lat="43.92646" lon="5.23641">
        <ele>329.0918911641292</ele>
      </trkpt>
      <trkpt lat="43.926357" lon="5.236383">
        <ele>328.58</ele>
      </trkpt>
      <trkpt lat="43.926239" lon="5.236337">
        <ele>327.89965175363136</ele>
      </trkpt>
      <trkpt lat="43.926141" lon="5.236313">
        <ele>327.2733980324612</ele>
      </trkpt>
      <trkpt lat="43.926007" lon="5.236278">
        <ele>326.2941421534987</ele>
      </trkpt>
      <trkpt lat="43.925911" lon="5.236243">
        <ele>325.4839276212674</ele>
      </trkpt>
      <trkpt lat="43.925834" lon="5.236284">
        <ele>324.74265850227766</ele>
      </trkpt>
      <trkpt lat="43.925731" lon="5.236458">
        <ele>323.08551525869166</ele>
      </trkpt>
      <trkpt lat="43.925613" lon="5.236651">
        <ele>320.88</ele>
      </trkpt>
      <trkpt lat="43.925538" lon="5.236686">
        <ele>319.80543878897794</ele>
      </trkpt>
      <trkpt lat="43.925426" lon="5.236723">
        <ele>318.1481138554325</ele>
      </trkpt>
      <trkpt lat="43.92515" lon="5.236917">
        <ele>313.5861613499873</ele>
      </trkpt>
      <trkpt lat="43.925109" lon="5.237021">
        <ele>312.41360533916645</ele>
      </trkpt>
      <trkpt lat="43.925032" lon="5.237136">
        <ele>310.99888523232136</ele>
      </trkpt>
      <trkpt lat="43.924953" lon="5.237212">
        <ele>309.96</ele>
      </trkpt>
      <trkpt lat="43.92491" lon="5.237228">
        <ele>309.53920974778134</ele>
      </trkpt>
      <trkpt lat="43.924891" lon="5.237273">
        <ele>309.21170808388564</ele>
      </trkpt>
      <trkpt lat="43.924864" lon="5.237332">
        <ele>308.8092184999687</ele>
      </trkpt>
      <trkpt lat="43.92481" lon="5.237418">
        <ele>308.2279816457862</ele>
      </trkpt>
      <trkpt lat="43.92475" lon="5.237689">
        <ele>307.0381199968721</ele>
      </trkpt>
      <trkpt lat="43.924844" lon="5.237879">
        <ele>306.12981968528254</ele>
      </trkpt>
      <trkpt lat="43.924835" lon="5.23804">
        <ele>305.4027318176818</ele>
      </trkpt>
      <trkpt lat="43.924858" lon="5.238091">
        <ele>305.0959723282829</ele>
      </trkpt>
      <trkpt lat="43.924848" lon="5.238188">
        <ele>304.54</ele>
      </trkpt>
      <trkpt lat="43.924835" lon="5.238242">
        <ele>304.1809730332904</ele>
      </trkpt>
      <trkpt lat="43.924816" lon="5.238295">
        <ele>303.7822320001371</ele>
      </trkpt>
      <trkpt lat="43.924843" lon="5.238427">
        <ele>302.78161923966417</ele>
      </trkpt>
      <trkpt lat="43.924827" lon="5.238494">
        <ele>302.2395238636096</ele>
      </trkpt>
      <trkpt lat="43.924827" lon="5.238534">
        <ele>301.92791525754274</ele>
      </trkpt>
      <trkpt lat="43.92479" lon="5.238585">
        <ele>301.36224726904476</ele>
      </trkpt>
      <trkpt lat="43.924729" lon="5.238799">
        <ele>299.62323631855725</ele>
      </trkpt>
      <trkpt lat="43.924711" lon="5.238942">
        <ele>298.66127439432177</ele>
      </trkpt>
      <trkpt lat="43.924671" lon="5.239121">
        <ele>297.6994934366466</ele>
      </trkpt>
      <trkpt lat="43.924696" lon="5.239162">
        <ele>297.5</ele>
      </trkpt>
      <trkpt lat="43.924678" lon="5.239274">
        <ele>297.20122221546814</ele>
      </trkpt>
      <trkpt lat="43.924721" lon="5.239387">
        <ele>297.04907627013733</ele>
      </trkpt>
      <trkpt lat="43.924721" lon="5.239502">
        <ele>297.0441581763535</ele>
      </trkpt>
      <trkpt lat="43.924752" lon="5.239572">
        <ele>297.10112526806614</ele>
      </trkpt>
      <trkpt lat="43.924773" lon="5.239867">
        <ele>297.55660123185885</ele>
      </trkpt>
      <trkpt lat="43.924702" lon="5.239993">
        <ele>297.8442084315313</ele>
      </trkpt>
      <trkpt lat="43.924721" lon="5.240068">
        <ele>297.9670529309113</ele>
      </trkpt>
      <trkpt lat="43.924705" lon="5.240119">
        <ele>298.0382348837088</ele>
      </trkpt>
      <trkpt lat="43.924734" lon="5.240202">
        <ele>298.12</ele>
      </trkpt>
      <trkpt lat="43.92474" lon="5.24036">
        <ele>298.1342857407084</ele>
      </trkpt>
      <trkpt lat="43.924787" lon="5.240527">
        <ele>297.97860121555095</ele>
      </trkpt>
      <trkpt lat="43.924792" lon="5.240605">
        <ele>297.86263750183906</ele>
      </trkpt>
      <trkpt lat="43.924769" lon="5.240704">
        <ele>297.6712660929947</ele>
      </trkpt>
      <trkpt lat="43.924812" lon="5.240838">
        <ele>297.3425201922012</ele>
      </trkpt>
      <trkpt lat="43.924858" lon="5.240961">
        <ele>296.98584004505943</ele>
      </trkpt>
      <trkpt lat="43.92487" lon="5.241063">
        <ele>296.70135578078964</ele>
      </trkpt>
      <trkpt lat="43.92486" lon="5.241149">
        <ele>296.4555075698508</ele>
      </trkpt>
      <trkpt lat="43.924889" lon="5.241302">
        <ele>296.01</ele>
      </trkpt>
      <trkpt lat="43.924939" lon="5.241358">
        <ele>295.76724334146894</ele>
      </trkpt>
      <trkpt lat="43.924997" lon="5.241645">
        <ele>295.00522594151306</ele>
      </trkpt>
      <trkpt lat="43.925086" lon="5.241699">
        <ele>294.68468878031143</ele>
      </trkpt>
      <trkpt lat="43.92513" lon="5.241785">
        <ele>294.44258001382235</ele>
      </trkpt>
      <trkpt lat="43.92514" lon="5.242023">
        <ele>293.9212982705038</ele>
      </trkpt>
      <trkpt lat="43.925132" lon="5.242262">
        <ele>293.43</ele>
      </trkpt>
      <trkpt lat="43.925109" lon="5.242675">
        <ele>292.63136169300276</ele>
      </trkpt>
      <trkpt lat="43.925224" lon="5.24315">
        <ele>291.67766660220303</ele>
      </trkpt>
      <trkpt lat="43.925351" lon="5.243375">
        <ele>291.1</ele>
      </trkpt>
      <trkpt lat="43.925359" lon="5.24359">
        <ele>290.63774617464213</ele>
      </trkpt>
      <trkpt lat="43.925606" lon="5.244309">
        <ele>289.11</ele>
      </trkpt>
      <trkpt lat="43.925714" lon="5.244566">
        <ele>288.78387918850103</ele>
      </trkpt>
      <trkpt lat="43.92588" lon="5.245178">
        <ele>288.59</ele>
      </trkpt>
      <trkpt lat="43.926023" lon="5.245462">
        <ele>288.67892731848735</ele>
      </trkpt>
      <trkpt lat="43.926101" lon="5.245628">
        <ele>288.698047743484</ele>
      </trkpt>
      <trkpt lat="43.926271" lon="5.24573">
        <ele>288.5930722458535</ele>
      </trkpt>
      <trkpt lat="43.926271" lon="5.245838">
        <ele>288.4823795414539</ele>
      </trkpt>
      <trkpt lat="43.926301" lon="5.246009">
        <ele>288.19</ele>
      </trkpt>
      <trkpt lat="43.926301" lon="5.246438">
        <ele>286.8447578881493</ele>
      </trkpt>
      <trkpt lat="43.926317" lon="5.246637">
        <ele>285.9730474484896</ele>
      </trkpt>
      <trkpt lat="43.926267" lon="5.2469">
        <ele>284.62547468815603</ele>
      </trkpt>
      <trkpt lat="43.926259" lon="5.247146">
        <ele>283.31</ele>
      </trkpt>
      <trkpt lat="43.926236" lon="5.247501">
        <ele>281.39317389390555</ele>
      </trkpt>
      <trkpt lat="43.92622" lon="5.247892">
        <ele>279.5393470882507</ele>
      </trkpt>
      <trkpt lat="43.926317" lon="5.248407">
        <ele>278.04</ele>
      </trkpt>
      <trkpt lat="43.926483" lon="5.24882">
        <ele>277.97284237032676</ele>
      </trkpt>
      <trkpt lat="43.926533" lon="5.24904">
        <ele>278.05022162232905</ele>
      </trkpt>
      <trkpt lat="43.926638" lon="5.249298">
        <ele>277.8877052185839</ele>
      </trkpt>
      <trkpt lat="43.926665" lon="5.249485">
        <ele>277.47</ele>
      </trkpt>
      <trkpt lat="43.926672" lon="5.249823">
        <ele>275.9818644439768</ele>
      </trkpt>
      <trkpt lat="43.926645" lon="5.250102">
        <ele>274.36167601238736</ele>
      </trkpt>
      <trkpt lat="43.926618" lon="5.250349">
        <ele>272.9691285563957</ele>
      </trkpt>
      <trkpt lat="43.926657" lon="5.25066">
        <ele>271.71</ele>
      </trkpt>
      <trkpt lat="43.926684" lon="5.250853">
        <ele>271.38441310176364</ele>
      </trkpt>
      <trkpt lat="43.92685" lon="5.250966">
        <ele>271.3371952247649</ele>
      </trkpt>
      <trkpt lat="43.927012" lon="5.251154">
        <ele>271.41580234923197</ele>
      </trkpt>
      <trkpt lat="43.927209" lon="5.251282">
        <ele>271.149894198797</ele>
      </trkpt>
      <trkpt lat="43.927219" lon="5.251336">
        <ele>271.02</ele>
      </trkpt>
      <trkpt lat="43.927199" lon="5.251414">
        <ele>270.76697965067535</ele>
      </trkpt>
      <trkpt lat="43.927157" lon="5.251518">
        <ele>270.2830840855742</ele>
      </trkpt>
      <trkpt lat="43.927103" lon="5.251674">
        <ele>269.35725601721913</ele>
      </trkpt>
      <trkpt lat="43.92702" lon="5.251945">
        <ele>267.29365165430124</ele>
      </trkpt>
      <trkpt lat="43.926935" lon="5.252007">
        <ele>266.210525642983</ele>
      </trkpt>
      <trkpt lat="43.926861" lon="5.252141">
        <ele>264.74626345273</ele>
      </trkpt>
      <trkpt lat="43.926817" lon="5.252283">
        <ele>263.35</ele>
      </trkpt>
      <trkpt lat="43.926844" lon="5.252669">
        <ele>259.712258042948</ele>
      </trkpt>
      <trkpt lat="43.926813" lon="5.252868">
        <ele>257.68009454990886</ele>
      </trkpt>
      <trkpt lat="43.92674" lon="5.253077">
        <ele>255.20651921132537</ele>
      </trkpt>
      <trkpt lat="43.926705" lon="5.25323">
        <ele>253.37495961726998</ele>
      </trkpt>
      <trkpt lat="43.92667" lon="5.253329">
        <ele>252.05</ele>
      </trkpt>
      <trkpt lat="43.926649" lon="5.253428">
        <ele>250.75799755918806</ele>
      </trkpt>
      <trkpt lat="43.926575" lon="5.253549">
        <ele>248.70639734335407</ele>
      </trkpt>
      <trkpt lat="43.926444" lon="5.253688">
        <ele>245.71263129295443</ele>
      </trkpt>
      <trkpt lat="43.926451" lon="5.253766">
        <ele>244.69949820610267</ele>
      </trkpt>
      <trkpt lat="43.92646" lon="5.253924">
        <ele>242.72551185065493</ele>
      </trkpt>
      <trkpt lat="43.926444" lon="5.25405">
        <ele>241.2319551617865</ele>
      </trkpt>
      <trkpt lat="43.926433" lon="5.254195">
        <ele>239.68016576163703</ele>
      </trkpt>
      <trkpt lat="43.926417" lon="5.254268">
        <ele>238.9464450261146</ele>
      </trkpt>
      <trkpt lat="43.926393" lon="5.254332">
        <ele>238.31</ele>
      </trkpt>
      <trkpt lat="43.926335" lon="5.254346">
        <ele>237.6619525752763</ele>
      </trkpt>
      <trkpt lat="43.926298" lon="5.254313">
        <ele>237.22367183901423</ele>
      </trkpt>
      <trkpt lat="43.926255" lon="5.254222">
        <ele>236.52852071271505</ele>
      </trkpt>
      <trkpt lat="43.926174" lon="5.254222">
        <ele>235.91232471951477</ele>
      </trkpt>
      <trkpt lat="43.926093" lon="5.254201">
        <ele>235.36931441767592</ele>
      </trkpt>
      <trkpt lat="43.926039" lon="5.254147">
        <ele>234.97773663065692</ele>
      </trkpt>
      <trkpt lat="43.925981" lon="5.254147">
        <ele>234.66192162587507</ele>
      </trkpt>
      <trkpt lat="43.925896" lon="5.254131">
        <ele>234.22110154563742</ele>
      </trkpt>
      <trkpt lat="43.925846" lon="5.254045">
        <ele>233.82062542509374</ele>
      </trkpt>
      <trkpt lat="43.925815" lon="5.253991">
        <ele>233.56619901777617</ele>
      </trkpt>
      <trkpt lat="43.925766" lon="5.254016">
        <ele>233.29</ele>
      </trkpt>
      <trkpt lat="43.925559" lon="5.254343">
        <ele>231.35527503103478</ele>
      </trkpt>
      <trkpt lat="43.92544" lon="5.254533">
        <ele>230.0826771634293</ele>
      </trkpt>
      <trkpt lat="43.925412" lon="5.254482">
        <ele>229.74809925837144</ele>
      </trkpt>
      <trkpt lat="43.925445" lon="5.25427"/>
    </trkseg>
  </trk>
</gpx>
