<?xml version="1.0" encoding="UTF-8"?>
<gpx creator="Loopi" version="1.1" xmlns="http://www.topografix.com/GPX/1/1" xmlns:xsi="http://www.w3.org/2001/XMLSchema-instance" xsi:schemaLocation="http://www.topografix.com/GPX/1/1 http://www.topografix.com/GPX/1/1/gpx.xsd http://www.garmin.com/xmlschemas/GpxExtensions/v3 http://www.garmin.com/xmlschemas/GpxExtensionsv3.xsd http://www.garmin.com/xmlschemas/TrackPointExtension/v1 http://www.garmin.com/xmlschemas/TrackPointExtensionv1.xsd">
  <metadata>
    <name>Activity</name>
  </metadata>
  <trk>
    <name>Grande Traversée du Rhône VTT</name>
    <trkseg>
      <trkpt lat="46.17611" lon="4.74253">
        <ele>183.85</ele>
      </trkpt>
      <trkpt lat="46.17595" lon="4.74249">
        <ele>184.96</ele>
      </trkpt>
      <trkpt lat="46.1755" lon="4.74247">
        <ele>184.55</ele>
      </trkpt>
      <trkpt lat="46.1755" lon="4.74198">
        <ele>184.88</ele>
      </trkpt>
      <trkpt lat="46.17555" lon="4.74128">
        <ele>185.57</ele>
      </trkpt>
      <trkpt lat="46.17573" lon="4.7406">
        <ele>189.16</ele>
      </trkpt>
      <trkpt lat="46.17643" lon="4.73852">
        <ele>192.76</ele>
      </trkpt>
      <trkpt lat="46.17742" lon="4.73305">
        <ele>197.07</ele>
      </trkpt>
      <trkpt lat="46.17749" lon="4.7325">
        <ele>201.5</ele>
      </trkpt>
      <trkpt lat="46.17752" lon="4.73137">
        <ele>205.34</ele>
      </trkpt>
      <trkpt lat="46.17759" lon="4.73099">
        <ele>206.46</ele>
      </trkpt>
      <trkpt lat="46.17737" lon="4.73095">
        <ele>207.32</ele>
      </trkpt>
      <trkpt lat="46.17712" lon="4.73096">
        <ele>207.24</ele>
      </trkpt>
      <trkpt lat="46.17706" lon="4.73089">
        <ele>207.3</ele>
      </trkpt>
      <trkpt lat="46.17685" lon="4.73019">
        <ele>207.71</ele>
      </trkpt>
      <trkpt lat="46.17793" lon="4.72716">
        <ele>208.52</ele>
      </trkpt>
      <trkpt lat="46.17832" lon="4.72655">
        <ele>209.41</ele>
      </trkpt>
      <trkpt lat="46.17875" lon="4.72573">
        <ele>210.36</ele>
      </trkpt>
      <trkpt lat="46.17877" lon="4.72563">
        <ele>211.24</ele>
      </trkpt>
      <trkpt lat="46.1787" lon="4.72482">
        <ele>211.46</ele>
      </trkpt>
      <trkpt lat="46.17878" lon="4.72338">
        <ele>211.42</ele>
      </trkpt>
      <trkpt lat="46.17884" lon="4.72262">
        <ele>211.05</ele>
      </trkpt>
      <trkpt lat="46.17888" lon="4.72245">
        <ele>210.79</ele>
      </trkpt>
      <trkpt lat="46.17895" lon="4.7224">
        <ele>210.93</ele>
      </trkpt>
      <trkpt lat="46.17981" lon="4.72026">
        <ele>210.26</ele>
      </trkpt>
      <trkpt lat="46.18071" lon="4.71812">
        <ele>209.24</ele>
      </trkpt>
      <trkpt lat="46.17995" lon="4.71807">
        <ele>209.65</ele>
      </trkpt>
      <trkpt lat="46.1798" lon="4.71808">
        <ele>209.56</ele>
      </trkpt>
      <trkpt lat="46.17977" lon="4.71709">
        <ele>208.83</ele>
      </trkpt>
      <trkpt lat="46.1797" lon="4.71687">
        <ele>209.3</ele>
      </trkpt>
      <trkpt lat="46.17886" lon="4.71621">
        <ele>210.14</ele>
      </trkpt>
      <trkpt lat="46.17822" lon="4.71532">
        <ele>210.12</ele>
      </trkpt>
      <trkpt lat="46.17804" lon="4.71496">
        <ele>210.8</ele>
      </trkpt>
      <trkpt lat="46.17771" lon="4.71443">
        <ele>211.56</ele>
      </trkpt>
      <trkpt lat="46.17754" lon="4.71406">
        <ele>212.19</ele>
      </trkpt>
      <trkpt lat="46.17748" lon="4.71397">
        <ele>213.02</ele>
      </trkpt>
      <trkpt lat="46.17742" lon="4.71393">
        <ele>213.45</ele>
      </trkpt>
      <trkpt lat="46.17707" lon="4.71381">
        <ele>213.48</ele>
      </trkpt>
      <trkpt lat="46.17697" lon="4.71382">
        <ele>212.87</ele>
      </trkpt>
      <trkpt lat="46.17692" lon="4.71387">
        <ele>212.46</ele>
      </trkpt>
      <trkpt lat="46.17686" lon="4.71473">
        <ele>211.29</ele>
      </trkpt>
      <trkpt lat="46.17677" lon="4.71487">
        <ele>210.18</ele>
      </trkpt>
      <trkpt lat="46.17665" lon="4.71494">
        <ele>209.32</ele>
      </trkpt>
      <trkpt lat="46.17632" lon="4.71494">
        <ele>209.43</ele>
      </trkpt>
      <trkpt lat="46.17607" lon="4.71497">
        <ele>210.27</ele>
      </trkpt>
      <trkpt lat="46.17586" lon="4.71507">
        <ele>211.6</ele>
      </trkpt>
      <trkpt lat="46.17505" lon="4.7152">
        <ele>212.5</ele>
      </trkpt>
      <trkpt lat="46.17473" lon="4.71523">
        <ele>213.39</ele>
      </trkpt>
      <trkpt lat="46.17442" lon="4.71536">
        <ele>214.85</ele>
      </trkpt>
      <trkpt lat="46.17411" lon="4.71533">
        <ele>216.03</ele>
      </trkpt>
      <trkpt lat="46.17342" lon="4.71508">
        <ele>217.22</ele>
      </trkpt>
      <trkpt lat="46.17311" lon="4.7148">
        <ele>219.18</ele>
      </trkpt>
      <trkpt lat="46.17305" lon="4.71487">
        <ele>220.95</ele>
      </trkpt>
      <trkpt lat="46.17262" lon="4.71426">
        <ele>221.8</ele>
      </trkpt>
      <trkpt lat="46.17249" lon="4.7144">
        <ele>222.34</ele>
      </trkpt>
      <trkpt lat="46.17232" lon="4.71453">
        <ele>224.24</ele>
      </trkpt>
      <trkpt lat="46.17215" lon="4.71372">
        <ele>225.1</ele>
      </trkpt>
      <trkpt lat="46.17207" lon="4.71345">
        <ele>226.77</ele>
      </trkpt>
      <trkpt lat="46.17181" lon="4.71345">
        <ele>229.27</ele>
      </trkpt>
      <trkpt lat="46.17173" lon="4.71347">
        <ele>231.76</ele>
      </trkpt>
      <trkpt lat="46.17083" lon="4.71396">
        <ele>232.6</ele>
      </trkpt>
      <trkpt lat="46.1705" lon="4.71394">
        <ele>234.81</ele>
      </trkpt>
      <trkpt lat="46.17044" lon="4.71371">
        <ele>236.26</ele>
      </trkpt>
      <trkpt lat="46.17044" lon="4.7132">
        <ele>237.67</ele>
      </trkpt>
      <trkpt lat="46.17018" lon="4.71245">
        <ele>238.46</ele>
      </trkpt>
      <trkpt lat="46.16929" lon="4.71254">
        <ele>239.53</ele>
      </trkpt>
      <trkpt lat="46.16872" lon="4.71289">
        <ele>239.98</ele>
      </trkpt>
      <trkpt lat="46.16855" lon="4.71297">
        <ele>239.78</ele>
      </trkpt>
      <trkpt lat="46.16852" lon="4.7132">
        <ele>237.52</ele>
      </trkpt>
      <trkpt lat="46.16856" lon="4.71425">
        <ele>235.3</ele>
      </trkpt>
      <trkpt lat="46.1678" lon="4.71539">
        <ele>233.01</ele>
      </trkpt>
      <trkpt lat="46.16737" lon="4.71563">
        <ele>230.22</ele>
      </trkpt>
      <trkpt lat="46.16717" lon="4.71566">
        <ele>227.51</ele>
      </trkpt>
      <trkpt lat="46.16683" lon="4.71564">
        <ele>225.43</ele>
      </trkpt>
      <trkpt lat="46.16671" lon="4.71569">
        <ele>223.16</ele>
      </trkpt>
      <trkpt lat="46.16674" lon="4.71626">
        <ele>220.12</ele>
      </trkpt>
      <trkpt lat="46.1667" lon="4.71664">
        <ele>217.29</ele>
      </trkpt>
      <trkpt lat="46.16656" lon="4.71743">
        <ele>214.71</ele>
      </trkpt>
      <trkpt lat="46.16652" lon="4.71801">
        <ele>212.63</ele>
      </trkpt>
      <trkpt lat="46.16673" lon="4.71962">
        <ele>210.76</ele>
      </trkpt>
      <trkpt lat="46.16639" lon="4.71965">
        <ele>208.96</ele>
      </trkpt>
      <trkpt lat="46.16635" lon="4.7204">
        <ele>207.31</ele>
      </trkpt>
      <trkpt lat="46.16541" lon="4.72049">
        <ele>205.92</ele>
      </trkpt>
      <trkpt lat="46.1651" lon="4.72043">
        <ele>204.6</ele>
      </trkpt>
      <trkpt lat="46.16506" lon="4.72039">
        <ele>203.76</ele>
      </trkpt>
      <trkpt lat="46.16503" lon="4.72034">
        <ele>204.19</ele>
      </trkpt>
      <trkpt lat="46.16505" lon="4.71967">
        <ele>204.76</ele>
      </trkpt>
      <trkpt lat="46.16511" lon="4.71877">
        <ele>205.08</ele>
      </trkpt>
      <trkpt lat="46.16519" lon="4.71813">
        <ele>205.56</ele>
      </trkpt>
      <trkpt lat="46.16454" lon="4.71767">
        <ele>205.82</ele>
      </trkpt>
      <trkpt lat="46.16444" lon="4.71763">
        <ele>205.45</ele>
      </trkpt>
      <trkpt lat="46.16401" lon="4.71764">
        <ele>205.78</ele>
      </trkpt>
      <trkpt lat="46.16384" lon="4.7176">
        <ele>206.3</ele>
      </trkpt>
      <trkpt lat="46.16345" lon="4.71757">
        <ele>206.24</ele>
      </trkpt>
      <trkpt lat="46.16337" lon="4.71762">
        <ele>207.24</ele>
      </trkpt>
      <trkpt lat="46.16321" lon="4.71784">
        <ele>208.49</ele>
      </trkpt>
      <trkpt lat="46.16311" lon="4.71811">
        <ele>208.88</ele>
      </trkpt>
      <trkpt lat="46.16291" lon="4.71833">
        <ele>210.29</ele>
      </trkpt>
      <trkpt lat="46.1628" lon="4.71833">
        <ele>212.86</ele>
      </trkpt>
      <trkpt lat="46.16253" lon="4.71817">
        <ele>215.11</ele>
      </trkpt>
      <trkpt lat="46.16183" lon="4.71768">
        <ele>216.07</ele>
      </trkpt>
      <trkpt lat="46.16082" lon="4.71773">
        <ele>217.41</ele>
      </trkpt>
      <trkpt lat="46.16071" lon="4.71958">
        <ele>218.27</ele>
      </trkpt>
      <trkpt lat="46.16061" lon="4.71959">
        <ele>218.97</ele>
      </trkpt>
      <trkpt lat="46.15973" lon="4.71945">
        <ele>218.82</ele>
      </trkpt>
      <trkpt lat="46.15986" lon="4.71882">
        <ele>220.11</ele>
      </trkpt>
      <trkpt lat="46.15987" lon="4.71847">
        <ele>221.25</ele>
      </trkpt>
      <trkpt lat="46.15982" lon="4.71794">
        <ele>221.56</ele>
      </trkpt>
      <trkpt lat="46.15979" lon="4.71787">
        <ele>221.35</ele>
      </trkpt>
      <trkpt lat="46.15962" lon="4.71782">
        <ele>221.24</ele>
      </trkpt>
      <trkpt lat="46.15914" lon="4.71777">
        <ele>220.91</ele>
      </trkpt>
      <trkpt lat="46.15887" lon="4.71771">
        <ele>220.59</ele>
      </trkpt>
      <trkpt lat="46.15903" lon="4.71735">
        <ele>220.59</ele>
      </trkpt>
      <trkpt lat="46.15914" lon="4.71697">
        <ele>220.67</ele>
      </trkpt>
      <trkpt lat="46.15923" lon="4.71659">
        <ele>220.84</ele>
      </trkpt>
      <trkpt lat="46.15925" lon="4.71632">
        <ele>221.04</ele>
      </trkpt>
      <trkpt lat="46.15907" lon="4.71529">
        <ele>221.19</ele>
      </trkpt>
      <trkpt lat="46.159" lon="4.71506">
        <ele>221.44</ele>
      </trkpt>
      <trkpt lat="46.15885" lon="4.71478">
        <ele>221.78</ele>
      </trkpt>
      <trkpt lat="46.15872" lon="4.71462">
        <ele>222.57</ele>
      </trkpt>
      <trkpt lat="46.1586" lon="4.71428">
        <ele>224.06</ele>
      </trkpt>
      <trkpt lat="46.15836" lon="4.71318">
        <ele>225.54</ele>
      </trkpt>
      <trkpt lat="46.15838" lon="4.71087">
        <ele>226.97</ele>
      </trkpt>
      <trkpt lat="46.15836" lon="4.71065">
        <ele>229.29</ele>
      </trkpt>
      <trkpt lat="46.1583" lon="4.71047">
        <ele>231.29</ele>
      </trkpt>
      <trkpt lat="46.15834" lon="4.70697">
        <ele>232.23</ele>
      </trkpt>
      <trkpt lat="46.15829" lon="4.70569">
        <ele>233.13</ele>
      </trkpt>
      <trkpt lat="46.15816" lon="4.70476">
        <ele>234.03</ele>
      </trkpt>
      <trkpt lat="46.15819" lon="4.70339">
        <ele>234.3</ele>
      </trkpt>
      <trkpt lat="46.15842" lon="4.7027">
        <ele>234.58</ele>
      </trkpt>
      <trkpt lat="46.15852" lon="4.70209">
        <ele>235.1</ele>
      </trkpt>
      <trkpt lat="46.15897" lon="4.70118">
        <ele>234.12</ele>
      </trkpt>
      <trkpt lat="46.15926" lon="4.70066">
        <ele>233.36</ele>
      </trkpt>
      <trkpt lat="46.15784" lon="4.70005">
        <ele>232.62</ele>
      </trkpt>
      <trkpt lat="46.15829" lon="4.69852">
        <ele>230.94</ele>
      </trkpt>
      <trkpt lat="46.1585" lon="4.6979">
        <ele>229.51</ele>
      </trkpt>
      <trkpt lat="46.15808" lon="4.69708">
        <ele>229.2</ele>
      </trkpt>
      <trkpt lat="46.1579" lon="4.69678">
        <ele>228.82</ele>
      </trkpt>
      <trkpt lat="46.15776" lon="4.69671">
        <ele>227.78</ele>
      </trkpt>
      <trkpt lat="46.15758" lon="4.69677">
        <ele>227.96</ele>
      </trkpt>
      <trkpt lat="46.15721" lon="4.69714">
        <ele>228.72</ele>
      </trkpt>
      <trkpt lat="46.15711" lon="4.69615">
        <ele>229.9</ele>
      </trkpt>
      <trkpt lat="46.15574" lon="4.69591">
        <ele>231.41</ele>
      </trkpt>
      <trkpt lat="46.15568" lon="4.69588">
        <ele>233.37</ele>
      </trkpt>
      <trkpt lat="46.15535" lon="4.69408">
        <ele>235.54</ele>
      </trkpt>
      <trkpt lat="46.15548" lon="4.69333">
        <ele>237.01</ele>
      </trkpt>
      <trkpt lat="46.15581" lon="4.69186">
        <ele>239.11</ele>
      </trkpt>
      <trkpt lat="46.15564" lon="4.69176">
        <ele>240.9</ele>
      </trkpt>
      <trkpt lat="46.15388" lon="4.69002">
        <ele>242.42</ele>
      </trkpt>
      <trkpt lat="46.15332" lon="4.68933">
        <ele>243.3</ele>
      </trkpt>
      <trkpt lat="46.15328" lon="4.68938">
        <ele>244.51</ele>
      </trkpt>
      <trkpt lat="46.15278" lon="4.68891">
        <ele>245.12</ele>
      </trkpt>
      <trkpt lat="46.15233" lon="4.68853">
        <ele>245.15</ele>
      </trkpt>
      <trkpt lat="46.15206" lon="4.68838">
        <ele>245.31</ele>
      </trkpt>
      <trkpt lat="46.15183" lon="4.68832">
        <ele>245.48</ele>
      </trkpt>
      <trkpt lat="46.15157" lon="4.68833">
        <ele>245.66</ele>
      </trkpt>
      <trkpt lat="46.15132" lon="4.6883">
        <ele>245.91</ele>
      </trkpt>
      <trkpt lat="46.15123" lon="4.68826">
        <ele>246.31</ele>
      </trkpt>
      <trkpt lat="46.15068" lon="4.68837">
        <ele>246.68</ele>
      </trkpt>
      <trkpt lat="46.15057" lon="4.68836">
        <ele>246.97</ele>
      </trkpt>
      <trkpt lat="46.14979" lon="4.68818">
        <ele>247.05</ele>
      </trkpt>
      <trkpt lat="46.14876" lon="4.68782">
        <ele>247.36</ele>
      </trkpt>
      <trkpt lat="46.14856" lon="4.68779">
        <ele>248.19</ele>
      </trkpt>
      <trkpt lat="46.14842" lon="4.6878">
        <ele>248.95</ele>
      </trkpt>
      <trkpt lat="46.14817" lon="4.68792">
        <ele>250.56</ele>
      </trkpt>
      <trkpt lat="46.14815" lon="4.68786">
        <ele>252.76</ele>
      </trkpt>
      <trkpt lat="46.14811" lon="4.68708">
        <ele>254.45</ele>
      </trkpt>
      <trkpt lat="46.14812" lon="4.68671">
        <ele>256.79</ele>
      </trkpt>
      <trkpt lat="46.14809" lon="4.68649">
        <ele>259.65</ele>
      </trkpt>
      <trkpt lat="46.14899" lon="4.68626">
        <ele>262.34</ele>
      </trkpt>
      <trkpt lat="46.14966" lon="4.68621">
        <ele>266.29</ele>
      </trkpt>
      <trkpt lat="46.15018" lon="4.68607">
        <ele>271.58</ele>
      </trkpt>
      <trkpt lat="46.15067" lon="4.68581">
        <ele>276.13</ele>
      </trkpt>
      <trkpt lat="46.15142" lon="4.68517">
        <ele>280.78</ele>
      </trkpt>
      <trkpt lat="46.15145" lon="4.68512">
        <ele>285.27</ele>
      </trkpt>
      <trkpt lat="46.15143" lon="4.68449">
        <ele>286.84</ele>
      </trkpt>
      <trkpt lat="46.15164" lon="4.68434">
        <ele>286.66</ele>
      </trkpt>
      <trkpt lat="46.15199" lon="4.68419">
        <ele>284.52</ele>
      </trkpt>
      <trkpt lat="46.15233" lon="4.68413">
        <ele>281.02</ele>
      </trkpt>
      <trkpt lat="46.15265" lon="4.68416">
        <ele>277.51</ele>
      </trkpt>
      <trkpt lat="46.15349" lon="4.68444">
        <ele>276.21</ele>
      </trkpt>
      <trkpt lat="46.15369" lon="4.68448">
        <ele>274.12</ele>
      </trkpt>
      <trkpt lat="46.15368" lon="4.6841">
        <ele>274.15</ele>
      </trkpt>
      <trkpt lat="46.15432" lon="4.68413">
        <ele>275.99</ele>
      </trkpt>
      <trkpt lat="46.15468" lon="4.68411">
        <ele>277.49</ele>
      </trkpt>
      <trkpt lat="46.1553" lon="4.68387">
        <ele>277.37</ele>
      </trkpt>
      <trkpt lat="46.15538" lon="4.68375">
        <ele>280.73</ele>
      </trkpt>
      <trkpt lat="46.15546" lon="4.6833">
        <ele>283.26</ele>
      </trkpt>
      <trkpt lat="46.15484" lon="4.68337">
        <ele>289.27</ele>
      </trkpt>
      <trkpt lat="46.15475" lon="4.68322">
        <ele>294.53</ele>
      </trkpt>
      <trkpt lat="46.15463" lon="4.6813">
        <ele>299.64</ele>
      </trkpt>
      <trkpt lat="46.15516" lon="4.68131">
        <ele>303</ele>
      </trkpt>
      <trkpt lat="46.15548" lon="4.68129">
        <ele>305.49</ele>
      </trkpt>
      <trkpt lat="46.15556" lon="4.68128">
        <ele>304.39</ele>
      </trkpt>
      <trkpt lat="46.15575" lon="4.6812">
        <ele>303.21</ele>
      </trkpt>
      <trkpt lat="46.15612" lon="4.6809">
        <ele>302.35</ele>
      </trkpt>
      <trkpt lat="46.1568" lon="4.68025">
        <ele>300.39</ele>
      </trkpt>
      <trkpt lat="46.15763" lon="4.67992">
        <ele>300.24</ele>
      </trkpt>
      <trkpt lat="46.15776" lon="4.67984">
        <ele>298.77</ele>
      </trkpt>
      <trkpt lat="46.15794" lon="4.67954">
        <ele>299.77</ele>
      </trkpt>
      <trkpt lat="46.1582" lon="4.67898">
        <ele>301.1</ele>
      </trkpt>
      <trkpt lat="46.15814" lon="4.67886">
        <ele>304.06</ele>
      </trkpt>
      <trkpt lat="46.15786" lon="4.67853">
        <ele>307.38</ele>
      </trkpt>
      <trkpt lat="46.15742" lon="4.67818">
        <ele>311.41</ele>
      </trkpt>
      <trkpt lat="46.15722" lon="4.67807">
        <ele>313.51</ele>
      </trkpt>
      <trkpt lat="46.15707" lon="4.67793">
        <ele>315.73</ele>
      </trkpt>
      <trkpt lat="46.157" lon="4.6778">
        <ele>317.21</ele>
      </trkpt>
      <trkpt lat="46.15676" lon="4.67728">
        <ele>317.64</ele>
      </trkpt>
      <trkpt lat="46.15667" lon="4.677">
        <ele>318.89</ele>
      </trkpt>
      <trkpt lat="46.15654" lon="4.67644">
        <ele>320.71</ele>
      </trkpt>
      <trkpt lat="46.15647" lon="4.67587">
        <ele>322.11</ele>
      </trkpt>
      <trkpt lat="46.15628" lon="4.67517">
        <ele>323.23</ele>
      </trkpt>
      <trkpt lat="46.15628" lon="4.67508">
        <ele>324.3</ele>
      </trkpt>
      <trkpt lat="46.1564" lon="4.67503">
        <ele>324.3</ele>
      </trkpt>
      <trkpt lat="46.15661" lon="4.67503">
        <ele>323.74</ele>
      </trkpt>
      <trkpt lat="46.15679" lon="4.67498">
        <ele>323.28</ele>
      </trkpt>
      <trkpt lat="46.15687" lon="4.67486">
        <ele>322.98</ele>
      </trkpt>
      <trkpt lat="46.15699" lon="4.67422">
        <ele>322.81</ele>
      </trkpt>
      <trkpt lat="46.15712" lon="4.67392">
        <ele>322.56</ele>
      </trkpt>
      <trkpt lat="46.1585" lon="4.6738">
        <ele>322.84</ele>
      </trkpt>
      <trkpt lat="46.15866" lon="4.67361">
        <ele>323.14</ele>
      </trkpt>
      <trkpt lat="46.15928" lon="4.67316">
        <ele>322.49</ele>
      </trkpt>
      <trkpt lat="46.15933" lon="4.67303">
        <ele>324.04</ele>
      </trkpt>
      <trkpt lat="46.15977" lon="4.66896">
        <ele>325.58</ele>
      </trkpt>
      <trkpt lat="46.16018" lon="4.66569">
        <ele>327.35</ele>
      </trkpt>
      <trkpt lat="46.16025" lon="4.66577">
        <ele>330.84</ele>
      </trkpt>
      <trkpt lat="46.16048" lon="4.66523">
        <ele>336.68</ele>
      </trkpt>
      <trkpt lat="46.16093" lon="4.66343">
        <ele>340.63</ele>
      </trkpt>
      <trkpt lat="46.16106" lon="4.66262">
        <ele>345.29</ele>
      </trkpt>
      <trkpt lat="46.16106" lon="4.66252">
        <ele>349.38</ele>
      </trkpt>
      <trkpt lat="46.16088" lon="4.66165">
        <ele>353.18</ele>
      </trkpt>
      <trkpt lat="46.16088" lon="4.66137">
        <ele>353.73</ele>
      </trkpt>
      <trkpt lat="46.16098" lon="4.66102">
        <ele>354.31</ele>
      </trkpt>
      <trkpt lat="46.16037" lon="4.66028">
        <ele>353.95</ele>
      </trkpt>
      <trkpt lat="46.16065" lon="4.65999">
        <ele>353.24</ele>
      </trkpt>
      <trkpt lat="46.16162" lon="4.65944">
        <ele>351.11</ele>
      </trkpt>
      <trkpt lat="46.16214" lon="4.65906">
        <ele>349.11</ele>
      </trkpt>
      <trkpt lat="46.16221" lon="4.65893">
        <ele>347.2</ele>
      </trkpt>
      <trkpt lat="46.16224" lon="4.65876">
        <ele>345.98</ele>
      </trkpt>
      <trkpt lat="46.1622" lon="4.65865">
        <ele>344.13</ele>
      </trkpt>
      <trkpt lat="46.16211" lon="4.65859">
        <ele>342.91</ele>
      </trkpt>
      <trkpt lat="46.16196" lon="4.65862">
        <ele>344.42</ele>
      </trkpt>
      <trkpt lat="46.16144" lon="4.65859">
        <ele>345.87</ele>
      </trkpt>
      <trkpt lat="46.16119" lon="4.65854">
        <ele>346.91</ele>
      </trkpt>
      <trkpt lat="46.16054" lon="4.65828">
        <ele>350.03</ele>
      </trkpt>
      <trkpt lat="46.16048" lon="4.65816">
        <ele>353.14</ele>
      </trkpt>
      <trkpt lat="46.16015" lon="4.65685">
        <ele>355.4</ele>
      </trkpt>
      <trkpt lat="46.16006" lon="4.65621">
        <ele>358.23</ele>
      </trkpt>
      <trkpt lat="46.15991" lon="4.65566">
        <ele>361.95</ele>
      </trkpt>
      <trkpt lat="46.15951" lon="4.65383">
        <ele>364.66</ele>
      </trkpt>
      <trkpt lat="46.15955" lon="4.65259">
        <ele>367.01</ele>
      </trkpt>
      <trkpt lat="46.15927" lon="4.65195">
        <ele>368.67</ele>
      </trkpt>
      <trkpt lat="46.15902" lon="4.65121">
        <ele>369.44</ele>
      </trkpt>
      <trkpt lat="46.15903" lon="4.64966">
        <ele>368</ele>
      </trkpt>
      <trkpt lat="46.1591" lon="4.64932">
        <ele>367.29</ele>
      </trkpt>
      <trkpt lat="46.15914" lon="4.64916">
        <ele>363.14</ele>
      </trkpt>
      <trkpt lat="46.15939" lon="4.64888">
        <ele>362.03</ele>
      </trkpt>
      <trkpt lat="46.15948" lon="4.64871">
        <ele>360</ele>
      </trkpt>
      <trkpt lat="46.1596" lon="4.64861">
        <ele>357.53</ele>
      </trkpt>
      <trkpt lat="46.15972" lon="4.64846">
        <ele>354.35</ele>
      </trkpt>
      <trkpt lat="46.15971" lon="4.64827">
        <ele>354.21</ele>
      </trkpt>
      <trkpt lat="46.15968" lon="4.64816">
        <ele>351.27</ele>
      </trkpt>
      <trkpt lat="46.15958" lon="4.64808">
        <ele>348.91</ele>
      </trkpt>
      <trkpt lat="46.15947" lon="4.64803">
        <ele>347.73</ele>
      </trkpt>
      <trkpt lat="46.15931" lon="4.64803">
        <ele>347.54</ele>
      </trkpt>
      <trkpt lat="46.15904" lon="4.64808">
        <ele>348.49</ele>
      </trkpt>
      <trkpt lat="46.15899" lon="4.64795">
        <ele>351.01</ele>
      </trkpt>
      <trkpt lat="46.15901" lon="4.64745">
        <ele>354.51</ele>
      </trkpt>
      <trkpt lat="46.159" lon="4.64677">
        <ele>358.79</ele>
      </trkpt>
      <trkpt lat="46.15896" lon="4.64611">
        <ele>361.98</ele>
      </trkpt>
      <trkpt lat="46.15884" lon="4.64561">
        <ele>363.47</ele>
      </trkpt>
      <trkpt lat="46.1587" lon="4.64434">
        <ele>363.53</ele>
      </trkpt>
      <trkpt lat="46.15816" lon="4.64451">
        <ele>362.79</ele>
      </trkpt>
      <trkpt lat="46.15794" lon="4.64454">
        <ele>361.58</ele>
      </trkpt>
      <trkpt lat="46.15784" lon="4.64453">
        <ele>359.95</ele>
      </trkpt>
      <trkpt lat="46.1576" lon="4.64444">
        <ele>358.65</ele>
      </trkpt>
      <trkpt lat="46.15724" lon="4.64421">
        <ele>357.42</ele>
      </trkpt>
      <trkpt lat="46.15655" lon="4.64398">
        <ele>356.32</ele>
      </trkpt>
      <trkpt lat="46.15647" lon="4.64398">
        <ele>355.37</ele>
      </trkpt>
      <trkpt lat="46.15638" lon="4.64403">
        <ele>354.35</ele>
      </trkpt>
      <trkpt lat="46.1563" lon="4.64412">
        <ele>353.53</ele>
      </trkpt>
      <trkpt lat="46.15602" lon="4.64458">
        <ele>352.26</ele>
      </trkpt>
      <trkpt lat="46.15583" lon="4.64475">
        <ele>349.29</ele>
      </trkpt>
      <trkpt lat="46.1549" lon="4.64517">
        <ele>345.52</ele>
      </trkpt>
      <trkpt lat="46.15385" lon="4.64576">
        <ele>341.67</ele>
      </trkpt>
      <trkpt lat="46.15297" lon="4.64598">
        <ele>336.36</ele>
      </trkpt>
      <trkpt lat="46.15233" lon="4.646">
        <ele>331.21</ele>
      </trkpt>
      <trkpt lat="46.15239" lon="4.64783">
        <ele>326.49</ele>
      </trkpt>
      <trkpt lat="46.15238" lon="4.6481">
        <ele>322.53</ele>
      </trkpt>
      <trkpt lat="46.15227" lon="4.64887">
        <ele>318.75</ele>
      </trkpt>
      <trkpt lat="46.15214" lon="4.64911">
        <ele>316.43</ele>
      </trkpt>
      <trkpt lat="46.15205" lon="4.64917">
        <ele>314.44</ele>
      </trkpt>
      <trkpt lat="46.15178" lon="4.64927">
        <ele>312.94</ele>
      </trkpt>
      <trkpt lat="46.15166" lon="4.64928">
        <ele>311.7</ele>
      </trkpt>
      <trkpt lat="46.15134" lon="4.64904">
        <ele>310.2</ele>
      </trkpt>
      <trkpt lat="46.15123" lon="4.64899">
        <ele>308.5</ele>
      </trkpt>
      <trkpt lat="46.15037" lon="4.64895">
        <ele>307.36</ele>
      </trkpt>
      <trkpt lat="46.15024" lon="4.64891">
        <ele>307.3</ele>
      </trkpt>
      <trkpt lat="46.14949" lon="4.64856">
        <ele>306.93</ele>
      </trkpt>
      <trkpt lat="46.14893" lon="4.64833">
        <ele>307.13</ele>
      </trkpt>
      <trkpt lat="46.14878" lon="4.6483">
        <ele>306.91</ele>
      </trkpt>
      <trkpt lat="46.14843" lon="4.64814">
        <ele>305.5</ele>
      </trkpt>
      <trkpt lat="46.14759" lon="4.64796">
        <ele>302.54</ele>
      </trkpt>
      <trkpt lat="46.14701" lon="4.6478">
        <ele>299.99</ele>
      </trkpt>
      <trkpt lat="46.14637" lon="4.64758">
        <ele>296.49</ele>
      </trkpt>
      <trkpt lat="46.14625" lon="4.64751">
        <ele>293.91</ele>
      </trkpt>
      <trkpt lat="46.14624" lon="4.64741">
        <ele>292.04</ele>
      </trkpt>
      <trkpt lat="46.1462" lon="4.64736">
        <ele>291.84</ele>
      </trkpt>
      <trkpt lat="46.14614" lon="4.64735">
        <ele>291.7</ele>
      </trkpt>
      <trkpt lat="46.1461" lon="4.6478">
        <ele>291.74</ele>
      </trkpt>
      <trkpt lat="46.14611" lon="4.64808">
        <ele>291.96</ele>
      </trkpt>
      <trkpt lat="46.14583" lon="4.64924">
        <ele>291.2</ele>
      </trkpt>
      <trkpt lat="46.14577" lon="4.64927">
        <ele>290.06</ele>
      </trkpt>
      <trkpt lat="46.14547" lon="4.64915">
        <ele>288.52</ele>
      </trkpt>
      <trkpt lat="46.14542" lon="4.64922">
        <ele>287.61</ele>
      </trkpt>
      <trkpt lat="46.14529" lon="4.64974">
        <ele>284.9</ele>
      </trkpt>
      <trkpt lat="46.14515" lon="4.64978">
        <ele>282.63</ele>
      </trkpt>
      <trkpt lat="46.14366" lon="4.64956">
        <ele>281.02</ele>
      </trkpt>
      <trkpt lat="46.14354" lon="4.6495">
        <ele>278.49</ele>
      </trkpt>
      <trkpt lat="46.14345" lon="4.64954">
        <ele>275.81</ele>
      </trkpt>
      <trkpt lat="46.14297" lon="4.64962">
        <ele>275.44</ele>
      </trkpt>
      <trkpt lat="46.1424" lon="4.64953">
        <ele>276.1</ele>
      </trkpt>
      <trkpt lat="46.14213" lon="4.64957">
        <ele>278.52</ele>
      </trkpt>
      <trkpt lat="46.14192" lon="4.6494">
        <ele>282.48</ele>
      </trkpt>
      <trkpt lat="46.1416" lon="4.64877">
        <ele>287.71</ele>
      </trkpt>
      <trkpt lat="46.14147" lon="4.64857">
        <ele>291.93</ele>
      </trkpt>
      <trkpt lat="46.14146" lon="4.64784">
        <ele>295.86</ele>
      </trkpt>
      <trkpt lat="46.14142" lon="4.64778">
        <ele>298.07</ele>
      </trkpt>
      <trkpt lat="46.14078" lon="4.64768">
        <ele>299.79</ele>
      </trkpt>
      <trkpt lat="46.14058" lon="4.64752">
        <ele>301.01</ele>
      </trkpt>
      <trkpt lat="46.14034" lon="4.64723">
        <ele>302.53</ele>
      </trkpt>
      <trkpt lat="46.1403" lon="4.64715">
        <ele>304.06</ele>
      </trkpt>
      <trkpt lat="46.14033" lon="4.64699">
        <ele>305.21</ele>
      </trkpt>
      <trkpt lat="46.14012" lon="4.64663">
        <ele>306.15</ele>
      </trkpt>
      <trkpt lat="46.13958" lon="4.64554">
        <ele>306.68</ele>
      </trkpt>
      <trkpt lat="46.13885" lon="4.64457">
        <ele>307.43</ele>
      </trkpt>
      <trkpt lat="46.13718" lon="4.64277">
        <ele>307.13</ele>
      </trkpt>
      <trkpt lat="46.13702" lon="4.6427">
        <ele>309.02</ele>
      </trkpt>
      <trkpt lat="46.13702" lon="4.6427">
        <ele>309.02</ele>
      </trkpt>
      <trkpt lat="46.13716" lon="4.64285">
        <ele>307.64</ele>
      </trkpt>
      <trkpt lat="46.13722" lon="4.64298">
        <ele>307.36</ele>
      </trkpt>
      <trkpt lat="46.13724" lon="4.64319">
        <ele>305.64</ele>
      </trkpt>
      <trkpt lat="46.13722" lon="4.64333">
        <ele>303.3</ele>
      </trkpt>
      <trkpt lat="46.13711" lon="4.64367">
        <ele>300.29</ele>
      </trkpt>
      <trkpt lat="46.13692" lon="4.64397">
        <ele>297.6</ele>
      </trkpt>
      <trkpt lat="46.13706" lon="4.64424">
        <ele>294.13</ele>
      </trkpt>
      <trkpt lat="46.13781" lon="4.6461">
        <ele>290.59</ele>
      </trkpt>
      <trkpt lat="46.13821" lon="4.64786">
        <ele>286.8</ele>
      </trkpt>
      <trkpt lat="46.13739" lon="4.64819">
        <ele>283.2</ele>
      </trkpt>
      <trkpt lat="46.13617" lon="4.64857">
        <ele>280</ele>
      </trkpt>
      <trkpt lat="46.13609" lon="4.64856">
        <ele>277.41</ele>
      </trkpt>
      <trkpt lat="46.13585" lon="4.64846">
        <ele>275.86</ele>
      </trkpt>
      <trkpt lat="46.13555" lon="4.64819">
        <ele>275.81</ele>
      </trkpt>
      <trkpt lat="46.13547" lon="4.64815">
        <ele>275.94</ele>
      </trkpt>
      <trkpt lat="46.13531" lon="4.64814">
        <ele>276.17</ele>
      </trkpt>
      <trkpt lat="46.13488" lon="4.64831">
        <ele>277.01</ele>
      </trkpt>
      <trkpt lat="46.13436" lon="4.64856">
        <ele>278.26</ele>
      </trkpt>
      <trkpt lat="46.13425" lon="4.64858">
        <ele>279.13</ele>
      </trkpt>
      <trkpt lat="46.13394" lon="4.64856">
        <ele>280</ele>
      </trkpt>
      <trkpt lat="46.13387" lon="4.64862">
        <ele>281.57</ele>
      </trkpt>
      <trkpt lat="46.13269" lon="4.65054">
        <ele>282.58</ele>
      </trkpt>
      <trkpt lat="46.13194" lon="4.65147">
        <ele>284.39</ele>
      </trkpt>
      <trkpt lat="46.13079" lon="4.65324">
        <ele>285.46</ele>
      </trkpt>
      <trkpt lat="46.1304" lon="4.65293">
        <ele>281.85</ele>
      </trkpt>
      <trkpt lat="46.12961" lon="4.65336">
        <ele>278</ele>
      </trkpt>
      <trkpt lat="46.12667" lon="4.65445">
        <ele>274.4</ele>
      </trkpt>
      <trkpt lat="46.12673" lon="4.65351">
        <ele>269.73</ele>
      </trkpt>
      <trkpt lat="46.12699" lon="4.65238">
        <ele>265.78</ele>
      </trkpt>
      <trkpt lat="46.12703" lon="4.652">
        <ele>266.66</ele>
      </trkpt>
      <trkpt lat="46.12701" lon="4.65167">
        <ele>266.75</ele>
      </trkpt>
      <trkpt lat="46.12696" lon="4.65144">
        <ele>266.59</ele>
      </trkpt>
      <trkpt lat="46.12667" lon="4.65016">
        <ele>266.43</ele>
      </trkpt>
      <trkpt lat="46.1266" lon="4.6501">
        <ele>265.57</ele>
      </trkpt>
      <trkpt lat="46.12655" lon="4.6501">
        <ele>263.57</ele>
      </trkpt>
      <trkpt lat="46.12625" lon="4.65035">
        <ele>260.42</ele>
      </trkpt>
      <trkpt lat="46.12583" lon="4.65064">
        <ele>255.37</ele>
      </trkpt>
      <trkpt lat="46.125" lon="4.65098">
        <ele>250.23</ele>
      </trkpt>
      <trkpt lat="46.12452" lon="4.6516">
        <ele>244.31</ele>
      </trkpt>
      <trkpt lat="46.12436" lon="4.65168">
        <ele>239.48</ele>
      </trkpt>
      <trkpt lat="46.12368" lon="4.65107">
        <ele>235.87</ele>
      </trkpt>
      <trkpt lat="46.12357" lon="4.65102">
        <ele>234.23</ele>
      </trkpt>
      <trkpt lat="46.12267" lon="4.65115">
        <ele>231.88</ele>
      </trkpt>
      <trkpt lat="46.12195" lon="4.65158">
        <ele>231.11</ele>
      </trkpt>
      <trkpt lat="46.12179" lon="4.65176">
        <ele>230</ele>
      </trkpt>
      <trkpt lat="46.12173" lon="4.65217">
        <ele>229.7</ele>
      </trkpt>
      <trkpt lat="46.12159" lon="4.6522">
        <ele>229.29</ele>
      </trkpt>
      <trkpt lat="46.1215" lon="4.65217">
        <ele>229.58</ele>
      </trkpt>
      <trkpt lat="46.12144" lon="4.65211">
        <ele>229.73</ele>
      </trkpt>
      <trkpt lat="46.12136" lon="4.65193">
        <ele>230.11</ele>
      </trkpt>
      <trkpt lat="46.12123" lon="4.65146">
        <ele>230.26</ele>
      </trkpt>
      <trkpt lat="46.12103" lon="4.65097">
        <ele>230.39</ele>
      </trkpt>
      <trkpt lat="46.12089" lon="4.65034">
        <ele>230.38</ele>
      </trkpt>
      <trkpt lat="46.1208" lon="4.65033">
        <ele>230.81</ele>
      </trkpt>
      <trkpt lat="46.12005" lon="4.65063">
        <ele>231.16</ele>
      </trkpt>
      <trkpt lat="46.11924" lon="4.65126">
        <ele>230.47</ele>
      </trkpt>
      <trkpt lat="46.11864" lon="4.65151">
        <ele>230.17</ele>
      </trkpt>
      <trkpt lat="46.11878" lon="4.65431">
        <ele>231.14</ele>
      </trkpt>
      <trkpt lat="46.11829" lon="4.65432">
        <ele>233.14</ele>
      </trkpt>
      <trkpt lat="46.11792" lon="4.65459">
        <ele>235.83</ele>
      </trkpt>
      <trkpt lat="46.11778" lon="4.65506">
        <ele>239.71</ele>
      </trkpt>
      <trkpt lat="46.11778" lon="4.65611">
        <ele>243.6</ele>
      </trkpt>
      <trkpt lat="46.11775" lon="4.65625">
        <ele>245.88</ele>
      </trkpt>
      <trkpt lat="46.11763" lon="4.65651">
        <ele>246.11</ele>
      </trkpt>
      <trkpt lat="46.11779" lon="4.65714">
        <ele>245.45</ele>
      </trkpt>
      <trkpt lat="46.1179" lon="4.65725">
        <ele>244.33</ele>
      </trkpt>
      <trkpt lat="46.11807" lon="4.65756">
        <ele>241.85</ele>
      </trkpt>
      <trkpt lat="46.11818" lon="4.65792">
        <ele>239.46</ele>
      </trkpt>
      <trkpt lat="46.11836" lon="4.65879">
        <ele>236.77</ele>
      </trkpt>
      <trkpt lat="46.11847" lon="4.65904">
        <ele>235.55</ele>
      </trkpt>
      <trkpt lat="46.11853" lon="4.65906">
        <ele>234</ele>
      </trkpt>
      <trkpt lat="46.11846" lon="4.65947">
        <ele>233.03</ele>
      </trkpt>
      <trkpt lat="46.11845" lon="4.65978">
        <ele>233.85</ele>
      </trkpt>
      <trkpt lat="46.11849" lon="4.66111">
        <ele>235.68</ele>
      </trkpt>
      <trkpt lat="46.11833" lon="4.66271">
        <ele>237.08</ele>
      </trkpt>
      <trkpt lat="46.11825" lon="4.66317">
        <ele>238.61</ele>
      </trkpt>
      <trkpt lat="46.11806" lon="4.66398">
        <ele>240.77</ele>
      </trkpt>
      <trkpt lat="46.11801" lon="4.66436">
        <ele>243.46</ele>
      </trkpt>
      <trkpt lat="46.11777" lon="4.66515">
        <ele>245.9</ele>
      </trkpt>
      <trkpt lat="46.11734" lon="4.66574">
        <ele>248.79</ele>
      </trkpt>
      <trkpt lat="46.11713" lon="4.66642">
        <ele>252.54</ele>
      </trkpt>
      <trkpt lat="46.11702" lon="4.66666">
        <ele>256.07</ele>
      </trkpt>
      <trkpt lat="46.11644" lon="4.66767">
        <ele>257.72</ele>
      </trkpt>
      <trkpt lat="46.11616" lon="4.6681">
        <ele>259.85</ele>
      </trkpt>
      <trkpt lat="46.11606" lon="4.66822">
        <ele>260.89</ele>
      </trkpt>
      <trkpt lat="46.1158" lon="4.66844">
        <ele>261.7</ele>
      </trkpt>
      <trkpt lat="46.11568" lon="4.66845">
        <ele>262.65</ele>
      </trkpt>
      <trkpt lat="46.11561" lon="4.66782">
        <ele>264.28</ele>
      </trkpt>
      <trkpt lat="46.11561" lon="4.66728">
        <ele>265.51</ele>
      </trkpt>
      <trkpt lat="46.11573" lon="4.66658">
        <ele>267.32</ele>
      </trkpt>
      <trkpt lat="46.11571" lon="4.66645">
        <ele>269.77</ele>
      </trkpt>
      <trkpt lat="46.11577" lon="4.66625">
        <ele>272.67</ele>
      </trkpt>
      <trkpt lat="46.11568" lon="4.66577">
        <ele>276.36</ele>
      </trkpt>
      <trkpt lat="46.11566" lon="4.6654">
        <ele>283.15</ele>
      </trkpt>
      <trkpt lat="46.11572" lon="4.66419">
        <ele>287.67</ele>
      </trkpt>
      <trkpt lat="46.11563" lon="4.66331">
        <ele>292.44</ele>
      </trkpt>
      <trkpt lat="46.1155" lon="4.6636">
        <ele>295.77</ele>
      </trkpt>
      <trkpt lat="46.11533" lon="4.66377">
        <ele>299.35</ele>
      </trkpt>
      <trkpt lat="46.1152" lon="4.66372">
        <ele>301.06</ele>
      </trkpt>
      <trkpt lat="46.11448" lon="4.66375">
        <ele>303.57</ele>
      </trkpt>
      <trkpt lat="46.11395" lon="4.66359">
        <ele>309.34</ele>
      </trkpt>
      <trkpt lat="46.11381" lon="4.66364">
        <ele>316.36</ele>
      </trkpt>
      <trkpt lat="46.11291" lon="4.66427">
        <ele>319.32</ele>
      </trkpt>
      <trkpt lat="46.11229" lon="4.66461">
        <ele>321.1</ele>
      </trkpt>
      <trkpt lat="46.11192" lon="4.66475">
        <ele>323.64</ele>
      </trkpt>
      <trkpt lat="46.11154" lon="4.66481">
        <ele>322</ele>
      </trkpt>
      <trkpt lat="46.1113" lon="4.66479">
        <ele>319.18</ele>
      </trkpt>
      <trkpt lat="46.11098" lon="4.66437">
        <ele>318.66</ele>
      </trkpt>
      <trkpt lat="46.11032" lon="4.66393">
        <ele>315.89</ele>
      </trkpt>
      <trkpt lat="46.11006" lon="4.6636">
        <ele>311.12</ele>
      </trkpt>
      <trkpt lat="46.10975" lon="4.66398">
        <ele>305.3</ele>
      </trkpt>
      <trkpt lat="46.10957" lon="4.66458">
        <ele>299.77</ele>
      </trkpt>
      <trkpt lat="46.10947" lon="4.66474">
        <ele>292.79</ele>
      </trkpt>
      <trkpt lat="46.10938" lon="4.66486">
        <ele>287.38</ele>
      </trkpt>
      <trkpt lat="46.10901" lon="4.66518">
        <ele>282.29</ele>
      </trkpt>
      <trkpt lat="46.10872" lon="4.66583">
        <ele>277.76</ele>
      </trkpt>
      <trkpt lat="46.10829" lon="4.66643">
        <ele>275.21</ele>
      </trkpt>
      <trkpt lat="46.1082" lon="4.66643">
        <ele>277.16</ele>
      </trkpt>
      <trkpt lat="46.10751" lon="4.66607">
        <ele>279.97</ele>
      </trkpt>
      <trkpt lat="46.10708" lon="4.66596">
        <ele>284.85</ele>
      </trkpt>
      <trkpt lat="46.10625" lon="4.66598">
        <ele>290.73</ele>
      </trkpt>
      <trkpt lat="46.10608" lon="4.66594">
        <ele>297.72</ele>
      </trkpt>
      <trkpt lat="46.10601" lon="4.66549">
        <ele>304.93</ele>
      </trkpt>
      <trkpt lat="46.10598" lon="4.66442">
        <ele>316.43</ele>
      </trkpt>
      <trkpt lat="46.10603" lon="4.6636">
        <ele>327.25</ele>
      </trkpt>
      <trkpt lat="46.10613" lon="4.663">
        <ele>336.82</ele>
      </trkpt>
      <trkpt lat="46.10613" lon="4.66284">
        <ele>346.56</ele>
      </trkpt>
      <trkpt lat="46.10633" lon="4.66229">
        <ele>354.11</ele>
      </trkpt>
      <trkpt lat="46.10646" lon="4.66182">
        <ele>357.51</ele>
      </trkpt>
      <trkpt lat="46.10669" lon="4.6613">
        <ele>360.69</ele>
      </trkpt>
      <trkpt lat="46.10673" lon="4.66084">
        <ele>366.49</ele>
      </trkpt>
      <trkpt lat="46.1069" lon="4.66067">
        <ele>369.4</ele>
      </trkpt>
      <trkpt lat="46.10684" lon="4.66006">
        <ele>370.5</ele>
      </trkpt>
      <trkpt lat="46.1068" lon="4.66003">
        <ele>370.76</ele>
      </trkpt>
      <trkpt lat="46.10668" lon="4.66015">
        <ele>371</ele>
      </trkpt>
      <trkpt lat="46.10656" lon="4.66023">
        <ele>368.37</ele>
      </trkpt>
      <trkpt lat="46.10613" lon="4.66039">
        <ele>365.87</ele>
      </trkpt>
      <trkpt lat="46.10588" lon="4.6603">
        <ele>364.52</ele>
      </trkpt>
      <trkpt lat="46.10596" lon="4.66017">
        <ele>364.34</ele>
      </trkpt>
      <trkpt lat="46.10616" lon="4.65968">
        <ele>364.02</ele>
      </trkpt>
      <trkpt lat="46.10603" lon="4.65921">
        <ele>365.29</ele>
      </trkpt>
      <trkpt lat="46.10576" lon="4.6587">
        <ele>365.34</ele>
      </trkpt>
      <trkpt lat="46.10513" lon="4.65793">
        <ele>365.91</ele>
      </trkpt>
      <trkpt lat="46.10494" lon="4.65765">
        <ele>366.08</ele>
      </trkpt>
      <trkpt lat="46.10458" lon="4.65726">
        <ele>367.68</ele>
      </trkpt>
      <trkpt lat="46.10438" lon="4.65699">
        <ele>369.43</ele>
      </trkpt>
      <trkpt lat="46.10414" lon="4.65624">
        <ele>372.98</ele>
      </trkpt>
      <trkpt lat="46.10411" lon="4.65596">
        <ele>373.01</ele>
      </trkpt>
      <trkpt lat="46.10413" lon="4.65566">
        <ele>372.98</ele>
      </trkpt>
      <trkpt lat="46.104" lon="4.65549">
        <ele>373.8</ele>
      </trkpt>
      <trkpt lat="46.10402" lon="4.65508">
        <ele>373.37</ele>
      </trkpt>
      <trkpt lat="46.104" lon="4.65477">
        <ele>372.93</ele>
      </trkpt>
      <trkpt lat="46.10387" lon="4.65443">
        <ele>372.58</ele>
      </trkpt>
      <trkpt lat="46.10386" lon="4.65431">
        <ele>372.41</ele>
      </trkpt>
      <trkpt lat="46.1037" lon="4.65385">
        <ele>370.24</ele>
      </trkpt>
      <trkpt lat="46.10343" lon="4.65315">
        <ele>368.51</ele>
      </trkpt>
      <trkpt lat="46.1033" lon="4.65297">
        <ele>365.66</ele>
      </trkpt>
      <trkpt lat="46.10326" lon="4.65285">
        <ele>364.72</ele>
      </trkpt>
      <trkpt lat="46.10318" lon="4.65277">
        <ele>364.17</ele>
      </trkpt>
      <trkpt lat="46.10309" lon="4.65257">
        <ele>363.21</ele>
      </trkpt>
      <trkpt lat="46.10306" lon="4.6524">
        <ele>360.85</ele>
      </trkpt>
      <trkpt lat="46.10305" lon="4.65172">
        <ele>362.11</ele>
      </trkpt>
      <trkpt lat="46.10312" lon="4.65129">
        <ele>361.41</ele>
      </trkpt>
      <trkpt lat="46.10321" lon="4.65096">
        <ele>359.85</ele>
      </trkpt>
      <trkpt lat="46.1036" lon="4.65035">
        <ele>358.36</ele>
      </trkpt>
      <trkpt lat="46.10406" lon="4.64984">
        <ele>356.93</ele>
      </trkpt>
      <trkpt lat="46.10425" lon="4.64971">
        <ele>351.61</ele>
      </trkpt>
      <trkpt lat="46.10443" lon="4.64952">
        <ele>349.14</ele>
      </trkpt>
      <trkpt lat="46.10474" lon="4.64902">
        <ele>346.3</ele>
      </trkpt>
      <trkpt lat="46.10487" lon="4.64866">
        <ele>345.43</ele>
      </trkpt>
      <trkpt lat="46.10501" lon="4.64854">
        <ele>343.48</ele>
      </trkpt>
      <trkpt lat="46.10517" lon="4.64846">
        <ele>342.48</ele>
      </trkpt>
      <trkpt lat="46.10533" lon="4.64833">
        <ele>342.47</ele>
      </trkpt>
      <trkpt lat="46.10567" lon="4.64777">
        <ele>343.27</ele>
      </trkpt>
      <trkpt lat="46.10607" lon="4.64745">
        <ele>341.97</ele>
      </trkpt>
      <trkpt lat="46.10632" lon="4.64697">
        <ele>342.66</ele>
      </trkpt>
      <trkpt lat="46.10683" lon="4.64631">
        <ele>343.23</ele>
      </trkpt>
      <trkpt lat="46.10692" lon="4.64611">
        <ele>341.37</ele>
      </trkpt>
      <trkpt lat="46.10691" lon="4.64596">
        <ele>338.72</ele>
      </trkpt>
      <trkpt lat="46.10653" lon="4.64425">
        <ele>337.23</ele>
      </trkpt>
      <trkpt lat="46.10671" lon="4.6432">
        <ele>337.1</ele>
      </trkpt>
      <trkpt lat="46.10626" lon="4.6432">
        <ele>336.94</ele>
      </trkpt>
      <trkpt lat="46.10594" lon="4.64279">
        <ele>337.9</ele>
      </trkpt>
      <trkpt lat="46.10567" lon="4.6426">
        <ele>340.04</ele>
      </trkpt>
      <trkpt lat="46.10527" lon="4.64239">
        <ele>345.3</ele>
      </trkpt>
      <trkpt lat="46.10395" lon="4.64132">
        <ele>350.42</ele>
      </trkpt>
      <trkpt lat="46.10242" lon="4.63997">
        <ele>356.02</ele>
      </trkpt>
      <trkpt lat="46.10169" lon="4.639">
        <ele>362.1</ele>
      </trkpt>
      <trkpt lat="46.10117" lon="4.63749">
        <ele>369.26</ele>
      </trkpt>
      <trkpt lat="46.10106" lon="4.63703">
        <ele>374.24</ele>
      </trkpt>
      <trkpt lat="46.10094" lon="4.63586">
        <ele>380.33</ele>
      </trkpt>
      <trkpt lat="46.10088" lon="4.63497">
        <ele>388.59</ele>
      </trkpt>
      <trkpt lat="46.1007" lon="4.63342">
        <ele>397.15</ele>
      </trkpt>
      <trkpt lat="46.10059" lon="4.63275">
        <ele>406.02</ele>
      </trkpt>
      <trkpt lat="46.10046" lon="4.63223">
        <ele>417.76</ele>
      </trkpt>
      <trkpt lat="46.10014" lon="4.63141">
        <ele>427.73</ele>
      </trkpt>
      <trkpt lat="46.09954" lon="4.6304">
        <ele>435.34</ele>
      </trkpt>
      <trkpt lat="46.09952" lon="4.63017">
        <ele>445.27</ele>
      </trkpt>
      <trkpt lat="46.0997" lon="4.63002">
        <ele>454.64</ele>
      </trkpt>
      <trkpt lat="46.0998" lon="4.62989">
        <ele>464.29</ele>
      </trkpt>
      <trkpt lat="46.09973" lon="4.62946">
        <ele>476.63</ele>
      </trkpt>
      <trkpt lat="46.09972" lon="4.62791">
        <ele>489.81</ele>
      </trkpt>
      <trkpt lat="46.09977" lon="4.62701">
        <ele>501.39</ele>
      </trkpt>
      <trkpt lat="46.09976" lon="4.62664">
        <ele>512.64</ele>
      </trkpt>
      <trkpt lat="46.0997" lon="4.62598">
        <ele>520.98</ele>
      </trkpt>
      <trkpt lat="46.0997" lon="4.62569">
        <ele>528.62</ele>
      </trkpt>
      <trkpt lat="46.09972" lon="4.62537">
        <ele>536.01</ele>
      </trkpt>
      <trkpt lat="46.09983" lon="4.62485">
        <ele>542.24</ele>
      </trkpt>
      <trkpt lat="46.09985" lon="4.6245">
        <ele>549.96</ele>
      </trkpt>
      <trkpt lat="46.09969" lon="4.62419">
        <ele>556.92</ele>
      </trkpt>
      <trkpt lat="46.09966" lon="4.62327">
        <ele>563.74</ele>
      </trkpt>
      <trkpt lat="46.09958" lon="4.62277">
        <ele>570.73</ele>
      </trkpt>
      <trkpt lat="46.09949" lon="4.62174">
        <ele>577.26</ele>
      </trkpt>
      <trkpt lat="46.09951" lon="4.62131">
        <ele>580.75</ele>
      </trkpt>
      <trkpt lat="46.09921" lon="4.62098">
        <ele>583.21</ele>
      </trkpt>
      <trkpt lat="46.09893" lon="4.62077">
        <ele>583.59</ele>
      </trkpt>
      <trkpt lat="46.09859" lon="4.62069">
        <ele>583.61</ele>
      </trkpt>
      <trkpt lat="46.09815" lon="4.62055">
        <ele>583.8</ele>
      </trkpt>
      <trkpt lat="46.09709" lon="4.61956">
        <ele>583.53</ele>
      </trkpt>
      <trkpt lat="46.09656" lon="4.61916">
        <ele>584.47</ele>
      </trkpt>
      <trkpt lat="46.0962" lon="4.61892">
        <ele>588.57</ele>
      </trkpt>
      <trkpt lat="46.09491" lon="4.6179">
        <ele>593.63</ele>
      </trkpt>
      <trkpt lat="46.09465" lon="4.61775">
        <ele>602.75</ele>
      </trkpt>
      <trkpt lat="46.09407" lon="4.61716">
        <ele>612.9</ele>
      </trkpt>
      <trkpt lat="46.09253" lon="4.61589">
        <ele>621.65</ele>
      </trkpt>
      <trkpt lat="46.09236" lon="4.61586">
        <ele>625.66</ele>
      </trkpt>
      <trkpt lat="46.09203" lon="4.61597">
        <ele>626.37</ele>
      </trkpt>
      <trkpt lat="46.09163" lon="4.61606">
        <ele>621.12</ele>
      </trkpt>
      <trkpt lat="46.09137" lon="4.61617">
        <ele>615.5</ele>
      </trkpt>
      <trkpt lat="46.09092" lon="4.61649">
        <ele>610.28</ele>
      </trkpt>
      <trkpt lat="46.09069" lon="4.61643">
        <ele>607.3</ele>
      </trkpt>
      <trkpt lat="46.09048" lon="4.61642">
        <ele>606.27</ele>
      </trkpt>
      <trkpt lat="46.09039" lon="4.61643">
        <ele>608.34</ele>
      </trkpt>
      <trkpt lat="46.09019" lon="4.61653">
        <ele>609.66</ele>
      </trkpt>
      <trkpt lat="46.08983" lon="4.61658">
        <ele>610.22</ele>
      </trkpt>
      <trkpt lat="46.08955" lon="4.61657">
        <ele>608.96</ele>
      </trkpt>
      <trkpt lat="46.08943" lon="4.61653">
        <ele>608.6</ele>
      </trkpt>
      <trkpt lat="46.08896" lon="4.61618">
        <ele>607.52</ele>
      </trkpt>
      <trkpt lat="46.08813" lon="4.61509">
        <ele>607.09</ele>
      </trkpt>
      <trkpt lat="46.08789" lon="4.61484">
        <ele>607.78</ele>
      </trkpt>
      <trkpt lat="46.08778" lon="4.61468">
        <ele>609.16</ele>
      </trkpt>
      <trkpt lat="46.08754" lon="4.61421">
        <ele>609.57</ele>
      </trkpt>
      <trkpt lat="46.08739" lon="4.61401">
        <ele>609.71</ele>
      </trkpt>
      <trkpt lat="46.08704" lon="4.61376">
        <ele>610.35</ele>
      </trkpt>
      <trkpt lat="46.08646" lon="4.61322">
        <ele>611.49</ele>
      </trkpt>
      <trkpt lat="46.08641" lon="4.61309">
        <ele>613.55</ele>
      </trkpt>
      <trkpt lat="46.08626" lon="4.61232">
        <ele>614.46</ele>
      </trkpt>
      <trkpt lat="46.08599" lon="4.61119">
        <ele>613.71</ele>
      </trkpt>
      <trkpt lat="46.08581" lon="4.61057">
        <ele>613.34</ele>
      </trkpt>
      <trkpt lat="46.08562" lon="4.61023">
        <ele>610.18</ele>
      </trkpt>
      <trkpt lat="46.08546" lon="4.61005">
        <ele>606.11</ele>
      </trkpt>
      <trkpt lat="46.08516" lon="4.60945">
        <ele>601.61</ele>
      </trkpt>
      <trkpt lat="46.08497" lon="4.60914">
        <ele>597.69</ele>
      </trkpt>
      <trkpt lat="46.08472" lon="4.60883">
        <ele>592.43</ele>
      </trkpt>
      <trkpt lat="46.08451" lon="4.60836">
        <ele>588.64</ele>
      </trkpt>
      <trkpt lat="46.08419" lon="4.60746">
        <ele>585.13</ele>
      </trkpt>
      <trkpt lat="46.08403" lon="4.60726">
        <ele>582.78</ele>
      </trkpt>
      <trkpt lat="46.08357" lon="4.60656">
        <ele>580.81</ele>
      </trkpt>
      <trkpt lat="46.08351" lon="4.6065">
        <ele>579.04</ele>
      </trkpt>
      <trkpt lat="46.08341" lon="4.60661">
        <ele>577.45</ele>
      </trkpt>
      <trkpt lat="46.08326" lon="4.60669">
        <ele>575.44</ele>
      </trkpt>
      <trkpt lat="46.08306" lon="4.60671">
        <ele>573.25</ele>
      </trkpt>
      <trkpt lat="46.08277" lon="4.60664">
        <ele>570.74</ele>
      </trkpt>
      <trkpt lat="46.0825" lon="4.60666">
        <ele>569.22</ele>
      </trkpt>
      <trkpt lat="46.0822" lon="4.60659">
        <ele>567.21</ele>
      </trkpt>
      <trkpt lat="46.08176" lon="4.60643">
        <ele>562.57</ele>
      </trkpt>
      <trkpt lat="46.08117" lon="4.60646">
        <ele>558.44</ele>
      </trkpt>
      <trkpt lat="46.08081" lon="4.60666">
        <ele>554.4</ele>
      </trkpt>
      <trkpt lat="46.08034" lon="4.60676">
        <ele>549.45</ele>
      </trkpt>
      <trkpt lat="46.08011" lon="4.60671">
        <ele>544.88</ele>
      </trkpt>
      <trkpt lat="46.07992" lon="4.60659">
        <ele>542.92</ele>
      </trkpt>
      <trkpt lat="46.0798" lon="4.60647">
        <ele>539.79</ele>
      </trkpt>
      <trkpt lat="46.07956" lon="4.60584">
        <ele>537.53</ele>
      </trkpt>
      <trkpt lat="46.07922" lon="4.60459">
        <ele>535.19</ele>
      </trkpt>
      <trkpt lat="46.07928" lon="4.6041">
        <ele>535.61</ele>
      </trkpt>
      <trkpt lat="46.07948" lon="4.60359">
        <ele>536.76</ele>
      </trkpt>
      <trkpt lat="46.07971" lon="4.60332">
        <ele>539.27</ele>
      </trkpt>
      <trkpt lat="46.07988" lon="4.60304">
        <ele>541.2</ele>
      </trkpt>
      <trkpt lat="46.08002" lon="4.60253">
        <ele>544.94</ele>
      </trkpt>
      <trkpt lat="46.08001" lon="4.60231">
        <ele>547.75</ele>
      </trkpt>
      <trkpt lat="46.07983" lon="4.60144">
        <ele>551.87</ele>
      </trkpt>
      <trkpt lat="46.07935" lon="4.60036">
        <ele>555.98</ele>
      </trkpt>
      <trkpt lat="46.07919" lon="4.59992">
        <ele>561.48</ele>
      </trkpt>
      <trkpt lat="46.07917" lon="4.59972">
        <ele>565.64</ele>
      </trkpt>
      <trkpt lat="46.07946" lon="4.59935">
        <ele>568.87</ele>
      </trkpt>
      <trkpt lat="46.07968" lon="4.59912">
        <ele>570.78</ele>
      </trkpt>
      <trkpt lat="46.07975" lon="4.59894">
        <ele>572.11</ele>
      </trkpt>
      <trkpt lat="46.0798" lon="4.59865">
        <ele>572.54</ele>
      </trkpt>
      <trkpt lat="46.0798" lon="4.59814">
        <ele>572.78</ele>
      </trkpt>
      <trkpt lat="46.07948" lon="4.59727">
        <ele>571.84</ele>
      </trkpt>
      <trkpt lat="46.07937" lon="4.59675">
        <ele>571.8</ele>
      </trkpt>
      <trkpt lat="46.07936" lon="4.5958">
        <ele>571.34</ele>
      </trkpt>
      <trkpt lat="46.07943" lon="4.59524">
        <ele>570.91</ele>
      </trkpt>
      <trkpt lat="46.07941" lon="4.5947">
        <ele>569.81</ele>
      </trkpt>
      <trkpt lat="46.07937" lon="4.59443">
        <ele>568.75</ele>
      </trkpt>
      <trkpt lat="46.0794" lon="4.59401">
        <ele>565.31</ele>
      </trkpt>
      <trkpt lat="46.07938" lon="4.59294">
        <ele>562.64</ele>
      </trkpt>
      <trkpt lat="46.07952" lon="4.59175">
        <ele>560.05</ele>
      </trkpt>
      <trkpt lat="46.07938" lon="4.59168">
        <ele>558.7</ele>
      </trkpt>
      <trkpt lat="46.0791" lon="4.59144">
        <ele>557.88</ele>
      </trkpt>
      <trkpt lat="46.07896" lon="4.59139">
        <ele>558.06</ele>
      </trkpt>
      <trkpt lat="46.07877" lon="4.59141">
        <ele>558.01</ele>
      </trkpt>
      <trkpt lat="46.07864" lon="4.59153">
        <ele>557.82</ele>
      </trkpt>
      <trkpt lat="46.07853" lon="4.59174">
        <ele>556.42</ele>
      </trkpt>
      <trkpt lat="46.07845" lon="4.59197">
        <ele>557.94</ele>
      </trkpt>
      <trkpt lat="46.07829" lon="4.59268">
        <ele>560.91</ele>
      </trkpt>
      <trkpt lat="46.07821" lon="4.59291">
        <ele>556.64</ele>
      </trkpt>
      <trkpt lat="46.07797" lon="4.59329">
        <ele>553.84</ele>
      </trkpt>
      <trkpt lat="46.07748" lon="4.59361">
        <ele>550.84</ele>
      </trkpt>
      <trkpt lat="46.07694" lon="4.59378">
        <ele>543.55</ele>
      </trkpt>
      <trkpt lat="46.07668" lon="4.59381">
        <ele>534.8</ele>
      </trkpt>
      <trkpt lat="46.07641" lon="4.59395">
        <ele>532.35</ele>
      </trkpt>
      <trkpt lat="46.07565" lon="4.59428">
        <ele>528.05</ele>
      </trkpt>
      <trkpt lat="46.0754" lon="4.59427">
        <ele>526.49</ele>
      </trkpt>
      <trkpt lat="46.0751" lon="4.59414">
        <ele>524.72</ele>
      </trkpt>
      <trkpt lat="46.07488" lon="4.59409">
        <ele>521.09</ele>
      </trkpt>
      <trkpt lat="46.07469" lon="4.59408">
        <ele>514.94</ele>
      </trkpt>
      <trkpt lat="46.07447" lon="4.59416">
        <ele>509.21</ele>
      </trkpt>
      <trkpt lat="46.07429" lon="4.59446">
        <ele>501.23</ele>
      </trkpt>
      <trkpt lat="46.07398" lon="4.59549">
        <ele>494.71</ele>
      </trkpt>
      <trkpt lat="46.07386" lon="4.59571">
        <ele>488.96</ele>
      </trkpt>
      <trkpt lat="46.07368" lon="4.59595">
        <ele>486.62</ele>
      </trkpt>
      <trkpt lat="46.07315" lon="4.59643">
        <ele>483.23</ele>
      </trkpt>
      <trkpt lat="46.07303" lon="4.59643">
        <ele>480.76</ele>
      </trkpt>
      <trkpt lat="46.07267" lon="4.59634">
        <ele>476.97</ele>
      </trkpt>
      <trkpt lat="46.07268" lon="4.59592">
        <ele>474.44</ele>
      </trkpt>
      <trkpt lat="46.07277" lon="4.59564">
        <ele>473.63</ele>
      </trkpt>
      <trkpt lat="46.07287" lon="4.59552">
        <ele>471.19</ele>
      </trkpt>
      <trkpt lat="46.07305" lon="4.59538">
        <ele>468.97</ele>
      </trkpt>
      <trkpt lat="46.07306" lon="4.59528">
        <ele>465.07</ele>
      </trkpt>
      <trkpt lat="46.07302" lon="4.59524">
        <ele>465</ele>
      </trkpt>
      <trkpt lat="46.07261" lon="4.59528">
        <ele>459.86</ele>
      </trkpt>
      <trkpt lat="46.07247" lon="4.59532">
        <ele>457.77</ele>
      </trkpt>
      <trkpt lat="46.07207" lon="4.59559">
        <ele>453.19</ele>
      </trkpt>
      <trkpt lat="46.07178" lon="4.59574">
        <ele>451.68</ele>
      </trkpt>
      <trkpt lat="46.07145" lon="4.59597">
        <ele>444.94</ele>
      </trkpt>
      <trkpt lat="46.07108" lon="4.59618">
        <ele>441.53</ele>
      </trkpt>
      <trkpt lat="46.07091" lon="4.59634">
        <ele>435.3</ele>
      </trkpt>
      <trkpt lat="46.07077" lon="4.59659">
        <ele>430.65</ele>
      </trkpt>
      <trkpt lat="46.06982" lon="4.59764">
        <ele>425.87</ele>
      </trkpt>
      <trkpt lat="46.06974" lon="4.59777">
        <ele>421.44</ele>
      </trkpt>
      <trkpt lat="46.06969" lon="4.59809">
        <ele>416.98</ele>
      </trkpt>
      <trkpt lat="46.06973" lon="4.59874">
        <ele>414.68</ele>
      </trkpt>
      <trkpt lat="46.06969" lon="4.59882">
        <ele>412.64</ele>
      </trkpt>
      <trkpt lat="46.06956" lon="4.59886">
        <ele>410.83</ele>
      </trkpt>
      <trkpt lat="46.06945" lon="4.59884">
        <ele>409.5</ele>
      </trkpt>
      <trkpt lat="46.06933" lon="4.59875">
        <ele>407.73</ele>
      </trkpt>
      <trkpt lat="46.06906" lon="4.59818">
        <ele>406.05</ele>
      </trkpt>
      <trkpt lat="46.06889" lon="4.59766">
        <ele>403.44</ele>
      </trkpt>
      <trkpt lat="46.06878" lon="4.59768">
        <ele>400.67</ele>
      </trkpt>
      <trkpt lat="46.06866" lon="4.598">
        <ele>395.03</ele>
      </trkpt>
      <trkpt lat="46.06864" lon="4.59841">
        <ele>389.22</ele>
      </trkpt>
      <trkpt lat="46.06789" lon="4.59877">
        <ele>382.86</ele>
      </trkpt>
      <trkpt lat="46.06764" lon="4.59902">
        <ele>376.23</ele>
      </trkpt>
      <trkpt lat="46.06751" lon="4.59924">
        <ele>368.98</ele>
      </trkpt>
      <trkpt lat="46.0672" lon="4.59943">
        <ele>365</ele>
      </trkpt>
      <trkpt lat="46.06705" lon="4.59946">
        <ele>361.03</ele>
      </trkpt>
      <trkpt lat="46.06696" lon="4.59945">
        <ele>355.91</ele>
      </trkpt>
      <trkpt lat="46.0666" lon="4.59921">
        <ele>351.32</ele>
      </trkpt>
      <trkpt lat="46.06601" lon="4.59914">
        <ele>346.67</ele>
      </trkpt>
      <trkpt lat="46.06594" lon="4.59916">
        <ele>342.52</ele>
      </trkpt>
      <trkpt lat="46.06588" lon="4.59905">
        <ele>337.25</ele>
      </trkpt>
      <trkpt lat="46.06586" lon="4.59855">
        <ele>333.92</ele>
      </trkpt>
      <trkpt lat="46.06526" lon="4.59797">
        <ele>330.12</ele>
      </trkpt>
      <trkpt lat="46.06519" lon="4.59795">
        <ele>327.59</ele>
      </trkpt>
      <trkpt lat="46.0651" lon="4.59808">
        <ele>323.16</ele>
      </trkpt>
      <trkpt lat="46.06501" lon="4.59835">
        <ele>319.22</ele>
      </trkpt>
      <trkpt lat="46.06486" lon="4.59902">
        <ele>313.48</ele>
      </trkpt>
      <trkpt lat="46.06424" lon="4.59918">
        <ele>309.31</ele>
      </trkpt>
      <trkpt lat="46.06374" lon="4.59929">
        <ele>303.63</ele>
      </trkpt>
      <trkpt lat="46.06354" lon="4.5993">
        <ele>299.7</ele>
      </trkpt>
      <trkpt lat="46.06309" lon="4.59942">
        <ele>294.89</ele>
      </trkpt>
      <trkpt lat="46.06306" lon="4.5994">
        <ele>295.35</ele>
      </trkpt>
      <trkpt lat="46.06306" lon="4.5994">
        <ele>295.35</ele>
      </trkpt>
      <trkpt lat="46.06306" lon="4.59935">
        <ele>295.63</ele>
      </trkpt>
      <trkpt lat="46.06321" lon="4.59815">
        <ele>296.27</ele>
      </trkpt>
      <trkpt lat="46.06318" lon="4.59796">
        <ele>297.38</ele>
      </trkpt>
      <trkpt lat="46.06254" lon="4.59669">
        <ele>297.02</ele>
      </trkpt>
      <trkpt lat="46.0624" lon="4.59631">
        <ele>296.99</ele>
      </trkpt>
      <trkpt lat="46.06234" lon="4.59595">
        <ele>296</ele>
      </trkpt>
      <trkpt lat="46.06209" lon="4.59629">
        <ele>294.51</ele>
      </trkpt>
      <trkpt lat="46.06175" lon="4.59648">
        <ele>294.33</ele>
      </trkpt>
      <trkpt lat="46.06128" lon="4.59642">
        <ele>295.14</ele>
      </trkpt>
      <trkpt lat="46.0612" lon="4.59631">
        <ele>296.33</ele>
      </trkpt>
      <trkpt lat="46.06118" lon="4.59624">
        <ele>300.26</ele>
      </trkpt>
      <trkpt lat="46.06119" lon="4.59579">
        <ele>303.66</ele>
      </trkpt>
      <trkpt lat="46.06116" lon="4.59567">
        <ele>305.85</ele>
      </trkpt>
      <trkpt lat="46.06111" lon="4.59566">
        <ele>308.4</ele>
      </trkpt>
      <trkpt lat="46.06082" lon="4.59634">
        <ele>312.16</ele>
      </trkpt>
      <trkpt lat="46.06073" lon="4.5967">
        <ele>314.63</ele>
      </trkpt>
      <trkpt lat="46.06062" lon="4.59644">
        <ele>318.01</ele>
      </trkpt>
      <trkpt lat="46.06058" lon="4.59607">
        <ele>320.68</ele>
      </trkpt>
      <trkpt lat="46.06035" lon="4.59547">
        <ele>324.59</ele>
      </trkpt>
      <trkpt lat="46.06022" lon="4.59492">
        <ele>329.18</ele>
      </trkpt>
      <trkpt lat="46.06017" lon="4.59438">
        <ele>333.7</ele>
      </trkpt>
      <trkpt lat="46.06012" lon="4.59268">
        <ele>337.74</ele>
      </trkpt>
      <trkpt lat="46.06012" lon="4.59183">
        <ele>341.74</ele>
      </trkpt>
      <trkpt lat="46.05992" lon="4.59109">
        <ele>345.61</ele>
      </trkpt>
      <trkpt lat="46.05989" lon="4.59007">
        <ele>346.74</ele>
      </trkpt>
      <trkpt lat="46.05984" lon="4.58973">
        <ele>348.14</ele>
      </trkpt>
      <trkpt lat="46.05971" lon="4.58937">
        <ele>349.08</ele>
      </trkpt>
      <trkpt lat="46.05951" lon="4.589">
        <ele>350.96</ele>
      </trkpt>
      <trkpt lat="46.05921" lon="4.5886">
        <ele>351.39</ele>
      </trkpt>
      <trkpt lat="46.05903" lon="4.58842">
        <ele>352.75</ele>
      </trkpt>
      <trkpt lat="46.05897" lon="4.58832">
        <ele>352.03</ele>
      </trkpt>
      <trkpt lat="46.05899" lon="4.5882">
        <ele>351.48</ele>
      </trkpt>
      <trkpt lat="46.05904" lon="4.58813">
        <ele>350.82</ele>
      </trkpt>
      <trkpt lat="46.05928" lon="4.58791">
        <ele>350.69</ele>
      </trkpt>
      <trkpt lat="46.0594" lon="4.58772">
        <ele>351.2</ele>
      </trkpt>
      <trkpt lat="46.05945" lon="4.5876">
        <ele>353.31</ele>
      </trkpt>
      <trkpt lat="46.05948" lon="4.58728">
        <ele>356.4</ele>
      </trkpt>
      <trkpt lat="46.05946" lon="4.58664">
        <ele>358.86</ele>
      </trkpt>
      <trkpt lat="46.05943" lon="4.58641">
        <ele>362.99</ele>
      </trkpt>
      <trkpt lat="46.05938" lon="4.58636">
        <ele>365.11</ele>
      </trkpt>
      <trkpt lat="46.0593" lon="4.58646">
        <ele>369.11</ele>
      </trkpt>
      <trkpt lat="46.05908" lon="4.58549">
        <ele>372.64</ele>
      </trkpt>
      <trkpt lat="46.05864" lon="4.58498">
        <ele>376.42</ele>
      </trkpt>
      <trkpt lat="46.05819" lon="4.58424">
        <ele>378.97</ele>
      </trkpt>
      <trkpt lat="46.05816" lon="4.58423">
        <ele>382.15</ele>
      </trkpt>
      <trkpt lat="46.05804" lon="4.5843">
        <ele>382.39</ele>
      </trkpt>
      <trkpt lat="46.05799" lon="4.58427">
        <ele>383.23</ele>
      </trkpt>
      <trkpt lat="46.05793" lon="4.58375">
        <ele>385.94</ele>
      </trkpt>
      <trkpt lat="46.05779" lon="4.58321">
        <ele>388.32</ele>
      </trkpt>
      <trkpt lat="46.05753" lon="4.58273">
        <ele>390.81</ele>
      </trkpt>
      <trkpt lat="46.05731" lon="4.58241">
        <ele>396.12</ele>
      </trkpt>
      <trkpt lat="46.05712" lon="4.58204">
        <ele>399.98</ele>
      </trkpt>
      <trkpt lat="46.05708" lon="4.58208">
        <ele>403.75</ele>
      </trkpt>
      <trkpt lat="46.05687" lon="4.58282">
        <ele>408.15</ele>
      </trkpt>
      <trkpt lat="46.0567" lon="4.58327">
        <ele>412.51</ele>
      </trkpt>
      <trkpt lat="46.05668" lon="4.58348">
        <ele>415.62</ele>
      </trkpt>
      <trkpt lat="46.05688" lon="4.5854">
        <ele>419.03</ele>
      </trkpt>
      <trkpt lat="46.0568" lon="4.58551">
        <ele>420.17</ele>
      </trkpt>
      <trkpt lat="46.05651" lon="4.5856">
        <ele>420.39</ele>
      </trkpt>
      <trkpt lat="46.0563" lon="4.58564">
        <ele>420.62</ele>
      </trkpt>
      <trkpt lat="46.05625" lon="4.58557">
        <ele>421.1</ele>
      </trkpt>
      <trkpt lat="46.05609" lon="4.58523">
        <ele>423.77</ele>
      </trkpt>
      <trkpt lat="46.05597" lon="4.58488">
        <ele>427.68</ele>
      </trkpt>
      <trkpt lat="46.05584" lon="4.58399">
        <ele>432.25</ele>
      </trkpt>
      <trkpt lat="46.05582" lon="4.58356">
        <ele>436.82</ele>
      </trkpt>
      <trkpt lat="46.05576" lon="4.58314">
        <ele>440.37</ele>
      </trkpt>
      <trkpt lat="46.05564" lon="4.58264">
        <ele>443.44</ele>
      </trkpt>
      <trkpt lat="46.05519" lon="4.5812">
        <ele>442.77</ele>
      </trkpt>
      <trkpt lat="46.0551" lon="4.58108">
        <ele>443.12</ele>
      </trkpt>
      <trkpt lat="46.05488" lon="4.58087">
        <ele>443.49</ele>
      </trkpt>
      <trkpt lat="46.05456" lon="4.5806">
        <ele>444.31</ele>
      </trkpt>
      <trkpt lat="46.05433" lon="4.58032">
        <ele>445.3</ele>
      </trkpt>
      <trkpt lat="46.0541" lon="4.57986">
        <ele>448.88</ele>
      </trkpt>
      <trkpt lat="46.05399" lon="4.57932">
        <ele>450.14</ele>
      </trkpt>
      <trkpt lat="46.0538" lon="4.57908">
        <ele>450.86</ele>
      </trkpt>
      <trkpt lat="46.05362" lon="4.57906">
        <ele>450.7</ele>
      </trkpt>
      <trkpt lat="46.05349" lon="4.57897">
        <ele>448.54</ele>
      </trkpt>
      <trkpt lat="46.05341" lon="4.5787">
        <ele>445.32</ele>
      </trkpt>
      <trkpt lat="46.05325" lon="4.57833">
        <ele>442.35</ele>
      </trkpt>
      <trkpt lat="46.05319" lon="4.57827">
        <ele>439.39</ele>
      </trkpt>
      <trkpt lat="46.05308" lon="4.57801">
        <ele>436.89</ele>
      </trkpt>
      <trkpt lat="46.05274" lon="4.57763">
        <ele>433.65</ele>
      </trkpt>
      <trkpt lat="46.05253" lon="4.57744">
        <ele>431.19</ele>
      </trkpt>
      <trkpt lat="46.05215" lon="4.57686">
        <ele>428.9</ele>
      </trkpt>
      <trkpt lat="46.05201" lon="4.57627">
        <ele>426.78</ele>
      </trkpt>
      <trkpt lat="46.05193" lon="4.57606">
        <ele>424.24</ele>
      </trkpt>
      <trkpt lat="46.05166" lon="4.5757">
        <ele>421.92</ele>
      </trkpt>
      <trkpt lat="46.05131" lon="4.57538">
        <ele>420.65</ele>
      </trkpt>
      <trkpt lat="46.05116" lon="4.57519">
        <ele>420.38</ele>
      </trkpt>
      <trkpt lat="46.05091" lon="4.57466">
        <ele>420.07</ele>
      </trkpt>
      <trkpt lat="46.05075" lon="4.57416">
        <ele>420.46</ele>
      </trkpt>
      <trkpt lat="46.05062" lon="4.57346">
        <ele>420.42</ele>
      </trkpt>
      <trkpt lat="46.05056" lon="4.57295">
        <ele>421.51</ele>
      </trkpt>
      <trkpt lat="46.05066" lon="4.57253">
        <ele>423.22</ele>
      </trkpt>
      <trkpt lat="46.0509" lon="4.572">
        <ele>423.49</ele>
      </trkpt>
      <trkpt lat="46.05102" lon="4.57159">
        <ele>424.94</ele>
      </trkpt>
      <trkpt lat="46.05104" lon="4.57141">
        <ele>428.68</ele>
      </trkpt>
      <trkpt lat="46.051" lon="4.57075">
        <ele>432.47</ele>
      </trkpt>
      <trkpt lat="46.05102" lon="4.57018">
        <ele>435.42</ele>
      </trkpt>
      <trkpt lat="46.05139" lon="4.56977">
        <ele>441.28</ele>
      </trkpt>
      <trkpt lat="46.05148" lon="4.56962">
        <ele>446.98</ele>
      </trkpt>
      <trkpt lat="46.05159" lon="4.56932">
        <ele>453.03</ele>
      </trkpt>
      <trkpt lat="46.05171" lon="4.5687">
        <ele>457.99</ele>
      </trkpt>
      <trkpt lat="46.05175" lon="4.56768">
        <ele>462.54</ele>
      </trkpt>
      <trkpt lat="46.0518" lon="4.56752">
        <ele>466.66</ele>
      </trkpt>
      <trkpt lat="46.05192" lon="4.56738">
        <ele>470.76</ele>
      </trkpt>
      <trkpt lat="46.05162" lon="4.56649">
        <ele>475.54</ele>
      </trkpt>
      <trkpt lat="46.05115" lon="4.56562">
        <ele>479.89</ele>
      </trkpt>
      <trkpt lat="46.05097" lon="4.56468">
        <ele>485.96</ele>
      </trkpt>
      <trkpt lat="46.05073" lon="4.56408">
        <ele>491.73</ele>
      </trkpt>
      <trkpt lat="46.05069" lon="4.56369">
        <ele>498.25</ele>
      </trkpt>
      <trkpt lat="46.05045" lon="4.56276">
        <ele>502.85</ele>
      </trkpt>
      <trkpt lat="46.05034" lon="4.56244">
        <ele>507.84</ele>
      </trkpt>
      <trkpt lat="46.05033" lon="4.56208">
        <ele>509.82</ele>
      </trkpt>
      <trkpt lat="46.05024" lon="4.5618">
        <ele>512.68</ele>
      </trkpt>
      <trkpt lat="46.05019" lon="4.56147">
        <ele>514.87</ele>
      </trkpt>
      <trkpt lat="46.05007" lon="4.56107">
        <ele>516.51</ele>
      </trkpt>
      <trkpt lat="46.05002" lon="4.56005">
        <ele>517.57</ele>
      </trkpt>
      <trkpt lat="46.04995" lon="4.5599">
        <ele>521.72</ele>
      </trkpt>
      <trkpt lat="46.04994" lon="4.55981">
        <ele>524.65</ele>
      </trkpt>
      <trkpt lat="46.04999" lon="4.55932">
        <ele>526.85</ele>
      </trkpt>
      <trkpt lat="46.04997" lon="4.55915">
        <ele>531.46</ele>
      </trkpt>
      <trkpt lat="46.05007" lon="4.55894">
        <ele>538.15</ele>
      </trkpt>
      <trkpt lat="46.05018" lon="4.55791">
        <ele>543.17</ele>
      </trkpt>
      <trkpt lat="46.0503" lon="4.55741">
        <ele>548.87</ele>
      </trkpt>
      <trkpt lat="46.0503" lon="4.55727">
        <ele>555.72</ele>
      </trkpt>
      <trkpt lat="46.05027" lon="4.55691">
        <ele>561.17</ele>
      </trkpt>
      <trkpt lat="46.05008" lon="4.55607">
        <ele>565.01</ele>
      </trkpt>
      <trkpt lat="46.05003" lon="4.55559">
        <ele>570.17</ele>
      </trkpt>
      <trkpt lat="46.04991" lon="4.55519">
        <ele>574.81</ele>
      </trkpt>
      <trkpt lat="46.04972" lon="4.55433">
        <ele>578.27</ele>
      </trkpt>
      <trkpt lat="46.04973" lon="4.55413">
        <ele>581.26</ele>
      </trkpt>
      <trkpt lat="46.0497" lon="4.55375">
        <ele>583.97</ele>
      </trkpt>
      <trkpt lat="46.04973" lon="4.55363">
        <ele>585.24</ele>
      </trkpt>
      <trkpt lat="46.04977" lon="4.55366">
        <ele>585.14</ele>
      </trkpt>
      <trkpt lat="46.04981" lon="4.55365">
        <ele>586.02</ele>
      </trkpt>
      <trkpt lat="46.04988" lon="4.55353">
        <ele>587.87</ele>
      </trkpt>
      <trkpt lat="46.04994" lon="4.55333">
        <ele>589.06</ele>
      </trkpt>
      <trkpt lat="46.05004" lon="4.5526">
        <ele>591.39</ele>
      </trkpt>
      <trkpt lat="46.05004" lon="4.55226">
        <ele>593.98</ele>
      </trkpt>
      <trkpt lat="46.04992" lon="4.55157">
        <ele>594.32</ele>
      </trkpt>
      <trkpt lat="46.04991" lon="4.55107">
        <ele>592.86</ele>
      </trkpt>
      <trkpt lat="46.04987" lon="4.55066">
        <ele>591.72</ele>
      </trkpt>
      <trkpt lat="46.04988" lon="4.55018">
        <ele>592.69</ele>
      </trkpt>
      <trkpt lat="46.04994" lon="4.54983">
        <ele>590.16</ele>
      </trkpt>
      <trkpt lat="46.05012" lon="4.54925">
        <ele>587.73</ele>
      </trkpt>
      <trkpt lat="46.05037" lon="4.54898">
        <ele>586.18</ele>
      </trkpt>
      <trkpt lat="46.05075" lon="4.54877">
        <ele>584.58</ele>
      </trkpt>
      <trkpt lat="46.05095" lon="4.54857">
        <ele>578.76</ele>
      </trkpt>
      <trkpt lat="46.05103" lon="4.54842">
        <ele>578.23</ele>
      </trkpt>
      <trkpt lat="46.05109" lon="4.54816">
        <ele>577.36</ele>
      </trkpt>
      <trkpt lat="46.05109" lon="4.54714">
        <ele>577.86</ele>
      </trkpt>
      <trkpt lat="46.05098" lon="4.54662">
        <ele>578.94</ele>
      </trkpt>
      <trkpt lat="46.05085" lon="4.54624">
        <ele>578.95</ele>
      </trkpt>
      <trkpt lat="46.05078" lon="4.54595">
        <ele>578.39</ele>
      </trkpt>
      <trkpt lat="46.05075" lon="4.54571">
        <ele>578.43</ele>
      </trkpt>
      <trkpt lat="46.05076" lon="4.54509">
        <ele>577.44</ele>
      </trkpt>
      <trkpt lat="46.05083" lon="4.54458">
        <ele>575.89</ele>
      </trkpt>
      <trkpt lat="46.05085" lon="4.54425">
        <ele>574.65</ele>
      </trkpt>
      <trkpt lat="46.0509" lon="4.54418">
        <ele>572.67</ele>
      </trkpt>
      <trkpt lat="46.05098" lon="4.54419">
        <ele>570.33</ele>
      </trkpt>
      <trkpt lat="46.05121" lon="4.54447">
        <ele>567.81</ele>
      </trkpt>
      <trkpt lat="46.05196" lon="4.54519">
        <ele>565.79</ele>
      </trkpt>
      <trkpt lat="46.0522" lon="4.54532">
        <ele>565.9</ele>
      </trkpt>
      <trkpt lat="46.05241" lon="4.54536">
        <ele>566.83</ele>
      </trkpt>
      <trkpt lat="46.05266" lon="4.54534">
        <ele>568.83</ele>
      </trkpt>
      <trkpt lat="46.05271" lon="4.54537">
        <ele>565.83</ele>
      </trkpt>
      <trkpt lat="46.05275" lon="4.54545">
        <ele>562.24</ele>
      </trkpt>
      <trkpt lat="46.05315" lon="4.54706">
        <ele>558.44</ele>
      </trkpt>
      <trkpt lat="46.05343" lon="4.54757">
        <ele>554.59</ele>
      </trkpt>
      <trkpt lat="46.05366" lon="4.54783">
        <ele>551.76</ele>
      </trkpt>
      <trkpt lat="46.05373" lon="4.54788">
        <ele>552.63</ele>
      </trkpt>
      <trkpt lat="46.054" lon="4.54798">
        <ele>554.25</ele>
      </trkpt>
      <trkpt lat="46.05408" lon="4.54813">
        <ele>554.9</ele>
      </trkpt>
      <trkpt lat="46.05415" lon="4.54904">
        <ele>556.08</ele>
      </trkpt>
      <trkpt lat="46.05428" lon="4.54957">
        <ele>556.55</ele>
      </trkpt>
      <trkpt lat="46.05438" lon="4.54977">
        <ele>558.42</ele>
      </trkpt>
      <trkpt lat="46.0546" lon="4.55001">
        <ele>560.3</ele>
      </trkpt>
      <trkpt lat="46.0548" lon="4.55017">
        <ele>563.85</ele>
      </trkpt>
      <trkpt lat="46.05514" lon="4.55035">
        <ele>567.25</ele>
      </trkpt>
      <trkpt lat="46.05526" lon="4.55036">
        <ele>571.89</ele>
      </trkpt>
      <trkpt lat="46.05548" lon="4.55025">
        <ele>577.73</ele>
      </trkpt>
      <trkpt lat="46.0557" lon="4.55008">
        <ele>583.47</ele>
      </trkpt>
      <trkpt lat="46.05581" lon="4.54966">
        <ele>587.93</ele>
      </trkpt>
      <trkpt lat="46.05586" lon="4.54956">
        <ele>593.11</ele>
      </trkpt>
      <trkpt lat="46.05584" lon="4.54941">
        <ele>597.06</ele>
      </trkpt>
      <trkpt lat="46.05591" lon="4.54902">
        <ele>599.53</ele>
      </trkpt>
      <trkpt lat="46.05587" lon="4.54883">
        <ele>602.98</ele>
      </trkpt>
      <trkpt lat="46.05586" lon="4.54851">
        <ele>609.22</ele>
      </trkpt>
      <trkpt lat="46.05597" lon="4.54809">
        <ele>615.1</ele>
      </trkpt>
      <trkpt lat="46.05603" lon="4.54691">
        <ele>621.3</ele>
      </trkpt>
      <trkpt lat="46.0561" lon="4.54653">
        <ele>628.8</ele>
      </trkpt>
      <trkpt lat="46.0561" lon="4.54627">
        <ele>638.16</ele>
      </trkpt>
      <trkpt lat="46.05603" lon="4.54546">
        <ele>645.32</ele>
      </trkpt>
      <trkpt lat="46.05595" lon="4.54492">
        <ele>653.36</ele>
      </trkpt>
      <trkpt lat="46.05593" lon="4.54431">
        <ele>668.07</ele>
      </trkpt>
      <trkpt lat="46.05602" lon="4.54298">
        <ele>679.32</ele>
      </trkpt>
      <trkpt lat="46.05623" lon="4.54093">
        <ele>689.13</ele>
      </trkpt>
      <trkpt lat="46.05629" lon="4.54052">
        <ele>698.42</ele>
      </trkpt>
      <trkpt lat="46.05641" lon="4.53997">
        <ele>706.1</ele>
      </trkpt>
      <trkpt lat="46.0565" lon="4.53972">
        <ele>706.86</ele>
      </trkpt>
      <trkpt lat="46.0566" lon="4.53964">
        <ele>707.04</ele>
      </trkpt>
      <trkpt lat="46.05699" lon="4.53953">
        <ele>708.54</ele>
      </trkpt>
      <trkpt lat="46.05742" lon="4.53935">
        <ele>712.16</ele>
      </trkpt>
      <trkpt lat="46.05766" lon="4.5392">
        <ele>716.34</ele>
      </trkpt>
      <trkpt lat="46.05825" lon="4.53865">
        <ele>717.32</ele>
      </trkpt>
      <trkpt lat="46.05836" lon="4.53861">
        <ele>723.38</ele>
      </trkpt>
      <trkpt lat="46.05849" lon="4.5386">
        <ele>728.34</ele>
      </trkpt>
      <trkpt lat="46.05867" lon="4.53846">
        <ele>731.78</ele>
      </trkpt>
      <trkpt lat="46.059" lon="4.53816">
        <ele>733.51</ele>
      </trkpt>
      <trkpt lat="46.05926" lon="4.53787">
        <ele>739.19</ele>
      </trkpt>
      <trkpt lat="46.05924" lon="4.53765">
        <ele>741.81</ele>
      </trkpt>
      <trkpt lat="46.05916" lon="4.53754">
        <ele>741.96</ele>
      </trkpt>
      <trkpt lat="46.05895" lon="4.53753">
        <ele>742.27</ele>
      </trkpt>
      <trkpt lat="46.05853" lon="4.53742">
        <ele>743.74</ele>
      </trkpt>
      <trkpt lat="46.05818" lon="4.53728">
        <ele>747.04</ele>
      </trkpt>
      <trkpt lat="46.05798" lon="4.53706">
        <ele>750.37</ele>
      </trkpt>
      <trkpt lat="46.05761" lon="4.53647">
        <ele>753.97</ele>
      </trkpt>
      <trkpt lat="46.05751" lon="4.53607">
        <ele>753.92</ele>
      </trkpt>
      <trkpt lat="46.05751" lon="4.535">
        <ele>755.15</ele>
      </trkpt>
      <trkpt lat="46.05759" lon="4.53428">
        <ele>751.79</ele>
      </trkpt>
      <trkpt lat="46.05762" lon="4.53337">
        <ele>747.88</ele>
      </trkpt>
      <trkpt lat="46.05757" lon="4.5331">
        <ele>743.84</ele>
      </trkpt>
      <trkpt lat="46.05752" lon="4.53232">
        <ele>741.75</ele>
      </trkpt>
      <trkpt lat="46.05747" lon="4.53209">
        <ele>738.63</ele>
      </trkpt>
      <trkpt lat="46.05736" lon="4.53193">
        <ele>737.83</ele>
      </trkpt>
      <trkpt lat="46.05728" lon="4.53188">
        <ele>736.39</ele>
      </trkpt>
      <trkpt lat="46.05716" lon="4.53186">
        <ele>739.2</ele>
      </trkpt>
      <trkpt lat="46.05705" lon="4.53188">
        <ele>740.86</ele>
      </trkpt>
      <trkpt lat="46.05654" lon="4.53218">
        <ele>741.92</ele>
      </trkpt>
      <trkpt lat="46.05615" lon="4.53236">
        <ele>742</ele>
      </trkpt>
      <trkpt lat="46.05546" lon="4.53244">
        <ele>742.8</ele>
      </trkpt>
      <trkpt lat="46.0547" lon="4.53269">
        <ele>740.16</ele>
      </trkpt>
      <trkpt lat="46.05453" lon="4.53271">
        <ele>739.29</ele>
      </trkpt>
      <trkpt lat="46.05446" lon="4.53266">
        <ele>737.87</ele>
      </trkpt>
      <trkpt lat="46.05434" lon="4.53244">
        <ele>738.49</ele>
      </trkpt>
      <trkpt lat="46.05434" lon="4.53225">
        <ele>741.17</ele>
      </trkpt>
      <trkpt lat="46.05454" lon="4.53154">
        <ele>741.69</ele>
      </trkpt>
      <trkpt lat="46.05477" lon="4.53088">
        <ele>743.75</ele>
      </trkpt>
      <trkpt lat="46.055" lon="4.53037">
        <ele>742.96</ele>
      </trkpt>
      <trkpt lat="46.05525" lon="4.52962">
        <ele>741.67</ele>
      </trkpt>
      <trkpt lat="46.0555" lon="4.52863">
        <ele>738.06</ele>
      </trkpt>
      <trkpt lat="46.05555" lon="4.52831">
        <ele>735.89</ele>
      </trkpt>
      <trkpt lat="46.05582" lon="4.52707">
        <ele>728.36</ele>
      </trkpt>
      <trkpt lat="46.05607" lon="4.52618">
        <ele>721.26</ele>
      </trkpt>
      <trkpt lat="46.05637" lon="4.52559">
        <ele>715.32</ele>
      </trkpt>
      <trkpt lat="46.05709" lon="4.5243">
        <ele>711.91</ele>
      </trkpt>
      <trkpt lat="46.05721" lon="4.52399">
        <ele>707.85</ele>
      </trkpt>
      <trkpt lat="46.05722" lon="4.52365">
        <ele>707.94</ele>
      </trkpt>
      <trkpt lat="46.0572" lon="4.52346">
        <ele>709.76</ele>
      </trkpt>
      <trkpt lat="46.05704" lon="4.52263">
        <ele>707.76</ele>
      </trkpt>
      <trkpt lat="46.05677" lon="4.52167">
        <ele>704.87</ele>
      </trkpt>
      <trkpt lat="46.05655" lon="4.5211">
        <ele>703.5</ele>
      </trkpt>
      <trkpt lat="46.05641" lon="4.52089">
        <ele>701.71</ele>
      </trkpt>
      <trkpt lat="46.05625" lon="4.52077">
        <ele>699.98</ele>
      </trkpt>
      <trkpt lat="46.0561" lon="4.5207">
        <ele>700.52</ele>
      </trkpt>
      <trkpt lat="46.05597" lon="4.52068">
        <ele>700.38</ele>
      </trkpt>
      <trkpt lat="46.05577" lon="4.52076">
        <ele>701.36</ele>
      </trkpt>
      <trkpt lat="46.05499" lon="4.52135">
        <ele>703.19</ele>
      </trkpt>
      <trkpt lat="46.05432" lon="4.52179">
        <ele>706.02</ele>
      </trkpt>
      <trkpt lat="46.0538" lon="4.52205">
        <ele>707.77</ele>
      </trkpt>
      <trkpt lat="46.05367" lon="4.52206">
        <ele>710.22</ele>
      </trkpt>
      <trkpt lat="46.05341" lon="4.52202">
        <ele>703.43</ele>
      </trkpt>
      <trkpt lat="46.05329" lon="4.52194">
        <ele>696.71</ele>
      </trkpt>
      <trkpt lat="46.0526" lon="4.52162">
        <ele>693.31</ele>
      </trkpt>
      <trkpt lat="46.05255" lon="4.52167">
        <ele>691.22</ele>
      </trkpt>
      <trkpt lat="46.05244" lon="4.52197">
        <ele>690.41</ele>
      </trkpt>
      <trkpt lat="46.05235" lon="4.52255">
        <ele>696.15</ele>
      </trkpt>
      <trkpt lat="46.05219" lon="4.52297">
        <ele>696.44</ele>
      </trkpt>
      <trkpt lat="46.05196" lon="4.52347">
        <ele>699.86</ele>
      </trkpt>
      <trkpt lat="46.05178" lon="4.52378">
        <ele>702.43</ele>
      </trkpt>
      <trkpt lat="46.05136" lon="4.52424">
        <ele>700.23</ele>
      </trkpt>
      <trkpt lat="46.05125" lon="4.52428">
        <ele>699.32</ele>
      </trkpt>
      <trkpt lat="46.05113" lon="4.52422">
        <ele>703.32</ele>
      </trkpt>
      <trkpt lat="46.05057" lon="4.52343">
        <ele>701.52</ele>
      </trkpt>
      <trkpt lat="46.05032" lon="4.52318">
        <ele>697.97</ele>
      </trkpt>
      <trkpt lat="46.05014" lon="4.52312">
        <ele>693.77</ele>
      </trkpt>
      <trkpt lat="46.0496" lon="4.5231">
        <ele>687.81</ele>
      </trkpt>
      <trkpt lat="46.04926" lon="4.52304">
        <ele>682.3</ele>
      </trkpt>
      <trkpt lat="46.04896" lon="4.52317">
        <ele>676.86</ele>
      </trkpt>
      <trkpt lat="46.04867" lon="4.52322">
        <ele>673.07</ele>
      </trkpt>
      <trkpt lat="46.04849" lon="4.52336">
        <ele>674.11</ele>
      </trkpt>
      <trkpt lat="46.0484" lon="4.52339">
        <ele>676.86</ele>
      </trkpt>
      <trkpt lat="46.04819" lon="4.52333">
        <ele>678.87</ele>
      </trkpt>
      <trkpt lat="46.04813" lon="4.52322">
        <ele>680.37</ele>
      </trkpt>
      <trkpt lat="46.04805" lon="4.52295">
        <ele>680.75</ele>
      </trkpt>
      <trkpt lat="46.04788" lon="4.52186">
        <ele>676.39</ele>
      </trkpt>
      <trkpt lat="46.04768" lon="4.52143">
        <ele>671.71</ele>
      </trkpt>
      <trkpt lat="46.04765" lon="4.52126">
        <ele>667.31</ele>
      </trkpt>
      <trkpt lat="46.04769" lon="4.52107">
        <ele>664.46</ele>
      </trkpt>
      <trkpt lat="46.04779" lon="4.52093">
        <ele>662.4</ele>
      </trkpt>
      <trkpt lat="46.04801" lon="4.5203">
        <ele>665.97</ele>
      </trkpt>
      <trkpt lat="46.04807" lon="4.51932">
        <ele>667.75</ele>
      </trkpt>
      <trkpt lat="46.04813" lon="4.51907">
        <ele>670.02</ele>
      </trkpt>
      <trkpt lat="46.04831" lon="4.51866">
        <ele>667.77</ele>
      </trkpt>
      <trkpt lat="46.04844" lon="4.5181">
        <ele>665.62</ele>
      </trkpt>
      <trkpt lat="46.04868" lon="4.51754">
        <ele>661.86</ele>
      </trkpt>
      <trkpt lat="46.04876" lon="4.51746">
        <ele>658.46</ele>
      </trkpt>
      <trkpt lat="46.04904" lon="4.51703">
        <ele>653.79</ele>
      </trkpt>
      <trkpt lat="46.04917" lon="4.51675">
        <ele>651.14</ele>
      </trkpt>
      <trkpt lat="46.04926" lon="4.51652">
        <ele>648.13</ele>
      </trkpt>
      <trkpt lat="46.04927" lon="4.51625">
        <ele>644.5</ele>
      </trkpt>
      <trkpt lat="46.04924" lon="4.5161">
        <ele>640.18</ele>
      </trkpt>
      <trkpt lat="46.04915" lon="4.51594">
        <ele>633.24</ele>
      </trkpt>
      <trkpt lat="46.04855" lon="4.51511">
        <ele>626.11</ele>
      </trkpt>
      <trkpt lat="46.04842" lon="4.51486">
        <ele>618.55</ele>
      </trkpt>
      <trkpt lat="46.04834" lon="4.51433">
        <ele>610.52</ele>
      </trkpt>
      <trkpt lat="46.04834" lon="4.51377">
        <ele>600.53</ele>
      </trkpt>
      <trkpt lat="46.04829" lon="4.51337">
        <ele>593.32</ele>
      </trkpt>
      <trkpt lat="46.0481" lon="4.51259">
        <ele>584.66</ele>
      </trkpt>
      <trkpt lat="46.04797" lon="4.51225">
        <ele>571.63</ele>
      </trkpt>
      <trkpt lat="46.04765" lon="4.51169">
        <ele>562.1</ele>
      </trkpt>
      <trkpt lat="46.04707" lon="4.51144">
        <ele>555.3</ele>
      </trkpt>
      <trkpt lat="46.04681" lon="4.51141">
        <ele>546.75</ele>
      </trkpt>
      <trkpt lat="46.04656" lon="4.51147">
        <ele>538.53</ele>
      </trkpt>
      <trkpt lat="46.04641" lon="4.51148">
        <ele>538.54</ele>
      </trkpt>
      <trkpt lat="46.04613" lon="4.5116">
        <ele>536.1</ele>
      </trkpt>
      <trkpt lat="46.04586" lon="4.51188">
        <ele>532.76</ele>
      </trkpt>
      <trkpt lat="46.04574" lon="4.51176">
        <ele>532.69</ele>
      </trkpt>
      <trkpt lat="46.04556" lon="4.51143">
        <ele>533.54</ele>
      </trkpt>
      <trkpt lat="46.04551" lon="4.51139">
        <ele>531.44</ele>
      </trkpt>
      <trkpt lat="46.04535" lon="4.51135">
        <ele>525.26</ele>
      </trkpt>
      <trkpt lat="46.04506" lon="4.51133">
        <ele>521.46</ele>
      </trkpt>
      <trkpt lat="46.04479" lon="4.51125">
        <ele>517.73</ele>
      </trkpt>
      <trkpt lat="46.044" lon="4.51126">
        <ele>513.37</ele>
      </trkpt>
      <trkpt lat="46.04391" lon="4.51129">
        <ele>508.03</ele>
      </trkpt>
      <trkpt lat="46.04361" lon="4.51125">
        <ele>506.69</ele>
      </trkpt>
      <trkpt lat="46.04347" lon="4.5112">
        <ele>504.32</ele>
      </trkpt>
      <trkpt lat="46.04278" lon="4.51085">
        <ele>501.19</ele>
      </trkpt>
      <trkpt lat="46.04277" lon="4.5108">
        <ele>499.62</ele>
      </trkpt>
      <trkpt lat="46.04277" lon="4.51076">
        <ele>498.31</ele>
      </trkpt>
      <trkpt lat="46.04284" lon="4.51071">
        <ele>496.39</ele>
      </trkpt>
      <trkpt lat="46.04312" lon="4.51062">
        <ele>495.17</ele>
      </trkpt>
      <trkpt lat="46.04315" lon="4.51056">
        <ele>493.84</ele>
      </trkpt>
      <trkpt lat="46.04299" lon="4.5102">
        <ele>494.29</ele>
      </trkpt>
      <trkpt lat="46.04301" lon="4.51001">
        <ele>492.97</ele>
      </trkpt>
      <trkpt lat="46.04314" lon="4.50988">
        <ele>493.37</ele>
      </trkpt>
      <trkpt lat="46.0432" lon="4.50969">
        <ele>494.85</ele>
      </trkpt>
      <trkpt lat="46.04307" lon="4.50918">
        <ele>496.31</ele>
      </trkpt>
      <trkpt lat="46.04307" lon="4.5091">
        <ele>498.73</ele>
      </trkpt>
      <trkpt lat="46.04312" lon="4.50895">
        <ele>505.9</ele>
      </trkpt>
      <trkpt lat="46.04387" lon="4.50857">
        <ele>509.04</ele>
      </trkpt>
      <trkpt lat="46.04423" lon="4.50829">
        <ele>511.56</ele>
      </trkpt>
      <trkpt lat="46.04439" lon="4.50813">
        <ele>512.82</ele>
      </trkpt>
      <trkpt lat="46.04476" lon="4.50748">
        <ele>511.09</ele>
      </trkpt>
      <trkpt lat="46.04484" lon="4.50721">
        <ele>506.88</ele>
      </trkpt>
      <trkpt lat="46.04491" lon="4.50707">
        <ele>503.52</ele>
      </trkpt>
      <trkpt lat="46.04503" lon="4.50696">
        <ele>500.02</ele>
      </trkpt>
      <trkpt lat="46.04526" lon="4.50688">
        <ele>495.83</ele>
      </trkpt>
      <trkpt lat="46.04537" lon="4.50681">
        <ele>493.39</ele>
      </trkpt>
      <trkpt lat="46.04571" lon="4.50648">
        <ele>492.55</ele>
      </trkpt>
      <trkpt lat="46.04601" lon="4.50606">
        <ele>495.03</ele>
      </trkpt>
      <trkpt lat="46.04618" lon="4.50557">
        <ele>493.58</ele>
      </trkpt>
      <trkpt lat="46.04623" lon="4.50535">
        <ele>498.7</ele>
      </trkpt>
      <trkpt lat="46.04625" lon="4.50515">
        <ele>498.51</ele>
      </trkpt>
      <trkpt lat="46.04624" lon="4.50494">
        <ele>496.26</ele>
      </trkpt>
      <trkpt lat="46.04629" lon="4.5047">
        <ele>493.39</ele>
      </trkpt>
      <trkpt lat="46.04634" lon="4.50457">
        <ele>492.42</ele>
      </trkpt>
      <trkpt lat="46.0467" lon="4.50409">
        <ele>486.29</ele>
      </trkpt>
      <trkpt lat="46.04689" lon="4.50359">
        <ele>483.66</ele>
      </trkpt>
      <trkpt lat="46.04692" lon="4.50342">
        <ele>481.94</ele>
      </trkpt>
      <trkpt lat="46.04684" lon="4.50293">
        <ele>479.28</ele>
      </trkpt>
      <trkpt lat="46.04676" lon="4.50274">
        <ele>479.31</ele>
      </trkpt>
      <trkpt lat="46.04655" lon="4.50246">
        <ele>480.31</ele>
      </trkpt>
      <trkpt lat="46.04645" lon="4.50228">
        <ele>482.57</ele>
      </trkpt>
      <trkpt lat="46.04636" lon="4.50186">
        <ele>484.32</ele>
      </trkpt>
      <trkpt lat="46.04642" lon="4.5008">
        <ele>483.25</ele>
      </trkpt>
      <trkpt lat="46.04614" lon="4.50022">
        <ele>479.87</ele>
      </trkpt>
      <trkpt lat="46.04619" lon="4.49963">
        <ele>467.28</ele>
      </trkpt>
      <trkpt lat="46.0462" lon="4.49903">
        <ele>452.68</ele>
      </trkpt>
      <trkpt lat="46.04611" lon="4.4974">
        <ele>437.53</ele>
      </trkpt>
      <trkpt lat="46.04622" lon="4.49717">
        <ele>424.96</ele>
      </trkpt>
      <trkpt lat="46.04625" lon="4.49702">
        <ele>413.86</ele>
      </trkpt>
      <trkpt lat="46.04612" lon="4.49665">
        <ele>413.02</ele>
      </trkpt>
      <trkpt lat="46.04605" lon="4.49628">
        <ele>413.02</ele>
      </trkpt>
      <trkpt lat="46.04579" lon="4.49572">
        <ele>415.09</ele>
      </trkpt>
      <trkpt lat="46.0456" lon="4.49499">
        <ele>414.93</ele>
      </trkpt>
      <trkpt lat="46.04555" lon="4.4945">
        <ele>415.73</ele>
      </trkpt>
      <trkpt lat="46.04555" lon="4.49414">
        <ele>414.88</ele>
      </trkpt>
      <trkpt lat="46.04562" lon="4.49349">
        <ele>414.03</ele>
      </trkpt>
      <trkpt lat="46.0456" lon="4.49325">
        <ele>411.27</ele>
      </trkpt>
      <trkpt lat="46.04551" lon="4.49296">
        <ele>410.9</ele>
      </trkpt>
      <trkpt lat="46.04538" lon="4.49275">
        <ele>407.71</ele>
      </trkpt>
      <trkpt lat="46.04488" lon="4.49227">
        <ele>405.23</ele>
      </trkpt>
      <trkpt lat="46.04452" lon="4.492">
        <ele>402.9</ele>
      </trkpt>
      <trkpt lat="46.04441" lon="4.49195">
        <ele>401.32</ele>
      </trkpt>
      <trkpt lat="46.04426" lon="4.49179">
        <ele>398.1</ele>
      </trkpt>
      <trkpt lat="46.04416" lon="4.49174">
        <ele>395.01</ele>
      </trkpt>
      <trkpt lat="46.04394" lon="4.49157">
        <ele>392.31</ele>
      </trkpt>
      <trkpt lat="46.04369" lon="4.49117">
        <ele>390.07</ele>
      </trkpt>
      <trkpt lat="46.04349" lon="4.49112">
        <ele>389.27</ele>
      </trkpt>
      <trkpt lat="46.04315" lon="4.49119">
        <ele>390.23</ele>
      </trkpt>
      <trkpt lat="46.04294" lon="4.49128">
        <ele>390.44</ele>
      </trkpt>
      <trkpt lat="46.04234" lon="4.49165">
        <ele>389.02</ele>
      </trkpt>
      <trkpt lat="46.04141" lon="4.49161">
        <ele>387.75</ele>
      </trkpt>
      <trkpt lat="46.04121" lon="4.49166">
        <ele>383</ele>
      </trkpt>
      <trkpt lat="46.04117" lon="4.49163">
        <ele>378.93</ele>
      </trkpt>
      <trkpt lat="46.04108" lon="4.49141">
        <ele>376.13</ele>
      </trkpt>
      <trkpt lat="46.04099" lon="4.49135">
        <ele>373.09</ele>
      </trkpt>
      <trkpt lat="46.04083" lon="4.49134">
        <ele>368.67</ele>
      </trkpt>
      <trkpt lat="46.04064" lon="4.4914">
        <ele>368.71</ele>
      </trkpt>
      <trkpt lat="46.04056" lon="4.49117">
        <ele>366.34</ele>
      </trkpt>
      <trkpt lat="46.04043" lon="4.49124">
        <ele>364.54</ele>
      </trkpt>
      <trkpt lat="46.04028" lon="4.49127">
        <ele>363.27</ele>
      </trkpt>
      <trkpt lat="46.04007" lon="4.4912">
        <ele>362.97</ele>
      </trkpt>
      <trkpt lat="46.03997" lon="4.49112">
        <ele>359.92</ele>
      </trkpt>
      <trkpt lat="46.0398" lon="4.49105">
        <ele>358.51</ele>
      </trkpt>
      <trkpt lat="46.03955" lon="4.49101">
        <ele>357.82</ele>
      </trkpt>
      <trkpt lat="46.03942" lon="4.49095">
        <ele>357.23</ele>
      </trkpt>
      <trkpt lat="46.03933" lon="4.49072">
        <ele>356.85</ele>
      </trkpt>
      <trkpt lat="46.03926" lon="4.49021">
        <ele>356.56</ele>
      </trkpt>
      <trkpt lat="46.03915" lon="4.48998">
        <ele>357.6</ele>
      </trkpt>
      <trkpt lat="46.03906" lon="4.48987">
        <ele>358.33</ele>
      </trkpt>
      <trkpt lat="46.03884" lon="4.48984">
        <ele>358.59</ele>
      </trkpt>
      <trkpt lat="46.03884" lon="4.48971">
        <ele>359.94</ele>
      </trkpt>
      <trkpt lat="46.03876" lon="4.48967">
        <ele>364.01</ele>
      </trkpt>
      <trkpt lat="46.03849" lon="4.48974">
        <ele>365.17</ele>
      </trkpt>
      <trkpt lat="46.03836" lon="4.48981">
        <ele>365.71</ele>
      </trkpt>
      <trkpt lat="46.03821" lon="4.48993">
        <ele>369.44</ele>
      </trkpt>
      <trkpt lat="46.03794" lon="4.49007">
        <ele>373.56</ele>
      </trkpt>
      <trkpt lat="46.03732" lon="4.49">
        <ele>374.9</ele>
      </trkpt>
      <trkpt lat="46.03725" lon="4.48993">
        <ele>379.76</ele>
      </trkpt>
      <trkpt lat="46.0373" lon="4.48959">
        <ele>391.23</ele>
      </trkpt>
      <trkpt lat="46.03722" lon="4.489">
        <ele>402.3</ele>
      </trkpt>
      <trkpt lat="46.0375" lon="4.48698">
        <ele>410.91</ele>
      </trkpt>
      <trkpt lat="46.03774" lon="4.48608">
        <ele>422.52</ele>
      </trkpt>
      <trkpt lat="46.0378" lon="4.48577">
        <ele>430.02</ele>
      </trkpt>
      <trkpt lat="46.03784" lon="4.48527">
        <ele>434.04</ele>
      </trkpt>
      <trkpt lat="46.03795" lon="4.48495">
        <ele>436.3</ele>
      </trkpt>
      <trkpt lat="46.03803" lon="4.48478">
        <ele>439.41</ele>
      </trkpt>
      <trkpt lat="46.03808" lon="4.48473">
        <ele>439.22</ele>
      </trkpt>
      <trkpt lat="46.03809" lon="4.48464">
        <ele>443.26</ele>
      </trkpt>
      <trkpt lat="46.038" lon="4.48464">
        <ele>445.13</ele>
      </trkpt>
      <trkpt lat="46.03799" lon="4.48395">
        <ele>448.7</ele>
      </trkpt>
      <trkpt lat="46.03796" lon="4.48373">
        <ele>452.67</ele>
      </trkpt>
      <trkpt lat="46.03768" lon="4.48246">
        <ele>457.79</ele>
      </trkpt>
      <trkpt lat="46.03749" lon="4.48186">
        <ele>461.4</ele>
      </trkpt>
      <trkpt lat="46.0374" lon="4.48148">
        <ele>464.14</ele>
      </trkpt>
      <trkpt lat="46.03739" lon="4.48106">
        <ele>465.22</ele>
      </trkpt>
      <trkpt lat="46.03749" lon="4.48066">
        <ele>463.64</ele>
      </trkpt>
      <trkpt lat="46.038" lon="4.47951">
        <ele>461.46</ele>
      </trkpt>
      <trkpt lat="46.03808" lon="4.47937">
        <ele>458.77</ele>
      </trkpt>
      <trkpt lat="46.03851" lon="4.479">
        <ele>456.99</ele>
      </trkpt>
      <trkpt lat="46.03849" lon="4.47896">
        <ele>454.64</ele>
      </trkpt>
      <trkpt lat="46.03852" lon="4.47891">
        <ele>454.3</ele>
      </trkpt>
      <trkpt lat="46.03873" lon="4.47875">
        <ele>453.37</ele>
      </trkpt>
      <trkpt lat="46.03882" lon="4.47863">
        <ele>452.56</ele>
      </trkpt>
      <trkpt lat="46.0389" lon="4.47857">
        <ele>451.67</ele>
      </trkpt>
      <trkpt lat="46.03898" lon="4.47835">
        <ele>451.31</ele>
      </trkpt>
      <trkpt lat="46.03899" lon="4.4782">
        <ele>453.22</ele>
      </trkpt>
      <trkpt lat="46.03892" lon="4.47797">
        <ele>455.31</ele>
      </trkpt>
      <trkpt lat="46.03874" lon="4.4778">
        <ele>458.38</ele>
      </trkpt>
      <trkpt lat="46.03846" lon="4.47744">
        <ele>462.59</ele>
      </trkpt>
      <trkpt lat="46.03806" lon="4.47673">
        <ele>466.05</ele>
      </trkpt>
      <trkpt lat="46.03785" lon="4.47618">
        <ele>472.1</ele>
      </trkpt>
      <trkpt lat="46.0379" lon="4.47605">
        <ele>468.92</ele>
      </trkpt>
      <trkpt lat="46.0379" lon="4.47605">
        <ele>468.92</ele>
      </trkpt>
      <trkpt lat="46.03784" lon="4.47575">
        <ele>473.46</ele>
      </trkpt>
      <trkpt lat="46.03777" lon="4.47576">
        <ele>466.92</ele>
      </trkpt>
      <trkpt lat="46.03755" lon="4.47567">
        <ele>461.22</ele>
      </trkpt>
      <trkpt lat="46.03704" lon="4.47505">
        <ele>453.79</ele>
      </trkpt>
      <trkpt lat="46.0365" lon="4.47448">
        <ele>444.72</ele>
      </trkpt>
      <trkpt lat="46.03613" lon="4.47405">
        <ele>437.62</ele>
      </trkpt>
      <trkpt lat="46.0359" lon="4.47391">
        <ele>433.04</ele>
      </trkpt>
      <trkpt lat="46.03574" lon="4.47375">
        <ele>427.96</ele>
      </trkpt>
      <trkpt lat="46.03576" lon="4.47327">
        <ele>424.45</ele>
      </trkpt>
      <trkpt lat="46.03596" lon="4.47175">
        <ele>421.88</ele>
      </trkpt>
      <trkpt lat="46.03598" lon="4.47153">
        <ele>418.04</ele>
      </trkpt>
      <trkpt lat="46.03596" lon="4.47133">
        <ele>412.68</ele>
      </trkpt>
      <trkpt lat="46.03553" lon="4.47019">
        <ele>410.94</ele>
      </trkpt>
      <trkpt lat="46.0352" lon="4.46851">
        <ele>408.24</ele>
      </trkpt>
      <trkpt lat="46.03515" lon="4.46807">
        <ele>406.35</ele>
      </trkpt>
      <trkpt lat="46.03512" lon="4.46736">
        <ele>405.21</ele>
      </trkpt>
      <trkpt lat="46.035" lon="4.46705">
        <ele>406.05</ele>
      </trkpt>
      <trkpt lat="46.03497" lon="4.46691">
        <ele>408.73</ele>
      </trkpt>
      <trkpt lat="46.03455" lon="4.46652">
        <ele>408.9</ele>
      </trkpt>
      <trkpt lat="46.03445" lon="4.46651">
        <ele>413.61</ele>
      </trkpt>
      <trkpt lat="46.03436" lon="4.46657">
        <ele>418.48</ele>
      </trkpt>
      <trkpt lat="46.03419" lon="4.46684">
        <ele>423.73</ele>
      </trkpt>
      <trkpt lat="46.03414" lon="4.46685">
        <ele>427.61</ele>
      </trkpt>
      <trkpt lat="46.03391" lon="4.46634">
        <ele>435.55</ele>
      </trkpt>
      <trkpt lat="46.0336" lon="4.46597">
        <ele>440.79</ele>
      </trkpt>
      <trkpt lat="46.03326" lon="4.46583">
        <ele>445.75</ele>
      </trkpt>
      <trkpt lat="46.03291" lon="4.46555">
        <ele>449.45</ele>
      </trkpt>
      <trkpt lat="46.03286" lon="4.46544">
        <ele>457.17</ele>
      </trkpt>
      <trkpt lat="46.03268" lon="4.46527">
        <ele>463.59</ele>
      </trkpt>
      <trkpt lat="46.03155" lon="4.464">
        <ele>468.12</ele>
      </trkpt>
      <trkpt lat="46.03146" lon="4.4637">
        <ele>473.25</ele>
      </trkpt>
      <trkpt lat="46.03142" lon="4.46369">
        <ele>478.63</ele>
      </trkpt>
      <trkpt lat="46.03138" lon="4.46379">
        <ele>479.7</ele>
      </trkpt>
      <trkpt lat="46.03135" lon="4.46381">
        <ele>481.22</ele>
      </trkpt>
      <trkpt lat="46.03118" lon="4.46369">
        <ele>482.5</ele>
      </trkpt>
      <trkpt lat="46.03088" lon="4.46364">
        <ele>483.77</ele>
      </trkpt>
      <trkpt lat="46.03058" lon="4.46347">
        <ele>484.91</ele>
      </trkpt>
      <trkpt lat="46.03036" lon="4.46293">
        <ele>486.42</ele>
      </trkpt>
      <trkpt lat="46.03023" lon="4.46277">
        <ele>486.48</ele>
      </trkpt>
      <trkpt lat="46.03001" lon="4.46256">
        <ele>488.32</ele>
      </trkpt>
      <trkpt lat="46.02989" lon="4.46252">
        <ele>490.95</ele>
      </trkpt>
      <trkpt lat="46.02976" lon="4.46251">
        <ele>493.24</ele>
      </trkpt>
      <trkpt lat="46.02917" lon="4.46271">
        <ele>495.44</ele>
      </trkpt>
      <trkpt lat="46.0291" lon="4.4627">
        <ele>498.41</ele>
      </trkpt>
      <trkpt lat="46.029" lon="4.4626">
        <ele>500.77</ele>
      </trkpt>
      <trkpt lat="46.02896" lon="4.46249">
        <ele>501.58</ele>
      </trkpt>
      <trkpt lat="46.02899" lon="4.46222">
        <ele>502.75</ele>
      </trkpt>
      <trkpt lat="46.02913" lon="4.46205">
        <ele>503.62</ele>
      </trkpt>
      <trkpt lat="46.02914" lon="4.462">
        <ele>506.85</ele>
      </trkpt>
      <trkpt lat="46.02903" lon="4.46176">
        <ele>510.37</ele>
      </trkpt>
      <trkpt lat="46.02826" lon="4.46083">
        <ele>513.97</ele>
      </trkpt>
      <trkpt lat="46.02809" lon="4.46054">
        <ele>518.35</ele>
      </trkpt>
      <trkpt lat="46.02784" lon="4.4603">
        <ele>523.86</ele>
      </trkpt>
      <trkpt lat="46.02774" lon="4.46012">
        <ele>527.37</ele>
      </trkpt>
      <trkpt lat="46.02762" lon="4.46003">
        <ele>530.19</ele>
      </trkpt>
      <trkpt lat="46.02735" lon="4.45991">
        <ele>535.79</ele>
      </trkpt>
      <trkpt lat="46.02725" lon="4.45981">
        <ele>543.22</ele>
      </trkpt>
      <trkpt lat="46.02642" lon="4.4586">
        <ele>546.27</ele>
      </trkpt>
      <trkpt lat="46.02623" lon="4.45848">
        <ele>551.85</ele>
      </trkpt>
      <trkpt lat="46.02598" lon="4.45841">
        <ele>556.5</ele>
      </trkpt>
      <trkpt lat="46.02595" lon="4.45838">
        <ele>560.14</ele>
      </trkpt>
      <trkpt lat="46.02592" lon="4.45823">
        <ele>560.81</ele>
      </trkpt>
      <trkpt lat="46.02567" lon="4.45797">
        <ele>565.05</ele>
      </trkpt>
      <trkpt lat="46.02556" lon="4.4579">
        <ele>568.38</ele>
      </trkpt>
      <trkpt lat="46.02524" lon="4.45747">
        <ele>572.55</ele>
      </trkpt>
      <trkpt lat="46.02501" lon="4.45724">
        <ele>577.12</ele>
      </trkpt>
      <trkpt lat="46.02442" lon="4.45705">
        <ele>583.08</ele>
      </trkpt>
      <trkpt lat="46.02384" lon="4.45705">
        <ele>589.42</ele>
      </trkpt>
      <trkpt lat="46.02354" lon="4.45701">
        <ele>594.83</ele>
      </trkpt>
      <trkpt lat="46.02347" lon="4.45698">
        <ele>598.16</ele>
      </trkpt>
      <trkpt lat="46.02346" lon="4.45676">
        <ele>601.46</ele>
      </trkpt>
      <trkpt lat="46.02348" lon="4.45661">
        <ele>603.59</ele>
      </trkpt>
      <trkpt lat="46.02356" lon="4.45636">
        <ele>604.88</ele>
      </trkpt>
      <trkpt lat="46.02367" lon="4.45619">
        <ele>608.86</ele>
      </trkpt>
      <trkpt lat="46.02385" lon="4.45579">
        <ele>614.19</ele>
      </trkpt>
      <trkpt lat="46.02393" lon="4.455">
        <ele>618.38</ele>
      </trkpt>
      <trkpt lat="46.02389" lon="4.45496">
        <ele>622.62</ele>
      </trkpt>
      <trkpt lat="46.02405" lon="4.45476">
        <ele>627.36</ele>
      </trkpt>
      <trkpt lat="46.02415" lon="4.45454">
        <ele>628.17</ele>
      </trkpt>
      <trkpt lat="46.02421" lon="4.45433">
        <ele>629.33</ele>
      </trkpt>
      <trkpt lat="46.02424" lon="4.45407">
        <ele>630.09</ele>
      </trkpt>
      <trkpt lat="46.02423" lon="4.4536">
        <ele>631.53</ele>
      </trkpt>
      <trkpt lat="46.02416" lon="4.4533">
        <ele>631.88</ele>
      </trkpt>
      <trkpt lat="46.02402" lon="4.45306">
        <ele>631.93</ele>
      </trkpt>
      <trkpt lat="46.02396" lon="4.45288">
        <ele>631.72</ele>
      </trkpt>
      <trkpt lat="46.02366" lon="4.45253">
        <ele>631.93</ele>
      </trkpt>
      <trkpt lat="46.02347" lon="4.45235">
        <ele>631.68</ele>
      </trkpt>
      <trkpt lat="46.02289" lon="4.45189">
        <ele>631.6</ele>
      </trkpt>
      <trkpt lat="46.02225" lon="4.45116">
        <ele>632.1</ele>
      </trkpt>
      <trkpt lat="46.02206" lon="4.45102">
        <ele>633.29</ele>
      </trkpt>
      <trkpt lat="46.02165" lon="4.45061">
        <ele>632.98</ele>
      </trkpt>
      <trkpt lat="46.02134" lon="4.45022">
        <ele>630.48</ele>
      </trkpt>
      <trkpt lat="46.02116" lon="4.44984">
        <ele>627.02</ele>
      </trkpt>
      <trkpt lat="46.02103" lon="4.44926">
        <ele>625.41</ele>
      </trkpt>
      <trkpt lat="46.02104" lon="4.44907">
        <ele>620.6</ele>
      </trkpt>
      <trkpt lat="46.02112" lon="4.44893">
        <ele>619.93</ele>
      </trkpt>
      <trkpt lat="46.0214" lon="4.44863">
        <ele>620.43</ele>
      </trkpt>
      <trkpt lat="46.02146" lon="4.4485">
        <ele>623.15</ele>
      </trkpt>
      <trkpt lat="46.02144" lon="4.44821">
        <ele>621.07</ele>
      </trkpt>
      <trkpt lat="46.02115" lon="4.4473">
        <ele>621.21</ele>
      </trkpt>
      <trkpt lat="46.02049" lon="4.44588">
        <ele>617.91</ele>
      </trkpt>
      <trkpt lat="46.02026" lon="4.4453">
        <ele>615.32</ele>
      </trkpt>
      <trkpt lat="46.02019" lon="4.44502">
        <ele>610.79</ele>
      </trkpt>
      <trkpt lat="46.02014" lon="4.44454">
        <ele>609.02</ele>
      </trkpt>
      <trkpt lat="46.02016" lon="4.44424">
        <ele>607.08</ele>
      </trkpt>
      <trkpt lat="46.02014" lon="4.44388">
        <ele>604.74</ele>
      </trkpt>
      <trkpt lat="46.02015" lon="4.44345">
        <ele>602.74</ele>
      </trkpt>
      <trkpt lat="46.02012" lon="4.44281">
        <ele>597.21</ele>
      </trkpt>
      <trkpt lat="46.02009" lon="4.44261">
        <ele>591.64</ele>
      </trkpt>
      <trkpt lat="46.0201" lon="4.44151">
        <ele>587.09</ele>
      </trkpt>
      <trkpt lat="46.02006" lon="4.4414">
        <ele>582.83</ele>
      </trkpt>
      <trkpt lat="46.01998" lon="4.44131">
        <ele>578.68</ele>
      </trkpt>
      <trkpt lat="46.01996" lon="4.44111">
        <ele>579.25</ele>
      </trkpt>
      <trkpt lat="46.01973" lon="4.44099">
        <ele>581.95</ele>
      </trkpt>
      <trkpt lat="46.01952" lon="4.44071">
        <ele>586.33</ele>
      </trkpt>
      <trkpt lat="46.01926" lon="4.44063">
        <ele>590.71</ele>
      </trkpt>
      <trkpt lat="46.01906" lon="4.44054">
        <ele>595.57</ele>
      </trkpt>
      <trkpt lat="46.01868" lon="4.4403">
        <ele>604.29</ele>
      </trkpt>
      <trkpt lat="46.01827" lon="4.44011">
        <ele>614.21</ele>
      </trkpt>
      <trkpt lat="46.01779" lon="4.4398">
        <ele>622.7</ele>
      </trkpt>
      <trkpt lat="46.01715" lon="4.43944">
        <ele>628.78</ele>
      </trkpt>
      <trkpt lat="46.01687" lon="4.43939">
        <ele>634.74</ele>
      </trkpt>
      <trkpt lat="46.01673" lon="4.43928">
        <ele>636.52</ele>
      </trkpt>
      <trkpt lat="46.01659" lon="4.43925">
        <ele>636.6</ele>
      </trkpt>
      <trkpt lat="46.01649" lon="4.43932">
        <ele>635.34</ele>
      </trkpt>
      <trkpt lat="46.01657" lon="4.43995">
        <ele>636.74</ele>
      </trkpt>
      <trkpt lat="46.01648" lon="4.44041">
        <ele>637.54</ele>
      </trkpt>
      <trkpt lat="46.01634" lon="4.44073">
        <ele>638.25</ele>
      </trkpt>
      <trkpt lat="46.01613" lon="4.44112">
        <ele>638.23</ele>
      </trkpt>
      <trkpt lat="46.01602" lon="4.44083">
        <ele>640.11</ele>
      </trkpt>
      <trkpt lat="46.01584" lon="4.44056">
        <ele>643.24</ele>
      </trkpt>
      <trkpt lat="46.01565" lon="4.44011">
        <ele>645.42</ele>
      </trkpt>
      <trkpt lat="46.01554" lon="4.43968">
        <ele>648.7</ele>
      </trkpt>
      <trkpt lat="46.01545" lon="4.43953">
        <ele>652.74</ele>
      </trkpt>
      <trkpt lat="46.01527" lon="4.43942">
        <ele>654.59</ele>
      </trkpt>
      <trkpt lat="46.01507" lon="4.43946">
        <ele>657.91</ele>
      </trkpt>
      <trkpt lat="46.01466" lon="4.43937">
        <ele>662.45</ele>
      </trkpt>
      <trkpt lat="46.01454" lon="4.43928">
        <ele>666.47</ele>
      </trkpt>
      <trkpt lat="46.01442" lon="4.43907">
        <ele>671.16</ele>
      </trkpt>
      <trkpt lat="46.01435" lon="4.43865">
        <ele>679.76</ele>
      </trkpt>
      <trkpt lat="46.01432" lon="4.43812">
        <ele>685.41</ele>
      </trkpt>
      <trkpt lat="46.01447" lon="4.43766">
        <ele>690.1</ele>
      </trkpt>
      <trkpt lat="46.01441" lon="4.43756">
        <ele>695.36</ele>
      </trkpt>
      <trkpt lat="46.01438" lon="4.43725">
        <ele>699.31</ele>
      </trkpt>
      <trkpt lat="46.0143" lon="4.43694">
        <ele>700.73</ele>
      </trkpt>
      <trkpt lat="46.01421" lon="4.43627">
        <ele>702.46</ele>
      </trkpt>
      <trkpt lat="46.01429" lon="4.43588">
        <ele>707.38</ele>
      </trkpt>
      <trkpt lat="46.01427" lon="4.43553">
        <ele>709.85</ele>
      </trkpt>
      <trkpt lat="46.01433" lon="4.43482">
        <ele>713.62</ele>
      </trkpt>
      <trkpt lat="46.01448" lon="4.43424">
        <ele>717.91</ele>
      </trkpt>
      <trkpt lat="46.01461" lon="4.43384">
        <ele>722.99</ele>
      </trkpt>
      <trkpt lat="46.01462" lon="4.4334">
        <ele>726.77</ele>
      </trkpt>
      <trkpt lat="46.01472" lon="4.43319">
        <ele>732.44</ele>
      </trkpt>
      <trkpt lat="46.01482" lon="4.43276">
        <ele>736.57</ele>
      </trkpt>
      <trkpt lat="46.01492" lon="4.43251">
        <ele>740.57</ele>
      </trkpt>
      <trkpt lat="46.01497" lon="4.43225">
        <ele>743.69</ele>
      </trkpt>
      <trkpt lat="46.0152" lon="4.43169">
        <ele>746.27</ele>
      </trkpt>
      <trkpt lat="46.01522" lon="4.4311">
        <ele>749.79</ele>
      </trkpt>
      <trkpt lat="46.0158" lon="4.43023">
        <ele>752.66</ele>
      </trkpt>
      <trkpt lat="46.01665" lon="4.42955">
        <ele>755.51</ele>
      </trkpt>
      <trkpt lat="46.01709" lon="4.42904">
        <ele>760.22</ele>
      </trkpt>
      <trkpt lat="46.01739" lon="4.42858">
        <ele>764.43</ele>
      </trkpt>
      <trkpt lat="46.0175" lon="4.42822">
        <ele>768.47</ele>
      </trkpt>
      <trkpt lat="46.01772" lon="4.42784">
        <ele>772.87</ele>
      </trkpt>
      <trkpt lat="46.01779" lon="4.4271">
        <ele>773.89</ele>
      </trkpt>
      <trkpt lat="46.01793" lon="4.42675">
        <ele>772.65</ele>
      </trkpt>
      <trkpt lat="46.01833" lon="4.42605">
        <ele>769.42</ele>
      </trkpt>
      <trkpt lat="46.01846" lon="4.4259">
        <ele>763.95</ele>
      </trkpt>
      <trkpt lat="46.01863" lon="4.42561">
        <ele>757.48</ele>
      </trkpt>
      <trkpt lat="46.01879" lon="4.42514">
        <ele>754.18</ele>
      </trkpt>
      <trkpt lat="46.01889" lon="4.42474">
        <ele>752.01</ele>
      </trkpt>
      <trkpt lat="46.01891" lon="4.42439">
        <ele>751.69</ele>
      </trkpt>
      <trkpt lat="46.01896" lon="4.42415">
        <ele>751.53</ele>
      </trkpt>
      <trkpt lat="46.01898" lon="4.42361">
        <ele>752.73</ele>
      </trkpt>
      <trkpt lat="46.01895" lon="4.42337">
        <ele>751.54</ele>
      </trkpt>
      <trkpt lat="46.01889" lon="4.42316">
        <ele>751.79</ele>
      </trkpt>
      <trkpt lat="46.01874" lon="4.42141">
        <ele>749.95</ele>
      </trkpt>
      <trkpt lat="46.0188" lon="4.42074">
        <ele>750.57</ele>
      </trkpt>
      <trkpt lat="46.01904" lon="4.42007">
        <ele>746.26</ele>
      </trkpt>
      <trkpt lat="46.01932" lon="4.41962">
        <ele>743.5</ele>
      </trkpt>
      <trkpt lat="46.02003" lon="4.41867">
        <ele>738.01</ele>
      </trkpt>
      <trkpt lat="46.02045" lon="4.41838">
        <ele>732.57</ele>
      </trkpt>
      <trkpt lat="46.0205" lon="4.41783">
        <ele>728.47</ele>
      </trkpt>
      <trkpt lat="46.02037" lon="4.41699">
        <ele>730.35</ele>
      </trkpt>
      <trkpt lat="46.02034" lon="4.41623">
        <ele>734.13</ele>
      </trkpt>
      <trkpt lat="46.02037" lon="4.41597">
        <ele>739.89</ele>
      </trkpt>
      <trkpt lat="46.02037" lon="4.41563">
        <ele>748.08</ele>
      </trkpt>
      <trkpt lat="46.02026" lon="4.41512">
        <ele>749.72</ele>
      </trkpt>
      <trkpt lat="46.02014" lon="4.41484">
        <ele>748.38</ele>
      </trkpt>
      <trkpt lat="46.01998" lon="4.41457">
        <ele>744.99</ele>
      </trkpt>
      <trkpt lat="46.01967" lon="4.41388">
        <ele>740.33</ele>
      </trkpt>
      <trkpt lat="46.01951" lon="4.41341">
        <ele>734</ele>
      </trkpt>
      <trkpt lat="46.01935" lon="4.41282">
        <ele>731.17</ele>
      </trkpt>
      <trkpt lat="46.01925" lon="4.41272">
        <ele>728.9</ele>
      </trkpt>
      <trkpt lat="46.01916" lon="4.41267">
        <ele>723</ele>
      </trkpt>
      <trkpt lat="46.01902" lon="4.41266">
        <ele>715.86</ele>
      </trkpt>
      <trkpt lat="46.01835" lon="4.41197">
        <ele>709.09</ele>
      </trkpt>
      <trkpt lat="46.0181" lon="4.41124">
        <ele>702.06</ele>
      </trkpt>
      <trkpt lat="46.01791" lon="4.41083">
        <ele>696.17</ele>
      </trkpt>
      <trkpt lat="46.01781" lon="4.41085">
        <ele>693.68</ele>
      </trkpt>
      <trkpt lat="46.01768" lon="4.41068">
        <ele>693.08</ele>
      </trkpt>
      <trkpt lat="46.0174" lon="4.40978">
        <ele>693.68</ele>
      </trkpt>
      <trkpt lat="46.01694" lon="4.40864">
        <ele>694.17</ele>
      </trkpt>
      <trkpt lat="46.01673" lon="4.40839">
        <ele>695.2</ele>
      </trkpt>
      <trkpt lat="46.01659" lon="4.40817">
        <ele>696.35</ele>
      </trkpt>
      <trkpt lat="46.01629" lon="4.40723">
        <ele>695.88</ele>
      </trkpt>
      <trkpt lat="46.01616" lon="4.40673">
        <ele>694.88</ele>
      </trkpt>
      <trkpt lat="46.01572" lon="4.40629">
        <ele>692.92</ele>
      </trkpt>
      <trkpt lat="46.0155" lon="4.40598">
        <ele>689.25</ele>
      </trkpt>
      <trkpt lat="46.01524" lon="4.40544">
        <ele>684.91</ele>
      </trkpt>
      <trkpt lat="46.01472" lon="4.4047">
        <ele>679.74</ele>
      </trkpt>
      <trkpt lat="46.01443" lon="4.40443">
        <ele>673.31</ele>
      </trkpt>
      <trkpt lat="46.01422" lon="4.40404">
        <ele>668.73</ele>
      </trkpt>
      <trkpt lat="46.01402" lon="4.40388">
        <ele>664.92</ele>
      </trkpt>
      <trkpt lat="46.01375" lon="4.4029">
        <ele>662.25</ele>
      </trkpt>
      <trkpt lat="46.0136" lon="4.40262">
        <ele>660.92</ele>
      </trkpt>
      <trkpt lat="46.0135" lon="4.40235">
        <ele>659.39</ele>
      </trkpt>
      <trkpt lat="46.01328" lon="4.4014">
        <ele>656.16</ele>
      </trkpt>
      <trkpt lat="46.01331" lon="4.40057">
        <ele>652.29</ele>
      </trkpt>
      <trkpt lat="46.01329" lon="4.40021">
        <ele>646.79</ele>
      </trkpt>
      <trkpt lat="46.01323" lon="4.4">
        <ele>641.08</ele>
      </trkpt>
      <trkpt lat="46.01253" lon="4.39919">
        <ele>636.19</ele>
      </trkpt>
      <trkpt lat="46.01227" lon="4.399">
        <ele>631.48</ele>
      </trkpt>
      <trkpt lat="46.01185" lon="4.39852">
        <ele>627.44</ele>
      </trkpt>
      <trkpt lat="46.01171" lon="4.3984">
        <ele>624.72</ele>
      </trkpt>
      <trkpt lat="46.01161" lon="4.39839">
        <ele>622.22</ele>
      </trkpt>
      <trkpt lat="46.01149" lon="4.39802">
        <ele>620.17</ele>
      </trkpt>
      <trkpt lat="46.01139" lon="4.39793">
        <ele>618.36</ele>
      </trkpt>
      <trkpt lat="46.01112" lon="4.39791">
        <ele>616.16</ele>
      </trkpt>
      <trkpt lat="46.01039" lon="4.39761">
        <ele>613.77</ele>
      </trkpt>
      <trkpt lat="46.01011" lon="4.39736">
        <ele>611.59</ele>
      </trkpt>
      <trkpt lat="46.00928" lon="4.39624">
        <ele>608.87</ele>
      </trkpt>
      <trkpt lat="46.00895" lon="4.39536">
        <ele>604.63</ele>
      </trkpt>
      <trkpt lat="46.00881" lon="4.39434">
        <ele>598.76</ele>
      </trkpt>
      <trkpt lat="46.00799" lon="4.39222">
        <ele>591.19</ele>
      </trkpt>
      <trkpt lat="46.00786" lon="4.39146">
        <ele>582.12</ele>
      </trkpt>
      <trkpt lat="46.00731" lon="4.39027">
        <ele>573.4</ele>
      </trkpt>
      <trkpt lat="46.00665" lon="4.38908">
        <ele>566.99</ele>
      </trkpt>
      <trkpt lat="46.00649" lon="4.38864">
        <ele>562.39</ele>
      </trkpt>
      <trkpt lat="46.00636" lon="4.38847">
        <ele>559.63</ele>
      </trkpt>
      <trkpt lat="46.00624" lon="4.38839">
        <ele>558.15</ele>
      </trkpt>
      <trkpt lat="46.00601" lon="4.38831">
        <ele>556.42</ele>
      </trkpt>
      <trkpt lat="46.00587" lon="4.38828">
        <ele>554.07</ele>
      </trkpt>
      <trkpt lat="46.0053" lon="4.38829">
        <ele>552.24</ele>
      </trkpt>
      <trkpt lat="46.00515" lon="4.38826">
        <ele>551.47</ele>
      </trkpt>
      <trkpt lat="46.00502" lon="4.38818">
        <ele>551.21</ele>
      </trkpt>
      <trkpt lat="46.0052" lon="4.38761">
        <ele>549.1</ele>
      </trkpt>
      <trkpt lat="46.00546" lon="4.38705">
        <ele>547.76</ele>
      </trkpt>
      <trkpt lat="46.00606" lon="4.38622">
        <ele>546.08</ele>
      </trkpt>
      <trkpt lat="46.00635" lon="4.38596">
        <ele>542.53</ele>
      </trkpt>
      <trkpt lat="46.0065" lon="4.38586">
        <ele>537.73</ele>
      </trkpt>
      <trkpt lat="46.00667" lon="4.38558">
        <ele>534.82</ele>
      </trkpt>
      <trkpt lat="46.00672" lon="4.38533">
        <ele>531.14</ele>
      </trkpt>
      <trkpt lat="46.00669" lon="4.38493">
        <ele>526.9</ele>
      </trkpt>
      <trkpt lat="46.0067" lon="4.38438">
        <ele>522.9</ele>
      </trkpt>
      <trkpt lat="46.00676" lon="4.38377">
        <ele>520.41</ele>
      </trkpt>
      <trkpt lat="46.00676" lon="4.38317">
        <ele>520.87</ele>
      </trkpt>
      <trkpt lat="46.00658" lon="4.38232">
        <ele>521.06</ele>
      </trkpt>
      <trkpt lat="46.00688" lon="4.3818">
        <ele>520.32</ele>
      </trkpt>
      <trkpt lat="46.00713" lon="4.38193">
        <ele>520.83</ele>
      </trkpt>
      <trkpt lat="46.00721" lon="4.38207">
        <ele>519.77</ele>
      </trkpt>
      <trkpt lat="46.00734" lon="4.38205">
        <ele>516.94</ele>
      </trkpt>
      <trkpt lat="46.00755" lon="4.38211">
        <ele>516.01</ele>
      </trkpt>
      <trkpt lat="46.00772" lon="4.38197">
        <ele>513.66</ele>
      </trkpt>
      <trkpt lat="46.00787" lon="4.38191">
        <ele>514.62</ele>
      </trkpt>
      <trkpt lat="46.00798" lon="4.3821">
        <ele>513.63</ele>
      </trkpt>
      <trkpt lat="46.0084" lon="4.3816">
        <ele>508.85</ele>
      </trkpt>
      <trkpt lat="46.00879" lon="4.3812">
        <ele>505.86</ele>
      </trkpt>
      <trkpt lat="46.00889" lon="4.38124">
        <ele>501.23</ele>
      </trkpt>
      <trkpt lat="46.00896" lon="4.38114">
        <ele>492.29</ele>
      </trkpt>
      <trkpt lat="46.00917" lon="4.38123">
        <ele>485.96</ele>
      </trkpt>
      <trkpt lat="46.00968" lon="4.38066">
        <ele>483.03</ele>
      </trkpt>
      <trkpt lat="46.00974" lon="4.38053">
        <ele>477.53</ele>
      </trkpt>
      <trkpt lat="46.0096" lon="4.38033">
        <ele>477.42</ele>
      </trkpt>
      <trkpt lat="46.00932" lon="4.38004">
        <ele>477.62</ele>
      </trkpt>
      <trkpt lat="46.00914" lon="4.37958">
        <ele>478.1</ele>
      </trkpt>
      <trkpt lat="46.00873" lon="4.37824">
        <ele>479.14</ele>
      </trkpt>
      <trkpt lat="46.00857" lon="4.37783">
        <ele>478.95</ele>
      </trkpt>
      <trkpt lat="46.00841" lon="4.37755">
        <ele>478.43</ele>
      </trkpt>
      <trkpt lat="46.00803" lon="4.37675">
        <ele>475.96</ele>
      </trkpt>
      <trkpt lat="46.00732" lon="4.37536">
        <ele>472.58</ele>
      </trkpt>
      <trkpt lat="46.00651" lon="4.37323">
        <ele>469</ele>
      </trkpt>
      <trkpt lat="46.00591" lon="4.37207">
        <ele>465.85</ele>
      </trkpt>
      <trkpt lat="46.00578" lon="4.3714">
        <ele>461.22</ele>
      </trkpt>
      <trkpt lat="46.00576" lon="4.371">
        <ele>458.25</ele>
      </trkpt>
      <trkpt lat="46.00579" lon="4.37069">
        <ele>455.92</ele>
      </trkpt>
      <trkpt lat="46.00564" lon="4.37001">
        <ele>452.92</ele>
      </trkpt>
      <trkpt lat="46.00551" lon="4.36891">
        <ele>450.08</ele>
      </trkpt>
      <trkpt lat="46.0055" lon="4.36857">
        <ele>450.29</ele>
      </trkpt>
      <trkpt lat="46.00545" lon="4.36843">
        <ele>449.82</ele>
      </trkpt>
      <trkpt lat="46.00504" lon="4.36839">
        <ele>450.5</ele>
      </trkpt>
      <trkpt lat="46.00474" lon="4.36839">
        <ele>450.26</ele>
      </trkpt>
      <trkpt lat="46.0046" lon="4.36845">
        <ele>449.99</ele>
      </trkpt>
      <trkpt lat="46.00444" lon="4.36871">
        <ele>448.06</ele>
      </trkpt>
      <trkpt lat="46.00433" lon="4.36968">
        <ele>449.32</ele>
      </trkpt>
      <trkpt lat="46.00404" lon="4.37039">
        <ele>448.82</ele>
      </trkpt>
      <trkpt lat="46.00396" lon="4.37035">
        <ele>449.32</ele>
      </trkpt>
      <trkpt lat="46.00369" lon="4.36951">
        <ele>454.05</ele>
      </trkpt>
      <trkpt lat="46.00356" lon="4.36919">
        <ele>460.99</ele>
      </trkpt>
      <trkpt lat="46.00316" lon="4.36968">
        <ele>469.29</ele>
      </trkpt>
      <trkpt lat="46.00302" lon="4.36991">
        <ele>479.18</ele>
      </trkpt>
      <trkpt lat="46.00296" lon="4.37146">
        <ele>489.4</ele>
      </trkpt>
      <trkpt lat="46.00284" lon="4.37276">
        <ele>491.66</ele>
      </trkpt>
      <trkpt lat="46.00263" lon="4.37316">
        <ele>494.1</ele>
      </trkpt>
      <trkpt lat="46.00202" lon="4.3734">
        <ele>488.54</ele>
      </trkpt>
      <trkpt lat="46.0017" lon="4.3735">
        <ele>483.47</ele>
      </trkpt>
      <trkpt lat="46.00118" lon="4.37419">
        <ele>478.98</ele>
      </trkpt>
      <trkpt lat="46.00049" lon="4.37397">
        <ele>478.77</ele>
      </trkpt>
      <trkpt lat="46.00013" lon="4.3742">
        <ele>481</ele>
      </trkpt>
      <trkpt lat="45.99995" lon="4.37425">
        <ele>488.72</ele>
      </trkpt>
      <trkpt lat="45.99928" lon="4.37476">
        <ele>498.64</ele>
      </trkpt>
      <trkpt lat="45.99847" lon="4.37585">
        <ele>508.06</ele>
      </trkpt>
      <trkpt lat="45.9952" lon="4.37508">
        <ele>517.19</ele>
      </trkpt>
      <trkpt lat="45.99475" lon="4.3756">
        <ele>521.25</ele>
      </trkpt>
      <trkpt lat="45.9947" lon="4.37636">
        <ele>524.49</ele>
      </trkpt>
      <trkpt lat="45.99488" lon="4.37661">
        <ele>524.99</ele>
      </trkpt>
      <trkpt lat="45.9949" lon="4.3771">
        <ele>526.61</ele>
      </trkpt>
      <trkpt lat="45.9948" lon="4.37734">
        <ele>529.8</ele>
      </trkpt>
      <trkpt lat="45.99455" lon="4.37842">
        <ele>533.22</ele>
      </trkpt>
      <trkpt lat="45.99417" lon="4.37972">
        <ele>537.83</ele>
      </trkpt>
      <trkpt lat="45.99388" lon="4.38015">
        <ele>544.66</ele>
      </trkpt>
      <trkpt lat="45.99346" lon="4.38044">
        <ele>550.62</ele>
      </trkpt>
      <trkpt lat="45.99237" lon="4.38257">
        <ele>555.25</ele>
      </trkpt>
      <trkpt lat="45.99231" lon="4.38279">
        <ele>559.31</ele>
      </trkpt>
      <trkpt lat="45.99216" lon="4.38311">
        <ele>561.01</ele>
      </trkpt>
      <trkpt lat="45.9919" lon="4.38317">
        <ele>561.25</ele>
      </trkpt>
      <trkpt lat="45.99146" lon="4.38404">
        <ele>559.65</ele>
      </trkpt>
      <trkpt lat="45.99132" lon="4.38423">
        <ele>558.68</ele>
      </trkpt>
      <trkpt lat="45.99115" lon="4.38492">
        <ele>558.11</ele>
      </trkpt>
      <trkpt lat="45.99108" lon="4.38509">
        <ele>558.79</ele>
      </trkpt>
      <trkpt lat="45.99108" lon="4.38561">
        <ele>557.77</ele>
      </trkpt>
      <trkpt lat="45.9908" lon="4.386">
        <ele>559.42</ele>
      </trkpt>
      <trkpt lat="45.99063" lon="4.3864">
        <ele>560.69</ele>
      </trkpt>
      <trkpt lat="45.99039" lon="4.38714">
        <ele>561.91</ele>
      </trkpt>
      <trkpt lat="45.99015" lon="4.3877">
        <ele>563.05</ele>
      </trkpt>
      <trkpt lat="45.98992" lon="4.38798">
        <ele>564.7</ele>
      </trkpt>
      <trkpt lat="45.98974" lon="4.38803">
        <ele>566.75</ele>
      </trkpt>
      <trkpt lat="45.98961" lon="4.38796">
        <ele>566.46</ele>
      </trkpt>
      <trkpt lat="45.98956" lon="4.38782">
        <ele>568.51</ele>
      </trkpt>
      <trkpt lat="45.98959" lon="4.38753">
        <ele>570.97</ele>
      </trkpt>
      <trkpt lat="45.9893" lon="4.38768">
        <ele>575.52</ele>
      </trkpt>
      <trkpt lat="45.98914" lon="4.38766">
        <ele>578.91</ele>
      </trkpt>
      <trkpt lat="45.98842" lon="4.38767">
        <ele>584.2</ele>
      </trkpt>
      <trkpt lat="45.98824" lon="4.38771">
        <ele>587.46</ele>
      </trkpt>
      <trkpt lat="45.98806" lon="4.38811">
        <ele>589.77</ele>
      </trkpt>
      <trkpt lat="45.98799" lon="4.38866">
        <ele>586.96</ele>
      </trkpt>
      <trkpt lat="45.98781" lon="4.38855">
        <ele>582.83</ele>
      </trkpt>
      <trkpt lat="45.98722" lon="4.38777">
        <ele>578.09</ele>
      </trkpt>
      <trkpt lat="45.98578" lon="4.38876">
        <ele>572.96</ele>
      </trkpt>
      <trkpt lat="45.98556" lon="4.38869">
        <ele>568.99</ele>
      </trkpt>
      <trkpt lat="45.98523" lon="4.38831">
        <ele>567.49</ele>
      </trkpt>
      <trkpt lat="45.98479" lon="4.38747">
        <ele>567.77</ele>
      </trkpt>
      <trkpt lat="45.98413" lon="4.38584">
        <ele>569.15</ele>
      </trkpt>
      <trkpt lat="45.98415" lon="4.38711">
        <ele>572.49</ele>
      </trkpt>
      <trkpt lat="45.98412" lon="4.38832">
        <ele>576.98</ele>
      </trkpt>
      <trkpt lat="45.98373" lon="4.38853">
        <ele>583.28</ele>
      </trkpt>
      <trkpt lat="45.98265" lon="4.3896">
        <ele>592.23</ele>
      </trkpt>
      <trkpt lat="45.98246" lon="4.38985">
        <ele>604.84</ele>
      </trkpt>
      <trkpt lat="45.98231" lon="4.39174">
        <ele>615.78</ele>
      </trkpt>
      <trkpt lat="45.98198" lon="4.39327">
        <ele>628.07</ele>
      </trkpt>
      <trkpt lat="45.98181" lon="4.39343">
        <ele>640.38</ele>
      </trkpt>
      <trkpt lat="45.98139" lon="4.394">
        <ele>650.82</ele>
      </trkpt>
      <trkpt lat="45.9812" lon="4.39438">
        <ele>657.3</ele>
      </trkpt>
      <trkpt lat="45.98117" lon="4.39504">
        <ele>663.93</ele>
      </trkpt>
      <trkpt lat="45.98125" lon="4.39518">
        <ele>667.48</ele>
      </trkpt>
      <trkpt lat="45.98107" lon="4.39527">
        <ele>673.39</ele>
      </trkpt>
      <trkpt lat="45.98095" lon="4.39539">
        <ele>675.91</ele>
      </trkpt>
      <trkpt lat="45.98021" lon="4.39593">
        <ele>681.09</ele>
      </trkpt>
      <trkpt lat="45.9801" lon="4.39622">
        <ele>684.37</ele>
      </trkpt>
      <trkpt lat="45.97994" lon="4.39678">
        <ele>691.68</ele>
      </trkpt>
      <trkpt lat="45.97981" lon="4.39783">
        <ele>698.3</ele>
      </trkpt>
      <trkpt lat="45.97997" lon="4.39838">
        <ele>706.21</ele>
      </trkpt>
      <trkpt lat="45.98045" lon="4.39878">
        <ele>711.38</ele>
      </trkpt>
      <trkpt lat="45.98065" lon="4.39944">
        <ele>721.77</ele>
      </trkpt>
      <trkpt lat="45.98066" lon="4.39968">
        <ele>725.38</ele>
      </trkpt>
      <trkpt lat="45.98082" lon="4.4006">
        <ele>726.13</ele>
      </trkpt>
      <trkpt lat="45.98039" lon="4.40114">
        <ele>728.34</ele>
      </trkpt>
      <trkpt lat="45.98012" lon="4.40139">
        <ele>734.54</ele>
      </trkpt>
      <trkpt lat="45.98003" lon="4.4016">
        <ele>736.44</ele>
      </trkpt>
      <trkpt lat="45.97988" lon="4.40179">
        <ele>740.94</ele>
      </trkpt>
      <trkpt lat="45.97977" lon="4.40183">
        <ele>744.26</ele>
      </trkpt>
      <trkpt lat="45.97944" lon="4.4016">
        <ele>748.44</ele>
      </trkpt>
      <trkpt lat="45.97932" lon="4.40134">
        <ele>747.13</ele>
      </trkpt>
      <trkpt lat="45.97923" lon="4.40105">
        <ele>747.81</ele>
      </trkpt>
      <trkpt lat="45.97894" lon="4.40064">
        <ele>746.42</ele>
      </trkpt>
      <trkpt lat="45.97875" lon="4.4005">
        <ele>746.91</ele>
      </trkpt>
      <trkpt lat="45.97864" lon="4.40109">
        <ele>745.05</ele>
      </trkpt>
      <trkpt lat="45.97822" lon="4.40198">
        <ele>744.67</ele>
      </trkpt>
      <trkpt lat="45.97795" lon="4.4025">
        <ele>742.97</ele>
      </trkpt>
      <trkpt lat="45.97772" lon="4.40279">
        <ele>746.55</ele>
      </trkpt>
      <trkpt lat="45.97749" lon="4.40325">
        <ele>750.42</ele>
      </trkpt>
      <trkpt lat="45.97589" lon="4.40614">
        <ele>754.25</ele>
      </trkpt>
      <trkpt lat="45.97575" lon="4.40655">
        <ele>757.58</ele>
      </trkpt>
      <trkpt lat="45.97566" lon="4.40737">
        <ele>760.31</ele>
      </trkpt>
      <trkpt lat="45.97585" lon="4.4086">
        <ele>762.72</ele>
      </trkpt>
      <trkpt lat="45.97594" lon="4.4087">
        <ele>765.22</ele>
      </trkpt>
      <trkpt lat="45.97608" lon="4.40906">
        <ele>770.11</ele>
      </trkpt>
      <trkpt lat="45.97615" lon="4.4098">
        <ele>775.7</ele>
      </trkpt>
      <trkpt lat="45.97627" lon="4.41031">
        <ele>783.79</ele>
      </trkpt>
      <trkpt lat="45.97642" lon="4.4107">
        <ele>790.04</ele>
      </trkpt>
      <trkpt lat="45.97665" lon="4.41148">
        <ele>796.3</ele>
      </trkpt>
      <trkpt lat="45.97678" lon="4.41175">
        <ele>801.77</ele>
      </trkpt>
      <trkpt lat="45.97742" lon="4.41284">
        <ele>803.91</ele>
      </trkpt>
      <trkpt lat="45.97777" lon="4.41324">
        <ele>802.8</ele>
      </trkpt>
      <trkpt lat="45.97806" lon="4.41343">
        <ele>800.78</ele>
      </trkpt>
      <trkpt lat="45.97827" lon="4.41353">
        <ele>797.23</ele>
      </trkpt>
      <trkpt lat="45.97854" lon="4.41372">
        <ele>793.9</ele>
      </trkpt>
      <trkpt lat="45.97912" lon="4.41389">
        <ele>793.03</ele>
      </trkpt>
      <trkpt lat="45.97951" lon="4.41413">
        <ele>793.17</ele>
      </trkpt>
      <trkpt lat="45.97977" lon="4.41437">
        <ele>793.32</ele>
      </trkpt>
      <trkpt lat="45.97992" lon="4.41465">
        <ele>793.93</ele>
      </trkpt>
      <trkpt lat="45.98004" lon="4.41497">
        <ele>792.46</ele>
      </trkpt>
      <trkpt lat="45.9801" lon="4.41523">
        <ele>791.68</ele>
      </trkpt>
      <trkpt lat="45.9801" lon="4.41539">
        <ele>791.26</ele>
      </trkpt>
      <trkpt lat="45.9803" lon="4.4163">
        <ele>792.01</ele>
      </trkpt>
      <trkpt lat="45.9803" lon="4.41665">
        <ele>792.28</ele>
      </trkpt>
      <trkpt lat="45.98038" lon="4.41685">
        <ele>796.64</ele>
      </trkpt>
      <trkpt lat="45.98037" lon="4.41721">
        <ele>800.81</ele>
      </trkpt>
      <trkpt lat="45.98049" lon="4.41804">
        <ele>798.46</ele>
      </trkpt>
      <trkpt lat="45.98064" lon="4.41857">
        <ele>795.1</ele>
      </trkpt>
      <trkpt lat="45.98132" lon="4.41903">
        <ele>791.74</ele>
      </trkpt>
      <trkpt lat="45.98138" lon="4.41924">
        <ele>785.8</ele>
      </trkpt>
      <trkpt lat="45.98145" lon="4.41968">
        <ele>779.98</ele>
      </trkpt>
      <trkpt lat="45.9816" lon="4.42024">
        <ele>780.63</ele>
      </trkpt>
      <trkpt lat="45.98187" lon="4.42092">
        <ele>783.65</ele>
      </trkpt>
      <trkpt lat="45.98216" lon="4.42135">
        <ele>787.94</ele>
      </trkpt>
      <trkpt lat="45.98249" lon="4.42165">
        <ele>792.39</ele>
      </trkpt>
      <trkpt lat="45.98318" lon="4.42191">
        <ele>796.67</ele>
      </trkpt>
      <trkpt lat="45.98422" lon="4.42284">
        <ele>801.7</ele>
      </trkpt>
      <trkpt lat="45.98445" lon="4.42302">
        <ele>803.03</ele>
      </trkpt>
      <trkpt lat="45.98488" lon="4.42323">
        <ele>803.62</ele>
      </trkpt>
      <trkpt lat="45.98457" lon="4.42331">
        <ele>800.14</ele>
      </trkpt>
      <trkpt lat="45.98372" lon="4.42342">
        <ele>796.67</ele>
      </trkpt>
      <trkpt lat="45.98395" lon="4.42361">
        <ele>791.19</ele>
      </trkpt>
      <trkpt lat="45.98463" lon="4.42387">
        <ele>788.06</ele>
      </trkpt>
      <trkpt lat="45.98551" lon="4.42471">
        <ele>786.58</ele>
      </trkpt>
      <trkpt lat="45.98595" lon="4.42481">
        <ele>786.93</ele>
      </trkpt>
      <trkpt lat="45.98674" lon="4.42452">
        <ele>786.85</ele>
      </trkpt>
      <trkpt lat="45.98681" lon="4.42455">
        <ele>785.8</ele>
      </trkpt>
      <trkpt lat="45.98698" lon="4.42478">
        <ele>781.96</ele>
      </trkpt>
      <trkpt lat="45.98741" lon="4.42492">
        <ele>775.56</ele>
      </trkpt>
      <trkpt lat="45.98775" lon="4.42543">
        <ele>769.76</ele>
      </trkpt>
      <trkpt lat="45.98782" lon="4.42574">
        <ele>764.13</ele>
      </trkpt>
      <trkpt lat="45.98777" lon="4.42621">
        <ele>758.5</ele>
      </trkpt>
      <trkpt lat="45.98767" lon="4.42661">
        <ele>755.18</ele>
      </trkpt>
      <trkpt lat="45.98761" lon="4.42858">
        <ele>751.35</ele>
      </trkpt>
      <trkpt lat="45.98764" lon="4.42928">
        <ele>749.11</ele>
      </trkpt>
      <trkpt lat="45.9875" lon="4.43055">
        <ele>751.6</ele>
      </trkpt>
      <trkpt lat="45.98737" lon="4.43097">
        <ele>751.45</ele>
      </trkpt>
      <trkpt lat="45.98747" lon="4.43101">
        <ele>750.58</ele>
      </trkpt>
      <trkpt lat="45.98691" lon="4.43166">
        <ele>752.38</ele>
      </trkpt>
      <trkpt lat="45.98652" lon="4.4323">
        <ele>755.28</ele>
      </trkpt>
      <trkpt lat="45.98577" lon="4.43374">
        <ele>751.64</ele>
      </trkpt>
      <trkpt lat="45.98573" lon="4.434">
        <ele>749.83</ele>
      </trkpt>
      <trkpt lat="45.98559" lon="4.43444">
        <ele>747.13</ele>
      </trkpt>
      <trkpt lat="45.98537" lon="4.43577">
        <ele>744.16</ele>
      </trkpt>
      <trkpt lat="45.98537" lon="4.43629">
        <ele>737.27</ele>
      </trkpt>
      <trkpt lat="45.98525" lon="4.43696">
        <ele>737.4</ele>
      </trkpt>
      <trkpt lat="45.98492" lon="4.43846">
        <ele>728.12</ele>
      </trkpt>
      <trkpt lat="45.98492" lon="4.43846">
        <ele>728.12</ele>
      </trkpt>
      <trkpt lat="45.98465" lon="4.43876">
        <ele>734.14</ele>
      </trkpt>
      <trkpt lat="45.98452" lon="4.43895">
        <ele>740.28</ele>
      </trkpt>
      <trkpt lat="45.98411" lon="4.43909">
        <ele>747.88</ele>
      </trkpt>
      <trkpt lat="45.98381" lon="4.43914">
        <ele>755.63</ele>
      </trkpt>
      <trkpt lat="45.98326" lon="4.43929">
        <ele>763.76</ele>
      </trkpt>
      <trkpt lat="45.98282" lon="4.43954">
        <ele>772.21</ele>
      </trkpt>
      <trkpt lat="45.98245" lon="4.43995">
        <ele>780.15</ele>
      </trkpt>
      <trkpt lat="45.98218" lon="4.4404">
        <ele>785.48</ele>
      </trkpt>
      <trkpt lat="45.9824" lon="4.44054">
        <ele>790.14</ele>
      </trkpt>
      <trkpt lat="45.98257" lon="4.44084">
        <ele>794.39</ele>
      </trkpt>
      <trkpt lat="45.98268" lon="4.44153">
        <ele>796.23</ele>
      </trkpt>
      <trkpt lat="45.98267" lon="4.4423">
        <ele>797.64</ele>
      </trkpt>
      <trkpt lat="45.9826" lon="4.44272">
        <ele>799.27</ele>
      </trkpt>
      <trkpt lat="45.98255" lon="4.44359">
        <ele>800.46</ele>
      </trkpt>
      <trkpt lat="45.9826" lon="4.44401">
        <ele>801.19</ele>
      </trkpt>
      <trkpt lat="45.98256" lon="4.4445">
        <ele>802.97</ele>
      </trkpt>
      <trkpt lat="45.98246" lon="4.44491">
        <ele>805.23</ele>
      </trkpt>
      <trkpt lat="45.98211" lon="4.44555">
        <ele>808.71</ele>
      </trkpt>
      <trkpt lat="45.98191" lon="4.44572">
        <ele>813.41</ele>
      </trkpt>
      <trkpt lat="45.98129" lon="4.44594">
        <ele>818.64</ele>
      </trkpt>
      <trkpt lat="45.98067" lon="4.44605">
        <ele>824.83</ele>
      </trkpt>
      <trkpt lat="45.98026" lon="4.44607">
        <ele>831.22</ele>
      </trkpt>
      <trkpt lat="45.97935" lon="4.44642">
        <ele>835.92</ele>
      </trkpt>
      <trkpt lat="45.97861" lon="4.44686">
        <ele>840.43</ele>
      </trkpt>
      <trkpt lat="45.97805" lon="4.44699">
        <ele>844.72</ele>
      </trkpt>
      <trkpt lat="45.97751" lon="4.44718">
        <ele>843.34</ele>
      </trkpt>
      <trkpt lat="45.97705" lon="4.44742">
        <ele>841.41</ele>
      </trkpt>
      <trkpt lat="45.97575" lon="4.44859">
        <ele>841.96</ele>
      </trkpt>
      <trkpt lat="45.97546" lon="4.44901">
        <ele>840.95</ele>
      </trkpt>
      <trkpt lat="45.97509" lon="4.44986">
        <ele>837.55</ele>
      </trkpt>
      <trkpt lat="45.97475" lon="4.45023">
        <ele>835.5</ele>
      </trkpt>
      <trkpt lat="45.97413" lon="4.45059">
        <ele>826.71</ele>
      </trkpt>
      <trkpt lat="45.97381" lon="4.45083">
        <ele>815.72</ele>
      </trkpt>
      <trkpt lat="45.97304" lon="4.45231">
        <ele>804.98</ele>
      </trkpt>
      <trkpt lat="45.97287" lon="4.45245">
        <ele>795.66</ele>
      </trkpt>
      <trkpt lat="45.9728" lon="4.45243">
        <ele>788.7</ele>
      </trkpt>
      <trkpt lat="45.97272" lon="4.45237">
        <ele>786.24</ele>
      </trkpt>
      <trkpt lat="45.97256" lon="4.45207">
        <ele>782.3</ele>
      </trkpt>
      <trkpt lat="45.9722" lon="4.45119">
        <ele>778.13</ele>
      </trkpt>
      <trkpt lat="45.97208" lon="4.45072">
        <ele>771.85</ele>
      </trkpt>
      <trkpt lat="45.97204" lon="4.45028">
        <ele>763.59</ele>
      </trkpt>
      <trkpt lat="45.97173" lon="4.44957">
        <ele>757.68</ele>
      </trkpt>
      <trkpt lat="45.97151" lon="4.44889">
        <ele>752.47</ele>
      </trkpt>
      <trkpt lat="45.97126" lon="4.44836">
        <ele>746.6</ele>
      </trkpt>
      <trkpt lat="45.97108" lon="4.4478">
        <ele>743.24</ele>
      </trkpt>
      <trkpt lat="45.97102" lon="4.44722">
        <ele>741.7</ele>
      </trkpt>
      <trkpt lat="45.97096" lon="4.44705">
        <ele>739</ele>
      </trkpt>
      <trkpt lat="45.97082" lon="4.447">
        <ele>738.27</ele>
      </trkpt>
      <trkpt lat="45.97071" lon="4.44704">
        <ele>737.96</ele>
      </trkpt>
      <trkpt lat="45.97008" lon="4.44601">
        <ele>739.75</ele>
      </trkpt>
      <trkpt lat="45.96969" lon="4.44565">
        <ele>741.17</ele>
      </trkpt>
      <trkpt lat="45.96899" lon="4.44555">
        <ele>743.04</ele>
      </trkpt>
      <trkpt lat="45.96835" lon="4.44533">
        <ele>743.72</ele>
      </trkpt>
      <trkpt lat="45.96801" lon="4.44539">
        <ele>745.89</ele>
      </trkpt>
      <trkpt lat="45.96768" lon="4.44536">
        <ele>745.18</ele>
      </trkpt>
      <trkpt lat="45.96716" lon="4.44538">
        <ele>744.17</ele>
      </trkpt>
      <trkpt lat="45.96658" lon="4.44522">
        <ele>742.09</ele>
      </trkpt>
      <trkpt lat="45.96642" lon="4.44501">
        <ele>740.63</ele>
      </trkpt>
      <trkpt lat="45.96624" lon="4.44455">
        <ele>737.19</ele>
      </trkpt>
      <trkpt lat="45.9662" lon="4.44438">
        <ele>732.95</ele>
      </trkpt>
      <trkpt lat="45.96612" lon="4.44424">
        <ele>729.35</ele>
      </trkpt>
      <trkpt lat="45.96594" lon="4.44411">
        <ele>732.3</ele>
      </trkpt>
      <trkpt lat="45.9656" lon="4.44357">
        <ele>732</ele>
      </trkpt>
      <trkpt lat="45.96535" lon="4.44307">
        <ele>729.37</ele>
      </trkpt>
      <trkpt lat="45.96519" lon="4.44305">
        <ele>730.81</ele>
      </trkpt>
      <trkpt lat="45.96487" lon="4.4432">
        <ele>728.25</ele>
      </trkpt>
      <trkpt lat="45.96447" lon="4.44381">
        <ele>719.07</ele>
      </trkpt>
      <trkpt lat="45.96439" lon="4.44404">
        <ele>714.04</ele>
      </trkpt>
      <trkpt lat="45.96417" lon="4.44443">
        <ele>715.18</ele>
      </trkpt>
      <trkpt lat="45.96398" lon="4.44462">
        <ele>709.94</ele>
      </trkpt>
      <trkpt lat="45.96357" lon="4.44473">
        <ele>710.7</ele>
      </trkpt>
      <trkpt lat="45.96348" lon="4.44499">
        <ele>710.03</ele>
      </trkpt>
      <trkpt lat="45.96341" lon="4.44544">
        <ele>709.32</ele>
      </trkpt>
      <trkpt lat="45.96329" lon="4.44577">
        <ele>706.57</ele>
      </trkpt>
      <trkpt lat="45.96285" lon="4.4465">
        <ele>704.81</ele>
      </trkpt>
      <trkpt lat="45.96251" lon="4.44801">
        <ele>701.44</ele>
      </trkpt>
      <trkpt lat="45.96208" lon="4.449">
        <ele>700.62</ele>
      </trkpt>
      <trkpt lat="45.96195" lon="4.44909">
        <ele>697.89</ele>
      </trkpt>
      <trkpt lat="45.9618" lon="4.44906">
        <ele>692.27</ele>
      </trkpt>
      <trkpt lat="45.96166" lon="4.44891">
        <ele>689.51</ele>
      </trkpt>
      <trkpt lat="45.96097" lon="4.44737">
        <ele>685.25</ele>
      </trkpt>
      <trkpt lat="45.9608" lon="4.44704">
        <ele>682.08</ele>
      </trkpt>
      <trkpt lat="45.96062" lon="4.44682">
        <ele>680.7</ele>
      </trkpt>
      <trkpt lat="45.96024" lon="4.44623">
        <ele>678.16</ele>
      </trkpt>
      <trkpt lat="45.96009" lon="4.44624">
        <ele>675.8</ele>
      </trkpt>
      <trkpt lat="45.95994" lon="4.44646">
        <ele>675.05</ele>
      </trkpt>
      <trkpt lat="45.95974" lon="4.44662">
        <ele>672.15</ele>
      </trkpt>
      <trkpt lat="45.95935" lon="4.44673">
        <ele>667.14</ele>
      </trkpt>
      <trkpt lat="45.95916" lon="4.44687">
        <ele>664.57</ele>
      </trkpt>
      <trkpt lat="45.95909" lon="4.44696">
        <ele>661.99</ele>
      </trkpt>
      <trkpt lat="45.95878" lon="4.44708">
        <ele>663.53</ele>
      </trkpt>
      <trkpt lat="45.95836" lon="4.4469">
        <ele>664.54</ele>
      </trkpt>
      <trkpt lat="45.9579" lon="4.44715">
        <ele>665.79</ele>
      </trkpt>
      <trkpt lat="45.95773" lon="4.44727">
        <ele>668.71</ele>
      </trkpt>
      <trkpt lat="45.95761" lon="4.44743">
        <ele>670.47</ele>
      </trkpt>
      <trkpt lat="45.95757" lon="4.44762">
        <ele>666.9</ele>
      </trkpt>
      <trkpt lat="45.95757" lon="4.44803">
        <ele>666.21</ele>
      </trkpt>
      <trkpt lat="45.95753" lon="4.44813">
        <ele>665.39</ele>
      </trkpt>
      <trkpt lat="45.95753" lon="4.44851">
        <ele>664.64</ele>
      </trkpt>
      <trkpt lat="45.95744" lon="4.44879">
        <ele>664.69</ele>
      </trkpt>
      <trkpt lat="45.9573" lon="4.44908">
        <ele>665.57</ele>
      </trkpt>
      <trkpt lat="45.95719" lon="4.44919">
        <ele>664.58</ele>
      </trkpt>
      <trkpt lat="45.95693" lon="4.44953">
        <ele>665.37</ele>
      </trkpt>
      <trkpt lat="45.95633" lon="4.44989">
        <ele>664.31</ele>
      </trkpt>
      <trkpt lat="45.9562" lon="4.45002">
        <ele>662.66</ele>
      </trkpt>
      <trkpt lat="45.95597" lon="4.45013">
        <ele>661.32</ele>
      </trkpt>
      <trkpt lat="45.95558" lon="4.45016">
        <ele>660.88</ele>
      </trkpt>
      <trkpt lat="45.95511" lon="4.45005">
        <ele>659.14</ele>
      </trkpt>
      <trkpt lat="45.95495" lon="4.44994">
        <ele>657.78</ele>
      </trkpt>
      <trkpt lat="45.95474" lon="4.45011">
        <ele>657.09</ele>
      </trkpt>
      <trkpt lat="45.95426" lon="4.45073">
        <ele>657</ele>
      </trkpt>
      <trkpt lat="45.9541" lon="4.45122">
        <ele>658.37</ele>
      </trkpt>
      <trkpt lat="45.95393" lon="4.45157">
        <ele>660.27</ele>
      </trkpt>
      <trkpt lat="45.9536" lon="4.45213">
        <ele>661.74</ele>
      </trkpt>
      <trkpt lat="45.95344" lon="4.45253">
        <ele>662.88</ele>
      </trkpt>
      <trkpt lat="45.95325" lon="4.45275">
        <ele>663.77</ele>
      </trkpt>
      <trkpt lat="45.95296" lon="4.45296">
        <ele>663.87</ele>
      </trkpt>
      <trkpt lat="45.95266" lon="4.45298">
        <ele>664.2</ele>
      </trkpt>
      <trkpt lat="45.95251" lon="4.45295">
        <ele>665.8</ele>
      </trkpt>
      <trkpt lat="45.95236" lon="4.45303">
        <ele>666.11</ele>
      </trkpt>
      <trkpt lat="45.95199" lon="4.45344">
        <ele>665.93</ele>
      </trkpt>
      <trkpt lat="45.95142" lon="4.454">
        <ele>665.19</ele>
      </trkpt>
      <trkpt lat="45.95126" lon="4.45413">
        <ele>663.83</ele>
      </trkpt>
      <trkpt lat="45.95117" lon="4.45425">
        <ele>660.21</ele>
      </trkpt>
      <trkpt lat="45.95099" lon="4.45442">
        <ele>658.08</ele>
      </trkpt>
      <trkpt lat="45.95091" lon="4.45474">
        <ele>654.84</ele>
      </trkpt>
      <trkpt lat="45.95091" lon="4.45498">
        <ele>650.51</ele>
      </trkpt>
      <trkpt lat="45.95075" lon="4.45542">
        <ele>645.03</ele>
      </trkpt>
      <trkpt lat="45.95056" lon="4.45578">
        <ele>640.75</ele>
      </trkpt>
      <trkpt lat="45.95021" lon="4.45604">
        <ele>636.79</ele>
      </trkpt>
      <trkpt lat="45.95012" lon="4.45606">
        <ele>633.22</ele>
      </trkpt>
      <trkpt lat="45.94998" lon="4.45615">
        <ele>630.3</ele>
      </trkpt>
      <trkpt lat="45.94983" lon="4.4564">
        <ele>628</ele>
      </trkpt>
      <trkpt lat="45.94961" lon="4.45692">
        <ele>626.02</ele>
      </trkpt>
      <trkpt lat="45.94937" lon="4.45721">
        <ele>623.64</ele>
      </trkpt>
      <trkpt lat="45.94911" lon="4.45738">
        <ele>622.66</ele>
      </trkpt>
      <trkpt lat="45.94878" lon="4.45777">
        <ele>622.35</ele>
      </trkpt>
      <trkpt lat="45.94861" lon="4.45777">
        <ele>623.84</ele>
      </trkpt>
      <trkpt lat="45.94839" lon="4.4577">
        <ele>628.04</ele>
      </trkpt>
      <trkpt lat="45.94785" lon="4.45765">
        <ele>631.99</ele>
      </trkpt>
      <trkpt lat="45.94691" lon="4.4574">
        <ele>635.32</ele>
      </trkpt>
      <trkpt lat="45.94641" lon="4.45732">
        <ele>637.09</ele>
      </trkpt>
      <trkpt lat="45.94609" lon="4.45742">
        <ele>637.56</ele>
      </trkpt>
      <trkpt lat="45.94582" lon="4.45763">
        <ele>634.76</ele>
      </trkpt>
      <trkpt lat="45.94557" lon="4.45795">
        <ele>630.54</ele>
      </trkpt>
      <trkpt lat="45.94532" lon="4.45841">
        <ele>628.84</ele>
      </trkpt>
      <trkpt lat="45.9451" lon="4.45894">
        <ele>629.28</ele>
      </trkpt>
      <trkpt lat="45.94498" lon="4.45958">
        <ele>629.15</ele>
      </trkpt>
      <trkpt lat="45.94487" lon="4.45989">
        <ele>630.55</ele>
      </trkpt>
      <trkpt lat="45.94427" lon="4.46088">
        <ele>633.57</ele>
      </trkpt>
      <trkpt lat="45.94404" lon="4.46098">
        <ele>633.88</ele>
      </trkpt>
      <trkpt lat="45.94359" lon="4.46131">
        <ele>633.97</ele>
      </trkpt>
      <trkpt lat="45.94323" lon="4.46163">
        <ele>633.67</ele>
      </trkpt>
      <trkpt lat="45.9424" lon="4.46217">
        <ele>632.24</ele>
      </trkpt>
      <trkpt lat="45.94197" lon="4.46248">
        <ele>630.28</ele>
      </trkpt>
      <trkpt lat="45.94152" lon="4.46331">
        <ele>629.22</ele>
      </trkpt>
      <trkpt lat="45.94123" lon="4.4635">
        <ele>627.11</ele>
      </trkpt>
      <trkpt lat="45.94106" lon="4.46367">
        <ele>624.9</ele>
      </trkpt>
      <trkpt lat="45.94088" lon="4.46401">
        <ele>623.47</ele>
      </trkpt>
      <trkpt lat="45.94075" lon="4.46456">
        <ele>621.63</ele>
      </trkpt>
      <trkpt lat="45.94069" lon="4.4647">
        <ele>619.43</ele>
      </trkpt>
      <trkpt lat="45.94056" lon="4.4649">
        <ele>617.76</ele>
      </trkpt>
      <trkpt lat="45.94033" lon="4.46509">
        <ele>616.1</ele>
      </trkpt>
      <trkpt lat="45.94012" lon="4.46519">
        <ele>613.9</ele>
      </trkpt>
      <trkpt lat="45.93984" lon="4.46537">
        <ele>612.63</ele>
      </trkpt>
      <trkpt lat="45.93965" lon="4.46541">
        <ele>611.4</ele>
      </trkpt>
      <trkpt lat="45.93881" lon="4.46591">
        <ele>610.02</ele>
      </trkpt>
      <trkpt lat="45.93851" lon="4.46603">
        <ele>608.07</ele>
      </trkpt>
      <trkpt lat="45.93828" lon="4.46616">
        <ele>605.78</ele>
      </trkpt>
      <trkpt lat="45.9379" lon="4.46633">
        <ele>602.51</ele>
      </trkpt>
      <trkpt lat="45.93765" lon="4.46648">
        <ele>599.15</ele>
      </trkpt>
      <trkpt lat="45.93744" lon="4.46656">
        <ele>594.17</ele>
      </trkpt>
      <trkpt lat="45.93717" lon="4.46689">
        <ele>593.09</ele>
      </trkpt>
      <trkpt lat="45.93716" lon="4.46697">
        <ele>591.64</ele>
      </trkpt>
      <trkpt lat="45.93729" lon="4.46682">
        <ele>591.99</ele>
      </trkpt>
      <trkpt lat="45.93742" lon="4.46674">
        <ele>591.46</ele>
      </trkpt>
      <trkpt lat="45.93753" lon="4.4668">
        <ele>592</ele>
      </trkpt>
      <trkpt lat="45.9378" lon="4.46749">
        <ele>591.55</ele>
      </trkpt>
      <trkpt lat="45.93793" lon="4.46764">
        <ele>592.56</ele>
      </trkpt>
      <trkpt lat="45.93816" lon="4.46776">
        <ele>593.02</ele>
      </trkpt>
      <trkpt lat="45.93841" lon="4.46777">
        <ele>593.72</ele>
      </trkpt>
      <trkpt lat="45.93866" lon="4.46768">
        <ele>595.07</ele>
      </trkpt>
      <trkpt lat="45.93885" lon="4.46766">
        <ele>594.09</ele>
      </trkpt>
      <trkpt lat="45.93911" lon="4.46772">
        <ele>593.12</ele>
      </trkpt>
      <trkpt lat="45.9394" lon="4.46788">
        <ele>592.26</ele>
      </trkpt>
      <trkpt lat="45.9399" lon="4.46839">
        <ele>590.35</ele>
      </trkpt>
      <trkpt lat="45.94015" lon="4.46845">
        <ele>588.22</ele>
      </trkpt>
      <trkpt lat="45.94045" lon="4.46819">
        <ele>585.71</ele>
      </trkpt>
      <trkpt lat="45.94122" lon="4.46798">
        <ele>579.61</ele>
      </trkpt>
      <trkpt lat="45.94168" lon="4.46813">
        <ele>575.55</ele>
      </trkpt>
      <trkpt lat="45.94183" lon="4.46823">
        <ele>573.04</ele>
      </trkpt>
      <trkpt lat="45.9422" lon="4.46837">
        <ele>570.15</ele>
      </trkpt>
      <trkpt lat="45.94224" lon="4.46847">
        <ele>569.08</ele>
      </trkpt>
      <trkpt lat="45.94238" lon="4.46864">
        <ele>568.4</ele>
      </trkpt>
      <trkpt lat="45.94283" lon="4.46899">
        <ele>563.29</ele>
      </trkpt>
      <trkpt lat="45.94336" lon="4.46921">
        <ele>560.33</ele>
      </trkpt>
      <trkpt lat="45.94322" lon="4.46955">
        <ele>553.7</ele>
      </trkpt>
      <trkpt lat="45.94315" lon="4.46979">
        <ele>545.24</ele>
      </trkpt>
      <trkpt lat="45.94286" lon="4.47045">
        <ele>537.39</ele>
      </trkpt>
      <trkpt lat="45.94272" lon="4.47062">
        <ele>531.47</ele>
      </trkpt>
      <trkpt lat="45.94266" lon="4.47074">
        <ele>522.95</ele>
      </trkpt>
      <trkpt lat="45.9429" lon="4.47114">
        <ele>518.7</ele>
      </trkpt>
      <trkpt lat="45.94309" lon="4.47124">
        <ele>512.3</ele>
      </trkpt>
      <trkpt lat="45.94308" lon="4.47136">
        <ele>508.78</ele>
      </trkpt>
      <trkpt lat="45.9427" lon="4.47183">
        <ele>503.37</ele>
      </trkpt>
      <trkpt lat="45.94262" lon="4.47187">
        <ele>499.19</ele>
      </trkpt>
      <trkpt lat="45.94274" lon="4.47198">
        <ele>495.12</ele>
      </trkpt>
      <trkpt lat="45.94286" lon="4.47205">
        <ele>493.77</ele>
      </trkpt>
      <trkpt lat="45.94316" lon="4.47212">
        <ele>492.13</ele>
      </trkpt>
      <trkpt lat="45.94356" lon="4.4719">
        <ele>485.88</ele>
      </trkpt>
      <trkpt lat="45.94418" lon="4.47148">
        <ele>474.44</ele>
      </trkpt>
      <trkpt lat="45.94522" lon="4.47128">
        <ele>464.63</ele>
      </trkpt>
      <trkpt lat="45.94613" lon="4.47075">
        <ele>453.25</ele>
      </trkpt>
      <trkpt lat="45.94575" lon="4.4715">
        <ele>441.09</ele>
      </trkpt>
      <trkpt lat="45.94546" lon="4.47189">
        <ele>435.44</ele>
      </trkpt>
      <trkpt lat="45.94436" lon="4.47311">
        <ele>435.65</ele>
      </trkpt>
      <trkpt lat="45.94363" lon="4.47426">
        <ele>433.87</ele>
      </trkpt>
      <trkpt lat="45.94336" lon="4.47442">
        <ele>430.53</ele>
      </trkpt>
      <trkpt lat="45.94255" lon="4.47564">
        <ele>425.83</ele>
      </trkpt>
      <trkpt lat="45.9417" lon="4.47617">
        <ele>425.93</ele>
      </trkpt>
      <trkpt lat="45.94138" lon="4.47658">
        <ele>420.3</ele>
      </trkpt>
      <trkpt lat="45.94068" lon="4.47727">
        <ele>414.3</ele>
      </trkpt>
      <trkpt lat="45.93966" lon="4.47862">
        <ele>414.43</ele>
      </trkpt>
      <trkpt lat="45.93921" lon="4.47913">
        <ele>412.87</ele>
      </trkpt>
      <trkpt lat="45.93869" lon="4.47982">
        <ele>407.35</ele>
      </trkpt>
      <trkpt lat="45.9388" lon="4.47976">
        <ele>404.81</ele>
      </trkpt>
      <trkpt lat="45.93902" lon="4.47955">
        <ele>402.99</ele>
      </trkpt>
      <trkpt lat="45.93916" lon="4.47949">
        <ele>399.52</ele>
      </trkpt>
      <trkpt lat="45.93934" lon="4.4793">
        <ele>399.07</ele>
      </trkpt>
      <trkpt lat="45.93996" lon="4.47883">
        <ele>400.63</ele>
      </trkpt>
      <trkpt lat="45.94031" lon="4.47892">
        <ele>404.59</ele>
      </trkpt>
      <trkpt lat="45.94172" lon="4.47984">
        <ele>407.81</ele>
      </trkpt>
      <trkpt lat="45.94193" lon="4.47991">
        <ele>411.03</ele>
      </trkpt>
      <trkpt lat="45.9421" lon="4.47992">
        <ele>416.29</ele>
      </trkpt>
      <trkpt lat="45.9427" lon="4.48028">
        <ele>419.45</ele>
      </trkpt>
      <trkpt lat="45.94325" lon="4.48046">
        <ele>421.92</ele>
      </trkpt>
      <trkpt lat="45.94387" lon="4.48079">
        <ele>425.75</ele>
      </trkpt>
      <trkpt lat="45.94413" lon="4.481">
        <ele>427.91</ele>
      </trkpt>
      <trkpt lat="45.94426" lon="4.48115">
        <ele>428.25</ele>
      </trkpt>
      <trkpt lat="45.9445" lon="4.48124">
        <ele>428.64</ele>
      </trkpt>
      <trkpt lat="45.94462" lon="4.48132">
        <ele>431.61</ele>
      </trkpt>
      <trkpt lat="45.94522" lon="4.48149">
        <ele>433.33</ele>
      </trkpt>
      <trkpt lat="45.94576" lon="4.48173">
        <ele>436.57</ele>
      </trkpt>
      <trkpt lat="45.94623" lon="4.48204">
        <ele>439.7</ele>
      </trkpt>
      <trkpt lat="45.94635" lon="4.48205">
        <ele>442.28</ele>
      </trkpt>
      <trkpt lat="45.94659" lon="4.48217">
        <ele>444.06</ele>
      </trkpt>
      <trkpt lat="45.94683" lon="4.48245">
        <ele>447.07</ele>
      </trkpt>
      <trkpt lat="45.94788" lon="4.48316">
        <ele>450.37</ele>
      </trkpt>
      <trkpt lat="45.94821" lon="4.48352">
        <ele>454.19</ele>
      </trkpt>
      <trkpt lat="45.94869" lon="4.48423">
        <ele>459.24</ele>
      </trkpt>
      <trkpt lat="45.94902" lon="4.48453">
        <ele>463.72</ele>
      </trkpt>
      <trkpt lat="45.94938" lon="4.48481">
        <ele>468.61</ele>
      </trkpt>
      <trkpt lat="45.94983" lon="4.48498">
        <ele>472.56</ele>
      </trkpt>
      <trkpt lat="45.94993" lon="4.48507">
        <ele>477.79</ele>
      </trkpt>
      <trkpt lat="45.95037" lon="4.48526">
        <ele>487.99</ele>
      </trkpt>
      <trkpt lat="45.95094" lon="4.48535">
        <ele>498.14</ele>
      </trkpt>
      <trkpt lat="45.95246" lon="4.48541">
        <ele>510.02</ele>
      </trkpt>
      <trkpt lat="45.95314" lon="4.48555">
        <ele>522.52</ele>
      </trkpt>
      <trkpt lat="45.95435" lon="4.48601">
        <ele>534.25</ele>
      </trkpt>
      <trkpt lat="45.95447" lon="4.48602">
        <ele>542.37</ele>
      </trkpt>
      <trkpt lat="45.95471" lon="4.4858">
        <ele>550.45</ele>
      </trkpt>
      <trkpt lat="45.95531" lon="4.48599">
        <ele>559.39</ele>
      </trkpt>
      <trkpt lat="45.95558" lon="4.48599">
        <ele>567.96</ele>
      </trkpt>
      <trkpt lat="45.9568" lon="4.48589">
        <ele>573.89</ele>
      </trkpt>
      <trkpt lat="45.95678" lon="4.48595">
        <ele>578.92</ele>
      </trkpt>
      <trkpt lat="45.95648" lon="4.48622">
        <ele>583.13</ele>
      </trkpt>
      <trkpt lat="45.95617" lon="4.48674">
        <ele>584.57</ele>
      </trkpt>
      <trkpt lat="45.95605" lon="4.48687">
        <ele>583.79</ele>
      </trkpt>
      <trkpt lat="45.95546" lon="4.4871">
        <ele>586.04</ele>
      </trkpt>
      <trkpt lat="45.95534" lon="4.48719">
        <ele>590.44</ele>
      </trkpt>
      <trkpt lat="45.95502" lon="4.48758">
        <ele>591.86</ele>
      </trkpt>
      <trkpt lat="45.95487" lon="4.48801">
        <ele>594.17</ele>
      </trkpt>
      <trkpt lat="45.95471" lon="4.48825">
        <ele>598.13</ele>
      </trkpt>
      <trkpt lat="45.95452" lon="4.48835">
        <ele>601.3</ele>
      </trkpt>
      <trkpt lat="45.95388" lon="4.48822">
        <ele>599.06</ele>
      </trkpt>
      <trkpt lat="45.95324" lon="4.48816">
        <ele>596.44</ele>
      </trkpt>
      <trkpt lat="45.95283" lon="4.48797">
        <ele>590.56</ele>
      </trkpt>
      <trkpt lat="45.95227" lon="4.48808">
        <ele>584.73</ele>
      </trkpt>
      <trkpt lat="45.95196" lon="4.48818">
        <ele>578.48</ele>
      </trkpt>
      <trkpt lat="45.95175" lon="4.48835">
        <ele>573.47</ele>
      </trkpt>
      <trkpt lat="45.95162" lon="4.48868">
        <ele>571.15</ele>
      </trkpt>
      <trkpt lat="45.95158" lon="4.48899">
        <ele>570.46</ele>
      </trkpt>
      <trkpt lat="45.95169" lon="4.48966">
        <ele>569.48</ele>
      </trkpt>
      <trkpt lat="45.95159" lon="4.48976">
        <ele>566.72</ele>
      </trkpt>
      <trkpt lat="45.95117" lon="4.49001">
        <ele>567</ele>
      </trkpt>
      <trkpt lat="45.95081" lon="4.4903">
        <ele>570.02</ele>
      </trkpt>
      <trkpt lat="45.95047" lon="4.49117">
        <ele>573.61</ele>
      </trkpt>
      <trkpt lat="45.95044" lon="4.4913">
        <ele>577.3</ele>
      </trkpt>
      <trkpt lat="45.95026" lon="4.49161">
        <ele>583.58</ele>
      </trkpt>
      <trkpt lat="45.95018" lon="4.49156">
        <ele>589.14</ele>
      </trkpt>
      <trkpt lat="45.94999" lon="4.49165">
        <ele>594.25</ele>
      </trkpt>
      <trkpt lat="45.94952" lon="4.49211">
        <ele>600.17</ele>
      </trkpt>
      <trkpt lat="45.94922" lon="4.49259">
        <ele>605.09</ele>
      </trkpt>
      <trkpt lat="45.94899" lon="4.49286">
        <ele>609.75</ele>
      </trkpt>
      <trkpt lat="45.94907" lon="4.49303">
        <ele>612.9</ele>
      </trkpt>
      <trkpt lat="45.94926" lon="4.49315">
        <ele>613.43</ele>
      </trkpt>
      <trkpt lat="45.94931" lon="4.49331">
        <ele>612.32</ele>
      </trkpt>
      <trkpt lat="45.9493" lon="4.49392">
        <ele>612.85</ele>
      </trkpt>
      <trkpt lat="45.94932" lon="4.494">
        <ele>612.01</ele>
      </trkpt>
      <trkpt lat="45.94932" lon="4.49425">
        <ele>609.13</ele>
      </trkpt>
      <trkpt lat="45.94915" lon="4.49521">
        <ele>604.96</ele>
      </trkpt>
      <trkpt lat="45.9487" lon="4.49609">
        <ele>598.73</ele>
      </trkpt>
      <trkpt lat="45.94856" lon="4.49648">
        <ele>590.64</ele>
      </trkpt>
      <trkpt lat="45.94856" lon="4.49686">
        <ele>584.51</ele>
      </trkpt>
      <trkpt lat="45.94861" lon="4.49716">
        <ele>580.57</ele>
      </trkpt>
      <trkpt lat="45.94873" lon="4.49728">
        <ele>576.22</ele>
      </trkpt>
      <trkpt lat="45.949" lon="4.49737">
        <ele>570.45</ele>
      </trkpt>
      <trkpt lat="45.94909" lon="4.49746">
        <ele>566.03</ele>
      </trkpt>
      <trkpt lat="45.94903" lon="4.49792">
        <ele>559.75</ele>
      </trkpt>
      <trkpt lat="45.94903" lon="4.49839">
        <ele>551.21</ele>
      </trkpt>
      <trkpt lat="45.94899" lon="4.49916">
        <ele>543.58</ele>
      </trkpt>
      <trkpt lat="45.9488" lon="4.49955">
        <ele>537.02</ele>
      </trkpt>
      <trkpt lat="45.94882" lon="4.50027">
        <ele>529.55</ele>
      </trkpt>
      <trkpt lat="45.94874" lon="4.50158">
        <ele>518.17</ele>
      </trkpt>
      <trkpt lat="45.94863" lon="4.50223">
        <ele>507.06</ele>
      </trkpt>
      <trkpt lat="45.94861" lon="4.50401">
        <ele>497.12</ele>
      </trkpt>
      <trkpt lat="45.94854" lon="4.50443">
        <ele>489.28</ele>
      </trkpt>
      <trkpt lat="45.94856" lon="4.50454">
        <ele>482.86</ele>
      </trkpt>
      <trkpt lat="45.94871" lon="4.50478">
        <ele>479.61</ele>
      </trkpt>
      <trkpt lat="45.94871" lon="4.50488">
        <ele>475.7</ele>
      </trkpt>
      <trkpt lat="45.94864" lon="4.5054">
        <ele>471.43</ele>
      </trkpt>
      <trkpt lat="45.94847" lon="4.50587">
        <ele>465.65</ele>
      </trkpt>
      <trkpt lat="45.94848" lon="4.50597">
        <ele>459.97</ele>
      </trkpt>
      <trkpt lat="45.94878" lon="4.50673">
        <ele>455.88</ele>
      </trkpt>
      <trkpt lat="45.94879" lon="4.5068">
        <ele>453.27</ele>
      </trkpt>
      <trkpt lat="45.94878" lon="4.50693">
        <ele>448.78</ele>
      </trkpt>
      <trkpt lat="45.94868" lon="4.50733">
        <ele>445.16</ele>
      </trkpt>
      <trkpt lat="45.94844" lon="4.50774">
        <ele>441.79</ele>
      </trkpt>
      <trkpt lat="45.9483" lon="4.50789">
        <ele>436.81</ele>
      </trkpt>
      <trkpt lat="45.94826" lon="4.50802">
        <ele>431.84</ele>
      </trkpt>
      <trkpt lat="45.94831" lon="4.50872">
        <ele>428.72</ele>
      </trkpt>
      <trkpt lat="45.94846" lon="4.51014">
        <ele>426.79</ele>
      </trkpt>
      <trkpt lat="45.94855" lon="4.51058">
        <ele>424.26</ele>
      </trkpt>
      <trkpt lat="45.94869" lon="4.51083">
        <ele>422.18</ele>
      </trkpt>
      <trkpt lat="45.94872" lon="4.51096">
        <ele>421.15</ele>
      </trkpt>
      <trkpt lat="45.94876" lon="4.51144">
        <ele>420.51</ele>
      </trkpt>
      <trkpt lat="45.94875" lon="4.51171">
        <ele>418.71</ele>
      </trkpt>
      <trkpt lat="45.94872" lon="4.51189">
        <ele>416.4</ele>
      </trkpt>
      <trkpt lat="45.94863" lon="4.51215">
        <ele>414.72</ele>
      </trkpt>
      <trkpt lat="45.94858" lon="4.51269">
        <ele>411.48</ele>
      </trkpt>
      <trkpt lat="45.94841" lon="4.51321">
        <ele>407.45</ele>
      </trkpt>
      <trkpt lat="45.94836" lon="4.51349">
        <ele>403.54</ele>
      </trkpt>
      <trkpt lat="45.94834" lon="4.51398">
        <ele>399.3</ele>
      </trkpt>
      <trkpt lat="45.94838" lon="4.51486">
        <ele>394.26</ele>
      </trkpt>
      <trkpt lat="45.94831" lon="4.51563">
        <ele>389.25</ele>
      </trkpt>
      <trkpt lat="45.9483" lon="4.5164">
        <ele>383.72</ele>
      </trkpt>
      <trkpt lat="45.94823" lon="4.51709">
        <ele>376.12</ele>
      </trkpt>
      <trkpt lat="45.94814" lon="4.51746">
        <ele>367.81</ele>
      </trkpt>
      <trkpt lat="45.94795" lon="4.51915">
        <ele>359.32</ele>
      </trkpt>
      <trkpt lat="45.94792" lon="4.51994">
        <ele>350.19</ele>
      </trkpt>
      <trkpt lat="45.94781" lon="4.52056">
        <ele>341.85</ele>
      </trkpt>
      <trkpt lat="45.94763" lon="4.52086">
        <ele>335.36</ele>
      </trkpt>
      <trkpt lat="45.94742" lon="4.5213">
        <ele>330.41</ele>
      </trkpt>
      <trkpt lat="45.94721" lon="4.52178">
        <ele>327.26</ele>
      </trkpt>
      <trkpt lat="45.94708" lon="4.52218">
        <ele>325.53</ele>
      </trkpt>
      <trkpt lat="45.947" lon="4.52233">
        <ele>325.46</ele>
      </trkpt>
      <trkpt lat="45.94695" lon="4.52236">
        <ele>326.56</ele>
      </trkpt>
      <trkpt lat="45.94707" lon="4.52244">
        <ele>329.62</ele>
      </trkpt>
      <trkpt lat="45.9471" lon="4.52256">
        <ele>327.89</ele>
      </trkpt>
      <trkpt lat="45.94712" lon="4.52301">
        <ele>331.99</ele>
      </trkpt>
      <trkpt lat="45.94707" lon="4.52334">
        <ele>335.56</ele>
      </trkpt>
      <trkpt lat="45.94684" lon="4.52439">
        <ele>336.05</ele>
      </trkpt>
      <trkpt lat="45.94665" lon="4.52471">
        <ele>338.84</ele>
      </trkpt>
      <trkpt lat="45.94652" lon="4.52502">
        <ele>343.73</ele>
      </trkpt>
      <trkpt lat="45.9464" lon="4.52513">
        <ele>342.97</ele>
      </trkpt>
      <trkpt lat="45.94596" lon="4.52527">
        <ele>342.31</ele>
      </trkpt>
      <trkpt lat="45.94589" lon="4.52539">
        <ele>344.43</ele>
      </trkpt>
      <trkpt lat="45.94566" lon="4.52552">
        <ele>344.27</ele>
      </trkpt>
      <trkpt lat="45.94552" lon="4.52577">
        <ele>344.61</ele>
      </trkpt>
      <trkpt lat="45.94546" lon="4.52599">
        <ele>346.29</ele>
      </trkpt>
      <trkpt lat="45.94537" lon="4.52654">
        <ele>348.3</ele>
      </trkpt>
      <trkpt lat="45.94534" lon="4.52704">
        <ele>350.25</ele>
      </trkpt>
      <trkpt lat="45.94536" lon="4.52745">
        <ele>351.24</ele>
      </trkpt>
      <trkpt lat="45.9454" lon="4.5275">
        <ele>353.96</ele>
      </trkpt>
      <trkpt lat="45.94547" lon="4.52747">
        <ele>355.29</ele>
      </trkpt>
      <trkpt lat="45.94558" lon="4.52733">
        <ele>355.53</ele>
      </trkpt>
      <trkpt lat="45.94574" lon="4.52701">
        <ele>356.02</ele>
      </trkpt>
      <trkpt lat="45.94583" lon="4.5267">
        <ele>354.74</ele>
      </trkpt>
      <trkpt lat="45.94588" lon="4.52683">
        <ele>350.37</ele>
      </trkpt>
      <trkpt lat="45.94584" lon="4.52722">
        <ele>346.53</ele>
      </trkpt>
      <trkpt lat="45.94542" lon="4.52875">
        <ele>338.44</ele>
      </trkpt>
      <trkpt lat="45.94533" lon="4.52899">
        <ele>335.6</ele>
      </trkpt>
      <trkpt lat="45.94518" lon="4.52929">
        <ele>334.01</ele>
      </trkpt>
      <trkpt lat="45.94513" lon="4.52933">
        <ele>334.02</ele>
      </trkpt>
      <trkpt lat="45.94508" lon="4.52948">
        <ele>330.61</ele>
      </trkpt>
      <trkpt lat="45.94498" lon="4.53002">
        <ele>328.26</ele>
      </trkpt>
      <trkpt lat="45.94488" lon="4.5309">
        <ele>317.58</ele>
      </trkpt>
      <trkpt lat="45.94476" lon="4.53151">
        <ele>307.08</ele>
      </trkpt>
      <trkpt lat="45.94468" lon="4.53218">
        <ele>298.63</ele>
      </trkpt>
      <trkpt lat="45.94467" lon="4.53242">
        <ele>290.72</ele>
      </trkpt>
      <trkpt lat="45.9447" lon="4.53257">
        <ele>286.1</ele>
      </trkpt>
      <trkpt lat="45.94468" lon="4.53302">
        <ele>284.71</ele>
      </trkpt>
      <trkpt lat="45.94462" lon="4.53318">
        <ele>282.82</ele>
      </trkpt>
      <trkpt lat="45.94463" lon="4.53327">
        <ele>280.43</ele>
      </trkpt>
      <trkpt lat="45.94455" lon="4.53344">
        <ele>279.85</ele>
      </trkpt>
      <trkpt lat="45.94426" lon="4.53371">
        <ele>279.52</ele>
      </trkpt>
      <trkpt lat="45.94418" lon="4.53389">
        <ele>278.46</ele>
      </trkpt>
      <trkpt lat="45.9442" lon="4.53422">
        <ele>277.12</ele>
      </trkpt>
      <trkpt lat="45.94435" lon="4.53427">
        <ele>275.66</ele>
      </trkpt>
      <trkpt lat="45.9446" lon="4.53494">
        <ele>275.23</ele>
      </trkpt>
      <trkpt lat="45.94477" lon="4.5355">
        <ele>274.6</ele>
      </trkpt>
      <trkpt lat="45.945" lon="4.536">
        <ele>275.51</ele>
      </trkpt>
      <trkpt lat="45.94521" lon="4.53631">
        <ele>277.24</ele>
      </trkpt>
      <trkpt lat="45.94561" lon="4.5368">
        <ele>279.97</ele>
      </trkpt>
      <trkpt lat="45.94579" lon="4.53708">
        <ele>284.34</ele>
      </trkpt>
      <trkpt lat="45.94552" lon="4.53748">
        <ele>289</ele>
      </trkpt>
      <trkpt lat="45.94571" lon="4.53765">
        <ele>293.44</ele>
      </trkpt>
      <trkpt lat="45.94584" lon="4.5385">
        <ele>297.34</ele>
      </trkpt>
      <trkpt lat="45.94584" lon="4.53888">
        <ele>301.73</ele>
      </trkpt>
      <trkpt lat="45.94586" lon="4.53897">
        <ele>303.6</ele>
      </trkpt>
      <trkpt lat="45.94631" lon="4.53948">
        <ele>304.65</ele>
      </trkpt>
      <trkpt lat="45.9464" lon="4.53948">
        <ele>305.74</ele>
      </trkpt>
      <trkpt lat="45.94666" lon="4.53915">
        <ele>306.82</ele>
      </trkpt>
      <trkpt lat="45.94687" lon="4.53878">
        <ele>307.28</ele>
      </trkpt>
      <trkpt lat="45.94702" lon="4.53867">
        <ele>310.96</ele>
      </trkpt>
      <trkpt lat="45.94733" lon="4.53864">
        <ele>314.6</ele>
      </trkpt>
      <trkpt lat="45.94739" lon="4.53893">
        <ele>317.36</ele>
      </trkpt>
      <trkpt lat="45.94739" lon="4.5391">
        <ele>320.09</ele>
      </trkpt>
      <trkpt lat="45.94741" lon="4.53916">
        <ele>322.24</ele>
      </trkpt>
      <trkpt lat="45.94745" lon="4.53917">
        <ele>321.44</ele>
      </trkpt>
      <trkpt lat="45.94747" lon="4.53914">
        <ele>321.82</ele>
      </trkpt>
      <trkpt lat="45.94751" lon="4.53919">
        <ele>321.97</ele>
      </trkpt>
      <trkpt lat="45.94753" lon="4.53947">
        <ele>323.2</ele>
      </trkpt>
      <trkpt lat="45.94758" lon="4.53958">
        <ele>325.74</ele>
      </trkpt>
      <trkpt lat="45.94763" lon="4.53981">
        <ele>328.89</ele>
      </trkpt>
      <trkpt lat="45.94786" lon="4.53981">
        <ele>332.72</ele>
      </trkpt>
      <trkpt lat="45.9481" lon="4.5401">
        <ele>339.36</ele>
      </trkpt>
      <trkpt lat="45.94833" lon="4.54008">
        <ele>347.41</ele>
      </trkpt>
      <trkpt lat="45.94866" lon="4.54025">
        <ele>353.8</ele>
      </trkpt>
      <trkpt lat="45.94903" lon="4.5404">
        <ele>363.29</ele>
      </trkpt>
      <trkpt lat="45.94919" lon="4.54044">
        <ele>371.89</ele>
      </trkpt>
      <trkpt lat="45.95015" lon="4.54143">
        <ele>378.08</ele>
      </trkpt>
      <trkpt lat="45.95051" lon="4.54184">
        <ele>381.84</ele>
      </trkpt>
      <trkpt lat="45.95068" lon="4.54183">
        <ele>385.8</ele>
      </trkpt>
      <trkpt lat="45.95103" lon="4.54173">
        <ele>386.29</ele>
      </trkpt>
      <trkpt lat="45.95122" lon="4.54176">
        <ele>386.75</ele>
      </trkpt>
      <trkpt lat="45.95152" lon="4.54185">
        <ele>387.22</ele>
      </trkpt>
      <trkpt lat="45.95196" lon="4.54216">
        <ele>387.42</ele>
      </trkpt>
      <trkpt lat="45.95206" lon="4.54236">
        <ele>388.06</ele>
      </trkpt>
      <trkpt lat="45.95248" lon="4.54342">
        <ele>389.02</ele>
      </trkpt>
      <trkpt lat="45.95303" lon="4.54465">
        <ele>390.62</ele>
      </trkpt>
      <trkpt lat="45.95303" lon="4.54521">
        <ele>392.3</ele>
      </trkpt>
      <trkpt lat="45.95299" lon="4.54609">
        <ele>393.81</ele>
      </trkpt>
      <trkpt lat="45.95284" lon="4.54681">
        <ele>395.4</ele>
      </trkpt>
      <trkpt lat="45.95283" lon="4.5471">
        <ele>396.94</ele>
      </trkpt>
      <trkpt lat="45.95288" lon="4.54731">
        <ele>398.39</ele>
      </trkpt>
      <trkpt lat="45.95301" lon="4.54746">
        <ele>399.91</ele>
      </trkpt>
      <trkpt lat="45.95364" lon="4.54793">
        <ele>401.37</ele>
      </trkpt>
      <trkpt lat="45.9536" lon="4.54855">
        <ele>401.8</ele>
      </trkpt>
      <trkpt lat="45.95369" lon="4.54909">
        <ele>401.56</ele>
      </trkpt>
      <trkpt lat="45.95372" lon="4.54993">
        <ele>399.75</ele>
      </trkpt>
      <trkpt lat="45.95381" lon="4.55041">
        <ele>396.72</ele>
      </trkpt>
      <trkpt lat="45.95381" lon="4.55081">
        <ele>394.41</ele>
      </trkpt>
      <trkpt lat="45.95396" lon="4.55144">
        <ele>391.64</ele>
      </trkpt>
      <trkpt lat="45.95429" lon="4.55209">
        <ele>389.25</ele>
      </trkpt>
      <trkpt lat="45.95427" lon="4.55235">
        <ele>388.44</ele>
      </trkpt>
      <trkpt lat="45.95409" lon="4.55335">
        <ele>388.84</ele>
      </trkpt>
      <trkpt lat="45.95408" lon="4.55418">
        <ele>388.69</ele>
      </trkpt>
      <trkpt lat="45.95396" lon="4.55445">
        <ele>390.46</ele>
      </trkpt>
      <trkpt lat="45.95402" lon="4.55463">
        <ele>393.13</ele>
      </trkpt>
      <trkpt lat="45.95398" lon="4.55489">
        <ele>394.55</ele>
      </trkpt>
      <trkpt lat="45.95382" lon="4.55538">
        <ele>395.86</ele>
      </trkpt>
      <trkpt lat="45.95359" lon="4.55637">
        <ele>395.3</ele>
      </trkpt>
      <trkpt lat="45.95359" lon="4.5565">
        <ele>393.51</ele>
      </trkpt>
      <trkpt lat="45.95331" lon="4.55729">
        <ele>390.5</ele>
      </trkpt>
      <trkpt lat="45.95329" lon="4.55747">
        <ele>387.3</ele>
      </trkpt>
      <trkpt lat="45.95338" lon="4.55772">
        <ele>383.88</ele>
      </trkpt>
      <trkpt lat="45.9534" lon="4.55793">
        <ele>380.08</ele>
      </trkpt>
      <trkpt lat="45.95335" lon="4.55815">
        <ele>376.11</ele>
      </trkpt>
      <trkpt lat="45.95285" lon="4.55913">
        <ele>370.51</ele>
      </trkpt>
      <trkpt lat="45.95256" lon="4.55935">
        <ele>365.31</ele>
      </trkpt>
      <trkpt lat="45.95199" lon="4.55972">
        <ele>360.51</ele>
      </trkpt>
      <trkpt lat="45.95171" lon="4.55973">
        <ele>358.41</ele>
      </trkpt>
      <trkpt lat="45.95159" lon="4.5597">
        <ele>356.51</ele>
      </trkpt>
      <trkpt lat="45.95153" lon="4.55973">
        <ele>356.28</ele>
      </trkpt>
      <trkpt lat="45.95151" lon="4.55987">
        <ele>356.5</ele>
      </trkpt>
      <trkpt lat="45.95152" lon="4.55995">
        <ele>356.4</ele>
      </trkpt>
      <trkpt lat="45.95157" lon="4.56003">
        <ele>356.36</ele>
      </trkpt>
      <trkpt lat="45.95223" lon="4.56036">
        <ele>356.91</ele>
      </trkpt>
      <trkpt lat="45.95228" lon="4.56044">
        <ele>356.97</ele>
      </trkpt>
      <trkpt lat="45.9523" lon="4.56058">
        <ele>356.38</ele>
      </trkpt>
      <trkpt lat="45.95229" lon="4.56074">
        <ele>354.8</ele>
      </trkpt>
      <trkpt lat="45.95215" lon="4.56084">
        <ele>352.91</ele>
      </trkpt>
      <trkpt lat="45.95189" lon="4.56093">
        <ele>351.44</ele>
      </trkpt>
      <trkpt lat="45.95192" lon="4.56097">
        <ele>349.94</ele>
      </trkpt>
      <trkpt lat="45.95194" lon="4.5611">
        <ele>349.55</ele>
      </trkpt>
      <trkpt lat="45.9519" lon="4.56129">
        <ele>350.59</ele>
      </trkpt>
      <trkpt lat="45.95207" lon="4.56186">
        <ele>353.76</ele>
      </trkpt>
      <trkpt lat="45.95226" lon="4.56262">
        <ele>355.87</ele>
      </trkpt>
      <trkpt lat="45.95238" lon="4.56325">
        <ele>359.4</ele>
      </trkpt>
      <trkpt lat="45.95243" lon="4.56341">
        <ele>362.11</ele>
      </trkpt>
      <trkpt lat="45.95252" lon="4.56357">
        <ele>363.8</ele>
      </trkpt>
      <trkpt lat="45.95276" lon="4.56456">
        <ele>364.58</ele>
      </trkpt>
      <trkpt lat="45.95278" lon="4.56476">
        <ele>365.88</ele>
      </trkpt>
      <trkpt lat="45.95284" lon="4.56489">
        <ele>365.9</ele>
      </trkpt>
      <trkpt lat="45.95293" lon="4.56534">
        <ele>365.66</ele>
      </trkpt>
      <trkpt lat="45.953" lon="4.56585">
        <ele>364.47</ele>
      </trkpt>
      <trkpt lat="45.95296" lon="4.5661">
        <ele>361.74</ele>
      </trkpt>
      <trkpt lat="45.95294" lon="4.56648">
        <ele>358.27</ele>
      </trkpt>
      <trkpt lat="45.95299" lon="4.56691">
        <ele>356.48</ele>
      </trkpt>
      <trkpt lat="45.95317" lon="4.56715">
        <ele>354.95</ele>
      </trkpt>
      <trkpt lat="45.95334" lon="4.56722">
        <ele>354.52</ele>
      </trkpt>
      <trkpt lat="45.95333" lon="4.56734">
        <ele>353.77</ele>
      </trkpt>
      <trkpt lat="45.95326" lon="4.56756">
        <ele>354.78</ele>
      </trkpt>
      <trkpt lat="45.95306" lon="4.5677">
        <ele>356.09</ele>
      </trkpt>
      <trkpt lat="45.95284" lon="4.56798">
        <ele>359.23</ele>
      </trkpt>
      <trkpt lat="45.95265" lon="4.56836">
        <ele>363.18</ele>
      </trkpt>
      <trkpt lat="45.95259" lon="4.56904">
        <ele>367.45</ele>
      </trkpt>
      <trkpt lat="45.95255" lon="4.57008">
        <ele>370.8</ele>
      </trkpt>
      <trkpt lat="45.95263" lon="4.5706">
        <ele>373.04</ele>
      </trkpt>
      <trkpt lat="45.9528" lon="4.5708">
        <ele>372.91</ele>
      </trkpt>
      <trkpt lat="45.95299" lon="4.57083">
        <ele>371.62</ele>
      </trkpt>
      <trkpt lat="45.95324" lon="4.57091">
        <ele>371.37</ele>
      </trkpt>
      <trkpt lat="45.95372" lon="4.57126">
        <ele>371.05</ele>
      </trkpt>
      <trkpt lat="45.9543" lon="4.57241">
        <ele>370.29</ele>
      </trkpt>
      <trkpt lat="45.95454" lon="4.57282">
        <ele>369.48</ele>
      </trkpt>
      <trkpt lat="45.95472" lon="4.57303">
        <ele>369.97</ele>
      </trkpt>
      <trkpt lat="45.95493" lon="4.57313">
        <ele>370.5</ele>
      </trkpt>
      <trkpt lat="45.95551" lon="4.57331">
        <ele>374.52</ele>
      </trkpt>
      <trkpt lat="45.95537" lon="4.57357">
        <ele>381.5</ele>
      </trkpt>
      <trkpt lat="45.95488" lon="4.57474">
        <ele>390.27</ele>
      </trkpt>
      <trkpt lat="45.9545" lon="4.5753">
        <ele>398.17</ele>
      </trkpt>
      <trkpt lat="45.9544" lon="4.57565">
        <ele>405.81</ele>
      </trkpt>
      <trkpt lat="45.9544" lon="4.57579">
        <ele>410.64</ele>
      </trkpt>
      <trkpt lat="45.95437" lon="4.57586">
        <ele>412.75</ele>
      </trkpt>
      <trkpt lat="45.95428" lon="4.57586">
        <ele>414.88</ele>
      </trkpt>
      <trkpt lat="45.95416" lon="4.5757">
        <ele>419.21</ele>
      </trkpt>
      <trkpt lat="45.95383" lon="4.57567">
        <ele>421.12</ele>
      </trkpt>
      <trkpt lat="45.95348" lon="4.57568">
        <ele>422.62</ele>
      </trkpt>
      <trkpt lat="45.95331" lon="4.57563">
        <ele>422.92</ele>
      </trkpt>
      <trkpt lat="45.95321" lon="4.57555">
        <ele>423.04</ele>
      </trkpt>
      <trkpt lat="45.95318" lon="4.57538">
        <ele>421.71</ele>
      </trkpt>
      <trkpt lat="45.95301" lon="4.57545">
        <ele>422.95</ele>
      </trkpt>
      <trkpt lat="45.95297" lon="4.57552">
        <ele>423.95</ele>
      </trkpt>
      <trkpt lat="45.95288" lon="4.57553">
        <ele>427.92</ele>
      </trkpt>
      <trkpt lat="45.95264" lon="4.57545">
        <ele>430.57</ele>
      </trkpt>
      <trkpt lat="45.95252" lon="4.57552">
        <ele>433.15</ele>
      </trkpt>
      <trkpt lat="45.95232" lon="4.5757">
        <ele>435.91</ele>
      </trkpt>
      <trkpt lat="45.95209" lon="4.57605">
        <ele>439.02</ele>
      </trkpt>
      <trkpt lat="45.9519" lon="4.57614">
        <ele>443.44</ele>
      </trkpt>
      <trkpt lat="45.95157" lon="4.57644">
        <ele>448.27</ele>
      </trkpt>
      <trkpt lat="45.95071" lon="4.57735">
        <ele>453.64</ele>
      </trkpt>
      <trkpt lat="45.95001" lon="4.57773">
        <ele>458.7</ele>
      </trkpt>
      <trkpt lat="45.94949" lon="4.57791">
        <ele>465.52</ele>
      </trkpt>
      <trkpt lat="45.94912" lon="4.57798">
        <ele>470.58</ele>
      </trkpt>
      <trkpt lat="45.9477" lon="4.57831">
        <ele>475.7</ele>
      </trkpt>
      <trkpt lat="45.94735" lon="4.57842">
        <ele>480.1</ele>
      </trkpt>
      <trkpt lat="45.94716" lon="4.57845">
        <ele>484.57</ele>
      </trkpt>
      <trkpt lat="45.94712" lon="4.57872">
        <ele>487.69</ele>
      </trkpt>
      <trkpt lat="45.94701" lon="4.57911">
        <ele>491.65</ele>
      </trkpt>
      <trkpt lat="45.94685" lon="4.57949">
        <ele>496.43</ele>
      </trkpt>
      <trkpt lat="45.94685" lon="4.58026">
        <ele>500.76</ele>
      </trkpt>
      <trkpt lat="45.94691" lon="4.5807">
        <ele>505.06</ele>
      </trkpt>
      <trkpt lat="45.94696" lon="4.58079">
        <ele>508.48</ele>
      </trkpt>
      <trkpt lat="45.94721" lon="4.58095">
        <ele>507.59</ele>
      </trkpt>
      <trkpt lat="45.9472" lon="4.58098">
        <ele>506.64</ele>
      </trkpt>
      <trkpt lat="45.94679" lon="4.58108">
        <ele>510.2</ele>
      </trkpt>
      <trkpt lat="45.94643" lon="4.58125">
        <ele>513.08</ele>
      </trkpt>
      <trkpt lat="45.94636" lon="4.58195">
        <ele>516.62</ele>
      </trkpt>
      <trkpt lat="45.94639" lon="4.58201">
        <ele>521.98</ele>
      </trkpt>
      <trkpt lat="45.94665" lon="4.58207">
        <ele>526.03</ele>
      </trkpt>
      <trkpt lat="45.9467" lon="4.58212">
        <ele>525.8</ele>
      </trkpt>
      <trkpt lat="45.94672" lon="4.58218">
        <ele>525.78</ele>
      </trkpt>
      <trkpt lat="45.94673" lon="4.58226">
        <ele>524.87</ele>
      </trkpt>
      <trkpt lat="45.94663" lon="4.58277">
        <ele>524.33</ele>
      </trkpt>
      <trkpt lat="45.94745" lon="4.58315">
        <ele>524.49</ele>
      </trkpt>
      <trkpt lat="45.94786" lon="4.58341">
        <ele>524.72</ele>
      </trkpt>
      <trkpt lat="45.94826" lon="4.58358">
        <ele>525.16</ele>
      </trkpt>
      <trkpt lat="45.9486" lon="4.58367">
        <ele>525.66</ele>
      </trkpt>
      <trkpt lat="45.94895" lon="4.5837">
        <ele>526.56</ele>
      </trkpt>
      <trkpt lat="45.94895" lon="4.5837">
        <ele>526.56</ele>
      </trkpt>
      <trkpt lat="45.94899" lon="4.58383">
        <ele>526.89</ele>
      </trkpt>
      <trkpt lat="45.94907" lon="4.58472">
        <ele>523.79</ele>
      </trkpt>
      <trkpt lat="45.94947" lon="4.58582">
        <ele>522.74</ele>
      </trkpt>
      <trkpt lat="45.94956" lon="4.58629">
        <ele>522.2</ele>
      </trkpt>
      <trkpt lat="45.94954" lon="4.58674">
        <ele>523.46</ele>
      </trkpt>
      <trkpt lat="45.94944" lon="4.58709">
        <ele>524.58</ele>
      </trkpt>
      <trkpt lat="45.94893" lon="4.58782">
        <ele>526.59</ele>
      </trkpt>
      <trkpt lat="45.94863" lon="4.58832">
        <ele>529.02</ele>
      </trkpt>
      <trkpt lat="45.94834" lon="4.58913">
        <ele>532.38</ele>
      </trkpt>
      <trkpt lat="45.9484" lon="4.5897">
        <ele>535.54</ele>
      </trkpt>
      <trkpt lat="45.94875" lon="4.5903">
        <ele>539.27</ele>
      </trkpt>
      <trkpt lat="45.9488" lon="4.59062">
        <ele>542.64</ele>
      </trkpt>
      <trkpt lat="45.94877" lon="4.59103">
        <ele>546.49</ele>
      </trkpt>
      <trkpt lat="45.94885" lon="4.59141">
        <ele>550.59</ele>
      </trkpt>
      <trkpt lat="45.94888" lon="4.59176">
        <ele>554.04</ele>
      </trkpt>
      <trkpt lat="45.9488" lon="4.59248">
        <ele>556.78</ele>
      </trkpt>
      <trkpt lat="45.9488" lon="4.59267">
        <ele>559.63</ele>
      </trkpt>
      <trkpt lat="45.94897" lon="4.59304">
        <ele>561.88</ele>
      </trkpt>
      <trkpt lat="45.94928" lon="4.59356">
        <ele>562.67</ele>
      </trkpt>
      <trkpt lat="45.94934" lon="4.59361">
        <ele>563.3</ele>
      </trkpt>
      <trkpt lat="45.94942" lon="4.59362">
        <ele>563.21</ele>
      </trkpt>
      <trkpt lat="45.94956" lon="4.59404">
        <ele>561.9</ele>
      </trkpt>
      <trkpt lat="45.94975" lon="4.59438">
        <ele>558.78</ele>
      </trkpt>
      <trkpt lat="45.94994" lon="4.59485">
        <ele>554.86</ele>
      </trkpt>
      <trkpt lat="45.95001" lon="4.59753">
        <ele>551.92</ele>
      </trkpt>
      <trkpt lat="45.95009" lon="4.59803">
        <ele>549.98</ele>
      </trkpt>
      <trkpt lat="45.9501" lon="4.59869">
        <ele>549.01</ele>
      </trkpt>
      <trkpt lat="45.95009" lon="4.60054">
        <ele>551.29</ele>
      </trkpt>
      <trkpt lat="45.95004" lon="4.60102">
        <ele>553.08</ele>
      </trkpt>
      <trkpt lat="45.94997" lon="4.60133">
        <ele>558.41</ele>
      </trkpt>
      <trkpt lat="45.95007" lon="4.60155">
        <ele>563.27</ele>
      </trkpt>
      <trkpt lat="45.95016" lon="4.60221">
        <ele>567.85</ele>
      </trkpt>
      <trkpt lat="45.9503" lon="4.60262">
        <ele>570.56</ele>
      </trkpt>
      <trkpt lat="45.95015" lon="4.60273">
        <ele>574.61</ele>
      </trkpt>
      <trkpt lat="45.95006" lon="4.60275">
        <ele>574.63</ele>
      </trkpt>
      <trkpt lat="45.95004" lon="4.60284">
        <ele>574.44</ele>
      </trkpt>
      <trkpt lat="45.94964" lon="4.60348">
        <ele>574.72</ele>
      </trkpt>
      <trkpt lat="45.94922" lon="4.60406">
        <ele>573.28</ele>
      </trkpt>
      <trkpt lat="45.94894" lon="4.60455">
        <ele>574.31</ele>
      </trkpt>
      <trkpt lat="45.94868" lon="4.60489">
        <ele>575.23</ele>
      </trkpt>
      <trkpt lat="45.9484" lon="4.60542">
        <ele>575.76</ele>
      </trkpt>
      <trkpt lat="45.9483" lon="4.60554">
        <ele>575.58</ele>
      </trkpt>
      <trkpt lat="45.9482" lon="4.6058">
        <ele>578.1</ele>
      </trkpt>
      <trkpt lat="45.94816" lon="4.60605">
        <ele>577.15</ele>
      </trkpt>
      <trkpt lat="45.94812" lon="4.60635">
        <ele>579.3</ele>
      </trkpt>
      <trkpt lat="45.94815" lon="4.6066">
        <ele>582.04</ele>
      </trkpt>
      <trkpt lat="45.94855" lon="4.6078">
        <ele>585.55</ele>
      </trkpt>
      <trkpt lat="45.9486" lon="4.60812">
        <ele>587.36</ele>
      </trkpt>
      <trkpt lat="45.94873" lon="4.60867">
        <ele>587.8</ele>
      </trkpt>
      <trkpt lat="45.94875" lon="4.60893">
        <ele>585.25</ele>
      </trkpt>
      <trkpt lat="45.94874" lon="4.60927">
        <ele>579.32</ele>
      </trkpt>
      <trkpt lat="45.94869" lon="4.6095">
        <ele>573.68</ele>
      </trkpt>
      <trkpt lat="45.94827" lon="4.6105">
        <ele>569.72</ele>
      </trkpt>
      <trkpt lat="45.94812" lon="4.61094">
        <ele>566.05</ele>
      </trkpt>
      <trkpt lat="45.94807" lon="4.61118">
        <ele>561.13</ele>
      </trkpt>
      <trkpt lat="45.94779" lon="4.61185">
        <ele>558.16</ele>
      </trkpt>
      <trkpt lat="45.94728" lon="4.61276">
        <ele>554.6</ele>
      </trkpt>
      <trkpt lat="45.94716" lon="4.61291">
        <ele>547.79</ele>
      </trkpt>
      <trkpt lat="45.94722" lon="4.61308">
        <ele>544.53</ele>
      </trkpt>
      <trkpt lat="45.94796" lon="4.61313">
        <ele>539</ele>
      </trkpt>
      <trkpt lat="45.94811" lon="4.61325">
        <ele>534.43</ele>
      </trkpt>
      <trkpt lat="45.94821" lon="4.61353">
        <ele>527.1</ele>
      </trkpt>
      <trkpt lat="45.94839" lon="4.61383">
        <ele>522.88</ele>
      </trkpt>
      <trkpt lat="45.94851" lon="4.61436">
        <ele>516.29</ele>
      </trkpt>
      <trkpt lat="45.94847" lon="4.61458">
        <ele>513.38</ele>
      </trkpt>
      <trkpt lat="45.94833" lon="4.61465">
        <ele>508.96</ele>
      </trkpt>
      <trkpt lat="45.94782" lon="4.61481">
        <ele>505.79</ele>
      </trkpt>
      <trkpt lat="45.94765" lon="4.615">
        <ele>501.78</ele>
      </trkpt>
      <trkpt lat="45.94715" lon="4.61567">
        <ele>498.15</ele>
      </trkpt>
      <trkpt lat="45.94699" lon="4.61582">
        <ele>495.39</ele>
      </trkpt>
      <trkpt lat="45.94694" lon="4.61593">
        <ele>492.07</ele>
      </trkpt>
      <trkpt lat="45.94676" lon="4.61618">
        <ele>487.58</ele>
      </trkpt>
      <trkpt lat="45.9464" lon="4.61643">
        <ele>484.69</ele>
      </trkpt>
      <trkpt lat="45.94608" lon="4.61677">
        <ele>482.73</ele>
      </trkpt>
      <trkpt lat="45.94529" lon="4.61717">
        <ele>478.05</ele>
      </trkpt>
      <trkpt lat="45.94502" lon="4.61734">
        <ele>475.87</ele>
      </trkpt>
      <trkpt lat="45.94468" lon="4.61748">
        <ele>475.86</ele>
      </trkpt>
      <trkpt lat="45.94362" lon="4.61735">
        <ele>473.67</ele>
      </trkpt>
      <trkpt lat="45.94342" lon="4.61745">
        <ele>470.58</ele>
      </trkpt>
      <trkpt lat="45.9432" lon="4.61744">
        <ele>468.22</ele>
      </trkpt>
      <trkpt lat="45.94314" lon="4.61749">
        <ele>465.51</ele>
      </trkpt>
      <trkpt lat="45.94307" lon="4.61798">
        <ele>463.12</ele>
      </trkpt>
      <trkpt lat="45.943" lon="4.61802">
        <ele>462.53</ele>
      </trkpt>
      <trkpt lat="45.94183" lon="4.61788">
        <ele>459.49</ele>
      </trkpt>
      <trkpt lat="45.94135" lon="4.6178">
        <ele>457.26</ele>
      </trkpt>
      <trkpt lat="45.94129" lon="4.6179">
        <ele>456.66</ele>
      </trkpt>
      <trkpt lat="45.94126" lon="4.61809">
        <ele>456.6</ele>
      </trkpt>
      <trkpt lat="45.94113" lon="4.6181">
        <ele>454.54</ele>
      </trkpt>
      <trkpt lat="45.94097" lon="4.61807">
        <ele>456.36</ele>
      </trkpt>
      <trkpt lat="45.94081" lon="4.61798">
        <ele>458.9</ele>
      </trkpt>
      <trkpt lat="45.94063" lon="4.61784">
        <ele>460.07</ele>
      </trkpt>
      <trkpt lat="45.94035" lon="4.6174">
        <ele>460.9</ele>
      </trkpt>
      <trkpt lat="45.94012" lon="4.61713">
        <ele>462</ele>
      </trkpt>
      <trkpt lat="45.93993" lon="4.61667">
        <ele>460.25</ele>
      </trkpt>
      <trkpt lat="45.9396" lon="4.61628">
        <ele>457.24</ele>
      </trkpt>
      <trkpt lat="45.93943" lon="4.61604">
        <ele>453.26</ele>
      </trkpt>
      <trkpt lat="45.93927" lon="4.61587">
        <ele>448.32</ele>
      </trkpt>
      <trkpt lat="45.93897" lon="4.61603">
        <ele>443.88</ele>
      </trkpt>
      <trkpt lat="45.93857" lon="4.61632">
        <ele>439.85</ele>
      </trkpt>
      <trkpt lat="45.93854" lon="4.61619">
        <ele>435.52</ele>
      </trkpt>
      <trkpt lat="45.938" lon="4.61629">
        <ele>431.62</ele>
      </trkpt>
      <trkpt lat="45.9377" lon="4.61639">
        <ele>427.31</ele>
      </trkpt>
      <trkpt lat="45.93745" lon="4.6164">
        <ele>422.54</ele>
      </trkpt>
      <trkpt lat="45.93693" lon="4.61634">
        <ele>418.33</ele>
      </trkpt>
      <trkpt lat="45.93665" lon="4.61644">
        <ele>414.63</ele>
      </trkpt>
      <trkpt lat="45.93642" lon="4.6164">
        <ele>410.91</ele>
      </trkpt>
      <trkpt lat="45.93611" lon="4.61629">
        <ele>408.32</ele>
      </trkpt>
      <trkpt lat="45.93592" lon="4.61626">
        <ele>405.17</ele>
      </trkpt>
      <trkpt lat="45.93575" lon="4.61627">
        <ele>403.13</ele>
      </trkpt>
      <trkpt lat="45.93556" lon="4.61609">
        <ele>400.56</ele>
      </trkpt>
      <trkpt lat="45.93552" lon="4.61587">
        <ele>397.13</ele>
      </trkpt>
      <trkpt lat="45.93556" lon="4.61553">
        <ele>391.53</ele>
      </trkpt>
      <trkpt lat="45.93554" lon="4.61533">
        <ele>390.54</ele>
      </trkpt>
      <trkpt lat="45.93569" lon="4.61441">
        <ele>386.12</ele>
      </trkpt>
      <trkpt lat="45.93577" lon="4.61424">
        <ele>382.83</ele>
      </trkpt>
      <trkpt lat="45.93586" lon="4.6137">
        <ele>381.15</ele>
      </trkpt>
      <trkpt lat="45.93585" lon="4.61356">
        <ele>384.98</ele>
      </trkpt>
      <trkpt lat="45.93571" lon="4.61346">
        <ele>385.82</ele>
      </trkpt>
      <trkpt lat="45.93486" lon="4.61311">
        <ele>389.29</ele>
      </trkpt>
      <trkpt lat="45.93451" lon="4.61324">
        <ele>392.07</ele>
      </trkpt>
      <trkpt lat="45.93443" lon="4.61324">
        <ele>394.08</ele>
      </trkpt>
      <trkpt lat="45.93426" lon="4.61332">
        <ele>394.95</ele>
      </trkpt>
      <trkpt lat="45.93407" lon="4.61336">
        <ele>394.93</ele>
      </trkpt>
      <trkpt lat="45.93395" lon="4.61324">
        <ele>395.94</ele>
      </trkpt>
      <trkpt lat="45.93382" lon="4.61302">
        <ele>396.57</ele>
      </trkpt>
      <trkpt lat="45.93367" lon="4.61293">
        <ele>399.48</ele>
      </trkpt>
      <trkpt lat="45.93353" lon="4.61296">
        <ele>399.43</ele>
      </trkpt>
      <trkpt lat="45.93344" lon="4.61304">
        <ele>401.32</ele>
      </trkpt>
      <trkpt lat="45.933" lon="4.61324">
        <ele>400.83</ele>
      </trkpt>
      <trkpt lat="45.93261" lon="4.61323">
        <ele>404.83</ele>
      </trkpt>
      <trkpt lat="45.93232" lon="4.61331">
        <ele>407.58</ele>
      </trkpt>
      <trkpt lat="45.93067" lon="4.61358">
        <ele>412.67</ele>
      </trkpt>
      <trkpt lat="45.93039" lon="4.61351">
        <ele>415.64</ele>
      </trkpt>
      <trkpt lat="45.93009" lon="4.61326">
        <ele>421.33</ele>
      </trkpt>
      <trkpt lat="45.9299" lon="4.61323">
        <ele>423.57</ele>
      </trkpt>
      <trkpt lat="45.9295" lon="4.61328">
        <ele>425.31</ele>
      </trkpt>
      <trkpt lat="45.92899" lon="4.6132">
        <ele>425.64</ele>
      </trkpt>
      <trkpt lat="45.92866" lon="4.61306">
        <ele>426.71</ele>
      </trkpt>
      <trkpt lat="45.92822" lon="4.61276">
        <ele>426.23</ele>
      </trkpt>
      <trkpt lat="45.92756" lon="4.61216">
        <ele>425.13</ele>
      </trkpt>
      <trkpt lat="45.92704" lon="4.61164">
        <ele>424.05</ele>
      </trkpt>
      <trkpt lat="45.92651" lon="4.61106">
        <ele>422.54</ele>
      </trkpt>
      <trkpt lat="45.92622" lon="4.61081">
        <ele>421.04</ele>
      </trkpt>
      <trkpt lat="45.926" lon="4.61075">
        <ele>419.55</ele>
      </trkpt>
      <trkpt lat="45.92589" lon="4.61076">
        <ele>417.78</ele>
      </trkpt>
      <trkpt lat="45.92557" lon="4.6112">
        <ele>415.95</ele>
      </trkpt>
      <trkpt lat="45.92549" lon="4.61123">
        <ele>415.26</ele>
      </trkpt>
      <trkpt lat="45.92542" lon="4.61121">
        <ele>415.38</ele>
      </trkpt>
      <trkpt lat="45.92525" lon="4.61083">
        <ele>415.87</ele>
      </trkpt>
      <trkpt lat="45.925" lon="4.6101">
        <ele>417.23</ele>
      </trkpt>
      <trkpt lat="45.92492" lon="4.60995">
        <ele>418.17</ele>
      </trkpt>
      <trkpt lat="45.92487" lon="4.60991">
        <ele>419.62</ele>
      </trkpt>
      <trkpt lat="45.92482" lon="4.60991">
        <ele>420.61</ele>
      </trkpt>
      <trkpt lat="45.92447" lon="4.61015">
        <ele>421.43</ele>
      </trkpt>
      <trkpt lat="45.92423" lon="4.6105">
        <ele>422.81</ele>
      </trkpt>
      <trkpt lat="45.92415" lon="4.61073">
        <ele>422.91</ele>
      </trkpt>
      <trkpt lat="45.92389" lon="4.61119">
        <ele>420.57</ele>
      </trkpt>
      <trkpt lat="45.92358" lon="4.612">
        <ele>417.93</ele>
      </trkpt>
      <trkpt lat="45.92326" lon="4.61231">
        <ele>415.66</ele>
      </trkpt>
      <trkpt lat="45.92314" lon="4.61253">
        <ele>411.25</ele>
      </trkpt>
      <trkpt lat="45.92281" lon="4.61301">
        <ele>408.69</ele>
      </trkpt>
      <trkpt lat="45.9224" lon="4.61398">
        <ele>407.06</ele>
      </trkpt>
      <trkpt lat="45.92224" lon="4.61428">
        <ele>404.63</ele>
      </trkpt>
      <trkpt lat="45.92205" lon="4.61455">
        <ele>399.81</ele>
      </trkpt>
      <trkpt lat="45.92147" lon="4.61533">
        <ele>396.31</ele>
      </trkpt>
      <trkpt lat="45.92132" lon="4.61544">
        <ele>394.07</ele>
      </trkpt>
      <trkpt lat="45.92099" lon="4.61559">
        <ele>391.23</ele>
      </trkpt>
      <trkpt lat="45.92084" lon="4.61569">
        <ele>387.79</ele>
      </trkpt>
      <trkpt lat="45.92062" lon="4.61596">
        <ele>387.41</ele>
      </trkpt>
      <trkpt lat="45.92044" lon="4.6163">
        <ele>387.93</ele>
      </trkpt>
      <trkpt lat="45.92027" lon="4.6165">
        <ele>385.67</ele>
      </trkpt>
      <trkpt lat="45.92011" lon="4.61654">
        <ele>384.5</ele>
      </trkpt>
      <trkpt lat="45.91999" lon="4.6167">
        <ele>383.81</ele>
      </trkpt>
      <trkpt lat="45.91985" lon="4.61695">
        <ele>380.98</ele>
      </trkpt>
      <trkpt lat="45.91977" lon="4.6173">
        <ele>376.78</ele>
      </trkpt>
      <trkpt lat="45.91973" lon="4.6177">
        <ele>373.42</ele>
      </trkpt>
      <trkpt lat="45.91947" lon="4.61814">
        <ele>369.02</ele>
      </trkpt>
      <trkpt lat="45.91924" lon="4.61845">
        <ele>364.84</ele>
      </trkpt>
      <trkpt lat="45.91896" lon="4.61876">
        <ele>361.48</ele>
      </trkpt>
      <trkpt lat="45.91853" lon="4.61902">
        <ele>358.75</ele>
      </trkpt>
      <trkpt lat="45.91828" lon="4.61922">
        <ele>356.65</ele>
      </trkpt>
      <trkpt lat="45.91778" lon="4.61951">
        <ele>354.08</ele>
      </trkpt>
      <trkpt lat="45.91774" lon="4.61956">
        <ele>351.98</ele>
      </trkpt>
      <trkpt lat="45.91771" lon="4.61971">
        <ele>350.32</ele>
      </trkpt>
      <trkpt lat="45.91827" lon="4.62023">
        <ele>348.87</ele>
      </trkpt>
      <trkpt lat="45.91854" lon="4.62052">
        <ele>347.51</ele>
      </trkpt>
      <trkpt lat="45.91873" lon="4.62076">
        <ele>347.11</ele>
      </trkpt>
      <trkpt lat="45.91882" lon="4.62092">
        <ele>346.48</ele>
      </trkpt>
      <trkpt lat="45.91881" lon="4.62098">
        <ele>345.28</ele>
      </trkpt>
      <trkpt lat="45.9187" lon="4.62114">
        <ele>343.75</ele>
      </trkpt>
      <trkpt lat="45.91835" lon="4.62158">
        <ele>341.5</ele>
      </trkpt>
      <trkpt lat="45.91817" lon="4.62172">
        <ele>339.36</ele>
      </trkpt>
      <trkpt lat="45.91768" lon="4.62178">
        <ele>337.99</ele>
      </trkpt>
      <trkpt lat="45.91724" lon="4.62187">
        <ele>337.37</ele>
      </trkpt>
      <trkpt lat="45.91677" lon="4.62191">
        <ele>336.96</ele>
      </trkpt>
      <trkpt lat="45.91622" lon="4.62201">
        <ele>337.38</ele>
      </trkpt>
      <trkpt lat="45.91599" lon="4.62211">
        <ele>337.24</ele>
      </trkpt>
      <trkpt lat="45.91483" lon="4.62306">
        <ele>337.06</ele>
      </trkpt>
      <trkpt lat="45.91432" lon="4.62342">
        <ele>336.89</ele>
      </trkpt>
      <trkpt lat="45.91407" lon="4.62353">
        <ele>336.67</ele>
      </trkpt>
      <trkpt lat="45.91367" lon="4.62366">
        <ele>336.41</ele>
      </trkpt>
      <trkpt lat="45.91361" lon="4.62364">
        <ele>336.7</ele>
      </trkpt>
      <trkpt lat="45.91358" lon="4.62347">
        <ele>337.26</ele>
      </trkpt>
      <trkpt lat="45.91373" lon="4.62262">
        <ele>339.17</ele>
      </trkpt>
      <trkpt lat="45.91384" lon="4.6211">
        <ele>341.62</ele>
      </trkpt>
      <trkpt lat="45.91397" lon="4.61986">
        <ele>345.62</ele>
      </trkpt>
      <trkpt lat="45.91413" lon="4.61921">
        <ele>349.28</ele>
      </trkpt>
      <trkpt lat="45.91434" lon="4.61859">
        <ele>352.94</ele>
      </trkpt>
      <trkpt lat="45.91433" lon="4.61846">
        <ele>354.43</ele>
      </trkpt>
      <trkpt lat="45.914" lon="4.61753">
        <ele>356.16</ele>
      </trkpt>
      <trkpt lat="45.91402" lon="4.61747">
        <ele>356.11</ele>
      </trkpt>
      <trkpt lat="45.91406" lon="4.61746">
        <ele>356.95</ele>
      </trkpt>
      <trkpt lat="45.9142" lon="4.61734">
        <ele>357.1</ele>
      </trkpt>
      <trkpt lat="45.91469" lon="4.61708">
        <ele>358.18</ele>
      </trkpt>
      <trkpt lat="45.91479" lon="4.61696">
        <ele>358.28</ele>
      </trkpt>
      <trkpt lat="45.91484" lon="4.61677">
        <ele>358.28</ele>
      </trkpt>
      <trkpt lat="45.91529" lon="4.61658">
        <ele>358.32</ele>
      </trkpt>
      <trkpt lat="45.9154" lon="4.61649">
        <ele>358.84</ele>
      </trkpt>
      <trkpt lat="45.91529" lon="4.61638">
        <ele>358.22</ele>
      </trkpt>
      <trkpt lat="45.91525" lon="4.6163">
        <ele>358.14</ele>
      </trkpt>
      <trkpt lat="45.91517" lon="4.61606">
        <ele>355.9</ele>
      </trkpt>
      <trkpt lat="45.91514" lon="4.61586">
        <ele>353.46</ele>
      </trkpt>
      <trkpt lat="45.91513" lon="4.61473">
        <ele>351.46</ele>
      </trkpt>
      <trkpt lat="45.91506" lon="4.61415">
        <ele>350.52</ele>
      </trkpt>
      <trkpt lat="45.91505" lon="4.61367">
        <ele>350</ele>
      </trkpt>
      <trkpt lat="45.91502" lon="4.6135">
        <ele>352.05</ele>
      </trkpt>
      <trkpt lat="45.91485" lon="4.61296">
        <ele>354.17</ele>
      </trkpt>
      <trkpt lat="45.91463" lon="4.61253">
        <ele>355.84</ele>
      </trkpt>
      <trkpt lat="45.91457" lon="4.61236">
        <ele>357.41</ele>
      </trkpt>
      <trkpt lat="45.91396" lon="4.61131">
        <ele>358.56</ele>
      </trkpt>
      <trkpt lat="45.91341" lon="4.60998">
        <ele>359.85</ele>
      </trkpt>
      <trkpt lat="45.91306" lon="4.60901">
        <ele>360.84</ele>
      </trkpt>
      <trkpt lat="45.91299" lon="4.60856">
        <ele>361.55</ele>
      </trkpt>
      <trkpt lat="45.91298" lon="4.60817">
        <ele>362.15</ele>
      </trkpt>
      <trkpt lat="45.91294" lon="4.60815">
        <ele>360.94</ele>
      </trkpt>
      <trkpt lat="45.91289" lon="4.60817">
        <ele>358.95</ele>
      </trkpt>
      <trkpt lat="45.91172" lon="4.60909">
        <ele>356.23</ele>
      </trkpt>
      <trkpt lat="45.91156" lon="4.60933">
        <ele>353.8</ele>
      </trkpt>
      <trkpt lat="45.91133" lon="4.60981">
        <ele>351.33</ele>
      </trkpt>
      <trkpt lat="45.91124" lon="4.60988">
        <ele>349.86</ele>
      </trkpt>
      <trkpt lat="45.91092" lon="4.60993">
        <ele>348.75</ele>
      </trkpt>
      <trkpt lat="45.9108" lon="4.61">
        <ele>347.28</ele>
      </trkpt>
      <trkpt lat="45.91063" lon="4.61027">
        <ele>345.25</ele>
      </trkpt>
      <trkpt lat="45.91047" lon="4.61078">
        <ele>342.1</ele>
      </trkpt>
      <trkpt lat="45.91038" lon="4.61095">
        <ele>338.99</ele>
      </trkpt>
      <trkpt lat="45.90959" lon="4.61182">
        <ele>331.91</ele>
      </trkpt>
      <trkpt lat="45.90939" lon="4.61211">
        <ele>324.31</ele>
      </trkpt>
      <trkpt lat="45.90886" lon="4.6133">
        <ele>317.2</ele>
      </trkpt>
      <trkpt lat="45.90856" lon="4.61372">
        <ele>310.73</ele>
      </trkpt>
      <trkpt lat="45.90785" lon="4.61407">
        <ele>303.6</ele>
      </trkpt>
      <trkpt lat="45.90717" lon="4.61453">
        <ele>299.17</ele>
      </trkpt>
      <trkpt lat="45.90638" lon="4.61488">
        <ele>297.52</ele>
      </trkpt>
      <trkpt lat="45.90603" lon="4.61511">
        <ele>295.65</ele>
      </trkpt>
      <trkpt lat="45.9055" lon="4.61532">
        <ele>293.51</ele>
      </trkpt>
      <trkpt lat="45.9053" lon="4.61535">
        <ele>293.1</ele>
      </trkpt>
      <trkpt lat="45.90515" lon="4.61543">
        <ele>294.38</ele>
      </trkpt>
      <trkpt lat="45.90505" lon="4.61533">
        <ele>293.18</ele>
      </trkpt>
      <trkpt lat="45.90486" lon="4.61527">
        <ele>292.76</ele>
      </trkpt>
      <trkpt lat="45.90461" lon="4.61511">
        <ele>294.23</ele>
      </trkpt>
      <trkpt lat="45.90452" lon="4.61497">
        <ele>295.77</ele>
      </trkpt>
      <trkpt lat="45.90445" lon="4.61472">
        <ele>297.34</ele>
      </trkpt>
      <trkpt lat="45.90441" lon="4.61427">
        <ele>300.75</ele>
      </trkpt>
      <trkpt lat="45.90437" lon="4.61408">
        <ele>303.7</ele>
      </trkpt>
      <trkpt lat="45.90426" lon="4.61388">
        <ele>305.56</ele>
      </trkpt>
      <trkpt lat="45.90406" lon="4.61335">
        <ele>305.8</ele>
      </trkpt>
      <trkpt lat="45.90388" lon="4.61333">
        <ele>305.7</ele>
      </trkpt>
      <trkpt lat="45.90337" lon="4.61346">
        <ele>305.1</ele>
      </trkpt>
      <trkpt lat="45.90326" lon="4.61342">
        <ele>304.33</ele>
      </trkpt>
      <trkpt lat="45.90302" lon="4.61319">
        <ele>303.53</ele>
      </trkpt>
      <trkpt lat="45.90284" lon="4.6129">
        <ele>303.5</ele>
      </trkpt>
      <trkpt lat="45.90228" lon="4.61166">
        <ele>303.66</ele>
      </trkpt>
      <trkpt lat="45.90177" lon="4.61088">
        <ele>303.72</ele>
      </trkpt>
      <trkpt lat="45.90144" lon="4.61029">
        <ele>303.65</ele>
      </trkpt>
      <trkpt lat="45.90129" lon="4.60966">
        <ele>303.73</ele>
      </trkpt>
      <trkpt lat="45.9012" lon="4.60952">
        <ele>303.83</ele>
      </trkpt>
      <trkpt lat="45.90089" lon="4.60925">
        <ele>303.93</ele>
      </trkpt>
      <trkpt lat="45.90078" lon="4.60904">
        <ele>303.54</ele>
      </trkpt>
      <trkpt lat="45.90072" lon="4.60877">
        <ele>303.25</ele>
      </trkpt>
      <trkpt lat="45.9006" lon="4.60856">
        <ele>302.9</ele>
      </trkpt>
      <trkpt lat="45.90043" lon="4.60843">
        <ele>302.74</ele>
      </trkpt>
      <trkpt lat="45.90048" lon="4.60776">
        <ele>302.13</ele>
      </trkpt>
      <trkpt lat="45.90045" lon="4.60766">
        <ele>301.57</ele>
      </trkpt>
      <trkpt lat="45.90038" lon="4.60766">
        <ele>300.77</ele>
      </trkpt>
      <trkpt lat="45.90002" lon="4.6078">
        <ele>299.92</ele>
      </trkpt>
      <trkpt lat="45.89984" lon="4.60782">
        <ele>298.66</ele>
      </trkpt>
      <trkpt lat="45.89949" lon="4.6078">
        <ele>296.24</ele>
      </trkpt>
      <trkpt lat="45.89904" lon="4.60785">
        <ele>292.98</ele>
      </trkpt>
      <trkpt lat="45.8972" lon="4.60824">
        <ele>289.21</ele>
      </trkpt>
      <trkpt lat="45.89576" lon="4.60851">
        <ele>285.53</ele>
      </trkpt>
      <trkpt lat="45.89523" lon="4.6086">
        <ele>282.08</ele>
      </trkpt>
      <trkpt lat="45.89514" lon="4.60856">
        <ele>280.22</ele>
      </trkpt>
      <trkpt lat="45.89509" lon="4.60846">
        <ele>279.32</ele>
      </trkpt>
      <trkpt lat="45.89496" lon="4.60778">
        <ele>277.87</ele>
      </trkpt>
      <trkpt lat="45.89472" lon="4.6071">
        <ele>277.1</ele>
      </trkpt>
      <trkpt lat="45.89451" lon="4.60676">
        <ele>276.12</ele>
      </trkpt>
      <trkpt lat="45.89494" lon="4.60627">
        <ele>275.3</ele>
      </trkpt>
      <trkpt lat="45.89469" lon="4.60558">
        <ele>275.14</ele>
      </trkpt>
      <trkpt lat="45.89473" lon="4.6043">
        <ele>276.45</ele>
      </trkpt>
      <trkpt lat="45.89468" lon="4.60372">
        <ele>277.2</ele>
      </trkpt>
      <trkpt lat="45.89461" lon="4.60327">
        <ele>278.29</ele>
      </trkpt>
      <trkpt lat="45.89454" lon="4.60306">
        <ele>279.52</ele>
      </trkpt>
      <trkpt lat="45.89454" lon="4.603">
        <ele>280.3</ele>
      </trkpt>
      <trkpt lat="45.8946" lon="4.60298">
        <ele>281.29</ele>
      </trkpt>
      <trkpt lat="45.89478" lon="4.60299">
        <ele>282.66</ele>
      </trkpt>
      <trkpt lat="45.89529" lon="4.60306">
        <ele>284.19</ele>
      </trkpt>
      <trkpt lat="45.89549" lon="4.60304">
        <ele>286.47</ele>
      </trkpt>
      <trkpt lat="45.89594" lon="4.60292">
        <ele>288.9</ele>
      </trkpt>
      <trkpt lat="45.89675" lon="4.60275">
        <ele>291.95</ele>
      </trkpt>
      <trkpt lat="45.8968" lon="4.6027">
        <ele>294.71</ele>
      </trkpt>
      <trkpt lat="45.89675" lon="4.60084">
        <ele>297.29</ele>
      </trkpt>
      <trkpt lat="45.89692" lon="4.6002">
        <ele>298.76</ele>
      </trkpt>
      <trkpt lat="45.89716" lon="4.59949">
        <ele>301.55</ele>
      </trkpt>
      <trkpt lat="45.89724" lon="4.59943">
        <ele>303.27</ele>
      </trkpt>
      <trkpt lat="45.89771" lon="4.59925">
        <ele>304.23</ele>
      </trkpt>
      <trkpt lat="45.89776" lon="4.59919">
        <ele>306.11</ele>
      </trkpt>
      <trkpt lat="45.89788" lon="4.59885">
        <ele>308.01</ele>
      </trkpt>
      <trkpt lat="45.89804" lon="4.59866">
        <ele>308.57</ele>
      </trkpt>
      <trkpt lat="45.8982" lon="4.59856">
        <ele>309.36</ele>
      </trkpt>
      <trkpt lat="45.89867" lon="4.5984">
        <ele>311.77</ele>
      </trkpt>
      <trkpt lat="45.89922" lon="4.59799">
        <ele>310.52</ele>
      </trkpt>
      <trkpt lat="45.89936" lon="4.59783">
        <ele>307.98</ele>
      </trkpt>
      <trkpt lat="45.89927" lon="4.59761">
        <ele>304.82</ele>
      </trkpt>
      <trkpt lat="45.89884" lon="4.59685">
        <ele>300.85</ele>
      </trkpt>
      <trkpt lat="45.89874" lon="4.59657">
        <ele>296.03</ele>
      </trkpt>
      <trkpt lat="45.89868" lon="4.59652">
        <ele>294.04</ele>
      </trkpt>
      <trkpt lat="45.89858" lon="4.59654">
        <ele>293.33</ele>
      </trkpt>
      <trkpt lat="45.89849" lon="4.5965">
        <ele>292.33</ele>
      </trkpt>
      <trkpt lat="45.89831" lon="4.5963">
        <ele>290.9</ele>
      </trkpt>
      <trkpt lat="45.89833" lon="4.59592">
        <ele>289.45</ele>
      </trkpt>
      <trkpt lat="45.89831" lon="4.59569">
        <ele>284.53</ele>
      </trkpt>
      <trkpt lat="45.89862" lon="4.59501">
        <ele>279.39</ele>
      </trkpt>
      <trkpt lat="45.89766" lon="4.59403">
        <ele>274.55</ele>
      </trkpt>
      <trkpt lat="45.89749" lon="4.5939">
        <ele>269.18</ele>
      </trkpt>
      <trkpt lat="45.89726" lon="4.59387">
        <ele>264.1</ele>
      </trkpt>
      <trkpt lat="45.89706" lon="4.5939">
        <ele>262.22</ele>
      </trkpt>
      <trkpt lat="45.89664" lon="4.59435">
        <ele>257.89</ele>
      </trkpt>
      <trkpt lat="45.8963" lon="4.59424">
        <ele>254.33</ele>
      </trkpt>
      <trkpt lat="45.89613" lon="4.59429">
        <ele>251.91</ele>
      </trkpt>
      <trkpt lat="45.89587" lon="4.59452">
        <ele>249.16</ele>
      </trkpt>
      <trkpt lat="45.8958" lon="4.59465">
        <ele>246.75</ele>
      </trkpt>
      <trkpt lat="45.89576" lon="4.59466">
        <ele>244.98</ele>
      </trkpt>
      <trkpt lat="45.89575" lon="4.59462">
        <ele>244.16</ele>
      </trkpt>
      <trkpt lat="45.89588" lon="4.59439">
        <ele>242.11</ele>
      </trkpt>
      <trkpt lat="45.89573" lon="4.59417">
        <ele>239.9</ele>
      </trkpt>
      <trkpt lat="45.89583" lon="4.59395">
        <ele>237.41</ele>
      </trkpt>
      <trkpt lat="45.89621" lon="4.59275">
        <ele>236.85</ele>
      </trkpt>
      <trkpt lat="45.8964" lon="4.59196">
        <ele>235.1</ele>
      </trkpt>
      <trkpt lat="45.89657" lon="4.59137">
        <ele>234.98</ele>
      </trkpt>
      <trkpt lat="45.89654" lon="4.59133">
        <ele>234.94</ele>
      </trkpt>
      <trkpt lat="45.89646" lon="4.59131">
        <ele>235.13</ele>
      </trkpt>
      <trkpt lat="45.89639" lon="4.59135">
        <ele>235.22</ele>
      </trkpt>
      <trkpt lat="45.89625" lon="4.59151">
        <ele>235.36</ele>
      </trkpt>
      <trkpt lat="45.89617" lon="4.59149">
        <ele>235.59</ele>
      </trkpt>
      <trkpt lat="45.89592" lon="4.59126">
        <ele>235.72</ele>
      </trkpt>
      <trkpt lat="45.89555" lon="4.5913">
        <ele>235.49</ele>
      </trkpt>
      <trkpt lat="45.89533" lon="4.59113">
        <ele>235.16</ele>
      </trkpt>
      <trkpt lat="45.8952" lon="4.59095">
        <ele>234.94</ele>
      </trkpt>
      <trkpt lat="45.89495" lon="4.59039">
        <ele>234.92</ele>
      </trkpt>
      <trkpt lat="45.89436" lon="4.58881">
        <ele>235.64</ele>
      </trkpt>
      <trkpt lat="45.89431" lon="4.58859">
        <ele>236.29</ele>
      </trkpt>
      <trkpt lat="45.89425" lon="4.58849">
        <ele>237.81</ele>
      </trkpt>
      <trkpt lat="45.89415" lon="4.58847">
        <ele>239.28</ele>
      </trkpt>
      <trkpt lat="45.89376" lon="4.5886">
        <ele>240.49</ele>
      </trkpt>
      <trkpt lat="45.89365" lon="4.58866">
        <ele>240.86</ele>
      </trkpt>
      <trkpt lat="45.89362" lon="4.5887">
        <ele>242.96</ele>
      </trkpt>
      <trkpt lat="45.89353" lon="4.58863">
        <ele>245.08</ele>
      </trkpt>
      <trkpt lat="45.89344" lon="4.58832">
        <ele>248.06</ele>
      </trkpt>
      <trkpt lat="45.89303" lon="4.58783">
        <ele>252.61</ele>
      </trkpt>
      <trkpt lat="45.89293" lon="4.58774">
        <ele>256.38</ele>
      </trkpt>
      <trkpt lat="45.89284" lon="4.58772">
        <ele>258.4</ele>
      </trkpt>
      <trkpt lat="45.89273" lon="4.5875">
        <ele>261.55</ele>
      </trkpt>
      <trkpt lat="45.89267" lon="4.58745">
        <ele>263.46</ele>
      </trkpt>
      <trkpt lat="45.89259" lon="4.58747">
        <ele>265.17</ele>
      </trkpt>
      <trkpt lat="45.89241" lon="4.58762">
        <ele>268.47</ele>
      </trkpt>
      <trkpt lat="45.89222" lon="4.58774">
        <ele>272.85</ele>
      </trkpt>
      <trkpt lat="45.89197" lon="4.58772">
        <ele>275.76</ele>
      </trkpt>
      <trkpt lat="45.89151" lon="4.58744">
        <ele>279.14</ele>
      </trkpt>
      <trkpt lat="45.89132" lon="4.58727">
        <ele>280.89</ele>
      </trkpt>
      <trkpt lat="45.89097" lon="4.58703">
        <ele>282.33</ele>
      </trkpt>
      <trkpt lat="45.89059" lon="4.58685">
        <ele>283.3</ele>
      </trkpt>
      <trkpt lat="45.88937" lon="4.58619">
        <ele>284.04</ele>
      </trkpt>
      <trkpt lat="45.88899" lon="4.58602">
        <ele>284.97</ele>
      </trkpt>
      <trkpt lat="45.8887" lon="4.58585">
        <ele>286.24</ele>
      </trkpt>
      <trkpt lat="45.88784" lon="4.58559">
        <ele>287.18</ele>
      </trkpt>
      <trkpt lat="45.88726" lon="4.58538">
        <ele>287.86</ele>
      </trkpt>
      <trkpt lat="45.88721" lon="4.58537">
        <ele>288.45</ele>
      </trkpt>
      <trkpt lat="45.88717" lon="4.58542">
        <ele>288.8</ele>
      </trkpt>
      <trkpt lat="45.88693" lon="4.58614">
        <ele>288.96</ele>
      </trkpt>
      <trkpt lat="45.88679" lon="4.58625">
        <ele>293.15</ele>
      </trkpt>
      <trkpt lat="45.88616" lon="4.58661">
        <ele>297.12</ele>
      </trkpt>
      <trkpt lat="45.88534" lon="4.58628">
        <ele>303.01</ele>
      </trkpt>
      <trkpt lat="45.88525" lon="4.58577">
        <ele>309.31</ele>
      </trkpt>
      <trkpt lat="45.88495" lon="4.58566">
        <ele>316.47</ele>
      </trkpt>
      <trkpt lat="45.88476" lon="4.5854">
        <ele>319.33</ele>
      </trkpt>
      <trkpt lat="45.88442" lon="4.58511">
        <ele>322.72</ele>
      </trkpt>
      <trkpt lat="45.88422" lon="4.58499">
        <ele>323.76</ele>
      </trkpt>
      <trkpt lat="45.88401" lon="4.5847">
        <ele>326.81</ele>
      </trkpt>
      <trkpt lat="45.88381" lon="4.58462">
        <ele>329.38</ele>
      </trkpt>
      <trkpt lat="45.88338" lon="4.58437">
        <ele>332.37</ele>
      </trkpt>
      <trkpt lat="45.88309" lon="4.58427">
        <ele>335.64</ele>
      </trkpt>
      <trkpt lat="45.8827" lon="4.58407">
        <ele>340.06</ele>
      </trkpt>
      <trkpt lat="45.88247" lon="4.58404">
        <ele>343.93</ele>
      </trkpt>
      <trkpt lat="45.88216" lon="4.58406">
        <ele>347.45</ele>
      </trkpt>
      <trkpt lat="45.88173" lon="4.58419">
        <ele>353.77</ele>
      </trkpt>
      <trkpt lat="45.88156" lon="4.58416">
        <ele>362.22</ele>
      </trkpt>
      <trkpt lat="45.88075" lon="4.58378">
        <ele>370.37</ele>
      </trkpt>
      <trkpt lat="45.8797" lon="4.58336">
        <ele>376.39</ele>
      </trkpt>
      <trkpt lat="45.87933" lon="4.58315">
        <ele>382.45</ele>
      </trkpt>
      <trkpt lat="45.87894" lon="4.58311">
        <ele>386.46</ele>
      </trkpt>
      <trkpt lat="45.87856" lon="4.58315">
        <ele>387.15</ele>
      </trkpt>
      <trkpt lat="45.87823" lon="4.58322">
        <ele>387.9</ele>
      </trkpt>
      <trkpt lat="45.87803" lon="4.58316">
        <ele>389.51</ele>
      </trkpt>
      <trkpt lat="45.87754" lon="4.58284">
        <ele>391.52</ele>
      </trkpt>
      <trkpt lat="45.87675" lon="4.58244">
        <ele>393.16</ele>
      </trkpt>
      <trkpt lat="45.87635" lon="4.58213">
        <ele>395.77</ele>
      </trkpt>
      <trkpt lat="45.87597" lon="4.58208">
        <ele>398.67</ele>
      </trkpt>
      <trkpt lat="45.87559" lon="4.58199">
        <ele>401.01</ele>
      </trkpt>
      <trkpt lat="45.87523" lon="4.58185">
        <ele>403.63</ele>
      </trkpt>
      <trkpt lat="45.87496" lon="4.58158">
        <ele>406.58</ele>
      </trkpt>
      <trkpt lat="45.87448" lon="4.58118">
        <ele>407.93</ele>
      </trkpt>
      <trkpt lat="45.87363" lon="4.58069">
        <ele>408.65</ele>
      </trkpt>
      <trkpt lat="45.87319" lon="4.58047">
        <ele>408.73</ele>
      </trkpt>
      <trkpt lat="45.8724" lon="4.58015">
        <ele>408.07</ele>
      </trkpt>
      <trkpt lat="45.87179" lon="4.58003">
        <ele>404.44</ele>
      </trkpt>
      <trkpt lat="45.87154" lon="4.57974">
        <ele>402.51</ele>
      </trkpt>
      <trkpt lat="45.87065" lon="4.57923">
        <ele>396.06</ele>
      </trkpt>
      <trkpt lat="45.8703" lon="4.57917">
        <ele>390.21</ele>
      </trkpt>
      <trkpt lat="45.86942" lon="4.57813">
        <ele>383.67</ele>
      </trkpt>
      <trkpt lat="45.86937" lon="4.578">
        <ele>378.92</ele>
      </trkpt>
      <trkpt lat="45.86838" lon="4.57822">
        <ele>373.06</ele>
      </trkpt>
      <trkpt lat="45.86801" lon="4.57818">
        <ele>371.62</ele>
      </trkpt>
      <trkpt lat="45.86724" lon="4.57799">
        <ele>369.89</ele>
      </trkpt>
      <trkpt lat="45.86719" lon="4.5779">
        <ele>368.11</ele>
      </trkpt>
      <trkpt lat="45.86708" lon="4.57738">
        <ele>366.69</ele>
      </trkpt>
      <trkpt lat="45.86706" lon="4.57732">
        <ele>366.65</ele>
      </trkpt>
      <trkpt lat="45.86702" lon="4.57731">
        <ele>366</ele>
      </trkpt>
      <trkpt lat="45.86693" lon="4.57733">
        <ele>366.65</ele>
      </trkpt>
      <trkpt lat="45.86653" lon="4.5773">
        <ele>367.99</ele>
      </trkpt>
      <trkpt lat="45.86566" lon="4.57717">
        <ele>369.91</ele>
      </trkpt>
      <trkpt lat="45.86485" lon="4.57737">
        <ele>371.14</ele>
      </trkpt>
      <trkpt lat="45.86427" lon="4.57732">
        <ele>372.9</ele>
      </trkpt>
      <trkpt lat="45.86399" lon="4.57724">
        <ele>373.2</ele>
      </trkpt>
      <trkpt lat="45.86393" lon="4.5772">
        <ele>373.33</ele>
      </trkpt>
      <trkpt lat="45.86273" lon="4.57551">
        <ele>372.83</ele>
      </trkpt>
      <trkpt lat="45.86205" lon="4.57436">
        <ele>372.33</ele>
      </trkpt>
      <trkpt lat="45.86199" lon="4.57431">
        <ele>371.67</ele>
      </trkpt>
      <trkpt lat="45.86148" lon="4.57508">
        <ele>370.04</ele>
      </trkpt>
      <trkpt lat="45.86129" lon="4.57551">
        <ele>368.47</ele>
      </trkpt>
      <trkpt lat="45.86057" lon="4.57674">
        <ele>367.09</ele>
      </trkpt>
      <trkpt lat="45.86007" lon="4.57803">
        <ele>365.7</ele>
      </trkpt>
      <trkpt lat="45.85986" lon="4.57833">
        <ele>363.75</ele>
      </trkpt>
      <trkpt lat="45.85986" lon="4.57843">
        <ele>362.72</ele>
      </trkpt>
      <trkpt lat="45.85993" lon="4.57878">
        <ele>360.95</ele>
      </trkpt>
      <trkpt lat="45.86009" lon="4.58041">
        <ele>359.04</ele>
      </trkpt>
      <trkpt lat="45.86015" lon="4.58123">
        <ele>355.89</ele>
      </trkpt>
      <trkpt lat="45.86018" lon="4.5823">
        <ele>351.49</ele>
      </trkpt>
      <trkpt lat="45.86012" lon="4.58475">
        <ele>347.13</ele>
      </trkpt>
      <trkpt lat="45.86017" lon="4.58629">
        <ele>344.37</ele>
      </trkpt>
      <trkpt lat="45.86016" lon="4.58656">
        <ele>340.88</ele>
      </trkpt>
      <trkpt lat="45.86013" lon="4.58676">
        <ele>337.75</ele>
      </trkpt>
      <trkpt lat="45.8601" lon="4.58745">
        <ele>336.49</ele>
      </trkpt>
      <trkpt lat="45.85994" lon="4.58833">
        <ele>335.39</ele>
      </trkpt>
      <trkpt lat="45.85996" lon="4.58897">
        <ele>333.6</ele>
      </trkpt>
      <trkpt lat="45.85994" lon="4.58945">
        <ele>332.58</ele>
      </trkpt>
      <trkpt lat="45.85986" lon="4.58993">
        <ele>332.37</ele>
      </trkpt>
      <trkpt lat="45.85972" lon="4.59011">
        <ele>332.15</ele>
      </trkpt>
      <trkpt lat="45.85961" lon="4.59018">
        <ele>331.76</ele>
      </trkpt>
      <trkpt lat="45.85937" lon="4.59044">
        <ele>328.67</ele>
      </trkpt>
      <trkpt lat="45.85899" lon="4.59119">
        <ele>325.57</ele>
      </trkpt>
      <trkpt lat="45.8582" lon="4.59249">
        <ele>320.64</ele>
      </trkpt>
      <trkpt lat="45.85789" lon="4.59263">
        <ele>313.8</ele>
      </trkpt>
      <trkpt lat="45.85755" lon="4.59274">
        <ele>306.33</ele>
      </trkpt>
      <trkpt lat="45.85692" lon="4.59279">
        <ele>301.26</ele>
      </trkpt>
      <trkpt lat="45.85668" lon="4.5931">
        <ele>295.94</ele>
      </trkpt>
      <trkpt lat="45.85658" lon="4.59312">
        <ele>291.53</ele>
      </trkpt>
      <trkpt lat="45.85624" lon="4.5931">
        <ele>289.62</ele>
      </trkpt>
      <trkpt lat="45.85592" lon="4.59321">
        <ele>287.42</ele>
      </trkpt>
      <trkpt lat="45.85587" lon="4.59327">
        <ele>287.34</ele>
      </trkpt>
      <trkpt lat="45.85558" lon="4.59401">
        <ele>286.74</ele>
      </trkpt>
      <trkpt lat="45.85542" lon="4.59449">
        <ele>286.71</ele>
      </trkpt>
      <trkpt lat="45.85527" lon="4.59456">
        <ele>287.36</ele>
      </trkpt>
      <trkpt lat="45.85496" lon="4.59464">
        <ele>288.57</ele>
      </trkpt>
      <trkpt lat="45.85491" lon="4.59596">
        <ele>287.68</ele>
      </trkpt>
      <trkpt lat="45.85483" lon="4.59587">
        <ele>286.85</ele>
      </trkpt>
      <trkpt lat="45.85444" lon="4.59571">
        <ele>285.85</ele>
      </trkpt>
      <trkpt lat="45.85369" lon="4.59507">
        <ele>283.83</ele>
      </trkpt>
      <trkpt lat="45.85331" lon="4.59481">
        <ele>280.98</ele>
      </trkpt>
      <trkpt lat="45.85271" lon="4.59484">
        <ele>278.18</ele>
      </trkpt>
      <trkpt lat="45.85183" lon="4.5943">
        <ele>275.87</ele>
      </trkpt>
      <trkpt lat="45.85161" lon="4.59422">
        <ele>274.19</ele>
      </trkpt>
      <trkpt lat="45.85143" lon="4.5941">
        <ele>273.37</ele>
      </trkpt>
      <trkpt lat="45.85165" lon="4.59326">
        <ele>273.85</ele>
      </trkpt>
      <trkpt lat="45.85173" lon="4.59312">
        <ele>273.66</ele>
      </trkpt>
      <trkpt lat="45.85202" lon="4.59274">
        <ele>276.07</ele>
      </trkpt>
      <trkpt lat="45.85212" lon="4.59269">
        <ele>279.56</ele>
      </trkpt>
      <trkpt lat="45.85293" lon="4.59162">
        <ele>283.04</ele>
      </trkpt>
      <trkpt lat="45.85332" lon="4.5911">
        <ele>287.33</ele>
      </trkpt>
      <trkpt lat="45.85367" lon="4.59055">
        <ele>293.02</ele>
      </trkpt>
      <trkpt lat="45.85382" lon="4.59008">
        <ele>299.16</ele>
      </trkpt>
      <trkpt lat="45.85405" lon="4.58968">
        <ele>304.75</ele>
      </trkpt>
      <trkpt lat="45.85439" lon="4.58801">
        <ele>310.89</ele>
      </trkpt>
      <trkpt lat="45.85434" lon="4.58762">
        <ele>317.61</ele>
      </trkpt>
      <trkpt lat="45.85429" lon="4.58742">
        <ele>323.64</ele>
      </trkpt>
      <trkpt lat="45.85402" lon="4.58692">
        <ele>327.65</ele>
      </trkpt>
      <trkpt lat="45.85364" lon="4.58633">
        <ele>331.86</ele>
      </trkpt>
      <trkpt lat="45.85346" lon="4.58592">
        <ele>335.18</ele>
      </trkpt>
      <trkpt lat="45.85329" lon="4.5853">
        <ele>337.37</ele>
      </trkpt>
      <trkpt lat="45.85315" lon="4.58496">
        <ele>339.94</ele>
      </trkpt>
      <trkpt lat="45.85287" lon="4.58434">
        <ele>341.52</ele>
      </trkpt>
      <trkpt lat="45.85268" lon="4.58406">
        <ele>342.37</ele>
      </trkpt>
      <trkpt lat="45.85265" lon="4.58384">
        <ele>342.75</ele>
      </trkpt>
      <trkpt lat="45.85262" lon="4.58316">
        <ele>343.02</ele>
      </trkpt>
      <trkpt lat="45.85246" lon="4.58303">
        <ele>341.54</ele>
      </trkpt>
      <trkpt lat="45.85269" lon="4.58182">
        <ele>339.89</ele>
      </trkpt>
      <trkpt lat="45.85177" lon="4.58161">
        <ele>337.51</ele>
      </trkpt>
      <trkpt lat="45.8515" lon="4.58152">
        <ele>334.97</ele>
      </trkpt>
      <trkpt lat="45.85115" lon="4.58151">
        <ele>332.34</ele>
      </trkpt>
      <trkpt lat="45.85096" lon="4.58153">
        <ele>331.08</ele>
      </trkpt>
      <trkpt lat="45.85069" lon="4.58161">
        <ele>329.68</ele>
      </trkpt>
      <trkpt lat="45.85035" lon="4.58173">
        <ele>329.18</ele>
      </trkpt>
      <trkpt lat="45.85004" lon="4.58189">
        <ele>328.58</ele>
      </trkpt>
      <trkpt lat="45.84997" lon="4.58202">
        <ele>328.21</ele>
      </trkpt>
      <trkpt lat="45.84995" lon="4.58214">
        <ele>327.52</ele>
      </trkpt>
      <trkpt lat="45.8501" lon="4.58238">
        <ele>325.87</ele>
      </trkpt>
      <trkpt lat="45.84991" lon="4.58271">
        <ele>323.36</ele>
      </trkpt>
      <trkpt lat="45.84974" lon="4.58341">
        <ele>320.31</ele>
      </trkpt>
      <trkpt lat="45.84968" lon="4.58357">
        <ele>316.21</ele>
      </trkpt>
      <trkpt lat="45.84959" lon="4.5837">
        <ele>312.2</ele>
      </trkpt>
      <trkpt lat="45.84918" lon="4.58385">
        <ele>307.3</ele>
      </trkpt>
      <trkpt lat="45.84908" lon="4.58391">
        <ele>302.61</ele>
      </trkpt>
      <trkpt lat="45.84873" lon="4.58466">
        <ele>297.08</ele>
      </trkpt>
      <trkpt lat="45.84861" lon="4.5848">
        <ele>291.73</ele>
      </trkpt>
      <trkpt lat="45.84825" lon="4.58511">
        <ele>286.34</ele>
      </trkpt>
      <trkpt lat="45.848" lon="4.58548">
        <ele>282.45</ele>
      </trkpt>
      <trkpt lat="45.84762" lon="4.58591">
        <ele>278.5</ele>
      </trkpt>
      <trkpt lat="45.84716" lon="4.58629">
        <ele>274.35</ele>
      </trkpt>
      <trkpt lat="45.8469" lon="4.58657">
        <ele>270.99</ele>
      </trkpt>
      <trkpt lat="45.84616" lon="4.58777">
        <ele>268.42</ele>
      </trkpt>
      <trkpt lat="45.84603" lon="4.58764">
        <ele>266.69</ele>
      </trkpt>
      <trkpt lat="45.84584" lon="4.58726">
        <ele>264.23</ele>
      </trkpt>
      <trkpt lat="45.84569" lon="4.58723">
        <ele>263.09</ele>
      </trkpt>
      <trkpt lat="45.8446" lon="4.58758">
        <ele>260.73</ele>
      </trkpt>
      <trkpt lat="45.84411" lon="4.58656">
        <ele>257.05</ele>
      </trkpt>
      <trkpt lat="45.84384" lon="4.58609">
        <ele>253.84</ele>
      </trkpt>
      <trkpt lat="45.84368" lon="4.58601">
        <ele>250.35</ele>
      </trkpt>
      <trkpt lat="45.84349" lon="4.58602">
        <ele>247.46</ele>
      </trkpt>
      <trkpt lat="45.84332" lon="4.5861">
        <ele>245.07</ele>
      </trkpt>
      <trkpt lat="45.8432" lon="4.58632">
        <ele>243.5</ele>
      </trkpt>
      <trkpt lat="45.84305" lon="4.58596">
        <ele>241.08</ele>
      </trkpt>
      <trkpt lat="45.8429" lon="4.58576">
        <ele>239.96</ele>
      </trkpt>
      <trkpt lat="45.84192" lon="4.58597">
        <ele>238.74</ele>
      </trkpt>
      <trkpt lat="45.84165" lon="4.58612">
        <ele>239.2</ele>
      </trkpt>
      <trkpt lat="45.84148" lon="4.58599">
        <ele>243.08</ele>
      </trkpt>
      <trkpt lat="45.84099" lon="4.58611">
        <ele>247.43</ele>
      </trkpt>
      <trkpt lat="45.84064" lon="4.58649">
        <ele>252.3</ele>
      </trkpt>
      <trkpt lat="45.84037" lon="4.58664">
        <ele>257.28</ele>
      </trkpt>
      <trkpt lat="45.83979" lon="4.58652">
        <ele>261.56</ele>
      </trkpt>
      <trkpt lat="45.83952" lon="4.58642">
        <ele>263.38</ele>
      </trkpt>
      <trkpt lat="45.83906" lon="4.58614">
        <ele>265.82</ele>
      </trkpt>
      <trkpt lat="45.83866" lon="4.58577">
        <ele>269.26</ele>
      </trkpt>
      <trkpt lat="45.83822" lon="4.58553">
        <ele>273</ele>
      </trkpt>
      <trkpt lat="45.83776" lon="4.58552">
        <ele>277.01</ele>
      </trkpt>
      <trkpt lat="45.83781" lon="4.58599">
        <ele>280.5</ele>
      </trkpt>
      <trkpt lat="45.83778" lon="4.58696">
        <ele>283.5</ele>
      </trkpt>
      <trkpt lat="45.83778" lon="4.5876">
        <ele>284.69</ele>
      </trkpt>
      <trkpt lat="45.83781" lon="4.58819">
        <ele>285.73</ele>
      </trkpt>
      <trkpt lat="45.8374" lon="4.58821">
        <ele>286.51</ele>
      </trkpt>
      <trkpt lat="45.8372" lon="4.58825">
        <ele>287.68</ele>
      </trkpt>
      <trkpt lat="45.83698" lon="4.58824">
        <ele>289.51</ele>
      </trkpt>
      <trkpt lat="45.8367" lon="4.58814">
        <ele>292.07</ele>
      </trkpt>
      <trkpt lat="45.83598" lon="4.58818">
        <ele>294.74</ele>
      </trkpt>
      <trkpt lat="45.83562" lon="4.58808">
        <ele>296.97</ele>
      </trkpt>
      <trkpt lat="45.8353" lon="4.58805">
        <ele>297.99</ele>
      </trkpt>
      <trkpt lat="45.83497" lon="4.58798">
        <ele>298.1</ele>
      </trkpt>
      <trkpt lat="45.83495" lon="4.58816">
        <ele>296.61</ele>
      </trkpt>
      <trkpt lat="45.83515" lon="4.59002">
        <ele>295.29</ele>
      </trkpt>
      <trkpt lat="45.83439" lon="4.59167">
        <ele>294.12</ele>
      </trkpt>
      <trkpt lat="45.83307" lon="4.59433">
        <ele>293.29</ele>
      </trkpt>
      <trkpt lat="45.8329" lon="4.59473">
        <ele>289.65</ele>
      </trkpt>
      <trkpt lat="45.83236" lon="4.59509">
        <ele>285.66</ele>
      </trkpt>
      <trkpt lat="45.83137" lon="4.59538">
        <ele>280.86</ele>
      </trkpt>
      <trkpt lat="45.82976" lon="4.59528">
        <ele>276.37</ele>
      </trkpt>
      <trkpt lat="45.82951" lon="4.5954">
        <ele>269.47</ele>
      </trkpt>
      <trkpt lat="45.82933" lon="4.59557">
        <ele>270.92</ele>
      </trkpt>
      <trkpt lat="45.82933" lon="4.59557">
        <ele>270.92</ele>
      </trkpt>
      <trkpt lat="45.8292" lon="4.59471">
        <ele>269.72</ele>
      </trkpt>
      <trkpt lat="45.82903" lon="4.59188">
        <ele>287.76</ele>
      </trkpt>
      <trkpt lat="45.8287" lon="4.58961">
        <ele>294.28</ele>
      </trkpt>
      <trkpt lat="45.82859" lon="4.5875">
        <ele>300.81</ele>
      </trkpt>
      <trkpt lat="45.82836" lon="4.58407">
        <ele>301.71</ele>
      </trkpt>
      <trkpt lat="45.82792" lon="4.58362">
        <ele>304.32</ele>
      </trkpt>
      <trkpt lat="45.82747" lon="4.58311">
        <ele>306.25</ele>
      </trkpt>
      <trkpt lat="45.82666" lon="4.58025">
        <ele>308.18</ele>
      </trkpt>
      <trkpt lat="45.82664" lon="4.57957">
        <ele>310.8</ele>
      </trkpt>
      <trkpt lat="45.82668" lon="4.57807">
        <ele>312.94</ele>
      </trkpt>
      <trkpt lat="45.82676" lon="4.57722">
        <ele>314.23</ele>
      </trkpt>
      <trkpt lat="45.82684" lon="4.57673">
        <ele>316.27</ele>
      </trkpt>
      <trkpt lat="45.82689" lon="4.57582">
        <ele>318.91</ele>
      </trkpt>
      <trkpt lat="45.82687" lon="4.57516">
        <ele>322.99</ele>
      </trkpt>
      <trkpt lat="45.8269" lon="4.5741">
        <ele>329.37</ele>
      </trkpt>
      <trkpt lat="45.82686" lon="4.57273">
        <ele>336.33</ele>
      </trkpt>
      <trkpt lat="45.82656" lon="4.57141">
        <ele>342.89</ele>
      </trkpt>
      <trkpt lat="45.82651" lon="4.57091">
        <ele>349.76</ele>
      </trkpt>
      <trkpt lat="45.82642" lon="4.56936">
        <ele>356.3</ele>
      </trkpt>
      <trkpt lat="45.82654" lon="4.56814">
        <ele>361.53</ele>
      </trkpt>
      <trkpt lat="45.8267" lon="4.5674">
        <ele>367.26</ele>
      </trkpt>
      <trkpt lat="45.8269" lon="4.56697">
        <ele>373.71</ele>
      </trkpt>
      <trkpt lat="45.82722" lon="4.56659">
        <ele>380.44</ele>
      </trkpt>
      <trkpt lat="45.82741" lon="4.56643">
        <ele>385.52</ele>
      </trkpt>
      <trkpt lat="45.82784" lon="4.56643">
        <ele>390.79</ele>
      </trkpt>
      <trkpt lat="45.82815" lon="4.56651">
        <ele>395.32</ele>
      </trkpt>
      <trkpt lat="45.82882" lon="4.56663">
        <ele>400.34</ele>
      </trkpt>
      <trkpt lat="45.82931" lon="4.56664">
        <ele>407.42</ele>
      </trkpt>
      <trkpt lat="45.82987" lon="4.5665">
        <ele>416.39</ele>
      </trkpt>
      <trkpt lat="45.83044" lon="4.56606">
        <ele>428.27</ele>
      </trkpt>
      <trkpt lat="45.83061" lon="4.56584">
        <ele>438.43</ele>
      </trkpt>
      <trkpt lat="45.83095" lon="4.56504">
        <ele>446.37</ele>
      </trkpt>
      <trkpt lat="45.83104" lon="4.5643">
        <ele>452.44</ele>
      </trkpt>
      <trkpt lat="45.83103" lon="4.56362">
        <ele>457.03</ele>
      </trkpt>
      <trkpt lat="45.83111" lon="4.56329">
        <ele>459.16</ele>
      </trkpt>
      <trkpt lat="45.83133" lon="4.56287">
        <ele>462.71</ele>
      </trkpt>
      <trkpt lat="45.8317" lon="4.56241">
        <ele>465.83</ele>
      </trkpt>
      <trkpt lat="45.83189" lon="4.56226">
        <ele>467.49</ele>
      </trkpt>
      <trkpt lat="45.83215" lon="4.56194">
        <ele>468.69</ele>
      </trkpt>
      <trkpt lat="45.83256" lon="4.56121">
        <ele>467.99</ele>
      </trkpt>
      <trkpt lat="45.83259" lon="4.56096">
        <ele>468.35</ele>
      </trkpt>
      <trkpt lat="45.83255" lon="4.56067">
        <ele>467.1</ele>
      </trkpt>
      <trkpt lat="45.83226" lon="4.55979">
        <ele>464.73</ele>
      </trkpt>
      <trkpt lat="45.83202" lon="4.55873">
        <ele>462.52</ele>
      </trkpt>
      <trkpt lat="45.83168" lon="4.55776">
        <ele>460.96</ele>
      </trkpt>
      <trkpt lat="45.8316" lon="4.5572">
        <ele>457.96</ele>
      </trkpt>
      <trkpt lat="45.83147" lon="4.55661">
        <ele>458.36</ele>
      </trkpt>
      <trkpt lat="45.83134" lon="4.55621">
        <ele>459.23</ele>
      </trkpt>
      <trkpt lat="45.83092" lon="4.55527">
        <ele>459.86</ele>
      </trkpt>
      <trkpt lat="45.83072" lon="4.55455">
        <ele>460.2</ele>
      </trkpt>
      <trkpt lat="45.83052" lon="4.55293">
        <ele>460.56</ele>
      </trkpt>
      <trkpt lat="45.83044" lon="4.55288">
        <ele>460.5</ele>
      </trkpt>
      <trkpt lat="45.8303" lon="4.55292">
        <ele>461.27</ele>
      </trkpt>
      <trkpt lat="45.83017" lon="4.55305">
        <ele>463.59</ele>
      </trkpt>
      <trkpt lat="45.82942" lon="4.55344">
        <ele>465.69</ele>
      </trkpt>
      <trkpt lat="45.82881" lon="4.55396">
        <ele>467.8</ele>
      </trkpt>
      <trkpt lat="45.82798" lon="4.55493">
        <ele>471.24</ele>
      </trkpt>
      <trkpt lat="45.8272" lon="4.55567">
        <ele>474.13</ele>
      </trkpt>
      <trkpt lat="45.82697" lon="4.55585">
        <ele>476.14</ele>
      </trkpt>
      <trkpt lat="45.82664" lon="4.55622">
        <ele>476.1</ele>
      </trkpt>
      <trkpt lat="45.82607" lon="4.55749">
        <ele>477.56</ele>
      </trkpt>
      <trkpt lat="45.82551" lon="4.55862">
        <ele>476.54</ele>
      </trkpt>
      <trkpt lat="45.82503" lon="4.55922">
        <ele>475.55</ele>
      </trkpt>
      <trkpt lat="45.82476" lon="4.55948">
        <ele>472.41</ele>
      </trkpt>
      <trkpt lat="45.82446" lon="4.55968">
        <ele>471.35</ele>
      </trkpt>
      <trkpt lat="45.82397" lon="4.56029">
        <ele>467.12</ele>
      </trkpt>
      <trkpt lat="45.82366" lon="4.56058">
        <ele>461.27</ele>
      </trkpt>
      <trkpt lat="45.82351" lon="4.56093">
        <ele>455.01</ele>
      </trkpt>
      <trkpt lat="45.82281" lon="4.56157">
        <ele>449.08</ele>
      </trkpt>
      <trkpt lat="45.82168" lon="4.56017">
        <ele>443.29</ele>
      </trkpt>
      <trkpt lat="45.82055" lon="4.55892">
        <ele>438.64</ele>
      </trkpt>
      <trkpt lat="45.82039" lon="4.55878">
        <ele>434.85</ele>
      </trkpt>
      <trkpt lat="45.8203" lon="4.55882">
        <ele>431.26</ele>
      </trkpt>
      <trkpt lat="45.82004" lon="4.55913">
        <ele>425.68</ele>
      </trkpt>
      <trkpt lat="45.81998" lon="4.55914">
        <ele>420.18</ele>
      </trkpt>
      <trkpt lat="45.81922" lon="4.55887">
        <ele>413.13</ele>
      </trkpt>
      <trkpt lat="45.81904" lon="4.55931">
        <ele>406.13</ele>
      </trkpt>
      <trkpt lat="45.81888" lon="4.56046">
        <ele>397.7</ele>
      </trkpt>
      <trkpt lat="45.81854" lon="4.56081">
        <ele>390.87</ele>
      </trkpt>
      <trkpt lat="45.81822" lon="4.56123">
        <ele>384.5</ele>
      </trkpt>
      <trkpt lat="45.81785" lon="4.56185">
        <ele>380.16</ele>
      </trkpt>
      <trkpt lat="45.81774" lon="4.56189">
        <ele>377.66</ele>
      </trkpt>
      <trkpt lat="45.81783" lon="4.56119">
        <ele>377.93</ele>
      </trkpt>
      <trkpt lat="45.81786" lon="4.56075">
        <ele>380.63</ele>
      </trkpt>
      <trkpt lat="45.81776" lon="4.55995">
        <ele>382.29</ele>
      </trkpt>
      <trkpt lat="45.81787" lon="4.55938">
        <ele>384.44</ele>
      </trkpt>
      <trkpt lat="45.81831" lon="4.55797">
        <ele>386.31</ele>
      </trkpt>
      <trkpt lat="45.81832" lon="4.557">
        <ele>387.68</ele>
      </trkpt>
      <trkpt lat="45.81824" lon="4.55685">
        <ele>390.32</ele>
      </trkpt>
      <trkpt lat="45.81712" lon="4.55694">
        <ele>391.54</ele>
      </trkpt>
      <trkpt lat="45.81705" lon="4.55685">
        <ele>391.07</ele>
      </trkpt>
      <trkpt lat="45.81674" lon="4.55705">
        <ele>390.19</ele>
      </trkpt>
      <trkpt lat="45.81645" lon="4.55704">
        <ele>388.72</ele>
      </trkpt>
      <trkpt lat="45.81607" lon="4.55655">
        <ele>384.66</ele>
      </trkpt>
      <trkpt lat="45.81598" lon="4.55618">
        <ele>381.62</ele>
      </trkpt>
      <trkpt lat="45.81601" lon="4.55576">
        <ele>379.44</ele>
      </trkpt>
      <trkpt lat="45.81607" lon="4.55536">
        <ele>377.64</ele>
      </trkpt>
      <trkpt lat="45.81606" lon="4.555">
        <ele>375.32</ele>
      </trkpt>
      <trkpt lat="45.81577" lon="4.55458">
        <ele>373.29</ele>
      </trkpt>
      <trkpt lat="45.81573" lon="4.55432">
        <ele>372.99</ele>
      </trkpt>
      <trkpt lat="45.81583" lon="4.55391">
        <ele>375.4</ele>
      </trkpt>
      <trkpt lat="45.81594" lon="4.55367">
        <ele>375.12</ele>
      </trkpt>
      <trkpt lat="45.81607" lon="4.5535">
        <ele>375.62</ele>
      </trkpt>
      <trkpt lat="45.81624" lon="4.55288">
        <ele>376.65</ele>
      </trkpt>
      <trkpt lat="45.81637" lon="4.55175">
        <ele>376.48</ele>
      </trkpt>
      <trkpt lat="45.81644" lon="4.55084">
        <ele>374.74</ele>
      </trkpt>
      <trkpt lat="45.81642" lon="4.55049">
        <ele>374.51</ele>
      </trkpt>
      <trkpt lat="45.81629" lon="4.5499">
        <ele>374.96</ele>
      </trkpt>
      <trkpt lat="45.81628" lon="4.54972">
        <ele>375.51</ele>
      </trkpt>
      <trkpt lat="45.81634" lon="4.54944">
        <ele>374.29</ele>
      </trkpt>
      <trkpt lat="45.8163" lon="4.54939">
        <ele>372.53</ele>
      </trkpt>
      <trkpt lat="45.81621" lon="4.54949">
        <ele>372.23</ele>
      </trkpt>
      <trkpt lat="45.81613" lon="4.54984">
        <ele>370.53</ele>
      </trkpt>
      <trkpt lat="45.81611" lon="4.55021">
        <ele>369.02</ele>
      </trkpt>
      <trkpt lat="45.81605" lon="4.55026">
        <ele>368.31</ele>
      </trkpt>
      <trkpt lat="45.81602" lon="4.55018">
        <ele>367.56</ele>
      </trkpt>
      <trkpt lat="45.81601" lon="4.55001">
        <ele>366.12</ele>
      </trkpt>
      <trkpt lat="45.81606" lon="4.54959">
        <ele>366.07</ele>
      </trkpt>
      <trkpt lat="45.81617" lon="4.54924">
        <ele>364.47</ele>
      </trkpt>
      <trkpt lat="45.81646" lon="4.54879">
        <ele>364.83</ele>
      </trkpt>
      <trkpt lat="45.81651" lon="4.54844">
        <ele>365.38</ele>
      </trkpt>
      <trkpt lat="45.81649" lon="4.54821">
        <ele>364.44</ele>
      </trkpt>
      <trkpt lat="45.81644" lon="4.54809">
        <ele>362.07</ele>
      </trkpt>
      <trkpt lat="45.81617" lon="4.54823">
        <ele>359.17</ele>
      </trkpt>
      <trkpt lat="45.81599" lon="4.54836">
        <ele>358.86</ele>
      </trkpt>
      <trkpt lat="45.81595" lon="4.54834">
        <ele>357.61</ele>
      </trkpt>
      <trkpt lat="45.81598" lon="4.54812">
        <ele>357.64</ele>
      </trkpt>
      <trkpt lat="45.81615" lon="4.54744">
        <ele>357.52</ele>
      </trkpt>
      <trkpt lat="45.81628" lon="4.54724">
        <ele>360.01</ele>
      </trkpt>
      <trkpt lat="45.81629" lon="4.54683">
        <ele>361.49</ele>
      </trkpt>
      <trkpt lat="45.81609" lon="4.54674">
        <ele>363.78</ele>
      </trkpt>
      <trkpt lat="45.81546" lon="4.54668">
        <ele>366.72</ele>
      </trkpt>
      <trkpt lat="45.81525" lon="4.54648">
        <ele>369.58</ele>
      </trkpt>
      <trkpt lat="45.81523" lon="4.54687">
        <ele>372.92</ele>
      </trkpt>
      <trkpt lat="45.81516" lon="4.54729">
        <ele>374.44</ele>
      </trkpt>
      <trkpt lat="45.81506" lon="4.54754">
        <ele>377.42</ele>
      </trkpt>
      <trkpt lat="45.81477" lon="4.54784">
        <ele>379.9</ele>
      </trkpt>
      <trkpt lat="45.8143" lon="4.54864">
        <ele>381.91</ele>
      </trkpt>
      <trkpt lat="45.81392" lon="4.5496">
        <ele>384.38</ele>
      </trkpt>
      <trkpt lat="45.81338" lon="4.5506">
        <ele>386.1</ele>
      </trkpt>
      <trkpt lat="45.81258" lon="4.5513">
        <ele>386.97</ele>
      </trkpt>
      <trkpt lat="45.81205" lon="4.55149">
        <ele>388.95</ele>
      </trkpt>
      <trkpt lat="45.81178" lon="4.55142">
        <ele>393.06</ele>
      </trkpt>
      <trkpt lat="45.81144" lon="4.55141">
        <ele>394.82</ele>
      </trkpt>
      <trkpt lat="45.81107" lon="4.55177">
        <ele>398.53</ele>
      </trkpt>
      <trkpt lat="45.81019" lon="4.55226">
        <ele>400.97</ele>
      </trkpt>
      <trkpt lat="45.80975" lon="4.55291">
        <ele>400.27</ele>
      </trkpt>
      <trkpt lat="45.80978" lon="4.55349">
        <ele>399.91</ele>
      </trkpt>
      <trkpt lat="45.8096" lon="4.55397">
        <ele>399.76</ele>
      </trkpt>
      <trkpt lat="45.8094" lon="4.55425">
        <ele>398.43</ele>
      </trkpt>
      <trkpt lat="45.8092" lon="4.55444">
        <ele>396.86</ele>
      </trkpt>
      <trkpt lat="45.80871" lon="4.55536">
        <ele>402.57</ele>
      </trkpt>
      <trkpt lat="45.80851" lon="4.55524">
        <ele>406.86</ele>
      </trkpt>
      <trkpt lat="45.80679" lon="4.55511">
        <ele>410.83</ele>
      </trkpt>
      <trkpt lat="45.80614" lon="4.5551">
        <ele>414.21</ele>
      </trkpt>
      <trkpt lat="45.8059" lon="4.55649">
        <ele>417.53</ele>
      </trkpt>
      <trkpt lat="45.80576" lon="4.55715">
        <ele>415.48</ele>
      </trkpt>
      <trkpt lat="45.80554" lon="4.55784">
        <ele>412.79</ele>
      </trkpt>
      <trkpt lat="45.80534" lon="4.55857">
        <ele>410.35</ele>
      </trkpt>
      <trkpt lat="45.80517" lon="4.55905">
        <ele>407.69</ele>
      </trkpt>
      <trkpt lat="45.80512" lon="4.55976">
        <ele>405.01</ele>
      </trkpt>
      <trkpt lat="45.80498" lon="4.56098">
        <ele>401.81</ele>
      </trkpt>
      <trkpt lat="45.80476" lon="4.56182">
        <ele>399.45</ele>
      </trkpt>
      <trkpt lat="45.80468" lon="4.56262">
        <ele>397.49</ele>
      </trkpt>
      <trkpt lat="45.80472" lon="4.56327">
        <ele>396.51</ele>
      </trkpt>
      <trkpt lat="45.80478" lon="4.56367">
        <ele>397.14</ele>
      </trkpt>
      <trkpt lat="45.80504" lon="4.56437">
        <ele>399.61</ele>
      </trkpt>
      <trkpt lat="45.80532" lon="4.56532">
        <ele>400.84</ele>
      </trkpt>
      <trkpt lat="45.80534" lon="4.56626">
        <ele>400.97</ele>
      </trkpt>
      <trkpt lat="45.80529" lon="4.56756">
        <ele>399.21</ele>
      </trkpt>
      <trkpt lat="45.8053" lon="4.56808">
        <ele>395.99</ele>
      </trkpt>
      <trkpt lat="45.80535" lon="4.56883">
        <ele>391.12</ele>
      </trkpt>
      <trkpt lat="45.80554" lon="4.56934">
        <ele>386.74</ele>
      </trkpt>
      <trkpt lat="45.80563" lon="4.56973">
        <ele>383.09</ele>
      </trkpt>
      <trkpt lat="45.8056" lon="4.5705">
        <ele>380.17</ele>
      </trkpt>
      <trkpt lat="45.80555" lon="4.57077">
        <ele>375.58</ele>
      </trkpt>
      <trkpt lat="45.80536" lon="4.57115">
        <ele>370.37</ele>
      </trkpt>
      <trkpt lat="45.80491" lon="4.57231">
        <ele>364.39</ele>
      </trkpt>
      <trkpt lat="45.80437" lon="4.57402">
        <ele>357.47</ele>
      </trkpt>
      <trkpt lat="45.80439" lon="4.57523">
        <ele>350.09</ele>
      </trkpt>
      <trkpt lat="45.80422" lon="4.57602">
        <ele>344.43</ele>
      </trkpt>
      <trkpt lat="45.80414" lon="4.57655">
        <ele>340.15</ele>
      </trkpt>
      <trkpt lat="45.80405" lon="4.57762">
        <ele>337.19</ele>
      </trkpt>
      <trkpt lat="45.80411" lon="4.57913">
        <ele>335.18</ele>
      </trkpt>
      <trkpt lat="45.80421" lon="4.57963">
        <ele>334.18</ele>
      </trkpt>
      <trkpt lat="45.80441" lon="4.58002">
        <ele>332.99</ele>
      </trkpt>
      <trkpt lat="45.80483" lon="4.58072">
        <ele>331.42</ele>
      </trkpt>
      <trkpt lat="45.80598" lon="4.58235">
        <ele>329.88</ele>
      </trkpt>
      <trkpt lat="45.80625" lon="4.58283">
        <ele>328.33</ele>
      </trkpt>
      <trkpt lat="45.80645" lon="4.58331">
        <ele>326.49</ele>
      </trkpt>
      <trkpt lat="45.80663" lon="4.58357">
        <ele>325.02</ele>
      </trkpt>
      <trkpt lat="45.8068" lon="4.58407">
        <ele>323.72</ele>
      </trkpt>
      <trkpt lat="45.80698" lon="4.58475">
        <ele>321.97</ele>
      </trkpt>
      <trkpt lat="45.80701" lon="4.58496">
        <ele>319.71</ele>
      </trkpt>
      <trkpt lat="45.80703" lon="4.58541">
        <ele>317.9</ele>
      </trkpt>
      <trkpt lat="45.80702" lon="4.58619">
        <ele>315.46</ele>
      </trkpt>
      <trkpt lat="45.80707" lon="4.5865">
        <ele>313.91</ele>
      </trkpt>
      <trkpt lat="45.80711" lon="4.58657">
        <ele>311.52</ele>
      </trkpt>
      <trkpt lat="45.80696" lon="4.58689">
        <ele>308.55</ele>
      </trkpt>
      <trkpt lat="45.80615" lon="4.58764">
        <ele>305.52</ele>
      </trkpt>
      <trkpt lat="45.80579" lon="4.58788">
        <ele>303.85</ele>
      </trkpt>
      <trkpt lat="45.80549" lon="4.58805">
        <ele>301.58</ele>
      </trkpt>
      <trkpt lat="45.80525" lon="4.58815">
        <ele>299.02</ele>
      </trkpt>
      <trkpt lat="45.80484" lon="4.58842">
        <ele>297.94</ele>
      </trkpt>
      <trkpt lat="45.80438" lon="4.58878">
        <ele>297.02</ele>
      </trkpt>
      <trkpt lat="45.80411" lon="4.58892">
        <ele>292.7</ele>
      </trkpt>
      <trkpt lat="45.80386" lon="4.58901">
        <ele>288.7</ele>
      </trkpt>
      <trkpt lat="45.80292" lon="4.58907">
        <ele>285.35</ele>
      </trkpt>
      <trkpt lat="45.80254" lon="4.58891">
        <ele>279.41</ele>
      </trkpt>
      <trkpt lat="45.80224" lon="4.58892">
        <ele>273.23</ele>
      </trkpt>
      <trkpt lat="45.80148" lon="4.58887">
        <ele>268.76</ele>
      </trkpt>
      <trkpt lat="45.8013" lon="4.58891">
        <ele>263.31</ele>
      </trkpt>
      <trkpt lat="45.80088" lon="4.58921">
        <ele>258.53</ele>
      </trkpt>
      <trkpt lat="45.80064" lon="4.58935">
        <ele>255.86</ele>
      </trkpt>
      <trkpt lat="45.80024" lon="4.58998">
        <ele>253.77</ele>
      </trkpt>
      <trkpt lat="45.80016" lon="4.58991">
        <ele>253.23</ele>
      </trkpt>
      <trkpt lat="45.8001" lon="4.58978">
        <ele>253.39</ele>
      </trkpt>
      <trkpt lat="45.80008" lon="4.58937">
        <ele>253.6</ele>
      </trkpt>
      <trkpt lat="45.8" lon="4.58942">
        <ele>254.16</ele>
      </trkpt>
      <trkpt lat="45.79967" lon="4.58928">
        <ele>254.1</ele>
      </trkpt>
      <trkpt lat="45.79955" lon="4.5893">
        <ele>254.22</ele>
      </trkpt>
      <trkpt lat="45.79951" lon="4.58912">
        <ele>256.13</ele>
      </trkpt>
      <trkpt lat="45.79939" lon="4.58893">
        <ele>257.12</ele>
      </trkpt>
      <trkpt lat="45.79868" lon="4.58856">
        <ele>257.99</ele>
      </trkpt>
      <trkpt lat="45.79833" lon="4.58851">
        <ele>257.82</ele>
      </trkpt>
      <trkpt lat="45.79815" lon="4.58859">
        <ele>257.18</ele>
      </trkpt>
      <trkpt lat="45.79779" lon="4.58919">
        <ele>255.34</ele>
      </trkpt>
      <trkpt lat="45.79714" lon="4.59036">
        <ele>255.58</ele>
      </trkpt>
      <trkpt lat="45.79693" lon="4.59036">
        <ele>256.01</ele>
      </trkpt>
      <trkpt lat="45.79668" lon="4.59031">
        <ele>258.1</ele>
      </trkpt>
      <trkpt lat="45.79659" lon="4.59038">
        <ele>261.05</ele>
      </trkpt>
      <trkpt lat="45.79642" lon="4.59068">
        <ele>263.09</ele>
      </trkpt>
      <trkpt lat="45.79623" lon="4.59093">
        <ele>266.97</ele>
      </trkpt>
      <trkpt lat="45.79623" lon="4.59093">
        <ele>266.97</ele>
      </trkpt>
      <trkpt lat="45.7959" lon="4.59133">
        <ele>278.71</ele>
      </trkpt>
      <trkpt lat="45.79572" lon="4.59143">
        <ele>282.44</ele>
      </trkpt>
      <trkpt lat="45.79548" lon="4.59181">
        <ele>288.75</ele>
      </trkpt>
      <trkpt lat="45.79495" lon="4.59204">
        <ele>293.16</ele>
      </trkpt>
      <trkpt lat="45.79465" lon="4.59208">
        <ele>297.6</ele>
      </trkpt>
      <trkpt lat="45.79445" lon="4.59215">
        <ele>301.23</ele>
      </trkpt>
      <trkpt lat="45.79389" lon="4.59242">
        <ele>303.77</ele>
      </trkpt>
      <trkpt lat="45.79372" lon="4.59247">
        <ele>306.01</ele>
      </trkpt>
      <trkpt lat="45.79352" lon="4.59244">
        <ele>308.7</ele>
      </trkpt>
      <trkpt lat="45.79329" lon="4.59248">
        <ele>310.75</ele>
      </trkpt>
      <trkpt lat="45.79285" lon="4.59297">
        <ele>312.91</ele>
      </trkpt>
      <trkpt lat="45.79269" lon="4.5931">
        <ele>315.83</ele>
      </trkpt>
      <trkpt lat="45.79256" lon="4.59314">
        <ele>319.31</ele>
      </trkpt>
      <trkpt lat="45.79212" lon="4.5932">
        <ele>322.58</ele>
      </trkpt>
      <trkpt lat="45.7917" lon="4.59333">
        <ele>325.67</ele>
      </trkpt>
      <trkpt lat="45.7915" lon="4.59334">
        <ele>328.85</ele>
      </trkpt>
      <trkpt lat="45.7913" lon="4.59327">
        <ele>332.01</ele>
      </trkpt>
      <trkpt lat="45.79102" lon="4.59322">
        <ele>335.02</ele>
      </trkpt>
      <trkpt lat="45.79083" lon="4.59323">
        <ele>337.91</ele>
      </trkpt>
      <trkpt lat="45.79068" lon="4.59332">
        <ele>341.21</ele>
      </trkpt>
      <trkpt lat="45.79049" lon="4.59334">
        <ele>346.29</ele>
      </trkpt>
      <trkpt lat="45.79036" lon="4.59342">
        <ele>352.64</ele>
      </trkpt>
      <trkpt lat="45.78975" lon="4.59416">
        <ele>361.24</ele>
      </trkpt>
      <trkpt lat="45.78899" lon="4.59444">
        <ele>370.47</ele>
      </trkpt>
      <trkpt lat="45.78864" lon="4.59464">
        <ele>379.68</ele>
      </trkpt>
      <trkpt lat="45.7884" lon="4.59469">
        <ele>387.53</ele>
      </trkpt>
      <trkpt lat="45.78827" lon="4.59468">
        <ele>391.89</ele>
      </trkpt>
      <trkpt lat="45.7879" lon="4.59449">
        <ele>394.95</ele>
      </trkpt>
      <trkpt lat="45.78757" lon="4.59417">
        <ele>394</ele>
      </trkpt>
      <trkpt lat="45.78739" lon="4.59406">
        <ele>390.55</ele>
      </trkpt>
      <trkpt lat="45.78684" lon="4.59381">
        <ele>386.29</ele>
      </trkpt>
      <trkpt lat="45.78615" lon="4.59345">
        <ele>383.61</ele>
      </trkpt>
      <trkpt lat="45.78609" lon="4.5934">
        <ele>378.2</ele>
      </trkpt>
      <trkpt lat="45.78605" lon="4.59322">
        <ele>374.38</ele>
      </trkpt>
      <trkpt lat="45.78604" lon="4.59301">
        <ele>374.36</ele>
      </trkpt>
      <trkpt lat="45.78627" lon="4.59205">
        <ele>375.26</ele>
      </trkpt>
      <trkpt lat="45.78625" lon="4.59195">
        <ele>376.06</ele>
      </trkpt>
      <trkpt lat="45.7857" lon="4.59137">
        <ele>377.89</ele>
      </trkpt>
      <trkpt lat="45.78554" lon="4.59124">
        <ele>379.64</ele>
      </trkpt>
      <trkpt lat="45.78514" lon="4.59096">
        <ele>376.62</ele>
      </trkpt>
      <trkpt lat="45.785" lon="4.5909">
        <ele>370.79</ele>
      </trkpt>
      <trkpt lat="45.78458" lon="4.59058">
        <ele>363.76</ele>
      </trkpt>
      <trkpt lat="45.7839" lon="4.59021">
        <ele>357.27</ele>
      </trkpt>
      <trkpt lat="45.78374" lon="4.59009">
        <ele>352.98</ele>
      </trkpt>
      <trkpt lat="45.78367" lon="4.58999">
        <ele>352.22</ele>
      </trkpt>
      <trkpt lat="45.78357" lon="4.59005">
        <ele>353.34</ele>
      </trkpt>
      <trkpt lat="45.78231" lon="4.59033">
        <ele>355.32</ele>
      </trkpt>
      <trkpt lat="45.782" lon="4.59033">
        <ele>357</ele>
      </trkpt>
      <trkpt lat="45.78155" lon="4.59024">
        <ele>356.49</ele>
      </trkpt>
      <trkpt lat="45.78109" lon="4.59035">
        <ele>355.01</ele>
      </trkpt>
      <trkpt lat="45.78095" lon="4.59035">
        <ele>354.84</ele>
      </trkpt>
      <trkpt lat="45.78068" lon="4.59051">
        <ele>355.56</ele>
      </trkpt>
      <trkpt lat="45.78031" lon="4.5909">
        <ele>356.06</ele>
      </trkpt>
      <trkpt lat="45.78019" lon="4.59092">
        <ele>358.51</ele>
      </trkpt>
      <trkpt lat="45.78009" lon="4.59088">
        <ele>362.53</ele>
      </trkpt>
      <trkpt lat="45.77963" lon="4.59052">
        <ele>364.69</ele>
      </trkpt>
      <trkpt lat="45.77912" lon="4.59035">
        <ele>367.45</ele>
      </trkpt>
      <trkpt lat="45.77865" lon="4.59016">
        <ele>371.5</ele>
      </trkpt>
      <trkpt lat="45.77804" lon="4.5901">
        <ele>375.71</ele>
      </trkpt>
      <trkpt lat="45.77779" lon="4.59032">
        <ele>380.14</ele>
      </trkpt>
      <trkpt lat="45.7773" lon="4.59046">
        <ele>384.36</ele>
      </trkpt>
      <trkpt lat="45.77692" lon="4.59063">
        <ele>389</ele>
      </trkpt>
      <trkpt lat="45.77668" lon="4.5907">
        <ele>392.91</ele>
      </trkpt>
      <trkpt lat="45.77615" lon="4.59096">
        <ele>396.17</ele>
      </trkpt>
      <trkpt lat="45.77602" lon="4.59091">
        <ele>399.88</ele>
      </trkpt>
      <trkpt lat="45.77562" lon="4.59054">
        <ele>404.16</ele>
      </trkpt>
      <trkpt lat="45.77496" lon="4.59012">
        <ele>406.69</ele>
      </trkpt>
      <trkpt lat="45.77417" lon="4.58985">
        <ele>409.35</ele>
      </trkpt>
      <trkpt lat="45.77402" lon="4.58977">
        <ele>415.27</ele>
      </trkpt>
      <trkpt lat="45.77377" lon="4.58975">
        <ele>419.37</ele>
      </trkpt>
      <trkpt lat="45.77324" lon="4.58996">
        <ele>423.41</ele>
      </trkpt>
      <trkpt lat="45.77304" lon="4.58997">
        <ele>428.04</ele>
      </trkpt>
      <trkpt lat="45.77224" lon="4.58978">
        <ele>434.55</ele>
      </trkpt>
      <trkpt lat="45.77196" lon="4.58981">
        <ele>437.49</ele>
      </trkpt>
      <trkpt lat="45.7713" lon="4.59007">
        <ele>442.08</ele>
      </trkpt>
      <trkpt lat="45.77115" lon="4.59009">
        <ele>446.94</ele>
      </trkpt>
      <trkpt lat="45.77071" lon="4.5904">
        <ele>452.49</ele>
      </trkpt>
      <trkpt lat="45.77054" lon="4.59062">
        <ele>455.4</ele>
      </trkpt>
      <trkpt lat="45.77024" lon="4.59083">
        <ele>458.31</ele>
      </trkpt>
      <trkpt lat="45.76984" lon="4.59097">
        <ele>458.07</ele>
      </trkpt>
      <trkpt lat="45.76972" lon="4.5913">
        <ele>457.13</ele>
      </trkpt>
      <trkpt lat="45.76954" lon="4.59224">
        <ele>459.57</ele>
      </trkpt>
      <trkpt lat="45.76954" lon="4.59321">
        <ele>461.07</ele>
      </trkpt>
      <trkpt lat="45.76959" lon="4.59368">
        <ele>465.51</ele>
      </trkpt>
      <trkpt lat="45.76979" lon="4.59454">
        <ele>473.99</ele>
      </trkpt>
      <trkpt lat="45.76987" lon="4.59551">
        <ele>480.13</ele>
      </trkpt>
      <trkpt lat="45.7699" lon="4.59622">
        <ele>483.23</ele>
      </trkpt>
      <trkpt lat="45.76983" lon="4.59662">
        <ele>488.47</ele>
      </trkpt>
      <trkpt lat="45.76964" lon="4.59733">
        <ele>495.17</ele>
      </trkpt>
      <trkpt lat="45.76944" lon="4.59748">
        <ele>500.15</ele>
      </trkpt>
      <trkpt lat="45.7687" lon="4.59757">
        <ele>507.54</ele>
      </trkpt>
      <trkpt lat="45.76834" lon="4.59737">
        <ele>512.39</ele>
      </trkpt>
      <trkpt lat="45.76796" lon="4.59698">
        <ele>519.16</ele>
      </trkpt>
      <trkpt lat="45.76756" lon="4.59691">
        <ele>522.8</ele>
      </trkpt>
      <trkpt lat="45.76723" lon="4.59699">
        <ele>524.65</ele>
      </trkpt>
      <trkpt lat="45.7669" lon="4.59743">
        <ele>529.3</ele>
      </trkpt>
      <trkpt lat="45.76652" lon="4.59754">
        <ele>534.92</ele>
      </trkpt>
      <trkpt lat="45.76605" lon="4.59744">
        <ele>539.14</ele>
      </trkpt>
      <trkpt lat="45.76557" lon="4.59766">
        <ele>543.21</ele>
      </trkpt>
      <trkpt lat="45.7652" lon="4.59764">
        <ele>551.19</ele>
      </trkpt>
      <trkpt lat="45.76525" lon="4.59789">
        <ele>558.41</ele>
      </trkpt>
      <trkpt lat="45.76477" lon="4.59831">
        <ele>566.33</ele>
      </trkpt>
      <trkpt lat="45.76415" lon="4.59858">
        <ele>571.94</ele>
      </trkpt>
      <trkpt lat="45.76387" lon="4.59877">
        <ele>577.55</ele>
      </trkpt>
      <trkpt lat="45.76369" lon="4.59923">
        <ele>582.25</ele>
      </trkpt>
      <trkpt lat="45.76371" lon="4.59957">
        <ele>587.59</ele>
      </trkpt>
      <trkpt lat="45.7634" lon="4.60149">
        <ele>597.68</ele>
      </trkpt>
      <trkpt lat="45.7633" lon="4.60184">
        <ele>609.26</ele>
      </trkpt>
      <trkpt lat="45.76317" lon="4.60335">
        <ele>622.46</ele>
      </trkpt>
      <trkpt lat="45.76293" lon="4.60489">
        <ele>633.81</ele>
      </trkpt>
      <trkpt lat="45.7628" lon="4.60531">
        <ele>644.87</ele>
      </trkpt>
      <trkpt lat="45.76245" lon="4.60715">
        <ele>652.84</ele>
      </trkpt>
      <trkpt lat="45.76236" lon="4.60787">
        <ele>658.93</ele>
      </trkpt>
      <trkpt lat="45.76231" lon="4.60866">
        <ele>667.01</ele>
      </trkpt>
      <trkpt lat="45.76219" lon="4.60907">
        <ele>671.39</ele>
      </trkpt>
      <trkpt lat="45.76117" lon="4.60986">
        <ele>675.97</ele>
      </trkpt>
      <trkpt lat="45.76089" lon="4.61018">
        <ele>679.68</ele>
      </trkpt>
      <trkpt lat="45.76065" lon="4.61027">
        <ele>682.54</ele>
      </trkpt>
      <trkpt lat="45.76027" lon="4.61033">
        <ele>685.68</ele>
      </trkpt>
      <trkpt lat="45.75975" lon="4.6108">
        <ele>692.68</ele>
      </trkpt>
      <trkpt lat="45.75952" lon="4.61114">
        <ele>698.93</ele>
      </trkpt>
      <trkpt lat="45.75924" lon="4.61137">
        <ele>701.33</ele>
      </trkpt>
      <trkpt lat="45.75899" lon="4.61181">
        <ele>704.88</ele>
      </trkpt>
      <trkpt lat="45.75868" lon="4.61258">
        <ele>706.75</ele>
      </trkpt>
      <trkpt lat="45.75812" lon="4.61337">
        <ele>710.19</ele>
      </trkpt>
      <trkpt lat="45.7577" lon="4.61369">
        <ele>715.4</ele>
      </trkpt>
      <trkpt lat="45.75742" lon="4.61399">
        <ele>722.28</ele>
      </trkpt>
      <trkpt lat="45.75727" lon="4.61445">
        <ele>729.44</ele>
      </trkpt>
      <trkpt lat="45.757296368" lon="4.614009095">
        <ele>735.04</ele>
      </trkpt>
      <trkpt lat="45.757243249" lon="4.61368043">
        <ele>739.15</ele>
      </trkpt>
      <trkpt lat="45.757057669" lon="4.614203678">
        <ele>739.68</ele>
      </trkpt>
      <trkpt lat="45.756861662" lon="4.614647319">
        <ele>741.92</ele>
      </trkpt>
      <trkpt lat="45.75676319" lon="4.614740262">
        <ele>744.76</ele>
      </trkpt>
      <trkpt lat="45.756412221" lon="4.614052661">
        <ele>747.11</ele>
      </trkpt>
      <trkpt lat="45.756251663" lon="4.613958761">
        <ele>749.58</ele>
      </trkpt>
      <trkpt lat="45.755946962" lon="4.613916821">
        <ele>752.76</ele>
      </trkpt>
      <trkpt lat="45.755825891" lon="4.61397276">
        <ele>755.12</ele>
      </trkpt>
      <trkpt lat="45.755917793" lon="4.614338894">
        <ele>757.82</ele>
      </trkpt>
      <trkpt lat="45.756094472" lon="4.614922275">
        <ele>762.33</ele>
      </trkpt>
      <trkpt lat="45.756242021" lon="4.61592443">
        <ele>764.28</ele>
      </trkpt>
      <trkpt lat="45.7562" lon="4.61698">
        <ele>766.29</ele>
      </trkpt>
      <trkpt lat="45.75624" lon="4.61764">
        <ele>768.14</ele>
      </trkpt>
      <trkpt lat="45.75606" lon="4.6179">
        <ele>768.46</ele>
      </trkpt>
      <trkpt lat="45.756" lon="4.61793">
        <ele>763.6</ele>
      </trkpt>
      <trkpt lat="45.75594" lon="4.61792">
        <ele>764.71</ele>
      </trkpt>
      <trkpt lat="45.75587" lon="4.61784">
        <ele>764.75</ele>
      </trkpt>
      <trkpt lat="45.75534" lon="4.61703">
        <ele>767.92</ele>
      </trkpt>
      <trkpt lat="45.75521" lon="4.61689">
        <ele>770.5</ele>
      </trkpt>
      <trkpt lat="45.75476" lon="4.61652">
        <ele>776.11</ele>
      </trkpt>
      <trkpt lat="45.75433" lon="4.61636">
        <ele>779.79</ele>
      </trkpt>
      <trkpt lat="45.75415" lon="4.61627">
        <ele>783.14</ele>
      </trkpt>
      <trkpt lat="45.75368" lon="4.61596">
        <ele>784.03</ele>
      </trkpt>
      <trkpt lat="45.75349" lon="4.61587">
        <ele>785.83</ele>
      </trkpt>
      <trkpt lat="45.75315" lon="4.6158">
        <ele>787.3</ele>
      </trkpt>
      <trkpt lat="45.75298" lon="4.61574">
        <ele>785.89</ele>
      </trkpt>
      <trkpt lat="45.75287" lon="4.61545">
        <ele>785.18</ele>
      </trkpt>
      <trkpt lat="45.75276" lon="4.61491">
        <ele>781.85</ele>
      </trkpt>
      <trkpt lat="45.75272" lon="4.61381">
        <ele>778.12</ele>
      </trkpt>
      <trkpt lat="45.75263" lon="4.61308">
        <ele>773.56</ele>
      </trkpt>
      <trkpt lat="45.75238" lon="4.61199">
        <ele>769.48</ele>
      </trkpt>
      <trkpt lat="45.75229" lon="4.61182">
        <ele>764.89</ele>
      </trkpt>
      <trkpt lat="45.75178" lon="4.61123">
        <ele>763.31</ele>
      </trkpt>
      <trkpt lat="45.75175" lon="4.61114">
        <ele>762.37</ele>
      </trkpt>
      <trkpt lat="45.75152" lon="4.61074">
        <ele>761.94</ele>
      </trkpt>
      <trkpt lat="45.75136" lon="4.61032">
        <ele>761.96</ele>
      </trkpt>
      <trkpt lat="45.75104" lon="4.61023">
        <ele>761.47</ele>
      </trkpt>
      <trkpt lat="45.75018" lon="4.61035">
        <ele>760.81</ele>
      </trkpt>
      <trkpt lat="45.74989" lon="4.61046">
        <ele>760.29</ele>
      </trkpt>
      <trkpt lat="45.74977" lon="4.61053">
        <ele>759.37</ele>
      </trkpt>
      <trkpt lat="45.74947" lon="4.61057">
        <ele>756.72</ele>
      </trkpt>
      <trkpt lat="45.74933" lon="4.61065">
        <ele>754.3</ele>
      </trkpt>
      <trkpt lat="45.74892" lon="4.61106">
        <ele>750.39</ele>
      </trkpt>
      <trkpt lat="45.74867" lon="4.61139">
        <ele>745.99</ele>
      </trkpt>
      <trkpt lat="45.74853" lon="4.6115">
        <ele>742.02</ele>
      </trkpt>
      <trkpt lat="45.74831" lon="4.61162">
        <ele>739.16</ele>
      </trkpt>
      <trkpt lat="45.74821" lon="4.61158">
        <ele>737.6</ele>
      </trkpt>
      <trkpt lat="45.74802" lon="4.61145">
        <ele>736.57</ele>
      </trkpt>
      <trkpt lat="45.74789" lon="4.61146">
        <ele>737.04</ele>
      </trkpt>
      <trkpt lat="45.74781" lon="4.61167">
        <ele>737.31</ele>
      </trkpt>
      <trkpt lat="45.74771" lon="4.61147">
        <ele>737.35</ele>
      </trkpt>
      <trkpt lat="45.74693" lon="4.61058">
        <ele>737.2</ele>
      </trkpt>
      <trkpt lat="45.74654" lon="4.61003">
        <ele>737.83</ele>
      </trkpt>
      <trkpt lat="45.74613" lon="4.60917">
        <ele>738.18</ele>
      </trkpt>
      <trkpt lat="45.74601" lon="4.60905">
        <ele>738.8</ele>
      </trkpt>
      <trkpt lat="45.74559" lon="4.60821">
        <ele>741.23</ele>
      </trkpt>
      <trkpt lat="45.74535" lon="4.6076">
        <ele>746.99</ele>
      </trkpt>
      <trkpt lat="45.74493" lon="4.6071">
        <ele>754.8</ele>
      </trkpt>
      <trkpt lat="45.74456" lon="4.60693">
        <ele>763.28</ele>
      </trkpt>
      <trkpt lat="45.74358" lon="4.60621">
        <ele>775.17</ele>
      </trkpt>
      <trkpt lat="45.74323" lon="4.60586">
        <ele>786.28</ele>
      </trkpt>
      <trkpt lat="45.74251" lon="4.60567">
        <ele>794.03</ele>
      </trkpt>
      <trkpt lat="45.74234" lon="4.6055">
        <ele>799.78</ele>
      </trkpt>
      <trkpt lat="45.74222" lon="4.60524">
        <ele>806.66</ele>
      </trkpt>
      <trkpt lat="45.74206" lon="4.60508">
        <ele>811.61</ele>
      </trkpt>
      <trkpt lat="45.74167" lon="4.60443">
        <ele>814.88</ele>
      </trkpt>
      <trkpt lat="45.74151" lon="4.60406">
        <ele>821.35</ele>
      </trkpt>
      <trkpt lat="45.74125" lon="4.60369">
        <ele>828.99</ele>
      </trkpt>
      <trkpt lat="45.74082" lon="4.6037">
        <ele>835.04</ele>
      </trkpt>
      <trkpt lat="45.74053" lon="4.60355">
        <ele>839.77</ele>
      </trkpt>
      <trkpt lat="45.74037" lon="4.60361">
        <ele>843.54</ele>
      </trkpt>
      <trkpt lat="45.74022" lon="4.60358">
        <ele>842.1</ele>
      </trkpt>
      <trkpt lat="45.7397" lon="4.60321">
        <ele>837.41</ele>
      </trkpt>
      <trkpt lat="45.73868" lon="4.60258">
        <ele>834.9</ele>
      </trkpt>
      <trkpt lat="45.73802" lon="4.60221">
        <ele>827.13</ele>
      </trkpt>
      <trkpt lat="45.73782" lon="4.60316">
        <ele>824.84</ele>
      </trkpt>
      <trkpt lat="45.73777" lon="4.60371">
        <ele>820.02</ele>
      </trkpt>
      <trkpt lat="45.73759" lon="4.60408">
        <ele>816.39</ele>
      </trkpt>
      <trkpt lat="45.73705" lon="4.60463">
        <ele>808.22</ele>
      </trkpt>
      <trkpt lat="45.73684" lon="4.6049">
        <ele>806.45</ele>
      </trkpt>
      <trkpt lat="45.73631" lon="4.60543">
        <ele>799.51</ele>
      </trkpt>
      <trkpt lat="45.73585" lon="4.6057">
        <ele>799.7</ele>
      </trkpt>
      <trkpt lat="45.73561" lon="4.60595">
        <ele>795.97</ele>
      </trkpt>
      <trkpt lat="45.73505" lon="4.60613">
        <ele>793.53</ele>
      </trkpt>
      <trkpt lat="45.73464" lon="4.60641">
        <ele>790.06</ele>
      </trkpt>
      <trkpt lat="45.7342" lon="4.60661">
        <ele>786.74</ele>
      </trkpt>
      <trkpt lat="45.73393" lon="4.60658">
        <ele>779.51</ele>
      </trkpt>
      <trkpt lat="45.73354" lon="4.60634">
        <ele>774.4</ele>
      </trkpt>
      <trkpt lat="45.73264" lon="4.60601">
        <ele>768.15</ele>
      </trkpt>
      <trkpt lat="45.73225" lon="4.60581">
        <ele>761.3</ele>
      </trkpt>
      <trkpt lat="45.73192" lon="4.60572">
        <ele>754.67</ele>
      </trkpt>
      <trkpt lat="45.73151" lon="4.60569">
        <ele>749.81</ele>
      </trkpt>
      <trkpt lat="45.73105" lon="4.60569">
        <ele>748.66</ele>
      </trkpt>
      <trkpt lat="45.73087" lon="4.60557">
        <ele>748.37</ele>
      </trkpt>
      <trkpt lat="45.73066" lon="4.60525">
        <ele>749.86</ele>
      </trkpt>
      <trkpt lat="45.73048" lon="4.60513">
        <ele>753.37</ele>
      </trkpt>
      <trkpt lat="45.73029" lon="4.60526">
        <ele>754.76</ele>
      </trkpt>
      <trkpt lat="45.73001" lon="4.6058">
        <ele>754.84</ele>
      </trkpt>
      <trkpt lat="45.73031" lon="4.60705">
        <ele>757.56</ele>
      </trkpt>
      <trkpt lat="45.73053" lon="4.60769">
        <ele>757.27</ele>
      </trkpt>
      <trkpt lat="45.73002" lon="4.60875">
        <ele>757.12</ele>
      </trkpt>
      <trkpt lat="45.72959" lon="4.60892">
        <ele>757.72</ele>
      </trkpt>
      <trkpt lat="45.72929" lon="4.60873">
        <ele>756.87</ele>
      </trkpt>
      <trkpt lat="45.72902" lon="4.60833">
        <ele>751.99</ele>
      </trkpt>
      <trkpt lat="45.72877" lon="4.60812">
        <ele>747.02</ele>
      </trkpt>
      <trkpt lat="45.72823" lon="4.60787">
        <ele>743.07</ele>
      </trkpt>
      <trkpt lat="45.72795" lon="4.60786">
        <ele>739.03</ele>
      </trkpt>
      <trkpt lat="45.72682" lon="4.6082">
        <ele>732.6</ele>
      </trkpt>
      <trkpt lat="45.72655" lon="4.60854">
        <ele>725.53</ele>
      </trkpt>
      <trkpt lat="45.72595" lon="4.60894">
        <ele>720.38</ele>
      </trkpt>
      <trkpt lat="45.72533" lon="4.60967">
        <ele>710.83</ele>
      </trkpt>
      <trkpt lat="45.72522" lon="4.60995">
        <ele>701.49</ele>
      </trkpt>
      <trkpt lat="45.72508" lon="4.61084">
        <ele>694.66</ele>
      </trkpt>
      <trkpt lat="45.72498" lon="4.61129">
        <ele>690.54</ele>
      </trkpt>
      <trkpt lat="45.72496" lon="4.61179">
        <ele>684.26</ele>
      </trkpt>
      <trkpt lat="45.72489" lon="4.61203">
        <ele>681.04</ele>
      </trkpt>
      <trkpt lat="45.72465" lon="4.61237">
        <ele>678.77</ele>
      </trkpt>
      <trkpt lat="45.72418" lon="4.61289">
        <ele>676.91</ele>
      </trkpt>
      <trkpt lat="45.72429" lon="4.6125">
        <ele>674.68</ele>
      </trkpt>
      <trkpt lat="45.72447" lon="4.61102">
        <ele>671.82</ele>
      </trkpt>
      <trkpt lat="45.72444" lon="4.61063">
        <ele>669.01</ele>
      </trkpt>
      <trkpt lat="45.72452" lon="4.60991">
        <ele>669.4</ele>
      </trkpt>
      <trkpt lat="45.72457" lon="4.60898">
        <ele>671.52</ele>
      </trkpt>
      <trkpt lat="45.72475" lon="4.60755">
        <ele>674.44</ele>
      </trkpt>
      <trkpt lat="45.72472" lon="4.60714">
        <ele>678.11</ele>
      </trkpt>
      <trkpt lat="45.72455" lon="4.60711">
        <ele>681.5</ele>
      </trkpt>
      <trkpt lat="45.72422" lon="4.60719">
        <ele>679.15</ele>
      </trkpt>
      <trkpt lat="45.72337" lon="4.60729">
        <ele>675.92</ele>
      </trkpt>
      <trkpt lat="45.72296" lon="4.60709">
        <ele>674.41</ele>
      </trkpt>
      <trkpt lat="45.72186" lon="4.60621">
        <ele>674.49</ele>
      </trkpt>
      <trkpt lat="45.72165" lon="4.60592">
        <ele>674.93</ele>
      </trkpt>
      <trkpt lat="45.72155" lon="4.60561">
        <ele>675.67</ele>
      </trkpt>
      <trkpt lat="45.7213" lon="4.60444">
        <ele>676.83</ele>
      </trkpt>
      <trkpt lat="45.72111" lon="4.60409">
        <ele>677.83</ele>
      </trkpt>
      <trkpt lat="45.72106" lon="4.60395">
        <ele>678.46</ele>
      </trkpt>
      <trkpt lat="45.72123" lon="4.60288">
        <ele>677.63</ele>
      </trkpt>
      <trkpt lat="45.72123" lon="4.60256">
        <ele>680.44</ele>
      </trkpt>
      <trkpt lat="45.72094" lon="4.60195">
        <ele>682.65</ele>
      </trkpt>
      <trkpt lat="45.72082" lon="4.60136">
        <ele>681.98</ele>
      </trkpt>
      <trkpt lat="45.72073" lon="4.6012">
        <ele>680.32</ele>
      </trkpt>
      <trkpt lat="45.72034" lon="4.60117">
        <ele>680.83</ele>
      </trkpt>
      <trkpt lat="45.7196" lon="4.60121">
        <ele>680.32</ele>
      </trkpt>
      <trkpt lat="45.71924" lon="4.60112">
        <ele>679.28</ele>
      </trkpt>
      <trkpt lat="45.71904" lon="4.60078">
        <ele>679.58</ele>
      </trkpt>
      <trkpt lat="45.71894" lon="4.60036">
        <ele>681.53</ele>
      </trkpt>
      <trkpt lat="45.71888" lon="4.59912">
        <ele>682.33</ele>
      </trkpt>
      <trkpt lat="45.71909" lon="4.59796">
        <ele>680.3</ele>
      </trkpt>
      <trkpt lat="45.71906" lon="4.59753">
        <ele>679.29</ele>
      </trkpt>
      <trkpt lat="45.719" lon="4.59715">
        <ele>677.61</ele>
      </trkpt>
      <trkpt lat="45.71882" lon="4.59668">
        <ele>676.69</ele>
      </trkpt>
      <trkpt lat="45.71865" lon="4.5966">
        <ele>677.46</ele>
      </trkpt>
      <trkpt lat="45.71844" lon="4.59658">
        <ele>680.18</ele>
      </trkpt>
      <trkpt lat="45.71798" lon="4.59673">
        <ele>683.85</ele>
      </trkpt>
      <trkpt lat="45.71744" lon="4.59702">
        <ele>686.39</ele>
      </trkpt>
      <trkpt lat="45.71704" lon="4.59713">
        <ele>687.23</ele>
      </trkpt>
      <trkpt lat="45.71538" lon="4.5981">
        <ele>685.88</ele>
      </trkpt>
      <trkpt lat="45.71517" lon="4.59806">
        <ele>685.14</ele>
      </trkpt>
      <trkpt lat="45.71491" lon="4.59778">
        <ele>681.35</ele>
      </trkpt>
      <trkpt lat="45.71472" lon="4.59744">
        <ele>678.95</ele>
      </trkpt>
      <trkpt lat="45.71457" lon="4.59728">
        <ele>676.7</ele>
      </trkpt>
      <trkpt lat="45.71435" lon="4.59691">
        <ele>675.82</ele>
      </trkpt>
      <trkpt lat="45.7142" lon="4.59645">
        <ele>672.41</ele>
      </trkpt>
      <trkpt lat="45.71412" lon="4.59595">
        <ele>672.61</ele>
      </trkpt>
      <trkpt lat="45.71421" lon="4.59489">
        <ele>672.24</ele>
      </trkpt>
      <trkpt lat="45.71413" lon="4.59307">
        <ele>674.28</ele>
      </trkpt>
      <trkpt lat="45.71423" lon="4.59236">
        <ele>675.24</ele>
      </trkpt>
      <trkpt lat="45.71422" lon="4.59199">
        <ele>678.17</ele>
      </trkpt>
      <trkpt lat="45.71417" lon="4.59182">
        <ele>679.46</ele>
      </trkpt>
      <trkpt lat="45.71378" lon="4.59152">
        <ele>681.34</ele>
      </trkpt>
      <trkpt lat="45.71362" lon="4.59127">
        <ele>682.13</ele>
      </trkpt>
      <trkpt lat="45.71333" lon="4.59118">
        <ele>684.68</ele>
      </trkpt>
      <trkpt lat="45.71306" lon="4.59123">
        <ele>688.43</ele>
      </trkpt>
      <trkpt lat="45.71286" lon="4.59133">
        <ele>692.98</ele>
      </trkpt>
      <trkpt lat="45.71251" lon="4.59143">
        <ele>695.32</ele>
      </trkpt>
      <trkpt lat="45.71163" lon="4.59191">
        <ele>694.63</ele>
      </trkpt>
      <trkpt lat="45.71142" lon="4.59213">
        <ele>690.38</ele>
      </trkpt>
      <trkpt lat="45.7112" lon="4.59244">
        <ele>685.15</ele>
      </trkpt>
      <trkpt lat="45.71097" lon="4.59244">
        <ele>678.49</ele>
      </trkpt>
      <trkpt lat="45.71073" lon="4.59188">
        <ele>674.84</ele>
      </trkpt>
      <trkpt lat="45.71024" lon="4.59153">
        <ele>676.35</ele>
      </trkpt>
      <trkpt lat="45.71011" lon="4.59147">
        <ele>680.8</ele>
      </trkpt>
      <trkpt lat="45.7087" lon="4.58978">
        <ele>685.65</ele>
      </trkpt>
      <trkpt lat="45.70822" lon="4.58935">
        <ele>690.45</ele>
      </trkpt>
      <trkpt lat="45.70811" lon="4.58917">
        <ele>694.72</ele>
      </trkpt>
      <trkpt lat="45.70802" lon="4.58907">
        <ele>697.02</ele>
      </trkpt>
      <trkpt lat="45.70792" lon="4.58911">
        <ele>698.91</ele>
      </trkpt>
      <trkpt lat="45.70788" lon="4.5892">
        <ele>701.48</ele>
      </trkpt>
      <trkpt lat="45.70801" lon="4.58966">
        <ele>704.37</ele>
      </trkpt>
      <trkpt lat="45.70821" lon="4.58999">
        <ele>707.69</ele>
      </trkpt>
      <trkpt lat="45.70825" lon="4.59023">
        <ele>709.77</ele>
      </trkpt>
      <trkpt lat="45.70803" lon="4.59033">
        <ele>713.57</ele>
      </trkpt>
      <trkpt lat="45.70788" lon="4.59033">
        <ele>712.78</ele>
      </trkpt>
      <trkpt lat="45.70788" lon="4.59033">
        <ele>712.78</ele>
      </trkpt>
      <trkpt lat="45.70774" lon="4.59045">
        <ele>714.74</ele>
      </trkpt>
      <trkpt lat="45.70766" lon="4.59038">
        <ele>715.36</ele>
      </trkpt>
      <trkpt lat="45.70739" lon="4.58929">
        <ele>717.58</ele>
      </trkpt>
      <trkpt lat="45.70725" lon="4.5892">
        <ele>716.86</ele>
      </trkpt>
      <trkpt lat="45.70711" lon="4.58903">
        <ele>717.34</ele>
      </trkpt>
      <trkpt lat="45.70715" lon="4.58821">
        <ele>718.94</ele>
      </trkpt>
      <trkpt lat="45.70709" lon="4.58753">
        <ele>719.46</ele>
      </trkpt>
      <trkpt lat="45.70689" lon="4.58656">
        <ele>719.11</ele>
      </trkpt>
      <trkpt lat="45.70683" lon="4.58545">
        <ele>721.72</ele>
      </trkpt>
      <trkpt lat="45.70677" lon="4.58509">
        <ele>724.3</ele>
      </trkpt>
      <trkpt lat="45.7068" lon="4.58408">
        <ele>726.99</ele>
      </trkpt>
      <trkpt lat="45.70692" lon="4.58302">
        <ele>731.92</ele>
      </trkpt>
      <trkpt lat="45.70694" lon="4.58234">
        <ele>736.91</ele>
      </trkpt>
      <trkpt lat="45.70666" lon="4.58106">
        <ele>743.47</ele>
      </trkpt>
      <trkpt lat="45.7064" lon="4.58026">
        <ele>749.74</ele>
      </trkpt>
      <trkpt lat="45.70608" lon="4.57964">
        <ele>754.91</ele>
      </trkpt>
      <trkpt lat="45.70589" lon="4.5792">
        <ele>758.54</ele>
      </trkpt>
      <trkpt lat="45.70574" lon="4.57898">
        <ele>763.52</ele>
      </trkpt>
      <trkpt lat="45.70558" lon="4.57865">
        <ele>768.32</ele>
      </trkpt>
      <trkpt lat="45.7051" lon="4.57783">
        <ele>772.08</ele>
      </trkpt>
      <trkpt lat="45.70474" lon="4.57707">
        <ele>774.76</ele>
      </trkpt>
      <trkpt lat="45.70417" lon="4.57703">
        <ele>776.6</ele>
      </trkpt>
      <trkpt lat="45.70385" lon="4.57696">
        <ele>774.43</ele>
      </trkpt>
      <trkpt lat="45.70379" lon="4.57681">
        <ele>770.4</ele>
      </trkpt>
      <trkpt lat="45.70299" lon="4.5757">
        <ele>767.15</ele>
      </trkpt>
      <trkpt lat="45.70282" lon="4.5754">
        <ele>763.69</ele>
      </trkpt>
      <trkpt lat="45.70271" lon="4.57503">
        <ele>760.63</ele>
      </trkpt>
      <trkpt lat="45.70244" lon="4.57255">
        <ele>760.36</ele>
      </trkpt>
      <trkpt lat="45.70249" lon="4.57137">
        <ele>762.68</ele>
      </trkpt>
      <trkpt lat="45.70249" lon="4.57103">
        <ele>763.95</ele>
      </trkpt>
      <trkpt lat="45.70244" lon="4.57048">
        <ele>767.61</ele>
      </trkpt>
      <trkpt lat="45.70236" lon="4.57009">
        <ele>771.25</ele>
      </trkpt>
      <trkpt lat="45.70214" lon="4.56928">
        <ele>776.02</ele>
      </trkpt>
      <trkpt lat="45.70205" lon="4.56871">
        <ele>778.73</ele>
      </trkpt>
      <trkpt lat="45.70188" lon="4.56817">
        <ele>784.55</ele>
      </trkpt>
      <trkpt lat="45.70159" lon="4.56777">
        <ele>790</ele>
      </trkpt>
      <trkpt lat="45.70128" lon="4.56755">
        <ele>793.9</ele>
      </trkpt>
      <trkpt lat="45.70106" lon="4.5679">
        <ele>795.17</ele>
      </trkpt>
      <trkpt lat="45.70075" lon="4.56871">
        <ele>797.89</ele>
      </trkpt>
      <trkpt lat="45.70025" lon="4.56943">
        <ele>792.08</ele>
      </trkpt>
      <trkpt lat="45.7" lon="4.56964">
        <ele>789.82</ele>
      </trkpt>
      <trkpt lat="45.69988" lon="4.56981">
        <ele>791.48</ele>
      </trkpt>
      <trkpt lat="45.69933" lon="4.57004">
        <ele>788.82</ele>
      </trkpt>
      <trkpt lat="45.69866" lon="4.57182">
        <ele>783.9</ele>
      </trkpt>
      <trkpt lat="45.69838" lon="4.57285">
        <ele>787.08</ele>
      </trkpt>
      <trkpt lat="45.69828" lon="4.573">
        <ele>782.47</ele>
      </trkpt>
      <trkpt lat="45.69763" lon="4.57322">
        <ele>776.18</ele>
      </trkpt>
      <trkpt lat="45.69739" lon="4.5737">
        <ele>775.26</ele>
      </trkpt>
      <trkpt lat="45.69689" lon="4.57453">
        <ele>775.14</ele>
      </trkpt>
      <trkpt lat="45.69659" lon="4.57495">
        <ele>772.74</ele>
      </trkpt>
      <trkpt lat="45.69625" lon="4.57527">
        <ele>775.25</ele>
      </trkpt>
      <trkpt lat="45.6958" lon="4.57562">
        <ele>777.68</ele>
      </trkpt>
      <trkpt lat="45.6954" lon="4.57562">
        <ele>780.44</ele>
      </trkpt>
      <trkpt lat="45.69495" lon="4.57557">
        <ele>782.92</ele>
      </trkpt>
      <trkpt lat="45.69483" lon="4.57582">
        <ele>785.6</ele>
      </trkpt>
      <trkpt lat="45.69457" lon="4.57595">
        <ele>786.36</ele>
      </trkpt>
      <trkpt lat="45.69433" lon="4.57602">
        <ele>785.83</ele>
      </trkpt>
      <trkpt lat="45.69384" lon="4.57682">
        <ele>784.65</ele>
      </trkpt>
      <trkpt lat="45.69335" lon="4.57727">
        <ele>782.88</ele>
      </trkpt>
      <trkpt lat="45.69256" lon="4.57823">
        <ele>780.14</ele>
      </trkpt>
      <trkpt lat="45.69223" lon="4.57846">
        <ele>776.13</ele>
      </trkpt>
      <trkpt lat="45.69167" lon="4.57858">
        <ele>774.22</ele>
      </trkpt>
      <trkpt lat="45.69149" lon="4.57858">
        <ele>771.72</ele>
      </trkpt>
      <trkpt lat="45.69126" lon="4.5787">
        <ele>769.6</ele>
      </trkpt>
      <trkpt lat="45.69115" lon="4.57897">
        <ele>767.57</ele>
      </trkpt>
      <trkpt lat="45.6911" lon="4.57937">
        <ele>766.15</ele>
      </trkpt>
      <trkpt lat="45.69102" lon="4.57964">
        <ele>762.55</ele>
      </trkpt>
      <trkpt lat="45.69081" lon="4.57983">
        <ele>759.62</ele>
      </trkpt>
      <trkpt lat="45.69042" lon="4.57988">
        <ele>755.76</ele>
      </trkpt>
      <trkpt lat="45.6903" lon="4.57994">
        <ele>751.82</ele>
      </trkpt>
      <trkpt lat="45.69006" lon="4.57998">
        <ele>747.63</ele>
      </trkpt>
      <trkpt lat="45.68987" lon="4.58005">
        <ele>743.2</ele>
      </trkpt>
      <trkpt lat="45.68963" lon="4.58049">
        <ele>738.22</ele>
      </trkpt>
      <trkpt lat="45.68944" lon="4.58101">
        <ele>734.19</ele>
      </trkpt>
      <trkpt lat="45.68922" lon="4.58122">
        <ele>729.71</ele>
      </trkpt>
      <trkpt lat="45.68905" lon="4.58115">
        <ele>725.53</ele>
      </trkpt>
      <trkpt lat="45.68891" lon="4.58085">
        <ele>722.28</ele>
      </trkpt>
      <trkpt lat="45.6888" lon="4.58016">
        <ele>720.48</ele>
      </trkpt>
      <trkpt lat="45.68862" lon="4.57926">
        <ele>722.18</ele>
      </trkpt>
      <trkpt lat="45.68836" lon="4.57904">
        <ele>724.25</ele>
      </trkpt>
      <trkpt lat="45.68819" lon="4.5793">
        <ele>726.49</ele>
      </trkpt>
      <trkpt lat="45.688" lon="4.57978">
        <ele>727.34</ele>
      </trkpt>
      <trkpt lat="45.68788" lon="4.5799">
        <ele>728.75</ele>
      </trkpt>
      <trkpt lat="45.68771" lon="4.57999">
        <ele>726.77</ele>
      </trkpt>
      <trkpt lat="45.6876" lon="4.58048">
        <ele>726.39</ele>
      </trkpt>
      <trkpt lat="45.68738" lon="4.58087">
        <ele>727.99</ele>
      </trkpt>
      <trkpt lat="45.68746" lon="4.58139">
        <ele>733.7</ele>
      </trkpt>
      <trkpt lat="45.6874" lon="4.58179">
        <ele>736.44</ele>
      </trkpt>
      <trkpt lat="45.68722" lon="4.58234">
        <ele>738.78</ele>
      </trkpt>
      <trkpt lat="45.68659" lon="4.5835">
        <ele>743.19</ele>
      </trkpt>
      <trkpt lat="45.68659" lon="4.58321">
        <ele>746.43</ele>
      </trkpt>
      <trkpt lat="45.68686" lon="4.58211">
        <ele>746.93</ele>
      </trkpt>
      <trkpt lat="45.68678" lon="4.58153">
        <ele>749.44</ele>
      </trkpt>
      <trkpt lat="45.68675" lon="4.58143">
        <ele>752.51</ele>
      </trkpt>
      <trkpt lat="45.68667" lon="4.58142">
        <ele>753.45</ele>
      </trkpt>
      <trkpt lat="45.6866" lon="4.58148">
        <ele>755.31</ele>
      </trkpt>
      <trkpt lat="45.68648" lon="4.58168">
        <ele>757.87</ele>
      </trkpt>
      <trkpt lat="45.6863" lon="4.58184">
        <ele>762.26</ele>
      </trkpt>
      <trkpt lat="45.68613" lon="4.58186">
        <ele>766.64</ele>
      </trkpt>
      <trkpt lat="45.68551" lon="4.58212">
        <ele>769.29</ele>
      </trkpt>
      <trkpt lat="45.68544" lon="4.58212">
        <ele>770.65</ele>
      </trkpt>
      <trkpt lat="45.68536" lon="4.58205">
        <ele>771.05</ele>
      </trkpt>
      <trkpt lat="45.68515" lon="4.5816">
        <ele>767.38</ele>
      </trkpt>
      <trkpt lat="45.68488" lon="4.5824">
        <ele>764.18</ele>
      </trkpt>
      <trkpt lat="45.68448" lon="4.58285">
        <ele>762.43</ele>
      </trkpt>
      <trkpt lat="45.68425" lon="4.58301">
        <ele>759.75</ele>
      </trkpt>
      <trkpt lat="45.684" lon="4.5831">
        <ele>757.64</ele>
      </trkpt>
      <trkpt lat="45.68387" lon="4.58328">
        <ele>752.94</ele>
      </trkpt>
      <trkpt lat="45.68352" lon="4.58363">
        <ele>747.91</ele>
      </trkpt>
      <trkpt lat="45.68231" lon="4.5833">
        <ele>740.41</ele>
      </trkpt>
      <trkpt lat="45.68212" lon="4.58282">
        <ele>733.48</ele>
      </trkpt>
      <trkpt lat="45.68106" lon="4.58111">
        <ele>726.26</ele>
      </trkpt>
      <trkpt lat="45.68029" lon="4.58035">
        <ele>725.86</ele>
      </trkpt>
      <trkpt lat="45.68015" lon="4.58027">
        <ele>722.97</ele>
      </trkpt>
      <trkpt lat="45.68009" lon="4.58012">
        <ele>722.33</ele>
      </trkpt>
      <trkpt lat="45.67989" lon="4.58005">
        <ele>726.27</ele>
      </trkpt>
      <trkpt lat="45.67966" lon="4.57988">
        <ele>724.93</ele>
      </trkpt>
      <trkpt lat="45.6792" lon="4.57977">
        <ele>728.01</ele>
      </trkpt>
      <trkpt lat="45.67878" lon="4.57986">
        <ele>730.56</ele>
      </trkpt>
      <trkpt lat="45.67825" lon="4.57983">
        <ele>734.96</ele>
      </trkpt>
      <trkpt lat="45.67789" lon="4.57988">
        <ele>738.33</ele>
      </trkpt>
      <trkpt lat="45.67759" lon="4.57976">
        <ele>747.88</ele>
      </trkpt>
      <trkpt lat="45.67688" lon="4.57929">
        <ele>750.48</ele>
      </trkpt>
      <trkpt lat="45.67667" lon="4.57899">
        <ele>755.89</ele>
      </trkpt>
      <trkpt lat="45.67644" lon="4.57875">
        <ele>759.41</ele>
      </trkpt>
      <trkpt lat="45.67632" lon="4.57852">
        <ele>761.33</ele>
      </trkpt>
      <trkpt lat="45.67625" lon="4.57825">
        <ele>763.71</ele>
      </trkpt>
      <trkpt lat="45.67611" lon="4.57742">
        <ele>767.18</ele>
      </trkpt>
      <trkpt lat="45.67593" lon="4.57673">
        <ele>769.93</ele>
      </trkpt>
      <trkpt lat="45.67586" lon="4.57649">
        <ele>772.52</ele>
      </trkpt>
      <trkpt lat="45.67563" lon="4.57591">
        <ele>773.12</ele>
      </trkpt>
      <trkpt lat="45.67549" lon="4.57566">
        <ele>769.83</ele>
      </trkpt>
      <trkpt lat="45.67531" lon="4.5754">
        <ele>756.73</ele>
      </trkpt>
      <trkpt lat="45.67485" lon="4.575">
        <ele>744.01</ele>
      </trkpt>
      <trkpt lat="45.67352" lon="4.57353">
        <ele>729.06</ele>
      </trkpt>
      <trkpt lat="45.6732" lon="4.57325">
        <ele>713.06</ele>
      </trkpt>
      <trkpt lat="45.67302" lon="4.57303">
        <ele>697.8</ele>
      </trkpt>
      <trkpt lat="45.67265" lon="4.57272">
        <ele>691.25</ele>
      </trkpt>
      <trkpt lat="45.67205" lon="4.57235">
        <ele>685.02</ele>
      </trkpt>
      <trkpt lat="45.67194" lon="4.57217">
        <ele>680.73</ele>
      </trkpt>
      <trkpt lat="45.6718" lon="4.57211">
        <ele>677.59</ele>
      </trkpt>
      <trkpt lat="45.67167" lon="4.57219">
        <ele>676.44</ele>
      </trkpt>
      <trkpt lat="45.67149" lon="4.57235">
        <ele>677.91</ele>
      </trkpt>
      <trkpt lat="45.67134" lon="4.5724">
        <ele>683.44</ele>
      </trkpt>
      <trkpt lat="45.67077" lon="4.57246">
        <ele>690.06</ele>
      </trkpt>
      <trkpt lat="45.66997" lon="4.5727">
        <ele>696.66</ele>
      </trkpt>
      <trkpt lat="45.66974" lon="4.57248">
        <ele>705.16</ele>
      </trkpt>
      <trkpt lat="45.66969" lon="4.5724">
        <ele>711.07</ele>
      </trkpt>
      <trkpt lat="45.66977" lon="4.57175">
        <ele>712.52</ele>
      </trkpt>
      <trkpt lat="45.66973" lon="4.57166">
        <ele>714.89</ele>
      </trkpt>
      <trkpt lat="45.66967" lon="4.57163">
        <ele>717.82</ele>
      </trkpt>
      <trkpt lat="45.66955" lon="4.57166">
        <ele>719.47</ele>
      </trkpt>
      <trkpt lat="45.66942" lon="4.5718">
        <ele>721.44</ele>
      </trkpt>
      <trkpt lat="45.66917" lon="4.57244">
        <ele>724.13</ele>
      </trkpt>
      <trkpt lat="45.66915" lon="4.57243">
        <ele>724.68</ele>
      </trkpt>
      <trkpt lat="45.66919" lon="4.57206">
        <ele>728.22</ele>
      </trkpt>
      <trkpt lat="45.66916" lon="4.57195">
        <ele>731.15</ele>
      </trkpt>
      <trkpt lat="45.66893" lon="4.57146">
        <ele>734.13</ele>
      </trkpt>
      <trkpt lat="45.66883" lon="4.5714">
        <ele>736.42</ele>
      </trkpt>
      <trkpt lat="45.66871" lon="4.57144">
        <ele>739</ele>
      </trkpt>
      <trkpt lat="45.66858" lon="4.57152">
        <ele>738.29</ele>
      </trkpt>
      <trkpt lat="45.66855" lon="4.57157">
        <ele>737.63</ele>
      </trkpt>
      <trkpt lat="45.66862" lon="4.57182">
        <ele>736.22</ele>
      </trkpt>
      <trkpt lat="45.66869" lon="4.57194">
        <ele>735.16</ele>
      </trkpt>
      <trkpt lat="45.66879" lon="4.57202">
        <ele>734.34</ele>
      </trkpt>
      <trkpt lat="45.66881" lon="4.57211">
        <ele>732.04</ele>
      </trkpt>
      <trkpt lat="45.66878" lon="4.57226">
        <ele>727.99</ele>
      </trkpt>
      <trkpt lat="45.66856" lon="4.57248">
        <ele>725.27</ele>
      </trkpt>
      <trkpt lat="45.66826" lon="4.57294">
        <ele>721.99</ele>
      </trkpt>
      <trkpt lat="45.66804" lon="4.57293">
        <ele>718.86</ele>
      </trkpt>
      <trkpt lat="45.66797" lon="4.57295">
        <ele>716.71</ele>
      </trkpt>
      <trkpt lat="45.66775" lon="4.57311">
        <ele>716.72</ele>
      </trkpt>
      <trkpt lat="45.66767" lon="4.57313">
        <ele>716.1</ele>
      </trkpt>
      <trkpt lat="45.66722" lon="4.57306">
        <ele>716.29</ele>
      </trkpt>
      <trkpt lat="45.66636" lon="4.57298">
        <ele>715.93</ele>
      </trkpt>
      <trkpt lat="45.6662" lon="4.573">
        <ele>715.95</ele>
      </trkpt>
      <trkpt lat="45.66612" lon="4.57304">
        <ele>715.7</ele>
      </trkpt>
      <trkpt lat="45.66605" lon="4.57311">
        <ele>715.76</ele>
      </trkpt>
      <trkpt lat="45.66606" lon="4.57314">
        <ele>715.83</ele>
      </trkpt>
      <trkpt lat="45.66612" lon="4.5731">
        <ele>715.62</ele>
      </trkpt>
      <trkpt lat="45.66622" lon="4.57309">
        <ele>713.54</ele>
      </trkpt>
      <trkpt lat="45.6663" lon="4.57312">
        <ele>709.88</ele>
      </trkpt>
      <trkpt lat="45.66666" lon="4.57337">
        <ele>707.79</ele>
      </trkpt>
      <trkpt lat="45.66682" lon="4.57343">
        <ele>703.18</ele>
      </trkpt>
      <trkpt lat="45.66698" lon="4.57345">
        <ele>698.94</ele>
      </trkpt>
      <trkpt lat="45.6676" lon="4.57371">
        <ele>692.57</ele>
      </trkpt>
      <trkpt lat="45.6678" lon="4.57384">
        <ele>689.73</ele>
      </trkpt>
      <trkpt lat="45.66793" lon="4.574">
        <ele>689.42</ele>
      </trkpt>
      <trkpt lat="45.66804" lon="4.57401">
        <ele>689.78</ele>
      </trkpt>
      <trkpt lat="45.66842" lon="4.57391">
        <ele>687.6</ele>
      </trkpt>
      <trkpt lat="45.66846" lon="4.57403">
        <ele>690.06</ele>
      </trkpt>
      <trkpt lat="45.66856" lon="4.57412">
        <ele>691.42</ele>
      </trkpt>
      <trkpt lat="45.66879" lon="4.57416">
        <ele>685.1</ele>
      </trkpt>
      <trkpt lat="45.66887" lon="4.57429">
        <ele>679.94</ele>
      </trkpt>
      <trkpt lat="45.66864" lon="4.5745">
        <ele>677.59</ele>
      </trkpt>
      <trkpt lat="45.66861" lon="4.57458">
        <ele>673.98</ele>
      </trkpt>
      <trkpt lat="45.66865" lon="4.57466">
        <ele>669.75</ele>
      </trkpt>
      <trkpt lat="45.66849" lon="4.57467">
        <ele>668.45</ele>
      </trkpt>
      <trkpt lat="45.66834" lon="4.57471">
        <ele>663.84</ele>
      </trkpt>
      <trkpt lat="45.66828" lon="4.57482">
        <ele>658.54</ele>
      </trkpt>
      <trkpt lat="45.66781" lon="4.57543">
        <ele>652.93</ele>
      </trkpt>
      <trkpt lat="45.66763" lon="4.57558">
        <ele>646.99</ele>
      </trkpt>
      <trkpt lat="45.66699" lon="4.57581">
        <ele>641.16</ele>
      </trkpt>
      <trkpt lat="45.66685" lon="4.57592">
        <ele>639.4</ele>
      </trkpt>
      <trkpt lat="45.66671" lon="4.57654">
        <ele>638.16</ele>
      </trkpt>
      <trkpt lat="45.6666" lon="4.5769">
        <ele>636.3</ele>
      </trkpt>
      <trkpt lat="45.6665" lon="4.57712">
        <ele>634.8</ele>
      </trkpt>
      <trkpt lat="45.6663" lon="4.5774">
        <ele>635.44</ele>
      </trkpt>
      <trkpt lat="45.66625" lon="4.57751">
        <ele>634.11</ele>
      </trkpt>
      <trkpt lat="45.66614" lon="4.57846">
        <ele>633.2</ele>
      </trkpt>
      <trkpt lat="45.66615" lon="4.57866">
        <ele>633.46</ele>
      </trkpt>
      <trkpt lat="45.66616" lon="4.57874">
        <ele>632.32</ele>
      </trkpt>
      <trkpt lat="45.66639" lon="4.57893">
        <ele>629.14</ele>
      </trkpt>
      <trkpt lat="45.66637" lon="4.5791">
        <ele>626.83</ele>
      </trkpt>
      <trkpt lat="45.66631" lon="4.57923">
        <ele>626.16</ele>
      </trkpt>
      <trkpt lat="45.66612" lon="4.57946">
        <ele>626.21</ele>
      </trkpt>
      <trkpt lat="45.66593" lon="4.57961">
        <ele>624.09</ele>
      </trkpt>
      <trkpt lat="45.66584" lon="4.57972">
        <ele>620.44</ele>
      </trkpt>
      <trkpt lat="45.66578" lon="4.57984">
        <ele>617.55</ele>
      </trkpt>
      <trkpt lat="45.66534" lon="4.58112">
        <ele>611.93</ele>
      </trkpt>
      <trkpt lat="45.66535" lon="4.58126">
        <ele>606.63</ele>
      </trkpt>
      <trkpt lat="45.66547" lon="4.58129">
        <ele>603.14</ele>
      </trkpt>
      <trkpt lat="45.66556" lon="4.58143">
        <ele>599.71</ele>
      </trkpt>
      <trkpt lat="45.66558" lon="4.58183">
        <ele>595.79</ele>
      </trkpt>
      <trkpt lat="45.66555" lon="4.58199">
        <ele>593.14</ele>
      </trkpt>
      <trkpt lat="45.66548" lon="4.58207">
        <ele>589.89</ele>
      </trkpt>
      <trkpt lat="45.66541" lon="4.5821">
        <ele>588.29</ele>
      </trkpt>
      <trkpt lat="45.66536" lon="4.5821">
        <ele>587.65</ele>
      </trkpt>
      <trkpt lat="45.66511" lon="4.58194">
        <ele>590.32</ele>
      </trkpt>
      <trkpt lat="45.66496" lon="4.582">
        <ele>590.7</ele>
      </trkpt>
      <trkpt lat="45.66454" lon="4.58262">
        <ele>590.22</ele>
      </trkpt>
      <trkpt lat="45.66437" lon="4.58275">
        <ele>589.96</ele>
      </trkpt>
      <trkpt lat="45.66424" lon="4.58281">
        <ele>583.88</ele>
      </trkpt>
      <trkpt lat="45.66417" lon="4.58292">
        <ele>575.68</ele>
      </trkpt>
      <trkpt lat="45.66379" lon="4.58497">
        <ele>563.69</ele>
      </trkpt>
      <trkpt lat="45.66369" lon="4.58584">
        <ele>548.68</ele>
      </trkpt>
      <trkpt lat="45.66356" lon="4.58669">
        <ele>534.6</ele>
      </trkpt>
      <trkpt lat="45.6636" lon="4.58743">
        <ele>525.76</ele>
      </trkpt>
      <trkpt lat="45.6634" lon="4.58744">
        <ele>518.29</ele>
      </trkpt>
      <trkpt lat="45.66325" lon="4.58738">
        <ele>519.1</ele>
      </trkpt>
      <trkpt lat="45.66303" lon="4.58696">
        <ele>522.03</ele>
      </trkpt>
      <trkpt lat="45.66261" lon="4.58647">
        <ele>527.45</ele>
      </trkpt>
      <trkpt lat="45.66242" lon="4.58631">
        <ele>533.14</ele>
      </trkpt>
      <trkpt lat="45.66222" lon="4.58605">
        <ele>537.77</ele>
      </trkpt>
      <trkpt lat="45.66161" lon="4.58604">
        <ele>540.15</ele>
      </trkpt>
      <trkpt lat="45.66125" lon="4.58568">
        <ele>545.1</ele>
      </trkpt>
      <trkpt lat="45.66109" lon="4.58623">
        <ele>546.29</ele>
      </trkpt>
      <trkpt lat="45.66111" lon="4.58641">
        <ele>549</ele>
      </trkpt>
      <trkpt lat="45.661" lon="4.58665">
        <ele>550.16</ele>
      </trkpt>
      <trkpt lat="45.66059" lon="4.58712">
        <ele>554.78</ele>
      </trkpt>
      <trkpt lat="45.66121" lon="4.58733">
        <ele>559.91</ele>
      </trkpt>
      <trkpt lat="45.66179" lon="4.58822">
        <ele>565.39</ele>
      </trkpt>
      <trkpt lat="45.66144" lon="4.58827">
        <ele>570.87</ele>
      </trkpt>
      <trkpt lat="45.66112" lon="4.58847">
        <ele>576.6</ele>
      </trkpt>
      <trkpt lat="45.66086" lon="4.58872">
        <ele>580.41</ele>
      </trkpt>
      <trkpt lat="45.66079" lon="4.58894">
        <ele>583.09</ele>
      </trkpt>
      <trkpt lat="45.66107" lon="4.58922">
        <ele>586.94</ele>
      </trkpt>
      <trkpt lat="45.66106" lon="4.58948">
        <ele>590.44</ele>
      </trkpt>
      <trkpt lat="45.6609" lon="4.59">
        <ele>595.55</ele>
      </trkpt>
      <trkpt lat="45.66049" lon="4.59058">
        <ele>600.92</ele>
      </trkpt>
      <trkpt lat="45.66016" lon="4.59119">
        <ele>607.27</ele>
      </trkpt>
      <trkpt lat="45.65987" lon="4.59188">
        <ele>608.35</ele>
      </trkpt>
      <trkpt lat="45.65961" lon="4.592">
        <ele>611.4</ele>
      </trkpt>
      <trkpt lat="45.65901" lon="4.59235">
        <ele>612.01</ele>
      </trkpt>
      <trkpt lat="45.65852" lon="4.59257">
        <ele>611.35</ele>
      </trkpt>
      <trkpt lat="45.65791" lon="4.59295">
        <ele>610.17</ele>
      </trkpt>
      <trkpt lat="45.65749" lon="4.59301">
        <ele>613.85</ele>
      </trkpt>
      <trkpt lat="45.65719" lon="4.59273">
        <ele>616.18</ele>
      </trkpt>
      <trkpt lat="45.65676" lon="4.592">
        <ele>621.04</ele>
      </trkpt>
      <trkpt lat="45.65656" lon="4.5918">
        <ele>624.4</ele>
      </trkpt>
      <trkpt lat="45.65635" lon="4.59143">
        <ele>628.65</ele>
      </trkpt>
      <trkpt lat="45.65648" lon="4.59078">
        <ele>632.14</ele>
      </trkpt>
      <trkpt lat="45.65609" lon="4.59131">
        <ele>635.76</ele>
      </trkpt>
      <trkpt lat="45.65624" lon="4.59185">
        <ele>637.74</ele>
      </trkpt>
      <trkpt lat="45.65623" lon="4.59259">
        <ele>641.11</ele>
      </trkpt>
      <trkpt lat="45.65632" lon="4.59342">
        <ele>643.74</ele>
      </trkpt>
      <trkpt lat="45.65641" lon="4.59397">
        <ele>647.04</ele>
      </trkpt>
      <trkpt lat="45.65685" lon="4.59466">
        <ele>650.1</ele>
      </trkpt>
      <trkpt lat="45.65716" lon="4.5952">
        <ele>653.97</ele>
      </trkpt>
      <trkpt lat="45.65723" lon="4.59545">
        <ele>656.33</ele>
      </trkpt>
      <trkpt lat="45.65713" lon="4.59586">
        <ele>658.28</ele>
      </trkpt>
      <trkpt lat="45.657" lon="4.59616">
        <ele>658.79</ele>
      </trkpt>
      <trkpt lat="45.65699" lon="4.59628">
        <ele>659.63</ele>
      </trkpt>
      <trkpt lat="45.65681" lon="4.59619">
        <ele>661.82</ele>
      </trkpt>
      <trkpt lat="45.65673" lon="4.59618">
        <ele>666.14</ele>
      </trkpt>
      <trkpt lat="45.65642" lon="4.59636">
        <ele>671.03</ele>
      </trkpt>
      <trkpt lat="45.65616" lon="4.59645">
        <ele>677.02</ele>
      </trkpt>
      <trkpt lat="45.65587" lon="4.59596">
        <ele>682.47</ele>
      </trkpt>
      <trkpt lat="45.65565" lon="4.59581">
        <ele>686.5</ele>
      </trkpt>
      <trkpt lat="45.65543" lon="4.59571">
        <ele>690.85</ele>
      </trkpt>
      <trkpt lat="45.65522" lon="4.59551">
        <ele>696.02</ele>
      </trkpt>
      <trkpt lat="45.65492" lon="4.59517">
        <ele>701.68</ele>
      </trkpt>
      <trkpt lat="45.65478" lon="4.59475">
        <ele>707.45</ele>
      </trkpt>
      <trkpt lat="45.654" lon="4.59333">
        <ele>713.15</ele>
      </trkpt>
      <trkpt lat="45.65326" lon="4.59265">
        <ele>717.37</ele>
      </trkpt>
      <trkpt lat="45.65281" lon="4.59255">
        <ele>720.67</ele>
      </trkpt>
      <trkpt lat="45.65209" lon="4.5926">
        <ele>723.7</ele>
      </trkpt>
      <trkpt lat="45.65196" lon="4.59219">
        <ele>723.96</ele>
      </trkpt>
      <trkpt lat="45.65109" lon="4.59227">
        <ele>725.34</ele>
      </trkpt>
      <trkpt lat="45.65072" lon="4.59252">
        <ele>725.47</ele>
      </trkpt>
      <trkpt lat="45.65036" lon="4.59252">
        <ele>724.41</ele>
      </trkpt>
      <trkpt lat="45.64996" lon="4.59215">
        <ele>721.44</ele>
      </trkpt>
      <trkpt lat="45.64936" lon="4.59118">
        <ele>722.39</ele>
      </trkpt>
      <trkpt lat="45.64911" lon="4.59115">
        <ele>724.14</ele>
      </trkpt>
      <trkpt lat="45.64882" lon="4.59139">
        <ele>727.77</ele>
      </trkpt>
      <trkpt lat="45.6481" lon="4.59164">
        <ele>732.27</ele>
      </trkpt>
      <trkpt lat="45.64796" lon="4.59185">
        <ele>739.03</ele>
      </trkpt>
      <trkpt lat="45.64775" lon="4.5925">
        <ele>745.87</ele>
      </trkpt>
      <trkpt lat="45.6476" lon="4.59262">
        <ele>752.19</ele>
      </trkpt>
      <trkpt lat="45.64706" lon="4.59218">
        <ele>758.72</ele>
      </trkpt>
      <trkpt lat="45.64653" lon="4.59137">
        <ele>765.61</ele>
      </trkpt>
      <trkpt lat="45.6463" lon="4.59182">
        <ele>772.07</ele>
      </trkpt>
      <trkpt lat="45.6463" lon="4.59237">
        <ele>777.38</ele>
      </trkpt>
      <trkpt lat="45.64621" lon="4.59303">
        <ele>779.21</ele>
      </trkpt>
      <trkpt lat="45.64591" lon="4.59346">
        <ele>780.46</ele>
      </trkpt>
      <trkpt lat="45.64549" lon="4.59367">
        <ele>785.4</ele>
      </trkpt>
      <trkpt lat="45.64515" lon="4.5937">
        <ele>792.73</ele>
      </trkpt>
      <trkpt lat="45.64476" lon="4.59401">
        <ele>800.44</ele>
      </trkpt>
      <trkpt lat="45.64418" lon="4.59465">
        <ele>811.97</ele>
      </trkpt>
      <trkpt lat="45.64387" lon="4.5954">
        <ele>824.14</ele>
      </trkpt>
      <trkpt lat="45.64352" lon="4.59681">
        <ele>830.91</ele>
      </trkpt>
      <trkpt lat="45.64321" lon="4.59692">
        <ele>835.32</ele>
      </trkpt>
      <trkpt lat="45.64292" lon="4.59717">
        <ele>839.21</ele>
      </trkpt>
      <trkpt lat="45.64256" lon="4.59727">
        <ele>839.34</ele>
      </trkpt>
      <trkpt lat="45.64235" lon="4.59718">
        <ele>840.3</ele>
      </trkpt>
      <trkpt lat="45.6421" lon="4.59718">
        <ele>842.57</ele>
      </trkpt>
      <trkpt lat="45.64175" lon="4.59732">
        <ele>844.04</ele>
      </trkpt>
      <trkpt lat="45.64146" lon="4.59725">
        <ele>844.68</ele>
      </trkpt>
      <trkpt lat="45.64052" lon="4.59722">
        <ele>846.08</ele>
      </trkpt>
      <trkpt lat="45.63998" lon="4.5973">
        <ele>844.69</ele>
      </trkpt>
      <trkpt lat="45.6396" lon="4.59732">
        <ele>845.64</ele>
      </trkpt>
      <trkpt lat="45.63737" lon="4.59677">
        <ele>847.37</ele>
      </trkpt>
      <trkpt lat="45.63702" lon="4.59675">
        <ele>849.14</ele>
      </trkpt>
      <trkpt lat="45.63652" lon="4.59684">
        <ele>851.56</ele>
      </trkpt>
      <trkpt lat="45.63612" lon="4.597">
        <ele>855.9</ele>
      </trkpt>
      <trkpt lat="45.63603" lon="4.597">
        <ele>857.61</ele>
      </trkpt>
      <trkpt lat="45.63578" lon="4.59678">
        <ele>858.54</ele>
      </trkpt>
      <trkpt lat="45.63566" lon="4.59639">
        <ele>859.34</ele>
      </trkpt>
      <trkpt lat="45.63557" lon="4.5962">
        <ele>859.81</ele>
      </trkpt>
      <trkpt lat="45.63534" lon="4.59588">
        <ele>859.2</ele>
      </trkpt>
      <trkpt lat="45.63526" lon="4.59569">
        <ele>858.46</ele>
      </trkpt>
      <trkpt lat="45.63522" lon="4.59553">
        <ele>856.46</ele>
      </trkpt>
      <trkpt lat="45.63516" lon="4.59491">
        <ele>854.9</ele>
      </trkpt>
      <trkpt lat="45.63507" lon="4.59466">
        <ele>854.54</ele>
      </trkpt>
      <trkpt lat="45.63502" lon="4.59467">
        <ele>853.18</ele>
      </trkpt>
      <trkpt lat="45.63491" lon="4.59498">
        <ele>852.32</ele>
      </trkpt>
      <trkpt lat="45.63478" lon="4.59515">
        <ele>853.36</ele>
      </trkpt>
      <trkpt lat="45.63469" lon="4.59525">
        <ele>853.56</ele>
      </trkpt>
      <trkpt lat="45.63449" lon="4.59536">
        <ele>851.88</ele>
      </trkpt>
      <trkpt lat="45.63441" lon="4.59522">
        <ele>850.72</ele>
      </trkpt>
      <trkpt lat="45.63338" lon="4.59464">
        <ele>849.21</ele>
      </trkpt>
      <trkpt lat="45.63224" lon="4.59388">
        <ele>845.15</ele>
      </trkpt>
      <trkpt lat="45.63182" lon="4.59363">
        <ele>845.27</ele>
      </trkpt>
      <trkpt lat="45.63182" lon="4.59363">
        <ele>845.27</ele>
      </trkpt>
      <trkpt lat="45.6318" lon="4.59353">
        <ele>839.5</ele>
      </trkpt>
      <trkpt lat="45.632" lon="4.59307">
        <ele>836.87</ele>
      </trkpt>
      <trkpt lat="45.6321" lon="4.59295">
        <ele>831.04</ele>
      </trkpt>
      <trkpt lat="45.63251" lon="4.59265">
        <ele>826.07</ele>
      </trkpt>
      <trkpt lat="45.63335" lon="4.59229">
        <ele>822.58</ele>
      </trkpt>
      <trkpt lat="45.63356" lon="4.59189">
        <ele>818.42</ele>
      </trkpt>
      <trkpt lat="45.63365" lon="4.59163">
        <ele>816.37</ele>
      </trkpt>
      <trkpt lat="45.6337" lon="4.59137">
        <ele>817.94</ele>
      </trkpt>
      <trkpt lat="45.63369" lon="4.59046">
        <ele>819.95</ele>
      </trkpt>
      <trkpt lat="45.63384" lon="4.58955">
        <ele>823.93</ele>
      </trkpt>
      <trkpt lat="45.63392" lon="4.5895">
        <ele>828.05</ele>
      </trkpt>
      <trkpt lat="45.63464" lon="4.58925">
        <ele>834.17</ele>
      </trkpt>
      <trkpt lat="45.63481" lon="4.58924">
        <ele>838.24</ele>
      </trkpt>
      <trkpt lat="45.63489" lon="4.58864">
        <ele>841.27</ele>
      </trkpt>
      <trkpt lat="45.63496" lon="4.58832">
        <ele>838.72</ele>
      </trkpt>
      <trkpt lat="45.63476" lon="4.58764">
        <ele>838.43</ele>
      </trkpt>
      <trkpt lat="45.634" lon="4.58398">
        <ele>836.12</ele>
      </trkpt>
      <trkpt lat="45.63386" lon="4.58297">
        <ele>835.11</ele>
      </trkpt>
      <trkpt lat="45.63385" lon="4.58222">
        <ele>833.9</ele>
      </trkpt>
      <trkpt lat="45.63376" lon="4.58198">
        <ele>833.93</ele>
      </trkpt>
      <trkpt lat="45.63352" lon="4.58159">
        <ele>829.05</ele>
      </trkpt>
      <trkpt lat="45.63326" lon="4.58139">
        <ele>823.42</ele>
      </trkpt>
      <trkpt lat="45.63284" lon="4.58063">
        <ele>814.63</ele>
      </trkpt>
      <trkpt lat="45.63259" lon="4.5804">
        <ele>802.1</ele>
      </trkpt>
      <trkpt lat="45.63198" lon="4.57864">
        <ele>790.93</ele>
      </trkpt>
      <trkpt lat="45.63152" lon="4.57682">
        <ele>782.38</ele>
      </trkpt>
      <trkpt lat="45.63149" lon="4.57609">
        <ele>774.23</ele>
      </trkpt>
      <trkpt lat="45.6314" lon="4.57573">
        <ele>767.46</ele>
      </trkpt>
      <trkpt lat="45.63134" lon="4.57567">
        <ele>764.82</ele>
      </trkpt>
      <trkpt lat="45.63115" lon="4.57565">
        <ele>762.81</ele>
      </trkpt>
      <trkpt lat="45.63096" lon="4.57555">
        <ele>763.24</ele>
      </trkpt>
      <trkpt lat="45.63051" lon="4.57605">
        <ele>761.31</ele>
      </trkpt>
      <trkpt lat="45.63021" lon="4.57652">
        <ele>759.84</ele>
      </trkpt>
      <trkpt lat="45.62945" lon="4.57732">
        <ele>760.49</ele>
      </trkpt>
      <trkpt lat="45.62922" lon="4.57769">
        <ele>758.73</ele>
      </trkpt>
      <trkpt lat="45.62908" lon="4.5782">
        <ele>753.94</ele>
      </trkpt>
      <trkpt lat="45.62897" lon="4.57955">
        <ele>751.5</ele>
      </trkpt>
      <trkpt lat="45.62904" lon="4.58109">
        <ele>749.52</ele>
      </trkpt>
      <trkpt lat="45.62916" lon="4.58209">
        <ele>746.23</ele>
      </trkpt>
      <trkpt lat="45.629" lon="4.58264">
        <ele>745.16</ele>
      </trkpt>
      <trkpt lat="45.6289" lon="4.58276">
        <ele>745.08</ele>
      </trkpt>
      <trkpt lat="45.62869" lon="4.58286">
        <ele>745.42</ele>
      </trkpt>
      <trkpt lat="45.62856" lon="4.58282">
        <ele>747.23</ele>
      </trkpt>
      <trkpt lat="45.6282" lon="4.58262">
        <ele>750.53</ele>
      </trkpt>
      <trkpt lat="45.628" lon="4.58263">
        <ele>754.17</ele>
      </trkpt>
      <trkpt lat="45.62754" lon="4.58254">
        <ele>757.38</ele>
      </trkpt>
      <trkpt lat="45.62701" lon="4.58086">
        <ele>758.83</ele>
      </trkpt>
      <trkpt lat="45.6268" lon="4.58001">
        <ele>758.21</ele>
      </trkpt>
      <trkpt lat="45.62639" lon="4.57923">
        <ele>756.3</ele>
      </trkpt>
      <trkpt lat="45.62633" lon="4.57887">
        <ele>753.71</ele>
      </trkpt>
      <trkpt lat="45.62624" lon="4.57856">
        <ele>751.69</ele>
      </trkpt>
      <trkpt lat="45.62606" lon="4.57829">
        <ele>751.15</ele>
      </trkpt>
      <trkpt lat="45.62605" lon="4.57803">
        <ele>751.73</ele>
      </trkpt>
      <trkpt lat="45.626" lon="4.57773">
        <ele>752.74</ele>
      </trkpt>
      <trkpt lat="45.62595" lon="4.5776">
        <ele>755.1</ele>
      </trkpt>
      <trkpt lat="45.6256" lon="4.57704">
        <ele>757.46</ele>
      </trkpt>
      <trkpt lat="45.62541" lon="4.57664">
        <ele>758.55</ele>
      </trkpt>
      <trkpt lat="45.62541" lon="4.57646">
        <ele>759.13</ele>
      </trkpt>
      <trkpt lat="45.62548" lon="4.57629">
        <ele>758.97</ele>
      </trkpt>
      <trkpt lat="45.62572" lon="4.57591">
        <ele>757.54</ele>
      </trkpt>
      <trkpt lat="45.62576" lon="4.57581">
        <ele>755.87</ele>
      </trkpt>
      <trkpt lat="45.62575" lon="4.57572">
        <ele>756.26</ele>
      </trkpt>
      <trkpt lat="45.62572" lon="4.5757">
        <ele>756.81</ele>
      </trkpt>
      <trkpt lat="45.62564" lon="4.57578">
        <ele>757.93</ele>
      </trkpt>
      <trkpt lat="45.62551" lon="4.57583">
        <ele>760.32</ele>
      </trkpt>
      <trkpt lat="45.62517" lon="4.57588">
        <ele>763.16</ele>
      </trkpt>
      <trkpt lat="45.62486" lon="4.57605">
        <ele>765.52</ele>
      </trkpt>
      <trkpt lat="45.62474" lon="4.57615">
        <ele>767.96</ele>
      </trkpt>
      <trkpt lat="45.62458" lon="4.57618">
        <ele>773.55</ele>
      </trkpt>
      <trkpt lat="45.6244" lon="4.57605">
        <ele>780.9</ele>
      </trkpt>
      <trkpt lat="45.62346" lon="4.57681">
        <ele>788.67</ele>
      </trkpt>
      <trkpt lat="45.62286" lon="4.57726">
        <ele>797.28</ele>
      </trkpt>
      <trkpt lat="45.62261" lon="4.57742">
        <ele>811.12</ele>
      </trkpt>
      <trkpt lat="45.62214" lon="4.57782">
        <ele>821.26</ele>
      </trkpt>
      <trkpt lat="45.62134" lon="4.57874">
        <ele>828.21</ele>
      </trkpt>
      <trkpt lat="45.62128" lon="4.57878">
        <ele>834.42</ele>
      </trkpt>
      <trkpt lat="45.62119" lon="4.57878">
        <ele>839.25</ele>
      </trkpt>
      <trkpt lat="45.62087" lon="4.57861">
        <ele>839.7</ele>
      </trkpt>
      <trkpt lat="45.6208" lon="4.57861">
        <ele>840.96</ele>
      </trkpt>
      <trkpt lat="45.62064" lon="4.57884">
        <ele>841.91</ele>
      </trkpt>
      <trkpt lat="45.62025" lon="4.57954">
        <ele>842.58</ele>
      </trkpt>
      <trkpt lat="45.6199" lon="4.57985">
        <ele>842.59</ele>
      </trkpt>
      <trkpt lat="45.61947" lon="4.58011">
        <ele>840.32</ele>
      </trkpt>
      <trkpt lat="45.61937" lon="4.58021">
        <ele>836.87</ele>
      </trkpt>
      <trkpt lat="45.61898" lon="4.58084">
        <ele>833.33</ele>
      </trkpt>
      <trkpt lat="45.61893" lon="4.5809">
        <ele>829.5</ele>
      </trkpt>
      <trkpt lat="45.6188" lon="4.58092">
        <ele>826.05</ele>
      </trkpt>
      <trkpt lat="45.61857" lon="4.58081">
        <ele>824.33</ele>
      </trkpt>
      <trkpt lat="45.61833" lon="4.58062">
        <ele>822.67</ele>
      </trkpt>
      <trkpt lat="45.61824" lon="4.58046">
        <ele>821.36</ele>
      </trkpt>
      <trkpt lat="45.61815" lon="4.58036">
        <ele>819.25</ele>
      </trkpt>
      <trkpt lat="45.61795" lon="4.58027">
        <ele>816.02</ele>
      </trkpt>
      <trkpt lat="45.61758" lon="4.57973">
        <ele>811.87</ele>
      </trkpt>
      <trkpt lat="45.61691" lon="4.57865">
        <ele>804.99</ele>
      </trkpt>
      <trkpt lat="45.6165" lon="4.57834">
        <ele>797.98</ele>
      </trkpt>
      <trkpt lat="45.61576" lon="4.57824">
        <ele>793.22</ele>
      </trkpt>
      <trkpt lat="45.61571" lon="4.57825">
        <ele>789.23</ele>
      </trkpt>
      <trkpt lat="45.61568" lon="4.57829">
        <ele>785.21</ele>
      </trkpt>
      <trkpt lat="45.61566" lon="4.5784">
        <ele>785.74</ele>
      </trkpt>
      <trkpt lat="45.61571" lon="4.57846">
        <ele>785.46</ele>
      </trkpt>
      <trkpt lat="45.61591" lon="4.57856">
        <ele>783.79</ele>
      </trkpt>
      <trkpt lat="45.61594" lon="4.5787">
        <ele>782.5</ele>
      </trkpt>
      <trkpt lat="45.61548" lon="4.57849">
        <ele>781.91</ele>
      </trkpt>
      <trkpt lat="45.61536" lon="4.57834">
        <ele>779.54</ele>
      </trkpt>
      <trkpt lat="45.61519" lon="4.57805">
        <ele>778.62</ele>
      </trkpt>
      <trkpt lat="45.615" lon="4.57761">
        <ele>777.51</ele>
      </trkpt>
      <trkpt lat="45.61472" lon="4.57627">
        <ele>775.62</ele>
      </trkpt>
      <trkpt lat="45.61434" lon="4.57509">
        <ele>774.15</ele>
      </trkpt>
      <trkpt lat="45.61394" lon="4.57423">
        <ele>771.41</ele>
      </trkpt>
      <trkpt lat="45.61381" lon="4.57407">
        <ele>767.18</ele>
      </trkpt>
      <trkpt lat="45.61339" lon="4.57418">
        <ele>763.01</ele>
      </trkpt>
      <trkpt lat="45.61286" lon="4.57422">
        <ele>759.28</ele>
      </trkpt>
      <trkpt lat="45.61269" lon="4.57429">
        <ele>754.46</ele>
      </trkpt>
      <trkpt lat="45.61243" lon="4.57451">
        <ele>751.35</ele>
      </trkpt>
      <trkpt lat="45.61224" lon="4.5748">
        <ele>748.61</ele>
      </trkpt>
      <trkpt lat="45.61198" lon="4.57494">
        <ele>746.4</ele>
      </trkpt>
      <trkpt lat="45.61175" lon="4.57499">
        <ele>745.28</ele>
      </trkpt>
      <trkpt lat="45.6117" lon="4.57512">
        <ele>744.81</ele>
      </trkpt>
      <trkpt lat="45.61161" lon="4.57526">
        <ele>748.59</ele>
      </trkpt>
      <trkpt lat="45.61141" lon="4.57534">
        <ele>755.96</ele>
      </trkpt>
      <trkpt lat="45.61047" lon="4.57601">
        <ele>765.55</ele>
      </trkpt>
      <trkpt lat="45.60988" lon="4.57618">
        <ele>774.95</ele>
      </trkpt>
      <trkpt lat="45.60955" lon="4.57611">
        <ele>786.37</ele>
      </trkpt>
      <trkpt lat="45.60843" lon="4.57607">
        <ele>793.85</ele>
      </trkpt>
      <trkpt lat="45.60815" lon="4.5762">
        <ele>800.85</ele>
      </trkpt>
      <trkpt lat="45.60777" lon="4.57647">
        <ele>806.39</ele>
      </trkpt>
      <trkpt lat="45.60741" lon="4.57717">
        <ele>810.77</ele>
      </trkpt>
      <trkpt lat="45.6071" lon="4.57798">
        <ele>813.52</ele>
      </trkpt>
      <trkpt lat="45.60643" lon="4.57727">
        <ele>815.51</ele>
      </trkpt>
      <trkpt lat="45.60635" lon="4.57715">
        <ele>814.99</ele>
      </trkpt>
      <trkpt lat="45.60625" lon="4.57677">
        <ele>814.33</ele>
      </trkpt>
      <trkpt lat="45.60598" lon="4.576">
        <ele>813.79</ele>
      </trkpt>
      <trkpt lat="45.60566" lon="4.57533">
        <ele>811.41</ele>
      </trkpt>
      <trkpt lat="45.60555" lon="4.57495">
        <ele>809.1</ele>
      </trkpt>
      <trkpt lat="45.60548" lon="4.57382">
        <ele>808.39</ele>
      </trkpt>
      <trkpt lat="45.60547" lon="4.57319">
        <ele>808.24</ele>
      </trkpt>
      <trkpt lat="45.60549" lon="4.5726">
        <ele>807.51</ele>
      </trkpt>
      <trkpt lat="45.60569" lon="4.57167">
        <ele>808.03</ele>
      </trkpt>
      <trkpt lat="45.60571" lon="4.57124">
        <ele>808.22</ele>
      </trkpt>
      <trkpt lat="45.60571" lon="4.57074">
        <ele>808.12</ele>
      </trkpt>
      <trkpt lat="45.6056" lon="4.57031">
        <ele>806.45</ele>
      </trkpt>
      <trkpt lat="45.6055" lon="4.57008">
        <ele>801.51</ele>
      </trkpt>
      <trkpt lat="45.60518" lon="4.56966">
        <ele>796.11</ele>
      </trkpt>
      <trkpt lat="45.60458" lon="4.56927">
        <ele>791.1</ele>
      </trkpt>
      <trkpt lat="45.60417" lon="4.56936">
        <ele>785.4</ele>
      </trkpt>
      <trkpt lat="45.60357" lon="4.57004">
        <ele>778.9</ele>
      </trkpt>
      <trkpt lat="45.6035" lon="4.57003">
        <ele>776.06</ele>
      </trkpt>
      <trkpt lat="45.6035" lon="4.5698">
        <ele>774.41</ele>
      </trkpt>
      <trkpt lat="45.6032" lon="4.57013">
        <ele>772.94</ele>
      </trkpt>
      <trkpt lat="45.60299" lon="4.57076">
        <ele>770.4</ele>
      </trkpt>
      <trkpt lat="45.6025" lon="4.57152">
        <ele>766.67</ele>
      </trkpt>
      <trkpt lat="45.60226" lon="4.57203">
        <ele>763.2</ele>
      </trkpt>
      <trkpt lat="45.60205" lon="4.57262">
        <ele>759.82</ele>
      </trkpt>
      <trkpt lat="45.60198" lon="4.57398">
        <ele>756.47</ele>
      </trkpt>
      <trkpt lat="45.60199" lon="4.57456">
        <ele>753.65</ele>
      </trkpt>
      <trkpt lat="45.60237" lon="4.57587">
        <ele>751.29</ele>
      </trkpt>
      <trkpt lat="45.60247" lon="4.57634">
        <ele>749.77</ele>
      </trkpt>
      <trkpt lat="45.60202" lon="4.57595">
        <ele>745.79</ele>
      </trkpt>
      <trkpt lat="45.60189" lon="4.57581">
        <ele>740.08</ele>
      </trkpt>
      <trkpt lat="45.60151" lon="4.57521">
        <ele>732.06</ele>
      </trkpt>
      <trkpt lat="45.60107" lon="4.57396">
        <ele>726.12</ele>
      </trkpt>
      <trkpt lat="45.60062" lon="4.57293">
        <ele>719.92</ele>
      </trkpt>
      <trkpt lat="45.60058" lon="4.5725">
        <ele>713.96</ele>
      </trkpt>
      <trkpt lat="45.60048" lon="4.57206">
        <ele>709.1</ele>
      </trkpt>
      <trkpt lat="45.60034" lon="4.57162">
        <ele>706.76</ele>
      </trkpt>
      <trkpt lat="45.60003" lon="4.57084">
        <ele>703.81</ele>
      </trkpt>
      <trkpt lat="45.59989" lon="4.5706">
        <ele>700.72</ele>
      </trkpt>
      <trkpt lat="45.59978" lon="4.57052">
        <ele>699.31</ele>
      </trkpt>
      <trkpt lat="45.59963" lon="4.57053">
        <ele>698.69</ele>
      </trkpt>
      <trkpt lat="45.59954" lon="4.57039">
        <ele>697.96</ele>
      </trkpt>
      <trkpt lat="45.5995" lon="4.57019">
        <ele>697.47</ele>
      </trkpt>
      <trkpt lat="45.59928" lon="4.57037">
        <ele>695.75</ele>
      </trkpt>
      <trkpt lat="45.59913" lon="4.57059">
        <ele>694.67</ele>
      </trkpt>
      <trkpt lat="45.59884" lon="4.57079">
        <ele>691.5</ele>
      </trkpt>
      <trkpt lat="45.59891" lon="4.57089">
        <ele>688.41</ele>
      </trkpt>
      <trkpt lat="45.59933" lon="4.57101">
        <ele>685.46</ele>
      </trkpt>
      <trkpt lat="45.59945" lon="4.57125">
        <ele>683.36</ele>
      </trkpt>
      <trkpt lat="45.59967" lon="4.57212">
        <ele>679.98</ele>
      </trkpt>
      <trkpt lat="45.5997" lon="4.57254">
        <ele>678.91</ele>
      </trkpt>
      <trkpt lat="45.5997" lon="4.57299">
        <ele>677.88</ele>
      </trkpt>
      <trkpt lat="45.59998" lon="4.57392">
        <ele>678.26</ele>
      </trkpt>
      <trkpt lat="45.60004" lon="4.57463">
        <ele>677.74</ele>
      </trkpt>
      <trkpt lat="45.60015" lon="4.57531">
        <ele>678.21</ele>
      </trkpt>
      <trkpt lat="45.60032" lon="4.57589">
        <ele>677.62</ele>
      </trkpt>
      <trkpt lat="45.60052" lon="4.5763">
        <ele>680.26</ele>
      </trkpt>
      <trkpt lat="45.60093" lon="4.577">
        <ele>680.25</ele>
      </trkpt>
      <trkpt lat="45.60103" lon="4.57743">
        <ele>683.73</ele>
      </trkpt>
      <trkpt lat="45.60105" lon="4.57768">
        <ele>683.12</ele>
      </trkpt>
      <trkpt lat="45.60101" lon="4.57792">
        <ele>687.26</ele>
      </trkpt>
      <trkpt lat="45.60086" lon="4.57812">
        <ele>684.34</ele>
      </trkpt>
      <trkpt lat="45.6007" lon="4.57823">
        <ele>681.37</ele>
      </trkpt>
      <trkpt lat="45.60054" lon="4.57838">
        <ele>675.39</ele>
      </trkpt>
      <trkpt lat="45.60035" lon="4.57873">
        <ele>672.95</ele>
      </trkpt>
      <trkpt lat="45.60031" lon="4.57888">
        <ele>666.39</ele>
      </trkpt>
      <trkpt lat="45.60028" lon="4.58014">
        <ele>664.99</ele>
      </trkpt>
      <trkpt lat="45.60033" lon="4.5806">
        <ele>665.34</ele>
      </trkpt>
      <trkpt lat="45.60028" lon="4.58093">
        <ele>667.53</ele>
      </trkpt>
      <trkpt lat="45.60028" lon="4.58137">
        <ele>670.93</ele>
      </trkpt>
      <trkpt lat="45.60024" lon="4.58173">
        <ele>671.78</ele>
      </trkpt>
      <trkpt lat="45.60027" lon="4.58199">
        <ele>670.07</ele>
      </trkpt>
      <trkpt lat="45.60021" lon="4.58298">
        <ele>668.55</ele>
      </trkpt>
      <trkpt lat="45.60024" lon="4.58356">
        <ele>667.02</ele>
      </trkpt>
      <trkpt lat="45.6002" lon="4.58415">
        <ele>665.18</ele>
      </trkpt>
      <trkpt lat="45.60023" lon="4.58538">
        <ele>665.98</ele>
      </trkpt>
      <trkpt lat="45.60035" lon="4.58576">
        <ele>667.27</ele>
      </trkpt>
      <trkpt lat="45.60033" lon="4.58582">
        <ele>670.43</ele>
      </trkpt>
      <trkpt lat="45.60013" lon="4.58578">
        <ele>674.15</ele>
      </trkpt>
      <trkpt lat="45.59992" lon="4.58579">
        <ele>680.56</ele>
      </trkpt>
      <trkpt lat="45.59959" lon="4.58575">
        <ele>687.93</ele>
      </trkpt>
      <trkpt lat="45.59874" lon="4.58574">
        <ele>692.83</ele>
      </trkpt>
      <trkpt lat="45.59857" lon="4.58581">
        <ele>699.15</ele>
      </trkpt>
      <trkpt lat="45.59844" lon="4.58592">
        <ele>701.4</ele>
      </trkpt>
      <trkpt lat="45.59831" lon="4.58615">
        <ele>704.36</ele>
      </trkpt>
      <trkpt lat="45.59814" lon="4.58669">
        <ele>704.58</ele>
      </trkpt>
      <trkpt lat="45.59797" lon="4.5874">
        <ele>709.52</ele>
      </trkpt>
      <trkpt lat="45.59794" lon="4.58771">
        <ele>709.37</ele>
      </trkpt>
      <trkpt lat="45.59798" lon="4.58785">
        <ele>710.67</ele>
      </trkpt>
      <trkpt lat="45.59792" lon="4.58812">
        <ele>707.32</ele>
      </trkpt>
      <trkpt lat="45.59782" lon="4.58838">
        <ele>703.91</ele>
      </trkpt>
      <trkpt lat="45.59772" lon="4.58856">
        <ele>698.15</ele>
      </trkpt>
      <trkpt lat="45.59714" lon="4.58917">
        <ele>691.55</ele>
      </trkpt>
      <trkpt lat="45.59723" lon="4.59003">
        <ele>685.26</ele>
      </trkpt>
      <trkpt lat="45.59726" lon="4.59073">
        <ele>678.28</ele>
      </trkpt>
      <trkpt lat="45.59707" lon="4.59139">
        <ele>671.48</ele>
      </trkpt>
      <trkpt lat="45.597" lon="4.59182">
        <ele>663.07</ele>
      </trkpt>
      <trkpt lat="45.59694" lon="4.59226">
        <ele>655.58</ele>
      </trkpt>
      <trkpt lat="45.59688" lon="4.59295">
        <ele>645.63</ele>
      </trkpt>
      <trkpt lat="45.59688" lon="4.59331">
        <ele>636.13</ele>
      </trkpt>
      <trkpt lat="45.59674" lon="4.59462">
        <ele>627.48</ele>
      </trkpt>
      <trkpt lat="45.59669" lon="4.59497">
        <ele>620.98</ele>
      </trkpt>
      <trkpt lat="45.59659" lon="4.59529">
        <ele>615.18</ele>
      </trkpt>
      <trkpt lat="45.59653" lon="4.59561">
        <ele>612.56</ele>
      </trkpt>
      <trkpt lat="45.59649" lon="4.59569">
        <ele>609.86</ele>
      </trkpt>
      <trkpt lat="45.59643" lon="4.59572">
        <ele>607.58</ele>
      </trkpt>
      <trkpt lat="45.59608" lon="4.59529">
        <ele>604.86</ele>
      </trkpt>
      <trkpt lat="45.596" lon="4.59528">
        <ele>602.23</ele>
      </trkpt>
      <trkpt lat="45.59594" lon="4.59524">
        <ele>600.78</ele>
      </trkpt>
      <trkpt lat="45.59534" lon="4.59376">
        <ele>600.9</ele>
      </trkpt>
      <trkpt lat="45.59523" lon="4.59335">
        <ele>601.34</ele>
      </trkpt>
      <trkpt lat="45.59492" lon="4.59299">
        <ele>602.04</ele>
      </trkpt>
      <trkpt lat="45.59458" lon="4.59252">
        <ele>603.02</ele>
      </trkpt>
      <trkpt lat="45.59449" lon="4.5926">
        <ele>602.78</ele>
      </trkpt>
      <trkpt lat="45.59421" lon="4.59272">
        <ele>601.77</ele>
      </trkpt>
      <trkpt lat="45.59413" lon="4.59278">
        <ele>598.75</ele>
      </trkpt>
      <trkpt lat="45.59392" lon="4.59308">
        <ele>597.6</ele>
      </trkpt>
      <trkpt lat="45.59377" lon="4.59342">
        <ele>595.25</ele>
      </trkpt>
      <trkpt lat="45.59371" lon="4.59349">
        <ele>592.23</ele>
      </trkpt>
      <trkpt lat="45.59344" lon="4.59367">
        <ele>587.8</ele>
      </trkpt>
      <trkpt lat="45.59321" lon="4.59397">
        <ele>583.78</ele>
      </trkpt>
      <trkpt lat="45.59281" lon="4.59441">
        <ele>577.82</ele>
      </trkpt>
      <trkpt lat="45.59235" lon="4.59503">
        <ele>572.51</ele>
      </trkpt>
      <trkpt lat="45.59201" lon="4.59561">
        <ele>567.09</ele>
      </trkpt>
      <trkpt lat="45.59173" lon="4.59595">
        <ele>562.02</ele>
      </trkpt>
      <trkpt lat="45.59158" lon="4.59634">
        <ele>558.06</ele>
      </trkpt>
      <trkpt lat="45.59141" lon="4.59653">
        <ele>551.76</ele>
      </trkpt>
      <trkpt lat="45.59135" lon="4.59665">
        <ele>545.99</ele>
      </trkpt>
      <trkpt lat="45.5912" lon="4.59763">
        <ele>542.27</ele>
      </trkpt>
      <trkpt lat="45.59121" lon="4.59772">
        <ele>536.76</ele>
      </trkpt>
      <trkpt lat="45.59126" lon="4.59783">
        <ele>531.06</ele>
      </trkpt>
      <trkpt lat="45.5909" lon="4.59771">
        <ele>527.67</ele>
      </trkpt>
      <trkpt lat="45.59079" lon="4.5977">
        <ele>524.2</ele>
      </trkpt>
      <trkpt lat="45.59062" lon="4.59763">
        <ele>519.32</ele>
      </trkpt>
      <trkpt lat="45.59057" lon="4.59763">
        <ele>516.61</ele>
      </trkpt>
      <trkpt lat="45.59054" lon="4.59766">
        <ele>513.58</ele>
      </trkpt>
      <trkpt lat="45.59048" lon="4.59784">
        <ele>509.95</ele>
      </trkpt>
      <trkpt lat="45.59068" lon="4.59855">
        <ele>506.3</ele>
      </trkpt>
      <trkpt lat="45.59071" lon="4.59881">
        <ele>503.07</ele>
      </trkpt>
      <trkpt lat="45.5907" lon="4.59907">
        <ele>499.78</ele>
      </trkpt>
      <trkpt lat="45.5906" lon="4.599">
        <ele>496.36</ele>
      </trkpt>
      <trkpt lat="45.59039" lon="4.59931">
        <ele>493.98</ele>
      </trkpt>
      <trkpt lat="45.59022" lon="4.59964">
        <ele>491.64</ele>
      </trkpt>
      <trkpt lat="45.59021" lon="4.59974">
        <ele>488.92</ele>
      </trkpt>
      <trkpt lat="45.59038" lon="4.60014">
        <ele>485.78</ele>
      </trkpt>
      <trkpt lat="45.59035" lon="4.60023">
        <ele>482.76</ele>
      </trkpt>
      <trkpt lat="45.59019" lon="4.60049">
        <ele>479.25</ele>
      </trkpt>
      <trkpt lat="45.58995" lon="4.60081">
        <ele>475.73</ele>
      </trkpt>
      <trkpt lat="45.58991" lon="4.6012">
        <ele>471.35</ele>
      </trkpt>
      <trkpt lat="45.58987" lon="4.60132">
        <ele>467.59</ele>
      </trkpt>
      <trkpt lat="45.58971" lon="4.60161">
        <ele>464.89</ele>
      </trkpt>
      <trkpt lat="45.58959" lon="4.60176">
        <ele>462.63</ele>
      </trkpt>
      <trkpt lat="45.58954" lon="4.60177">
        <ele>460.51</ele>
      </trkpt>
      <trkpt lat="45.58944" lon="4.60173">
        <ele>459.02</ele>
      </trkpt>
      <trkpt lat="45.58934" lon="4.60166">
        <ele>457.75</ele>
      </trkpt>
      <trkpt lat="45.58918" lon="4.60148">
        <ele>456</ele>
      </trkpt>
      <trkpt lat="45.58903" lon="4.60146">
        <ele>453.89</ele>
      </trkpt>
      <trkpt lat="45.58893" lon="4.60142">
        <ele>451.26</ele>
      </trkpt>
      <trkpt lat="45.58879" lon="4.60143">
        <ele>449.73</ele>
      </trkpt>
      <trkpt lat="45.58843" lon="4.60074">
        <ele>448.65</ele>
      </trkpt>
      <trkpt lat="45.58833" lon="4.60049">
        <ele>449.27</ele>
      </trkpt>
      <trkpt lat="45.58826" lon="4.60014">
        <ele>449.99</ele>
      </trkpt>
      <trkpt lat="45.58817" lon="4.59877">
        <ele>452.59</ele>
      </trkpt>
      <trkpt lat="45.58808" lon="4.59823">
        <ele>453.23</ele>
      </trkpt>
      <trkpt lat="45.58798" lon="4.59799">
        <ele>452.47</ele>
      </trkpt>
      <trkpt lat="45.58787" lon="4.59782">
        <ele>449.64</ele>
      </trkpt>
      <trkpt lat="45.5878" lon="4.59777">
        <ele>448.22</ele>
      </trkpt>
      <trkpt lat="45.58761" lon="4.59771">
        <ele>446.38</ele>
      </trkpt>
      <trkpt lat="45.58732" lon="4.59774">
        <ele>449.3</ele>
      </trkpt>
      <trkpt lat="45.58689" lon="4.59797">
        <ele>451.81</ele>
      </trkpt>
      <trkpt lat="45.58679" lon="4.5981">
        <ele>454.32</ele>
      </trkpt>
      <trkpt lat="45.58671" lon="4.59827">
        <ele>456.4</ele>
      </trkpt>
      <trkpt lat="45.5866" lon="4.59866">
        <ele>458.05</ele>
      </trkpt>
      <trkpt lat="45.5868" lon="4.59974">
        <ele>457.06</ele>
      </trkpt>
      <trkpt lat="45.58675" lon="4.60086">
        <ele>457.2</ele>
      </trkpt>
      <trkpt lat="45.58677" lon="4.60152">
        <ele>456.4</ele>
      </trkpt>
      <trkpt lat="45.58672" lon="4.60198">
        <ele>455.3</ele>
      </trkpt>
      <trkpt lat="45.58666" lon="4.60227">
        <ele>452.19</ele>
      </trkpt>
      <trkpt lat="45.58658" lon="4.6024">
        <ele>447.7</ele>
      </trkpt>
      <trkpt lat="45.58594" lon="4.60387">
        <ele>443.56</ele>
      </trkpt>
      <trkpt lat="45.58583" lon="4.60422">
        <ele>440.95</ele>
      </trkpt>
      <trkpt lat="45.58563" lon="4.60503">
        <ele>436.16</ele>
      </trkpt>
      <trkpt lat="45.58551" lon="4.60527">
        <ele>435.4</ele>
      </trkpt>
      <trkpt lat="45.58526" lon="4.60555">
        <ele>432.01</ele>
      </trkpt>
      <trkpt lat="45.58513" lon="4.60565">
        <ele>428.25</ele>
      </trkpt>
      <trkpt lat="45.58457" lon="4.60582">
        <ele>422.96</ele>
      </trkpt>
      <trkpt lat="45.58361" lon="4.60592">
        <ele>419.8</ele>
      </trkpt>
      <trkpt lat="45.58278" lon="4.60604">
        <ele>413.97</ele>
      </trkpt>
      <trkpt lat="45.58252" lon="4.60604">
        <ele>411.43</ele>
      </trkpt>
      <trkpt lat="45.58244" lon="4.60602">
        <ele>409.94</ele>
      </trkpt>
      <trkpt lat="45.58214" lon="4.60587">
        <ele>410.14</ele>
      </trkpt>
      <trkpt lat="45.58174" lon="4.60561">
        <ele>409.97</ele>
      </trkpt>
      <trkpt lat="45.58152" lon="4.60557">
        <ele>410.54</ele>
      </trkpt>
      <trkpt lat="45.58128" lon="4.60558">
        <ele>410.42</ele>
      </trkpt>
      <trkpt lat="45.58111" lon="4.6057">
        <ele>408.12</ele>
      </trkpt>
      <trkpt lat="45.58097" lon="4.60586">
        <ele>407.19</ele>
      </trkpt>
      <trkpt lat="45.58072" lon="4.60635">
        <ele>405.8</ele>
      </trkpt>
      <trkpt lat="45.58056" lon="4.60657">
        <ele>404.05</ele>
      </trkpt>
      <trkpt lat="45.58036" lon="4.60672">
        <ele>400.52</ele>
      </trkpt>
      <trkpt lat="45.58001" lon="4.60693">
        <ele>398.97</ele>
      </trkpt>
      <trkpt lat="45.5797" lon="4.60707">
        <ele>398.22</ele>
      </trkpt>
      <trkpt lat="45.57909" lon="4.60716">
        <ele>398.61</ele>
      </trkpt>
      <trkpt lat="45.57894" lon="4.60724">
        <ele>397.02</ele>
      </trkpt>
      <trkpt lat="45.57872" lon="4.60753">
        <ele>397.43</ele>
      </trkpt>
      <trkpt lat="45.57851" lon="4.60819">
        <ele>397.36</ele>
      </trkpt>
      <trkpt lat="45.57834" lon="4.60862">
        <ele>393.56</ele>
      </trkpt>
      <trkpt lat="45.57756" lon="4.60928">
        <ele>389.11</ele>
      </trkpt>
      <trkpt lat="45.57685" lon="4.60996">
        <ele>386.88</ele>
      </trkpt>
      <trkpt lat="45.57642" lon="4.61046">
        <ele>385</ele>
      </trkpt>
      <trkpt lat="45.57557" lon="4.61088">
        <ele>382.35</ele>
      </trkpt>
      <trkpt lat="45.57554" lon="4.61097">
        <ele>381.02</ele>
      </trkpt>
      <trkpt lat="45.57569" lon="4.61241">
        <ele>379.56</ele>
      </trkpt>
      <trkpt lat="45.57569" lon="4.6125">
        <ele>377.82</ele>
      </trkpt>
      <trkpt lat="45.57561" lon="4.61264">
        <ele>374.21</ele>
      </trkpt>
      <trkpt lat="45.57563" lon="4.61274">
        <ele>371.67</ele>
      </trkpt>
      <trkpt lat="45.57579" lon="4.61306">
        <ele>369.04</ele>
      </trkpt>
      <trkpt lat="45.5758" lon="4.61312">
        <ele>368.23</ele>
      </trkpt>
      <trkpt lat="45.57576" lon="4.61321">
        <ele>365.94</ele>
      </trkpt>
      <trkpt lat="45.57568" lon="4.61325">
        <ele>364.19</ele>
      </trkpt>
      <trkpt lat="45.57555" lon="4.61326">
        <ele>362.04</ele>
      </trkpt>
      <trkpt lat="45.57512" lon="4.6132">
        <ele>360.28</ele>
      </trkpt>
      <trkpt lat="45.57491" lon="4.61313">
        <ele>357.05</ele>
      </trkpt>
      <trkpt lat="45.57489" lon="4.61319">
        <ele>354.67</ele>
      </trkpt>
      <trkpt lat="45.57492" lon="4.61325">
        <ele>353.57</ele>
      </trkpt>
      <trkpt lat="45.57547" lon="4.6137">
        <ele>352.79</ele>
      </trkpt>
      <trkpt lat="45.57548" lon="4.61381">
        <ele>352.14</ele>
      </trkpt>
      <trkpt lat="45.57544" lon="4.61386">
        <ele>351.96</ele>
      </trkpt>
      <trkpt lat="45.57539" lon="4.61387">
        <ele>351.87</ele>
      </trkpt>
      <trkpt lat="45.57528" lon="4.61408">
        <ele>351.92</ele>
      </trkpt>
      <trkpt lat="45.5754" lon="4.61417">
        <ele>352.11</ele>
      </trkpt>
      <trkpt lat="45.57554" lon="4.61448">
        <ele>352.5</ele>
      </trkpt>
      <trkpt lat="45.57552" lon="4.61455">
        <ele>352.39</ele>
      </trkpt>
      <trkpt lat="45.57531" lon="4.61466">
        <ele>352.57</ele>
      </trkpt>
      <trkpt lat="45.57521" lon="4.61475">
        <ele>352.84</ele>
      </trkpt>
      <trkpt lat="45.57519" lon="4.61497">
        <ele>353.18</ele>
      </trkpt>
      <trkpt lat="45.57531" lon="4.61518">
        <ele>354.83</ele>
      </trkpt>
      <trkpt lat="45.57541" lon="4.61527">
        <ele>355.84</ele>
      </trkpt>
      <trkpt lat="45.57571" lon="4.61515">
        <ele>358.75</ele>
      </trkpt>
      <trkpt lat="45.57583" lon="4.61515">
        <ele>361.35</ele>
      </trkpt>
      <trkpt lat="45.57649" lon="4.61549">
        <ele>363.72</ele>
      </trkpt>
      <trkpt lat="45.57651" lon="4.61558">
        <ele>364.98</ele>
      </trkpt>
      <trkpt lat="45.57624" lon="4.61567">
        <ele>368.49</ele>
      </trkpt>
      <trkpt lat="45.57618" lon="4.61566">
        <ele>370.25</ele>
      </trkpt>
      <trkpt lat="45.57586" lon="4.61593">
        <ele>371.8</ele>
      </trkpt>
      <trkpt lat="45.57549" lon="4.61646">
        <ele>372.97</ele>
      </trkpt>
      <trkpt lat="45.5754" lon="4.61672">
        <ele>374.65</ele>
      </trkpt>
      <trkpt lat="45.5754" lon="4.61684">
        <ele>375.11</ele>
      </trkpt>
      <trkpt lat="45.57549" lon="4.61701">
        <ele>377.28</ele>
      </trkpt>
      <trkpt lat="45.57569" lon="4.61718">
        <ele>379.37</ele>
      </trkpt>
      <trkpt lat="45.57594" lon="4.61755">
        <ele>383.4</ele>
      </trkpt>
      <trkpt lat="45.5759" lon="4.61781">
        <ele>386.09</ele>
      </trkpt>
      <trkpt lat="45.57547" lon="4.61831">
        <ele>387.59</ele>
      </trkpt>
      <trkpt lat="45.57549" lon="4.61839">
        <ele>389.01</ele>
      </trkpt>
      <trkpt lat="45.57558" lon="4.61853">
        <ele>390.93</ele>
      </trkpt>
      <trkpt lat="45.57561" lon="4.61873">
        <ele>392.65</ele>
      </trkpt>
      <trkpt lat="45.57564" lon="4.61948">
        <ele>396.5</ele>
      </trkpt>
      <trkpt lat="45.57563" lon="4.61979">
        <ele>401.82</ele>
      </trkpt>
      <trkpt lat="45.57575" lon="4.62029">
        <ele>405.71</ele>
      </trkpt>
      <trkpt lat="45.5758" lon="4.62044">
        <ele>410.1</ele>
      </trkpt>
      <trkpt lat="45.57606" lon="4.62076">
        <ele>413.29</ele>
      </trkpt>
      <trkpt lat="45.57606" lon="4.62097">
        <ele>414.51</ele>
      </trkpt>
      <trkpt lat="45.57593" lon="4.62179">
        <ele>415.47</ele>
      </trkpt>
      <trkpt lat="45.57596" lon="4.62192">
        <ele>416.3</ele>
      </trkpt>
      <trkpt lat="45.57539" lon="4.62398">
        <ele>416.8</ele>
      </trkpt>
      <trkpt lat="45.57537" lon="4.62447">
        <ele>416.91</ele>
      </trkpt>
      <trkpt lat="45.57542" lon="4.62477">
        <ele>417.15</ele>
      </trkpt>
      <trkpt lat="45.57556" lon="4.62531">
        <ele>416.55</ele>
      </trkpt>
      <trkpt lat="45.57569" lon="4.62568">
        <ele>416.33</ele>
      </trkpt>
      <trkpt lat="45.57569" lon="4.62568">
        <ele>416.33</ele>
      </trkpt>
      <trkpt lat="45.57569" lon="4.62594">
        <ele>416.1</ele>
      </trkpt>
      <trkpt lat="45.57545" lon="4.62634">
        <ele>410.63</ele>
      </trkpt>
      <trkpt lat="45.575" lon="4.62699">
        <ele>407.27</ele>
      </trkpt>
      <trkpt lat="45.57462" lon="4.62749">
        <ele>402.85</ele>
      </trkpt>
      <trkpt lat="45.57437" lon="4.62776">
        <ele>398.67</ele>
      </trkpt>
      <trkpt lat="45.5743" lon="4.62788">
        <ele>396.1</ele>
      </trkpt>
      <trkpt lat="45.57422" lon="4.62829">
        <ele>395.11</ele>
      </trkpt>
      <trkpt lat="45.57425" lon="4.6287">
        <ele>394.48</ele>
      </trkpt>
      <trkpt lat="45.57423" lon="4.62881">
        <ele>394.97</ele>
      </trkpt>
      <trkpt lat="45.57417" lon="4.62894">
        <ele>395.18</ele>
      </trkpt>
      <trkpt lat="45.57411" lon="4.62903">
        <ele>395.83</ele>
      </trkpt>
      <trkpt lat="45.5737" lon="4.62942">
        <ele>395.38</ele>
      </trkpt>
      <trkpt lat="45.57312" lon="4.63011">
        <ele>395.1</ele>
      </trkpt>
      <trkpt lat="45.57277" lon="4.63062">
        <ele>394.77</ele>
      </trkpt>
      <trkpt lat="45.57263" lon="4.63087">
        <ele>394.92</ele>
      </trkpt>
      <trkpt lat="45.57259" lon="4.63091">
        <ele>393.84</ele>
      </trkpt>
      <trkpt lat="45.57254" lon="4.63089">
        <ele>392.3</ele>
      </trkpt>
      <trkpt lat="45.5723" lon="4.63063">
        <ele>390.05</ele>
      </trkpt>
      <trkpt lat="45.57198" lon="4.63037">
        <ele>386.43</ele>
      </trkpt>
      <trkpt lat="45.57132" lon="4.6299">
        <ele>382.9</ele>
      </trkpt>
      <trkpt lat="45.57059" lon="4.62944">
        <ele>379.92</ele>
      </trkpt>
      <trkpt lat="45.57053" lon="4.62937">
        <ele>377.6</ele>
      </trkpt>
      <trkpt lat="45.57058" lon="4.62907">
        <ele>373.12</ele>
      </trkpt>
      <trkpt lat="45.57056" lon="4.62899">
        <ele>368.65</ele>
      </trkpt>
      <trkpt lat="45.56943" lon="4.62704">
        <ele>364.64</ele>
      </trkpt>
      <trkpt lat="45.56901" lon="4.62699">
        <ele>359.7</ele>
      </trkpt>
      <trkpt lat="45.56883" lon="4.6269">
        <ele>354.19</ele>
      </trkpt>
      <trkpt lat="45.56854" lon="4.62696">
        <ele>351.06</ele>
      </trkpt>
      <trkpt lat="45.5684" lon="4.6271">
        <ele>349.28</ele>
      </trkpt>
      <trkpt lat="45.56837" lon="4.6272">
        <ele>345.32</ele>
      </trkpt>
      <trkpt lat="45.5683" lon="4.62721">
        <ele>343.05</ele>
      </trkpt>
      <trkpt lat="45.56826" lon="4.62708">
        <ele>341.67</ele>
      </trkpt>
      <trkpt lat="45.5683" lon="4.62701">
        <ele>341.05</ele>
      </trkpt>
      <trkpt lat="45.56829" lon="4.62692">
        <ele>337.65</ele>
      </trkpt>
      <trkpt lat="45.56824" lon="4.62689">
        <ele>338.07</ele>
      </trkpt>
      <trkpt lat="45.56807" lon="4.62701">
        <ele>337.86</ele>
      </trkpt>
      <trkpt lat="45.56803" lon="4.62714">
        <ele>337.3</ele>
      </trkpt>
      <trkpt lat="45.56805" lon="4.6274">
        <ele>334.64</ele>
      </trkpt>
      <trkpt lat="45.56803" lon="4.62744">
        <ele>333.45</ele>
      </trkpt>
      <trkpt lat="45.56791" lon="4.62715">
        <ele>330.33</ele>
      </trkpt>
      <trkpt lat="45.56777" lon="4.62695">
        <ele>327.71</ele>
      </trkpt>
      <trkpt lat="45.56777" lon="4.62686">
        <ele>325.19</ele>
      </trkpt>
      <trkpt lat="45.56781" lon="4.62677">
        <ele>324.65</ele>
      </trkpt>
      <trkpt lat="45.56779" lon="4.62673">
        <ele>325.5</ele>
      </trkpt>
      <trkpt lat="45.56775" lon="4.62673">
        <ele>323.54</ele>
      </trkpt>
      <trkpt lat="45.56767" lon="4.62683">
        <ele>321.39</ele>
      </trkpt>
      <trkpt lat="45.56759" lon="4.62705">
        <ele>319</ele>
      </trkpt>
      <trkpt lat="45.56745" lon="4.6266">
        <ele>319.03</ele>
      </trkpt>
      <trkpt lat="45.56741" lon="4.62662">
        <ele>316.11</ele>
      </trkpt>
      <trkpt lat="45.56715" lon="4.6271">
        <ele>318.76</ele>
      </trkpt>
      <trkpt lat="45.56703" lon="4.6275">
        <ele>324.04</ele>
      </trkpt>
      <trkpt lat="45.56692" lon="4.62767">
        <ele>328.55</ele>
      </trkpt>
      <trkpt lat="45.56654" lon="4.62806">
        <ele>329.36</ele>
      </trkpt>
      <trkpt lat="45.56631" lon="4.6281">
        <ele>333.54</ele>
      </trkpt>
      <trkpt lat="45.56616" lon="4.62817">
        <ele>334.15</ele>
      </trkpt>
      <trkpt lat="45.56609" lon="4.62827">
        <ele>331.84</ele>
      </trkpt>
      <trkpt lat="45.56565" lon="4.62866">
        <ele>332.89</ele>
      </trkpt>
      <trkpt lat="45.56568" lon="4.62875">
        <ele>335.95</ele>
      </trkpt>
      <trkpt lat="45.56591" lon="4.629">
        <ele>339.94</ele>
      </trkpt>
      <trkpt lat="45.56609" lon="4.62915">
        <ele>346.89</ele>
      </trkpt>
      <trkpt lat="45.56644" lon="4.62954">
        <ele>354.72</ele>
      </trkpt>
      <trkpt lat="45.56699" lon="4.63053">
        <ele>361.11</ele>
      </trkpt>
      <trkpt lat="45.56714" lon="4.63093">
        <ele>366.68</ele>
      </trkpt>
      <trkpt lat="45.56777" lon="4.63323">
        <ele>370.46</ele>
      </trkpt>
      <trkpt lat="45.56814" lon="4.63449">
        <ele>371.59</ele>
      </trkpt>
      <trkpt lat="45.56887" lon="4.63594">
        <ele>372.6</ele>
      </trkpt>
      <trkpt lat="45.5693" lon="4.63715">
        <ele>372.5</ele>
      </trkpt>
      <trkpt lat="45.56959" lon="4.63814">
        <ele>374.26</ele>
      </trkpt>
      <trkpt lat="45.56977" lon="4.63859">
        <ele>376.72</ele>
      </trkpt>
      <trkpt lat="45.5707" lon="4.64012">
        <ele>379.79</ele>
      </trkpt>
      <trkpt lat="45.5712" lon="4.64101">
        <ele>381.61</ele>
      </trkpt>
      <trkpt lat="45.57166" lon="4.64238">
        <ele>380.61</ele>
      </trkpt>
      <trkpt lat="45.57104" lon="4.64332">
        <ele>378.19</ele>
      </trkpt>
      <trkpt lat="45.56914" lon="4.6453">
        <ele>375.08</ele>
      </trkpt>
      <trkpt lat="45.56932" lon="4.64597">
        <ele>370.68</ele>
      </trkpt>
      <trkpt lat="45.56961" lon="4.64812">
        <ele>366.85</ele>
      </trkpt>
      <trkpt lat="45.56965" lon="4.6493">
        <ele>364.33</ele>
      </trkpt>
      <trkpt lat="45.56984" lon="4.65024">
        <ele>359.71</ele>
      </trkpt>
      <trkpt lat="45.5699" lon="4.65066">
        <ele>357</ele>
      </trkpt>
      <trkpt lat="45.56989" lon="4.65212">
        <ele>354.58</ele>
      </trkpt>
      <trkpt lat="45.57053" lon="4.65264">
        <ele>352.32</ele>
      </trkpt>
      <trkpt lat="45.57055" lon="4.65424">
        <ele>350.65</ele>
      </trkpt>
      <trkpt lat="45.57066" lon="4.65489">
        <ele>349.29</ele>
      </trkpt>
      <trkpt lat="45.57112" lon="4.65669">
        <ele>346.39</ele>
      </trkpt>
      <trkpt lat="45.57125" lon="4.65768">
        <ele>344.22</ele>
      </trkpt>
      <trkpt lat="45.57114" lon="4.65813">
        <ele>341.87</ele>
      </trkpt>
      <trkpt lat="45.57095" lon="4.65818">
        <ele>340.77</ele>
      </trkpt>
      <trkpt lat="45.57022" lon="4.6586">
        <ele>340.83</ele>
      </trkpt>
      <trkpt lat="45.57011" lon="4.65862">
        <ele>340.51</ele>
      </trkpt>
      <trkpt lat="45.57002" lon="4.65877">
        <ele>340.15</ele>
      </trkpt>
      <trkpt lat="45.56962" lon="4.65904">
        <ele>339.68</ele>
      </trkpt>
      <trkpt lat="45.56911" lon="4.65925">
        <ele>338.94</ele>
      </trkpt>
      <trkpt lat="45.56829" lon="4.65997">
        <ele>338.17</ele>
      </trkpt>
      <trkpt lat="45.56816" lon="4.66003">
        <ele>337.49</ele>
      </trkpt>
      <trkpt lat="45.56794" lon="4.66007">
        <ele>335.63</ele>
      </trkpt>
      <trkpt lat="45.56735" lon="4.66042">
        <ele>333.88</ele>
      </trkpt>
      <trkpt lat="45.56632" lon="4.66154">
        <ele>332</ele>
      </trkpt>
      <trkpt lat="45.56606" lon="4.66197">
        <ele>330.03</ele>
      </trkpt>
      <trkpt lat="45.56589" lon="4.66217">
        <ele>327.97</ele>
      </trkpt>
      <trkpt lat="45.56571" lon="4.66257">
        <ele>326.65</ele>
      </trkpt>
      <trkpt lat="45.56523" lon="4.66332">
        <ele>324.99</ele>
      </trkpt>
      <trkpt lat="45.56482" lon="4.66386">
        <ele>323.04</ele>
      </trkpt>
      <trkpt lat="45.56446" lon="4.66443">
        <ele>321.21</ele>
      </trkpt>
      <trkpt lat="45.56471" lon="4.66477">
        <ele>319.21</ele>
      </trkpt>
      <trkpt lat="45.56494" lon="4.66498">
        <ele>318.23</ele>
      </trkpt>
      <trkpt lat="45.56546" lon="4.66522">
        <ele>318.63</ele>
      </trkpt>
      <trkpt lat="45.56575" lon="4.66522">
        <ele>319.86</ele>
      </trkpt>
      <trkpt lat="45.56633" lon="4.66514">
        <ele>321.4</ele>
      </trkpt>
      <trkpt lat="45.56646" lon="4.66515">
        <ele>323.59</ele>
      </trkpt>
      <trkpt lat="45.56696" lon="4.66549">
        <ele>325.05</ele>
      </trkpt>
      <trkpt lat="45.56727" lon="4.66563">
        <ele>325.73</ele>
      </trkpt>
      <trkpt lat="45.56773" lon="4.66577">
        <ele>326.43</ele>
      </trkpt>
      <trkpt lat="45.56795" lon="4.66574">
        <ele>327.24</ele>
      </trkpt>
      <trkpt lat="45.56871" lon="4.66526">
        <ele>327.39</ele>
      </trkpt>
      <trkpt lat="45.56906" lon="4.66511">
        <ele>327.87</ele>
      </trkpt>
      <trkpt lat="45.56934" lon="4.66523">
        <ele>328.07</ele>
      </trkpt>
      <trkpt lat="45.56953" lon="4.66534">
        <ele>327.37</ele>
      </trkpt>
      <trkpt lat="45.56928" lon="4.66573">
        <ele>326.32</ele>
      </trkpt>
      <trkpt lat="45.5689" lon="4.66666">
        <ele>324.66</ele>
      </trkpt>
      <trkpt lat="45.56866" lon="4.66705">
        <ele>321.66</ele>
      </trkpt>
      <trkpt lat="45.56905" lon="4.66801">
        <ele>318.08</ele>
      </trkpt>
      <trkpt lat="45.56942" lon="4.66868">
        <ele>314.4</ele>
      </trkpt>
      <trkpt lat="45.56973" lon="4.66912">
        <ele>311.19</ele>
      </trkpt>
      <trkpt lat="45.5699" lon="4.66928">
        <ele>309.33</ele>
      </trkpt>
      <trkpt lat="45.57005" lon="4.66931">
        <ele>307.66</ele>
      </trkpt>
      <trkpt lat="45.57041" lon="4.66918">
        <ele>307.68</ele>
      </trkpt>
      <trkpt lat="45.57047" lon="4.66925">
        <ele>309.34</ele>
      </trkpt>
      <trkpt lat="45.57049" lon="4.66943">
        <ele>310.54</ele>
      </trkpt>
      <trkpt lat="45.57045" lon="4.66985">
        <ele>311.33</ele>
      </trkpt>
      <trkpt lat="45.57022" lon="4.67035">
        <ele>313.96</ele>
      </trkpt>
      <trkpt lat="45.57021" lon="4.67052">
        <ele>315.29</ele>
      </trkpt>
      <trkpt lat="45.57027" lon="4.67074">
        <ele>317.52</ele>
      </trkpt>
      <trkpt lat="45.57036" lon="4.67094">
        <ele>318.54</ele>
      </trkpt>
      <trkpt lat="45.57046" lon="4.67103">
        <ele>321.01</ele>
      </trkpt>
      <trkpt lat="45.57054" lon="4.67096">
        <ele>322.48</ele>
      </trkpt>
      <trkpt lat="45.57109" lon="4.67073">
        <ele>323.81</ele>
      </trkpt>
      <trkpt lat="45.57124" lon="4.67061">
        <ele>323.92</ele>
      </trkpt>
      <trkpt lat="45.57148" lon="4.67014">
        <ele>325.61</ele>
      </trkpt>
      <trkpt lat="45.57196" lon="4.66966">
        <ele>326.31</ele>
      </trkpt>
      <trkpt lat="45.57213" lon="4.66956">
        <ele>326.93</ele>
      </trkpt>
      <trkpt lat="45.57294" lon="4.67065">
        <ele>328.19</ele>
      </trkpt>
      <trkpt lat="45.57283" lon="4.67107">
        <ele>328.7</ele>
      </trkpt>
      <trkpt lat="45.57294" lon="4.67184">
        <ele>329.05</ele>
      </trkpt>
      <trkpt lat="45.57363" lon="4.67171">
        <ele>329.06</ele>
      </trkpt>
      <trkpt lat="45.57409" lon="4.67192">
        <ele>329.2</ele>
      </trkpt>
      <trkpt lat="45.5749" lon="4.6726">
        <ele>328.78</ele>
      </trkpt>
      <trkpt lat="45.57506" lon="4.67264">
        <ele>328.25</ele>
      </trkpt>
      <trkpt lat="45.57521" lon="4.67254">
        <ele>327.59</ele>
      </trkpt>
      <trkpt lat="45.57527" lon="4.67237">
        <ele>326.43</ele>
      </trkpt>
      <trkpt lat="45.57538" lon="4.67234">
        <ele>324.41</ele>
      </trkpt>
      <trkpt lat="45.57722" lon="4.6708">
        <ele>322.64</ele>
      </trkpt>
      <trkpt lat="45.5793" lon="4.67028">
        <ele>320.69</ele>
      </trkpt>
      <trkpt lat="45.57953" lon="4.67019">
        <ele>318.7</ele>
      </trkpt>
      <trkpt lat="45.57999" lon="4.66983">
        <ele>317.24</ele>
      </trkpt>
      <trkpt lat="45.58007" lon="4.6698">
        <ele>317.11</ele>
      </trkpt>
      <trkpt lat="45.58041" lon="4.66983">
        <ele>317.81</ele>
      </trkpt>
      <trkpt lat="45.58056" lon="4.66979">
        <ele>317.41</ele>
      </trkpt>
      <trkpt lat="45.5808" lon="4.66984">
        <ele>315.81</ele>
      </trkpt>
      <trkpt lat="45.58102" lon="4.66917">
        <ele>315.17</ele>
      </trkpt>
      <trkpt lat="45.58105" lon="4.66896">
        <ele>313.97</ele>
      </trkpt>
      <trkpt lat="45.58132" lon="4.66854">
        <ele>312.8</ele>
      </trkpt>
      <trkpt lat="45.58152" lon="4.66857">
        <ele>313.36</ele>
      </trkpt>
      <trkpt lat="45.58168" lon="4.6685">
        <ele>316.17</ele>
      </trkpt>
      <trkpt lat="45.58216" lon="4.66846">
        <ele>320.73</ele>
      </trkpt>
      <trkpt lat="45.58234" lon="4.66857">
        <ele>325.73</ele>
      </trkpt>
      <trkpt lat="45.58281" lon="4.66908">
        <ele>331.71</ele>
      </trkpt>
      <trkpt lat="45.5831" lon="4.66922">
        <ele>337.5</ele>
      </trkpt>
      <trkpt lat="45.58366" lon="4.66942">
        <ele>342.17</ele>
      </trkpt>
      <trkpt lat="45.58387" lon="4.66957">
        <ele>343.89</ele>
      </trkpt>
      <trkpt lat="45.58413" lon="4.66968">
        <ele>345.43</ele>
      </trkpt>
      <trkpt lat="45.58455" lon="4.66976">
        <ele>345.44</ele>
      </trkpt>
      <trkpt lat="45.58561" lon="4.67025">
        <ele>345.28</ele>
      </trkpt>
      <trkpt lat="45.58583" lon="4.6699">
        <ele>345.3</ele>
      </trkpt>
      <trkpt lat="45.58628" lon="4.66989">
        <ele>345.57</ele>
      </trkpt>
      <trkpt lat="45.58665" lon="4.66998">
        <ele>346.31</ele>
      </trkpt>
      <trkpt lat="45.58713" lon="4.67045">
        <ele>347.47</ele>
      </trkpt>
      <trkpt lat="45.58802" lon="4.67105">
        <ele>348.52</ele>
      </trkpt>
      <trkpt lat="45.58901" lon="4.67164">
        <ele>349.51</ele>
      </trkpt>
      <trkpt lat="45.58922" lon="4.67172">
        <ele>350.5</ele>
      </trkpt>
      <trkpt lat="45.58955" lon="4.67173">
        <ele>350.59</ele>
      </trkpt>
      <trkpt lat="45.58962" lon="4.67179">
        <ele>350.25</ele>
      </trkpt>
      <trkpt lat="45.59019" lon="4.67373">
        <ele>349.78</ele>
      </trkpt>
      <trkpt lat="45.59013" lon="4.674">
        <ele>349.29</ele>
      </trkpt>
      <trkpt lat="45.59021" lon="4.67527">
        <ele>348.6</ele>
      </trkpt>
      <trkpt lat="45.59027" lon="4.67601">
        <ele>347.31</ele>
      </trkpt>
      <trkpt lat="45.59047" lon="4.67742">
        <ele>344.27</ele>
      </trkpt>
      <trkpt lat="45.59046" lon="4.67894">
        <ele>341.51</ele>
      </trkpt>
      <trkpt lat="45.59061" lon="4.68358">
        <ele>338.94</ele>
      </trkpt>
      <trkpt lat="45.59059" lon="4.68413">
        <ele>337.4</ele>
      </trkpt>
      <trkpt lat="45.59039" lon="4.68491">
        <ele>337.01</ele>
      </trkpt>
      <trkpt lat="45.59003" lon="4.68599">
        <ele>338.45</ele>
      </trkpt>
      <trkpt lat="45.58998" lon="4.68619">
        <ele>339.28</ele>
      </trkpt>
      <trkpt lat="45.58989" lon="4.68684">
        <ele>339.63</ele>
      </trkpt>
      <trkpt lat="45.58991" lon="4.68853">
        <ele>339.35</ele>
      </trkpt>
      <trkpt lat="45.58995" lon="4.68918">
        <ele>338.82</ele>
      </trkpt>
      <trkpt lat="45.59014" lon="4.69037">
        <ele>338.14</ele>
      </trkpt>
      <trkpt lat="45.59016" lon="4.69066">
        <ele>338.16</ele>
      </trkpt>
      <trkpt lat="45.59014" lon="4.69099">
        <ele>338.49</ele>
      </trkpt>
      <trkpt lat="45.58991" lon="4.69293">
        <ele>337.46</ele>
      </trkpt>
      <trkpt lat="45.58994" lon="4.69313">
        <ele>336.47</ele>
      </trkpt>
      <trkpt lat="45.58873" lon="4.69272">
        <ele>334.42</ele>
      </trkpt>
      <trkpt lat="45.58849" lon="4.69274">
        <ele>332.29</ele>
      </trkpt>
      <trkpt lat="45.58729" lon="4.69305">
        <ele>329.34</ele>
      </trkpt>
      <trkpt lat="45.58712" lon="4.69276">
        <ele>327.49</ele>
      </trkpt>
      <trkpt lat="45.58652" lon="4.69303">
        <ele>325.38</ele>
      </trkpt>
      <trkpt lat="45.58593" lon="4.69312">
        <ele>323.99</ele>
      </trkpt>
      <trkpt lat="45.58428" lon="4.69326">
        <ele>322.43</ele>
      </trkpt>
      <trkpt lat="45.58425" lon="4.69364">
        <ele>321.11</ele>
      </trkpt>
      <trkpt lat="45.58429" lon="4.69392">
        <ele>319.27</ele>
      </trkpt>
      <trkpt lat="45.58365" lon="4.69436">
        <ele>317.61</ele>
      </trkpt>
      <trkpt lat="45.58324" lon="4.69449">
        <ele>314.93</ele>
      </trkpt>
      <trkpt lat="45.58273" lon="4.69459">
        <ele>310.85</ele>
      </trkpt>
      <trkpt lat="45.58159" lon="4.69467">
        <ele>305.26</ele>
      </trkpt>
      <trkpt lat="45.58062" lon="4.69483">
        <ele>301.53</ele>
      </trkpt>
      <trkpt lat="45.57955" lon="4.69505">
        <ele>297.4</ele>
      </trkpt>
      <trkpt lat="45.57922" lon="4.69537">
        <ele>291.92</ele>
      </trkpt>
      <trkpt lat="45.57879" lon="4.69549">
        <ele>286.22</ele>
      </trkpt>
      <trkpt lat="45.57831" lon="4.69567">
        <ele>279.69</ele>
      </trkpt>
      <trkpt lat="45.57795" lon="4.69555">
        <ele>273.22</ele>
      </trkpt>
      <trkpt lat="45.57787" lon="4.69567">
        <ele>266.74</ele>
      </trkpt>
      <trkpt lat="45.57783" lon="4.6957">
        <ele>262.1</ele>
      </trkpt>
      <trkpt lat="45.57778" lon="4.69569">
        <ele>258.17</ele>
      </trkpt>
      <trkpt lat="45.5777" lon="4.69565">
        <ele>257.84</ele>
      </trkpt>
      <trkpt lat="45.57756" lon="4.6955">
        <ele>256.24</ele>
      </trkpt>
      <trkpt lat="45.5775" lon="4.6953">
        <ele>254.78</ele>
      </trkpt>
      <trkpt lat="45.57745" lon="4.69531">
        <ele>252.86</ele>
      </trkpt>
      <trkpt lat="45.5774" lon="4.69535">
        <ele>251.72</ele>
      </trkpt>
      <trkpt lat="45.57733" lon="4.69547">
        <ele>249.05</ele>
      </trkpt>
      <trkpt lat="45.5773" lon="4.69558">
        <ele>246.13</ele>
      </trkpt>
      <trkpt lat="45.57729" lon="4.69587">
        <ele>243.01</ele>
      </trkpt>
      <trkpt lat="45.57726" lon="4.69595">
        <ele>243.2</ele>
      </trkpt>
      <trkpt lat="45.57715" lon="4.69595">
        <ele>245.59</ele>
      </trkpt>
      <trkpt lat="45.57708" lon="4.69589">
        <ele>248.3</ele>
      </trkpt>
      <trkpt lat="45.57698" lon="4.69566">
        <ele>252.32</ele>
      </trkpt>
      <trkpt lat="45.57678" lon="4.69568">
        <ele>258.55</ele>
      </trkpt>
      <trkpt lat="45.57673" lon="4.69581">
        <ele>261.88</ele>
      </trkpt>
      <trkpt lat="45.57672" lon="4.69647">
        <ele>261.08</ele>
      </trkpt>
      <trkpt lat="45.57668" lon="4.69692">
        <ele>260.66</ele>
      </trkpt>
      <trkpt lat="45.57665" lon="4.69698">
        <ele>259.11</ele>
      </trkpt>
      <trkpt lat="45.57662" lon="4.697">
        <ele>258.36</ele>
      </trkpt>
      <trkpt lat="45.57658" lon="4.69696">
        <ele>260.95</ele>
      </trkpt>
      <trkpt lat="45.57613" lon="4.69707">
        <ele>266.49</ele>
      </trkpt>
      <trkpt lat="45.57543" lon="4.69655">
        <ele>271.99</ele>
      </trkpt>
      <trkpt lat="45.57537" lon="4.69654">
        <ele>277.55</ele>
      </trkpt>
      <trkpt lat="45.57533" lon="4.69657">
        <ele>280.72</ele>
      </trkpt>
      <trkpt lat="45.57526" lon="4.69675">
        <ele>281.71</ele>
      </trkpt>
      <trkpt lat="45.57506" lon="4.69662">
        <ele>281.19</ele>
      </trkpt>
      <trkpt lat="45.57489" lon="4.69643">
        <ele>281.22</ele>
      </trkpt>
      <trkpt lat="45.57531" lon="4.69513">
        <ele>281.41</ele>
      </trkpt>
      <trkpt lat="45.57493" lon="4.69513">
        <ele>280.87</ele>
      </trkpt>
      <trkpt lat="45.57428" lon="4.69519">
        <ele>279.98</ele>
      </trkpt>
      <trkpt lat="45.57365" lon="4.69503">
        <ele>278.33</ele>
      </trkpt>
      <trkpt lat="45.57326" lon="4.69487">
        <ele>277.08</ele>
      </trkpt>
      <trkpt lat="45.57303" lon="4.69483">
        <ele>274.43</ele>
      </trkpt>
      <trkpt lat="45.57296" lon="4.69491">
        <ele>272.75</ele>
      </trkpt>
      <trkpt lat="45.5729" lon="4.69513">
        <ele>271.38</ele>
      </trkpt>
      <trkpt lat="45.5729" lon="4.69531">
        <ele>271.96</ele>
      </trkpt>
      <trkpt lat="45.57293" lon="4.69546">
        <ele>270.86</ele>
      </trkpt>
      <trkpt lat="45.57307" lon="4.6958">
        <ele>272.18</ele>
      </trkpt>
      <trkpt lat="45.57309" lon="4.69608">
        <ele>272.85</ele>
      </trkpt>
      <trkpt lat="45.573" lon="4.69636">
        <ele>270.38</ele>
      </trkpt>
      <trkpt lat="45.5729" lon="4.69652">
        <ele>266.61</ele>
      </trkpt>
      <trkpt lat="45.57263" lon="4.69673">
        <ele>260</ele>
      </trkpt>
      <trkpt lat="45.57256" lon="4.69686">
        <ele>251.32</ele>
      </trkpt>
      <trkpt lat="45.57198" lon="4.69874">
        <ele>243.53</ele>
      </trkpt>
      <trkpt lat="45.57179" lon="4.69903">
        <ele>237.8</ele>
      </trkpt>
      <trkpt lat="45.5712" lon="4.69955">
        <ele>229.13</ele>
      </trkpt>
      <trkpt lat="45.57078" lon="4.6995">
        <ele>222.81</ele>
      </trkpt>
      <trkpt lat="45.57067" lon="4.6996">
        <ele>218.79</ele>
      </trkpt>
      <trkpt lat="45.57062" lon="4.69982">
        <ele>216.52</ele>
      </trkpt>
      <trkpt lat="45.57064" lon="4.70026">
        <ele>218.97</ele>
      </trkpt>
      <trkpt lat="45.57069" lon="4.70057">
        <ele>225.62</ele>
      </trkpt>
      <trkpt lat="45.5708" lon="4.70089">
        <ele>230.9</ele>
      </trkpt>
      <trkpt lat="45.57073" lon="4.70092">
        <ele>236.2</ele>
      </trkpt>
      <trkpt lat="45.57067" lon="4.70087">
        <ele>239.15</ele>
      </trkpt>
      <trkpt lat="45.57054" lon="4.70089">
        <ele>235.44</ele>
      </trkpt>
      <trkpt lat="45.57022" lon="4.7008">
        <ele>232.71</ele>
      </trkpt>
      <trkpt lat="45.57012" lon="4.70082">
        <ele>234.18</ele>
      </trkpt>
      <trkpt lat="45.57001" lon="4.70089">
        <ele>231.51</ele>
      </trkpt>
      <trkpt lat="45.56988" lon="4.70103">
        <ele>224.33</ele>
      </trkpt>
      <trkpt lat="45.56973" lon="4.70103">
        <ele>220.46</ele>
      </trkpt>
      <trkpt lat="45.5693" lon="4.70091">
        <ele>219.05</ele>
      </trkpt>
      <trkpt lat="45.56922" lon="4.70095">
        <ele>213.88</ele>
      </trkpt>
      <trkpt lat="45.56906" lon="4.70117">
        <ele>209.11</ele>
      </trkpt>
      <trkpt lat="45.56877" lon="4.70169">
        <ele>207.31</ele>
      </trkpt>
      <trkpt lat="45.56865" lon="4.70212">
        <ele>211.66</ele>
      </trkpt>
      <trkpt lat="45.56847" lon="4.70255">
        <ele>208.03</ele>
      </trkpt>
      <trkpt lat="45.56825" lon="4.70278">
        <ele>203.48</ele>
      </trkpt>
      <trkpt lat="45.56802" lon="4.70297">
        <ele>204.3</ele>
      </trkpt>
      <trkpt lat="45.56784" lon="4.70308">
        <ele>202.93</ele>
      </trkpt>
      <trkpt lat="45.56769" lon="4.70324">
        <ele>195.65</ele>
      </trkpt>
      <trkpt lat="45.56757" lon="4.70389">
        <ele>191.38</ele>
      </trkpt>
      <trkpt lat="45.5674" lon="4.70407">
        <ele>190.22</ele>
      </trkpt>
      <trkpt lat="45.56717" lon="4.70419">
        <ele>185.61</ele>
      </trkpt>
      <trkpt lat="45.56709" lon="4.70411">
        <ele>184.44</ele>
      </trkpt>
      <trkpt lat="45.5668" lon="4.70433">
        <ele>182.13</ele>
      </trkpt>
      <trkpt lat="45.56663" lon="4.70522">
        <ele>181.48</ele>
      </trkpt>
      <trkpt lat="45.5657" lon="4.70513">
        <ele>181.78</ele>
      </trkpt>
      <trkpt lat="45.56527" lon="4.70496">
        <ele>183.46</ele>
      </trkpt>
      <trkpt lat="45.56517" lon="4.7061">
        <ele>185.5</ele>
      </trkpt>
      <trkpt lat="45.56531" lon="4.70676">
        <ele>191.02</ele>
      </trkpt>
      <trkpt lat="45.56531" lon="4.70689">
        <ele>195.1</ele>
      </trkpt>
      <trkpt lat="45.56513" lon="4.70729">
        <ele>198.6</ele>
      </trkpt>
      <trkpt lat="45.56513" lon="4.70742">
        <ele>200.97</ele>
      </trkpt>
      <trkpt lat="45.56523" lon="4.70763">
        <ele>203.48</ele>
      </trkpt>
      <trkpt lat="45.56547" lon="4.70801">
        <ele>203.58</ele>
      </trkpt>
      <trkpt lat="45.56565" lon="4.70841">
        <ele>204.69</ele>
      </trkpt>
      <trkpt lat="45.56577" lon="4.70938">
        <ele>206.6</ele>
      </trkpt>
      <trkpt lat="45.56571" lon="4.70961">
        <ele>209.6</ele>
      </trkpt>
      <trkpt lat="45.56554" lon="4.70983">
        <ele>212.22</ele>
      </trkpt>
      <trkpt lat="45.56525" lon="4.71007">
        <ele>217.1</ele>
      </trkpt>
      <trkpt lat="45.56463" lon="4.71033">
        <ele>220.43</ele>
      </trkpt>
      <trkpt lat="45.56447" lon="4.71049">
        <ele>222.17</ele>
      </trkpt>
      <trkpt lat="45.56472" lon="4.71099">
        <ele>223.05</ele>
      </trkpt>
      <trkpt lat="45.56481" lon="4.71102">
        <ele>223.26</ele>
      </trkpt>
      <trkpt lat="45.56527" lon="4.7109">
        <ele>221.26</ele>
      </trkpt>
      <trkpt lat="45.56541" lon="4.7109">
        <ele>221.29</ele>
      </trkpt>
      <trkpt lat="45.56559" lon="4.71108">
        <ele>221.97</ele>
      </trkpt>
      <trkpt lat="45.56576" lon="4.71171">
        <ele>222.01</ele>
      </trkpt>
      <trkpt lat="45.56581" lon="4.71182">
        <ele>221.81</ele>
      </trkpt>
      <trkpt lat="45.56632" lon="4.71249">
        <ele>221.99</ele>
      </trkpt>
      <trkpt lat="45.56654" lon="4.71282">
        <ele>222.87</ele>
      </trkpt>
      <trkpt lat="45.56658" lon="4.71304">
        <ele>222.94</ele>
      </trkpt>
      <trkpt lat="45.56652" lon="4.71329">
        <ele>222.8</ele>
      </trkpt>
      <trkpt lat="45.56663" lon="4.71334">
        <ele>224.22</ele>
      </trkpt>
      <trkpt lat="45.56677" lon="4.71335">
        <ele>224.84</ele>
      </trkpt>
      <trkpt lat="45.56738" lon="4.71381">
        <ele>223.55</ele>
      </trkpt>
      <trkpt lat="45.56758" lon="4.71411">
        <ele>222.89</ele>
      </trkpt>
      <trkpt lat="45.56819" lon="4.7145">
        <ele>223.41</ele>
      </trkpt>
      <trkpt lat="45.56837" lon="4.71481">
        <ele>223.94</ele>
      </trkpt>
      <trkpt lat="45.56843" lon="4.71503">
        <ele>224.97</ele>
      </trkpt>
      <trkpt lat="45.56868" lon="4.71533">
        <ele>226.69</ele>
      </trkpt>
      <trkpt lat="45.5691" lon="4.71595">
        <ele>228.56</ele>
      </trkpt>
      <trkpt lat="45.56946" lon="4.71642">
        <ele>230.51</ele>
      </trkpt>
      <trkpt lat="45.56968" lon="4.71677">
        <ele>231.92</ele>
      </trkpt>
      <trkpt lat="45.56978" lon="4.7171">
        <ele>233.52</ele>
      </trkpt>
      <trkpt lat="45.56976" lon="4.71742">
        <ele>235.32</ele>
      </trkpt>
      <trkpt lat="45.56968" lon="4.71761">
        <ele>235.93</ele>
      </trkpt>
      <trkpt lat="45.56978" lon="4.71773">
        <ele>235.76</ele>
      </trkpt>
      <trkpt lat="45.56988" lon="4.7178">
        <ele>234.41</ele>
      </trkpt>
      <trkpt lat="45.56993" lon="4.71775">
        <ele>232.13</ele>
      </trkpt>
      <trkpt lat="45.56999" lon="4.71724">
        <ele>229.67</ele>
      </trkpt>
      <trkpt lat="45.57004" lon="4.71725">
        <ele>225.49</ele>
      </trkpt>
      <trkpt lat="45.57012" lon="4.71729">
        <ele>221.63</ele>
      </trkpt>
      <trkpt lat="45.57023" lon="4.71749">
        <ele>219.04</ele>
      </trkpt>
      <trkpt lat="45.57026" lon="4.71793">
        <ele>216.5</ele>
      </trkpt>
      <trkpt lat="45.57028" lon="4.71795">
        <ele>215.24</ele>
      </trkpt>
      <trkpt lat="45.57033" lon="4.71794">
        <ele>213.95</ele>
      </trkpt>
      <trkpt lat="45.5704" lon="4.71779">
        <ele>211.27</ele>
      </trkpt>
      <trkpt lat="45.57051" lon="4.71728">
        <ele>208.79</ele>
      </trkpt>
      <trkpt lat="45.57051" lon="4.717">
        <ele>205.15</ele>
      </trkpt>
      <trkpt lat="45.57062" lon="4.71712">
        <ele>199.61</ele>
      </trkpt>
      <trkpt lat="45.5707" lon="4.71726">
        <ele>196.72</ele>
      </trkpt>
      <trkpt lat="45.5708" lon="4.71754">
        <ele>196.5</ele>
      </trkpt>
      <trkpt lat="45.57081" lon="4.71786">
        <ele>194.6</ele>
      </trkpt>
      <trkpt lat="45.57095" lon="4.71776">
        <ele>194.78</ele>
      </trkpt>
      <trkpt lat="45.57098" lon="4.71799">
        <ele>195.72</ele>
      </trkpt>
      <trkpt lat="45.57097" lon="4.71807">
        <ele>197.47</ele>
      </trkpt>
      <trkpt lat="45.57077" lon="4.71861">
        <ele>198.89</ele>
      </trkpt>
      <trkpt lat="45.57046" lon="4.71893">
        <ele>202.31</ele>
      </trkpt>
      <trkpt lat="45.57035" lon="4.71913">
        <ele>204.56</ele>
      </trkpt>
      <trkpt lat="45.5703" lon="4.71942">
        <ele>208.11</ele>
      </trkpt>
      <trkpt lat="45.57036" lon="4.71945">
        <ele>209.6</ele>
      </trkpt>
      <trkpt lat="45.57042" lon="4.71943">
        <ele>209.75</ele>
      </trkpt>
      <trkpt lat="45.57076" lon="4.71949">
        <ele>209.37</ele>
      </trkpt>
      <trkpt lat="45.57083" lon="4.71935">
        <ele>210.14</ele>
      </trkpt>
      <trkpt lat="45.5717" lon="4.71981">
        <ele>212.87</ele>
      </trkpt>
      <trkpt lat="45.57172" lon="4.72031">
        <ele>219.44</ele>
      </trkpt>
      <trkpt lat="45.57195" lon="4.72144">
        <ele>226.43</ele>
      </trkpt>
      <trkpt lat="45.57186" lon="4.72226">
        <ele>233.84</ele>
      </trkpt>
      <trkpt lat="45.57186" lon="4.72259">
        <ele>240.81</ele>
      </trkpt>
      <trkpt lat="45.57197" lon="4.72349">
        <ele>244.93</ele>
      </trkpt>
      <trkpt lat="45.57198" lon="4.72377">
        <ele>246.51</ele>
      </trkpt>
      <trkpt lat="45.57204" lon="4.72404">
        <ele>247.5</ele>
      </trkpt>
      <trkpt lat="45.57234" lon="4.72435">
        <ele>248.34</ele>
      </trkpt>
      <trkpt lat="45.5725" lon="4.72458">
        <ele>248.88</ele>
      </trkpt>
      <trkpt lat="45.57248" lon="4.72479">
        <ele>247.82</ele>
      </trkpt>
      <trkpt lat="45.57231" lon="4.72501">
        <ele>250.38</ele>
      </trkpt>
      <trkpt lat="45.57216" lon="4.725">
        <ele>254.13</ele>
      </trkpt>
      <trkpt lat="45.5718" lon="4.72465">
        <ele>258.58</ele>
      </trkpt>
      <trkpt lat="45.57163" lon="4.7244">
        <ele>262.84</ele>
      </trkpt>
      <trkpt lat="45.57147" lon="4.72434">
        <ele>268.19</ele>
      </trkpt>
      <trkpt lat="45.57135" lon="4.72444">
        <ele>270.03</ele>
      </trkpt>
      <trkpt lat="45.56924" lon="4.72719">
        <ele>272.34</ele>
      </trkpt>
      <trkpt lat="45.56923" lon="4.7275">
        <ele>271.5</ele>
      </trkpt>
      <trkpt lat="45.56933" lon="4.7275">
        <ele>272.47</ele>
      </trkpt>
      <trkpt lat="45.57008" lon="4.72722">
        <ele>274.83</ele>
      </trkpt>
      <trkpt lat="45.57063" lon="4.72719">
        <ele>274.14</ele>
      </trkpt>
      <trkpt lat="45.57078" lon="4.72708">
        <ele>273.53</ele>
      </trkpt>
      <trkpt lat="45.57122" lon="4.727">
        <ele>277.93</ele>
      </trkpt>
      <trkpt lat="45.57192" lon="4.72752">
        <ele>282.98</ele>
      </trkpt>
      <trkpt lat="45.57111" lon="4.72808">
        <ele>288.7</ele>
      </trkpt>
      <trkpt lat="45.57024" lon="4.72926">
        <ele>298.89</ele>
      </trkpt>
      <trkpt lat="45.5698" lon="4.72978">
        <ele>308.72</ele>
      </trkpt>
      <trkpt lat="45.56999" lon="4.73037">
        <ele>314.99</ele>
      </trkpt>
      <trkpt lat="45.57005" lon="4.73105">
        <ele>317.35</ele>
      </trkpt>
      <trkpt lat="45.57023" lon="4.73158">
        <ele>317.52</ele>
      </trkpt>
      <trkpt lat="45.57056" lon="4.73229">
        <ele>316.38</ele>
      </trkpt>
      <trkpt lat="45.57052" lon="4.73309">
        <ele>314.55</ele>
      </trkpt>
      <trkpt lat="45.57038" lon="4.73359">
        <ele>313.68</ele>
      </trkpt>
      <trkpt lat="45.57034" lon="4.73405">
        <ele>313.77</ele>
      </trkpt>
      <trkpt lat="45.57043" lon="4.73415">
        <ele>314.32</ele>
      </trkpt>
      <trkpt lat="45.57068" lon="4.7342">
        <ele>316.12</ele>
      </trkpt>
      <trkpt lat="45.57106" lon="4.73444">
        <ele>318.87</ele>
      </trkpt>
      <trkpt lat="45.57008" lon="4.73558">
        <ele>321.82</ele>
      </trkpt>
      <trkpt lat="45.56961" lon="4.73605">
        <ele>325.72</ele>
      </trkpt>
      <trkpt lat="45.56929" lon="4.73624">
        <ele>329.07</ele>
      </trkpt>
      <trkpt lat="45.56884" lon="4.73637">
        <ele>330.72</ele>
      </trkpt>
      <trkpt lat="45.56889" lon="4.73678">
        <ele>331.64</ele>
      </trkpt>
      <trkpt lat="45.56881" lon="4.73761">
        <ele>332.04</ele>
      </trkpt>
      <trkpt lat="45.56871" lon="4.73799">
        <ele>331.07</ele>
      </trkpt>
      <trkpt lat="45.56836" lon="4.73873">
        <ele>329.29</ele>
      </trkpt>
      <trkpt lat="45.56918" lon="4.73975">
        <ele>328.29</ele>
      </trkpt>
      <trkpt lat="45.56978" lon="4.74056">
        <ele>327.08</ele>
      </trkpt>
      <trkpt lat="45.56954" lon="4.7407">
        <ele>325.39</ele>
      </trkpt>
      <trkpt lat="45.56923" lon="4.74075">
        <ele>324.65</ele>
      </trkpt>
      <trkpt lat="45.56887" lon="4.7407">
        <ele>325.51</ele>
      </trkpt>
      <trkpt lat="45.5686" lon="4.74062">
        <ele>325.77</ele>
      </trkpt>
      <trkpt lat="45.56823" lon="4.74038">
        <ele>325.99</ele>
      </trkpt>
      <trkpt lat="45.56804" lon="4.74036">
        <ele>326.5</ele>
      </trkpt>
      <trkpt lat="45.56788" lon="4.7404">
        <ele>327.45</ele>
      </trkpt>
      <trkpt lat="45.56772" lon="4.7408">
        <ele>328.11</ele>
      </trkpt>
      <trkpt lat="45.56733" lon="4.74153">
        <ele>329.23</ele>
      </trkpt>
      <trkpt lat="45.56693" lon="4.74195">
        <ele>330.42</ele>
      </trkpt>
      <trkpt lat="45.56642" lon="4.74237">
        <ele>331.02</ele>
      </trkpt>
      <trkpt lat="45.56565" lon="4.74289">
        <ele>331.53</ele>
      </trkpt>
      <trkpt lat="45.56547" lon="4.74297">
        <ele>331.87</ele>
      </trkpt>
      <trkpt lat="45.56533" lon="4.74299">
        <ele>331.73</ele>
      </trkpt>
      <trkpt lat="45.56504" lon="4.7429">
        <ele>331.68</ele>
      </trkpt>
      <trkpt lat="45.5646" lon="4.74265">
        <ele>332.82</ele>
      </trkpt>
      <trkpt lat="45.56446" lon="4.7426">
        <ele>333.77</ele>
      </trkpt>
      <trkpt lat="45.56375" lon="4.74257">
        <ele>334.71</ele>
      </trkpt>
      <trkpt lat="45.56375" lon="4.74315">
        <ele>336.29</ele>
      </trkpt>
      <trkpt lat="45.56357" lon="4.74344">
        <ele>338.25</ele>
      </trkpt>
      <trkpt lat="45.56302" lon="4.74388">
        <ele>340.96</ele>
      </trkpt>
      <trkpt lat="45.56249" lon="4.74412">
        <ele>343.61</ele>
      </trkpt>
      <trkpt lat="45.5611" lon="4.74504">
        <ele>346.48</ele>
      </trkpt>
      <trkpt lat="45.56075" lon="4.74544">
        <ele>349.1</ele>
      </trkpt>
      <trkpt lat="45.56052" lon="4.74572">
        <ele>351.27</ele>
      </trkpt>
      <trkpt lat="45.56004" lon="4.74639">
        <ele>351.94</ele>
      </trkpt>
      <trkpt lat="45.55996" lon="4.74668">
        <ele>352.82</ele>
      </trkpt>
      <trkpt lat="45.55993" lon="4.74709">
        <ele>353.03</ele>
      </trkpt>
      <trkpt lat="45.55982" lon="4.74706">
        <ele>354.34</ele>
      </trkpt>
      <trkpt lat="45.55972" lon="4.74679">
        <ele>356.58</ele>
      </trkpt>
      <trkpt lat="45.55943" lon="4.74516">
        <ele>359.68</ele>
      </trkpt>
      <trkpt lat="45.55922" lon="4.7443">
        <ele>362.9</ele>
      </trkpt>
      <trkpt lat="45.55903" lon="4.74324">
        <ele>366.84</ele>
      </trkpt>
      <trkpt lat="45.55875" lon="4.74218">
        <ele>369.48</ele>
      </trkpt>
      <trkpt lat="45.55835" lon="4.74108">
        <ele>371.06</ele>
      </trkpt>
      <trkpt lat="45.5582" lon="4.74091">
        <ele>373.5</ele>
      </trkpt>
      <trkpt lat="45.55815" lon="4.74106">
        <ele>376.53</ele>
      </trkpt>
      <trkpt lat="45.55745" lon="4.74192">
        <ele>379.71</ele>
      </trkpt>
      <trkpt lat="45.55693" lon="4.74247">
        <ele>383.31</ele>
      </trkpt>
      <trkpt lat="45.55661" lon="4.74273">
        <ele>387.22</ele>
      </trkpt>
      <trkpt lat="45.5563" lon="4.74294">
        <ele>389.75</ele>
      </trkpt>
      <trkpt lat="45.55585" lon="4.74314">
        <ele>391.14</ele>
      </trkpt>
      <trkpt lat="45.55509" lon="4.74339">
        <ele>391.97</ele>
      </trkpt>
      <trkpt lat="45.55474" lon="4.74346">
        <ele>393.23</ele>
      </trkpt>
      <trkpt lat="45.55419" lon="4.74347">
        <ele>394.47</ele>
      </trkpt>
      <trkpt lat="45.55317" lon="4.74359">
        <ele>396.11</ele>
      </trkpt>
      <trkpt lat="45.55291" lon="4.74367">
        <ele>397.94</ele>
      </trkpt>
      <trkpt lat="45.55259" lon="4.74381">
        <ele>400.34</ele>
      </trkpt>
      <trkpt lat="45.55252" lon="4.74392">
        <ele>401.91</ele>
      </trkpt>
      <trkpt lat="45.5523" lon="4.74402">
        <ele>403.67</ele>
      </trkpt>
      <trkpt lat="45.55212" lon="4.74398">
        <ele>405.46</ele>
      </trkpt>
      <trkpt lat="45.55182" lon="4.74397">
        <ele>414.33</ele>
      </trkpt>
      <trkpt lat="45.55154" lon="4.74392">
        <ele>423.57</ele>
      </trkpt>
      <trkpt lat="45.55002" lon="4.7436">
        <ele>434.15</ele>
      </trkpt>
      <trkpt lat="45.54963" lon="4.74364">
        <ele>443.87</ele>
      </trkpt>
      <trkpt lat="45.54932" lon="4.74377">
        <ele>454.72</ele>
      </trkpt>
      <trkpt lat="45.54914" lon="4.74378">
        <ele>459.25</ele>
      </trkpt>
      <trkpt lat="45.54878" lon="4.74368">
        <ele>462.86</ele>
      </trkpt>
      <trkpt lat="45.54862" lon="4.7437">
        <ele>466.06</ele>
      </trkpt>
      <trkpt lat="45.54843" lon="4.74368">
        <ele>469.63</ele>
      </trkpt>
      <trkpt lat="45.54736" lon="4.74378">
        <ele>471.73</ele>
      </trkpt>
      <trkpt lat="45.54708" lon="4.74378">
        <ele>473.27</ele>
      </trkpt>
      <trkpt lat="45.54711" lon="4.74406">
        <ele>474.51</ele>
      </trkpt>
      <trkpt lat="45.54709" lon="4.74435">
        <ele>474.61</ele>
      </trkpt>
      <trkpt lat="45.54713" lon="4.74471">
        <ele>474.62</ele>
      </trkpt>
      <trkpt lat="45.54733" lon="4.74539">
        <ele>473.55</ele>
      </trkpt>
      <trkpt lat="45.54749" lon="4.74699">
        <ele>472.27</ele>
      </trkpt>
      <trkpt lat="45.54756" lon="4.74801">
        <ele>470.86</ele>
      </trkpt>
      <trkpt lat="45.54763" lon="4.74842">
        <ele>468.65</ele>
      </trkpt>
      <trkpt lat="45.54785" lon="4.74916">
        <ele>464.53</ele>
      </trkpt>
      <trkpt lat="45.54801" lon="4.74952">
        <ele>461.29</ele>
      </trkpt>
      <trkpt lat="45.54827" lon="4.7505">
        <ele>457.5</ele>
      </trkpt>
      <trkpt lat="45.54832" lon="4.7508">
        <ele>451.94</ele>
      </trkpt>
      <trkpt lat="45.54871" lon="4.75147">
        <ele>446.9</ele>
      </trkpt>
      <trkpt lat="45.54892" lon="4.75172">
        <ele>441.01</ele>
      </trkpt>
      <trkpt lat="45.54908" lon="4.75205">
        <ele>433.03</ele>
      </trkpt>
      <trkpt lat="45.54959" lon="4.75285">
        <ele>425.53</ele>
      </trkpt>
      <trkpt lat="45.54994" lon="4.75349">
        <ele>419.29</ele>
      </trkpt>
      <trkpt lat="45.55018" lon="4.75375">
        <ele>413.22</ele>
      </trkpt>
      <trkpt lat="45.55047" lon="4.75446">
        <ele>410.47</ele>
      </trkpt>
      <trkpt lat="45.55039" lon="4.7544">
        <ele>409.75</ele>
      </trkpt>
      <trkpt lat="45.54956" lon="4.75414">
        <ele>408.82</ele>
      </trkpt>
      <trkpt lat="45.54924" lon="4.75414">
        <ele>408.72</ele>
      </trkpt>
      <trkpt lat="45.54891" lon="4.75419">
        <ele>409.03</ele>
      </trkpt>
      <trkpt lat="45.54855" lon="4.75411">
        <ele>408.34</ele>
      </trkpt>
      <trkpt lat="45.54831" lon="4.75403">
        <ele>407.17</ele>
      </trkpt>
      <trkpt lat="45.54763" lon="4.7541">
        <ele>403.48</ele>
      </trkpt>
      <trkpt lat="45.54732" lon="4.754">
        <ele>401.48</ele>
      </trkpt>
      <trkpt lat="45.54666" lon="4.7536">
        <ele>398.69</ele>
      </trkpt>
      <trkpt lat="45.54593" lon="4.7525">
        <ele>393.44</ele>
      </trkpt>
      <trkpt lat="45.54563" lon="4.75243">
        <ele>387.66</ele>
      </trkpt>
      <trkpt lat="45.54522" lon="4.75243">
        <ele>383.84</ele>
      </trkpt>
      <trkpt lat="45.54492" lon="4.75239">
        <ele>377.97</ele>
      </trkpt>
      <trkpt lat="45.54463" lon="4.75227">
        <ele>372.85</ele>
      </trkpt>
      <trkpt lat="45.54414" lon="4.75196">
        <ele>370.71</ele>
      </trkpt>
      <trkpt lat="45.54391" lon="4.75154">
        <ele>371.19</ele>
      </trkpt>
      <trkpt lat="45.54383" lon="4.75129">
        <ele>372.81</ele>
      </trkpt>
      <trkpt lat="45.54379" lon="4.75091">
        <ele>374.75</ele>
      </trkpt>
      <trkpt lat="45.54371" lon="4.7509">
        <ele>376.25</ele>
      </trkpt>
      <trkpt lat="45.54355" lon="4.75108">
        <ele>377.68</ele>
      </trkpt>
      <trkpt lat="45.54335" lon="4.75155">
        <ele>377.84</ele>
      </trkpt>
      <trkpt lat="45.54327" lon="4.75168">
        <ele>377.61</ele>
      </trkpt>
      <trkpt lat="45.54319" lon="4.75169">
        <ele>377.15</ele>
      </trkpt>
      <trkpt lat="45.54304" lon="4.75145">
        <ele>377.33</ele>
      </trkpt>
      <trkpt lat="45.54292" lon="4.75145">
        <ele>377.82</ele>
      </trkpt>
      <trkpt lat="45.54282" lon="4.75174">
        <ele>378.47</ele>
      </trkpt>
      <trkpt lat="45.54275" lon="4.75183">
        <ele>379.4</ele>
      </trkpt>
      <trkpt lat="45.54275" lon="4.75198">
        <ele>380.61</ele>
      </trkpt>
      <trkpt lat="45.54282" lon="4.75211">
        <ele>381.43</ele>
      </trkpt>
      <trkpt lat="45.54282" lon="4.75231">
        <ele>383.08</ele>
      </trkpt>
      <trkpt lat="45.54286" lon="4.75234">
        <ele>384.78</ele>
      </trkpt>
      <trkpt lat="45.54287" lon="4.75303">
        <ele>386.38</ele>
      </trkpt>
      <trkpt lat="45.54293" lon="4.75335">
        <ele>387.29</ele>
      </trkpt>
      <trkpt lat="45.54305" lon="4.7537">
        <ele>389.33</ele>
      </trkpt>
      <trkpt lat="45.54338" lon="4.75448">
        <ele>391.12</ele>
      </trkpt>
      <trkpt lat="45.54359" lon="4.75481">
        <ele>393.89</ele>
      </trkpt>
      <trkpt lat="45.54366" lon="4.75518">
        <ele>396.96</ele>
      </trkpt>
      <trkpt lat="45.54361" lon="4.75572">
        <ele>402.17</ele>
      </trkpt>
      <trkpt lat="45.54352" lon="4.75598">
        <ele>405.23</ele>
      </trkpt>
      <trkpt lat="45.54349" lon="4.7563">
        <ele>407.04</ele>
      </trkpt>
      <trkpt lat="45.54391" lon="4.75669">
        <ele>407.72</ele>
      </trkpt>
      <trkpt lat="45.54405" lon="4.75697">
        <ele>408.63</ele>
      </trkpt>
      <trkpt lat="45.54414" lon="4.75725">
        <ele>407.4</ele>
      </trkpt>
      <trkpt lat="45.54424" lon="4.75778">
        <ele>407.22</ele>
      </trkpt>
      <trkpt lat="45.54422" lon="4.75804">
        <ele>407.14</ele>
      </trkpt>
      <trkpt lat="45.54415" lon="4.75812">
        <ele>407.37</ele>
      </trkpt>
      <trkpt lat="45.54406" lon="4.75813">
        <ele>410.04</ele>
      </trkpt>
      <trkpt lat="45.54382" lon="4.75841">
        <ele>415.5</ele>
      </trkpt>
      <trkpt lat="45.54348" lon="4.75899">
        <ele>419.22</ele>
      </trkpt>
      <trkpt lat="45.54345" lon="4.75911">
        <ele>423.59</ele>
      </trkpt>
      <trkpt lat="45.54353" lon="4.75929">
        <ele>426.01</ele>
      </trkpt>
      <trkpt lat="45.5437" lon="4.7595">
        <ele>424.73</ele>
      </trkpt>
      <trkpt lat="45.54397" lon="4.75975">
        <ele>422.2</ele>
      </trkpt>
      <trkpt lat="45.54419" lon="4.76017">
        <ele>420.68</ele>
      </trkpt>
      <trkpt lat="45.54424" lon="4.76077">
        <ele>417.76</ele>
      </trkpt>
      <trkpt lat="45.54437" lon="4.76155">
        <ele>418.1</ele>
      </trkpt>
      <trkpt lat="45.54433" lon="4.7618">
        <ele>418.68</ele>
      </trkpt>
      <trkpt lat="45.54402" lon="4.7623">
        <ele>418.28</ele>
      </trkpt>
      <trkpt lat="45.54382" lon="4.76279">
        <ele>419.05</ele>
      </trkpt>
      <trkpt lat="45.54382" lon="4.76306">
        <ele>421.21</ele>
      </trkpt>
      <trkpt lat="45.54398" lon="4.76363">
        <ele>422.54</ele>
      </trkpt>
      <trkpt lat="45.544" lon="4.76393">
        <ele>422.26</ele>
      </trkpt>
      <trkpt lat="45.54396" lon="4.76463">
        <ele>422.26</ele>
      </trkpt>
      <trkpt lat="45.5439" lon="4.76516">
        <ele>422.33</ele>
      </trkpt>
      <trkpt lat="45.54382" lon="4.76537">
        <ele>422.27</ele>
      </trkpt>
      <trkpt lat="45.54343" lon="4.766">
        <ele>422.34</ele>
      </trkpt>
      <trkpt lat="45.5433" lon="4.76542">
        <ele>424.88</ele>
      </trkpt>
      <trkpt lat="45.54245" lon="4.76283">
        <ele>427.26</ele>
      </trkpt>
      <trkpt lat="45.5426" lon="4.7625">
        <ele>431.29</ele>
      </trkpt>
      <trkpt lat="45.54267" lon="4.76223">
        <ele>435.33</ele>
      </trkpt>
      <trkpt lat="45.54276" lon="4.76145">
        <ele>439.64</ele>
      </trkpt>
      <trkpt lat="45.54265" lon="4.76127">
        <ele>443.79</ele>
      </trkpt>
      <trkpt lat="45.54247" lon="4.76078">
        <ele>448.07</ele>
      </trkpt>
      <trkpt lat="45.54233" lon="4.76049">
        <ele>449.97</ele>
      </trkpt>
      <trkpt lat="45.5422" lon="4.76029">
        <ele>452.29</ele>
      </trkpt>
      <trkpt lat="45.54192" lon="4.76024">
        <ele>453.49</ele>
      </trkpt>
      <trkpt lat="45.54176" lon="4.76007">
        <ele>455.68</ele>
      </trkpt>
      <trkpt lat="45.54154" lon="4.75992">
        <ele>457.96</ele>
      </trkpt>
      <trkpt lat="45.54134" lon="4.75963">
        <ele>461.62</ele>
      </trkpt>
      <trkpt lat="45.5411" lon="4.75935">
        <ele>463.55</ele>
      </trkpt>
      <trkpt lat="45.54094" lon="4.75903">
        <ele>464.53</ele>
      </trkpt>
      <trkpt lat="45.54064" lon="4.7587">
        <ele>463.99</ele>
      </trkpt>
      <trkpt lat="45.54009" lon="4.75753">
        <ele>463.1</ele>
      </trkpt>
      <trkpt lat="45.54003" lon="4.75749">
        <ele>461.5</ele>
      </trkpt>
      <trkpt lat="45.53996" lon="4.75739">
        <ele>461.24</ele>
      </trkpt>
      <trkpt lat="45.53971" lon="4.7569">
        <ele>461.59</ele>
      </trkpt>
      <trkpt lat="45.53916" lon="4.7562">
        <ele>462.32</ele>
      </trkpt>
      <trkpt lat="45.53886" lon="4.7559">
        <ele>463.21</ele>
      </trkpt>
      <trkpt lat="45.53856" lon="4.75566">
        <ele>463.96</ele>
      </trkpt>
      <trkpt lat="45.53827" lon="4.75548">
        <ele>464.26</ele>
      </trkpt>
      <trkpt lat="45.53813" lon="4.75542">
        <ele>465.54</ele>
      </trkpt>
      <trkpt lat="45.53767" lon="4.75549">
        <ele>466.45</ele>
      </trkpt>
      <trkpt lat="45.53665" lon="4.75577">
        <ele>468.84</ele>
      </trkpt>
      <trkpt lat="45.53658" lon="4.75577">
        <ele>470.44</ele>
      </trkpt>
      <trkpt lat="45.53623" lon="4.75541">
        <ele>473.08</ele>
      </trkpt>
      <trkpt lat="45.536" lon="4.75508">
        <ele>475.82</ele>
      </trkpt>
      <trkpt lat="45.53577" lon="4.75465">
        <ele>479.6</ele>
      </trkpt>
      <trkpt lat="45.53554" lon="4.7543">
        <ele>482.2</ele>
      </trkpt>
      <trkpt lat="45.53508" lon="4.75406">
        <ele>485.33</ele>
      </trkpt>
      <trkpt lat="45.53461" lon="4.75378">
        <ele>487.9</ele>
      </trkpt>
      <trkpt lat="45.53417" lon="4.75346">
        <ele>491.66</ele>
      </trkpt>
      <trkpt lat="45.5338" lon="4.75306">
        <ele>494.87</ele>
      </trkpt>
      <trkpt lat="45.53338" lon="4.75248">
        <ele>498.01</ele>
      </trkpt>
      <trkpt lat="45.53317" lon="4.75226">
        <ele>503.94</ele>
      </trkpt>
      <trkpt lat="45.53264" lon="4.7518">
        <ele>509.07</ele>
      </trkpt>
      <trkpt lat="45.53247" lon="4.75116">
        <ele>513.13</ele>
      </trkpt>
      <trkpt lat="45.53239" lon="4.75095">
        <ele>518.82</ele>
      </trkpt>
      <trkpt lat="45.53232" lon="4.75089">
        <ele>525.64</ele>
      </trkpt>
      <trkpt lat="45.53167" lon="4.75062">
        <ele>530.18</ele>
      </trkpt>
      <trkpt lat="45.53133" lon="4.75035">
        <ele>535.06</ele>
      </trkpt>
      <trkpt lat="45.53121" lon="4.7502">
        <ele>539.47</ele>
      </trkpt>
      <trkpt lat="45.53103" lon="4.75011">
        <ele>543.12</ele>
      </trkpt>
      <trkpt lat="45.53082" lon="4.75005">
        <ele>546.6</ele>
      </trkpt>
      <trkpt lat="45.53023" lon="4.75005">
        <ele>550.19</ele>
      </trkpt>
      <trkpt lat="45.52961" lon="4.74965">
        <ele>553.47</ele>
      </trkpt>
      <trkpt lat="45.52899" lon="4.74933">
        <ele>556.18</ele>
      </trkpt>
      <trkpt lat="45.52872" lon="4.74916">
        <ele>557.47</ele>
      </trkpt>
      <trkpt lat="45.52858" lon="4.749">
        <ele>557.37</ele>
      </trkpt>
      <trkpt lat="45.52845" lon="4.74878">
        <ele>556.71</ele>
      </trkpt>
      <trkpt lat="45.52824" lon="4.74821">
        <ele>556.7</ele>
      </trkpt>
      <trkpt lat="45.52808" lon="4.748">
        <ele>556.33</ele>
      </trkpt>
      <trkpt lat="45.52795" lon="4.74763">
        <ele>556.65</ele>
      </trkpt>
      <trkpt lat="45.52775" lon="4.74742">
        <ele>557.62</ele>
      </trkpt>
      <trkpt lat="45.52742" lon="4.74683">
        <ele>558.43</ele>
      </trkpt>
      <trkpt lat="45.52726" lon="4.74666">
        <ele>559.17</ele>
      </trkpt>
      <trkpt lat="45.52704" lon="4.7465">
        <ele>560.05</ele>
      </trkpt>
      <trkpt lat="45.52694" lon="4.74632">
        <ele>559.14</ele>
      </trkpt>
      <trkpt lat="45.52681" lon="4.74615">
        <ele>556.85</ele>
      </trkpt>
      <trkpt lat="45.52624" lon="4.74587">
        <ele>554.04</ele>
      </trkpt>
      <trkpt lat="45.52612" lon="4.74578">
        <ele>550.74</ele>
      </trkpt>
      <trkpt lat="45.52584" lon="4.74569">
        <ele>546.78</ele>
      </trkpt>
      <trkpt lat="45.52549" lon="4.74545">
        <ele>544.06</ele>
      </trkpt>
      <trkpt lat="45.52529" lon="4.74536">
        <ele>541.55</ele>
      </trkpt>
      <trkpt lat="45.52517" lon="4.74536">
        <ele>537.97</ele>
      </trkpt>
      <trkpt lat="45.525" lon="4.74549">
        <ele>534.54</ele>
      </trkpt>
      <trkpt lat="45.52466" lon="4.74562">
        <ele>530.92</ele>
      </trkpt>
      <trkpt lat="45.52442" lon="4.74567">
        <ele>526.13</ele>
      </trkpt>
      <trkpt lat="45.5241" lon="4.74567">
        <ele>520.23</ele>
      </trkpt>
      <trkpt lat="45.52343" lon="4.74553">
        <ele>516.57</ele>
      </trkpt>
      <trkpt lat="45.52317" lon="4.74543">
        <ele>511.1</ele>
      </trkpt>
      <trkpt lat="45.52293" lon="4.74524">
        <ele>506.88</ele>
      </trkpt>
      <trkpt lat="45.52253" lon="4.7448">
        <ele>499.52</ele>
      </trkpt>
      <trkpt lat="45.52231" lon="4.74349">
        <ele>501.25</ele>
      </trkpt>
      <trkpt lat="45.52231" lon="4.74349">
        <ele>501.25</ele>
      </trkpt>
      <trkpt lat="45.52164" lon="4.74348">
        <ele>499.83</ele>
      </trkpt>
      <trkpt lat="45.52046" lon="4.74331">
        <ele>493.62</ele>
      </trkpt>
      <trkpt lat="45.51984" lon="4.74327">
        <ele>487.55</ele>
      </trkpt>
      <trkpt lat="45.51917" lon="4.74348">
        <ele>483.81</ele>
      </trkpt>
      <trkpt lat="45.5188" lon="4.74337">
        <ele>481.87</ele>
      </trkpt>
      <trkpt lat="45.51863" lon="4.74342">
        <ele>477.09</ele>
      </trkpt>
      <trkpt lat="45.51851" lon="4.7436">
        <ele>475.9</ele>
      </trkpt>
      <trkpt lat="45.51831" lon="4.7441">
        <ele>475.3</ele>
      </trkpt>
      <trkpt lat="45.51817" lon="4.74427">
        <ele>474.11</ele>
      </trkpt>
      <trkpt lat="45.51803" lon="4.74432">
        <ele>473.09</ele>
      </trkpt>
      <trkpt lat="45.5176" lon="4.74432">
        <ele>473.99</ele>
      </trkpt>
      <trkpt lat="45.51752" lon="4.74436">
        <ele>472.81</ele>
      </trkpt>
      <trkpt lat="45.51735" lon="4.74455">
        <ele>473.21</ele>
      </trkpt>
      <trkpt lat="45.51711" lon="4.74503">
        <ele>471.91</ele>
      </trkpt>
      <trkpt lat="45.51694" lon="4.7452">
        <ele>470.6</ele>
      </trkpt>
      <trkpt lat="45.51688" lon="4.74537">
        <ele>465.37</ele>
      </trkpt>
      <trkpt lat="45.51684" lon="4.74541">
        <ele>462.34</ele>
      </trkpt>
      <trkpt lat="45.51679" lon="4.7462">
        <ele>456.74</ele>
      </trkpt>
      <trkpt lat="45.51679" lon="4.74657">
        <ele>450.06</ele>
      </trkpt>
      <trkpt lat="45.51667" lon="4.74758">
        <ele>443.3</ele>
      </trkpt>
      <trkpt lat="45.51644" lon="4.74845">
        <ele>438.24</ele>
      </trkpt>
      <trkpt lat="45.51636" lon="4.74862">
        <ele>433.05</ele>
      </trkpt>
      <trkpt lat="45.51586" lon="4.74902">
        <ele>429.02</ele>
      </trkpt>
      <trkpt lat="45.51532" lon="4.74968">
        <ele>423.08</ele>
      </trkpt>
      <trkpt lat="45.51436" lon="4.75052">
        <ele>416.87</ele>
      </trkpt>
      <trkpt lat="45.51321" lon="4.75184">
        <ele>411.29</ele>
      </trkpt>
      <trkpt lat="45.51289" lon="4.75224">
        <ele>406.37</ele>
      </trkpt>
      <trkpt lat="45.51281" lon="4.7523">
        <ele>401.75</ele>
      </trkpt>
      <trkpt lat="45.51261" lon="4.75239">
        <ele>399.94</ele>
      </trkpt>
      <trkpt lat="45.51252" lon="4.75248">
        <ele>398.61</ele>
      </trkpt>
      <trkpt lat="45.51256" lon="4.75257">
        <ele>397.83</ele>
      </trkpt>
      <trkpt lat="45.51279" lon="4.75285">
        <ele>395.59</ele>
      </trkpt>
      <trkpt lat="45.51289" lon="4.75292">
        <ele>394.47</ele>
      </trkpt>
      <trkpt lat="45.51309" lon="4.75303">
        <ele>392.72</ele>
      </trkpt>
      <trkpt lat="45.51346" lon="4.75308">
        <ele>389.49</ele>
      </trkpt>
      <trkpt lat="45.51416" lon="4.75325">
        <ele>386.39</ele>
      </trkpt>
      <trkpt lat="45.51437" lon="4.75359">
        <ele>384.87</ele>
      </trkpt>
      <trkpt lat="45.51448" lon="4.75365">
        <ele>382.55</ele>
      </trkpt>
      <trkpt lat="45.51494" lon="4.75371">
        <ele>381.24</ele>
      </trkpt>
      <trkpt lat="45.51521" lon="4.75379">
        <ele>381.32</ele>
      </trkpt>
      <trkpt lat="45.5156" lon="4.7538">
        <ele>382.14</ele>
      </trkpt>
      <trkpt lat="45.51568" lon="4.75385">
        <ele>382.86</ele>
      </trkpt>
      <trkpt lat="45.51573" lon="4.75392">
        <ele>383.48</ele>
      </trkpt>
      <trkpt lat="45.51574" lon="4.75402">
        <ele>385.51</ele>
      </trkpt>
      <trkpt lat="45.5157" lon="4.75411">
        <ele>386.95</ele>
      </trkpt>
      <trkpt lat="45.515" lon="4.75469">
        <ele>387.7</ele>
      </trkpt>
      <trkpt lat="45.51475" lon="4.75486">
        <ele>389.56</ele>
      </trkpt>
      <trkpt lat="45.51429" lon="4.75535">
        <ele>393.21</ele>
      </trkpt>
      <trkpt lat="45.51415" lon="4.75545">
        <ele>394.53</ele>
      </trkpt>
      <trkpt lat="45.51349" lon="4.75572">
        <ele>397.44</ele>
      </trkpt>
      <trkpt lat="45.51329" lon="4.75584">
        <ele>400.39</ele>
      </trkpt>
      <trkpt lat="45.51306" lon="4.75605">
        <ele>402.25</ele>
      </trkpt>
      <trkpt lat="45.51277" lon="4.75655">
        <ele>401.5</ele>
      </trkpt>
      <trkpt lat="45.51237" lon="4.75702">
        <ele>402.36</ele>
      </trkpt>
      <trkpt lat="45.51234" lon="4.75711">
        <ele>402.15</ele>
      </trkpt>
      <trkpt lat="45.51235" lon="4.75726">
        <ele>401.06</ele>
      </trkpt>
      <trkpt lat="45.51213" lon="4.75742">
        <ele>399.97</ele>
      </trkpt>
      <trkpt lat="45.51188" lon="4.75781">
        <ele>400.16</ele>
      </trkpt>
      <trkpt lat="45.51172" lon="4.75816">
        <ele>399.6</ele>
      </trkpt>
      <trkpt lat="45.51122" lon="4.75867">
        <ele>399.77</ele>
      </trkpt>
      <trkpt lat="45.5111" lon="4.75883">
        <ele>400.98</ele>
      </trkpt>
      <trkpt lat="45.5107" lon="4.7595">
        <ele>402.44</ele>
      </trkpt>
      <trkpt lat="45.51063" lon="4.75958">
        <ele>403.47</ele>
      </trkpt>
      <trkpt lat="45.51057" lon="4.75961">
        <ele>404.46</ele>
      </trkpt>
      <trkpt lat="45.51048" lon="4.75957">
        <ele>405.09</ele>
      </trkpt>
      <trkpt lat="45.51042" lon="4.75949">
        <ele>404.89</ele>
      </trkpt>
      <trkpt lat="45.5103" lon="4.75922">
        <ele>405.33</ele>
      </trkpt>
      <trkpt lat="45.50993" lon="4.75866">
        <ele>404.41</ele>
      </trkpt>
      <trkpt lat="45.50939" lon="4.758">
        <ele>402.7</ele>
      </trkpt>
      <trkpt lat="45.50907" lon="4.75767">
        <ele>399.63</ele>
      </trkpt>
      <trkpt lat="45.50879" lon="4.75726">
        <ele>394.59</ele>
      </trkpt>
      <trkpt lat="45.50851" lon="4.75706">
        <ele>388.58</ele>
      </trkpt>
      <trkpt lat="45.5073" lon="4.75665">
        <ele>383.98</ele>
      </trkpt>
      <trkpt lat="45.5071" lon="4.75653">
        <ele>379.74</ele>
      </trkpt>
      <trkpt lat="45.50672" lon="4.75642">
        <ele>376.17</ele>
      </trkpt>
      <trkpt lat="45.50657" lon="4.75643">
        <ele>374.81</ele>
      </trkpt>
      <trkpt lat="45.5063" lon="4.7566">
        <ele>372.86</ele>
      </trkpt>
      <trkpt lat="45.50609" lon="4.75667">
        <ele>369.67</ele>
      </trkpt>
      <trkpt lat="45.50563" lon="4.7567">
        <ele>367.51</ele>
      </trkpt>
      <trkpt lat="45.50543" lon="4.75667">
        <ele>365.8</ele>
      </trkpt>
      <trkpt lat="45.50536" lon="4.75661">
        <ele>364.13</ele>
      </trkpt>
      <trkpt lat="45.50529" lon="4.75646">
        <ele>363.74</ele>
      </trkpt>
      <trkpt lat="45.50526" lon="4.75629">
        <ele>364.78</ele>
      </trkpt>
      <trkpt lat="45.50529" lon="4.75612">
        <ele>364.58</ele>
      </trkpt>
      <trkpt lat="45.50546" lon="4.75585">
        <ele>364.76</ele>
      </trkpt>
      <trkpt lat="45.5056" lon="4.75571">
        <ele>364.77</ele>
      </trkpt>
      <trkpt lat="45.50598" lon="4.75544">
        <ele>360.48</ele>
      </trkpt>
      <trkpt lat="45.50659" lon="4.75518">
        <ele>358.51</ele>
      </trkpt>
      <trkpt lat="45.50708" lon="4.75503">
        <ele>356.98</ele>
      </trkpt>
      <trkpt lat="45.50736" lon="4.75506">
        <ele>355.11</ele>
      </trkpt>
      <trkpt lat="45.5074" lon="4.75502">
        <ele>353.61</ele>
      </trkpt>
      <trkpt lat="45.50741" lon="4.75493">
        <ele>355.22</ele>
      </trkpt>
      <trkpt lat="45.50737" lon="4.75487">
        <ele>354.39</ele>
      </trkpt>
      <trkpt lat="45.50719" lon="4.75481">
        <ele>352.34</ele>
      </trkpt>
      <trkpt lat="45.50691" lon="4.7548">
        <ele>351.57</ele>
      </trkpt>
      <trkpt lat="45.50708" lon="4.75474">
        <ele>350.18</ele>
      </trkpt>
      <trkpt lat="45.50754" lon="4.75479">
        <ele>349.56</ele>
      </trkpt>
      <trkpt lat="45.5076" lon="4.75476">
        <ele>348.88</ele>
      </trkpt>
      <trkpt lat="45.50767" lon="4.75458">
        <ele>349.52</ele>
      </trkpt>
      <trkpt lat="45.50767" lon="4.75452">
        <ele>349.87</ele>
      </trkpt>
      <trkpt lat="45.50755" lon="4.75428">
        <ele>352.04</ele>
      </trkpt>
      <trkpt lat="45.50724" lon="4.75417">
        <ele>353.58</ele>
      </trkpt>
      <trkpt lat="45.50706" lon="4.75402">
        <ele>355.52</ele>
      </trkpt>
      <trkpt lat="45.50622" lon="4.75368">
        <ele>357.92</ele>
      </trkpt>
      <trkpt lat="45.50624" lon="4.75357">
        <ele>359.84</ele>
      </trkpt>
      <trkpt lat="45.5064" lon="4.75358">
        <ele>360.62</ele>
      </trkpt>
      <trkpt lat="45.50649" lon="4.75355">
        <ele>362.66</ele>
      </trkpt>
      <trkpt lat="45.50664" lon="4.75341">
        <ele>364.76</ele>
      </trkpt>
      <trkpt lat="45.50667" lon="4.75323">
        <ele>366.81</ele>
      </trkpt>
      <trkpt lat="45.50661" lon="4.75291">
        <ele>368.2</ele>
      </trkpt>
      <trkpt lat="45.5066" lon="4.75271">
        <ele>369.48</ele>
      </trkpt>
      <trkpt lat="45.50669" lon="4.75253">
        <ele>370.09</ele>
      </trkpt>
      <trkpt lat="45.50671" lon="4.7524">
        <ele>369.96</ele>
      </trkpt>
      <trkpt lat="45.50644" lon="4.75191">
        <ele>370.1</ele>
      </trkpt>
      <trkpt lat="45.5063" lon="4.75183">
        <ele>370.42</ele>
      </trkpt>
      <trkpt lat="45.50614" lon="4.75168">
        <ele>370.62</ele>
      </trkpt>
      <trkpt lat="45.5061" lon="4.75159">
        <ele>370.72</ele>
      </trkpt>
      <trkpt lat="45.5061" lon="4.75143">
        <ele>371.46</ele>
      </trkpt>
      <trkpt lat="45.50604" lon="4.75143">
        <ele>371.73</ele>
      </trkpt>
      <trkpt lat="45.50596" lon="4.7513">
        <ele>371.75</ele>
      </trkpt>
      <trkpt lat="45.50584" lon="4.75101">
        <ele>371.94</ele>
      </trkpt>
      <trkpt lat="45.50578" lon="4.7508">
        <ele>371.95</ele>
      </trkpt>
      <trkpt lat="45.50576" lon="4.75058">
        <ele>369.7</ele>
      </trkpt>
      <trkpt lat="45.50582" lon="4.75019">
        <ele>367.34</ele>
      </trkpt>
      <trkpt lat="45.50594" lon="4.74987">
        <ele>366.26</ele>
      </trkpt>
      <trkpt lat="45.50619" lon="4.74959">
        <ele>365.65</ele>
      </trkpt>
      <trkpt lat="45.50645" lon="4.74946">
        <ele>365.32</ele>
      </trkpt>
      <trkpt lat="45.50658" lon="4.74937">
        <ele>365.93</ele>
      </trkpt>
      <trkpt lat="45.50661" lon="4.74931">
        <ele>367.12</ele>
      </trkpt>
      <trkpt lat="45.50663" lon="4.74918">
        <ele>367.12</ele>
      </trkpt>
      <trkpt lat="45.50656" lon="4.74888">
        <ele>366.61</ele>
      </trkpt>
      <trkpt lat="45.5066" lon="4.74854">
        <ele>365.84</ele>
      </trkpt>
      <trkpt lat="45.50658" lon="4.74841">
        <ele>365.48</ele>
      </trkpt>
      <trkpt lat="45.5065" lon="4.74836">
        <ele>365.31</ele>
      </trkpt>
      <trkpt lat="45.50625" lon="4.74847">
        <ele>364.58</ele>
      </trkpt>
      <trkpt lat="45.50589" lon="4.74854">
        <ele>363.16</ele>
      </trkpt>
      <trkpt lat="45.50554" lon="4.74878">
        <ele>362.83</ele>
      </trkpt>
      <trkpt lat="45.50542" lon="4.74882">
        <ele>364.13</ele>
      </trkpt>
      <trkpt lat="45.50524" lon="4.74881">
        <ele>364.52</ele>
      </trkpt>
      <trkpt lat="45.50506" lon="4.74884">
        <ele>366.78</ele>
      </trkpt>
      <trkpt lat="45.50495" lon="4.74891">
        <ele>369.25</ele>
      </trkpt>
      <trkpt lat="45.50458" lon="4.74925">
        <ele>371.83</ele>
      </trkpt>
      <trkpt lat="45.50439" lon="4.74936">
        <ele>373.2</ele>
      </trkpt>
      <trkpt lat="45.5043" lon="4.74933">
        <ele>375.24</ele>
      </trkpt>
      <trkpt lat="45.50426" lon="4.74923">
        <ele>376.69</ele>
      </trkpt>
      <trkpt lat="45.50419" lon="4.74882">
        <ele>378.64</ele>
      </trkpt>
      <trkpt lat="45.504" lon="4.74817">
        <ele>378.42</ele>
      </trkpt>
      <trkpt lat="45.50391" lon="4.748">
        <ele>379.42</ele>
      </trkpt>
      <trkpt lat="45.50375" lon="4.7478">
        <ele>379.54</ele>
      </trkpt>
      <trkpt lat="45.50381" lon="4.74771">
        <ele>379.57</ele>
      </trkpt>
      <trkpt lat="45.50378" lon="4.74751">
        <ele>377.73</ele>
      </trkpt>
      <trkpt lat="45.5038" lon="4.74723">
        <ele>377.44</ele>
      </trkpt>
      <trkpt lat="45.50389" lon="4.74664">
        <ele>376.67</ele>
      </trkpt>
      <trkpt lat="45.50388" lon="4.74576">
        <ele>376.09</ele>
      </trkpt>
      <trkpt lat="45.50382" lon="4.74549">
        <ele>374.8</ele>
      </trkpt>
      <trkpt lat="45.50376" lon="4.74537">
        <ele>374.97</ele>
      </trkpt>
      <trkpt lat="45.50337" lon="4.74501">
        <ele>373.46</ele>
      </trkpt>
      <trkpt lat="45.50314" lon="4.74472">
        <ele>370.32</ele>
      </trkpt>
      <trkpt lat="45.50286" lon="4.74455">
        <ele>366.36</ele>
      </trkpt>
      <trkpt lat="45.50219" lon="4.7443">
        <ele>361.53</ele>
      </trkpt>
      <trkpt lat="45.50201" lon="4.7442">
        <ele>355.7</ele>
      </trkpt>
      <trkpt lat="45.50175" lon="4.74424">
        <ele>353.09</ele>
      </trkpt>
      <trkpt lat="45.50172" lon="4.74417">
        <ele>350.41</ele>
      </trkpt>
      <trkpt lat="45.50183" lon="4.74386">
        <ele>347.78</ele>
      </trkpt>
      <trkpt lat="45.5018" lon="4.74377">
        <ele>345.4</ele>
      </trkpt>
      <trkpt lat="45.50173" lon="4.7437">
        <ele>343.35</ele>
      </trkpt>
      <trkpt lat="45.50133" lon="4.74365">
        <ele>339.72</ele>
      </trkpt>
      <trkpt lat="45.50121" lon="4.74374">
        <ele>336.93</ele>
      </trkpt>
      <trkpt lat="45.501" lon="4.74383">
        <ele>335.49</ele>
      </trkpt>
      <trkpt lat="45.50101" lon="4.74363">
        <ele>335.53</ele>
      </trkpt>
      <trkpt lat="45.50091" lon="4.74273">
        <ele>338.14</ele>
      </trkpt>
      <trkpt lat="45.50092" lon="4.74239">
        <ele>339.42</ele>
      </trkpt>
      <trkpt lat="45.50067" lon="4.74233">
        <ele>343.04</ele>
      </trkpt>
      <trkpt lat="45.50062" lon="4.74216">
        <ele>345.33</ele>
      </trkpt>
      <trkpt lat="45.50063" lon="4.74208">
        <ele>347.58</ele>
      </trkpt>
      <trkpt lat="45.5006" lon="4.74186">
        <ele>348.3</ele>
      </trkpt>
      <trkpt lat="45.50053" lon="4.74162">
        <ele>350.9</ele>
      </trkpt>
      <trkpt lat="45.50045" lon="4.74163">
        <ele>352.08</ele>
      </trkpt>
      <trkpt lat="45.50038" lon="4.74182">
        <ele>353.15</ele>
      </trkpt>
      <trkpt lat="45.50029" lon="4.74244">
        <ele>354.55</ele>
      </trkpt>
      <trkpt lat="45.5002" lon="4.74277">
        <ele>356.39</ele>
      </trkpt>
      <trkpt lat="45.5001" lon="4.74298">
        <ele>356.98</ele>
      </trkpt>
      <trkpt lat="45.49985" lon="4.74381">
        <ele>354.99</ele>
      </trkpt>
      <trkpt lat="45.49975" lon="4.74438">
        <ele>354.92</ele>
      </trkpt>
      <trkpt lat="45.4996" lon="4.74479">
        <ele>354.92</ele>
      </trkpt>
      <trkpt lat="45.49933" lon="4.7452">
        <ele>354.9</ele>
      </trkpt>
      <trkpt lat="45.49922" lon="4.74546">
        <ele>355.12</ele>
      </trkpt>
      <trkpt lat="45.49917" lon="4.74566">
        <ele>355.97</ele>
      </trkpt>
      <trkpt lat="45.49916" lon="4.74607">
        <ele>356.07</ele>
      </trkpt>
      <trkpt lat="45.49912" lon="4.74633">
        <ele>356.8</ele>
      </trkpt>
      <trkpt lat="45.49907" lon="4.74643">
        <ele>356.71</ele>
      </trkpt>
      <trkpt lat="45.49901" lon="4.74649">
        <ele>356.66</ele>
      </trkpt>
      <trkpt lat="45.49898" lon="4.74649">
        <ele>358.51</ele>
      </trkpt>
      <trkpt lat="45.49892" lon="4.74639">
        <ele>360.26</ele>
      </trkpt>
      <trkpt lat="45.4989" lon="4.74621">
        <ele>362.65</ele>
      </trkpt>
      <trkpt lat="45.49883" lon="4.74603">
        <ele>364.98</ele>
      </trkpt>
      <trkpt lat="45.49874" lon="4.74538">
        <ele>368.1</ele>
      </trkpt>
      <trkpt lat="45.49867" lon="4.74511">
        <ele>371</ele>
      </trkpt>
      <trkpt lat="45.49858" lon="4.74498">
        <ele>374.2</ele>
      </trkpt>
      <trkpt lat="45.49846" lon="4.74463">
        <ele>375.6</ele>
      </trkpt>
      <trkpt lat="45.49827" lon="4.74385">
        <ele>377.88</ele>
      </trkpt>
      <trkpt lat="45.4979" lon="4.74278">
        <ele>380.43</ele>
      </trkpt>
      <trkpt lat="45.49776" lon="4.74205">
        <ele>382.71</ele>
      </trkpt>
      <trkpt lat="45.49728" lon="4.74111">
        <ele>385.27</ele>
      </trkpt>
      <trkpt lat="45.49711" lon="4.74069">
        <ele>388.29</ele>
      </trkpt>
      <trkpt lat="45.49695" lon="4.7402">
        <ele>390.99</ele>
      </trkpt>
      <trkpt lat="45.49655" lon="4.7392">
        <ele>392.81</ele>
      </trkpt>
      <trkpt lat="45.49617" lon="4.73915">
        <ele>394.27</ele>
      </trkpt>
      <trkpt lat="45.4957" lon="4.739">
        <ele>394.92</ele>
      </trkpt>
      <trkpt lat="45.49557" lon="4.7389">
        <ele>394.16</ele>
      </trkpt>
      <trkpt lat="45.4953" lon="4.73887">
        <ele>392.4</ele>
      </trkpt>
      <trkpt lat="45.49499" lon="4.73897">
        <ele>391</ele>
      </trkpt>
      <trkpt lat="45.49448" lon="4.73928">
        <ele>389.27</ele>
      </trkpt>
      <trkpt lat="45.49421" lon="4.73949">
        <ele>387.72</ele>
      </trkpt>
      <trkpt lat="45.49403" lon="4.73967">
        <ele>386.33</ele>
      </trkpt>
      <trkpt lat="45.49385" lon="4.7399">
        <ele>386.26</ele>
      </trkpt>
      <trkpt lat="45.49325" lon="4.74048">
        <ele>385.95</ele>
      </trkpt>
      <trkpt lat="45.49299" lon="4.74068">
        <ele>385.81</ele>
      </trkpt>
      <trkpt lat="45.49265" lon="4.74079">
        <ele>385.54</ele>
      </trkpt>
      <trkpt lat="45.49201" lon="4.74095">
        <ele>385.48</ele>
      </trkpt>
      <trkpt lat="45.49185" lon="4.74106">
        <ele>384.65</ele>
      </trkpt>
      <trkpt lat="45.4916" lon="4.74143">
        <ele>381.91</ele>
      </trkpt>
      <trkpt lat="45.49097" lon="4.74268">
        <ele>379.32</ele>
      </trkpt>
      <trkpt lat="45.49" lon="4.74386">
        <ele>376.91</ele>
      </trkpt>
      <trkpt lat="45.48925" lon="4.74469">
        <ele>374.46</ele>
      </trkpt>
      <trkpt lat="45.48917" lon="4.74469">
        <ele>372.11</ele>
      </trkpt>
      <trkpt lat="45.48876" lon="4.74617">
        <ele>369.65</ele>
      </trkpt>
      <trkpt lat="45.48868" lon="4.74655">
        <ele>367.15</ele>
      </trkpt>
      <trkpt lat="45.48833" lon="4.74953">
        <ele>364.31</ele>
      </trkpt>
      <trkpt lat="45.48822" lon="4.74985">
        <ele>361.29</ele>
      </trkpt>
      <trkpt lat="45.48799" lon="4.75022">
        <ele>358.14</ele>
      </trkpt>
      <trkpt lat="45.48766" lon="4.75065">
        <ele>356.86</ele>
      </trkpt>
      <trkpt lat="45.48712" lon="4.75101">
        <ele>355.88</ele>
      </trkpt>
      <trkpt lat="45.4867" lon="4.75125">
        <ele>354.92</ele>
      </trkpt>
      <trkpt lat="45.48629" lon="4.75161">
        <ele>353.83</ele>
      </trkpt>
      <trkpt lat="45.48504" lon="4.75286">
        <ele>352.26</ele>
      </trkpt>
      <trkpt lat="45.4848" lon="4.75323">
        <ele>349.56</ele>
      </trkpt>
      <trkpt lat="45.48453" lon="4.75348">
        <ele>346.84</ele>
      </trkpt>
      <trkpt lat="45.48428" lon="4.75366">
        <ele>343.61</ele>
      </trkpt>
      <trkpt lat="45.48358" lon="4.75436">
        <ele>341.8</ele>
      </trkpt>
      <trkpt lat="45.48318" lon="4.75459">
        <ele>340.71</ele>
      </trkpt>
      <trkpt lat="45.48235" lon="4.75499">
        <ele>341.02</ele>
      </trkpt>
      <trkpt lat="45.48205" lon="4.75523">
        <ele>341.37</ele>
      </trkpt>
      <trkpt lat="45.48152" lon="4.75575">
        <ele>342.53</ele>
      </trkpt>
      <trkpt lat="45.48136" lon="4.75597">
        <ele>342.48</ele>
      </trkpt>
      <trkpt lat="45.48072" lon="4.75703">
        <ele>342.26</ele>
      </trkpt>
      <trkpt lat="45.47991" lon="4.75791">
        <ele>341.54</ele>
      </trkpt>
      <trkpt lat="45.47952" lon="4.75822">
        <ele>340.08</ele>
      </trkpt>
      <trkpt lat="45.47899" lon="4.75859">
        <ele>338.63</ele>
      </trkpt>
      <trkpt lat="45.47819" lon="4.75913">
        <ele>336.81</ele>
      </trkpt>
      <trkpt lat="45.47792" lon="4.75928">
        <ele>334.8</ele>
      </trkpt>
      <trkpt lat="45.47764" lon="4.75958">
        <ele>333.15</ele>
      </trkpt>
      <trkpt lat="45.47744" lon="4.7599">
        <ele>331.92</ele>
      </trkpt>
      <trkpt lat="45.47739" lon="4.75988">
        <ele>330.47</ele>
      </trkpt>
      <trkpt lat="45.47734" lon="4.75932">
        <ele>329.31</ele>
      </trkpt>
      <trkpt lat="45.4773" lon="4.75762">
        <ele>328.29</ele>
      </trkpt>
      <trkpt lat="45.47725" lon="4.75703">
        <ele>327.41</ele>
      </trkpt>
      <trkpt lat="45.47706" lon="4.75681">
        <ele>327.16</ele>
      </trkpt>
      <trkpt lat="45.47665" lon="4.75647">
        <ele>326.7</ele>
      </trkpt>
      <trkpt lat="45.47675" lon="4.75629">
        <ele>326.04</ele>
      </trkpt>
      <trkpt lat="45.47696" lon="4.75608">
        <ele>325.25</ele>
      </trkpt>
      <trkpt lat="45.47713" lon="4.75559">
        <ele>324.62</ele>
      </trkpt>
      <trkpt lat="45.47714" lon="4.75538">
        <ele>323.48</ele>
      </trkpt>
      <trkpt lat="45.47709" lon="4.75507">
        <ele>323.24</ele>
      </trkpt>
      <trkpt lat="45.47703" lon="4.75484">
        <ele>322.76</ele>
      </trkpt>
      <trkpt lat="45.47684" lon="4.75434">
        <ele>323.21</ele>
      </trkpt>
      <trkpt lat="45.4768" lon="4.75405">
        <ele>323.83</ele>
      </trkpt>
      <trkpt lat="45.47681" lon="4.75378">
        <ele>322.94</ele>
      </trkpt>
      <trkpt lat="45.47688" lon="4.75354">
        <ele>319.94</ele>
      </trkpt>
      <trkpt lat="45.47753" lon="4.75277">
        <ele>319.28</ele>
      </trkpt>
      <trkpt lat="45.47783" lon="4.75249">
        <ele>319.13</ele>
      </trkpt>
      <trkpt lat="45.47811" lon="4.75234">
        <ele>319.6</ele>
      </trkpt>
      <trkpt lat="45.4783" lon="4.75236">
        <ele>321.14</ele>
      </trkpt>
      <trkpt lat="45.47875" lon="4.75256">
        <ele>322.73</ele>
      </trkpt>
      <trkpt lat="45.4792" lon="4.75214">
        <ele>320.07</ele>
      </trkpt>
      <trkpt lat="45.47928" lon="4.75187">
        <ele>319.26</ele>
      </trkpt>
      <trkpt lat="45.47955" lon="4.75161">
        <ele>316.31</ele>
      </trkpt>
      <trkpt lat="45.47967" lon="4.75143">
        <ele>311.59</ele>
      </trkpt>
      <trkpt lat="45.47979" lon="4.75133">
        <ele>310.24</ele>
      </trkpt>
      <trkpt lat="45.47982" lon="4.75127">
        <ele>311.22</ele>
      </trkpt>
      <trkpt lat="45.47996" lon="4.75113">
        <ele>309.11</ele>
      </trkpt>
      <trkpt lat="45.48009" lon="4.75106">
        <ele>309.39</ele>
      </trkpt>
      <trkpt lat="45.48012" lon="4.75102">
        <ele>309.6</ele>
      </trkpt>
      <trkpt lat="45.48028" lon="4.75097">
        <ele>310.43</ele>
      </trkpt>
      <trkpt lat="45.48063" lon="4.75073">
        <ele>308.43</ele>
      </trkpt>
      <trkpt lat="45.48073" lon="4.7507">
        <ele>306.42</ele>
      </trkpt>
      <trkpt lat="45.48078" lon="4.75034">
        <ele>307.31</ele>
      </trkpt>
      <trkpt lat="45.48088" lon="4.75024">
        <ele>311.79</ele>
      </trkpt>
      <trkpt lat="45.48056" lon="4.74866">
        <ele>314.08</ele>
      </trkpt>
      <trkpt lat="45.48075" lon="4.74752">
        <ele>319.49</ele>
      </trkpt>
      <trkpt lat="45.48064" lon="4.74716">
        <ele>324.19</ele>
      </trkpt>
      <trkpt lat="45.48055" lon="4.74716">
        <ele>326.28</ele>
      </trkpt>
      <trkpt lat="45.48038" lon="4.74762">
        <ele>327.23</ele>
      </trkpt>
      <trkpt lat="45.47917" lon="4.74752">
        <ele>328.02</ele>
      </trkpt>
      <trkpt lat="45.4787" lon="4.74733">
        <ele>328.89</ele>
      </trkpt>
      <trkpt lat="45.47822" lon="4.74703">
        <ele>331.27</ele>
      </trkpt>
      <trkpt lat="45.47794" lon="4.74683">
        <ele>332.17</ele>
      </trkpt>
      <trkpt lat="45.47738" lon="4.74626">
        <ele>333.25</ele>
      </trkpt>
      <trkpt lat="45.47727" lon="4.7462">
        <ele>333.89</ele>
      </trkpt>
      <trkpt lat="45.47691" lon="4.74582">
        <ele>334.41</ele>
      </trkpt>
      <trkpt lat="45.47607" lon="4.74503">
        <ele>333.59</ele>
      </trkpt>
      <trkpt lat="45.47583" lon="4.74469">
        <ele>332.61</ele>
      </trkpt>
      <trkpt lat="45.47563" lon="4.74453">
        <ele>330.86</ele>
      </trkpt>
      <trkpt lat="45.47546" lon="4.74457">
        <ele>328.77</ele>
      </trkpt>
      <trkpt lat="45.47536" lon="4.74451">
        <ele>326.28</ele>
      </trkpt>
      <trkpt lat="45.47495" lon="4.74415">
        <ele>323.46</ele>
      </trkpt>
      <trkpt lat="45.47479" lon="4.74405">
        <ele>320.74</ele>
      </trkpt>
      <trkpt lat="45.47457" lon="4.74371">
        <ele>318.47</ele>
      </trkpt>
      <trkpt lat="45.47449" lon="4.74365">
        <ele>317.03</ele>
      </trkpt>
      <trkpt lat="45.47421" lon="4.74364">
        <ele>316.28</ele>
      </trkpt>
      <trkpt lat="45.47412" lon="4.74357">
        <ele>317.22</ele>
      </trkpt>
      <trkpt lat="45.47407" lon="4.74341">
        <ele>317.27</ele>
      </trkpt>
      <trkpt lat="45.47397" lon="4.74327">
        <ele>318.45</ele>
      </trkpt>
      <trkpt lat="45.47375" lon="4.74311">
        <ele>319.49</ele>
      </trkpt>
      <trkpt lat="45.47367" lon="4.74309">
        <ele>320.42</ele>
      </trkpt>
      <trkpt lat="45.47361" lon="4.74313">
        <ele>321.18</ele>
      </trkpt>
      <trkpt lat="45.47351" lon="4.74326">
        <ele>322.38</ele>
      </trkpt>
      <trkpt lat="45.47334" lon="4.74328">
        <ele>322.65</ele>
      </trkpt>
      <trkpt lat="45.47333" lon="4.74342">
        <ele>323.1</ele>
      </trkpt>
      <trkpt lat="45.47338" lon="4.74361">
        <ele>323.66</ele>
      </trkpt>
      <trkpt lat="45.47335" lon="4.74373">
        <ele>323.78</ele>
      </trkpt>
      <trkpt lat="45.47327" lon="4.74373">
        <ele>324.33</ele>
      </trkpt>
      <trkpt lat="45.47319" lon="4.74369">
        <ele>325.64</ele>
      </trkpt>
      <trkpt lat="45.4731" lon="4.7437">
        <ele>327.23</ele>
      </trkpt>
      <trkpt lat="45.47281" lon="4.74408">
        <ele>329.11</ele>
      </trkpt>
      <trkpt lat="45.47266" lon="4.74417">
        <ele>330.37</ele>
      </trkpt>
      <trkpt lat="45.4724" lon="4.74442">
        <ele>332.21</ele>
      </trkpt>
      <trkpt lat="45.47188" lon="4.74479">
        <ele>332.51</ele>
      </trkpt>
      <trkpt lat="45.4717" lon="4.74496">
        <ele>332.64</ele>
      </trkpt>
      <trkpt lat="45.47165" lon="4.74504">
        <ele>332.31</ele>
      </trkpt>
      <trkpt lat="45.47095" lon="4.74688">
        <ele>331.97</ele>
      </trkpt>
      <trkpt lat="45.47091" lon="4.74717">
        <ele>330.95</ele>
      </trkpt>
      <trkpt lat="45.471" lon="4.74768">
        <ele>330.36</ele>
      </trkpt>
      <trkpt lat="45.47101" lon="4.74789">
        <ele>329.01</ele>
      </trkpt>
      <trkpt lat="45.47089" lon="4.74849">
        <ele>327.76</ele>
      </trkpt>
      <trkpt lat="45.47047" lon="4.75026">
        <ele>326.92</ele>
      </trkpt>
      <trkpt lat="45.46961" lon="4.7499">
        <ele>326.08</ele>
      </trkpt>
      <trkpt lat="45.46792" lon="4.74909">
        <ele>325.63</ele>
      </trkpt>
      <trkpt lat="45.46743" lon="4.74888">
        <ele>325.73</ele>
      </trkpt>
      <trkpt lat="45.46724" lon="4.74877">
        <ele>325.47</ele>
      </trkpt>
      <trkpt lat="45.46737" lon="4.74787">
        <ele>325.18</ele>
      </trkpt>
      <trkpt lat="45.46753" lon="4.74713">
        <ele>324.03</ele>
      </trkpt>
      <trkpt lat="45.46718" lon="4.74711">
        <ele>322.94</ele>
      </trkpt>
      <trkpt lat="45.46666" lon="4.74722">
        <ele>322.05</ele>
      </trkpt>
      <trkpt lat="45.4666" lon="4.74721">
        <ele>320.45</ele>
      </trkpt>
      <trkpt lat="45.46653" lon="4.74715">
        <ele>318.36</ele>
      </trkpt>
      <trkpt lat="45.46646" lon="4.74715">
        <ele>315.39</ele>
      </trkpt>
      <trkpt lat="45.46607" lon="4.74728">
        <ele>312.68</ele>
      </trkpt>
      <trkpt lat="45.4654" lon="4.74759">
        <ele>307.78</ele>
      </trkpt>
      <trkpt lat="45.46527" lon="4.74758">
        <ele>304.03</ele>
      </trkpt>
      <trkpt lat="45.46527" lon="4.7475">
        <ele>301.14</ele>
      </trkpt>
      <trkpt lat="45.46533" lon="4.74736">
        <ele>299.92</ele>
      </trkpt>
      <trkpt lat="45.46542" lon="4.74699">
        <ele>298.45</ele>
      </trkpt>
      <trkpt lat="45.46545" lon="4.74645">
        <ele>298.92</ele>
      </trkpt>
      <trkpt lat="45.46542" lon="4.74628">
        <ele>300.07</ele>
      </trkpt>
      <trkpt lat="45.46522" lon="4.74621">
        <ele>301.07</ele>
      </trkpt>
      <trkpt lat="45.46501" lon="4.74622">
        <ele>302.1</ele>
      </trkpt>
      <trkpt lat="45.46486" lon="4.74628">
        <ele>302.93</ele>
      </trkpt>
      <trkpt lat="45.46477" lon="4.7465">
        <ele>303.76</ele>
      </trkpt>
      <trkpt lat="45.46458" lon="4.74681">
        <ele>303.77</ele>
      </trkpt>
      <trkpt lat="45.46447" lon="4.74689">
        <ele>303.93</ele>
      </trkpt>
      <trkpt lat="45.46441" lon="4.74697">
        <ele>304.7</ele>
      </trkpt>
      <trkpt lat="45.46381" lon="4.74732">
        <ele>305.09</ele>
      </trkpt>
      <trkpt lat="45.46363" lon="4.74748">
        <ele>304.79</ele>
      </trkpt>
      <trkpt lat="45.46311" lon="4.74802">
        <ele>304.26</ele>
      </trkpt>
      <trkpt lat="45.46264" lon="4.74871">
        <ele>303.47</ele>
      </trkpt>
      <trkpt lat="45.46253" lon="4.74874">
        <ele>301.29</ele>
      </trkpt>
      <trkpt lat="45.46241" lon="4.74869">
        <ele>298.49</ele>
      </trkpt>
      <trkpt lat="45.46222" lon="4.74938">
        <ele>295.21</ele>
      </trkpt>
      <trkpt lat="45.46196" lon="4.75">
        <ele>290.68</ele>
      </trkpt>
      <trkpt lat="45.46181" lon="4.75021">
        <ele>284.72</ele>
      </trkpt>
      <trkpt lat="45.46146" lon="4.75058">
        <ele>278.66</ele>
      </trkpt>
      <trkpt lat="45.46127" lon="4.75071">
        <ele>273.07</ele>
      </trkpt>
      <trkpt lat="45.46121" lon="4.75071">
        <ele>268.26</ele>
      </trkpt>
      <trkpt lat="45.46135" lon="4.75153">
        <ele>263.46</ele>
      </trkpt>
      <trkpt lat="45.46133" lon="4.75229">
        <ele>259.72</ele>
      </trkpt>
      <trkpt lat="45.46106" lon="4.75286">
        <ele>256.59</ele>
      </trkpt>
      <trkpt lat="45.46105" lon="4.75316">
        <ele>251.57</ele>
      </trkpt>
      <trkpt lat="45.46097" lon="4.75342">
        <ele>247.37</ele>
      </trkpt>
      <trkpt lat="45.46072" lon="4.75386">
        <ele>244.44</ele>
      </trkpt>
      <trkpt lat="45.46062" lon="4.75399">
        <ele>241.17</ele>
      </trkpt>
      <trkpt lat="45.46051" lon="4.75424">
        <ele>237.5</ele>
      </trkpt>
      <trkpt lat="45.46039" lon="4.75464">
        <ele>235.67</ele>
      </trkpt>
      <trkpt lat="45.46031" lon="4.75547">
        <ele>232.22</ele>
      </trkpt>
      <trkpt lat="45.46032" lon="4.75605">
        <ele>228.2</ele>
      </trkpt>
      <trkpt lat="45.46028" lon="4.75648">
        <ele>221.77</ele>
      </trkpt>
      <trkpt lat="45.46037" lon="4.75713">
        <ele>217.13</ele>
      </trkpt>
      <trkpt lat="45.46048" lon="4.75735">
        <ele>211.22</ele>
      </trkpt>
      <trkpt lat="45.46059" lon="4.7575">
        <ele>206.69</ele>
      </trkpt>
      <trkpt lat="45.46061" lon="4.75768">
        <ele>203.04</ele>
      </trkpt>
      <trkpt lat="45.46064" lon="4.75769">
        <ele>204.81</ele>
      </trkpt>
      <trkpt lat="45.46066" lon="4.75767">
        <ele>205.37</ele>
      </trkpt>
      <trkpt lat="45.46068" lon="4.75748">
        <ele>206.62</ele>
      </trkpt>
      <trkpt lat="45.46052" lon="4.75698">
        <ele>210</ele>
      </trkpt>
      <trkpt lat="45.46049" lon="4.75675">
        <ele>211.1</ele>
      </trkpt>
      <trkpt lat="45.46051" lon="4.75662">
        <ele>211.42</ele>
      </trkpt>
      <trkpt lat="45.46052" lon="4.75676">
        <ele>209.99</ele>
      </trkpt>
      <trkpt lat="45.4606" lon="4.75703">
        <ele>207.08</ele>
      </trkpt>
      <trkpt lat="45.46067" lon="4.75715">
        <ele>204.11</ele>
      </trkpt>
      <trkpt lat="45.46075" lon="4.75723">
        <ele>201.2</ele>
      </trkpt>
      <trkpt lat="45.46091" lon="4.75752">
        <ele>198.24</ele>
      </trkpt>
      <trkpt lat="45.46094" lon="4.75765">
        <ele>188.89</ele>
      </trkpt>
      <trkpt lat="45.46095" lon="4.75792">
        <ele>182.42</ele>
      </trkpt>
      <trkpt lat="45.46086" lon="4.75895">
        <ele>173.45</ele>
      </trkpt>
      <trkpt lat="45.4609" lon="4.75904">
        <ele>166.17</ele>
      </trkpt>
      <trkpt lat="45.46083" lon="4.75912">
        <ele>156.54</ele>
      </trkpt>
      <trkpt lat="45.46053" lon="4.75922">
        <ele>154.94</ele>
      </trkpt>
      <trkpt lat="45.46022" lon="4.75928">
        <ele>153.08</ele>
      </trkpt>
      <trkpt lat="45.4601" lon="4.75938">
        <ele>151.26</ele>
      </trkpt>
      <trkpt lat="45.46007" lon="4.75928">
        <ele>149.44</ele>
      </trkpt>
      <trkpt lat="45.45964" lon="4.75949">
        <ele>148.72</ele>
      </trkpt>
      <trkpt lat="45.45956" lon="4.75948">
        <ele>147.91</ele>
      </trkpt>
      <trkpt lat="45.45939" lon="4.75926">
        <ele>147.43</ele>
      </trkpt>
      <trkpt lat="45.45904" lon="4.75893">
        <ele>147.04</ele>
      </trkpt>
      <trkpt lat="45.45895" lon="4.7589">
        <ele>147.05</ele>
      </trkpt>
      <trkpt lat="45.45876" lon="4.75897">
        <ele>146.69</ele>
      </trkpt>
      <trkpt lat="45.45862" lon="4.75908">
        <ele>146.58</ele>
      </trkpt>
      <trkpt lat="45.45852" lon="4.7592">
        <ele>146.23</ele>
      </trkpt>
      <trkpt lat="45.45839" lon="4.75945">
        <ele>146.06</ele>
      </trkpt>
      <trkpt lat="45.4583" lon="4.75969">
        <ele>146.32</ele>
      </trkpt>
      <trkpt lat="45.45876" lon="4.7608">
        <ele>146.19</ele>
      </trkpt>
      <trkpt lat="45.45849" lon="4.76124">
        <ele>145.81</ele>
      </trkpt>
      <trkpt lat="45.4582" lon="4.76163">
        <ele>145.26</ele>
      </trkpt>
      <trkpt lat="45.45811" lon="4.7615">
        <ele>144.65</ele>
      </trkpt>
      <trkpt lat="45.4579" lon="4.76156">
        <ele>143.9</ele>
      </trkpt>
      <trkpt lat="45.4581" lon="4.76318">
        <ele>143.7</ele>
      </trkpt>
      <trkpt lat="45.45827" lon="4.76491">
        <ele>143.57</ele>
      </trkpt>
      <trkpt lat="45.45828" lon="4.7653">
        <ele>144.47</ele>
      </trkpt>
      <trkpt lat="45.4578" lon="4.76816">
        <ele>143.32</ele>
      </trkpt>
    </trkseg>
  </trk>
</gpx>