<?xml version="1.0" encoding="UTF-8" standalone="no" ?>
<gpx xmlns="http://www.topografix.com/GPX/1/1"
     creator="TourInSoft"
     version="1.1"
     xmlns:xsi="http://www.w3.org/2001/XMLSchema-instance"
     xsi:schemaLocation="http://www.topografix.com/GPX/1/1 http://www.topografix.com/GPX/1/1/gpx.xsd">
<wpt lat="43.68895" lon="4.13451">
<ele>11</ele>
<name>Lunel en Petite Camargue </name>
<desc>La Grande Traversée de l’Hérault à VTT par la Passa Meridia Meridia prend son départ tout en douceur aux portes de la Petite Camargue, au cœur des traditions taurines. Le Vidourle, fleuve imprévisible, vous guide jusqu’à l’oppidum d’Ambrussum et au pont romain d’Ambroix, vestige de la Via Domitia.  Garrigues, vignobles et villages accueillants sont omniprésents et accompagnent la suite de votre parcours vers une halte à Entre-Vignes pour découvrir un site unique valorisant le vignoble languedocien : Viavino. Entre vignes et pinèdes, se profilent ensuite des rencontres magistrales à Castries:  un aqueduc imaginé comme le Canal du Midi par Pierre-Paul Riquet, et un château en forme de petit Versailles… Encore un beau château et un merveilleux point de vue à Assas, avant de rentrer dans les vignobles et garrigues du Pic Saint-Loup.</desc>
</wpt>
<wpt lat="43.70194" lon="3.89676">
<ele>128</ele>
<name>Vignobles et garrigues du Pic Saint-Loup </name>
<desc>Les profils altiers du Pic Saint-Loup et de l’Hortus sont omniprésents. Des vignes et des villages aux couleurs chaudes invitent à découvrir un terroir viticole à la renommée amplement méritée. Le thym, les genévriers et les buis accompagnent un parcours agréable et roulant jusqu’à Lauret et la première ‘grimpette’ vers l’univers des causses pastoraux. Changement d’ambiance: la montée sur le Causse de l’Hortus se mérite ! La garrigue et son incomparable biodiversité vous accompagnent vers le village de Ferrières-les-Verreries, où des gentilshommes ont soufflé le verre pendant cinq siècles. Votre aventure se poursuit vers le vallon de Londres entre les vieux mas et les jasses (du latin jacere indiquant où les brebis dorment). Dans cette cuvette marécageuse, les eaux se concentrent sur des sources faisant naître des ruisseaux plus ou moins temporaires, comme le Lamalou et son fameux Ravin des Arcs. On y découvre de charmants villages médiévaux aux incomparables églises romanes: Notre-Dame-de-Londres et Saint-Martin-de-Londres. Au passage, initiez-vous à la pratique du sport local : le Tambourin. Vers le Domaine Départemental de Roussières et Viols-le Fort, de nombreux vestiges de nos ancêtres de l’âge du cuivre bordent le chemin : tombes ovales et statues-menhir, village de Cambous…</desc>
</wpt>
<wpt lat="43.74354" lon="3.69501">
<ele>260.9</ele>
<name>Gorges de l’Hérault et Monts de Saint-Guilhem </name>
<desc>Sur les drailles de transhumance, fleuries d’asphodèles au printemps, l'itinéraire prend du relief afin de vous faire entrevoir de beaux points de vue sur les gorges de l’Hérault et les contreforts des Cévennes et du Larzac. Le Pont du Diable, inscrit au Patrimoine Mondial de l’Humanité au titre des Chemins de Compostelle, marque l’entrée dans le Grand Site de France des Gorges de l’Hérault. Le détour vers Saint-Guilhem-le-Désert et l’abbaye de Gellone s’impose… Nouveau changement d’ambiance après Saint-Jean-de-Fos, village de charme et haut lieu du patrimoine potier. Vous attaquez la montée vers l’Hérault d’en haut, avec de merveilleux points de vue sur la vallée de l’Hérault et le Mont St-Baudille (848m d'altitude). Grimpettes soutenues et descentes rapides se succèdent dans une véritable immersion dans la forêt domaniale de St-Guilhem-le-Désert et ses boisements de pins de Salzmann (la version locale du pin laricio Corse). La Maison des Légendes aux Plos offre une halte poétique et écologique avant de rejoindre le Domaine départemental de la Font du Griffe (hors itinéraire, relais étape départemental), et d’attaquer la montée vers le Larzac. </desc>
</wpt>
<wpt lat="43.77685" lon="3.53757">
<ele>532.4</ele>
<name>Causse du Larzac </name>
<desc>Après une montée longue et soutenue, au milieu de lavognes, dolmens et menhirs, vous rejoignez le Pic Baudille (848m). Ce promontoire méridional offre un panorama unique vers le Sud sur les plaines, collines et massifs de l’Hérault jusqu’à la mer Méditerranée et même les Pyrénées lorsque le temps est clair. Au Nord, une belle descente vous guide vers une surprenante traversée du Causse du Larzac.  Classé au Patrimoine mondial de l’Humanité par l’UNESCO au titre de la culture de l'agro-pastoralisme méditerranéen, le territoire du Larzac est unique.  La diversité des paysages de la forêt domaniale de Notre-Dame-de-Parlatges, des steppes dolomitiques et karstiques, des paysages caussenards transformés par l’homme en vastes pelouses sèches… sont un voyage dans le voyage, surprenant et mystique.  Le village du Caylar, surplombé par son Roc Castel, et dont la place centrale est ornée d’un étonnant arbre sculpté, annonce l’entrée dans un nouveau monde : le Haut Languedoc.</desc>
</wpt>
<wpt lat="43.80756" lon="3.26873">
<ele>726.8</ele>
<name>l’Escandorgue et la Vallée du Gravezon </name>
<desc>L’Escandorgue vous accueille pour une nouvelle traversée atypique et mystique au travers de la magie de sa forêt mystérieuse et de ses formations géologiques surprenantes, cœur du Geoparc Terres d’Hérault. Grotte de Labeil, temple boudhiste du Lerab-Ling, communautés mystiques perdues sur les hauteurs campagnardes de l’Hérault marquent la transition entre Lodévois-Larzac et Parc Naturel Régional du Haut-Languedoc. La grande descente vers la vallée du Gravezon permet de rencontrer une nouvelle diversité d'essences d'arbres et de cultures. Un tracé en courbes douces, épousant les formes tourmentées de la forêt domaniale des Monts d’Orb. Joncels offre un patrimoine riche et une halte accueillante et authentique sur les traces des pèlerins de Compostelle. Lunas, village de caractère à la confluence des vallées du Gravezon et de la Nize, est l’occasion d’une pause rafraichissante.</desc>
</wpt>
<wpt lat="43.70739" lon="3.19402">
<ele>273.3</ele>
<name>Vallée et Monts d’Orb </name>
<desc>La bonne montée vers le plateau de Dio offre de beaux points de vues sur le Rocher du Redondel. Puis l’itinéraire se fait doux dans la forêt puis sur la traversée du plateau vers les hauteurs de Dio, offrant de belles perspectives vers la suite du programme. L’arrivée à Dio est un choc visuel : à l’abri de blanches falaises calcaires et émergeant des terres rouges caractéristiques des environs du lac du Salagou, le village se blottit sous l’imposante silhouette de son château, véritable forteresse de légende. De Dio, on glisse doucement entre ruffes rouges et vignobles vers la vallée de l’Orb, au pont de Mirande : la séparation entre les branches nord et sud de Passa Meridia est là ! Les territoires du Grand Orb et des Avants-Monts vous livrent leur richesse paysagère et patrimoniale. La descente sur Faugères, par les Moulins à vent du domaine des Trois Tours, vous permettra d'arriver dans un vignoble d'exception. </desc>
</wpt>
<wpt lat="43.56502" lon="3.19068">
<ele>263.1</ele>
<name>Vignobles de Faugères et Avant Monts</name>
<desc>De Faugères à Aigues-Vives, de vignobles magnifiques en hameaux de caractère, vous cheminerez sur 1000 ans d'histoire. Des reliefs et des paysages languedociens vous attendent pour une découverte de la plaine biterroise. De hameau en hameau, l’étape se fait sportive et propose des paysages et vues remarquables sur le Caroux et l'Espinouse. Coup de cœur : la descente vers Roquebrun, le « Petit Nice » de l’Hérault. Un climat exceptionnel, une flore méditerranéenne unique, et la douceur des berges de l’Orb….</desc>
</wpt>
<wpt lat="43.50017" lon="3.03188">
<ele>86.4</ele>
<name>Roquebrun  et gorges de l'Orb</name>
<desc>Du rayonnant village de Roquebrun, vous longerez les méandres de l'Orb avant d'affronter une montée technique et physique. Le détour par le sommet du Pic de Naudech (755m) s’impose : un panorama exceptionnel et un haut lieu du VTT enduro ! Après des vues à couper le souffle sur le Caroux et les monts et vallées de l'ouest héraultais, vous achèverez l'étape à Olargues, classé parmi "Les Plus Beaux Villages de France". On adore flâner dans les ruelles de ce village médiéval perché sur un éperon rocheux au bord de la rivière du Jaur, et traversé par la voie verte du Haut Languedoc, la Passa Païs.</desc>
</wpt>
<wpt lat="43.55741" lon="2.91306">
<ele>227.1</ele>
<name>Olargues , porte du Caroux</name>
<desc>D’un « Plus Beau Village de France » à l’autre, un défi sportif et un total changement d’ambiance entre la fraîcheur de la vallée du Jaur et les paysages  de calcaires et vignobles du Minervois. Pour commencer, il faut remonter au col de la Bacoulette : si vous avez râté le détour au Pic de Naudech, vous avez une seconde chance de profiter du spectacle ! Le parcours évolue ensuite sur de longues pistes menant de cols en cols, parfois en terrain dégagé offert au vent. Toujours au cœur de la forêt domaniale des Avants-Monts, les feuillus et résineux vont laisser place aux pâturages où paissent chevaux, vaches et autres ruminants. Après la traversée d’une partie des dix hameaux de la commune de Pardailhan, célèbre encore aujourd’hui pour le navet noir du même nom, l’itinéraire va laisser place à un paysage aérien implanté sur un plateau calcaire. En point de mire, Minerve, véritable bijou du patrimoine historique et naturel héraultais. Le Grand Site de la Cité de Minerve, Gorges de la Cesse et du Brian vous permet d’admirer des paysages où alternent la garrigue, les vignes, la pierre sèche, et de nombreux vestiges ancestraux formant un ensemble d’une valeur patrimoniale exceptionnelle.</desc>
</wpt>
<wpt lat="43.35359" lon="2.74522">
<ele>156.7</ele>
<name>Grand Site Cité de Minerve, Gorges de la Cesse et du Brian </name>
<desc>De la Cité de Minerve à la source de la Cesse à Ferrals-les-Montagnes, cette étape est un témoignage du passé dans un espace naturel préservé. Des panoramas sur la vallée languedocienne, la Montagne Noire et les Pyrénées vous accompagneront une grande partie du parcours. Aux confins sud-ouest de l’Hérault, la Passa Meridia touche à son terme, mais n’autorise aucun relâchement ni pour les jambes ni pour la vue. De Cassagnoles aux monts de Félines-Minervois, à travers vignes et forêts aux essences diverses, en traversant des sites historiques et patrimoniaux remarquables. Le marbre rouge incarnat est le roi de la dernière étape : de Versailles au Louvre, il a donné une renommée internationale à ce territoire. L’arrivée à la chapelle de Notre-Dame-du-Cros sonne la fin du périple, sans oublier de terminer la découverte des ruelles médiévales et de l’architecture Renaissance du remarquable village de Caunes-Minervois.</desc>
</wpt>
<wpt lat="43.32687" lon="2.52685">
<ele>186.4</ele>
<name>Caunes-Minervois</name>
<desc>La Passa Meridia SUD est achevée, mais il serait dommage de ne pas poursuivre dans l’Aude jusqu’à la cité de Carcassonne ! Pour profiter des berges du  Canal du Midi, du joli village de Trèbes et de l’incontournable cité médiévale… et rejoindre la gare de Carcassonne pour un séjour ‘100% sans voiture’ ! De Caunes-Minervois à Carcassonne, l’itinéraire n’est pas balisé et emprunte de jolies routes buissonnières et les berges du Canal du Midi : vous êtes sur le tracé de l’Escapade Nature Sans Voiture entre les Grands Sites « Béziers – Canal du Midi », « Cité de Minerve, Gorges de la Cesse et du Brian » et « Cité de Carcassonne ». Une autre belle itinérance, plus facile, à programmer !</desc>
</wpt>
<wpt lat="43.21786" lon="2.35105">
<ele>109.3</ele>
<name>Carcassonne</name>
<desc>Avant de rejoindre la gare SNCF, une journée de fin de séjour s’impose pour profiter pleinement de la Cité et de la bastide. Il ne vous reste plus qu’à revenir confortablement et sans carbone en train à Lunel, en profitant du paysage !</desc>
</wpt>
<trk>
<trkseg>
<trkpt lat="43.6889" lon="4.13475"><ele>11</ele></trkpt><trkpt lat="43.68978" lon="4.13703"><ele>11</ele></trkpt><trkpt lat="43.69017" lon="4.13841"><ele>10.7</ele></trkpt><trkpt lat="43.69042" lon="4.13895"><ele>10.4</ele></trkpt><trkpt lat="43.69103" lon="4.14055"><ele>10</ele></trkpt><trkpt lat="43.69126" lon="4.14128"><ele>9.7</ele></trkpt><trkpt lat="43.69147" lon="4.14249"><ele>10</ele></trkpt><trkpt lat="43.69154" lon="4.1433"><ele>10</ele></trkpt><trkpt lat="43.69139" lon="4.14397"><ele>10</ele></trkpt><trkpt lat="43.69141" lon="4.14452"><ele>11</ele></trkpt><trkpt lat="43.69153" lon="4.14485"><ele>11</ele></trkpt><trkpt lat="43.69188" lon="4.14491"><ele>10.8</ele></trkpt><trkpt lat="43.6924" lon="4.14411"><ele>10.5</ele></trkpt><trkpt lat="43.69324" lon="4.1423"><ele>10.2</ele></trkpt><trkpt lat="43.69402" lon="4.14206"><ele>11.3</ele></trkpt><trkpt lat="43.69451" lon="4.14233"><ele>12.5</ele></trkpt><trkpt lat="43.69532" lon="4.14241"><ele>16</ele></trkpt><trkpt lat="43.69578" lon="4.14249"><ele>15.1</ele></trkpt><trkpt lat="43.69634" lon="4.143"><ele>11.9</ele></trkpt><trkpt lat="43.69712" lon="4.14322"><ele>13.6</ele></trkpt><trkpt lat="43.69813" lon="4.14396"><ele>15</ele></trkpt><trkpt lat="43.69874" lon="4.14476"><ele>15.5</ele></trkpt><trkpt lat="43.6991" lon="4.14511"><ele>16</ele></trkpt><trkpt lat="43.69967" lon="4.14518"><ele>17</ele></trkpt><trkpt lat="43.70013" lon="4.14517"><ele>18</ele></trkpt><trkpt lat="43.70198" lon="4.1456"><ele>21.3</ele></trkpt><trkpt lat="43.70407" lon="4.14558"><ele>26.7</ele></trkpt><trkpt lat="43.70428" lon="4.14565"><ele>27.1</ele></trkpt><trkpt lat="43.70464" lon="4.14606"><ele>28.1</ele></trkpt><trkpt lat="43.70511" lon="4.14814"><ele>22.7</ele></trkpt><trkpt lat="43.70551" lon="4.14897"><ele>21</ele></trkpt><trkpt lat="43.70632" lon="4.15028"><ele>20.8</ele></trkpt><trkpt lat="43.70718" lon="4.15152"><ele>22.9</ele></trkpt><trkpt lat="43.7087" lon="4.15346"><ele>20</ele></trkpt><trkpt lat="43.70895" lon="4.15389"><ele>20</ele></trkpt><trkpt lat="43.70975" lon="4.15423"><ele>18.2</ele></trkpt><trkpt lat="43.71028" lon="4.15461"><ele>17</ele></trkpt><trkpt lat="43.71055" lon="4.15477"><ele>15.9</ele></trkpt><trkpt lat="43.71082" lon="4.15518"><ele>13.4</ele></trkpt><trkpt lat="43.71123" lon="4.15521"><ele>13.2</ele></trkpt><trkpt lat="43.71168" lon="4.15505"><ele>13.9</ele></trkpt><trkpt lat="43.71335" lon="4.15493"><ele>15.4</ele></trkpt><trkpt lat="43.71382" lon="4.15451"><ele>14.3</ele></trkpt><trkpt lat="43.71478" lon="4.15315"><ele>14.8</ele></trkpt><trkpt lat="43.71522" lon="4.15293"><ele>15.6</ele></trkpt><trkpt lat="43.71608" lon="4.15196"><ele>17.2</ele></trkpt><trkpt lat="43.71715" lon="4.15102"><ele>15.3</ele></trkpt><trkpt lat="43.71792" lon="4.15029"><ele>15.8</ele></trkpt><trkpt lat="43.7184" lon="4.14968"><ele>17</ele></trkpt><trkpt lat="43.71851" lon="4.14927"><ele>18.1</ele></trkpt><trkpt lat="43.719" lon="4.1487"><ele>16.5</ele></trkpt><trkpt lat="43.71946" lon="4.14799"><ele>16.5</ele></trkpt><trkpt lat="43.72004" lon="4.14787"><ele>16.5</ele></trkpt><trkpt lat="43.72063" lon="4.14791"><ele>14.4</ele></trkpt><trkpt lat="43.72148" lon="4.14728"><ele>14.9</ele></trkpt><trkpt lat="43.72168" lon="4.14709"><ele>15.7</ele></trkpt><trkpt lat="43.72257" lon="4.14965"><ele>15.1</ele></trkpt><trkpt lat="43.72307" lon="4.14934"><ele>14.9</ele></trkpt><trkpt lat="43.72228" lon="4.14678"><ele>15.3</ele></trkpt><trkpt lat="43.72315" lon="4.14643"><ele>15</ele></trkpt><trkpt lat="43.72392" lon="4.14616"><ele>15.2</ele></trkpt><trkpt lat="43.72508" lon="4.14545"><ele>15</ele></trkpt><trkpt lat="43.72773" lon="4.14402"><ele>18</ele></trkpt><trkpt lat="43.72898" lon="4.14357"><ele>18.9</ele></trkpt><trkpt lat="43.73044" lon="4.14284"><ele>20</ele></trkpt><trkpt lat="43.7315" lon="4.14227"><ele>20.4</ele></trkpt><trkpt lat="43.73264" lon="4.14103"><ele>22.1</ele></trkpt><trkpt lat="43.73325" lon="4.14061"><ele>23</ele></trkpt><trkpt lat="43.73342" lon="4.14033"><ele>23.1</ele></trkpt><trkpt lat="43.73367" lon="4.14013"><ele>23.6</ele></trkpt><trkpt lat="43.73366" lon="4.13944"><ele>23</ele></trkpt><trkpt lat="43.7321" lon="4.13691"><ele>23.5</ele></trkpt><trkpt lat="43.73138" lon="4.13579"><ele>27.3</ele></trkpt><trkpt lat="43.73119" lon="4.13554"><ele>28.4</ele></trkpt><trkpt lat="43.73078" lon="4.1351"><ele>31.3</ele></trkpt><trkpt lat="43.72992" lon="4.13515"><ele>29.6</ele></trkpt><trkpt lat="43.72934" lon="4.13488"><ele>29.7</ele></trkpt><trkpt lat="43.72858" lon="4.13436"><ele>31.3</ele></trkpt><trkpt lat="43.72748" lon="4.13406"><ele>30.7</ele></trkpt><trkpt lat="43.72684" lon="4.134"><ele>29</ele></trkpt><trkpt lat="43.72641" lon="4.13382"><ele>28.3</ele></trkpt><trkpt lat="43.72562" lon="4.13307"><ele>27.4</ele></trkpt><trkpt lat="43.72473" lon="4.1324"><ele>27.4</ele></trkpt><trkpt lat="43.7243" lon="4.13219"><ele>27.5</ele></trkpt><trkpt lat="43.72303" lon="4.13196"><ele>28.9</ele></trkpt><trkpt lat="43.7218" lon="4.13168"><ele>31</ele></trkpt><trkpt lat="43.72117" lon="4.13149"><ele>32</ele></trkpt><trkpt lat="43.71843" lon="4.12973"><ele>28</ele></trkpt><trkpt lat="43.71775" lon="4.12926"><ele>27.7</ele></trkpt><trkpt lat="43.7172" lon="4.12854"><ele>29.2</ele></trkpt><trkpt lat="43.71693" lon="4.12782"><ele>30.8</ele></trkpt><trkpt lat="43.7163" lon="4.12657"><ele>32.5</ele></trkpt><trkpt lat="43.7158" lon="4.12597"><ele>31.4</ele></trkpt><trkpt lat="43.71542" lon="4.1252"><ele>32.8</ele></trkpt><trkpt lat="43.71486" lon="4.12424"><ele>36.4</ele></trkpt><trkpt lat="43.71463" lon="4.12347"><ele>38.2</ele></trkpt><trkpt lat="43.71441" lon="4.1231"><ele>38.4</ele></trkpt><trkpt lat="43.71356" lon="4.12215"><ele>41.5</ele></trkpt><trkpt lat="43.71358" lon="4.12145"><ele>45.4</ele></trkpt><trkpt lat="43.7135" lon="4.12075"><ele>48.7</ele></trkpt><trkpt lat="43.71365" lon="4.12014"><ele>50</ele></trkpt><trkpt lat="43.71588" lon="4.12165"><ele>53.2</ele></trkpt><trkpt lat="43.71636" lon="4.12178"><ele>54.9</ele></trkpt><trkpt lat="43.71655" lon="4.12189"><ele>54.5</ele></trkpt><trkpt lat="43.71711" lon="4.12209"><ele>53.1</ele></trkpt><trkpt lat="43.71808" lon="4.12212"><ele>52</ele></trkpt><trkpt lat="43.71977" lon="4.12374"><ele>60.2</ele></trkpt><trkpt lat="43.72029" lon="4.12403"><ele>62</ele></trkpt><trkpt lat="43.72051" lon="4.12423"><ele>62.2</ele></trkpt><trkpt lat="43.72142" lon="4.12436"><ele>61.9</ele></trkpt><trkpt lat="43.72193" lon="4.12486"><ele>60.6</ele></trkpt><trkpt lat="43.7225" lon="4.12494"><ele>57.8</ele></trkpt><trkpt lat="43.72294" lon="4.12508"><ele>56.4</ele></trkpt><trkpt lat="43.72367" lon="4.12498"><ele>53.5</ele></trkpt><trkpt lat="43.72384" lon="4.12533"><ele>54.7</ele></trkpt><trkpt lat="43.72395" lon="4.12541"><ele>54.8</ele></trkpt><trkpt lat="43.72433" lon="4.12551"><ele>54.8</ele></trkpt><trkpt lat="43.72453" lon="4.12729"><ele>50.9</ele></trkpt><trkpt lat="43.72474" lon="4.12682"><ele>54.5</ele></trkpt><trkpt lat="43.72486" lon="4.12672"><ele>55.4</ele></trkpt><trkpt lat="43.72506" lon="4.12671"><ele>56.4</ele></trkpt><trkpt lat="43.7254" lon="4.12704"><ele>57.9</ele></trkpt><trkpt lat="43.72558" lon="4.12708"><ele>59</ele></trkpt><trkpt lat="43.72591" lon="4.12698"><ele>59.4</ele></trkpt><trkpt lat="43.72615" lon="4.12706"><ele>59.9</ele></trkpt><trkpt lat="43.72685" lon="4.12745"><ele>60.8</ele></trkpt><trkpt lat="43.72746" lon="4.12745"><ele>62.8</ele></trkpt><trkpt lat="43.72815" lon="4.12749"><ele>66.3</ele></trkpt><trkpt lat="43.72737" lon="4.12695"><ele>60.6</ele></trkpt><trkpt lat="43.72703" lon="4.12645"><ele>55.4</ele></trkpt><trkpt lat="43.72687" lon="4.12612"><ele>52.3</ele></trkpt><trkpt lat="43.72671" lon="4.12551"><ele>47.8</ele></trkpt><trkpt lat="43.72667" lon="4.12491"><ele>43.4</ele></trkpt><trkpt lat="43.72656" lon="4.12468"><ele>42.3</ele></trkpt><trkpt lat="43.72646" lon="4.12415"><ele>38.4</ele></trkpt><trkpt lat="43.72611" lon="4.12356"><ele>35.6</ele></trkpt><trkpt lat="43.72513" lon="4.12258"><ele>30.3</ele></trkpt><trkpt lat="43.72627" lon="4.12325"><ele>32.7</ele></trkpt><trkpt lat="43.72695" lon="4.12373"><ele>34.8</ele></trkpt><trkpt lat="43.72739" lon="4.12386"><ele>35.7</ele></trkpt><trkpt lat="43.72978" lon="4.12282"><ele>26.2</ele></trkpt><trkpt lat="43.72977" lon="4.12241"><ele>23.8</ele></trkpt><trkpt lat="43.72962" lon="4.12178"><ele>21</ele></trkpt><trkpt lat="43.73053" lon="4.12153"><ele>21.1</ele></trkpt><trkpt lat="43.73198" lon="4.12189"><ele>22.6</ele></trkpt><trkpt lat="43.73227" lon="4.12192"><ele>22.6</ele></trkpt><trkpt lat="43.73312" lon="4.12191"><ele>20.7</ele></trkpt><trkpt lat="43.73336" lon="4.12184"><ele>19.9</ele></trkpt><trkpt lat="43.73357" lon="4.12174"><ele>19.4</ele></trkpt><trkpt lat="43.73456" lon="4.12167"><ele>20.7</ele></trkpt><trkpt lat="43.73484" lon="4.12128"><ele>22.9</ele></trkpt><trkpt lat="43.73482" lon="4.12076"><ele>20.6</ele></trkpt><trkpt lat="43.73486" lon="4.12065"><ele>19.5</ele></trkpt><trkpt lat="43.735" lon="4.12055"><ele>19</ele></trkpt><trkpt lat="43.7353" lon="4.12054"><ele>18</ele></trkpt><trkpt lat="43.73569" lon="4.12069"><ele>19</ele></trkpt><trkpt lat="43.73589" lon="4.1209"><ele>19.6</ele></trkpt><trkpt lat="43.73614" lon="4.12109"><ele>18.8</ele></trkpt><trkpt lat="43.73628" lon="4.12105"><ele>18.3</ele></trkpt><trkpt lat="43.73658" lon="4.12064"><ele>16.4</ele></trkpt><trkpt lat="43.73674" lon="4.1194"><ele>16.5</ele></trkpt><trkpt lat="43.73667" lon="4.11854"><ele>16.2</ele></trkpt><trkpt lat="43.73644" lon="4.11775"><ele>18.8</ele></trkpt><trkpt lat="43.7365" lon="4.11707"><ele>18.6</ele></trkpt><trkpt lat="43.73667" lon="4.11648"><ele>18</ele></trkpt><trkpt lat="43.73668" lon="4.11629"><ele>18.2</ele></trkpt><trkpt lat="43.73658" lon="4.11596"><ele>19.7</ele></trkpt><trkpt lat="43.73594" lon="4.11472"><ele>19.4</ele></trkpt><trkpt lat="43.73635" lon="4.11402"><ele>19</ele></trkpt><trkpt lat="43.73657" lon="4.11309"><ele>19</ele></trkpt><trkpt lat="43.73661" lon="4.11268"><ele>19</ele></trkpt><trkpt lat="43.73694" lon="4.11186"><ele>19.3</ele></trkpt><trkpt lat="43.73795" lon="4.11015"><ele>21.5</ele></trkpt><trkpt lat="43.73804" lon="4.1093"><ele>20</ele></trkpt><trkpt lat="43.7383" lon="4.10863"><ele>21.1</ele></trkpt><trkpt lat="43.7387" lon="4.10792"><ele>21.8</ele></trkpt><trkpt lat="43.73913" lon="4.10746"><ele>21.7</ele></trkpt><trkpt lat="43.73994" lon="4.10684"><ele>23.3</ele></trkpt><trkpt lat="43.74057" lon="4.10625"><ele>23.9</ele></trkpt><trkpt lat="43.74074" lon="4.10579"><ele>24.7</ele></trkpt><trkpt lat="43.74108" lon="4.10557"><ele>25</ele></trkpt><trkpt lat="43.74145" lon="4.10545"><ele>26.4</ele></trkpt><trkpt lat="43.74179" lon="4.1053"><ele>27.4</ele></trkpt><trkpt lat="43.74202" lon="4.10503"><ele>27.5</ele></trkpt><trkpt lat="43.74186" lon="4.1046"><ele>28.8</ele></trkpt><trkpt lat="43.74174" lon="4.10451"><ele>28.8</ele></trkpt><trkpt lat="43.74146" lon="4.10375"><ele>29.6</ele></trkpt><trkpt lat="43.74099" lon="4.10292"><ele>30.8</ele></trkpt><trkpt lat="43.74061" lon="4.10241"><ele>31.5</ele></trkpt><trkpt lat="43.74003" lon="4.102"><ele>31.8</ele></trkpt><trkpt lat="43.73891" lon="4.10098"><ele>34.5</ele></trkpt><trkpt lat="43.73796" lon="4.10033"><ele>36.3</ele></trkpt><trkpt lat="43.73716" lon="4.0997"><ele>39.1</ele></trkpt><trkpt lat="43.73635" lon="4.0989"><ele>42.9</ele></trkpt><trkpt lat="43.73613" lon="4.09881"><ele>43.9</ele></trkpt><trkpt lat="43.73504" lon="4.09861"><ele>45.2</ele></trkpt><trkpt lat="43.73442" lon="4.0984"><ele>44.2</ele></trkpt><trkpt lat="43.73444" lon="4.09801"><ele>45.5</ele></trkpt><trkpt lat="43.73465" lon="4.09794"><ele>48</ele></trkpt><trkpt lat="43.73493" lon="4.098"><ele>48.7</ele></trkpt><trkpt lat="43.73521" lon="4.0981"><ele>49.7</ele></trkpt><trkpt lat="43.73543" lon="4.09823"><ele>49.5</ele></trkpt><trkpt lat="43.7369" lon="4.09782"><ele>51</ele></trkpt><trkpt lat="43.73751" lon="4.09754"><ele>52.4</ele></trkpt><trkpt lat="43.73791" lon="4.09749"><ele>50.7</ele></trkpt><trkpt lat="43.73897" lon="4.09705"><ele>45</ele></trkpt><trkpt lat="43.73982" lon="4.09654"><ele>40.6</ele></trkpt><trkpt lat="43.74173" lon="4.09525"><ele>35.5</ele></trkpt><trkpt lat="43.7429" lon="4.09398"><ele>31.7</ele></trkpt><trkpt lat="43.74233" lon="4.09336"><ele>31.2</ele></trkpt><trkpt lat="43.74178" lon="4.09257"><ele>33.3</ele></trkpt><trkpt lat="43.74174" lon="4.09228"><ele>34.1</ele></trkpt><trkpt lat="43.74176" lon="4.09179"><ele>33.6</ele></trkpt><trkpt lat="43.74123" lon="4.09123"><ele>37.4</ele></trkpt><trkpt lat="43.74085" lon="4.09074"><ele>37.2</ele></trkpt><trkpt lat="43.73983" lon="4.08996"><ele>36.4</ele></trkpt><trkpt lat="43.73924" lon="4.08928"><ele>37.2</ele></trkpt><trkpt lat="43.73812" lon="4.08833"><ele>36</ele></trkpt><trkpt lat="43.73732" lon="4.08737"><ele>37.6</ele></trkpt><trkpt lat="43.73693" lon="4.08723"><ele>39.1</ele></trkpt><trkpt lat="43.73632" lon="4.08721"><ele>41.2</ele></trkpt><trkpt lat="43.73621" lon="4.08699"><ele>40.8</ele></trkpt><trkpt lat="43.73624" lon="4.08621"><ele>37.7</ele></trkpt><trkpt lat="43.73623" lon="4.08573"><ele>37.4</ele></trkpt><trkpt lat="43.73596" lon="4.08543"><ele>37.8</ele></trkpt><trkpt lat="43.7358" lon="4.08453"><ele>39</ele></trkpt><trkpt lat="43.73524" lon="4.08387"><ele>41</ele></trkpt><trkpt lat="43.73462" lon="4.08337"><ele>42.9</ele></trkpt><trkpt lat="43.73399" lon="4.08319"><ele>45.2</ele></trkpt><trkpt lat="43.73382" lon="4.08298"><ele>46.5</ele></trkpt><trkpt lat="43.73365" lon="4.08271"><ele>48.1</ele></trkpt><trkpt lat="43.73328" lon="4.08162"><ele>57.9</ele></trkpt><trkpt lat="43.73294" lon="4.08131"><ele>61.3</ele></trkpt><trkpt lat="43.73259" lon="4.08131"><ele>61.3</ele></trkpt><trkpt lat="43.73258" lon="4.08136"><ele>61.4</ele></trkpt><trkpt lat="43.73248" lon="4.08111"><ele>59.9</ele></trkpt><trkpt lat="43.73234" lon="4.08056"><ele>56.4</ele></trkpt><trkpt lat="43.73229" lon="4.07963"><ele>51.8</ele></trkpt><trkpt lat="43.73213" lon="4.07883"><ele>49</ele></trkpt><trkpt lat="43.73142" lon="4.07683"><ele>49.9</ele></trkpt><trkpt lat="43.73213" lon="4.07523"><ele>52.6</ele></trkpt><trkpt lat="43.73272" lon="4.07496"><ele>53.4</ele></trkpt><trkpt lat="43.73269" lon="4.07461"><ele>54.7</ele></trkpt><trkpt lat="43.73152" lon="4.07499"><ele>54.1</ele></trkpt><trkpt lat="43.73109" lon="4.07492"><ele>54.3</ele></trkpt><trkpt lat="43.73051" lon="4.07444"><ele>54.9</ele></trkpt><trkpt lat="43.72995" lon="4.07357"><ele>56.1</ele></trkpt><trkpt lat="43.7285" lon="4.07156"><ele>60</ele></trkpt><trkpt lat="43.72735" lon="4.0699"><ele>60.3</ele></trkpt><trkpt lat="43.72656" lon="4.06916"><ele>58.6</ele></trkpt><trkpt lat="43.7259" lon="4.06835"><ele>60.2</ele></trkpt><trkpt lat="43.72354" lon="4.0659"><ele>62.3</ele></trkpt><trkpt lat="43.723" lon="4.06539"><ele>60.8</ele></trkpt><trkpt lat="43.72191" lon="4.06347"><ele>56.4</ele></trkpt><trkpt lat="43.71991" lon="4.05928"><ele>54.4</ele></trkpt><trkpt lat="43.7191" lon="4.05776"><ele>56</ele></trkpt><trkpt lat="43.71834" lon="4.05626"><ele>59</ele></trkpt><trkpt lat="43.71767" lon="4.0551"><ele>56.4</ele></trkpt><trkpt lat="43.71682" lon="4.05394"><ele>53.6</ele></trkpt><trkpt lat="43.71649" lon="4.05191"><ele>51.4</ele></trkpt><trkpt lat="43.71633" lon="4.05109"><ele>51.1</ele></trkpt><trkpt lat="43.71616" lon="4.05039"><ele>50.9</ele></trkpt><trkpt lat="43.71568" lon="4.04952"><ele>50</ele></trkpt><trkpt lat="43.71518" lon="4.04784"><ele>53.1</ele></trkpt><trkpt lat="43.71477" lon="4.04675"><ele>54.9</ele></trkpt><trkpt lat="43.71416" lon="4.04598"><ele>53.5</ele></trkpt><trkpt lat="43.71348" lon="4.04543"><ele>52</ele></trkpt><trkpt lat="43.71273" lon="4.04426"><ele>52.5</ele></trkpt><trkpt lat="43.71258" lon="4.04373"><ele>53</ele></trkpt><trkpt lat="43.7124" lon="4.04322"><ele>53</ele></trkpt><trkpt lat="43.71172" lon="4.04251"><ele>54</ele></trkpt><trkpt lat="43.71055" lon="4.04112"><ele>56</ele></trkpt><trkpt lat="43.70947" lon="4.03964"><ele>59.4</ele></trkpt><trkpt lat="43.70913" lon="4.03927"><ele>58.5</ele></trkpt><trkpt lat="43.70875" lon="4.03891"><ele>58</ele></trkpt><trkpt lat="43.70818" lon="4.03864"><ele>57.1</ele></trkpt><trkpt lat="43.70773" lon="4.03903"><ele>56.9</ele></trkpt><trkpt lat="43.707" lon="4.03932"><ele>56.2</ele></trkpt><trkpt lat="43.70658" lon="4.03971"><ele>55.3</ele></trkpt><trkpt lat="43.70597" lon="4.04034"><ele>54.3</ele></trkpt><trkpt lat="43.70519" lon="4.04097"><ele>52.2</ele></trkpt><trkpt lat="43.70458" lon="4.04142"><ele>51.5</ele></trkpt><trkpt lat="43.70425" lon="4.04191"><ele>50.3</ele></trkpt><trkpt lat="43.70382" lon="4.04226"><ele>49.8</ele></trkpt><trkpt lat="43.7023" lon="4.04394"><ele>47.9</ele></trkpt><trkpt lat="43.70208" lon="4.04385"><ele>47.5</ele></trkpt><trkpt lat="43.70162" lon="4.04429"><ele>47.4</ele></trkpt><trkpt lat="43.70121" lon="4.04482"><ele>48</ele></trkpt><trkpt lat="43.70078" lon="4.04491"><ele>49.7</ele></trkpt><trkpt lat="43.70016" lon="4.04522"><ele>52.8</ele></trkpt><trkpt lat="43.7001" lon="4.04563"><ele>52.7</ele></trkpt><trkpt lat="43.69882" lon="4.04663"><ele>59.7</ele></trkpt><trkpt lat="43.69861" lon="4.04705"><ele>62</ele></trkpt><trkpt lat="43.69806" lon="4.04755"><ele>66.8</ele></trkpt><trkpt lat="43.69766" lon="4.04753"><ele>66.9</ele></trkpt><trkpt lat="43.69719" lon="4.04762"><ele>65.8</ele></trkpt><trkpt lat="43.69687" lon="4.04747"><ele>63.2</ele></trkpt><trkpt lat="43.69693" lon="4.04628"><ele>61.4</ele></trkpt><trkpt lat="43.69708" lon="4.04587"><ele>61.1</ele></trkpt><trkpt lat="43.69718" lon="4.04518"><ele>57.5</ele></trkpt><trkpt lat="43.69721" lon="4.04425"><ele>53.3</ele></trkpt><trkpt lat="43.69729" lon="4.04354"><ele>51</ele></trkpt><trkpt lat="43.69745" lon="4.04322"><ele>50.5</ele></trkpt><trkpt lat="43.6975" lon="4.04193"><ele>44.9</ele></trkpt><trkpt lat="43.69761" lon="4.04151"><ele>42.8</ele></trkpt><trkpt lat="43.69814" lon="4.04147"><ele>43.2</ele></trkpt><trkpt lat="43.69842" lon="4.04134"><ele>44.1</ele></trkpt><trkpt lat="43.69844" lon="4.04109"><ele>44.5</ele></trkpt><trkpt lat="43.69754" lon="4.04008"><ele>42.8</ele></trkpt><trkpt lat="43.69567" lon="4.03818"><ele>43</ele></trkpt><trkpt lat="43.69557" lon="4.0385"><ele>41.5</ele></trkpt><trkpt lat="43.69481" lon="4.03735"><ele>43.4</ele></trkpt><trkpt lat="43.69404" lon="4.03754"><ele>42.9</ele></trkpt><trkpt lat="43.69382" lon="4.03707"><ele>42.8</ele></trkpt><trkpt lat="43.6922" lon="4.03777"><ele>37</ele></trkpt><trkpt lat="43.69199" lon="4.03826"><ele>36.4</ele></trkpt><trkpt lat="43.69124" lon="4.03822"><ele>35.9</ele></trkpt><trkpt lat="43.69042" lon="4.03737"><ele>38.3</ele></trkpt><trkpt lat="43.69038" lon="4.03688"><ele>37.7</ele></trkpt><trkpt lat="43.69064" lon="4.03625"><ele>38</ele></trkpt><trkpt lat="43.6903" lon="4.03563"><ele>36.1</ele></trkpt><trkpt lat="43.68981" lon="4.03532"><ele>34.3</ele></trkpt><trkpt lat="43.68881" lon="4.03456"><ele>35</ele></trkpt><trkpt lat="43.68823" lon="4.03382"><ele>38.6</ele></trkpt><trkpt lat="43.68829" lon="4.03327"><ele>41.6</ele></trkpt><trkpt lat="43.68847" lon="4.03283"><ele>43.7</ele></trkpt><trkpt lat="43.68846" lon="4.03215"><ele>47.3</ele></trkpt><trkpt lat="43.68834" lon="4.03148"><ele>49</ele></trkpt><trkpt lat="43.68842" lon="4.0309"><ele>48.5</ele></trkpt><trkpt lat="43.68864" lon="4.03024"><ele>47.9</ele></trkpt><trkpt lat="43.6888" lon="4.02946"><ele>47.3</ele></trkpt><trkpt lat="43.6888" lon="4.02893"><ele>46.3</ele></trkpt><trkpt lat="43.68863" lon="4.0284"><ele>45.9</ele></trkpt><trkpt lat="43.6884" lon="4.02808"><ele>46</ele></trkpt><trkpt lat="43.68805" lon="4.02693"><ele>43.9</ele></trkpt><trkpt lat="43.68713" lon="4.02685"><ele>42.8</ele></trkpt><trkpt lat="43.68662" lon="4.02667"><ele>42</ele></trkpt><trkpt lat="43.68541" lon="4.02591"><ele>38.5</ele></trkpt><trkpt lat="43.68356" lon="4.02493"><ele>33.9</ele></trkpt><trkpt lat="43.68248" lon="4.02443"><ele>33</ele></trkpt><trkpt lat="43.6801" lon="4.02288"><ele>31</ele></trkpt><trkpt lat="43.67893" lon="4.02218"><ele>28.9</ele></trkpt><trkpt lat="43.67807" lon="4.02155"><ele>27</ele></trkpt><trkpt lat="43.6776" lon="4.02103"><ele>26.4</ele></trkpt><trkpt lat="43.67715" lon="4.02101"><ele>25.7</ele></trkpt><trkpt lat="43.67686" lon="4.02027"><ele>26.7</ele></trkpt><trkpt lat="43.67591" lon="4.01936"><ele>26.5</ele></trkpt><trkpt lat="43.67498" lon="4.01873"><ele>28.6</ele></trkpt><trkpt lat="43.67497" lon="4.01811"><ele>30.6</ele></trkpt><trkpt lat="43.67521" lon="4.01737"><ele>31.3</ele></trkpt><trkpt lat="43.67586" lon="4.0163"><ele>32.2</ele></trkpt><trkpt lat="43.67631" lon="4.01577"><ele>34.2</ele></trkpt><trkpt lat="43.67673" lon="4.01474"><ele>34.5</ele></trkpt><trkpt lat="43.67816" lon="4.01264"><ele>42.9</ele></trkpt><trkpt lat="43.67914" lon="4.01197"><ele>44</ele></trkpt><trkpt lat="43.67971" lon="4.01147"><ele>43.5</ele></trkpt><trkpt lat="43.67997" lon="4.01142"><ele>43</ele></trkpt><trkpt lat="43.68011" lon="4.01156"><ele>42.1</ele></trkpt><trkpt lat="43.68064" lon="4.0108"><ele>36.5</ele></trkpt><trkpt lat="43.68088" lon="4.01058"><ele>34.8</ele></trkpt><trkpt lat="43.68126" lon="4.01041"><ele>34.8</ele></trkpt><trkpt lat="43.68144" lon="4.01029"><ele>35.4</ele></trkpt><trkpt lat="43.68176" lon="4.00966"><ele>37.3</ele></trkpt><trkpt lat="43.68208" lon="4.00914"><ele>37.4</ele></trkpt><trkpt lat="43.68277" lon="4.00832"><ele>38.9</ele></trkpt><trkpt lat="43.68429" lon="4.00682"><ele>38.2</ele></trkpt><trkpt lat="43.68442" lon="4.00654"><ele>38</ele></trkpt><trkpt lat="43.68459" lon="4.00563"><ele>38</ele></trkpt><trkpt lat="43.68475" lon="4.00513"><ele>39</ele></trkpt><trkpt lat="43.68532" lon="4.00491"><ele>40</ele></trkpt><trkpt lat="43.68627" lon="4.00436"><ele>42.4</ele></trkpt><trkpt lat="43.68676" lon="4.00391"><ele>43</ele></trkpt><trkpt lat="43.68743" lon="4.00338"><ele>43.8</ele></trkpt><trkpt lat="43.68918" lon="4.00237"><ele>44.6</ele></trkpt><trkpt lat="43.68992" lon="4.00185"><ele>45.7</ele></trkpt><trkpt lat="43.69089" lon="4.00146"><ele>49.2</ele></trkpt><trkpt lat="43.69129" lon="4.00115"><ele>51</ele></trkpt><trkpt lat="43.69137" lon="4.00106"><ele>51.2</ele></trkpt><trkpt lat="43.69167" lon="4.00036"><ele>53.7</ele></trkpt><trkpt lat="43.69221" lon="3.99942"><ele>53</ele></trkpt><trkpt lat="43.69245" lon="3.99907"><ele>53.1</ele></trkpt><trkpt lat="43.69188" lon="3.99907"><ele>54</ele></trkpt><trkpt lat="43.69161" lon="3.99903"><ele>53.9</ele></trkpt><trkpt lat="43.6921" lon="3.99815"><ele>55.7</ele></trkpt><trkpt lat="43.69248" lon="3.99755"><ele>55.7</ele></trkpt><trkpt lat="43.69272" lon="3.99629"><ele>56.4</ele></trkpt><trkpt lat="43.69283" lon="3.99618"><ele>56.8</ele></trkpt><trkpt lat="43.69313" lon="3.99628"><ele>57</ele></trkpt><trkpt lat="43.69328" lon="3.99624"><ele>57</ele></trkpt><trkpt lat="43.69348" lon="3.99601"><ele>56.8</ele></trkpt><trkpt lat="43.69387" lon="3.99528"><ele>58.1</ele></trkpt><trkpt lat="43.69394" lon="3.99504"><ele>58.7</ele></trkpt><trkpt lat="43.69406" lon="3.99499"><ele>58.4</ele></trkpt><trkpt lat="43.6941" lon="3.99505"><ele>58.1</ele></trkpt><trkpt lat="43.69422" lon="3.99508"><ele>58.2</ele></trkpt><trkpt lat="43.69443" lon="3.99476"><ele>58.3</ele></trkpt><trkpt lat="43.69484" lon="3.9945"><ele>59.7</ele></trkpt><trkpt lat="43.69497" lon="3.99428"><ele>60</ele></trkpt><trkpt lat="43.69505" lon="3.99352"><ele>61.5</ele></trkpt><trkpt lat="43.69503" lon="3.99343"><ele>62.2</ele></trkpt><trkpt lat="43.6941" lon="3.99311"><ele>64.3</ele></trkpt><trkpt lat="43.69172" lon="3.99129"><ele>61.8</ele></trkpt><trkpt lat="43.69115" lon="3.99148"><ele>59.1</ele></trkpt><trkpt lat="43.69104" lon="3.99158"><ele>59.2</ele></trkpt><trkpt lat="43.69068" lon="3.99148"><ele>60.5</ele></trkpt><trkpt lat="43.69042" lon="3.99107"><ele>63.7</ele></trkpt><trkpt lat="43.69031" lon="3.99083"><ele>65</ele></trkpt><trkpt lat="43.69031" lon="3.99013"><ele>66.9</ele></trkpt><trkpt lat="43.69025" lon="3.98987"><ele>67.7</ele></trkpt><trkpt lat="43.68996" lon="3.9892"><ele>69.2</ele></trkpt><trkpt lat="43.69003" lon="3.98905"><ele>70.3</ele></trkpt><trkpt lat="43.69041" lon="3.98853"><ele>70.9</ele></trkpt><trkpt lat="43.69057" lon="3.98813"><ele>69.4</ele></trkpt><trkpt lat="43.69061" lon="3.98775"><ele>67.7</ele></trkpt><trkpt lat="43.69" lon="3.98691"><ele>62</ele></trkpt><trkpt lat="43.68976" lon="3.98666"><ele>60.2</ele></trkpt><trkpt lat="43.68954" lon="3.98623"><ele>58.3</ele></trkpt><trkpt lat="43.68953" lon="3.98595"><ele>58.3</ele></trkpt><trkpt lat="43.69017" lon="3.98633"><ele>61.5</ele></trkpt><trkpt lat="43.69077" lon="3.98621"><ele>65.4</ele></trkpt><trkpt lat="43.69226" lon="3.98544"><ele>66.7</ele></trkpt><trkpt lat="43.69311" lon="3.98435"><ele>68.1</ele></trkpt><trkpt lat="43.69383" lon="3.98298"><ele>70.1</ele></trkpt><trkpt lat="43.69435" lon="3.9818"><ele>72.8</ele></trkpt><trkpt lat="43.6945" lon="3.98074"><ele>75.1</ele></trkpt><trkpt lat="43.69432" lon="3.9807"><ele>73.4</ele></trkpt><trkpt lat="43.69414" lon="3.98054"><ele>71.9</ele></trkpt><trkpt lat="43.694" lon="3.98048"><ele>71.7</ele></trkpt><trkpt lat="43.69379" lon="3.98052"><ele>71.2</ele></trkpt><trkpt lat="43.6939" lon="3.98014"><ele>73</ele></trkpt><trkpt lat="43.69401" lon="3.97947"><ele>72.1</ele></trkpt><trkpt lat="43.69418" lon="3.97805"><ele>68</ele></trkpt><trkpt lat="43.69422" lon="3.97732"><ele>65.5</ele></trkpt><trkpt lat="43.69449" lon="3.9768"><ele>65.2</ele></trkpt><trkpt lat="43.69452" lon="3.97599"><ele>64.3</ele></trkpt><trkpt lat="43.69469" lon="3.9755"><ele>64.9</ele></trkpt><trkpt lat="43.69512" lon="3.97484"><ele>67.2</ele></trkpt><trkpt lat="43.69533" lon="3.97417"><ele>69.2</ele></trkpt><trkpt lat="43.6954" lon="3.97323"><ele>72.2</ele></trkpt><trkpt lat="43.69535" lon="3.9719"><ele>71.5</ele></trkpt><trkpt lat="43.69537" lon="3.97108"><ele>71.3</ele></trkpt><trkpt lat="43.69512" lon="3.97108"><ele>69.9</ele></trkpt><trkpt lat="43.69488" lon="3.9704"><ele>69.1</ele></trkpt><trkpt lat="43.69475" lon="3.96984"><ele>69.1</ele></trkpt><trkpt lat="43.69459" lon="3.96969"><ele>68</ele></trkpt><trkpt lat="43.69429" lon="3.96851"><ele>67.4</ele></trkpt><trkpt lat="43.69389" lon="3.96737"><ele>66</ele></trkpt><trkpt lat="43.69381" lon="3.96692"><ele>65.7</ele></trkpt><trkpt lat="43.69379" lon="3.96622"><ele>64.6</ele></trkpt><trkpt lat="43.69393" lon="3.96465"><ele>64.3</ele></trkpt><trkpt lat="43.69421" lon="3.96418"><ele>65.2</ele></trkpt><trkpt lat="43.6944" lon="3.96363"><ele>64.9</ele></trkpt><trkpt lat="43.69457" lon="3.96295"><ele>65.5</ele></trkpt><trkpt lat="43.69485" lon="3.96069"><ele>63.5</ele></trkpt><trkpt lat="43.69523" lon="3.96009"><ele>63.9</ele></trkpt><trkpt lat="43.69573" lon="3.95946"><ele>65</ele></trkpt><trkpt lat="43.69601" lon="3.95879"><ele>64.4</ele></trkpt><trkpt lat="43.69607" lon="3.95815"><ele>63.8</ele></trkpt><trkpt lat="43.69589" lon="3.95593"><ele>72.1</ele></trkpt><trkpt lat="43.69588" lon="3.9539"><ele>76.6</ele></trkpt><trkpt lat="43.69574" lon="3.95204"><ele>79.3</ele></trkpt><trkpt lat="43.69569" lon="3.95055"><ele>82.5</ele></trkpt><trkpt lat="43.6955" lon="3.9486"><ele>88.2</ele></trkpt><trkpt lat="43.69507" lon="3.94696"><ele>90.2</ele></trkpt><trkpt lat="43.69483" lon="3.94451"><ele>90.1</ele></trkpt><trkpt lat="43.6946" lon="3.94334"><ele>90.1</ele></trkpt><trkpt lat="43.69696" lon="3.94338"><ele>78</ele></trkpt><trkpt lat="43.69699" lon="3.94288"><ele>80.8</ele></trkpt><trkpt lat="43.69656" lon="3.94264"><ele>81.1</ele></trkpt><trkpt lat="43.6957" lon="3.94159"><ele>87.3</ele></trkpt><trkpt lat="43.69497" lon="3.94079"><ele>90.9</ele></trkpt><trkpt lat="43.69421" lon="3.94036"><ele>99.6</ele></trkpt><trkpt lat="43.69359" lon="3.94088"><ele>102.9</ele></trkpt><trkpt lat="43.69342" lon="3.94071"><ele>103.8</ele></trkpt><trkpt lat="43.69351" lon="3.93832"><ele>105.3</ele></trkpt><trkpt lat="43.69297" lon="3.93578"><ele>103.2</ele></trkpt><trkpt lat="43.69468" lon="3.93399"><ele>97.8</ele></trkpt><trkpt lat="43.69502" lon="3.93395"><ele>97.9</ele></trkpt><trkpt lat="43.69505" lon="3.93441"><ele>96.5</ele></trkpt><trkpt lat="43.69534" lon="3.9353"><ele>95.1</ele></trkpt><trkpt lat="43.69583" lon="3.93573"><ele>95.4</ele></trkpt><trkpt lat="43.69624" lon="3.93655"><ele>96.1</ele></trkpt><trkpt lat="43.6975" lon="3.93739"><ele>93.4</ele></trkpt><trkpt lat="43.69809" lon="3.93759"><ele>93.9</ele></trkpt><trkpt lat="43.6981" lon="3.93716"><ele>95.5</ele></trkpt><trkpt lat="43.69898" lon="3.93621"><ele>105</ele></trkpt><trkpt lat="43.69971" lon="3.9353"><ele>116.9</ele></trkpt><trkpt lat="43.69981" lon="3.93481"><ele>117.3</ele></trkpt><trkpt lat="43.69962" lon="3.93423"><ele>116.4</ele></trkpt><trkpt lat="43.69891" lon="3.93344"><ele>115.1</ele></trkpt><trkpt lat="43.69877" lon="3.93307"><ele>113.7</ele></trkpt><trkpt lat="43.69887" lon="3.93249"><ele>113.3</ele></trkpt><trkpt lat="43.69793" lon="3.9306"><ele>108.5</ele></trkpt><trkpt lat="43.6979" lon="3.93022"><ele>104.9</ele></trkpt><trkpt lat="43.69801" lon="3.93005"><ele>102.7</ele></trkpt><trkpt lat="43.69811" lon="3.92971"><ele>102.2</ele></trkpt><trkpt lat="43.69821" lon="3.92957"><ele>102.3</ele></trkpt><trkpt lat="43.69863" lon="3.92929"><ele>105.7</ele></trkpt><trkpt lat="43.69909" lon="3.92938"><ele>107.2</ele></trkpt><trkpt lat="43.69917" lon="3.9293"><ele>108.1</ele></trkpt><trkpt lat="43.69909" lon="3.92892"><ele>112</ele></trkpt><trkpt lat="43.69892" lon="3.92862"><ele>116</ele></trkpt><trkpt lat="43.69871" lon="3.92776"><ele>125.8</ele></trkpt><trkpt lat="43.69832" lon="3.9272"><ele>122.8</ele></trkpt><trkpt lat="43.69762" lon="3.92632"><ele>116.2</ele></trkpt><trkpt lat="43.69676" lon="3.92511"><ele>109.1</ele></trkpt><trkpt lat="43.69659" lon="3.92482"><ele>108.7</ele></trkpt><trkpt lat="43.69631" lon="3.92411"><ele>108.8</ele></trkpt><trkpt lat="43.69584" lon="3.92347"><ele>109.5</ele></trkpt><trkpt lat="43.69545" lon="3.92301"><ele>109.7</ele></trkpt><trkpt lat="43.69498" lon="3.92252"><ele>108.9</ele></trkpt><trkpt lat="43.69407" lon="3.92122"><ele>103.3</ele></trkpt><trkpt lat="43.69333" lon="3.91986"><ele>105.5</ele></trkpt><trkpt lat="43.69322" lon="3.91957"><ele>104.8</ele></trkpt><trkpt lat="43.69347" lon="3.91876"><ele>107</ele></trkpt><trkpt lat="43.69342" lon="3.91772"><ele>106.7</ele></trkpt><trkpt lat="43.69319" lon="3.9171"><ele>102.8</ele></trkpt><trkpt lat="43.69327" lon="3.91594"><ele>96.1</ele></trkpt><trkpt lat="43.69295" lon="3.91429"><ele>88.5</ele></trkpt><trkpt lat="43.69283" lon="3.91419"><ele>87.4</ele></trkpt><trkpt lat="43.69288" lon="3.91491"><ele>87.7</ele></trkpt><trkpt lat="43.69283" lon="3.91573"><ele>88.6</ele></trkpt><trkpt lat="43.69251" lon="3.91664"><ele>90.9</ele></trkpt><trkpt lat="43.69194" lon="3.91409"><ele>76.5</ele></trkpt><trkpt lat="43.6917" lon="3.91226"><ele>71.4</ele></trkpt><trkpt lat="43.69154" lon="3.91125"><ele>67.5</ele></trkpt><trkpt lat="43.6912" lon="3.91107"><ele>65.9</ele></trkpt><trkpt lat="43.69012" lon="3.91139"><ele>63.4</ele></trkpt><trkpt lat="43.68961" lon="3.9113"><ele>64.4</ele></trkpt><trkpt lat="43.68938" lon="3.91114"><ele>66.2</ele></trkpt><trkpt lat="43.68933" lon="3.91097"><ele>66.4</ele></trkpt><trkpt lat="43.68961" lon="3.90955"><ele>71.3</ele></trkpt><trkpt lat="43.68974" lon="3.9092"><ele>72.2</ele></trkpt><trkpt lat="43.68971" lon="3.90888"><ele>73</ele></trkpt><trkpt lat="43.68921" lon="3.90692"><ele>79.3</ele></trkpt><trkpt lat="43.68902" lon="3.90581"><ele>84.6</ele></trkpt><trkpt lat="43.6889" lon="3.90548"><ele>85.6</ele></trkpt><trkpt lat="43.68866" lon="3.90552"><ele>87.6</ele></trkpt><trkpt lat="43.68849" lon="3.90558"><ele>88.7</ele></trkpt><trkpt lat="43.6884" lon="3.90535"><ele>89.7</ele></trkpt><trkpt lat="43.68841" lon="3.90495"><ele>91</ele></trkpt><trkpt lat="43.68856" lon="3.90434"><ele>91.2</ele></trkpt><trkpt lat="43.68861" lon="3.90377"><ele>90.6</ele></trkpt><trkpt lat="43.68802" lon="3.90207"><ele>84</ele></trkpt><trkpt lat="43.68751" lon="3.89922"><ele>74.9</ele></trkpt><trkpt lat="43.6879" lon="3.89884"><ele>75.9</ele></trkpt><trkpt lat="43.68821" lon="3.8986"><ele>76</ele></trkpt><trkpt lat="43.68823" lon="3.89802"><ele>77.2</ele></trkpt><trkpt lat="43.68805" lon="3.89756"><ele>80</ele></trkpt><trkpt lat="43.68768" lon="3.89701"><ele>80.5</ele></trkpt><trkpt lat="43.68718" lon="3.89648"><ele>79.1</ele></trkpt><trkpt lat="43.68687" lon="3.896"><ele>77.7</ele></trkpt><trkpt lat="43.6866" lon="3.89533"><ele>77.8</ele></trkpt><trkpt lat="43.68639" lon="3.89459"><ele>77</ele></trkpt><trkpt lat="43.68768" lon="3.89295"><ele>80.6</ele></trkpt><trkpt lat="43.68832" lon="3.89218"><ele>82</ele></trkpt><trkpt lat="43.68851" lon="3.892"><ele>82.5</ele></trkpt><trkpt lat="43.6896" lon="3.89128"><ele>86</ele></trkpt><trkpt lat="43.69042" lon="3.89234"><ele>94.9</ele></trkpt><trkpt lat="43.69059" lon="3.8924"><ele>95.8</ele></trkpt><trkpt lat="43.69087" lon="3.8923"><ele>96.1</ele></trkpt><trkpt lat="43.69121" lon="3.89258"><ele>96.4</ele></trkpt><trkpt lat="43.69168" lon="3.89329"><ele>98.7</ele></trkpt><trkpt lat="43.6928" lon="3.89381"><ele>102.3</ele></trkpt><trkpt lat="43.69317" lon="3.89366"><ele>103.4</ele></trkpt><trkpt lat="43.69335" lon="3.89343"><ele>105.4</ele></trkpt><trkpt lat="43.69389" lon="3.89341"><ele>107</ele></trkpt><trkpt lat="43.69444" lon="3.89306"><ele>109</ele></trkpt><trkpt lat="43.69491" lon="3.8928"><ele>112.5</ele></trkpt><trkpt lat="43.6952" lon="3.89205"><ele>118.9</ele></trkpt><trkpt lat="43.69687" lon="3.89284"><ele>133.3</ele></trkpt><trkpt lat="43.69769" lon="3.8933"><ele>138.6</ele></trkpt><trkpt lat="43.69804" lon="3.89366"><ele>137.2</ele></trkpt><trkpt lat="43.69878" lon="3.89392"><ele>135.3</ele></trkpt><trkpt lat="43.69929" lon="3.89435"><ele>131.5</ele></trkpt><trkpt lat="43.70127" lon="3.89572"><ele>127.3</ele></trkpt><trkpt lat="43.70193" lon="3.89662"><ele>128.2</ele></trkpt><trkpt lat="43.70183" lon="3.89656"><ele>128.2</ele></trkpt><trkpt lat="43.70198" lon="3.89658"><ele>128.2</ele></trkpt><trkpt lat="43.70214" lon="3.89648"><ele>128.4</ele></trkpt><trkpt lat="43.70229" lon="3.89644"><ele>128.2</ele></trkpt><trkpt lat="43.70263" lon="3.89664"><ele>126.5</ele></trkpt><trkpt lat="43.7029" lon="3.89669"><ele>125.9</ele></trkpt><trkpt lat="43.70386" lon="3.89706"><ele>121.2</ele></trkpt><trkpt lat="43.70426" lon="3.89714"><ele>117.5</ele></trkpt><trkpt lat="43.70529" lon="3.89751"><ele>114.9</ele></trkpt><trkpt lat="43.70542" lon="3.89803"><ele>113.1</ele></trkpt><trkpt lat="43.70598" lon="3.89834"><ele>115</ele></trkpt><trkpt lat="43.70647" lon="3.89854"><ele>118</ele></trkpt><trkpt lat="43.70653" lon="3.89869"><ele>118.3</ele></trkpt><trkpt lat="43.70687" lon="3.89873"><ele>121.3</ele></trkpt><trkpt lat="43.70729" lon="3.89908"><ele>124.9</ele></trkpt><trkpt lat="43.7074" lon="3.89912"><ele>126.9</ele></trkpt><trkpt lat="43.70767" lon="3.89947"><ele>129.5</ele></trkpt><trkpt lat="43.70808" lon="3.89953"><ele>133.8</ele></trkpt><trkpt lat="43.70815" lon="3.89959"><ele>133.1</ele></trkpt><trkpt lat="43.70831" lon="3.8996"><ele>133.3</ele></trkpt><trkpt lat="43.7085" lon="3.89952"><ele>134</ele></trkpt><trkpt lat="43.70884" lon="3.8983"><ele>137.1</ele></trkpt><trkpt lat="43.709" lon="3.89818"><ele>138.5</ele></trkpt><trkpt lat="43.70925" lon="3.89815"><ele>139.5</ele></trkpt><trkpt lat="43.70984" lon="3.89797"><ele>140.8</ele></trkpt><trkpt lat="43.7104" lon="3.89755"><ele>141</ele></trkpt><trkpt lat="43.71161" lon="3.89698"><ele>130.4</ele></trkpt><trkpt lat="43.71221" lon="3.89689"><ele>121.9</ele></trkpt><trkpt lat="43.71429" lon="3.89705"><ele>109.9</ele></trkpt><trkpt lat="43.71506" lon="3.89724"><ele>107.1</ele></trkpt><trkpt lat="43.71647" lon="3.89675"><ele>104</ele></trkpt><trkpt lat="43.71727" lon="3.8966"><ele>104.5</ele></trkpt><trkpt lat="43.71791" lon="3.89627"><ele>105.2</ele></trkpt><trkpt lat="43.71866" lon="3.89598"><ele>106.5</ele></trkpt><trkpt lat="43.71916" lon="3.89556"><ele>107</ele></trkpt><trkpt lat="43.72013" lon="3.89493"><ele>107.9</ele></trkpt><trkpt lat="43.72086" lon="3.89455"><ele>107.1</ele></trkpt><trkpt lat="43.72134" lon="3.89462"><ele>108</ele></trkpt><trkpt lat="43.72181" lon="3.89452"><ele>108.6</ele></trkpt><trkpt lat="43.72228" lon="3.89467"><ele>108.4</ele></trkpt><trkpt lat="43.72265" lon="3.89468"><ele>107.8</ele></trkpt><trkpt lat="43.72318" lon="3.89399"><ele>109</ele></trkpt><trkpt lat="43.72373" lon="3.89375"><ele>108.8</ele></trkpt><trkpt lat="43.72446" lon="3.89316"><ele>109.6</ele></trkpt><trkpt lat="43.72516" lon="3.89278"><ele>109.6</ele></trkpt><trkpt lat="43.72581" lon="3.89254"><ele>111.5</ele></trkpt><trkpt lat="43.7259" lon="3.89182"><ele>111</ele></trkpt><trkpt lat="43.72626" lon="3.89137"><ele>112</ele></trkpt><trkpt lat="43.72795" lon="3.88999"><ele>116</ele></trkpt><trkpt lat="43.72826" lon="3.88954"><ele>117.7</ele></trkpt><trkpt lat="43.72866" lon="3.88886"><ele>120.1</ele></trkpt><trkpt lat="43.72909" lon="3.88836"><ele>122</ele></trkpt><trkpt lat="43.72927" lon="3.8883"><ele>122.1</ele></trkpt><trkpt lat="43.72947" lon="3.88809"><ele>122.8</ele></trkpt><trkpt lat="43.72982" lon="3.88761"><ele>123.3</ele></trkpt><trkpt lat="43.73017" lon="3.8872"><ele>124.1</ele></trkpt><trkpt lat="43.73065" lon="3.8863"><ele>125.1</ele></trkpt><trkpt lat="43.73087" lon="3.88525"><ele>128.1</ele></trkpt><trkpt lat="43.73164" lon="3.88555"><ele>130.9</ele></trkpt><trkpt lat="43.73247" lon="3.88598"><ele>131.5</ele></trkpt><trkpt lat="43.73298" lon="3.88605"><ele>131.1</ele></trkpt><trkpt lat="43.73333" lon="3.88752"><ele>130</ele></trkpt><trkpt lat="43.73366" lon="3.88782"><ele>130</ele></trkpt><trkpt lat="43.73443" lon="3.88824"><ele>130.3</ele></trkpt><trkpt lat="43.73482" lon="3.88893"><ele>129.9</ele></trkpt><trkpt lat="43.73516" lon="3.88918"><ele>129.6</ele></trkpt><trkpt lat="43.73563" lon="3.88963"><ele>130.7</ele></trkpt><trkpt lat="43.7363" lon="3.88983"><ele>133.5</ele></trkpt><trkpt lat="43.73675" lon="3.8904"><ele>137.6</ele></trkpt><trkpt lat="43.7372" lon="3.89139"><ele>139</ele></trkpt><trkpt lat="43.73771" lon="3.89172"><ele>140.2</ele></trkpt><trkpt lat="43.73811" lon="3.89211"><ele>141.5</ele></trkpt><trkpt lat="43.73884" lon="3.89211"><ele>139.8</ele></trkpt><trkpt lat="43.73931" lon="3.89184"><ele>137.8</ele></trkpt><trkpt lat="43.73986" lon="3.89196"><ele>141.2</ele></trkpt><trkpt lat="43.74034" lon="3.89169"><ele>141.6</ele></trkpt><trkpt lat="43.74079" lon="3.89176"><ele>144.2</ele></trkpt><trkpt lat="43.74157" lon="3.89142"><ele>139.1</ele></trkpt><trkpt lat="43.74219" lon="3.89097"><ele>134.2</ele></trkpt><trkpt lat="43.74232" lon="3.89079"><ele>133.3</ele></trkpt><trkpt lat="43.74279" lon="3.89047"><ele>132</ele></trkpt><trkpt lat="43.7433" lon="3.89027"><ele>130.3</ele></trkpt><trkpt lat="43.74366" lon="3.88994"><ele>128.6</ele></trkpt><trkpt lat="43.74408" lon="3.88966"><ele>126.6</ele></trkpt><trkpt lat="43.7443" lon="3.8896"><ele>126.4</ele></trkpt><trkpt lat="43.74483" lon="3.88932"><ele>126.1</ele></trkpt><trkpt lat="43.74523" lon="3.88886"><ele>126</ele></trkpt><trkpt lat="43.74567" lon="3.88878"><ele>125.6</ele></trkpt><trkpt lat="43.74629" lon="3.88856"><ele>128.8</ele></trkpt><trkpt lat="43.7467" lon="3.88838"><ele>130.8</ele></trkpt><trkpt lat="43.74719" lon="3.8881"><ele>131.7</ele></trkpt><trkpt lat="43.74747" lon="3.88819"><ele>131</ele></trkpt><trkpt lat="43.74803" lon="3.88851"><ele>131</ele></trkpt><trkpt lat="43.74881" lon="3.88839"><ele>127.6</ele></trkpt><trkpt lat="43.74905" lon="3.88881"><ele>129.8</ele></trkpt><trkpt lat="43.74926" lon="3.88903"><ele>130.7</ele></trkpt><trkpt lat="43.74945" lon="3.88878"><ele>131</ele></trkpt><trkpt lat="43.74986" lon="3.88802"><ele>128.9</ele></trkpt><trkpt lat="43.75027" lon="3.88735"><ele>127.9</ele></trkpt><trkpt lat="43.75079" lon="3.88721"><ele>129</ele></trkpt><trkpt lat="43.75161" lon="3.88682"><ele>130.5</ele></trkpt><trkpt lat="43.75197" lon="3.88623"><ele>130.5</ele></trkpt><trkpt lat="43.75239" lon="3.88593"><ele>129</ele></trkpt><trkpt lat="43.75274" lon="3.88538"><ele>127</ele></trkpt><trkpt lat="43.75317" lon="3.88502"><ele>125.6</ele></trkpt><trkpt lat="43.75561" lon="3.88259"><ele>138.7</ele></trkpt><trkpt lat="43.75605" lon="3.88226"><ele>142.2</ele></trkpt><trkpt lat="43.75643" lon="3.88204"><ele>144.8</ele></trkpt><trkpt lat="43.75688" lon="3.88188"><ele>145.6</ele></trkpt><trkpt lat="43.7576" lon="3.88145"><ele>143.3</ele></trkpt><trkpt lat="43.75794" lon="3.88105"><ele>141.6</ele></trkpt><trkpt lat="43.75819" lon="3.88066"><ele>140.5</ele></trkpt><trkpt lat="43.75835" lon="3.88088"><ele>136.3</ele></trkpt><trkpt lat="43.75875" lon="3.88159"><ele>118.9</ele></trkpt><trkpt lat="43.75902" lon="3.88172"><ele>114.8</ele></trkpt><trkpt lat="43.75927" lon="3.88175"><ele>113.1</ele></trkpt><trkpt lat="43.75954" lon="3.88172"><ele>110.7</ele></trkpt><trkpt lat="43.75977" lon="3.88176"><ele>108.3</ele></trkpt><trkpt lat="43.75989" lon="3.8816"><ele>106.7</ele></trkpt><trkpt lat="43.76006" lon="3.88174"><ele>104.9</ele></trkpt><trkpt lat="43.76041" lon="3.88243"><ele>103.2</ele></trkpt><trkpt lat="43.7606" lon="3.88242"><ele>103</ele></trkpt><trkpt lat="43.76099" lon="3.88204"><ele>100.3</ele></trkpt><trkpt lat="43.76128" lon="3.88162"><ele>99.3</ele></trkpt><trkpt lat="43.7616" lon="3.88135"><ele>98.7</ele></trkpt><trkpt lat="43.76185" lon="3.88135"><ele>98</ele></trkpt><trkpt lat="43.7622" lon="3.88107"><ele>97.1</ele></trkpt><trkpt lat="43.76227" lon="3.8805"><ele>99</ele></trkpt><trkpt lat="43.76254" lon="3.8799"><ele>98.9</ele></trkpt><trkpt lat="43.76308" lon="3.87901"><ele>97.9</ele></trkpt><trkpt lat="43.76327" lon="3.87831"><ele>97.1</ele></trkpt><trkpt lat="43.76353" lon="3.87915"><ele>95</ele></trkpt><trkpt lat="43.7638" lon="3.87977"><ele>96.9</ele></trkpt><trkpt lat="43.76384" lon="3.87986"><ele>97.4</ele></trkpt><trkpt lat="43.76363" lon="3.88034"><ele>98.5</ele></trkpt><trkpt lat="43.76452" lon="3.88189"><ele>107.1</ele></trkpt><trkpt lat="43.76476" lon="3.88242"><ele>115</ele></trkpt><trkpt lat="43.76535" lon="3.88138"><ele>108</ele></trkpt><trkpt lat="43.76555" lon="3.88121"><ele>109</ele></trkpt><trkpt lat="43.76577" lon="3.88113"><ele>109.9</ele></trkpt><trkpt lat="43.766" lon="3.88098"><ele>109.8</ele></trkpt><trkpt lat="43.76681" lon="3.88002"><ele>105.8</ele></trkpt><trkpt lat="43.76695" lon="3.87992"><ele>105.5</ele></trkpt><trkpt lat="43.76688" lon="3.87956"><ele>103</ele></trkpt><trkpt lat="43.76691" lon="3.8793"><ele>102</ele></trkpt><trkpt lat="43.76716" lon="3.87953"><ele>103.9</ele></trkpt><trkpt lat="43.76743" lon="3.87963"><ele>106.7</ele></trkpt><trkpt lat="43.76772" lon="3.87964"><ele>110.8</ele></trkpt><trkpt lat="43.76807" lon="3.87976"><ele>116.4</ele></trkpt><trkpt lat="43.76808" lon="3.88018"><ele>120.8</ele></trkpt><trkpt lat="43.76813" lon="3.88053"><ele>121.1</ele></trkpt><trkpt lat="43.76823" lon="3.88088"><ele>119.4</ele></trkpt><trkpt lat="43.7684" lon="3.88088"><ele>117.7</ele></trkpt><trkpt lat="43.76864" lon="3.88067"><ele>117.1</ele></trkpt><trkpt lat="43.76867" lon="3.88009"><ele>113.7</ele></trkpt><trkpt lat="43.76894" lon="3.87962"><ele>117.1</ele></trkpt><trkpt lat="43.76922" lon="3.87903"><ele>120.6</ele></trkpt><trkpt lat="43.76933" lon="3.87814"><ele>122.2</ele></trkpt><trkpt lat="43.76971" lon="3.87724"><ele>122.8</ele></trkpt><trkpt lat="43.77091" lon="3.87396"><ele>109.5</ele></trkpt><trkpt lat="43.77111" lon="3.87365"><ele>108.9</ele></trkpt><trkpt lat="43.77091" lon="3.87342"><ele>107.8</ele></trkpt><trkpt lat="43.77084" lon="3.87316"><ele>106.4</ele></trkpt><trkpt lat="43.77089" lon="3.87263"><ele>102.6</ele></trkpt><trkpt lat="43.77107" lon="3.8727"><ele>106</ele></trkpt><trkpt lat="43.77152" lon="3.87278"><ele>103</ele></trkpt><trkpt lat="43.77186" lon="3.87276"><ele>103</ele></trkpt><trkpt lat="43.77205" lon="3.87292"><ele>103.4</ele></trkpt><trkpt lat="43.77216" lon="3.87294"><ele>103.9</ele></trkpt><trkpt lat="43.77298" lon="3.87189"><ele>103.4</ele></trkpt><trkpt lat="43.77302" lon="3.87177"><ele>102.7</ele></trkpt><trkpt lat="43.77292" lon="3.87168"><ele>102.1</ele></trkpt><trkpt lat="43.77291" lon="3.87149"><ele>102.9</ele></trkpt><trkpt lat="43.77305" lon="3.87064"><ele>105.3</ele></trkpt><trkpt lat="43.77322" lon="3.87009"><ele>106.9</ele></trkpt><trkpt lat="43.77334" lon="3.86955"><ele>108</ele></trkpt><trkpt lat="43.77338" lon="3.86947"><ele>108.2</ele></trkpt><trkpt lat="43.77378" lon="3.86957"><ele>109.8</ele></trkpt><trkpt lat="43.77388" lon="3.86963"><ele>110</ele></trkpt><trkpt lat="43.77393" lon="3.87002"><ele>110.1</ele></trkpt><trkpt lat="43.77414" lon="3.87033"><ele>110.7</ele></trkpt><trkpt lat="43.77446" lon="3.87027"><ele>111</ele></trkpt><trkpt lat="43.77463" lon="3.86997"><ele>111.3</ele></trkpt><trkpt lat="43.77464" lon="3.86953"><ele>111.1</ele></trkpt><trkpt lat="43.77498" lon="3.86939"><ele>111.9</ele></trkpt><trkpt lat="43.77556" lon="3.86949"><ele>113</ele></trkpt><trkpt lat="43.77647" lon="3.86978"><ele>113.3</ele></trkpt><trkpt lat="43.7779" lon="3.87006"><ele>116.4</ele></trkpt><trkpt lat="43.7782" lon="3.87007"><ele>116.5</ele></trkpt><trkpt lat="43.77833" lon="3.86966"><ele>117</ele></trkpt><trkpt lat="43.77858" lon="3.86959"><ele>113.9</ele></trkpt><trkpt lat="43.77912" lon="3.86955"><ele>112.2</ele></trkpt><trkpt lat="43.77963" lon="3.86973"><ele>113.7</ele></trkpt><trkpt lat="43.78002" lon="3.86979"><ele>115.1</ele></trkpt><trkpt lat="43.78039" lon="3.86979"><ele>116.5</ele></trkpt><trkpt lat="43.78114" lon="3.86995"><ele>117.3</ele></trkpt><trkpt lat="43.7825" lon="3.86993"><ele>119.3</ele></trkpt><trkpt lat="43.78259" lon="3.8699"><ele>119.4</ele></trkpt><trkpt lat="43.78285" lon="3.86967"><ele>120.2</ele></trkpt><trkpt lat="43.78304" lon="3.86966"><ele>120.2</ele></trkpt><trkpt lat="43.78334" lon="3.86988"><ele>119</ele></trkpt><trkpt lat="43.78398" lon="3.87005"><ele>122.3</ele></trkpt><trkpt lat="43.78523" lon="3.87058"><ele>125.8</ele></trkpt><trkpt lat="43.78574" lon="3.87073"><ele>128.5</ele></trkpt><trkpt lat="43.78624" lon="3.87083"><ele>131.5</ele></trkpt><trkpt lat="43.78654" lon="3.87101"><ele>131.4</ele></trkpt><trkpt lat="43.78763" lon="3.87219"><ele>132.7</ele></trkpt><trkpt lat="43.7882" lon="3.87252"><ele>130.3</ele></trkpt><trkpt lat="43.78876" lon="3.8728"><ele>129</ele></trkpt><trkpt lat="43.78884" lon="3.87302"><ele>129</ele></trkpt><trkpt lat="43.79084" lon="3.87295"><ele>141.3</ele></trkpt><trkpt lat="43.79192" lon="3.87267"><ele>149.7</ele></trkpt><trkpt lat="43.79264" lon="3.87241"><ele>155.2</ele></trkpt><trkpt lat="43.79313" lon="3.87245"><ele>155.6</ele></trkpt><trkpt lat="43.79354" lon="3.87256"><ele>154.8</ele></trkpt><trkpt lat="43.79395" lon="3.87298"><ele>150.8</ele></trkpt><trkpt lat="43.79428" lon="3.87319"><ele>149.7</ele></trkpt><trkpt lat="43.7951" lon="3.8731"><ele>149.8</ele></trkpt><trkpt lat="43.79608" lon="3.87295"><ele>146.4</ele></trkpt><trkpt lat="43.7967" lon="3.87297"><ele>144.9</ele></trkpt><trkpt lat="43.79691" lon="3.87307"><ele>144.1</ele></trkpt><trkpt lat="43.79764" lon="3.87264"><ele>145.2</ele></trkpt><trkpt lat="43.79828" lon="3.87222"><ele>148.6</ele></trkpt><trkpt lat="43.79878" lon="3.87206"><ele>151.6</ele></trkpt><trkpt lat="43.79978" lon="3.87184"><ele>154.2</ele></trkpt><trkpt lat="43.80069" lon="3.87168"><ele>155</ele></trkpt><trkpt lat="43.80123" lon="3.87174"><ele>152.2</ele></trkpt><trkpt lat="43.80185" lon="3.87191"><ele>148.5</ele></trkpt><trkpt lat="43.80351" lon="3.87253"><ele>147.8</ele></trkpt><trkpt lat="43.80406" lon="3.87285"><ele>148</ele></trkpt><trkpt lat="43.80424" lon="3.87238"><ele>148</ele></trkpt><trkpt lat="43.80519" lon="3.87172"><ele>148.8</ele></trkpt><trkpt lat="43.80669" lon="3.87086"><ele>155.1</ele></trkpt><trkpt lat="43.80747" lon="3.87038"><ele>154.7</ele></trkpt><trkpt lat="43.80818" lon="3.87008"><ele>155.1</ele></trkpt><trkpt lat="43.80875" lon="3.86998"><ele>154.6</ele></trkpt><trkpt lat="43.80936" lon="3.8698"><ele>155.9</ele></trkpt><trkpt lat="43.80995" lon="3.8697"><ele>157.1</ele></trkpt><trkpt lat="43.81071" lon="3.86973"><ele>159.6</ele></trkpt><trkpt lat="43.8116" lon="3.8694"><ele>161.8</ele></trkpt><trkpt lat="43.81184" lon="3.86935"><ele>163.2</ele></trkpt><trkpt lat="43.81214" lon="3.86895"><ele>163.9</ele></trkpt><trkpt lat="43.81261" lon="3.86886"><ele>166.9</ele></trkpt><trkpt lat="43.81355" lon="3.86825"><ele>172.1</ele></trkpt><trkpt lat="43.81444" lon="3.8679"><ele>173.6</ele></trkpt><trkpt lat="43.81491" lon="3.86776"><ele>175.1</ele></trkpt><trkpt lat="43.81506" lon="3.86796"><ele>174.6</ele></trkpt><trkpt lat="43.81582" lon="3.87065"><ele>166.9</ele></trkpt><trkpt lat="43.81655" lon="3.87159"><ele>167.8</ele></trkpt><trkpt lat="43.81669" lon="3.8731"><ele>165.7</ele></trkpt><trkpt lat="43.81691" lon="3.87432"><ele>163.4</ele></trkpt><trkpt lat="43.81698" lon="3.87536"><ele>163.3</ele></trkpt><trkpt lat="43.81733" lon="3.87653"><ele>166.2</ele></trkpt><trkpt lat="43.81707" lon="3.877"><ele>165.7</ele></trkpt><trkpt lat="43.81642" lon="3.87798"><ele>162</ele></trkpt><trkpt lat="43.81732" lon="3.87823"><ele>156.6</ele></trkpt><trkpt lat="43.81736" lon="3.87853"><ele>156.3</ele></trkpt><trkpt lat="43.81726" lon="3.88004"><ele>154</ele></trkpt><trkpt lat="43.81701" lon="3.8813"><ele>149.7</ele></trkpt><trkpt lat="43.81756" lon="3.88128"><ele>154.9</ele></trkpt><trkpt lat="43.81878" lon="3.88158"><ele>159.3</ele></trkpt><trkpt lat="43.81936" lon="3.88161"><ele>159.8</ele></trkpt><trkpt lat="43.8204" lon="3.88118"><ele>160.8</ele></trkpt><trkpt lat="43.821" lon="3.881"><ele>161</ele></trkpt><trkpt lat="43.82206" lon="3.88093"><ele>158.2</ele></trkpt><trkpt lat="43.82299" lon="3.88072"><ele>157.5</ele></trkpt><trkpt lat="43.82443" lon="3.88048"><ele>153.8</ele></trkpt><trkpt lat="43.82676" lon="3.88058"><ele>153.3</ele></trkpt><trkpt lat="43.82791" lon="3.88031"><ele>154.9</ele></trkpt><trkpt lat="43.82924" lon="3.88006"><ele>157.3</ele></trkpt><trkpt lat="43.8296" lon="3.8797"><ele>160.6</ele></trkpt><trkpt lat="43.82996" lon="3.87929"><ele>163.2</ele></trkpt><trkpt lat="43.83058" lon="3.8784"><ele>169.8</ele></trkpt><trkpt lat="43.83071" lon="3.87767"><ele>171.7</ele></trkpt><trkpt lat="43.83093" lon="3.87723"><ele>173.3</ele></trkpt><trkpt lat="43.83124" lon="3.87626"><ele>177.9</ele></trkpt><trkpt lat="43.8317" lon="3.87561"><ele>181.6</ele></trkpt><trkpt lat="43.83199" lon="3.87513"><ele>184.9</ele></trkpt><trkpt lat="43.83186" lon="3.87449"><ele>185.4</ele></trkpt><trkpt lat="43.83187" lon="3.87411"><ele>183.6</ele></trkpt><trkpt lat="43.83207" lon="3.87043"><ele>186.7</ele></trkpt><trkpt lat="43.83206" lon="3.86968"><ele>187.2</ele></trkpt><trkpt lat="43.83197" lon="3.86905"><ele>188.4</ele></trkpt><trkpt lat="43.83201" lon="3.86878"><ele>190.4</ele></trkpt><trkpt lat="43.83219" lon="3.86832"><ele>191.7</ele></trkpt><trkpt lat="43.83244" lon="3.86782"><ele>195.7</ele></trkpt><trkpt lat="43.8325" lon="3.86752"><ele>196</ele></trkpt><trkpt lat="43.83248" lon="3.86724"><ele>196.9</ele></trkpt><trkpt lat="43.83242" lon="3.86715"><ele>197.1</ele></trkpt><trkpt lat="43.83283" lon="3.86657"><ele>203</ele></trkpt><trkpt lat="43.83292" lon="3.86667"><ele>205.6</ele></trkpt><trkpt lat="43.83341" lon="3.86616"><ele>213.9</ele></trkpt><trkpt lat="43.83347" lon="3.86605"><ele>214.7</ele></trkpt><trkpt lat="43.83344" lon="3.86548"><ele>218</ele></trkpt><trkpt lat="43.83347" lon="3.86522"><ele>221.1</ele></trkpt><trkpt lat="43.83357" lon="3.86484"><ele>223</ele></trkpt><trkpt lat="43.83381" lon="3.86449"><ele>225.1</ele></trkpt><trkpt lat="43.83397" lon="3.86408"><ele>224.1</ele></trkpt><trkpt lat="43.8337" lon="3.86371"><ele>222.2</ele></trkpt><trkpt lat="43.83319" lon="3.86321"><ele>220.4</ele></trkpt><trkpt lat="43.83315" lon="3.86303"><ele>221.2</ele></trkpt><trkpt lat="43.83318" lon="3.86275"><ele>222.7</ele></trkpt><trkpt lat="43.83323" lon="3.86257"><ele>223.4</ele></trkpt><trkpt lat="43.83319" lon="3.86236"><ele>224</ele></trkpt><trkpt lat="43.83294" lon="3.86252"><ele>223.5</ele></trkpt><trkpt lat="43.83268" lon="3.86261"><ele>227.1</ele></trkpt><trkpt lat="43.83258" lon="3.86276"><ele>227.5</ele></trkpt><trkpt lat="43.83233" lon="3.86293"><ele>231.5</ele></trkpt><trkpt lat="43.83221" lon="3.86298"><ele>232.8</ele></trkpt><trkpt lat="43.83206" lon="3.86309"><ele>231.2</ele></trkpt><trkpt lat="43.83202" lon="3.86291"><ele>232.5</ele></trkpt><trkpt lat="43.83207" lon="3.8628"><ele>233.7</ele></trkpt><trkpt lat="43.83208" lon="3.86257"><ele>237</ele></trkpt><trkpt lat="43.83226" lon="3.86249"><ele>238.4</ele></trkpt><trkpt lat="43.83242" lon="3.8622"><ele>240.9</ele></trkpt><trkpt lat="43.8329" lon="3.86108"><ele>260.3</ele></trkpt><trkpt lat="43.83301" lon="3.86088"><ele>262.1</ele></trkpt><trkpt lat="43.83312" lon="3.86059"><ele>267.9</ele></trkpt><trkpt lat="43.83336" lon="3.86045"><ele>269.7</ele></trkpt><trkpt lat="43.83334" lon="3.86037"><ele>272.1</ele></trkpt><trkpt lat="43.83323" lon="3.86031"><ele>274.8</ele></trkpt><trkpt lat="43.83261" lon="3.86065"><ele>277.4</ele></trkpt><trkpt lat="43.83247" lon="3.86067"><ele>279.2</ele></trkpt><trkpt lat="43.8324" lon="3.86061"><ele>279.3</ele></trkpt><trkpt lat="43.83234" lon="3.86035"><ele>280.8</ele></trkpt><trkpt lat="43.83232" lon="3.86009"><ele>284.4</ele></trkpt><trkpt lat="43.83215" lon="3.85975"><ele>288</ele></trkpt><trkpt lat="43.83235" lon="3.85986"><ele>288.2</ele></trkpt><trkpt lat="43.83244" lon="3.85986"><ele>289</ele></trkpt><trkpt lat="43.83243" lon="3.85954"><ele>293.9</ele></trkpt><trkpt lat="43.8326" lon="3.85932"><ele>298.5</ele></trkpt><trkpt lat="43.83284" lon="3.85927"><ele>300.3</ele></trkpt><trkpt lat="43.83308" lon="3.85913"><ele>304</ele></trkpt><trkpt lat="43.83349" lon="3.85881"><ele>309.8</ele></trkpt><trkpt lat="43.83364" lon="3.85862"><ele>312.6</ele></trkpt><trkpt lat="43.8336" lon="3.85848"><ele>314.9</ele></trkpt><trkpt lat="43.83368" lon="3.85843"><ele>315.1</ele></trkpt><trkpt lat="43.8337" lon="3.85822"><ele>317</ele></trkpt><trkpt lat="43.83406" lon="3.85818"><ele>315.1</ele></trkpt><trkpt lat="43.8342" lon="3.85809"><ele>315.1</ele></trkpt><trkpt lat="43.83529" lon="3.85811"><ele>310.6</ele></trkpt><trkpt lat="43.83554" lon="3.85823"><ele>308.8</ele></trkpt><trkpt lat="43.83572" lon="3.85828"><ele>310.2</ele></trkpt><trkpt lat="43.83596" lon="3.85854"><ele>310.6</ele></trkpt><trkpt lat="43.83677" lon="3.85964"><ele>322.6</ele></trkpt><trkpt lat="43.83688" lon="3.85999"><ele>324.3</ele></trkpt><trkpt lat="43.83722" lon="3.86055"><ele>326</ele></trkpt><trkpt lat="43.8374" lon="3.86078"><ele>327.3</ele></trkpt><trkpt lat="43.83757" lon="3.86112"><ele>329.5</ele></trkpt><trkpt lat="43.83794" lon="3.86132"><ele>331.4</ele></trkpt><trkpt lat="43.83838" lon="3.8615"><ele>332.4</ele></trkpt><trkpt lat="43.83893" lon="3.86166"><ele>333</ele></trkpt><trkpt lat="43.83916" lon="3.86183"><ele>333</ele></trkpt><trkpt lat="43.83957" lon="3.86226"><ele>334.1</ele></trkpt><trkpt lat="43.84019" lon="3.86255"><ele>334.5</ele></trkpt><trkpt lat="43.84054" lon="3.86285"><ele>334.3</ele></trkpt><trkpt lat="43.84079" lon="3.86315"><ele>335.3</ele></trkpt><trkpt lat="43.84101" lon="3.86335"><ele>335.5</ele></trkpt><trkpt lat="43.84124" lon="3.86374"><ele>337</ele></trkpt><trkpt lat="43.84145" lon="3.86391"><ele>337.1</ele></trkpt><trkpt lat="43.84182" lon="3.8641"><ele>337.6</ele></trkpt><trkpt lat="43.84225" lon="3.8644"><ele>337.7</ele></trkpt><trkpt lat="43.84266" lon="3.86463"><ele>339.8</ele></trkpt><trkpt lat="43.84283" lon="3.86437"><ele>338.5</ele></trkpt><trkpt lat="43.84321" lon="3.86291"><ele>332.8</ele></trkpt><trkpt lat="43.84359" lon="3.86129"><ele>327.6</ele></trkpt><trkpt lat="43.84407" lon="3.8607"><ele>326.2</ele></trkpt><trkpt lat="43.8448" lon="3.86035"><ele>325.3</ele></trkpt><trkpt lat="43.84532" lon="3.86016"><ele>324.6</ele></trkpt><trkpt lat="43.84584" lon="3.86059"><ele>326</ele></trkpt><trkpt lat="43.84605" lon="3.8606"><ele>326.1</ele></trkpt><trkpt lat="43.84607" lon="3.86114"><ele>327.9</ele></trkpt><trkpt lat="43.84589" lon="3.86196"><ele>329.1</ele></trkpt><trkpt lat="43.84578" lon="3.86225"><ele>330.1</ele></trkpt><trkpt lat="43.84595" lon="3.86259"><ele>331.2</ele></trkpt><trkpt lat="43.84553" lon="3.8635"><ele>333.5</ele></trkpt><trkpt lat="43.84511" lon="3.86408"><ele>335.1</ele></trkpt><trkpt lat="43.84511" lon="3.8644"><ele>337.1</ele></trkpt><trkpt lat="43.84525" lon="3.86461"><ele>338.6</ele></trkpt><trkpt lat="43.84519" lon="3.86501"><ele>340.4</ele></trkpt><trkpt lat="43.84538" lon="3.86497"><ele>339.6</ele></trkpt><trkpt lat="43.84595" lon="3.86368"><ele>334.1</ele></trkpt><trkpt lat="43.84648" lon="3.86347"><ele>332.3</ele></trkpt><trkpt lat="43.84686" lon="3.86369"><ele>333</ele></trkpt><trkpt lat="43.84779" lon="3.86346"><ele>334.5</ele></trkpt><trkpt lat="43.84815" lon="3.8633"><ele>334</ele></trkpt><trkpt lat="43.84868" lon="3.86354"><ele>334.1</ele></trkpt><trkpt lat="43.84918" lon="3.86389"><ele>334</ele></trkpt><trkpt lat="43.84953" lon="3.86433"><ele>333.6</ele></trkpt><trkpt lat="43.85018" lon="3.86416"><ele>333</ele></trkpt><trkpt lat="43.85063" lon="3.8638"><ele>332.2</ele></trkpt><trkpt lat="43.8504" lon="3.86258"><ele>331.1</ele></trkpt><trkpt lat="43.85044" lon="3.86184"><ele>330.6</ele></trkpt><trkpt lat="43.85126" lon="3.86134"><ele>330.9</ele></trkpt><trkpt lat="43.85165" lon="3.86134"><ele>331.9</ele></trkpt><trkpt lat="43.85329" lon="3.86061"><ele>330.2</ele></trkpt><trkpt lat="43.85356" lon="3.86039"><ele>328.6</ele></trkpt><trkpt lat="43.85415" lon="3.86016"><ele>327.6</ele></trkpt><trkpt lat="43.85473" lon="3.85966"><ele>327.8</ele></trkpt><trkpt lat="43.85538" lon="3.85966"><ele>330.1</ele></trkpt><trkpt lat="43.85618" lon="3.8593"><ele>329.9</ele></trkpt><trkpt lat="43.8563" lon="3.8592"><ele>329.4</ele></trkpt><trkpt lat="43.85663" lon="3.85879"><ele>328.1</ele></trkpt><trkpt lat="43.85736" lon="3.85873"><ele>328.5</ele></trkpt><trkpt lat="43.8584" lon="3.85815"><ele>329</ele></trkpt><trkpt lat="43.85858" lon="3.85783"><ele>328.2</ele></trkpt><trkpt lat="43.8589" lon="3.85785"><ele>327</ele></trkpt><trkpt lat="43.85914" lon="3.85809"><ele>326.1</ele></trkpt><trkpt lat="43.86014" lon="3.85757"><ele>325.9</ele></trkpt><trkpt lat="43.86119" lon="3.85695"><ele>324.7</ele></trkpt><trkpt lat="43.86231" lon="3.85657"><ele>322</ele></trkpt><trkpt lat="43.86288" lon="3.85644"><ele>321.2</ele></trkpt><trkpt lat="43.86356" lon="3.85597"><ele>320.2</ele></trkpt><trkpt lat="43.86414" lon="3.85527"><ele>321.8</ele></trkpt><trkpt lat="43.86586" lon="3.85345"><ele>323</ele></trkpt><trkpt lat="43.86609" lon="3.8533"><ele>323</ele></trkpt><trkpt lat="43.8664" lon="3.85315"><ele>323</ele></trkpt><trkpt lat="43.86664" lon="3.85332"><ele>322.1</ele></trkpt><trkpt lat="43.86678" lon="3.85356"><ele>320.8</ele></trkpt><trkpt lat="43.86706" lon="3.85321"><ele>319.9</ele></trkpt><trkpt lat="43.86722" lon="3.85253"><ele>319.9</ele></trkpt><trkpt lat="43.86713" lon="3.85206"><ele>322.3</ele></trkpt><trkpt lat="43.86759" lon="3.85115"><ele>323</ele></trkpt><trkpt lat="43.86777" lon="3.85049"><ele>325</ele></trkpt><trkpt lat="43.86806" lon="3.85027"><ele>324</ele></trkpt><trkpt lat="43.86819" lon="3.84956"><ele>325.8</ele></trkpt><trkpt lat="43.86814" lon="3.84885"><ele>326</ele></trkpt><trkpt lat="43.8682" lon="3.84821"><ele>326</ele></trkpt><trkpt lat="43.86849" lon="3.84707"><ele>325.8</ele></trkpt><trkpt lat="43.86869" lon="3.84613"><ele>326.3</ele></trkpt><trkpt lat="43.86897" lon="3.84572"><ele>327.3</ele></trkpt><trkpt lat="43.86858" lon="3.84483"><ele>325.3</ele></trkpt><trkpt lat="43.86843" lon="3.84419"><ele>324.3</ele></trkpt><trkpt lat="43.86799" lon="3.84382"><ele>323.8</ele></trkpt><trkpt lat="43.86709" lon="3.84338"><ele>323</ele></trkpt><trkpt lat="43.86649" lon="3.84312"><ele>322</ele></trkpt><trkpt lat="43.86591" lon="3.84247"><ele>322.8</ele></trkpt><trkpt lat="43.86531" lon="3.84081"><ele>324.8</ele></trkpt><trkpt lat="43.865" lon="3.84037"><ele>324</ele></trkpt><trkpt lat="43.86492" lon="3.83967"><ele>325.9</ele></trkpt><trkpt lat="43.86486" lon="3.83849"><ele>325.1</ele></trkpt><trkpt lat="43.86484" lon="3.8374"><ele>320.7</ele></trkpt><trkpt lat="43.8648" lon="3.83686"><ele>318</ele></trkpt><trkpt lat="43.86509" lon="3.83627"><ele>316.2</ele></trkpt><trkpt lat="43.86539" lon="3.83581"><ele>315.2</ele></trkpt><trkpt lat="43.86534" lon="3.83537"><ele>314.7</ele></trkpt><trkpt lat="43.86546" lon="3.83467"><ele>310.7</ele></trkpt><trkpt lat="43.86512" lon="3.834"><ele>309</ele></trkpt><trkpt lat="43.86499" lon="3.83334"><ele>312</ele></trkpt><trkpt lat="43.86456" lon="3.83291"><ele>313.8</ele></trkpt><trkpt lat="43.86399" lon="3.83215"><ele>311.4</ele></trkpt><trkpt lat="43.86363" lon="3.83146"><ele>310.1</ele></trkpt><trkpt lat="43.86349" lon="3.83079"><ele>310.1</ele></trkpt><trkpt lat="43.86366" lon="3.8291"><ele>311.8</ele></trkpt><trkpt lat="43.86361" lon="3.82857"><ele>313</ele></trkpt><trkpt lat="43.86362" lon="3.82843"><ele>312.9</ele></trkpt><trkpt lat="43.86369" lon="3.82817"><ele>312.4</ele></trkpt><trkpt lat="43.86341" lon="3.827"><ele>311.4</ele></trkpt><trkpt lat="43.86308" lon="3.82539"><ele>309</ele></trkpt><trkpt lat="43.86293" lon="3.82444"><ele>309</ele></trkpt><trkpt lat="43.86288" lon="3.82366"><ele>311.4</ele></trkpt><trkpt lat="43.86304" lon="3.82322"><ele>312.9</ele></trkpt><trkpt lat="43.8634" lon="3.8231"><ele>313.4</ele></trkpt><trkpt lat="43.86374" lon="3.82332"><ele>310.1</ele></trkpt><trkpt lat="43.86431" lon="3.82337"><ele>306.9</ele></trkpt><trkpt lat="43.86452" lon="3.82333"><ele>305.2</ele></trkpt><trkpt lat="43.8651" lon="3.8231"><ele>302.2</ele></trkpt><trkpt lat="43.86466" lon="3.82044"><ele>301.7</ele></trkpt><trkpt lat="43.86397" lon="3.81934"><ele>300.5</ele></trkpt><trkpt lat="43.86353" lon="3.81919"><ele>300</ele></trkpt><trkpt lat="43.86258" lon="3.81798"><ele>295.9</ele></trkpt><trkpt lat="43.86176" lon="3.81688"><ele>296.5</ele></trkpt><trkpt lat="43.86112" lon="3.81572"><ele>297.9</ele></trkpt><trkpt lat="43.86058" lon="3.81464"><ele>303.1</ele></trkpt><trkpt lat="43.86046" lon="3.81398"><ele>308</ele></trkpt><trkpt lat="43.86028" lon="3.81343"><ele>310.7</ele></trkpt><trkpt lat="43.86026" lon="3.81324"><ele>310.6</ele></trkpt><trkpt lat="43.86003" lon="3.81304"><ele>313.6</ele></trkpt><trkpt lat="43.86001" lon="3.8128"><ele>313.1</ele></trkpt><trkpt lat="43.86011" lon="3.81249"><ele>314.6</ele></trkpt><trkpt lat="43.85957" lon="3.81163"><ele>316.5</ele></trkpt><trkpt lat="43.85932" lon="3.81132"><ele>316.3</ele></trkpt><trkpt lat="43.85908" lon="3.81128"><ele>316.6</ele></trkpt><trkpt lat="43.85902" lon="3.81102"><ele>316</ele></trkpt><trkpt lat="43.85938" lon="3.81026"><ele>310.6</ele></trkpt><trkpt lat="43.85939" lon="3.80977"><ele>307.7</ele></trkpt><trkpt lat="43.85976" lon="3.80928"><ele>304.3</ele></trkpt><trkpt lat="43.86006" lon="3.80899"><ele>302.1</ele></trkpt><trkpt lat="43.86037" lon="3.80881"><ele>300.7</ele></trkpt><trkpt lat="43.86032" lon="3.8082"><ele>300.1</ele></trkpt><trkpt lat="43.86023" lon="3.80787"><ele>300.1</ele></trkpt><trkpt lat="43.86026" lon="3.80722"><ele>302</ele></trkpt><trkpt lat="43.86015" lon="3.80654"><ele>302.5</ele></trkpt><trkpt lat="43.86015" lon="3.80509"><ele>302.5</ele></trkpt><trkpt lat="43.86024" lon="3.80368"><ele>301.2</ele></trkpt><trkpt lat="43.86035" lon="3.80337"><ele>300.1</ele></trkpt><trkpt lat="43.86044" lon="3.803"><ele>299.9</ele></trkpt><trkpt lat="43.86075" lon="3.80283"><ele>297.9</ele></trkpt><trkpt lat="43.86095" lon="3.80231"><ele>295.3</ele></trkpt><trkpt lat="43.86125" lon="3.80271"><ele>293.4</ele></trkpt><trkpt lat="43.86153" lon="3.80322"><ele>291.3</ele></trkpt><trkpt lat="43.86173" lon="3.80388"><ele>288.6</ele></trkpt><trkpt lat="43.86194" lon="3.80472"><ele>282.2</ele></trkpt><trkpt lat="43.86211" lon="3.80579"><ele>277.8</ele></trkpt><trkpt lat="43.86228" lon="3.80794"><ele>268.6</ele></trkpt><trkpt lat="43.86223" lon="3.80848"><ele>267</ele></trkpt><trkpt lat="43.86231" lon="3.80873"><ele>266.7</ele></trkpt><trkpt lat="43.86258" lon="3.80861"><ele>268</ele></trkpt><trkpt lat="43.86332" lon="3.80626"><ele>276.7</ele></trkpt><trkpt lat="43.86371" lon="3.80549"><ele>282.3</ele></trkpt><trkpt lat="43.86366" lon="3.80336"><ele>288.8</ele></trkpt><trkpt lat="43.8637" lon="3.80275"><ele>291.3</ele></trkpt><trkpt lat="43.86387" lon="3.80231"><ele>293.2</ele></trkpt><trkpt lat="43.86402" lon="3.80208"><ele>293.9</ele></trkpt><trkpt lat="43.86415" lon="3.80244"><ele>295.7</ele></trkpt><trkpt lat="43.8645" lon="3.80409"><ele>298.6</ele></trkpt><trkpt lat="43.86471" lon="3.80474"><ele>299.9</ele></trkpt><trkpt lat="43.86542" lon="3.80578"><ele>303.8</ele></trkpt><trkpt lat="43.86574" lon="3.80596"><ele>305.1</ele></trkpt><trkpt lat="43.86608" lon="3.80601"><ele>305.6</ele></trkpt><trkpt lat="43.86633" lon="3.80587"><ele>305.9</ele></trkpt><trkpt lat="43.8666" lon="3.80566"><ele>305.2</ele></trkpt><trkpt lat="43.86679" lon="3.80541"><ele>304.9</ele></trkpt><trkpt lat="43.86716" lon="3.80525"><ele>305.6</ele></trkpt><trkpt lat="43.8675" lon="3.80504"><ele>306.1</ele></trkpt><trkpt lat="43.86773" lon="3.80505"><ele>307</ele></trkpt><trkpt lat="43.86809" lon="3.80526"><ele>306.7</ele></trkpt><trkpt lat="43.86868" lon="3.80535"><ele>305.5</ele></trkpt><trkpt lat="43.86891" lon="3.80533"><ele>304.5</ele></trkpt><trkpt lat="43.86925" lon="3.80492"><ele>302</ele></trkpt><trkpt lat="43.8698" lon="3.80407"><ele>302.7</ele></trkpt><trkpt lat="43.87006" lon="3.80373"><ele>303.9</ele></trkpt><trkpt lat="43.87065" lon="3.80386"><ele>306.9</ele></trkpt><trkpt lat="43.87116" lon="3.80405"><ele>308.5</ele></trkpt><trkpt lat="43.87137" lon="3.80449"><ele>309.1</ele></trkpt><trkpt lat="43.87196" lon="3.80483"><ele>308.4</ele></trkpt><trkpt lat="43.87206" lon="3.80506"><ele>309.1</ele></trkpt><trkpt lat="43.8725" lon="3.80528"><ele>311</ele></trkpt><trkpt lat="43.87282" lon="3.8054"><ele>312.8</ele></trkpt><trkpt lat="43.87312" lon="3.8056"><ele>314.2</ele></trkpt><trkpt lat="43.87332" lon="3.80584"><ele>315.2</ele></trkpt><trkpt lat="43.87354" lon="3.80587"><ele>314.8</ele></trkpt><trkpt lat="43.87371" lon="3.806"><ele>316.4</ele></trkpt><trkpt lat="43.87398" lon="3.80599"><ele>315.9</ele></trkpt><trkpt lat="43.8742" lon="3.80622"><ele>316.7</ele></trkpt><trkpt lat="43.87443" lon="3.80637"><ele>317</ele></trkpt><trkpt lat="43.87462" lon="3.80586"><ele>315.7</ele></trkpt><trkpt lat="43.87475" lon="3.80527"><ele>314.1</ele></trkpt><trkpt lat="43.87462" lon="3.80417"><ele>311</ele></trkpt><trkpt lat="43.87465" lon="3.8038"><ele>310.9</ele></trkpt><trkpt lat="43.8749" lon="3.80354"><ele>310.9</ele></trkpt><trkpt lat="43.87576" lon="3.80315"><ele>311.8</ele></trkpt><trkpt lat="43.87636" lon="3.80292"><ele>312.9</ele></trkpt><trkpt lat="43.87675" lon="3.80265"><ele>315.4</ele></trkpt><trkpt lat="43.87727" lon="3.80216"><ele>320.3</ele></trkpt><trkpt lat="43.87747" lon="3.8019"><ele>321.1</ele></trkpt><trkpt lat="43.87775" lon="3.80074"><ele>318.8</ele></trkpt><trkpt lat="43.87777" lon="3.80045"><ele>319.1</ele></trkpt><trkpt lat="43.87754" lon="3.79974"><ele>317.9</ele></trkpt><trkpt lat="43.87759" lon="3.79937"><ele>316.4</ele></trkpt><trkpt lat="43.87773" lon="3.79899"><ele>315.5</ele></trkpt><trkpt lat="43.87775" lon="3.79776"><ele>316.4</ele></trkpt><trkpt lat="43.87754" lon="3.79734"><ele>316.5</ele></trkpt><trkpt lat="43.87719" lon="3.79688"><ele>317</ele></trkpt><trkpt lat="43.87722" lon="3.79651"><ele>318.4</ele></trkpt><trkpt lat="43.87695" lon="3.79629"><ele>315</ele></trkpt><trkpt lat="43.87665" lon="3.79622"><ele>311.2</ele></trkpt><trkpt lat="43.87644" lon="3.79624"><ele>306.2</ele></trkpt><trkpt lat="43.87655" lon="3.79588"><ele>301.2</ele></trkpt><trkpt lat="43.87645" lon="3.79587"><ele>299.1</ele></trkpt><trkpt lat="43.87629" lon="3.79595"><ele>298.2</ele></trkpt><trkpt lat="43.87615" lon="3.79596"><ele>296</ele></trkpt><trkpt lat="43.87601" lon="3.79593"><ele>293.9</ele></trkpt><trkpt lat="43.87578" lon="3.79594"><ele>291.6</ele></trkpt><trkpt lat="43.87565" lon="3.79602"><ele>290.8</ele></trkpt><trkpt lat="43.87532" lon="3.79614"><ele>292</ele></trkpt><trkpt lat="43.87529" lon="3.79599"><ele>291.9</ele></trkpt><trkpt lat="43.87541" lon="3.79521"><ele>286.1</ele></trkpt><trkpt lat="43.87523" lon="3.79472"><ele>282.7</ele></trkpt><trkpt lat="43.87505" lon="3.79432"><ele>282.8</ele></trkpt><trkpt lat="43.87484" lon="3.79354"><ele>286.2</ele></trkpt><trkpt lat="43.8746" lon="3.79307"><ele>283.1</ele></trkpt><trkpt lat="43.8741" lon="3.79266"><ele>278.7</ele></trkpt><trkpt lat="43.87342" lon="3.7923"><ele>275.9</ele></trkpt><trkpt lat="43.87275" lon="3.79158"><ele>269.7</ele></trkpt><trkpt lat="43.87102" lon="3.78995"><ele>260.4</ele></trkpt><trkpt lat="43.8705" lon="3.78983"><ele>258.4</ele></trkpt><trkpt lat="43.86971" lon="3.78993"><ele>256.2</ele></trkpt><trkpt lat="43.86923" lon="3.79002"><ele>256.7</ele></trkpt><trkpt lat="43.86814" lon="3.78956"><ele>259</ele></trkpt><trkpt lat="43.86753" lon="3.78938"><ele>258.9</ele></trkpt><trkpt lat="43.86704" lon="3.7894"><ele>254.5</ele></trkpt><trkpt lat="43.8667" lon="3.78969"><ele>252.9</ele></trkpt><trkpt lat="43.86622" lon="3.78979"><ele>248.4</ele></trkpt><trkpt lat="43.86577" lon="3.79003"><ele>244.3</ele></trkpt><trkpt lat="43.86553" lon="3.79025"><ele>240.8</ele></trkpt><trkpt lat="43.86555" lon="3.79156"><ele>237</ele></trkpt><trkpt lat="43.86547" lon="3.79209"><ele>237.2</ele></trkpt><trkpt lat="43.86507" lon="3.79217"><ele>235.3</ele></trkpt><trkpt lat="43.86485" lon="3.79234"><ele>235.3</ele></trkpt><trkpt lat="43.86454" lon="3.79266"><ele>235.6</ele></trkpt><trkpt lat="43.8643" lon="3.79253"><ele>233.3</ele></trkpt><trkpt lat="43.86405" lon="3.79257"><ele>232.8</ele></trkpt><trkpt lat="43.86384" lon="3.79243"><ele>232</ele></trkpt><trkpt lat="43.86388" lon="3.79166"><ele>231</ele></trkpt><trkpt lat="43.86362" lon="3.7912"><ele>230</ele></trkpt><trkpt lat="43.86341" lon="3.79095"><ele>228</ele></trkpt><trkpt lat="43.86324" lon="3.79065"><ele>226.7</ele></trkpt><trkpt lat="43.86286" lon="3.79027"><ele>224.6</ele></trkpt><trkpt lat="43.86248" lon="3.7901"><ele>225.5</ele></trkpt><trkpt lat="43.86204" lon="3.78962"><ele>227.9</ele></trkpt><trkpt lat="43.86142" lon="3.78809"><ele>227.7</ele></trkpt><trkpt lat="43.86115" lon="3.78785"><ele>229.4</ele></trkpt><trkpt lat="43.86106" lon="3.78769"><ele>229.2</ele></trkpt><trkpt lat="43.86075" lon="3.78766"><ele>235.2</ele></trkpt><trkpt lat="43.86059" lon="3.78711"><ele>231.7</ele></trkpt><trkpt lat="43.86041" lon="3.78692"><ele>231.3</ele></trkpt><trkpt lat="43.86043" lon="3.78668"><ele>229.5</ele></trkpt><trkpt lat="43.86023" lon="3.78643"><ele>227.3</ele></trkpt><trkpt lat="43.85981" lon="3.78496"><ele>221.9</ele></trkpt><trkpt lat="43.85904" lon="3.78513"><ele>222.7</ele></trkpt><trkpt lat="43.85785" lon="3.78553"><ele>226.7</ele></trkpt><trkpt lat="43.85727" lon="3.78577"><ele>226</ele></trkpt><trkpt lat="43.85673" lon="3.7857"><ele>225.8</ele></trkpt><trkpt lat="43.85611" lon="3.786"><ele>228.6</ele></trkpt><trkpt lat="43.85555" lon="3.78623"><ele>232</ele></trkpt><trkpt lat="43.85478" lon="3.78643"><ele>235.1</ele></trkpt><trkpt lat="43.85441" lon="3.78637"><ele>234.8</ele></trkpt><trkpt lat="43.8539" lon="3.78583"><ele>231</ele></trkpt><trkpt lat="43.85264" lon="3.78481"><ele>225.8</ele></trkpt><trkpt lat="43.85208" lon="3.78467"><ele>227</ele></trkpt><trkpt lat="43.85151" lon="3.78437"><ele>225.5</ele></trkpt><trkpt lat="43.85027" lon="3.78437"><ele>222.5</ele></trkpt><trkpt lat="43.84942" lon="3.78387"><ele>220.9</ele></trkpt><trkpt lat="43.84903" lon="3.78373"><ele>220.9</ele></trkpt><trkpt lat="43.84839" lon="3.78301"><ele>220.8</ele></trkpt><trkpt lat="43.84799" lon="3.78269"><ele>219.6</ele></trkpt><trkpt lat="43.84759" lon="3.7821"><ele>222.8</ele></trkpt><trkpt lat="43.84727" lon="3.78178"><ele>225.6</ele></trkpt><trkpt lat="43.84702" lon="3.7817"><ele>229.6</ele></trkpt><trkpt lat="43.84691" lon="3.781"><ele>231.9</ele></trkpt><trkpt lat="43.84635" lon="3.78033"><ele>238</ele></trkpt><trkpt lat="43.84587" lon="3.77988"><ele>243.3</ele></trkpt><trkpt lat="43.844" lon="3.77978"><ele>232.1</ele></trkpt><trkpt lat="43.84339" lon="3.77986"><ele>230.3</ele></trkpt><trkpt lat="43.84309" lon="3.77993"><ele>229.8</ele></trkpt><trkpt lat="43.84262" lon="3.78029"><ele>227.7</ele></trkpt><trkpt lat="43.84207" lon="3.78056"><ele>223.5</ele></trkpt><trkpt lat="43.84167" lon="3.78059"><ele>223.5</ele></trkpt><trkpt lat="43.84079" lon="3.7813"><ele>223.5</ele></trkpt><trkpt lat="43.84029" lon="3.78134"><ele>217</ele></trkpt><trkpt lat="43.83971" lon="3.78108"><ele>211.8</ele></trkpt><trkpt lat="43.83902" lon="3.78064"><ele>208.8</ele></trkpt><trkpt lat="43.83876" lon="3.78038"><ele>206.3</ele></trkpt><trkpt lat="43.83865" lon="3.77988"><ele>204.7</ele></trkpt><trkpt lat="43.83824" lon="3.77939"><ele>203.3</ele></trkpt><trkpt lat="43.83785" lon="3.77909"><ele>201.4</ele></trkpt><trkpt lat="43.8377" lon="3.77884"><ele>199.2</ele></trkpt><trkpt lat="43.83796" lon="3.77814"><ele>198.5</ele></trkpt><trkpt lat="43.83806" lon="3.77762"><ele>196.5</ele></trkpt><trkpt lat="43.8378" lon="3.77737"><ele>195.1</ele></trkpt><trkpt lat="43.83721" lon="3.77698"><ele>191</ele></trkpt><trkpt lat="43.83667" lon="3.77657"><ele>189.7</ele></trkpt><trkpt lat="43.83594" lon="3.77656"><ele>189.6</ele></trkpt><trkpt lat="43.83496" lon="3.7769"><ele>193.1</ele></trkpt><trkpt lat="43.83454" lon="3.77691"><ele>191.2</ele></trkpt><trkpt lat="43.83419" lon="3.77695"><ele>191.9</ele></trkpt><trkpt lat="43.83353" lon="3.7767"><ele>193.9</ele></trkpt><trkpt lat="43.83249" lon="3.77671"><ele>199.3</ele></trkpt><trkpt lat="43.83122" lon="3.77678"><ele>192.4</ele></trkpt><trkpt lat="43.83096" lon="3.77675"><ele>189.4</ele></trkpt><trkpt lat="43.83053" lon="3.77664"><ele>186</ele></trkpt><trkpt lat="43.82995" lon="3.77669"><ele>184</ele></trkpt><trkpt lat="43.8287" lon="3.77606"><ele>186</ele></trkpt><trkpt lat="43.82835" lon="3.77607"><ele>188.8</ele></trkpt><trkpt lat="43.8278" lon="3.77655"><ele>190.7</ele></trkpt><trkpt lat="43.82747" lon="3.77689"><ele>190.5</ele></trkpt><trkpt lat="43.82711" lon="3.7772"><ele>191.9</ele></trkpt><trkpt lat="43.82684" lon="3.77738"><ele>193.1</ele></trkpt><trkpt lat="43.82657" lon="3.77741"><ele>194</ele></trkpt><trkpt lat="43.8264" lon="3.77739"><ele>193.4</ele></trkpt><trkpt lat="43.82639" lon="3.77735"><ele>193.5</ele></trkpt><trkpt lat="43.82618" lon="3.77639"><ele>194.2</ele></trkpt><trkpt lat="43.82699" lon="3.77625"><ele>197.6</ele></trkpt><trkpt lat="43.82744" lon="3.77607"><ele>198.4</ele></trkpt><trkpt lat="43.82784" lon="3.77586"><ele>198.3</ele></trkpt><trkpt lat="43.82917" lon="3.77464"><ele>199.3</ele></trkpt><trkpt lat="43.83009" lon="3.7731"><ele>196</ele></trkpt><trkpt lat="43.83075" lon="3.77247"><ele>195.4</ele></trkpt><trkpt lat="43.83076" lon="3.7721"><ele>196.3</ele></trkpt><trkpt lat="43.83151" lon="3.77131"><ele>196.7</ele></trkpt><trkpt lat="43.83199" lon="3.77027"><ele>198</ele></trkpt><trkpt lat="43.83233" lon="3.76917"><ele>202.6</ele></trkpt><trkpt lat="43.83223" lon="3.76791"><ele>212.5</ele></trkpt><trkpt lat="43.83246" lon="3.76714"><ele>212.8</ele></trkpt><trkpt lat="43.83291" lon="3.76626"><ele>215.2</ele></trkpt><trkpt lat="43.83401" lon="3.76518"><ele>218.4</ele></trkpt><trkpt lat="43.83448" lon="3.76484"><ele>219.6</ele></trkpt><trkpt lat="43.83488" lon="3.76422"><ele>220.8</ele></trkpt><trkpt lat="43.83602" lon="3.76291"><ele>224</ele></trkpt><trkpt lat="43.83744" lon="3.76077"><ele>219.3</ele></trkpt><trkpt lat="43.83743" lon="3.75972"><ele>214.3</ele></trkpt><trkpt lat="43.83757" lon="3.75854"><ele>211.6</ele></trkpt><trkpt lat="43.83725" lon="3.75835"><ele>211.1</ele></trkpt><trkpt lat="43.83633" lon="3.75716"><ele>211</ele></trkpt><trkpt lat="43.83607" lon="3.75715"><ele>209.7</ele></trkpt><trkpt lat="43.83534" lon="3.7577"><ele>206.9</ele></trkpt><trkpt lat="43.83466" lon="3.75789"><ele>204.9</ele></trkpt><trkpt lat="43.83337" lon="3.75774"><ele>200.4</ele></trkpt><trkpt lat="43.83295" lon="3.75766"><ele>199</ele></trkpt><trkpt lat="43.83168" lon="3.75712"><ele>200.4</ele></trkpt><trkpt lat="43.83118" lon="3.75732"><ele>199.2</ele></trkpt><trkpt lat="43.83036" lon="3.75748"><ele>198.1</ele></trkpt><trkpt lat="43.83001" lon="3.75769"><ele>196.7</ele></trkpt><trkpt lat="43.8285" lon="3.75754"><ele>197</ele></trkpt><trkpt lat="43.82806" lon="3.75727"><ele>197</ele></trkpt><trkpt lat="43.82682" lon="3.75684"><ele>196</ele></trkpt><trkpt lat="43.82562" lon="3.75633"><ele>193</ele></trkpt><trkpt lat="43.82537" lon="3.75641"><ele>192.3</ele></trkpt><trkpt lat="43.82503" lon="3.75678"><ele>189.3</ele></trkpt><trkpt lat="43.8247" lon="3.75655"><ele>188.7</ele></trkpt><trkpt lat="43.82423" lon="3.75512"><ele>193.6</ele></trkpt><trkpt lat="43.82361" lon="3.75412"><ele>201.5</ele></trkpt><trkpt lat="43.82293" lon="3.75288"><ele>202.8</ele></trkpt><trkpt lat="43.82242" lon="3.75186"><ele>198.8</ele></trkpt><trkpt lat="43.82198" lon="3.75199"><ele>194.9</ele></trkpt><trkpt lat="43.82142" lon="3.75186"><ele>192.7</ele></trkpt><trkpt lat="43.82073" lon="3.75121"><ele>195.9</ele></trkpt><trkpt lat="43.82035" lon="3.75056"><ele>199.2</ele></trkpt><trkpt lat="43.81948" lon="3.75012"><ele>196.3</ele></trkpt><trkpt lat="43.81906" lon="3.74973"><ele>195.2</ele></trkpt><trkpt lat="43.81853" lon="3.74956"><ele>191.9</ele></trkpt><trkpt lat="43.81692" lon="3.74824"><ele>188.6</ele></trkpt><trkpt lat="43.81614" lon="3.74774"><ele>189.4</ele></trkpt><trkpt lat="43.81549" lon="3.74755"><ele>189.4</ele></trkpt><trkpt lat="43.81476" lon="3.74663"><ele>189.1</ele></trkpt><trkpt lat="43.81427" lon="3.74558"><ele>185.5</ele></trkpt><trkpt lat="43.8143" lon="3.74457"><ele>181.7</ele></trkpt><trkpt lat="43.81381" lon="3.74428"><ele>176.3</ele></trkpt><trkpt lat="43.81262" lon="3.744"><ele>171.2</ele></trkpt><trkpt lat="43.81216" lon="3.74385"><ele>170.9</ele></trkpt><trkpt lat="43.81196" lon="3.74362"><ele>168.3</ele></trkpt><trkpt lat="43.81128" lon="3.74374"><ele>164.6</ele></trkpt><trkpt lat="43.81141" lon="3.74349"><ele>163.3</ele></trkpt><trkpt lat="43.81144" lon="3.74328"><ele>162.1</ele></trkpt><trkpt lat="43.81151" lon="3.74312"><ele>161.8</ele></trkpt><trkpt lat="43.81128" lon="3.74241"><ele>164.9</ele></trkpt><trkpt lat="43.81092" lon="3.74227"><ele>165.8</ele></trkpt><trkpt lat="43.81067" lon="3.74211"><ele>166.7</ele></trkpt><trkpt lat="43.81043" lon="3.74176"><ele>168.4</ele></trkpt><trkpt lat="43.81022" lon="3.74161"><ele>169.3</ele></trkpt><trkpt lat="43.80929" lon="3.74192"><ele>168.7</ele></trkpt><trkpt lat="43.80871" lon="3.74193"><ele>171.6</ele></trkpt><trkpt lat="43.80846" lon="3.74184"><ele>173.1</ele></trkpt><trkpt lat="43.80801" lon="3.74147"><ele>174.1</ele></trkpt><trkpt lat="43.80671" lon="3.74024"><ele>179.5</ele></trkpt><trkpt lat="43.80646" lon="3.74009"><ele>180</ele></trkpt><trkpt lat="43.80587" lon="3.73988"><ele>177.6</ele></trkpt><trkpt lat="43.80525" lon="3.73961"><ele>176.8</ele></trkpt><trkpt lat="43.80471" lon="3.73942"><ele>177.2</ele></trkpt><trkpt lat="43.80381" lon="3.73905"><ele>183.2</ele></trkpt><trkpt lat="43.80289" lon="3.73876"><ele>188.8</ele></trkpt><trkpt lat="43.80207" lon="3.73855"><ele>196.7</ele></trkpt><trkpt lat="43.80129" lon="3.73841"><ele>199.2</ele></trkpt><trkpt lat="43.80076" lon="3.7384"><ele>201.2</ele></trkpt><trkpt lat="43.79892" lon="3.73947"><ele>193.3</ele></trkpt><trkpt lat="43.79757" lon="3.74016"><ele>186.2</ele></trkpt><trkpt lat="43.79707" lon="3.74021"><ele>182.1</ele></trkpt><trkpt lat="43.79672" lon="3.7411"><ele>183.7</ele></trkpt><trkpt lat="43.79647" lon="3.74001"><ele>182.1</ele></trkpt><trkpt lat="43.79622" lon="3.73956"><ele>184.2</ele></trkpt><trkpt lat="43.79566" lon="3.73896"><ele>181.6</ele></trkpt><trkpt lat="43.79519" lon="3.73808"><ele>182</ele></trkpt><trkpt lat="43.79457" lon="3.73675"><ele>182.4</ele></trkpt><trkpt lat="43.79346" lon="3.73485"><ele>184</ele></trkpt><trkpt lat="43.79298" lon="3.73416"><ele>185</ele></trkpt><trkpt lat="43.79285" lon="3.73381"><ele>186.4</ele></trkpt><trkpt lat="43.79278" lon="3.73335"><ele>187.9</ele></trkpt><trkpt lat="43.79261" lon="3.73321"><ele>188.1</ele></trkpt><trkpt lat="43.79249" lon="3.73299"><ele>189.9</ele></trkpt><trkpt lat="43.79226" lon="3.73279"><ele>191.1</ele></trkpt><trkpt lat="43.79223" lon="3.7326"><ele>193</ele></trkpt><trkpt lat="43.79227" lon="3.73219"><ele>197.2</ele></trkpt><trkpt lat="43.79224" lon="3.73194"><ele>197.2</ele></trkpt><trkpt lat="43.79173" lon="3.73145"><ele>195.3</ele></trkpt><trkpt lat="43.79177" lon="3.73127"><ele>196.7</ele></trkpt><trkpt lat="43.79163" lon="3.73087"><ele>198.9</ele></trkpt><trkpt lat="43.79157" lon="3.73079"><ele>199.6</ele></trkpt><trkpt lat="43.7915" lon="3.73071"><ele>200.2</ele></trkpt><trkpt lat="43.79134" lon="3.73074"><ele>199.8</ele></trkpt><trkpt lat="43.79128" lon="3.7305"><ele>200</ele></trkpt><trkpt lat="43.79133" lon="3.73028"><ele>200.8</ele></trkpt><trkpt lat="43.79107" lon="3.72983"><ele>203</ele></trkpt><trkpt lat="43.79077" lon="3.73001"><ele>200</ele></trkpt><trkpt lat="43.79067" lon="3.73014"><ele>197.1</ele></trkpt><trkpt lat="43.79064" lon="3.73037"><ele>194.5</ele></trkpt><trkpt lat="43.79006" lon="3.72984"><ele>194.7</ele></trkpt><trkpt lat="43.78972" lon="3.72914"><ele>199.3</ele></trkpt><trkpt lat="43.78924" lon="3.72846"><ele>201.6</ele></trkpt><trkpt lat="43.78904" lon="3.72799"><ele>203.4</ele></trkpt><trkpt lat="43.78877" lon="3.72764"><ele>203.8</ele></trkpt><trkpt lat="43.78799" lon="3.72649"><ele>209.6</ele></trkpt><trkpt lat="43.78757" lon="3.72663"><ele>209.8</ele></trkpt><trkpt lat="43.78717" lon="3.72747"><ele>206.5</ele></trkpt><trkpt lat="43.78644" lon="3.72797"><ele>203.2</ele></trkpt><trkpt lat="43.78594" lon="3.72823"><ele>201.5</ele></trkpt><trkpt lat="43.7854" lon="3.72822"><ele>199.4</ele></trkpt><trkpt lat="43.78524" lon="3.72762"><ele>201.9</ele></trkpt><trkpt lat="43.78456" lon="3.72721"><ele>201</ele></trkpt><trkpt lat="43.7839" lon="3.72673"><ele>202.1</ele></trkpt><trkpt lat="43.78335" lon="3.72665"><ele>203.2</ele></trkpt><trkpt lat="43.7831" lon="3.72678"><ele>202.7</ele></trkpt><trkpt lat="43.78272" lon="3.72657"><ele>202.1</ele></trkpt><trkpt lat="43.78095" lon="3.72467"><ele>207.9</ele></trkpt><trkpt lat="43.78073" lon="3.72431"><ele>209.4</ele></trkpt><trkpt lat="43.78057" lon="3.72365"><ele>212.8</ele></trkpt><trkpt lat="43.77984" lon="3.72318"><ele>208.9</ele></trkpt><trkpt lat="43.77886" lon="3.72246"><ele>209.6</ele></trkpt><trkpt lat="43.77758" lon="3.72182"><ele>213.7</ele></trkpt><trkpt lat="43.77727" lon="3.72175"><ele>214.3</ele></trkpt><trkpt lat="43.77697" lon="3.72155"><ele>216.5</ele></trkpt><trkpt lat="43.77659" lon="3.72157"><ele>215</ele></trkpt><trkpt lat="43.77644" lon="3.72136"><ele>216.2</ele></trkpt><trkpt lat="43.77562" lon="3.72099"><ele>215.3</ele></trkpt><trkpt lat="43.77491" lon="3.72074"><ele>214.7</ele></trkpt><trkpt lat="43.77447" lon="3.72041"><ele>213.8</ele></trkpt><trkpt lat="43.77413" lon="3.7199"><ele>216.3</ele></trkpt><trkpt lat="43.774" lon="3.71939"><ele>218.2</ele></trkpt><trkpt lat="43.77312" lon="3.71869"><ele>220.9</ele></trkpt><trkpt lat="43.7724" lon="3.71807"><ele>222.2</ele></trkpt><trkpt lat="43.77203" lon="3.71754"><ele>224.9</ele></trkpt><trkpt lat="43.77192" lon="3.71696"><ele>226.8</ele></trkpt><trkpt lat="43.77147" lon="3.71612"><ele>228.5</ele></trkpt><trkpt lat="43.77087" lon="3.71526"><ele>231.5</ele></trkpt><trkpt lat="43.77036" lon="3.71468"><ele>232.4</ele></trkpt><trkpt lat="43.76979" lon="3.71447"><ele>238</ele></trkpt><trkpt lat="43.76958" lon="3.71396"><ele>243.5</ele></trkpt><trkpt lat="43.76942" lon="3.71315"><ele>252</ele></trkpt><trkpt lat="43.76914" lon="3.7125"><ele>259.6</ele></trkpt><trkpt lat="43.76888" lon="3.71211"><ele>262.3</ele></trkpt><trkpt lat="43.7684" lon="3.71171"><ele>262.9</ele></trkpt><trkpt lat="43.76778" lon="3.71104"><ele>266.7</ele></trkpt><trkpt lat="43.76755" lon="3.71037"><ele>272</ele></trkpt><trkpt lat="43.76731" lon="3.70998"><ele>273.6</ele></trkpt><trkpt lat="43.76677" lon="3.7096"><ele>274.4</ele></trkpt><trkpt lat="43.7663" lon="3.70919"><ele>274.1</ele></trkpt><trkpt lat="43.76612" lon="3.70899"><ele>274.7</ele></trkpt><trkpt lat="43.7657" lon="3.70827"><ele>277.4</ele></trkpt><trkpt lat="43.76553" lon="3.70789"><ele>279.6</ele></trkpt><trkpt lat="43.76552" lon="3.7073"><ele>280.6</ele></trkpt><trkpt lat="43.76533" lon="3.70679"><ele>283.6</ele></trkpt><trkpt lat="43.76498" lon="3.70629"><ele>287.3</ele></trkpt><trkpt lat="43.76494" lon="3.7063"><ele>287.3</ele></trkpt><trkpt lat="43.7649" lon="3.7067"><ele>286.5</ele></trkpt><trkpt lat="43.76497" lon="3.70711"><ele>287.7</ele></trkpt><trkpt lat="43.76509" lon="3.70739"><ele>287.4</ele></trkpt><trkpt lat="43.76523" lon="3.70791"><ele>287</ele></trkpt><trkpt lat="43.76513" lon="3.70857"><ele>286.4</ele></trkpt><trkpt lat="43.76508" lon="3.70935"><ele>283.3</ele></trkpt><trkpt lat="43.76503" lon="3.70969"><ele>284.1</ele></trkpt><trkpt lat="43.76497" lon="3.70982"><ele>284.4</ele></trkpt><trkpt lat="43.76464" lon="3.71027"><ele>282.1</ele></trkpt><trkpt lat="43.7643" lon="3.71119"><ele>272</ele></trkpt><trkpt lat="43.76418" lon="3.71159"><ele>268.6</ele></trkpt><trkpt lat="43.7642" lon="3.71227"><ele>266.2</ele></trkpt><trkpt lat="43.76432" lon="3.7128"><ele>264.9</ele></trkpt><trkpt lat="43.76447" lon="3.71306"><ele>264.1</ele></trkpt><trkpt lat="43.76447" lon="3.71336"><ele>263.9</ele></trkpt><trkpt lat="43.76478" lon="3.71375"><ele>263.6</ele></trkpt><trkpt lat="43.76496" lon="3.7139"><ele>263.8</ele></trkpt><trkpt lat="43.76519" lon="3.71429"><ele>262.6</ele></trkpt><trkpt lat="43.76522" lon="3.71547"><ele>260.1</ele></trkpt><trkpt lat="43.76491" lon="3.71558"><ele>260.3</ele></trkpt><trkpt lat="43.76466" lon="3.71577"><ele>260.2</ele></trkpt><trkpt lat="43.76456" lon="3.71591"><ele>260.3</ele></trkpt><trkpt lat="43.76435" lon="3.71595"><ele>260.3</ele></trkpt><trkpt lat="43.76418" lon="3.71594"><ele>260</ele></trkpt><trkpt lat="43.76397" lon="3.71612"><ele>260</ele></trkpt><trkpt lat="43.76314" lon="3.71633"><ele>260.2</ele></trkpt><trkpt lat="43.76299" lon="3.71648"><ele>260.2</ele></trkpt><trkpt lat="43.76278" lon="3.71647"><ele>260.7</ele></trkpt><trkpt lat="43.76257" lon="3.71663"><ele>260.1</ele></trkpt><trkpt lat="43.7624" lon="3.71685"><ele>259.3</ele></trkpt><trkpt lat="43.76229" lon="3.71695"><ele>259</ele></trkpt><trkpt lat="43.76213" lon="3.71702"><ele>258.9</ele></trkpt><trkpt lat="43.76194" lon="3.71727"><ele>258</ele></trkpt><trkpt lat="43.76169" lon="3.71751"><ele>258</ele></trkpt><trkpt lat="43.76163" lon="3.71747"><ele>258.1</ele></trkpt><trkpt lat="43.76115" lon="3.71756"><ele>258</ele></trkpt><trkpt lat="43.76031" lon="3.71751"><ele>257.1</ele></trkpt><trkpt lat="43.75991" lon="3.71755"><ele>256.7</ele></trkpt><trkpt lat="43.75917" lon="3.71773"><ele>255</ele></trkpt><trkpt lat="43.75873" lon="3.71883"><ele>254.4</ele></trkpt><trkpt lat="43.75849" lon="3.71919"><ele>254</ele></trkpt><trkpt lat="43.7584" lon="3.71908"><ele>254</ele></trkpt><trkpt lat="43.75832" lon="3.71881"><ele>254</ele></trkpt><trkpt lat="43.75816" lon="3.7185"><ele>254.5</ele></trkpt><trkpt lat="43.75802" lon="3.71798"><ele>251.4</ele></trkpt><trkpt lat="43.75792" lon="3.71721"><ele>251.1</ele></trkpt><trkpt lat="43.75782" lon="3.71681"><ele>252.8</ele></trkpt><trkpt lat="43.75755" lon="3.71614"><ele>254.2</ele></trkpt><trkpt lat="43.75724" lon="3.71559"><ele>255.9</ele></trkpt><trkpt lat="43.75716" lon="3.71532"><ele>256</ele></trkpt><trkpt lat="43.75692" lon="3.71497"><ele>256</ele></trkpt><trkpt lat="43.75669" lon="3.71503"><ele>256</ele></trkpt><trkpt lat="43.75644" lon="3.71522"><ele>256</ele></trkpt><trkpt lat="43.75637" lon="3.71543"><ele>256</ele></trkpt><trkpt lat="43.75602" lon="3.71571"><ele>256</ele></trkpt><trkpt lat="43.75584" lon="3.71589"><ele>255.8</ele></trkpt><trkpt lat="43.75582" lon="3.71609"><ele>255.1</ele></trkpt><trkpt lat="43.75585" lon="3.71619"><ele>255.3</ele></trkpt><trkpt lat="43.7558" lon="3.71639"><ele>255.9</ele></trkpt><trkpt lat="43.75559" lon="3.71682"><ele>255</ele></trkpt><trkpt lat="43.75571" lon="3.71694"><ele>254.5</ele></trkpt><trkpt lat="43.75594" lon="3.71708"><ele>253.3</ele></trkpt><trkpt lat="43.75601" lon="3.71717"><ele>252.7</ele></trkpt><trkpt lat="43.75606" lon="3.71717"><ele>252.5</ele></trkpt><trkpt lat="43.7561" lon="3.71746"><ele>250.4</ele></trkpt><trkpt lat="43.75605" lon="3.71782"><ele>247.5</ele></trkpt><trkpt lat="43.75584" lon="3.7181"><ele>245.5</ele></trkpt><trkpt lat="43.75535" lon="3.7186"><ele>245.3</ele></trkpt><trkpt lat="43.75495" lon="3.71883"><ele>245</ele></trkpt><trkpt lat="43.75484" lon="3.71909"><ele>244.8</ele></trkpt><trkpt lat="43.75462" lon="3.71928"><ele>244.8</ele></trkpt><trkpt lat="43.75439" lon="3.71933"><ele>244.4</ele></trkpt><trkpt lat="43.75421" lon="3.71943"><ele>243.4</ele></trkpt><trkpt lat="43.75357" lon="3.7203"><ele>242.2</ele></trkpt><trkpt lat="43.75336" lon="3.72046"><ele>241.8</ele></trkpt><trkpt lat="43.75318" lon="3.72043"><ele>241.4</ele></trkpt><trkpt lat="43.75304" lon="3.72033"><ele>241</ele></trkpt><trkpt lat="43.75274" lon="3.72027"><ele>240.1</ele></trkpt><trkpt lat="43.75258" lon="3.72031"><ele>240</ele></trkpt><trkpt lat="43.75236" lon="3.72007"><ele>242.9</ele></trkpt><trkpt lat="43.75229" lon="3.71964"><ele>244.5</ele></trkpt><trkpt lat="43.75237" lon="3.719"><ele>247.6</ele></trkpt><trkpt lat="43.75236" lon="3.71872"><ele>248.9</ele></trkpt><trkpt lat="43.75241" lon="3.71837"><ele>251.1</ele></trkpt><trkpt lat="43.75246" lon="3.71829"><ele>251.4</ele></trkpt><trkpt lat="43.75243" lon="3.71822"><ele>252</ele></trkpt><trkpt lat="43.75234" lon="3.71819"><ele>252.3</ele></trkpt><trkpt lat="43.75225" lon="3.7182"><ele>252.4</ele></trkpt><trkpt lat="43.75216" lon="3.71803"><ele>252.6</ele></trkpt><trkpt lat="43.75213" lon="3.71787"><ele>252.3</ele></trkpt><trkpt lat="43.75231" lon="3.71749"><ele>253</ele></trkpt><trkpt lat="43.75198" lon="3.71674"><ele>250.3</ele></trkpt><trkpt lat="43.7519" lon="3.71646"><ele>250</ele></trkpt><trkpt lat="43.75195" lon="3.71629"><ele>249.6</ele></trkpt><trkpt lat="43.75288" lon="3.71615"><ele>247.5</ele></trkpt><trkpt lat="43.75322" lon="3.71607"><ele>247.9</ele></trkpt><trkpt lat="43.75338" lon="3.71598"><ele>248</ele></trkpt><trkpt lat="43.7537" lon="3.71593"><ele>248.3</ele></trkpt><trkpt lat="43.75384" lon="3.71583"><ele>248.8</ele></trkpt><trkpt lat="43.75406" lon="3.7153"><ele>247.9</ele></trkpt><trkpt lat="43.75415" lon="3.71499"><ele>248.8</ele></trkpt><trkpt lat="43.75412" lon="3.71438"><ele>247.3</ele></trkpt><trkpt lat="43.75417" lon="3.71382"><ele>245.8</ele></trkpt><trkpt lat="43.75463" lon="3.713"><ele>247.8</ele></trkpt><trkpt lat="43.7544" lon="3.71258"><ele>250.5</ele></trkpt><trkpt lat="43.75417" lon="3.71186"><ele>252.3</ele></trkpt><trkpt lat="43.75403" lon="3.71118"><ele>252.4</ele></trkpt><trkpt lat="43.75403" lon="3.71061"><ele>253</ele></trkpt><trkpt lat="43.75416" lon="3.7102"><ele>254.2</ele></trkpt><trkpt lat="43.75403" lon="3.70959"><ele>254.3</ele></trkpt><trkpt lat="43.75388" lon="3.70825"><ele>255.8</ele></trkpt><trkpt lat="43.75379" lon="3.70692"><ele>254.6</ele></trkpt><trkpt lat="43.75376" lon="3.70599"><ele>255.1</ele></trkpt><trkpt lat="43.75379" lon="3.70559"><ele>255.3</ele></trkpt><trkpt lat="43.75364" lon="3.70404"><ele>259.8</ele></trkpt><trkpt lat="43.75337" lon="3.70281"><ele>261.3</ele></trkpt><trkpt lat="43.75328" lon="3.70224"><ele>261.6</ele></trkpt><trkpt lat="43.75328" lon="3.70161"><ele>261.3</ele></trkpt><trkpt lat="43.7532" lon="3.70124"><ele>261.4</ele></trkpt><trkpt lat="43.75269" lon="3.70072"><ele>261.8</ele></trkpt><trkpt lat="43.75254" lon="3.70046"><ele>262</ele></trkpt><trkpt lat="43.75243" lon="3.70005"><ele>263.3</ele></trkpt><trkpt lat="43.75229" lon="3.69866"><ele>267.4</ele></trkpt><trkpt lat="43.75227" lon="3.69824"><ele>267.6</ele></trkpt><trkpt lat="43.75191" lon="3.69723"><ele>266.6</ele></trkpt><trkpt lat="43.75138" lon="3.69591"><ele>267.8</ele></trkpt><trkpt lat="43.75117" lon="3.69566"><ele>269.7</ele></trkpt><trkpt lat="43.75098" lon="3.69549"><ele>270</ele></trkpt><trkpt lat="43.75069" lon="3.69538"><ele>269.5</ele></trkpt><trkpt lat="43.75055" lon="3.69547"><ele>269</ele></trkpt><trkpt lat="43.75053" lon="3.69549"><ele>268.8</ele></trkpt><trkpt lat="43.75018" lon="3.69541"><ele>267.2</ele></trkpt><trkpt lat="43.75008" lon="3.69532"><ele>267.1</ele></trkpt><trkpt lat="43.7496" lon="3.69519"><ele>264.9</ele></trkpt><trkpt lat="43.74937" lon="3.69501"><ele>264.2</ele></trkpt><trkpt lat="43.74925" lon="3.69498"><ele>263</ele></trkpt><trkpt lat="43.74879" lon="3.69508"><ele>260.1</ele></trkpt><trkpt lat="43.74856" lon="3.6951"><ele>258.7</ele></trkpt><trkpt lat="43.74764" lon="3.69494"><ele>256.5</ele></trkpt><trkpt lat="43.74707" lon="3.69487"><ele>255.5</ele></trkpt><trkpt lat="43.74616" lon="3.69457"><ele>255.5</ele></trkpt><trkpt lat="43.74595" lon="3.69456"><ele>255.6</ele></trkpt><trkpt lat="43.74546" lon="3.69441"><ele>256</ele></trkpt><trkpt lat="43.74503" lon="3.69434"><ele>256.3</ele></trkpt><trkpt lat="43.74479" lon="3.69442"><ele>256.1</ele></trkpt><trkpt lat="43.74464" lon="3.69444"><ele>256.6</ele></trkpt><trkpt lat="43.74446" lon="3.6946"><ele>257.4</ele></trkpt><trkpt lat="43.74401" lon="3.69515"><ele>260.6</ele></trkpt><trkpt lat="43.7439" lon="3.69522"><ele>261</ele></trkpt><trkpt lat="43.74383" lon="3.69505"><ele>260.9</ele></trkpt><trkpt lat="43.7438" lon="3.69443"><ele>262.3</ele></trkpt><trkpt lat="43.74373" lon="3.69387"><ele>262.1</ele></trkpt><trkpt lat="43.74373" lon="3.69351"><ele>262.3</ele></trkpt><trkpt lat="43.74378" lon="3.69334"><ele>262.4</ele></trkpt><trkpt lat="43.74379" lon="3.69319"><ele>262.9</ele></trkpt><trkpt lat="43.7436" lon="3.69221"><ele>267</ele></trkpt><trkpt lat="43.74355" lon="3.69174"><ele>267.6</ele></trkpt><trkpt lat="43.74355" lon="3.69119"><ele>269.4</ele></trkpt><trkpt lat="43.74337" lon="3.69091"><ele>272.3</ele></trkpt><trkpt lat="43.74326" lon="3.69063"><ele>274.2</ele></trkpt><trkpt lat="43.74305" lon="3.68989"><ele>278.3</ele></trkpt><trkpt lat="43.74293" lon="3.6889"><ele>277.3</ele></trkpt><trkpt lat="43.74284" lon="3.6886"><ele>275.4</ele></trkpt><trkpt lat="43.74227" lon="3.68742"><ele>272.4</ele></trkpt><trkpt lat="43.74177" lon="3.68622"><ele>269.1</ele></trkpt><trkpt lat="43.74133" lon="3.68544"><ele>267.2</ele></trkpt><trkpt lat="43.74119" lon="3.68502"><ele>267.3</ele></trkpt><trkpt lat="43.74098" lon="3.6842"><ele>269.9</ele></trkpt><trkpt lat="43.74087" lon="3.68338"><ele>272.7</ele></trkpt><trkpt lat="43.74062" lon="3.68237"><ele>278.9</ele></trkpt><trkpt lat="43.74058" lon="3.68189"><ele>284.3</ele></trkpt><trkpt lat="43.74059" lon="3.68097"><ele>289.6</ele></trkpt><trkpt lat="43.74045" lon="3.68045"><ele>290.1</ele></trkpt><trkpt lat="43.74044" lon="3.6803"><ele>290.9</ele></trkpt><trkpt lat="43.74061" lon="3.67925"><ele>297.1</ele></trkpt><trkpt lat="43.74056" lon="3.67897"><ele>297.8</ele></trkpt><trkpt lat="43.74047" lon="3.67873"><ele>298.4</ele></trkpt><trkpt lat="43.73996" lon="3.67818"><ele>300.7</ele></trkpt><trkpt lat="43.73958" lon="3.67756"><ele>300.7</ele></trkpt><trkpt lat="43.73952" lon="3.67723"><ele>301.5</ele></trkpt><trkpt lat="43.73968" lon="3.67625"><ele>304.9</ele></trkpt><trkpt lat="43.73958" lon="3.67564"><ele>307.7</ele></trkpt><trkpt lat="43.73944" lon="3.67507"><ele>308.7</ele></trkpt><trkpt lat="43.73946" lon="3.6749"><ele>309.5</ele></trkpt><trkpt lat="43.73961" lon="3.67484"><ele>310.4</ele></trkpt><trkpt lat="43.73986" lon="3.67485"><ele>311.8</ele></trkpt><trkpt lat="43.74016" lon="3.67481"><ele>313.8</ele></trkpt><trkpt lat="43.74027" lon="3.67468"><ele>314.9</ele></trkpt><trkpt lat="43.74032" lon="3.67315"><ele>323.6</ele></trkpt><trkpt lat="43.74014" lon="3.67271"><ele>325.4</ele></trkpt><trkpt lat="43.74013" lon="3.67253"><ele>326.3</ele></trkpt><trkpt lat="43.74018" lon="3.67234"><ele>326.1</ele></trkpt><trkpt lat="43.74034" lon="3.67221"><ele>327.1</ele></trkpt><trkpt lat="43.7405" lon="3.67191"><ele>329.1</ele></trkpt><trkpt lat="43.74056" lon="3.67162"><ele>329.1</ele></trkpt><trkpt lat="43.74067" lon="3.67143"><ele>330.6</ele></trkpt><trkpt lat="43.74087" lon="3.6715"><ele>333.6</ele></trkpt><trkpt lat="43.74098" lon="3.6716"><ele>335.5</ele></trkpt><trkpt lat="43.74106" lon="3.67179"><ele>337.9</ele></trkpt><trkpt lat="43.74109" lon="3.67215"><ele>341.8</ele></trkpt><trkpt lat="43.74117" lon="3.67209"><ele>343</ele></trkpt><trkpt lat="43.74146" lon="3.67166"><ele>344.2</ele></trkpt><trkpt lat="43.74167" lon="3.67101"><ele>344.7</ele></trkpt><trkpt lat="43.74173" lon="3.67041"><ele>345</ele></trkpt><trkpt lat="43.74169" lon="3.66959"><ele>348.5</ele></trkpt><trkpt lat="43.74209" lon="3.66878"><ele>354.9</ele></trkpt><trkpt lat="43.74261" lon="3.66814"><ele>358.4</ele></trkpt><trkpt lat="43.74276" lon="3.66745"><ele>356.7</ele></trkpt><trkpt lat="43.74273" lon="3.66713"><ele>356</ele></trkpt><trkpt lat="43.74245" lon="3.66576"><ele>352.4</ele></trkpt><trkpt lat="43.74154" lon="3.66218"><ele>350.1</ele></trkpt><trkpt lat="43.74174" lon="3.66085"><ele>356.1</ele></trkpt><trkpt lat="43.74191" lon="3.66019"><ele>358.7</ele></trkpt><trkpt lat="43.74192" lon="3.65833"><ele>367.2</ele></trkpt><trkpt lat="43.74148" lon="3.65754"><ele>373.5</ele></trkpt><trkpt lat="43.74127" lon="3.65691"><ele>375.5</ele></trkpt><trkpt lat="43.74086" lon="3.65653"><ele>372.2</ele></trkpt><trkpt lat="43.74078" lon="3.65608"><ele>369.4</ele></trkpt><trkpt lat="43.74008" lon="3.65499"><ele>354.2</ele></trkpt><trkpt lat="43.73986" lon="3.65475"><ele>351.6</ele></trkpt><trkpt lat="43.73956" lon="3.6542"><ele>347.2</ele></trkpt><trkpt lat="43.73954" lon="3.6537"><ele>342.7</ele></trkpt><trkpt lat="43.73902" lon="3.65263"><ele>333.9</ele></trkpt><trkpt lat="43.73883" lon="3.65251"><ele>331.9</ele></trkpt><trkpt lat="43.73843" lon="3.65236"><ele>329</ele></trkpt><trkpt lat="43.73816" lon="3.65214"><ele>326.6</ele></trkpt><trkpt lat="43.73774" lon="3.65158"><ele>324.7</ele></trkpt><trkpt lat="43.73706" lon="3.6504"><ele>324.2</ele></trkpt><trkpt lat="43.7365" lon="3.6498"><ele>322.7</ele></trkpt><trkpt lat="43.73626" lon="3.64947"><ele>322</ele></trkpt><trkpt lat="43.73578" lon="3.64973"><ele>318.8</ele></trkpt><trkpt lat="43.73516" lon="3.64915"><ele>316.6</ele></trkpt><trkpt lat="43.73493" lon="3.64918"><ele>315.7</ele></trkpt><trkpt lat="43.73461" lon="3.64917"><ele>314.2</ele></trkpt><trkpt lat="43.73423" lon="3.64903"><ele>312.2</ele></trkpt><trkpt lat="43.73361" lon="3.64794"><ele>310</ele></trkpt><trkpt lat="43.73356" lon="3.64757"><ele>309.7</ele></trkpt><trkpt lat="43.73369" lon="3.6467"><ele>309.5</ele></trkpt><trkpt lat="43.73406" lon="3.64526"><ele>314.7</ele></trkpt><trkpt lat="43.73336" lon="3.64439"><ele>315.4</ele></trkpt><trkpt lat="43.733" lon="3.644"><ele>314.1</ele></trkpt><trkpt lat="43.73276" lon="3.64397"><ele>311.9</ele></trkpt><trkpt lat="43.73258" lon="3.64385"><ele>310.5</ele></trkpt><trkpt lat="43.7316" lon="3.64258"><ele>303.6</ele></trkpt><trkpt lat="43.7312" lon="3.64217"><ele>302.8</ele></trkpt><trkpt lat="43.73102" lon="3.64177"><ele>299.7</ele></trkpt><trkpt lat="43.73065" lon="3.64131"><ele>298.6</ele></trkpt><trkpt lat="43.73049" lon="3.64117"><ele>297.1</ele></trkpt><trkpt lat="43.73032" lon="3.64094"><ele>297</ele></trkpt><trkpt lat="43.72995" lon="3.63996"><ele>294.9</ele></trkpt><trkpt lat="43.72935" lon="3.63799"><ele>295.2</ele></trkpt><trkpt lat="43.72925" lon="3.63758"><ele>296</ele></trkpt><trkpt lat="43.72947" lon="3.63736"><ele>297</ele></trkpt><trkpt lat="43.7295" lon="3.63718"><ele>297.4</ele></trkpt><trkpt lat="43.72945" lon="3.63693"><ele>298</ele></trkpt><trkpt lat="43.72929" lon="3.63659"><ele>297.4</ele></trkpt><trkpt lat="43.72966" lon="3.63603"><ele>298.7</ele></trkpt><trkpt lat="43.72959" lon="3.63584"><ele>298.1</ele></trkpt><trkpt lat="43.72947" lon="3.63585"><ele>297.2</ele></trkpt><trkpt lat="43.72937" lon="3.63578"><ele>296.7</ele></trkpt><trkpt lat="43.72928" lon="3.63537"><ele>296.4</ele></trkpt><trkpt lat="43.72928" lon="3.63511"><ele>295.8</ele></trkpt><trkpt lat="43.72923" lon="3.63487"><ele>295.1</ele></trkpt><trkpt lat="43.72996" lon="3.63434"><ele>298.8</ele></trkpt><trkpt lat="43.73018" lon="3.6341"><ele>299.7</ele></trkpt><trkpt lat="43.73023" lon="3.63344"><ele>300.8</ele></trkpt><trkpt lat="43.73046" lon="3.63266"><ele>301.4</ele></trkpt><trkpt lat="43.73034" lon="3.63203"><ele>300.9</ele></trkpt><trkpt lat="43.7306" lon="3.63139"><ele>302.2</ele></trkpt><trkpt lat="43.7307" lon="3.63102"><ele>302.9</ele></trkpt><trkpt lat="43.73098" lon="3.63039"><ele>304.3</ele></trkpt><trkpt lat="43.73105" lon="3.62981"><ele>304.8</ele></trkpt><trkpt lat="43.73088" lon="3.62916"><ele>306.2</ele></trkpt><trkpt lat="43.73066" lon="3.62782"><ele>308.4</ele></trkpt><trkpt lat="43.73053" lon="3.62737"><ele>308.4</ele></trkpt><trkpt lat="43.73033" lon="3.62717"><ele>308.4</ele></trkpt><trkpt lat="43.73027" lon="3.62641"><ele>310</ele></trkpt><trkpt lat="43.73043" lon="3.62632"><ele>310.8</ele></trkpt><trkpt lat="43.73071" lon="3.62642"><ele>311.6</ele></trkpt><trkpt lat="43.7311" lon="3.62624"><ele>313</ele></trkpt><trkpt lat="43.73096" lon="3.62559"><ele>312.5</ele></trkpt><trkpt lat="43.73105" lon="3.62515"><ele>311.9</ele></trkpt><trkpt lat="43.73102" lon="3.62481"><ele>310.5</ele></trkpt><trkpt lat="43.73107" lon="3.62447"><ele>309.9</ele></trkpt><trkpt lat="43.73107" lon="3.62391"><ele>307.9</ele></trkpt><trkpt lat="43.73114" lon="3.62331"><ele>306.1</ele></trkpt><trkpt lat="43.73126" lon="3.62271"><ele>305.5</ele></trkpt><trkpt lat="43.73116" lon="3.62251"><ele>305.2</ele></trkpt><trkpt lat="43.73122" lon="3.62216"><ele>304.9</ele></trkpt><trkpt lat="43.73103" lon="3.62093"><ele>304</ele></trkpt><trkpt lat="43.73067" lon="3.62041"><ele>301.4</ele></trkpt><trkpt lat="43.73057" lon="3.62001"><ele>300.9</ele></trkpt><trkpt lat="43.73086" lon="3.61905"><ele>298.8</ele></trkpt><trkpt lat="43.7307" lon="3.61835"><ele>298.5</ele></trkpt><trkpt lat="43.73038" lon="3.61718"><ele>295.6</ele></trkpt><trkpt lat="43.72996" lon="3.61504"><ele>294.7</ele></trkpt><trkpt lat="43.72985" lon="3.61345"><ele>289.1</ele></trkpt><trkpt lat="43.72978" lon="3.61291"><ele>284.3</ele></trkpt><trkpt lat="43.72957" lon="3.61261"><ele>280.9</ele></trkpt><trkpt lat="43.7292" lon="3.61237"><ele>277.2</ele></trkpt><trkpt lat="43.72889" lon="3.61231"><ele>274.6</ele></trkpt><trkpt lat="43.72845" lon="3.61188"><ele>267.8</ele></trkpt><trkpt lat="43.72805" lon="3.61181"><ele>263.5</ele></trkpt><trkpt lat="43.72788" lon="3.61172"><ele>259.9</ele></trkpt><trkpt lat="43.72817" lon="3.61112"><ele>253</ele></trkpt><trkpt lat="43.72853" lon="3.61056"><ele>246.8</ele></trkpt><trkpt lat="43.7288" lon="3.61005"><ele>242.2</ele></trkpt><trkpt lat="43.72873" lon="3.60983"><ele>240.2</ele></trkpt><trkpt lat="43.72816" lon="3.60952"><ele>234.7</ele></trkpt><trkpt lat="43.72612" lon="3.61035"><ele>216.9</ele></trkpt><trkpt lat="43.72555" lon="3.61082"><ele>213.8</ele></trkpt><trkpt lat="43.72499" lon="3.61156"><ele>210.5</ele></trkpt><trkpt lat="43.72463" lon="3.61222"><ele>208.3</ele></trkpt><trkpt lat="43.72429" lon="3.61277"><ele>205.7</ele></trkpt><trkpt lat="43.72375" lon="3.61349"><ele>199.3</ele></trkpt><trkpt lat="43.72298" lon="3.6136"><ele>196.7</ele></trkpt><trkpt lat="43.72274" lon="3.61359"><ele>195.7</ele></trkpt><trkpt lat="43.72136" lon="3.61314"><ele>188.8</ele></trkpt><trkpt lat="43.72062" lon="3.6133"><ele>180.5</ele></trkpt><trkpt lat="43.72041" lon="3.6131"><ele>178.4</ele></trkpt><trkpt lat="43.72028" lon="3.61307"><ele>175.9</ele></trkpt><trkpt lat="43.72035" lon="3.61351"><ele>174.1</ele></trkpt><trkpt lat="43.71993" lon="3.61386"><ele>169.8</ele></trkpt><trkpt lat="43.71907" lon="3.61443"><ele>165.1</ele></trkpt><trkpt lat="43.71874" lon="3.61443"><ele>166.3</ele></trkpt><trkpt lat="43.71825" lon="3.61493"><ele>166.3</ele></trkpt><trkpt lat="43.71774" lon="3.61558"><ele>164.2</ele></trkpt><trkpt lat="43.71705" lon="3.61577"><ele>166.1</ele></trkpt><trkpt lat="43.71711" lon="3.61459"><ele>177.6</ele></trkpt><trkpt lat="43.71742" lon="3.61377"><ele>184.2</ele></trkpt><trkpt lat="43.71777" lon="3.61326"><ele>190.4</ele></trkpt><trkpt lat="43.71837" lon="3.61252"><ele>195.4</ele></trkpt><trkpt lat="43.71891" lon="3.61176"><ele>190.9</ele></trkpt><trkpt lat="43.71934" lon="3.61108"><ele>184.6</ele></trkpt><trkpt lat="43.71956" lon="3.61058"><ele>184.1</ele></trkpt><trkpt lat="43.72003" lon="3.61008"><ele>182.1</ele></trkpt><trkpt lat="43.72005" lon="3.60902"><ele>189.2</ele></trkpt><trkpt lat="43.71931" lon="3.60852"><ele>193.1</ele></trkpt><trkpt lat="43.71996" lon="3.60791"><ele>195.2</ele></trkpt><trkpt lat="43.7206" lon="3.6064"><ele>193.8</ele></trkpt><trkpt lat="43.72094" lon="3.60621"><ele>193.6</ele></trkpt><trkpt lat="43.72114" lon="3.60599"><ele>194.5</ele></trkpt><trkpt lat="43.72175" lon="3.6055"><ele>198.4</ele></trkpt><trkpt lat="43.72171" lon="3.60501"><ele>199.3</ele></trkpt><trkpt lat="43.72142" lon="3.60444"><ele>201.1</ele></trkpt><trkpt lat="43.72135" lon="3.60405"><ele>202.3</ele></trkpt><trkpt lat="43.72138" lon="3.60369"><ele>204.4</ele></trkpt><trkpt lat="43.7215" lon="3.60319"><ele>207.2</ele></trkpt><trkpt lat="43.72138" lon="3.60295"><ele>207.9</ele></trkpt><trkpt lat="43.72134" lon="3.60263"><ele>209.3</ele></trkpt><trkpt lat="43.72121" lon="3.60227"><ele>210.5</ele></trkpt><trkpt lat="43.72119" lon="3.60192"><ele>211.1</ele></trkpt><trkpt lat="43.72075" lon="3.60153"><ele>205.7</ele></trkpt><trkpt lat="43.72032" lon="3.60125"><ele>202.1</ele></trkpt><trkpt lat="43.71981" lon="3.60129"><ele>199</ele></trkpt><trkpt lat="43.7191" lon="3.60117"><ele>201.2</ele></trkpt><trkpt lat="43.71889" lon="3.60123"><ele>202.8</ele></trkpt><trkpt lat="43.71865" lon="3.60144"><ele>201</ele></trkpt><trkpt lat="43.71846" lon="3.60143"><ele>202.5</ele></trkpt><trkpt lat="43.71839" lon="3.60153"><ele>201.6</ele></trkpt><trkpt lat="43.71815" lon="3.60164"><ele>202.3</ele></trkpt><trkpt lat="43.71796" lon="3.60179"><ele>201.4</ele></trkpt><trkpt lat="43.71772" lon="3.60181"><ele>202.5</ele></trkpt><trkpt lat="43.71747" lon="3.60217"><ele>200.3</ele></trkpt><trkpt lat="43.7171" lon="3.60202"><ele>199.5</ele></trkpt><trkpt lat="43.71592" lon="3.60235"><ele>189.1</ele></trkpt><trkpt lat="43.71542" lon="3.60239"><ele>186.3</ele></trkpt><trkpt lat="43.71502" lon="3.60225"><ele>184</ele></trkpt><trkpt lat="43.71473" lon="3.60194"><ele>181.1</ele></trkpt><trkpt lat="43.71457" lon="3.60183"><ele>180.9</ele></trkpt><trkpt lat="43.71442" lon="3.60184"><ele>180.4</ele></trkpt><trkpt lat="43.7143" lon="3.60172"><ele>180.5</ele></trkpt><trkpt lat="43.71426" lon="3.60146"><ele>179.1</ele></trkpt><trkpt lat="43.71399" lon="3.60094"><ele>170.7</ele></trkpt><trkpt lat="43.71434" lon="3.60045"><ele>164.7</ele></trkpt><trkpt lat="43.7141" lon="3.60015"><ele>158.3</ele></trkpt><trkpt lat="43.71432" lon="3.59973"><ele>153.2</ele></trkpt><trkpt lat="43.71414" lon="3.59939"><ele>147.4</ele></trkpt><trkpt lat="43.71431" lon="3.59882"><ele>144.5</ele></trkpt><trkpt lat="43.7143" lon="3.59827"><ele>141</ele></trkpt><trkpt lat="43.71451" lon="3.5956"><ele>120.3</ele></trkpt><trkpt lat="43.71465" lon="3.59509"><ele>115.9</ele></trkpt><trkpt lat="43.71466" lon="3.59475"><ele>116.4</ele></trkpt><trkpt lat="43.71461" lon="3.59455"><ele>118.2</ele></trkpt><trkpt lat="43.71412" lon="3.59356"><ele>131.2</ele></trkpt><trkpt lat="43.7142" lon="3.5929"><ele>138.7</ele></trkpt><trkpt lat="43.7144" lon="3.59244"><ele>142.8</ele></trkpt><trkpt lat="43.7148" lon="3.5921"><ele>142.8</ele></trkpt><trkpt lat="43.71524" lon="3.59138"><ele>135.6</ele></trkpt><trkpt lat="43.71533" lon="3.59108"><ele>132.1</ele></trkpt><trkpt lat="43.71415" lon="3.59111"><ele>121.9</ele></trkpt><trkpt lat="43.71402" lon="3.59035"><ele>130.1</ele></trkpt><trkpt lat="43.71377" lon="3.58968"><ele>130.4</ele></trkpt><trkpt lat="43.71304" lon="3.58872"><ele>128.3</ele></trkpt><trkpt lat="43.71232" lon="3.5877"><ele>118</ele></trkpt><trkpt lat="43.71182" lon="3.58688"><ele>109.4</ele></trkpt><trkpt lat="43.71188" lon="3.58566"><ele>109.4</ele></trkpt><trkpt lat="43.71179" lon="3.58498"><ele>109.9</ele></trkpt><trkpt lat="43.71145" lon="3.58352"><ele>113.8</ele></trkpt><trkpt lat="43.71141" lon="3.58304"><ele>115.2</ele></trkpt><trkpt lat="43.71068" lon="3.58052"><ele>113.9</ele></trkpt><trkpt lat="43.71039" lon="3.57967"><ele>112.7</ele></trkpt><trkpt lat="43.70982" lon="3.5789"><ele>105.4</ele></trkpt><trkpt lat="43.70948" lon="3.57832"><ele>103.4</ele></trkpt><trkpt lat="43.70902" lon="3.57719"><ele>101.5</ele></trkpt><trkpt lat="43.70875" lon="3.57635"><ele>101.1</ele></trkpt><trkpt lat="43.7086" lon="3.57579"><ele>102.1</ele></trkpt><trkpt lat="43.70859" lon="3.57566"><ele>102.5</ele></trkpt><trkpt lat="43.70862" lon="3.57551"><ele>103.2</ele></trkpt><trkpt lat="43.70861" lon="3.57537"><ele>103.7</ele></trkpt><trkpt lat="43.70845" lon="3.57485"><ele>100.6</ele></trkpt><trkpt lat="43.70852" lon="3.57442"><ele>97.9</ele></trkpt><trkpt lat="43.70844" lon="3.57388"><ele>95.1</ele></trkpt><trkpt lat="43.70849" lon="3.5723"><ele>98</ele></trkpt><trkpt lat="43.70847" lon="3.57075"><ele>100.2</ele></trkpt><trkpt lat="43.70772" lon="3.56884"><ele>95.6</ele></trkpt><trkpt lat="43.70763" lon="3.5675"><ele>95.3</ele></trkpt><trkpt lat="43.70753" lon="3.56723"><ele>95.4</ele></trkpt><trkpt lat="43.70753" lon="3.56689"><ele>95.4</ele></trkpt><trkpt lat="43.7073" lon="3.56619"><ele>93.9</ele></trkpt><trkpt lat="43.70678" lon="3.56393"><ele>88.5</ele></trkpt><trkpt lat="43.70674" lon="3.56271"><ele>84.2</ele></trkpt><trkpt lat="43.70675" lon="3.5617"><ele>75.7</ele></trkpt><trkpt lat="43.70696" lon="3.56113"><ele>74.6</ele></trkpt><trkpt lat="43.70703" lon="3.56049"><ele>74.7</ele></trkpt><trkpt lat="43.70694" lon="3.56033"><ele>71.1</ele></trkpt><trkpt lat="43.70715" lon="3.5596"><ele>67.7</ele></trkpt><trkpt lat="43.70722" lon="3.55881"><ele>63.3</ele></trkpt><trkpt lat="43.70767" lon="3.55786"><ele>57.8</ele></trkpt><trkpt lat="43.70758" lon="3.55727"><ele>45.1</ele></trkpt><trkpt lat="43.70716" lon="3.55618"><ele>63.4</ele></trkpt><trkpt lat="43.70601" lon="3.55535"><ele>73.4</ele></trkpt><trkpt lat="43.70537" lon="3.55531"><ele>79.5</ele></trkpt><trkpt lat="43.70467" lon="3.5547"><ele>83.5</ele></trkpt><trkpt lat="43.70366" lon="3.55367"><ele>89.1</ele></trkpt><trkpt lat="43.70242" lon="3.55269"><ele>92.1</ele></trkpt><trkpt lat="43.70205" lon="3.55168"><ele>98.2</ele></trkpt><trkpt lat="43.70217" lon="3.55187"><ele>96.8</ele></trkpt><trkpt lat="43.7015" lon="3.55027"><ele>101</ele></trkpt><trkpt lat="43.70137" lon="3.54962"><ele>103.1</ele></trkpt><trkpt lat="43.70143" lon="3.54893"><ele>104.7</ele></trkpt><trkpt lat="43.70161" lon="3.5482"><ele>107.2</ele></trkpt><trkpt lat="43.70168" lon="3.54755"><ele>108.9</ele></trkpt><trkpt lat="43.70163" lon="3.54646"><ele>113</ele></trkpt><trkpt lat="43.7015" lon="3.54531"><ele>119.8</ele></trkpt><trkpt lat="43.70172" lon="3.54443"><ele>124.2</ele></trkpt><trkpt lat="43.70159" lon="3.54341"><ele>129</ele></trkpt><trkpt lat="43.70158" lon="3.54167"><ele>133.4</ele></trkpt><trkpt lat="43.70213" lon="3.54165"><ele>138</ele></trkpt><trkpt lat="43.70267" lon="3.54094"><ele>141.4</ele></trkpt><trkpt lat="43.70299" lon="3.54014"><ele>145</ele></trkpt><trkpt lat="43.70315" lon="3.53874"><ele>151</ele></trkpt><trkpt lat="43.70337" lon="3.53814"><ele>154.7</ele></trkpt><trkpt lat="43.70292" lon="3.53745"><ele>156.6</ele></trkpt><trkpt lat="43.70276" lon="3.53626"><ele>161.5</ele></trkpt><trkpt lat="43.70252" lon="3.53508"><ele>165.1</ele></trkpt><trkpt lat="43.70244" lon="3.53439"><ele>166.9</ele></trkpt><trkpt lat="43.70259" lon="3.53423"><ele>170</ele></trkpt><trkpt lat="43.70255" lon="3.53454"><ele>170.2</ele></trkpt><trkpt lat="43.70268" lon="3.53494"><ele>171.5</ele></trkpt><trkpt lat="43.70288" lon="3.53531"><ele>174.5</ele></trkpt><trkpt lat="43.70305" lon="3.53596"><ele>175.9</ele></trkpt><trkpt lat="43.70329" lon="3.53668"><ele>177.3</ele></trkpt><trkpt lat="43.70351" lon="3.53688"><ele>180</ele></trkpt><trkpt lat="43.70363" lon="3.53695"><ele>181.2</ele></trkpt><trkpt lat="43.70394" lon="3.53701"><ele>185</ele></trkpt><trkpt lat="43.70405" lon="3.53727"><ele>184.1</ele></trkpt><trkpt lat="43.70432" lon="3.53752"><ele>186.3</ele></trkpt><trkpt lat="43.7048" lon="3.53752"><ele>193.5</ele></trkpt><trkpt lat="43.70474" lon="3.53855"><ele>195.5</ele></trkpt><trkpt lat="43.70484" lon="3.53942"><ele>198.4</ele></trkpt><trkpt lat="43.70542" lon="3.54063"><ele>208.3</ele></trkpt><trkpt lat="43.70572" lon="3.54143"><ele>213.2</ele></trkpt><trkpt lat="43.70622" lon="3.5418"><ele>217.5</ele></trkpt><trkpt lat="43.70676" lon="3.54177"><ele>223</ele></trkpt><trkpt lat="43.70769" lon="3.54154"><ele>227.5</ele></trkpt><trkpt lat="43.70672" lon="3.54107"><ele>237</ele></trkpt><trkpt lat="43.70651" lon="3.5404"><ele>241.3</ele></trkpt><trkpt lat="43.70626" lon="3.53903"><ele>249.5</ele></trkpt><trkpt lat="43.7064" lon="3.53819"><ele>256.9</ele></trkpt><trkpt lat="43.70685" lon="3.53693"><ele>265.2</ele></trkpt><trkpt lat="43.70723" lon="3.53639"><ele>271.1</ele></trkpt><trkpt lat="43.70754" lon="3.5364"><ele>275.3</ele></trkpt><trkpt lat="43.70766" lon="3.53645"><ele>276.6</ele></trkpt><trkpt lat="43.70788" lon="3.53661"><ele>280.3</ele></trkpt><trkpt lat="43.70756" lon="3.53686"><ele>281.1</ele></trkpt><trkpt lat="43.70749" lon="3.53729"><ele>283.3</ele></trkpt><trkpt lat="43.70762" lon="3.53776"><ele>288.1</ele></trkpt><trkpt lat="43.70786" lon="3.53831"><ele>292.3</ele></trkpt><trkpt lat="43.70947" lon="3.53808"><ele>300.2</ele></trkpt><trkpt lat="43.71042" lon="3.53801"><ele>309.6</ele></trkpt><trkpt lat="43.71153" lon="3.53782"><ele>317.4</ele></trkpt><trkpt lat="43.7139" lon="3.53751"><ele>337.1</ele></trkpt><trkpt lat="43.71491" lon="3.53731"><ele>345.9</ele></trkpt><trkpt lat="43.71569" lon="3.5373"><ele>348.1</ele></trkpt><trkpt lat="43.7166" lon="3.53751"><ele>349</ele></trkpt><trkpt lat="43.71722" lon="3.53752"><ele>349</ele></trkpt><trkpt lat="43.71894" lon="3.5371"><ele>346.7</ele></trkpt><trkpt lat="43.71977" lon="3.537"><ele>348.1</ele></trkpt><trkpt lat="43.72083" lon="3.53658"><ele>346</ele></trkpt><trkpt lat="43.72101" lon="3.53597"><ele>346.3</ele></trkpt><trkpt lat="43.72197" lon="3.53507"><ele>352.9</ele></trkpt><trkpt lat="43.72238" lon="3.53437"><ele>358.1</ele></trkpt><trkpt lat="43.72229" lon="3.53358"><ele>362.9</ele></trkpt><trkpt lat="43.72228" lon="3.53283"><ele>367.7</ele></trkpt><trkpt lat="43.72218" lon="3.5322"><ele>369</ele></trkpt><trkpt lat="43.72257" lon="3.53255"><ele>374.3</ele></trkpt><trkpt lat="43.72284" lon="3.53299"><ele>376.1</ele></trkpt><trkpt lat="43.72314" lon="3.53327"><ele>377.6</ele></trkpt><trkpt lat="43.72351" lon="3.53314"><ele>381.9</ele></trkpt><trkpt lat="43.724" lon="3.5331"><ele>382.1</ele></trkpt><trkpt lat="43.72361" lon="3.53284"><ele>387.1</ele></trkpt><trkpt lat="43.72344" lon="3.53257"><ele>389.3</ele></trkpt><trkpt lat="43.72325" lon="3.53152"><ele>394.8</ele></trkpt><trkpt lat="43.72331" lon="3.53075"><ele>398.1</ele></trkpt><trkpt lat="43.72392" lon="3.5293"><ele>411.5</ele></trkpt><trkpt lat="43.7241" lon="3.5292"><ele>414.9</ele></trkpt><trkpt lat="43.72388" lon="3.52992"><ele>413.2</ele></trkpt><trkpt lat="43.72388" lon="3.53047"><ele>414.8</ele></trkpt><trkpt lat="43.724" lon="3.5307"><ele>416.3</ele></trkpt><trkpt lat="43.72447" lon="3.5309"><ele>420.1</ele></trkpt><trkpt lat="43.72428" lon="3.53039"><ele>422.7</ele></trkpt><trkpt lat="43.72452" lon="3.52996"><ele>427.4</ele></trkpt><trkpt lat="43.72475" lon="3.52933"><ele>433.4</ele></trkpt><trkpt lat="43.72496" lon="3.53004"><ele>435.5</ele></trkpt><trkpt lat="43.72505" lon="3.52863"><ele>443</ele></trkpt><trkpt lat="43.7253" lon="3.52776"><ele>451.7</ele></trkpt><trkpt lat="43.72525" lon="3.52726"><ele>453.8</ele></trkpt><trkpt lat="43.72533" lon="3.52663"><ele>455.7</ele></trkpt><trkpt lat="43.72626" lon="3.52545"><ele>472.3</ele></trkpt><trkpt lat="43.72658" lon="3.52477"><ele>474.7</ele></trkpt><trkpt lat="43.72698" lon="3.52428"><ele>483.6</ele></trkpt><trkpt lat="43.72751" lon="3.524"><ele>490</ele></trkpt><trkpt lat="43.72786" lon="3.52347"><ele>485.8</ele></trkpt><trkpt lat="43.72812" lon="3.52294"><ele>488.5</ele></trkpt><trkpt lat="43.72853" lon="3.52247"><ele>491.2</ele></trkpt><trkpt lat="43.72898" lon="3.52222"><ele>492.4</ele></trkpt><trkpt lat="43.72911" lon="3.52236"><ele>492.4</ele></trkpt><trkpt lat="43.72876" lon="3.52337"><ele>488.6</ele></trkpt><trkpt lat="43.72881" lon="3.52368"><ele>490.4</ele></trkpt><trkpt lat="43.72924" lon="3.52375"><ele>496.8</ele></trkpt><trkpt lat="43.7297" lon="3.52378"><ele>500.9</ele></trkpt><trkpt lat="43.72975" lon="3.52394"><ele>499.5</ele></trkpt><trkpt lat="43.72947" lon="3.52433"><ele>498.6</ele></trkpt><trkpt lat="43.72937" lon="3.52471"><ele>499.9</ele></trkpt><trkpt lat="43.72932" lon="3.52549"><ele>504.9</ele></trkpt><trkpt lat="43.72944" lon="3.52583"><ele>509.9</ele></trkpt><trkpt lat="43.72975" lon="3.52586"><ele>511.4</ele></trkpt><trkpt lat="43.73026" lon="3.52575"><ele>518.3</ele></trkpt><trkpt lat="43.73074" lon="3.52589"><ele>524</ele></trkpt><trkpt lat="43.73108" lon="3.52635"><ele>527.6</ele></trkpt><trkpt lat="43.73161" lon="3.52675"><ele>532.7</ele></trkpt><trkpt lat="43.73253" lon="3.52724"><ele>543.9</ele></trkpt><trkpt lat="43.73309" lon="3.52532"><ele>553.9</ele></trkpt><trkpt lat="43.73437" lon="3.5235"><ele>557.3</ele></trkpt><trkpt lat="43.73488" lon="3.52271"><ele>549.5</ele></trkpt><trkpt lat="43.73508" lon="3.52211"><ele>546.3</ele></trkpt><trkpt lat="43.73544" lon="3.52178"><ele>539.8</ele></trkpt><trkpt lat="43.73516" lon="3.52107"><ele>540.3</ele></trkpt><trkpt lat="43.73504" lon="3.52063"><ele>539.8</ele></trkpt><trkpt lat="43.7352" lon="3.52035"><ele>533.6</ele></trkpt><trkpt lat="43.73542" lon="3.51932"><ele>524</ele></trkpt><trkpt lat="43.73557" lon="3.5183"><ele>520</ele></trkpt><trkpt lat="43.73578" lon="3.51748"><ele>512.1</ele></trkpt><trkpt lat="43.73532" lon="3.51779"><ele>519.8</ele></trkpt><trkpt lat="43.7353" lon="3.51732"><ele>518.3</ele></trkpt><trkpt lat="43.73517" lon="3.51659"><ele>509.5</ele></trkpt><trkpt lat="43.73492" lon="3.51619"><ele>506.1</ele></trkpt><trkpt lat="43.73515" lon="3.5158"><ele>499.1</ele></trkpt><trkpt lat="43.73537" lon="3.51535"><ele>492.7</ele></trkpt><trkpt lat="43.73553" lon="3.51495"><ele>488.9</ele></trkpt><trkpt lat="43.7356" lon="3.51458"><ele>487.6</ele></trkpt><trkpt lat="43.73574" lon="3.51441"><ele>480.9</ele></trkpt><trkpt lat="43.73601" lon="3.51393"><ele>474.4</ele></trkpt><trkpt lat="43.73601" lon="3.51299"><ele>467.3</ele></trkpt><trkpt lat="43.73647" lon="3.51248"><ele>459.3</ele></trkpt><trkpt lat="43.73675" lon="3.51172"><ele>460.1</ele></trkpt><trkpt lat="43.73697" lon="3.51146"><ele>455.8</ele></trkpt><trkpt lat="43.73697" lon="3.51107"><ele>454.8</ele></trkpt><trkpt lat="43.73759" lon="3.50961"><ele>443.3</ele></trkpt><trkpt lat="43.738" lon="3.50941"><ele>435</ele></trkpt><trkpt lat="43.73835" lon="3.50902"><ele>431.3</ele></trkpt><trkpt lat="43.73851" lon="3.50856"><ele>430.7</ele></trkpt><trkpt lat="43.73885" lon="3.50868"><ele>428.4</ele></trkpt><trkpt lat="43.73976" lon="3.50835"><ele>429.9</ele></trkpt><trkpt lat="43.74058" lon="3.50699"><ele>431.8</ele></trkpt><trkpt lat="43.74096" lon="3.50609"><ele>433.7</ele></trkpt><trkpt lat="43.74089" lon="3.50441"><ele>441.9</ele></trkpt><trkpt lat="43.74116" lon="3.50366"><ele>445.9</ele></trkpt><trkpt lat="43.74117" lon="3.50284"><ele>452.6</ele></trkpt><trkpt lat="43.74132" lon="3.5021"><ele>455.5</ele></trkpt><trkpt lat="43.74095" lon="3.5015"><ele>453.3</ele></trkpt><trkpt lat="43.74088" lon="3.50122"><ele>454.4</ele></trkpt><trkpt lat="43.74067" lon="3.50091"><ele>455.1</ele></trkpt><trkpt lat="43.74051" lon="3.50086"><ele>455.7</ele></trkpt><trkpt lat="43.74027" lon="3.50116"><ele>453.4</ele></trkpt><trkpt lat="43.73979" lon="3.50147"><ele>450.5</ele></trkpt><trkpt lat="43.73969" lon="3.501"><ele>452</ele></trkpt><trkpt lat="43.73993" lon="3.50047"><ele>453.7</ele></trkpt><trkpt lat="43.73986" lon="3.50026"><ele>452.1</ele></trkpt><trkpt lat="43.73952" lon="3.50017"><ele>448.8</ele></trkpt><trkpt lat="43.73929" lon="3.49949"><ele>452</ele></trkpt><trkpt lat="43.73915" lon="3.49945"><ele>451.9</ele></trkpt><trkpt lat="43.73891" lon="3.49946"><ele>450.9</ele></trkpt><trkpt lat="43.73854" lon="3.49887"><ele>449.6</ele></trkpt><trkpt lat="43.73867" lon="3.49813"><ele>445.3</ele></trkpt><trkpt lat="43.73848" lon="3.49791"><ele>441.1</ele></trkpt><trkpt lat="43.73822" lon="3.49728"><ele>437.3</ele></trkpt><trkpt lat="43.73735" lon="3.49591"><ele>429.9</ele></trkpt><trkpt lat="43.73655" lon="3.49503"><ele>420</ele></trkpt><trkpt lat="43.73633" lon="3.49474"><ele>415.9</ele></trkpt><trkpt lat="43.73631" lon="3.4943"><ele>416.7</ele></trkpt><trkpt lat="43.7359" lon="3.49356"><ele>409.7</ele></trkpt><trkpt lat="43.73455" lon="3.49183"><ele>393.8</ele></trkpt><trkpt lat="43.7358" lon="3.49346"><ele>407.7</ele></trkpt><trkpt lat="43.73613" lon="3.49395"><ele>413.6</ele></trkpt><trkpt lat="43.73628" lon="3.4943"><ele>415.5</ele></trkpt><trkpt lat="43.73637" lon="3.49476"><ele>416.9</ele></trkpt><trkpt lat="43.73655" lon="3.49507"><ele>419.4</ele></trkpt><trkpt lat="43.73721" lon="3.49571"><ele>428</ele></trkpt><trkpt lat="43.73808" lon="3.49711"><ele>435</ele></trkpt><trkpt lat="43.73864" lon="3.49814"><ele>444.6</ele></trkpt><trkpt lat="43.73853" lon="3.49887"><ele>449.6</ele></trkpt><trkpt lat="43.73893" lon="3.49951"><ele>450.2</ele></trkpt><trkpt lat="43.73926" lon="3.49949"><ele>451.9</ele></trkpt><trkpt lat="43.73949" lon="3.50018"><ele>448.2</ele></trkpt><trkpt lat="43.73987" lon="3.50022"><ele>452.8</ele></trkpt><trkpt lat="43.73993" lon="3.50039"><ele>453.3</ele></trkpt><trkpt lat="43.73966" lon="3.5011"><ele>451.7</ele></trkpt><trkpt lat="43.73982" lon="3.50153"><ele>449.8</ele></trkpt><trkpt lat="43.74044" lon="3.50097"><ele>454.8</ele></trkpt><trkpt lat="43.74061" lon="3.50091"><ele>454</ele></trkpt><trkpt lat="43.74081" lon="3.50106"><ele>454.5</ele></trkpt><trkpt lat="43.74124" lon="3.50184"><ele>455.3</ele></trkpt><trkpt lat="43.74127" lon="3.50219"><ele>453.8</ele></trkpt><trkpt lat="43.74107" lon="3.5038"><ele>443.6</ele></trkpt><trkpt lat="43.74086" lon="3.50479"><ele>440.9</ele></trkpt><trkpt lat="43.74096" lon="3.50593"><ele>434.3</ele></trkpt><trkpt lat="43.7406" lon="3.50702"><ele>431</ele></trkpt><trkpt lat="43.74049" lon="3.50768"><ele>426.1</ele></trkpt><trkpt lat="43.74017" lon="3.50874"><ele>422.7</ele></trkpt><trkpt lat="43.7398" lon="3.50913"><ele>419.7</ele></trkpt><trkpt lat="43.7397" lon="3.50962"><ele>418.6</ele></trkpt><trkpt lat="43.73922" lon="3.51003"><ele>414.7</ele></trkpt><trkpt lat="43.73902" lon="3.51054"><ele>411.9</ele></trkpt><trkpt lat="43.73914" lon="3.51087"><ele>409.9</ele></trkpt><trkpt lat="43.73946" lon="3.5111"><ele>408.2</ele></trkpt><trkpt lat="43.73989" lon="3.51131"><ele>403.3</ele></trkpt><trkpt lat="43.74011" lon="3.51102"><ele>404.5</ele></trkpt><trkpt lat="43.7403" lon="3.51109"><ele>400.2</ele></trkpt><trkpt lat="43.74053" lon="3.51157"><ele>394</ele></trkpt><trkpt lat="43.74111" lon="3.51148"><ele>394</ele></trkpt><trkpt lat="43.74136" lon="3.51184"><ele>387.5</ele></trkpt><trkpt lat="43.74161" lon="3.51184"><ele>387.5</ele></trkpt><trkpt lat="43.74193" lon="3.51204"><ele>380.9</ele></trkpt><trkpt lat="43.74256" lon="3.51154"><ele>377</ele></trkpt><trkpt lat="43.74283" lon="3.51075"><ele>374</ele></trkpt><trkpt lat="43.74308" lon="3.51022"><ele>372</ele></trkpt><trkpt lat="43.7433" lon="3.51117"><ele>367.3</ele></trkpt><trkpt lat="43.74313" lon="3.51137"><ele>366.1</ele></trkpt><trkpt lat="43.74303" lon="3.5118"><ele>364.8</ele></trkpt><trkpt lat="43.74288" lon="3.51216"><ele>362.3</ele></trkpt><trkpt lat="43.74253" lon="3.51242"><ele>359.7</ele></trkpt><trkpt lat="43.74242" lon="3.5127"><ele>358.7</ele></trkpt><trkpt lat="43.74222" lon="3.513"><ele>352.2</ele></trkpt><trkpt lat="43.74208" lon="3.51358"><ele>350.4</ele></trkpt><trkpt lat="43.74212" lon="3.51452"><ele>343.3</ele></trkpt><trkpt lat="43.74186" lon="3.51494"><ele>336.8</ele></trkpt><trkpt lat="43.74182" lon="3.5153"><ele>332.6</ele></trkpt><trkpt lat="43.74198" lon="3.51551"><ele>328.4</ele></trkpt><trkpt lat="43.74234" lon="3.51571"><ele>327.6</ele></trkpt><trkpt lat="43.74257" lon="3.51587"><ele>330.2</ele></trkpt><trkpt lat="43.74279" lon="3.51593"><ele>331.9</ele></trkpt><trkpt lat="43.743" lon="3.51614"><ele>333</ele></trkpt><trkpt lat="43.74322" lon="3.51615"><ele>335.3</ele></trkpt><trkpt lat="43.74339" lon="3.51637"><ele>336.7</ele></trkpt><trkpt lat="43.74368" lon="3.51656"><ele>341.7</ele></trkpt><trkpt lat="43.74412" lon="3.51665"><ele>343.3</ele></trkpt><trkpt lat="43.74436" lon="3.51683"><ele>345.2</ele></trkpt><trkpt lat="43.74463" lon="3.51683"><ele>347</ele></trkpt><trkpt lat="43.74509" lon="3.51699"><ele>350.5</ele></trkpt><trkpt lat="43.74547" lon="3.51699"><ele>354.4</ele></trkpt><trkpt lat="43.74593" lon="3.51687"><ele>364</ele></trkpt><trkpt lat="43.74616" lon="3.51712"><ele>371.7</ele></trkpt><trkpt lat="43.74693" lon="3.5177"><ele>366.4</ele></trkpt><trkpt lat="43.7473" lon="3.51804"><ele>369.8</ele></trkpt><trkpt lat="43.74761" lon="3.5184"><ele>371.7</ele></trkpt><trkpt lat="43.74791" lon="3.5185"><ele>370.8</ele></trkpt><trkpt lat="43.74839" lon="3.51908"><ele>376.3</ele></trkpt><trkpt lat="43.74865" lon="3.51968"><ele>378.4</ele></trkpt><trkpt lat="43.74857" lon="3.52022"><ele>385</ele></trkpt><trkpt lat="43.74863" lon="3.52038"><ele>385.4</ele></trkpt><trkpt lat="43.74862" lon="3.52073"><ele>388.2</ele></trkpt><trkpt lat="43.74837" lon="3.5209"><ele>392.6</ele></trkpt><trkpt lat="43.74851" lon="3.52214"><ele>395.9</ele></trkpt><trkpt lat="43.74872" lon="3.52232"><ele>397.6</ele></trkpt><trkpt lat="43.7487" lon="3.5228"><ele>399.7</ele></trkpt><trkpt lat="43.74851" lon="3.52329"><ele>400.3</ele></trkpt><trkpt lat="43.74835" lon="3.52388"><ele>399.4</ele></trkpt><trkpt lat="43.74839" lon="3.52425"><ele>402.8</ele></trkpt><trkpt lat="43.7487" lon="3.52431"><ele>402.7</ele></trkpt><trkpt lat="43.74913" lon="3.52457"><ele>404.8</ele></trkpt><trkpt lat="43.74923" lon="3.52467"><ele>406.3</ele></trkpt><trkpt lat="43.74933" lon="3.52485"><ele>406.5</ele></trkpt><trkpt lat="43.74954" lon="3.52498"><ele>405</ele></trkpt><trkpt lat="43.74992" lon="3.52606"><ele>407.1</ele></trkpt><trkpt lat="43.75022" lon="3.52641"><ele>409.6</ele></trkpt><trkpt lat="43.75066" lon="3.52654"><ele>412</ele></trkpt><trkpt lat="43.75032" lon="3.52714"><ele>413.1</ele></trkpt><trkpt lat="43.75016" lon="3.52757"><ele>415.7</ele></trkpt><trkpt lat="43.74984" lon="3.5275"><ele>415.8</ele></trkpt><trkpt lat="43.74953" lon="3.52789"><ele>418.7</ele></trkpt><trkpt lat="43.74934" lon="3.52828"><ele>423.6</ele></trkpt><trkpt lat="43.74951" lon="3.52949"><ele>430.5</ele></trkpt><trkpt lat="43.74948" lon="3.53015"><ele>441.4</ele></trkpt><trkpt lat="43.74896" lon="3.5311"><ele>439.7</ele></trkpt><trkpt lat="43.74862" lon="3.53134"><ele>443.2</ele></trkpt><trkpt lat="43.74823" lon="3.53148"><ele>445.7</ele></trkpt><trkpt lat="43.74798" lon="3.53174"><ele>449</ele></trkpt><trkpt lat="43.74716" lon="3.53146"><ele>455.8</ele></trkpt><trkpt lat="43.74679" lon="3.53138"><ele>460.3</ele></trkpt><trkpt lat="43.74651" lon="3.53079"><ele>464.9</ele></trkpt><trkpt lat="43.74635" lon="3.53193"><ele>473.1</ele></trkpt><trkpt lat="43.74648" lon="3.53231"><ele>476.9</ele></trkpt><trkpt lat="43.74647" lon="3.53306"><ele>487</ele></trkpt><trkpt lat="43.74678" lon="3.53312"><ele>483.5</ele></trkpt><trkpt lat="43.74718" lon="3.53292"><ele>481.4</ele></trkpt><trkpt lat="43.7476" lon="3.53294"><ele>482.2</ele></trkpt><trkpt lat="43.74807" lon="3.53324"><ele>484.1</ele></trkpt><trkpt lat="43.7487" lon="3.53291"><ele>482.6</ele></trkpt><trkpt lat="43.74908" lon="3.53243"><ele>476.7</ele></trkpt><trkpt lat="43.74965" lon="3.533"><ele>487.1</ele></trkpt><trkpt lat="43.74982" lon="3.53288"><ele>481.7</ele></trkpt><trkpt lat="43.7502" lon="3.53352"><ele>486.2</ele></trkpt><trkpt lat="43.75074" lon="3.53328"><ele>481.7</ele></trkpt><trkpt lat="43.75093" lon="3.53351"><ele>487.7</ele></trkpt><trkpt lat="43.75112" lon="3.5334"><ele>484</ele></trkpt><trkpt lat="43.75126" lon="3.53313"><ele>480.5</ele></trkpt><trkpt lat="43.75149" lon="3.53313"><ele>484.2</ele></trkpt><trkpt lat="43.75154" lon="3.5331"><ele>484.3</ele></trkpt><trkpt lat="43.75166" lon="3.5328"><ele>483.9</ele></trkpt><trkpt lat="43.75189" lon="3.5329"><ele>482.4</ele></trkpt><trkpt lat="43.75189" lon="3.53376"><ele>484.5</ele></trkpt><trkpt lat="43.75197" lon="3.53408"><ele>486.4</ele></trkpt><trkpt lat="43.75218" lon="3.53429"><ele>483.7</ele></trkpt><trkpt lat="43.75226" lon="3.53443"><ele>484.8</ele></trkpt><trkpt lat="43.75242" lon="3.53428"><ele>482.9</ele></trkpt><trkpt lat="43.75261" lon="3.53397"><ele>482.4</ele></trkpt><trkpt lat="43.75323" lon="3.53366"><ele>482.2</ele></trkpt><trkpt lat="43.75334" lon="3.53323"><ele>480</ele></trkpt><trkpt lat="43.75355" lon="3.53317"><ele>484.1</ele></trkpt><trkpt lat="43.7538" lon="3.53328"><ele>485.1</ele></trkpt><trkpt lat="43.75403" lon="3.53309"><ele>484.3</ele></trkpt><trkpt lat="43.75412" lon="3.53256"><ele>482</ele></trkpt><trkpt lat="43.75434" lon="3.53254"><ele>483.9</ele></trkpt><trkpt lat="43.75452" lon="3.53338"><ele>497.5</ele></trkpt><trkpt lat="43.75479" lon="3.53355"><ele>493.6</ele></trkpt><trkpt lat="43.75495" lon="3.53433"><ele>494.1</ele></trkpt><trkpt lat="43.75515" lon="3.53458"><ele>492.3</ele></trkpt><trkpt lat="43.7552" lon="3.53476"><ele>493.3</ele></trkpt><trkpt lat="43.75543" lon="3.53493"><ele>496.3</ele></trkpt><trkpt lat="43.75559" lon="3.53456"><ele>495.4</ele></trkpt><trkpt lat="43.75565" lon="3.53388"><ele>494.7</ele></trkpt><trkpt lat="43.75585" lon="3.53352"><ele>496.4</ele></trkpt><trkpt lat="43.75611" lon="3.53339"><ele>500.6</ele></trkpt><trkpt lat="43.7564" lon="3.53312"><ele>500.5</ele></trkpt><trkpt lat="43.75661" lon="3.53313"><ele>501.7</ele></trkpt><trkpt lat="43.75652" lon="3.53403"><ele>502.9</ele></trkpt><trkpt lat="43.75682" lon="3.5343"><ele>503.1</ele></trkpt><trkpt lat="43.75707" lon="3.53427"><ele>500.3</ele></trkpt><trkpt lat="43.75723" lon="3.5342"><ele>499.8</ele></trkpt><trkpt lat="43.75737" lon="3.53357"><ele>499.8</ele></trkpt><trkpt lat="43.7576" lon="3.53333"><ele>501.7</ele></trkpt><trkpt lat="43.75777" lon="3.53342"><ele>503.6</ele></trkpt><trkpt lat="43.75803" lon="3.53406"><ele>508.1</ele></trkpt><trkpt lat="43.75834" lon="3.53453"><ele>509.7</ele></trkpt><trkpt lat="43.7584" lon="3.53503"><ele>513.5</ele></trkpt><trkpt lat="43.75856" lon="3.53518"><ele>511</ele></trkpt><trkpt lat="43.75888" lon="3.5351"><ele>508.7</ele></trkpt><trkpt lat="43.75903" lon="3.53519"><ele>504.9</ele></trkpt><trkpt lat="43.75906" lon="3.53539"><ele>503.5</ele></trkpt><trkpt lat="43.75882" lon="3.53587"><ele>504.6</ele></trkpt><trkpt lat="43.75871" lon="3.53599"><ele>506.8</ele></trkpt><trkpt lat="43.75862" lon="3.53649"><ele>502.5</ele></trkpt><trkpt lat="43.75865" lon="3.53679"><ele>504</ele></trkpt><trkpt lat="43.75876" lon="3.53702"><ele>505.2</ele></trkpt><trkpt lat="43.75896" lon="3.53693"><ele>501.2</ele></trkpt><trkpt lat="43.75931" lon="3.53667"><ele>503.1</ele></trkpt><trkpt lat="43.75975" lon="3.53628"><ele>506.9</ele></trkpt><trkpt lat="43.75982" lon="3.53608"><ele>506.5</ele></trkpt><trkpt lat="43.76003" lon="3.53587"><ele>509.8</ele></trkpt><trkpt lat="43.76015" lon="3.53548"><ele>508.2</ele></trkpt><trkpt lat="43.76035" lon="3.53541"><ele>510.5</ele></trkpt><trkpt lat="43.76094" lon="3.53469"><ele>507.1</ele></trkpt><trkpt lat="43.76122" lon="3.53447"><ele>504.5</ele></trkpt><trkpt lat="43.76166" lon="3.53425"><ele>498.5</ele></trkpt><trkpt lat="43.76211" lon="3.53425"><ele>493.3</ele></trkpt><trkpt lat="43.7623" lon="3.5342"><ele>491.8</ele></trkpt><trkpt lat="43.76251" lon="3.53429"><ele>489.1</ele></trkpt><trkpt lat="43.7627" lon="3.53484"><ele>484.7</ele></trkpt><trkpt lat="43.76279" lon="3.53539"><ele>480.9</ele></trkpt><trkpt lat="43.76256" lon="3.5357"><ele>487.3</ele></trkpt><trkpt lat="43.76283" lon="3.53567"><ele>483.4</ele></trkpt><trkpt lat="43.76298" lon="3.53543"><ele>476.7</ele></trkpt><trkpt lat="43.7632" lon="3.53521"><ele>472.9</ele></trkpt><trkpt lat="43.76347" lon="3.53511"><ele>470.2</ele></trkpt><trkpt lat="43.76372" lon="3.53513"><ele>468</ele></trkpt><trkpt lat="43.76414" lon="3.53504"><ele>466</ele></trkpt><trkpt lat="43.76446" lon="3.53467"><ele>465.1</ele></trkpt><trkpt lat="43.76466" lon="3.53407"><ele>467.6</ele></trkpt><trkpt lat="43.7646" lon="3.53354"><ele>468.1</ele></trkpt><trkpt lat="43.76476" lon="3.53323"><ele>467.5</ele></trkpt><trkpt lat="43.76496" lon="3.53312"><ele>466.4</ele></trkpt><trkpt lat="43.76545" lon="3.53307"><ele>468.3</ele></trkpt><trkpt lat="43.76568" lon="3.53285"><ele>469.1</ele></trkpt><trkpt lat="43.76568" lon="3.53226"><ele>467</ele></trkpt><trkpt lat="43.76581" lon="3.53188"><ele>467.3</ele></trkpt><trkpt lat="43.76597" lon="3.53171"><ele>467.3</ele></trkpt><trkpt lat="43.76607" lon="3.53127"><ele>466</ele></trkpt><trkpt lat="43.76601" lon="3.53099"><ele>466.3</ele></trkpt><trkpt lat="43.76579" lon="3.53053"><ele>467.5</ele></trkpt><trkpt lat="43.76591" lon="3.53038"><ele>468.7</ele></trkpt><trkpt lat="43.76591" lon="3.53017"><ele>469.8</ele></trkpt><trkpt lat="43.76582" lon="3.53001"><ele>470</ele></trkpt><trkpt lat="43.76583" lon="3.52974"><ele>470.9</ele></trkpt><trkpt lat="43.76594" lon="3.52948"><ele>471.8</ele></trkpt><trkpt lat="43.76617" lon="3.52946"><ele>473.4</ele></trkpt><trkpt lat="43.76657" lon="3.52934"><ele>476.5</ele></trkpt><trkpt lat="43.76689" lon="3.52897"><ele>480.1</ele></trkpt><trkpt lat="43.76727" lon="3.52869"><ele>482.9</ele></trkpt><trkpt lat="43.76744" lon="3.52827"><ele>484.7</ele></trkpt><trkpt lat="43.76807" lon="3.52824"><ele>490.5</ele></trkpt><trkpt lat="43.7682" lon="3.52851"><ele>490.9</ele></trkpt><trkpt lat="43.76843" lon="3.52863"><ele>493</ele></trkpt><trkpt lat="43.76856" lon="3.52889"><ele>492.6</ele></trkpt><trkpt lat="43.76908" lon="3.52944"><ele>494.1</ele></trkpt><trkpt lat="43.76907" lon="3.5296"><ele>492.8</ele></trkpt><trkpt lat="43.76915" lon="3.5298"><ele>492.3</ele></trkpt><trkpt lat="43.76936" lon="3.52992"><ele>493.2</ele></trkpt><trkpt lat="43.76974" lon="3.53053"><ele>491.3</ele></trkpt><trkpt lat="43.76977" lon="3.53069"><ele>490.2</ele></trkpt><trkpt lat="43.77021" lon="3.53134"><ele>489.5</ele></trkpt><trkpt lat="43.77043" lon="3.53154"><ele>491.6</ele></trkpt><trkpt lat="43.77105" lon="3.53137"><ele>496.5</ele></trkpt><trkpt lat="43.77151" lon="3.5315"><ele>500.6</ele></trkpt><trkpt lat="43.77171" lon="3.53182"><ele>502.5</ele></trkpt><trkpt lat="43.77242" lon="3.53197"><ele>510.2</ele></trkpt><trkpt lat="43.77251" lon="3.53233"><ele>511.1</ele></trkpt><trkpt lat="43.77248" lon="3.5332"><ele>511.8</ele></trkpt><trkpt lat="43.77267" lon="3.53364"><ele>510.5</ele></trkpt><trkpt lat="43.7727" lon="3.53411"><ele>508.9</ele></trkpt><trkpt lat="43.77288" lon="3.53488"><ele>507.8</ele></trkpt><trkpt lat="43.77314" lon="3.53588"><ele>506.6</ele></trkpt><trkpt lat="43.77309" lon="3.53706"><ele>504.8</ele></trkpt><trkpt lat="43.77357" lon="3.53774"><ele>507.6</ele></trkpt><trkpt lat="43.77411" lon="3.53761"><ele>507</ele></trkpt><trkpt lat="43.77447" lon="3.53724"><ele>511</ele></trkpt><trkpt lat="43.77491" lon="3.5373"><ele>512.6</ele></trkpt><trkpt lat="43.77548" lon="3.53744"><ele>517</ele></trkpt><trkpt lat="43.77575" lon="3.53764"><ele>519.4</ele></trkpt><trkpt lat="43.77606" lon="3.5378"><ele>522.4</ele></trkpt><trkpt lat="43.77652" lon="3.5379"><ele>527.9</ele></trkpt><trkpt lat="43.77674" lon="3.53783"><ele>531</ele></trkpt><trkpt lat="43.77745" lon="3.53778"><ele>543.3</ele></trkpt><trkpt lat="43.77747" lon="3.53718"><ele>542.9</ele></trkpt><trkpt lat="43.77711" lon="3.53673"><ele>540.3</ele></trkpt><trkpt lat="43.77676" lon="3.53602"><ele>541.6</ele></trkpt><trkpt lat="43.77633" lon="3.53482"><ele>544.1</ele></trkpt><trkpt lat="43.77587" lon="3.53338"><ele>545.4</ele></trkpt><trkpt lat="43.77572" lon="3.53227"><ele>551</ele></trkpt><trkpt lat="43.77551" lon="3.53149"><ele>555.3</ele></trkpt><trkpt lat="43.77542" lon="3.53063"><ele>559.8</ele></trkpt><trkpt lat="43.77514" lon="3.53"><ele>563</ele></trkpt><trkpt lat="43.7741" lon="3.52882"><ele>572.4</ele></trkpt><trkpt lat="43.77394" lon="3.5283"><ele>581.7</ele></trkpt><trkpt lat="43.77331" lon="3.52793"><ele>584.7</ele></trkpt><trkpt lat="43.7729" lon="3.52755"><ele>588.7</ele></trkpt><trkpt lat="43.77249" lon="3.52695"><ele>593.5</ele></trkpt><trkpt lat="43.77233" lon="3.52637"><ele>597.1</ele></trkpt><trkpt lat="43.7724" lon="3.5255"><ele>605.3</ele></trkpt><trkpt lat="43.77205" lon="3.5252"><ele>604.5</ele></trkpt><trkpt lat="43.77197" lon="3.5247"><ele>609.2</ele></trkpt><trkpt lat="43.77186" lon="3.52441"><ele>612.7</ele></trkpt><trkpt lat="43.77108" lon="3.52403"><ele>619.5</ele></trkpt><trkpt lat="43.77053" lon="3.5234"><ele>626</ele></trkpt><trkpt lat="43.77047" lon="3.52276"><ele>629.3</ele></trkpt><trkpt lat="43.77045" lon="3.52202"><ele>629.8</ele></trkpt><trkpt lat="43.7697" lon="3.52165"><ele>631.3</ele></trkpt><trkpt lat="43.76927" lon="3.52121"><ele>636.3</ele></trkpt><trkpt lat="43.76902" lon="3.52053"><ele>645</ele></trkpt><trkpt lat="43.76885" lon="3.5203"><ele>648.8</ele></trkpt><trkpt lat="43.76847" lon="3.5202"><ele>654.5</ele></trkpt><trkpt lat="43.76802" lon="3.51994"><ele>660.4</ele></trkpt><trkpt lat="43.76766" lon="3.51977"><ele>660.2</ele></trkpt><trkpt lat="43.7673" lon="3.51945"><ele>662.2</ele></trkpt><trkpt lat="43.76661" lon="3.51901"><ele>663.4</ele></trkpt><trkpt lat="43.76585" lon="3.51812"><ele>661.4</ele></trkpt><trkpt lat="43.76582" lon="3.51766"><ele>664.5</ele></trkpt><trkpt lat="43.76552" lon="3.51738"><ele>663.8</ele></trkpt><trkpt lat="43.76526" lon="3.51695"><ele>665.3</ele></trkpt><trkpt lat="43.7649" lon="3.51648"><ele>663.2</ele></trkpt><trkpt lat="43.76473" lon="3.51609"><ele>664.6</ele></trkpt><trkpt lat="43.76467" lon="3.51555"><ele>668.3</ele></trkpt><trkpt lat="43.76481" lon="3.515"><ele>674.8</ele></trkpt><trkpt lat="43.76449" lon="3.51462"><ele>679.1</ele></trkpt><trkpt lat="43.76418" lon="3.51326"><ele>687.1</ele></trkpt><trkpt lat="43.76389" lon="3.51252"><ele>692.7</ele></trkpt><trkpt lat="43.76363" lon="3.51219"><ele>700.5</ele></trkpt><trkpt lat="43.76305" lon="3.51195"><ele>704.9</ele></trkpt><trkpt lat="43.76246" lon="3.51176"><ele>707.9</ele></trkpt><trkpt lat="43.76226" lon="3.51149"><ele>708.9</ele></trkpt><trkpt lat="43.76224" lon="3.51019"><ele>713.6</ele></trkpt><trkpt lat="43.76209" lon="3.50926"><ele>724.4</ele></trkpt><trkpt lat="43.76188" lon="3.50881"><ele>728.1</ele></trkpt><trkpt lat="43.76178" lon="3.50782"><ele>732.4</ele></trkpt><trkpt lat="43.76152" lon="3.507"><ele>738.2</ele></trkpt><trkpt lat="43.76121" lon="3.50653"><ele>743.2</ele></trkpt><trkpt lat="43.76055" lon="3.5059"><ele>751</ele></trkpt><trkpt lat="43.76029" lon="3.50537"><ele>755.8</ele></trkpt><trkpt lat="43.75998" lon="3.5043"><ele>764.6</ele></trkpt><trkpt lat="43.75955" lon="3.50395"><ele>759.7</ele></trkpt><trkpt lat="43.75932" lon="3.50358"><ele>762</ele></trkpt><trkpt lat="43.75927" lon="3.5032"><ele>766.2</ele></trkpt><trkpt lat="43.75906" lon="3.50276"><ele>766.9</ele></trkpt><trkpt lat="43.75889" lon="3.50262"><ele>765</ele></trkpt><trkpt lat="43.75872" lon="3.50266"><ele>763.2</ele></trkpt><trkpt lat="43.75842" lon="3.50246"><ele>761</ele></trkpt><trkpt lat="43.75832" lon="3.5023"><ele>758.7</ele></trkpt><trkpt lat="43.7582" lon="3.50229"><ele>757.8</ele></trkpt><trkpt lat="43.75795" lon="3.50216"><ele>754.9</ele></trkpt><trkpt lat="43.75779" lon="3.50219"><ele>754.6</ele></trkpt><trkpt lat="43.75764" lon="3.50195"><ele>750.6</ele></trkpt><trkpt lat="43.75719" lon="3.50184"><ele>748.9</ele></trkpt><trkpt lat="43.7564" lon="3.50188"><ele>748.6</ele></trkpt><trkpt lat="43.75643" lon="3.50113"><ele>744.1</ele></trkpt><trkpt lat="43.7565" lon="3.5007"><ele>741.8</ele></trkpt><trkpt lat="43.75567" lon="3.50076"><ele>732.7</ele></trkpt><trkpt lat="43.7545" lon="3.49982"><ele>731.5</ele></trkpt><trkpt lat="43.7543" lon="3.49989"><ele>733.6</ele></trkpt><trkpt lat="43.75391" lon="3.49979"><ele>738.5</ele></trkpt><trkpt lat="43.75378" lon="3.49955"><ele>739.6</ele></trkpt><trkpt lat="43.75332" lon="3.49955"><ele>744.6</ele></trkpt><trkpt lat="43.75307" lon="3.49977"><ele>747.7</ele></trkpt><trkpt lat="43.75282" lon="3.49973"><ele>750.5</ele></trkpt><trkpt lat="43.75264" lon="3.49985"><ele>752.3</ele></trkpt><trkpt lat="43.75255" lon="3.50014"><ele>752.7</ele></trkpt><trkpt lat="43.75167" lon="3.49958"><ele>759.5</ele></trkpt><trkpt lat="43.7514" lon="3.49954"><ele>759.3</ele></trkpt><trkpt lat="43.75118" lon="3.49938"><ele>759.8</ele></trkpt><trkpt lat="43.75102" lon="3.49947"><ele>760.4</ele></trkpt><trkpt lat="43.7508" lon="3.49942"><ele>761.1</ele></trkpt><trkpt lat="43.75054" lon="3.49978"><ele>762</ele></trkpt><trkpt lat="43.75004" lon="3.49966"><ele>763.2</ele></trkpt><trkpt lat="43.74987" lon="3.49938"><ele>764.7</ele></trkpt><trkpt lat="43.74941" lon="3.49884"><ele>769.4</ele></trkpt><trkpt lat="43.74885" lon="3.4978"><ele>782.1</ele></trkpt><trkpt lat="43.74834" lon="3.4966"><ele>782</ele></trkpt><trkpt lat="43.74806" lon="3.49634"><ele>780.8</ele></trkpt><trkpt lat="43.74792" lon="3.4955"><ele>780.7</ele></trkpt><trkpt lat="43.74806" lon="3.49501"><ele>783</ele></trkpt><trkpt lat="43.74767" lon="3.49424"><ele>785.7</ele></trkpt><trkpt lat="43.74748" lon="3.49409"><ele>787.2</ele></trkpt><trkpt lat="43.74741" lon="3.49378"><ele>787.7</ele></trkpt><trkpt lat="43.74713" lon="3.49334"><ele>792</ele></trkpt><trkpt lat="43.7471" lon="3.49271"><ele>791.4</ele></trkpt><trkpt lat="43.74634" lon="3.49202"><ele>789</ele></trkpt><trkpt lat="43.74598" lon="3.49149"><ele>783.4</ele></trkpt><trkpt lat="43.74558" lon="3.4915"><ele>787</ele></trkpt><trkpt lat="43.74482" lon="3.4912"><ele>789.1</ele></trkpt><trkpt lat="43.74434" lon="3.48992"><ele>798</ele></trkpt><trkpt lat="43.74406" lon="3.4896"><ele>804.1</ele></trkpt><trkpt lat="43.74362" lon="3.48872"><ele>814.2</ele></trkpt><trkpt lat="43.74362" lon="3.48839"><ele>812.3</ele></trkpt><trkpt lat="43.7442" lon="3.48801"><ele>811.5</ele></trkpt><trkpt lat="43.74506" lon="3.48771"><ele>816</ele></trkpt><trkpt lat="43.74514" lon="3.48698"><ele>816.4</ele></trkpt><trkpt lat="43.745" lon="3.48655"><ele>819.4</ele></trkpt><trkpt lat="43.74453" lon="3.48628"><ele>822.9</ele></trkpt><trkpt lat="43.74447" lon="3.48562"><ele>819.7</ele></trkpt><trkpt lat="43.7448" lon="3.48525"><ele>815.8</ele></trkpt><trkpt lat="43.74514" lon="3.48549"><ele>815.3</ele></trkpt><trkpt lat="43.7461" lon="3.48581"><ele>800.8</ele></trkpt><trkpt lat="43.74651" lon="3.48617"><ele>795.1</ele></trkpt><trkpt lat="43.747" lon="3.48654"><ele>789.2</ele></trkpt><trkpt lat="43.74724" lon="3.48712"><ele>785.6</ele></trkpt><trkpt lat="43.74805" lon="3.48776"><ele>774.9</ele></trkpt><trkpt lat="43.7491" lon="3.48759"><ele>758.6</ele></trkpt><trkpt lat="43.74948" lon="3.48696"><ele>750.2</ele></trkpt><trkpt lat="43.74992" lon="3.48659"><ele>742.8</ele></trkpt><trkpt lat="43.75063" lon="3.48687"><ele>737.1</ele></trkpt><trkpt lat="43.75101" lon="3.48658"><ele>730.1</ele></trkpt><trkpt lat="43.75171" lon="3.48629"><ele>720.2</ele></trkpt><trkpt lat="43.75235" lon="3.48611"><ele>713.5</ele></trkpt><trkpt lat="43.75286" lon="3.4864"><ele>708.4</ele></trkpt><trkpt lat="43.75335" lon="3.48639"><ele>703.7</ele></trkpt><trkpt lat="43.75368" lon="3.48579"><ele>700.2</ele></trkpt><trkpt lat="43.75359" lon="3.48524"><ele>696.8</ele></trkpt><trkpt lat="43.7531" lon="3.48396"><ele>690</ele></trkpt><trkpt lat="43.75261" lon="3.48338"><ele>686.7</ele></trkpt><trkpt lat="43.75211" lon="3.48287"><ele>682.3</ele></trkpt><trkpt lat="43.75194" lon="3.48246"><ele>680.9</ele></trkpt><trkpt lat="43.7521" lon="3.48198"><ele>680.3</ele></trkpt><trkpt lat="43.75256" lon="3.48175"><ele>680.7</ele></trkpt><trkpt lat="43.75288" lon="3.48122"><ele>681.9</ele></trkpt><trkpt lat="43.75322" lon="3.47984"><ele>680.6</ele></trkpt><trkpt lat="43.75333" lon="3.47882"><ele>677</ele></trkpt><trkpt lat="43.75314" lon="3.47155"><ele>680</ele></trkpt><trkpt lat="43.75317" lon="3.46929"><ele>686.7</ele></trkpt><trkpt lat="43.75366" lon="3.46834"><ele>687.2</ele></trkpt><trkpt lat="43.75408" lon="3.46788"><ele>689.5</ele></trkpt><trkpt lat="43.75426" lon="3.46726"><ele>691.9</ele></trkpt><trkpt lat="43.75455" lon="3.46705"><ele>693</ele></trkpt><trkpt lat="43.7545" lon="3.46659"><ele>694.2</ele></trkpt><trkpt lat="43.75494" lon="3.4659"><ele>693.2</ele></trkpt><trkpt lat="43.75523" lon="3.46564"><ele>692.3</ele></trkpt><trkpt lat="43.75606" lon="3.46566"><ele>691.2</ele></trkpt><trkpt lat="43.75636" lon="3.46594"><ele>692.7</ele></trkpt><trkpt lat="43.75725" lon="3.46639"><ele>691.8</ele></trkpt><trkpt lat="43.75797" lon="3.46647"><ele>689.3</ele></trkpt><trkpt lat="43.75826" lon="3.46628"><ele>688</ele></trkpt><trkpt lat="43.75864" lon="3.46631"><ele>688.6</ele></trkpt><trkpt lat="43.76022" lon="3.4669"><ele>689.7</ele></trkpt><trkpt lat="43.7615" lon="3.46733"><ele>694.9</ele></trkpt><trkpt lat="43.7622" lon="3.46761"><ele>694</ele></trkpt><trkpt lat="43.76264" lon="3.46758"><ele>692.5</ele></trkpt><trkpt lat="43.76366" lon="3.46713"><ele>692.6</ele></trkpt><trkpt lat="43.76446" lon="3.46696"><ele>696.1</ele></trkpt><trkpt lat="43.76569" lon="3.46651"><ele>700.6</ele></trkpt><trkpt lat="43.76646" lon="3.46646"><ele>700.3</ele></trkpt><trkpt lat="43.76719" lon="3.46633"><ele>696.5</ele></trkpt><trkpt lat="43.76765" lon="3.46616"><ele>694.4</ele></trkpt><trkpt lat="43.76766" lon="3.46588"><ele>691.9</ele></trkpt><trkpt lat="43.7678" lon="3.46565"><ele>689.7</ele></trkpt><trkpt lat="43.76781" lon="3.46524"><ele>686.7</ele></trkpt><trkpt lat="43.76785" lon="3.46497"><ele>685.8</ele></trkpt><trkpt lat="43.76816" lon="3.46489"><ele>684.6</ele></trkpt><trkpt lat="43.76896" lon="3.46495"><ele>682.1</ele></trkpt><trkpt lat="43.76887" lon="3.4643"><ele>682</ele></trkpt><trkpt lat="43.76873" lon="3.46411"><ele>682.2</ele></trkpt><trkpt lat="43.76874" lon="3.4639"><ele>683</ele></trkpt><trkpt lat="43.76866" lon="3.46342"><ele>685.3</ele></trkpt><trkpt lat="43.76825" lon="3.46293"><ele>686.2</ele></trkpt><trkpt lat="43.76825" lon="3.46258"><ele>686.9</ele></trkpt><trkpt lat="43.76841" lon="3.46256"><ele>687.2</ele></trkpt><trkpt lat="43.76859" lon="3.46233"><ele>688.5</ele></trkpt><trkpt lat="43.76882" lon="3.46235"><ele>689.7</ele></trkpt><trkpt lat="43.76929" lon="3.46218"><ele>694.1</ele></trkpt><trkpt lat="43.76961" lon="3.46257"><ele>693.1</ele></trkpt><trkpt lat="43.76972" lon="3.46254"><ele>693.7</ele></trkpt><trkpt lat="43.76987" lon="3.46267"><ele>693.3</ele></trkpt><trkpt lat="43.76998" lon="3.46258"><ele>694.4</ele></trkpt><trkpt lat="43.77008" lon="3.46215"><ele>697.8</ele></trkpt><trkpt lat="43.77018" lon="3.46202"><ele>699.2</ele></trkpt><trkpt lat="43.76997" lon="3.46176"><ele>701.8</ele></trkpt><trkpt lat="43.76981" lon="3.46143"><ele>704.5</ele></trkpt><trkpt lat="43.76949" lon="3.4611"><ele>704.6</ele></trkpt><trkpt lat="43.76943" lon="3.46091"><ele>705.2</ele></trkpt><trkpt lat="43.76915" lon="3.46064"><ele>703.9</ele></trkpt><trkpt lat="43.76901" lon="3.46041"><ele>704.1</ele></trkpt><trkpt lat="43.76917" lon="3.45979"><ele>706.1</ele></trkpt><trkpt lat="43.76929" lon="3.45971"><ele>708.3</ele></trkpt><trkpt lat="43.76932" lon="3.45957"><ele>710</ele></trkpt><trkpt lat="43.76911" lon="3.45934"><ele>711.4</ele></trkpt><trkpt lat="43.76901" lon="3.45917"><ele>713.7</ele></trkpt><trkpt lat="43.7687" lon="3.45894"><ele>717.6</ele></trkpt><trkpt lat="43.76886" lon="3.45832"><ele>721.9</ele></trkpt><trkpt lat="43.76859" lon="3.45815"><ele>721.4</ele></trkpt><trkpt lat="43.76857" lon="3.45778"><ele>722.7</ele></trkpt><trkpt lat="43.76873" lon="3.45738"><ele>725.9</ele></trkpt><trkpt lat="43.76889" lon="3.45731"><ele>726.7</ele></trkpt><trkpt lat="43.7692" lon="3.45692"><ele>726</ele></trkpt><trkpt lat="43.76965" lon="3.45677"><ele>726.1</ele></trkpt><trkpt lat="43.77006" lon="3.4567"><ele>726.2</ele></trkpt><trkpt lat="43.77044" lon="3.45654"><ele>728.2</ele></trkpt><trkpt lat="43.77061" lon="3.45627"><ele>730.1</ele></trkpt><trkpt lat="43.77065" lon="3.45602"><ele>732.3</ele></trkpt><trkpt lat="43.77104" lon="3.45589"><ele>736.8</ele></trkpt><trkpt lat="43.77158" lon="3.45588"><ele>743.6</ele></trkpt><trkpt lat="43.77187" lon="3.45569"><ele>747.3</ele></trkpt><trkpt lat="43.7721" lon="3.45526"><ele>750.3</ele></trkpt><trkpt lat="43.77267" lon="3.4548"><ele>756.8</ele></trkpt><trkpt lat="43.77275" lon="3.45457"><ele>756.3</ele></trkpt><trkpt lat="43.77297" lon="3.45454"><ele>760.6</ele></trkpt><trkpt lat="43.77329" lon="3.45407"><ele>763</ele></trkpt><trkpt lat="43.77349" lon="3.45359"><ele>761.5</ele></trkpt><trkpt lat="43.77373" lon="3.45329"><ele>761.6</ele></trkpt><trkpt lat="43.77376" lon="3.45295"><ele>761.3</ele></trkpt><trkpt lat="43.77392" lon="3.45269"><ele>762.5</ele></trkpt><trkpt lat="43.77389" lon="3.45193"><ele>757.8</ele></trkpt><trkpt lat="43.77413" lon="3.45111"><ele>756.5</ele></trkpt><trkpt lat="43.77437" lon="3.4506"><ele>755</ele></trkpt><trkpt lat="43.77451" lon="3.45011"><ele>755.9</ele></trkpt><trkpt lat="43.7747" lon="3.44928"><ele>764.8</ele></trkpt><trkpt lat="43.77473" lon="3.44887"><ele>767.2</ele></trkpt><trkpt lat="43.77459" lon="3.44831"><ele>770.5</ele></trkpt><trkpt lat="43.77461" lon="3.44779"><ele>771.2</ele></trkpt><trkpt lat="43.77475" lon="3.44743"><ele>773.2</ele></trkpt><trkpt lat="43.775" lon="3.44661"><ele>772.8</ele></trkpt><trkpt lat="43.77522" lon="3.44639"><ele>772</ele></trkpt><trkpt lat="43.77556" lon="3.4463"><ele>774.4</ele></trkpt><trkpt lat="43.77581" lon="3.44642"><ele>775.8</ele></trkpt><trkpt lat="43.77613" lon="3.44702"><ele>775.8</ele></trkpt><trkpt lat="43.77621" lon="3.44726"><ele>775.3</ele></trkpt><trkpt lat="43.77629" lon="3.44764"><ele>776.2</ele></trkpt><trkpt lat="43.7763" lon="3.44789"><ele>777.3</ele></trkpt><trkpt lat="43.77643" lon="3.44818"><ele>779.3</ele></trkpt><trkpt lat="43.77652" lon="3.44868"><ele>780.9</ele></trkpt><trkpt lat="43.77667" lon="3.44898"><ele>781.4</ele></trkpt><trkpt lat="43.77718" lon="3.4496"><ele>778.8</ele></trkpt><trkpt lat="43.77722" lon="3.44996"><ele>779</ele></trkpt><trkpt lat="43.77732" lon="3.45032"><ele>780</ele></trkpt><trkpt lat="43.77747" lon="3.45047"><ele>781.1</ele></trkpt><trkpt lat="43.77784" lon="3.45074"><ele>778.6</ele></trkpt><trkpt lat="43.77814" lon="3.45091"><ele>775.4</ele></trkpt><trkpt lat="43.77818" lon="3.45103"><ele>774.3</ele></trkpt><trkpt lat="43.77855" lon="3.45145"><ele>774.8</ele></trkpt><trkpt lat="43.77866" lon="3.45171"><ele>774.5</ele></trkpt><trkpt lat="43.77883" lon="3.45201"><ele>777.2</ele></trkpt><trkpt lat="43.77902" lon="3.45217"><ele>780.2</ele></trkpt><trkpt lat="43.7794" lon="3.45235"><ele>783.4</ele></trkpt><trkpt lat="43.77961" lon="3.45253"><ele>786</ele></trkpt><trkpt lat="43.77964" lon="3.45263"><ele>787.4</ele></trkpt><trkpt lat="43.77973" lon="3.4527"><ele>788.2</ele></trkpt><trkpt lat="43.77988" lon="3.45295"><ele>790.7</ele></trkpt><trkpt lat="43.7799" lon="3.4531"><ele>791.5</ele></trkpt><trkpt lat="43.77952" lon="3.4539"><ele>792.4</ele></trkpt><trkpt lat="43.77908" lon="3.45447"><ele>791.9</ele></trkpt><trkpt lat="43.77884" lon="3.45512"><ele>790.8</ele></trkpt><trkpt lat="43.77892" lon="3.45554"><ele>788.7</ele></trkpt><trkpt lat="43.7789" lon="3.45582"><ele>788.8</ele></trkpt><trkpt lat="43.77875" lon="3.4562"><ele>789.5</ele></trkpt><trkpt lat="43.77872" lon="3.45657"><ele>789.6</ele></trkpt><trkpt lat="43.77898" lon="3.45817"><ele>781.7</ele></trkpt><trkpt lat="43.77894" lon="3.45855"><ele>779</ele></trkpt><trkpt lat="43.77868" lon="3.45909"><ele>773.9</ele></trkpt><trkpt lat="43.77841" lon="3.45931"><ele>772.8</ele></trkpt><trkpt lat="43.77806" lon="3.4595"><ele>771</ele></trkpt><trkpt lat="43.77784" lon="3.45944"><ele>771.3</ele></trkpt><trkpt lat="43.77768" lon="3.45949"><ele>769.2</ele></trkpt><trkpt lat="43.77741" lon="3.45942"><ele>770.8</ele></trkpt><trkpt lat="43.77729" lon="3.45954"><ele>769.8</ele></trkpt><trkpt lat="43.77705" lon="3.45993"><ele>766.7</ele></trkpt><trkpt lat="43.77659" lon="3.46091"><ele>759.8</ele></trkpt><trkpt lat="43.77632" lon="3.4612"><ele>757.1</ele></trkpt><trkpt lat="43.77598" lon="3.46137"><ele>754.4</ele></trkpt><trkpt lat="43.77562" lon="3.46143"><ele>751.6</ele></trkpt><trkpt lat="43.77562" lon="3.46156"><ele>748.8</ele></trkpt><trkpt lat="43.77594" lon="3.4617"><ele>747.7</ele></trkpt><trkpt lat="43.77629" lon="3.46192"><ele>745</ele></trkpt><trkpt lat="43.77662" lon="3.46248"><ele>741.7</ele></trkpt><trkpt lat="43.77687" lon="3.46269"><ele>738.8</ele></trkpt><trkpt lat="43.7771" lon="3.46295"><ele>735.9</ele></trkpt><trkpt lat="43.77737" lon="3.46366"><ele>728.6</ele></trkpt><trkpt lat="43.77796" lon="3.46459"><ele>717.5</ele></trkpt><trkpt lat="43.77831" lon="3.46484"><ele>713.8</ele></trkpt><trkpt lat="43.77874" lon="3.46478"><ele>710.8</ele></trkpt><trkpt lat="43.77897" lon="3.46472"><ele>708.3</ele></trkpt><trkpt lat="43.77878" lon="3.46521"><ele>705.1</ele></trkpt><trkpt lat="43.779" lon="3.46543"><ele>701.4</ele></trkpt><trkpt lat="43.77915" lon="3.46537"><ele>700.5</ele></trkpt><trkpt lat="43.77927" lon="3.46506"><ele>701.1</ele></trkpt><trkpt lat="43.77948" lon="3.4636"><ele>689.9</ele></trkpt><trkpt lat="43.77961" lon="3.46362"><ele>686.2</ele></trkpt><trkpt lat="43.77975" lon="3.46403"><ele>680.9</ele></trkpt><trkpt lat="43.77995" lon="3.46398"><ele>676.2</ele></trkpt><trkpt lat="43.78009" lon="3.46376"><ele>673.1</ele></trkpt><trkpt lat="43.78023" lon="3.46329"><ele>667.2</ele></trkpt><trkpt lat="43.78054" lon="3.46319"><ele>664.5</ele></trkpt><trkpt lat="43.78075" lon="3.46287"><ele>660.1</ele></trkpt><trkpt lat="43.78097" lon="3.4629"><ele>659</ele></trkpt><trkpt lat="43.78131" lon="3.46268"><ele>655.7</ele></trkpt><trkpt lat="43.78195" lon="3.46255"><ele>656.2</ele></trkpt><trkpt lat="43.78282" lon="3.46255"><ele>651.7</ele></trkpt><trkpt lat="43.78289" lon="3.46245"><ele>650.9</ele></trkpt><trkpt lat="43.78333" lon="3.46239"><ele>649.8</ele></trkpt><trkpt lat="43.78395" lon="3.46242"><ele>646.6</ele></trkpt><trkpt lat="43.78442" lon="3.46239"><ele>645.2</ele></trkpt><trkpt lat="43.78453" lon="3.46218"><ele>644.3</ele></trkpt><trkpt lat="43.78465" lon="3.46213"><ele>644.6</ele></trkpt><trkpt lat="43.78545" lon="3.46219"><ele>641.6</ele></trkpt><trkpt lat="43.78701" lon="3.46192"><ele>638.2</ele></trkpt><trkpt lat="43.78753" lon="3.46178"><ele>637.9</ele></trkpt><trkpt lat="43.78775" lon="3.46163"><ele>637</ele></trkpt><trkpt lat="43.78788" lon="3.46162"><ele>636.2</ele></trkpt><trkpt lat="43.78809" lon="3.46149"><ele>635.5</ele></trkpt><trkpt lat="43.78849" lon="3.46108"><ele>635.1</ele></trkpt><trkpt lat="43.789" lon="3.46031"><ele>631.7</ele></trkpt><trkpt lat="43.78935" lon="3.46009"><ele>630.6</ele></trkpt><trkpt lat="43.78969" lon="3.45974"><ele>629.3</ele></trkpt><trkpt lat="43.78957" lon="3.45957"><ele>630.9</ele></trkpt><trkpt lat="43.78952" lon="3.45943"><ele>632.4</ele></trkpt><trkpt lat="43.78963" lon="3.45935"><ele>632.5</ele></trkpt><trkpt lat="43.78985" lon="3.45873"><ele>637.2</ele></trkpt><trkpt lat="43.79001" lon="3.45807"><ele>637.7</ele></trkpt><trkpt lat="43.79008" lon="3.45763"><ele>636.4</ele></trkpt><trkpt lat="43.79022" lon="3.45741"><ele>633.8</ele></trkpt><trkpt lat="43.79015" lon="3.45732"><ele>634.4</ele></trkpt><trkpt lat="43.79038" lon="3.45688"><ele>629.8</ele></trkpt><trkpt lat="43.79039" lon="3.45647"><ele>630.4</ele></trkpt><trkpt lat="43.7907" lon="3.45548"><ele>629.9</ele></trkpt><trkpt lat="43.79062" lon="3.45498"><ele>631.6</ele></trkpt><trkpt lat="43.79073" lon="3.45432"><ele>630.5</ele></trkpt><trkpt lat="43.79053" lon="3.45257"><ele>629.4</ele></trkpt><trkpt lat="43.79018" lon="3.4509"><ele>625.3</ele></trkpt><trkpt lat="43.78971" lon="3.44951"><ele>624.3</ele></trkpt><trkpt lat="43.78939" lon="3.4473"><ele>622.2</ele></trkpt><trkpt lat="43.78902" lon="3.44557"><ele>624</ele></trkpt><trkpt lat="43.78875" lon="3.44486"><ele>628.3</ele></trkpt><trkpt lat="43.78848" lon="3.44385"><ele>631.9</ele></trkpt><trkpt lat="43.78833" lon="3.44275"><ele>635</ele></trkpt><trkpt lat="43.78827" lon="3.44201"><ele>641.2</ele></trkpt><trkpt lat="43.78815" lon="3.44177"><ele>645.5</ele></trkpt><trkpt lat="43.78813" lon="3.44155"><ele>648.5</ele></trkpt><trkpt lat="43.78806" lon="3.44153"><ele>649.9</ele></trkpt><trkpt lat="43.78779" lon="3.44085"><ele>659.7</ele></trkpt><trkpt lat="43.78756" lon="3.4398"><ele>666.1</ele></trkpt><trkpt lat="43.78749" lon="3.43908"><ele>669.1</ele></trkpt><trkpt lat="43.78731" lon="3.43867"><ele>672</ele></trkpt><trkpt lat="43.78739" lon="3.43792"><ele>671.3</ele></trkpt><trkpt lat="43.7871" lon="3.43725"><ele>670</ele></trkpt><trkpt lat="43.78684" lon="3.43617"><ele>668.1</ele></trkpt><trkpt lat="43.78682" lon="3.43534"><ele>662</ele></trkpt><trkpt lat="43.78793" lon="3.4334"><ele>648</ele></trkpt><trkpt lat="43.7884" lon="3.43253"><ele>643.7</ele></trkpt><trkpt lat="43.78912" lon="3.43106"><ele>633.2</ele></trkpt><trkpt lat="43.78939" lon="3.43027"><ele>630.2</ele></trkpt><trkpt lat="43.78991" lon="3.4296"><ele>627.6</ele></trkpt><trkpt lat="43.79105" lon="3.42906"><ele>624.1</ele></trkpt><trkpt lat="43.79175" lon="3.42838"><ele>622.7</ele></trkpt><trkpt lat="43.79279" lon="3.4272"><ele>623</ele></trkpt><trkpt lat="43.79261" lon="3.42688"><ele>622.3</ele></trkpt><trkpt lat="43.79264" lon="3.42606"><ele>623</ele></trkpt><trkpt lat="43.79251" lon="3.42542"><ele>623</ele></trkpt><trkpt lat="43.79289" lon="3.42532"><ele>623</ele></trkpt><trkpt lat="43.79354" lon="3.42629"><ele>623.7</ele></trkpt><trkpt lat="43.79488" lon="3.42441"><ele>627.6</ele></trkpt><trkpt lat="43.79541" lon="3.42462"><ele>628</ele></trkpt><trkpt lat="43.79583" lon="3.425"><ele>629</ele></trkpt><trkpt lat="43.79629" lon="3.42512"><ele>630.2</ele></trkpt><trkpt lat="43.79728" lon="3.4236"><ele>633.2</ele></trkpt><trkpt lat="43.79789" lon="3.4238"><ele>634</ele></trkpt><trkpt lat="43.79843" lon="3.42388"><ele>634.4</ele></trkpt><trkpt lat="43.79872" lon="3.42357"><ele>635.5</ele></trkpt><trkpt lat="43.79945" lon="3.42323"><ele>637.4</ele></trkpt><trkpt lat="43.80025" lon="3.42277"><ele>638</ele></trkpt><trkpt lat="43.80087" lon="3.42236"><ele>638</ele></trkpt><trkpt lat="43.80189" lon="3.42254"><ele>639.2</ele></trkpt><trkpt lat="43.80229" lon="3.4222"><ele>640</ele></trkpt><trkpt lat="43.80289" lon="3.42238"><ele>641.4</ele></trkpt><trkpt lat="43.8035" lon="3.42222"><ele>643.6</ele></trkpt><trkpt lat="43.80402" lon="3.42212"><ele>645.5</ele></trkpt><trkpt lat="43.80452" lon="3.42254"><ele>647.2</ele></trkpt><trkpt lat="43.80464" lon="3.42261"><ele>647.6</ele></trkpt><trkpt lat="43.80507" lon="3.42264"><ele>649.4</ele></trkpt><trkpt lat="43.80616" lon="3.42225"><ele>655.3</ele></trkpt><trkpt lat="43.80816" lon="3.42191"><ele>663.3</ele></trkpt><trkpt lat="43.80854" lon="3.42191"><ele>664.6</ele></trkpt><trkpt lat="43.80913" lon="3.42328"><ele>666.3</ele></trkpt><trkpt lat="43.80986" lon="3.42478"><ele>662.7</ele></trkpt><trkpt lat="43.81063" lon="3.42594"><ele>665.3</ele></trkpt><trkpt lat="43.81137" lon="3.42767"><ele>662.1</ele></trkpt><trkpt lat="43.81263" lon="3.42852"><ele>656.2</ele></trkpt><trkpt lat="43.81347" lon="3.42888"><ele>652</ele></trkpt><trkpt lat="43.81398" lon="3.42922"><ele>649.9</ele></trkpt><trkpt lat="43.8166" lon="3.43035"><ele>649.8</ele></trkpt><trkpt lat="43.81753" lon="3.431"><ele>649.6</ele></trkpt><trkpt lat="43.81813" lon="3.43122"><ele>649.8</ele></trkpt><trkpt lat="43.82049" lon="3.43278"><ele>650.2</ele></trkpt><trkpt lat="43.82099" lon="3.43296"><ele>650.2</ele></trkpt><trkpt lat="43.82149" lon="3.43299"><ele>650.2</ele></trkpt><trkpt lat="43.82233" lon="3.43273"><ele>651</ele></trkpt><trkpt lat="43.82383" lon="3.43274"><ele>653</ele></trkpt><trkpt lat="43.82454" lon="3.43264"><ele>652.8</ele></trkpt><trkpt lat="43.82494" lon="3.43224"><ele>653.9</ele></trkpt><trkpt lat="43.82552" lon="3.43211"><ele>653.4</ele></trkpt><trkpt lat="43.82784" lon="3.43191"><ele>655.5</ele></trkpt><trkpt lat="43.82833" lon="3.43177"><ele>658.2</ele></trkpt><trkpt lat="43.82886" lon="3.43193"><ele>658.9</ele></trkpt><trkpt lat="43.82967" lon="3.43209"><ele>664</ele></trkpt><trkpt lat="43.83017" lon="3.43175"><ele>668.3</ele></trkpt><trkpt lat="43.83154" lon="3.43127"><ele>679.2</ele></trkpt><trkpt lat="43.83214" lon="3.43137"><ele>683.3</ele></trkpt><trkpt lat="43.83265" lon="3.43182"><ele>691</ele></trkpt><trkpt lat="43.83273" lon="3.43136"><ele>686.6</ele></trkpt><trkpt lat="43.83297" lon="3.43108"><ele>686</ele></trkpt><trkpt lat="43.83328" lon="3.43086"><ele>684.3</ele></trkpt><trkpt lat="43.83367" lon="3.43097"><ele>689</ele></trkpt><trkpt lat="43.83406" lon="3.43141"><ele>697.6</ele></trkpt><trkpt lat="43.83433" lon="3.43181"><ele>696.5</ele></trkpt><trkpt lat="43.83458" lon="3.43241"><ele>693</ele></trkpt><trkpt lat="43.83501" lon="3.43231"><ele>691.9</ele></trkpt><trkpt lat="43.83571" lon="3.43172"><ele>684.6</ele></trkpt><trkpt lat="43.83605" lon="3.43104"><ele>678.7</ele></trkpt><trkpt lat="43.83624" lon="3.43035"><ele>677.5</ele></trkpt><trkpt lat="43.83584" lon="3.42893"><ele>676</ele></trkpt><trkpt lat="43.83585" lon="3.42847"><ele>674</ele></trkpt><trkpt lat="43.83614" lon="3.4278"><ele>668.2</ele></trkpt><trkpt lat="43.83648" lon="3.42742"><ele>665.7</ele></trkpt><trkpt lat="43.83663" lon="3.42625"><ele>665.6</ele></trkpt><trkpt lat="43.83672" lon="3.42492"><ele>670.2</ele></trkpt><trkpt lat="43.83718" lon="3.42358"><ele>680.5</ele></trkpt><trkpt lat="43.8375" lon="3.4228"><ele>686.8</ele></trkpt><trkpt lat="43.8382" lon="3.42205"><ele>685</ele></trkpt><trkpt lat="43.83861" lon="3.4215"><ele>684.6</ele></trkpt><trkpt lat="43.83895" lon="3.42072"><ele>682</ele></trkpt><trkpt lat="43.83922" lon="3.41938"><ele>679.8</ele></trkpt><trkpt lat="43.83947" lon="3.4192"><ele>678.9</ele></trkpt><trkpt lat="43.83959" lon="3.41873"><ele>678.5</ele></trkpt><trkpt lat="43.84042" lon="3.41774"><ele>676</ele></trkpt><trkpt lat="43.84123" lon="3.41619"><ele>676</ele></trkpt><trkpt lat="43.84136" lon="3.41583"><ele>676.1</ele></trkpt><trkpt lat="43.84161" lon="3.41553"><ele>676.3</ele></trkpt><trkpt lat="43.84179" lon="3.41492"><ele>676.7</ele></trkpt><trkpt lat="43.84265" lon="3.41421"><ele>676.4</ele></trkpt><trkpt lat="43.84311" lon="3.41392"><ele>677</ele></trkpt><trkpt lat="43.84341" lon="3.4133"><ele>678.4</ele></trkpt><trkpt lat="43.84417" lon="3.41243"><ele>683</ele></trkpt><trkpt lat="43.84461" lon="3.41162"><ele>687</ele></trkpt><trkpt lat="43.84539" lon="3.41122"><ele>693.2</ele></trkpt><trkpt lat="43.84564" lon="3.41067"><ele>698.6</ele></trkpt><trkpt lat="43.84613" lon="3.40985"><ele>703.4</ele></trkpt><trkpt lat="43.84623" lon="3.40902"><ele>706.4</ele></trkpt><trkpt lat="43.84631" lon="3.4076"><ele>709.4</ele></trkpt><trkpt lat="43.84618" lon="3.40711"><ele>715.9</ele></trkpt><trkpt lat="43.84616" lon="3.4064"><ele>724.5</ele></trkpt><trkpt lat="43.84647" lon="3.40586"><ele>728.1</ele></trkpt><trkpt lat="43.84655" lon="3.40538"><ele>732.3</ele></trkpt><trkpt lat="43.84698" lon="3.40484"><ele>734.4</ele></trkpt><trkpt lat="43.84735" lon="3.40402"><ele>738.4</ele></trkpt><trkpt lat="43.84741" lon="3.40299"><ele>739.5</ele></trkpt><trkpt lat="43.84763" lon="3.40255"><ele>741.3</ele></trkpt><trkpt lat="43.84784" lon="3.40224"><ele>744.9</ele></trkpt><trkpt lat="43.84809" lon="3.40214"><ele>748.9</ele></trkpt><trkpt lat="43.84819" lon="3.40165"><ele>754.3</ele></trkpt><trkpt lat="43.84841" lon="3.40144"><ele>758.4</ele></trkpt><trkpt lat="43.84873" lon="3.40099"><ele>764.6</ele></trkpt><trkpt lat="43.849" lon="3.40039"><ele>767.2</ele></trkpt><trkpt lat="43.84924" lon="3.3991"><ele>765.2</ele></trkpt><trkpt lat="43.84975" lon="3.39865"><ele>767</ele></trkpt><trkpt lat="43.84996" lon="3.39748"><ele>763.4</ele></trkpt><trkpt lat="43.85017" lon="3.39662"><ele>761.5</ele></trkpt><trkpt lat="43.85075" lon="3.39594"><ele>762.8</ele></trkpt><trkpt lat="43.85111" lon="3.39558"><ele>761.2</ele></trkpt><trkpt lat="43.85128" lon="3.39523"><ele>761.2</ele></trkpt><trkpt lat="43.85178" lon="3.39463"><ele>761.6</ele></trkpt><trkpt lat="43.85221" lon="3.39372"><ele>758.7</ele></trkpt><trkpt lat="43.85247" lon="3.39327"><ele>758.1</ele></trkpt><trkpt lat="43.85274" lon="3.39266"><ele>758.1</ele></trkpt><trkpt lat="43.8529" lon="3.39197"><ele>757.1</ele></trkpt><trkpt lat="43.853" lon="3.3914"><ele>758.1</ele></trkpt><trkpt lat="43.85327" lon="3.39092"><ele>762.3</ele></trkpt><trkpt lat="43.85341" lon="3.39032"><ele>767.8</ele></trkpt><trkpt lat="43.8533" lon="3.38972"><ele>770.8</ele></trkpt><trkpt lat="43.85299" lon="3.38964"><ele>768.5</ele></trkpt><trkpt lat="43.85286" lon="3.38869"><ele>766.6</ele></trkpt><trkpt lat="43.85284" lon="3.38809"><ele>767.2</ele></trkpt><trkpt lat="43.85316" lon="3.38729"><ele>765.9</ele></trkpt><trkpt lat="43.85397" lon="3.38597"><ele>767.2</ele></trkpt><trkpt lat="43.85434" lon="3.38518"><ele>768.8</ele></trkpt><trkpt lat="43.85456" lon="3.38478"><ele>769.7</ele></trkpt><trkpt lat="43.85466" lon="3.38411"><ele>771.7</ele></trkpt><trkpt lat="43.85513" lon="3.38372"><ele>776.5</ele></trkpt><trkpt lat="43.85542" lon="3.38306"><ele>775.6</ele></trkpt><trkpt lat="43.85582" lon="3.38243"><ele>777</ele></trkpt><trkpt lat="43.8563" lon="3.38206"><ele>778.7</ele></trkpt><trkpt lat="43.85672" lon="3.38146"><ele>781</ele></trkpt><trkpt lat="43.85777" lon="3.38049"><ele>769.6</ele></trkpt><trkpt lat="43.85791" lon="3.37961"><ele>765.1</ele></trkpt><trkpt lat="43.85779" lon="3.37896"><ele>763.8</ele></trkpt><trkpt lat="43.85801" lon="3.3785"><ele>760.4</ele></trkpt><trkpt lat="43.85822" lon="3.37852"><ele>756.7</ele></trkpt><trkpt lat="43.85826" lon="3.37906"><ele>755.3</ele></trkpt><trkpt lat="43.85871" lon="3.37997"><ele>749.9</ele></trkpt><trkpt lat="43.85881" lon="3.3808"><ele>746.7</ele></trkpt><trkpt lat="43.85907" lon="3.38105"><ele>744.6</ele></trkpt><trkpt lat="43.85956" lon="3.38106"><ele>736.4</ele></trkpt><trkpt lat="43.85995" lon="3.38133"><ele>733.9</ele></trkpt><trkpt lat="43.86013" lon="3.38126"><ele>730.5</ele></trkpt><trkpt lat="43.86026" lon="3.38108"><ele>726.8</ele></trkpt><trkpt lat="43.86018" lon="3.38062"><ele>722.4</ele></trkpt><trkpt lat="43.86051" lon="3.38004"><ele>714.8</ele></trkpt><trkpt lat="43.86189" lon="3.37878"><ele>706.6</ele></trkpt><trkpt lat="43.86239" lon="3.37856"><ele>705.3</ele></trkpt><trkpt lat="43.86316" lon="3.37784"><ele>703.9</ele></trkpt><trkpt lat="43.86328" lon="3.3776"><ele>704.2</ele></trkpt><trkpt lat="43.86389" lon="3.37581"><ele>709.1</ele></trkpt><trkpt lat="43.86387" lon="3.37433"><ele>709.9</ele></trkpt><trkpt lat="43.86445" lon="3.37324"><ele>710.4</ele></trkpt><trkpt lat="43.86508" lon="3.37034"><ele>711.9</ele></trkpt><trkpt lat="43.8654" lon="3.36947"><ele>714.9</ele></trkpt><trkpt lat="43.86555" lon="3.36777"><ele>711</ele></trkpt><trkpt lat="43.86619" lon="3.3672"><ele>709.6</ele></trkpt><trkpt lat="43.86708" lon="3.36587"><ele>711</ele></trkpt><trkpt lat="43.86751" lon="3.36498"><ele>708.8</ele></trkpt><trkpt lat="43.86795" lon="3.36449"><ele>706.3</ele></trkpt><trkpt lat="43.86841" lon="3.36432"><ele>707</ele></trkpt><trkpt lat="43.86888" lon="3.36432"><ele>708</ele></trkpt><trkpt lat="43.86878" lon="3.36367"><ele>706</ele></trkpt><trkpt lat="43.86849" lon="3.36319"><ele>706.1</ele></trkpt><trkpt lat="43.86797" lon="3.36256"><ele>711.1</ele></trkpt><trkpt lat="43.86778" lon="3.36175"><ele>717.7</ele></trkpt><trkpt lat="43.8677" lon="3.36054"><ele>719.9</ele></trkpt><trkpt lat="43.86774" lon="3.36033"><ele>719.2</ele></trkpt><trkpt lat="43.86814" lon="3.35966"><ele>717.5</ele></trkpt><trkpt lat="43.8682" lon="3.35914"><ele>717.5</ele></trkpt><trkpt lat="43.86845" lon="3.35846"><ele>716.6</ele></trkpt><trkpt lat="43.86846" lon="3.35819"><ele>716.7</ele></trkpt><trkpt lat="43.86862" lon="3.35724"><ele>716.9</ele></trkpt><trkpt lat="43.86874" lon="3.35592"><ele>713.7</ele></trkpt><trkpt lat="43.86864" lon="3.35563"><ele>713.8</ele></trkpt><trkpt lat="43.86876" lon="3.35532"><ele>713.8</ele></trkpt><trkpt lat="43.8689" lon="3.35476"><ele>714.8</ele></trkpt><trkpt lat="43.86868" lon="3.35357"><ele>714</ele></trkpt><trkpt lat="43.86822" lon="3.35197"><ele>713.4</ele></trkpt><trkpt lat="43.86782" lon="3.35121"><ele>712.9</ele></trkpt><trkpt lat="43.86749" lon="3.35045"><ele>712</ele></trkpt><trkpt lat="43.86717" lon="3.34938"><ele>714.2</ele></trkpt><trkpt lat="43.86702" lon="3.34755"><ele>718.1</ele></trkpt><trkpt lat="43.86775" lon="3.34631"><ele>730.7</ele></trkpt><trkpt lat="43.86814" lon="3.34552"><ele>739</ele></trkpt><trkpt lat="43.86818" lon="3.34501"><ele>742.6</ele></trkpt><trkpt lat="43.86808" lon="3.34412"><ele>746.7</ele></trkpt><trkpt lat="43.86755" lon="3.3425"><ele>744.5</ele></trkpt><trkpt lat="43.86733" lon="3.34207"><ele>743.4</ele></trkpt><trkpt lat="43.86696" lon="3.34095"><ele>735.7</ele></trkpt><trkpt lat="43.86698" lon="3.34062"><ele>734.1</ele></trkpt><trkpt lat="43.8669" lon="3.34032"><ele>732.6</ele></trkpt><trkpt lat="43.86669" lon="3.34011"><ele>732.1</ele></trkpt><trkpt lat="43.86653" lon="3.34004"><ele>731.9</ele></trkpt><trkpt lat="43.86635" lon="3.33982"><ele>731.5</ele></trkpt><trkpt lat="43.86616" lon="3.3395"><ele>731.2</ele></trkpt><trkpt lat="43.86553" lon="3.33895"><ele>731.1</ele></trkpt><trkpt lat="43.86534" lon="3.33859"><ele>732.8</ele></trkpt><trkpt lat="43.86461" lon="3.33771"><ele>733.2</ele></trkpt><trkpt lat="43.86439" lon="3.33685"><ele>732.1</ele></trkpt><trkpt lat="43.86431" lon="3.33628"><ele>731</ele></trkpt><trkpt lat="43.86447" lon="3.33558"><ele>731.9</ele></trkpt><trkpt lat="43.86442" lon="3.33496"><ele>734.1</ele></trkpt><trkpt lat="43.86423" lon="3.3339"><ele>732.6</ele></trkpt><trkpt lat="43.86413" lon="3.33362"><ele>732.4</ele></trkpt><trkpt lat="43.86422" lon="3.3329"><ele>735</ele></trkpt><trkpt lat="43.86418" lon="3.33246"><ele>735.9</ele></trkpt><trkpt lat="43.86422" lon="3.33223"><ele>735.8</ele></trkpt><trkpt lat="43.86438" lon="3.33183"><ele>736.4</ele></trkpt><trkpt lat="43.86444" lon="3.33136"><ele>737</ele></trkpt><trkpt lat="43.86426" lon="3.33096"><ele>737.7</ele></trkpt><trkpt lat="43.86407" lon="3.33086"><ele>737.7</ele></trkpt><trkpt lat="43.86376" lon="3.33024"><ele>737.8</ele></trkpt><trkpt lat="43.86355" lon="3.3297"><ele>735.7</ele></trkpt><trkpt lat="43.86339" lon="3.32949"><ele>734.9</ele></trkpt><trkpt lat="43.86337" lon="3.3289"><ele>733.9</ele></trkpt><trkpt lat="43.86323" lon="3.32857"><ele>732.8</ele></trkpt><trkpt lat="43.86342" lon="3.32812"><ele>733.5</ele></trkpt><trkpt lat="43.86348" lon="3.32777"><ele>735.5</ele></trkpt><trkpt lat="43.86321" lon="3.32723"><ele>736.4</ele></trkpt><trkpt lat="43.86354" lon="3.32683"><ele>735.9</ele></trkpt><trkpt lat="43.86394" lon="3.3265"><ele>735.4</ele></trkpt><trkpt lat="43.86432" lon="3.32604"><ele>733.5</ele></trkpt><trkpt lat="43.86458" lon="3.32578"><ele>731.3</ele></trkpt><trkpt lat="43.86461" lon="3.32518"><ele>732.2</ele></trkpt><trkpt lat="43.86437" lon="3.32457"><ele>734.4</ele></trkpt><trkpt lat="43.86415" lon="3.32422"><ele>734</ele></trkpt><trkpt lat="43.8641" lon="3.32375"><ele>732.6</ele></trkpt><trkpt lat="43.86424" lon="3.32334"><ele>732.7</ele></trkpt><trkpt lat="43.86369" lon="3.32226"><ele>733.9</ele></trkpt><trkpt lat="43.86348" lon="3.32169"><ele>740.3</ele></trkpt><trkpt lat="43.86345" lon="3.32146"><ele>742.7</ele></trkpt><trkpt lat="43.86354" lon="3.32112"><ele>745.7</ele></trkpt><trkpt lat="43.86345" lon="3.32073"><ele>747.7</ele></trkpt><trkpt lat="43.86339" lon="3.32059"><ele>748</ele></trkpt><trkpt lat="43.86347" lon="3.32031"><ele>749.4</ele></trkpt><trkpt lat="43.86349" lon="3.31964"><ele>749.8</ele></trkpt><trkpt lat="43.8636" lon="3.31951"><ele>750.3</ele></trkpt><trkpt lat="43.86355" lon="3.3194"><ele>749.2</ele></trkpt><trkpt lat="43.86379" lon="3.31872"><ele>749.1</ele></trkpt><trkpt lat="43.86391" lon="3.31847"><ele>748.7</ele></trkpt><trkpt lat="43.86399" lon="3.31837"><ele>748.9</ele></trkpt><trkpt lat="43.86401" lon="3.31819"><ele>748.1</ele></trkpt><trkpt lat="43.86396" lon="3.31806"><ele>747.3</ele></trkpt><trkpt lat="43.86392" lon="3.31809"><ele>747.2</ele></trkpt><trkpt lat="43.86401" lon="3.31809"><ele>747.6</ele></trkpt><trkpt lat="43.86382" lon="3.31769"><ele>745.5</ele></trkpt><trkpt lat="43.86365" lon="3.31743"><ele>744.7</ele></trkpt><trkpt lat="43.86327" lon="3.31694"><ele>743</ele></trkpt><trkpt lat="43.86237" lon="3.31642"><ele>743</ele></trkpt><trkpt lat="43.86247" lon="3.31569"><ele>741.9</ele></trkpt><trkpt lat="43.86247" lon="3.31533"><ele>741.2</ele></trkpt><trkpt lat="43.86238" lon="3.31515"><ele>740.8</ele></trkpt><trkpt lat="43.8621" lon="3.31493"><ele>739</ele></trkpt><trkpt lat="43.86213" lon="3.3144"><ele>738.1</ele></trkpt><trkpt lat="43.86212" lon="3.31413"><ele>736.8</ele></trkpt><trkpt lat="43.86223" lon="3.31366"><ele>736.2</ele></trkpt><trkpt lat="43.86179" lon="3.31286"><ele>735.1</ele></trkpt><trkpt lat="43.86126" lon="3.31259"><ele>736.1</ele></trkpt><trkpt lat="43.86042" lon="3.31063"><ele>741.5</ele></trkpt><trkpt lat="43.86003" lon="3.31059"><ele>740.3</ele></trkpt><trkpt lat="43.85967" lon="3.31061"><ele>736</ele></trkpt><trkpt lat="43.85951" lon="3.31045"><ele>734.9</ele></trkpt><trkpt lat="43.85948" lon="3.3101"><ele>735.8</ele></trkpt><trkpt lat="43.85954" lon="3.30975"><ele>735.4</ele></trkpt><trkpt lat="43.85979" lon="3.30956"><ele>736.6</ele></trkpt><trkpt lat="43.86025" lon="3.30969"><ele>737.8</ele></trkpt><trkpt lat="43.86059" lon="3.30982"><ele>739.3</ele></trkpt><trkpt lat="43.86077" lon="3.30978"><ele>739.6</ele></trkpt><trkpt lat="43.86079" lon="3.30958"><ele>740</ele></trkpt><trkpt lat="43.86068" lon="3.30866"><ele>741.5</ele></trkpt><trkpt lat="43.86039" lon="3.30754"><ele>743.7</ele></trkpt><trkpt lat="43.86022" lon="3.30729"><ele>744.1</ele></trkpt><trkpt lat="43.85973" lon="3.30679"><ele>743.4</ele></trkpt><trkpt lat="43.85918" lon="3.30653"><ele>741</ele></trkpt><trkpt lat="43.85896" lon="3.30628"><ele>739.7</ele></trkpt><trkpt lat="43.85874" lon="3.30581"><ele>741</ele></trkpt><trkpt lat="43.85824" lon="3.30516"><ele>739.6</ele></trkpt><trkpt lat="43.85808" lon="3.30504"><ele>739.1</ele></trkpt><trkpt lat="43.85789" lon="3.30497"><ele>738.7</ele></trkpt><trkpt lat="43.85766" lon="3.30372"><ele>736.6</ele></trkpt><trkpt lat="43.85747" lon="3.3032"><ele>739.4</ele></trkpt><trkpt lat="43.85709" lon="3.30237"><ele>743.7</ele></trkpt><trkpt lat="43.85692" lon="3.30168"><ele>748.8</ele></trkpt><trkpt lat="43.85677" lon="3.3012"><ele>751.4</ele></trkpt><trkpt lat="43.85649" lon="3.29987"><ele>751.9</ele></trkpt><trkpt lat="43.85629" lon="3.29952"><ele>748.4</ele></trkpt><trkpt lat="43.85577" lon="3.2973"><ele>743.8</ele></trkpt><trkpt lat="43.85531" lon="3.29592"><ele>742</ele></trkpt><trkpt lat="43.85475" lon="3.29493"><ele>740.9</ele></trkpt><trkpt lat="43.85451" lon="3.29374"><ele>740.2</ele></trkpt><trkpt lat="43.85409" lon="3.29244"><ele>739.2</ele></trkpt><trkpt lat="43.85366" lon="3.29124"><ele>738.8</ele></trkpt><trkpt lat="43.85338" lon="3.28968"><ele>740.7</ele></trkpt><trkpt lat="43.85305" lon="3.28858"><ele>738.1</ele></trkpt><trkpt lat="43.85284" lon="3.28799"><ele>738.8</ele></trkpt><trkpt lat="43.85249" lon="3.28717"><ele>737.8</ele></trkpt><trkpt lat="43.85244" lon="3.28686"><ele>736.8</ele></trkpt><trkpt lat="43.85224" lon="3.28642"><ele>736.9</ele></trkpt><trkpt lat="43.85189" lon="3.28589"><ele>739</ele></trkpt><trkpt lat="43.84935" lon="3.28643"><ele>746.6</ele></trkpt><trkpt lat="43.84841" lon="3.28659"><ele>751</ele></trkpt><trkpt lat="43.84794" lon="3.28637"><ele>747</ele></trkpt><trkpt lat="43.84739" lon="3.28655"><ele>739.2</ele></trkpt><trkpt lat="43.84724" lon="3.28613"><ele>735.7</ele></trkpt><trkpt lat="43.84692" lon="3.28575"><ele>728.2</ele></trkpt><trkpt lat="43.84641" lon="3.28539"><ele>722.5</ele></trkpt><trkpt lat="43.84604" lon="3.28508"><ele>719.4</ele></trkpt><trkpt lat="43.84571" lon="3.28463"><ele>717.7</ele></trkpt><trkpt lat="43.84492" lon="3.28429"><ele>710.6</ele></trkpt><trkpt lat="43.84466" lon="3.28405"><ele>709.2</ele></trkpt><trkpt lat="43.84373" lon="3.28348"><ele>699.7</ele></trkpt><trkpt lat="43.84333" lon="3.28328"><ele>697.8</ele></trkpt><trkpt lat="43.84317" lon="3.28311"><ele>696.6</ele></trkpt><trkpt lat="43.84283" lon="3.28248"><ele>695.2</ele></trkpt><trkpt lat="43.8425" lon="3.2817"><ele>694</ele></trkpt><trkpt lat="43.84229" lon="3.28091"><ele>694</ele></trkpt><trkpt lat="43.84216" lon="3.2794"><ele>691.8</ele></trkpt><trkpt lat="43.84203" lon="3.27921"><ele>691.3</ele></trkpt><trkpt lat="43.84158" lon="3.27917"><ele>689</ele></trkpt><trkpt lat="43.84074" lon="3.27902"><ele>687.5</ele></trkpt><trkpt lat="43.84014" lon="3.27886"><ele>686.3</ele></trkpt><trkpt lat="43.84002" lon="3.27886"><ele>685.9</ele></trkpt><trkpt lat="43.83993" lon="3.27889"><ele>685.5</ele></trkpt><trkpt lat="43.83979" lon="3.27899"><ele>684.9</ele></trkpt><trkpt lat="43.83971" lon="3.27882"><ele>684</ele></trkpt><trkpt lat="43.83962" lon="3.2779"><ele>683.8</ele></trkpt><trkpt lat="43.83948" lon="3.27783"><ele>683.8</ele></trkpt><trkpt lat="43.83909" lon="3.27805"><ele>683</ele></trkpt><trkpt lat="43.83871" lon="3.27822"><ele>681.8</ele></trkpt><trkpt lat="43.83831" lon="3.27822"><ele>680.9</ele></trkpt><trkpt lat="43.83756" lon="3.27812"><ele>682.5</ele></trkpt><trkpt lat="43.837" lon="3.27796"><ele>681</ele></trkpt><trkpt lat="43.83649" lon="3.27765"><ele>680.5</ele></trkpt><trkpt lat="43.83624" lon="3.27764"><ele>679.7</ele></trkpt><trkpt lat="43.83584" lon="3.2779"><ele>679</ele></trkpt><trkpt lat="43.83557" lon="3.278"><ele>679.2</ele></trkpt><trkpt lat="43.83524" lon="3.27797"><ele>680.1</ele></trkpt><trkpt lat="43.83474" lon="3.27748"><ele>682.1</ele></trkpt><trkpt lat="43.83441" lon="3.27708"><ele>684.5</ele></trkpt><trkpt lat="43.8341" lon="3.27653"><ele>686.7</ele></trkpt><trkpt lat="43.83386" lon="3.27624"><ele>688.4</ele></trkpt><trkpt lat="43.83346" lon="3.27587"><ele>688.6</ele></trkpt><trkpt lat="43.83318" lon="3.27572"><ele>688.6</ele></trkpt><trkpt lat="43.83294" lon="3.27572"><ele>688.8</ele></trkpt><trkpt lat="43.83271" lon="3.27532"><ele>690.2</ele></trkpt><trkpt lat="43.83235" lon="3.27487"><ele>692.7</ele></trkpt><trkpt lat="43.83201" lon="3.27455"><ele>693.6</ele></trkpt><trkpt lat="43.83164" lon="3.27415"><ele>695.1</ele></trkpt><trkpt lat="43.83122" lon="3.27378"><ele>695.5</ele></trkpt><trkpt lat="43.83082" lon="3.27352"><ele>696.3</ele></trkpt><trkpt lat="43.83074" lon="3.27328"><ele>697.1</ele></trkpt><trkpt lat="43.83079" lon="3.27292"><ele>697.9</ele></trkpt><trkpt lat="43.83099" lon="3.27237"><ele>698.8</ele></trkpt><trkpt lat="43.83097" lon="3.27206"><ele>699.9</ele></trkpt><trkpt lat="43.82987" lon="3.27067"><ele>702.3</ele></trkpt><trkpt lat="43.82952" lon="3.27004"><ele>703.5</ele></trkpt><trkpt lat="43.82929" lon="3.26955"><ele>704.9</ele></trkpt><trkpt lat="43.82849" lon="3.26823"><ele>706.7</ele></trkpt><trkpt lat="43.82687" lon="3.26606"><ele>706.9</ele></trkpt><trkpt lat="43.82603" lon="3.26522"><ele>705.7</ele></trkpt><trkpt lat="43.82557" lon="3.2647"><ele>704.9</ele></trkpt><trkpt lat="43.82523" lon="3.26448"><ele>703</ele></trkpt><trkpt lat="43.82493" lon="3.26397"><ele>701.7</ele></trkpt><trkpt lat="43.82476" lon="3.26374"><ele>701.1</ele></trkpt><trkpt lat="43.82447" lon="3.26369"><ele>700.5</ele></trkpt><trkpt lat="43.82379" lon="3.26397"><ele>698.4</ele></trkpt><trkpt lat="43.82319" lon="3.26435"><ele>697</ele></trkpt><trkpt lat="43.82244" lon="3.26502"><ele>697.6</ele></trkpt><trkpt lat="43.82224" lon="3.26494"><ele>697.9</ele></trkpt><trkpt lat="43.82184" lon="3.26432"><ele>699.2</ele></trkpt><trkpt lat="43.82109" lon="3.26462"><ele>697.8</ele></trkpt><trkpt lat="43.82073" lon="3.26432"><ele>702.5</ele></trkpt><trkpt lat="43.8205" lon="3.26407"><ele>704</ele></trkpt><trkpt lat="43.82023" lon="3.26418"><ele>702.5</ele></trkpt><trkpt lat="43.8198" lon="3.26535"><ele>702.8</ele></trkpt><trkpt lat="43.81977" lon="3.26579"><ele>706.5</ele></trkpt><trkpt lat="43.81998" lon="3.26665"><ele>708.2</ele></trkpt><trkpt lat="43.81989" lon="3.26744"><ele>709.8</ele></trkpt><trkpt lat="43.81966" lon="3.26808"><ele>710.5</ele></trkpt><trkpt lat="43.81931" lon="3.26855"><ele>711.6</ele></trkpt><trkpt lat="43.81885" lon="3.26896"><ele>713.3</ele></trkpt><trkpt lat="43.81838" lon="3.26898"><ele>715.6</ele></trkpt><trkpt lat="43.81774" lon="3.26873"><ele>715.2</ele></trkpt><trkpt lat="43.81714" lon="3.26869"><ele>719.8</ele></trkpt><trkpt lat="43.8167" lon="3.26859"><ele>725.4</ele></trkpt><trkpt lat="43.81631" lon="3.26879"><ele>730.9</ele></trkpt><trkpt lat="43.81478" lon="3.26893"><ele>724.6</ele></trkpt><trkpt lat="43.81425" lon="3.26907"><ele>722.1</ele></trkpt><trkpt lat="43.81374" lon="3.26917"><ele>721.6</ele></trkpt><trkpt lat="43.81333" lon="3.26942"><ele>723.6</ele></trkpt><trkpt lat="43.81257" lon="3.26946"><ele>729.1</ele></trkpt><trkpt lat="43.81168" lon="3.26931"><ele>732.4</ele></trkpt><trkpt lat="43.81131" lon="3.26936"><ele>735.3</ele></trkpt><trkpt lat="43.81059" lon="3.26899"><ele>738.5</ele></trkpt><trkpt lat="43.80987" lon="3.26883"><ele>737.7</ele></trkpt><trkpt lat="43.8096" lon="3.26869"><ele>735.7</ele></trkpt><trkpt lat="43.80933" lon="3.26843"><ele>734.6</ele></trkpt><trkpt lat="43.80884" lon="3.26848"><ele>732.6</ele></trkpt><trkpt lat="43.80852" lon="3.26865"><ele>731.1</ele></trkpt><trkpt lat="43.80761" lon="3.26848"><ele>723.8</ele></trkpt><trkpt lat="43.8073" lon="3.26821"><ele>721.5</ele></trkpt><trkpt lat="43.80722" lon="3.26799"><ele>721</ele></trkpt><trkpt lat="43.80756" lon="3.26742"><ele>719.6</ele></trkpt><trkpt lat="43.80753" lon="3.26713"><ele>719.5</ele></trkpt><trkpt lat="43.80721" lon="3.26695"><ele>716.1</ele></trkpt><trkpt lat="43.80682" lon="3.267"><ele>716.9</ele></trkpt><trkpt lat="43.80674" lon="3.26671"><ele>717.8</ele></trkpt><trkpt lat="43.807" lon="3.26611"><ele>720.4</ele></trkpt><trkpt lat="43.80685" lon="3.26508"><ele>723.8</ele></trkpt><trkpt lat="43.80688" lon="3.2646"><ele>724.8</ele></trkpt><trkpt lat="43.80698" lon="3.26414"><ele>725.6</ele></trkpt><trkpt lat="43.80723" lon="3.26371"><ele>727.1</ele></trkpt><trkpt lat="43.80783" lon="3.26318"><ele>730.9</ele></trkpt><trkpt lat="43.8078" lon="3.26298"><ele>732.4</ele></trkpt><trkpt lat="43.80751" lon="3.26297"><ele>732.8</ele></trkpt><trkpt lat="43.80691" lon="3.26325"><ele>735.6</ele></trkpt><trkpt lat="43.80664" lon="3.26318"><ele>735.5</ele></trkpt><trkpt lat="43.80654" lon="3.26304"><ele>738</ele></trkpt><trkpt lat="43.80657" lon="3.26271"><ele>738.9</ele></trkpt><trkpt lat="43.80703" lon="3.26232"><ele>738.1</ele></trkpt><trkpt lat="43.80747" lon="3.26216"><ele>735.3</ele></trkpt><trkpt lat="43.80771" lon="3.26214"><ele>734.3</ele></trkpt><trkpt lat="43.80777" lon="3.26145"><ele>728.7</ele></trkpt><trkpt lat="43.8079" lon="3.26084"><ele>725.9</ele></trkpt><trkpt lat="43.80802" lon="3.26055"><ele>725.6</ele></trkpt><trkpt lat="43.80789" lon="3.26015"><ele>725.4</ele></trkpt><trkpt lat="43.80765" lon="3.25995"><ele>727.1</ele></trkpt><trkpt lat="43.8073" lon="3.25957"><ele>726</ele></trkpt><trkpt lat="43.8069" lon="3.25924"><ele>725.9</ele></trkpt><trkpt lat="43.80635" lon="3.25895"><ele>729.1</ele></trkpt><trkpt lat="43.80591" lon="3.2586"><ele>733.5</ele></trkpt><trkpt lat="43.8057" lon="3.25833"><ele>736</ele></trkpt><trkpt lat="43.80557" lon="3.25783"><ele>736.3</ele></trkpt><trkpt lat="43.80517" lon="3.25785"><ele>734.1</ele></trkpt><trkpt lat="43.80474" lon="3.25776"><ele>731.1</ele></trkpt><trkpt lat="43.80451" lon="3.25765"><ele>729.1</ele></trkpt><trkpt lat="43.80429" lon="3.2575"><ele>727.4</ele></trkpt><trkpt lat="43.80378" lon="3.25699"><ele>725.2</ele></trkpt><trkpt lat="43.80338" lon="3.25699"><ele>722.3</ele></trkpt><trkpt lat="43.80309" lon="3.25705"><ele>721.1</ele></trkpt><trkpt lat="43.80278" lon="3.25707"><ele>721.5</ele></trkpt><trkpt lat="43.80229" lon="3.25741"><ele>725</ele></trkpt><trkpt lat="43.80212" lon="3.25767"><ele>727.4</ele></trkpt><trkpt lat="43.80201" lon="3.25845"><ele>730.5</ele></trkpt><trkpt lat="43.80192" lon="3.2585"><ele>733.4</ele></trkpt><trkpt lat="43.80168" lon="3.25825"><ele>736.1</ele></trkpt><trkpt lat="43.80132" lon="3.25868"><ele>739.2</ele></trkpt><trkpt lat="43.80094" lon="3.25888"><ele>738.4</ele></trkpt><trkpt lat="43.80074" lon="3.25903"><ele>738.7</ele></trkpt><trkpt lat="43.8006" lon="3.25897"><ele>735.7</ele></trkpt><trkpt lat="43.80051" lon="3.25859"><ele>732.9</ele></trkpt><trkpt lat="43.80025" lon="3.25869"><ele>730</ele></trkpt><trkpt lat="43.80006" lon="3.25868"><ele>727.7</ele></trkpt><trkpt lat="43.79974" lon="3.25844"><ele>729.3</ele></trkpt><trkpt lat="43.79919" lon="3.25833"><ele>728.2</ele></trkpt><trkpt lat="43.79876" lon="3.25809"><ele>727.4</ele></trkpt><trkpt lat="43.79819" lon="3.25813"><ele>724.9</ele></trkpt><trkpt lat="43.79746" lon="3.25847"><ele>724.6</ele></trkpt><trkpt lat="43.79698" lon="3.25877"><ele>724.4</ele></trkpt><trkpt lat="43.79661" lon="3.25888"><ele>722.4</ele></trkpt><trkpt lat="43.79631" lon="3.25888"><ele>724</ele></trkpt><trkpt lat="43.79619" lon="3.25884"><ele>724.3</ele></trkpt><trkpt lat="43.79578" lon="3.25838"><ele>725.7</ele></trkpt><trkpt lat="43.79476" lon="3.25794"><ele>730.9</ele></trkpt><trkpt lat="43.79499" lon="3.25744"><ele>731.2</ele></trkpt><trkpt lat="43.7949" lon="3.25561"><ele>742.4</ele></trkpt><trkpt lat="43.79495" lon="3.25466"><ele>748.2</ele></trkpt><trkpt lat="43.795" lon="3.25425"><ele>750.4</ele></trkpt><trkpt lat="43.79517" lon="3.25398"><ele>749.3</ele></trkpt><trkpt lat="43.79508" lon="3.25313"><ele>752.2</ele></trkpt><trkpt lat="43.79593" lon="3.25205"><ele>756.4</ele></trkpt><trkpt lat="43.79585" lon="3.25189"><ele>758.8</ele></trkpt><trkpt lat="43.79549" lon="3.25174"><ele>763.8</ele></trkpt><trkpt lat="43.79465" lon="3.25198"><ele>773.9</ele></trkpt><trkpt lat="43.79442" lon="3.25223"><ele>775.8</ele></trkpt><trkpt lat="43.79413" lon="3.25305"><ele>780.7</ele></trkpt><trkpt lat="43.79378" lon="3.25339"><ele>783.1</ele></trkpt><trkpt lat="43.79335" lon="3.25358"><ele>787.2</ele></trkpt><trkpt lat="43.79285" lon="3.25356"><ele>792.8</ele></trkpt><trkpt lat="43.79265" lon="3.2534"><ele>795</ele></trkpt><trkpt lat="43.79265" lon="3.25277"><ele>798.7</ele></trkpt><trkpt lat="43.79274" lon="3.25198"><ele>806.1</ele></trkpt><trkpt lat="43.79277" lon="3.2514"><ele>809.8</ele></trkpt><trkpt lat="43.79296" lon="3.25064"><ele>814.1</ele></trkpt><trkpt lat="43.79305" lon="3.25043"><ele>816.4</ele></trkpt><trkpt lat="43.79337" lon="3.25005"><ele>819.9</ele></trkpt><trkpt lat="43.7936" lon="3.24991"><ele>820.9</ele></trkpt><trkpt lat="43.79382" lon="3.24972"><ele>821.7</ele></trkpt><trkpt lat="43.79396" lon="3.24955"><ele>821.8</ele></trkpt><trkpt lat="43.79409" lon="3.2493"><ele>823.3</ele></trkpt><trkpt lat="43.79431" lon="3.24859"><ele>828.1</ele></trkpt><trkpt lat="43.79445" lon="3.24781"><ele>829.2</ele></trkpt><trkpt lat="43.79474" lon="3.24705"><ele>827.5</ele></trkpt><trkpt lat="43.79557" lon="3.24545"><ele>828.6</ele></trkpt><trkpt lat="43.79586" lon="3.24462"><ele>830.3</ele></trkpt><trkpt lat="43.79604" lon="3.24387"><ele>833.7</ele></trkpt><trkpt lat="43.79616" lon="3.24298"><ele>833</ele></trkpt><trkpt lat="43.79632" lon="3.24223"><ele>831.3</ele></trkpt><trkpt lat="43.79636" lon="3.24181"><ele>829.4</ele></trkpt><trkpt lat="43.79635" lon="3.24157"><ele>828</ele></trkpt><trkpt lat="43.79545" lon="3.24186"><ele>827.4</ele></trkpt><trkpt lat="43.79504" lon="3.24204"><ele>826.2</ele></trkpt><trkpt lat="43.7941" lon="3.24213"><ele>823.1</ele></trkpt><trkpt lat="43.7937" lon="3.24213"><ele>822.1</ele></trkpt><trkpt lat="43.79299" lon="3.24219"><ele>819.5</ele></trkpt><trkpt lat="43.7926" lon="3.24233"><ele>817.7</ele></trkpt><trkpt lat="43.79138" lon="3.24368"><ele>812.8</ele></trkpt><trkpt lat="43.79039" lon="3.24447"><ele>808</ele></trkpt><trkpt lat="43.78965" lon="3.24411"><ele>812.5</ele></trkpt><trkpt lat="43.78888" lon="3.24349"><ele>812.9</ele></trkpt><trkpt lat="43.78805" lon="3.24354"><ele>815.5</ele></trkpt><trkpt lat="43.78755" lon="3.24341"><ele>817.6</ele></trkpt><trkpt lat="43.78747" lon="3.24325"><ele>816.8</ele></trkpt><trkpt lat="43.78727" lon="3.24312"><ele>817.7</ele></trkpt><trkpt lat="43.78709" lon="3.24261"><ele>817.6</ele></trkpt><trkpt lat="43.78705" lon="3.24146"><ele>818.6</ele></trkpt><trkpt lat="43.78727" lon="3.24088"><ele>818.5</ele></trkpt><trkpt lat="43.78793" lon="3.24034"><ele>814.9</ele></trkpt><trkpt lat="43.78902" lon="3.23925"><ele>808.7</ele></trkpt><trkpt lat="43.78908" lon="3.2388"><ele>803.7</ele></trkpt><trkpt lat="43.7885" lon="3.23869"><ele>801.9</ele></trkpt><trkpt lat="43.78907" lon="3.23824"><ele>792</ele></trkpt><trkpt lat="43.78955" lon="3.2378"><ele>778.5</ele></trkpt><trkpt lat="43.78913" lon="3.23747"><ele>772.8</ele></trkpt><trkpt lat="43.78971" lon="3.23637"><ele>750.8</ele></trkpt><trkpt lat="43.78996" lon="3.23598"><ele>744.3</ele></trkpt><trkpt lat="43.79025" lon="3.23452"><ele>734.1</ele></trkpt><trkpt lat="43.79026" lon="3.23391"><ele>732.6</ele></trkpt><trkpt lat="43.79039" lon="3.23311"><ele>732.2</ele></trkpt><trkpt lat="43.79056" lon="3.23284"><ele>733.3</ele></trkpt><trkpt lat="43.79059" lon="3.23261"><ele>731.7</ele></trkpt><trkpt lat="43.79068" lon="3.2324"><ele>734.3</ele></trkpt><trkpt lat="43.79072" lon="3.23213"><ele>732.3</ele></trkpt><trkpt lat="43.79073" lon="3.23172"><ele>725.4</ele></trkpt><trkpt lat="43.79078" lon="3.2315"><ele>720.7</ele></trkpt><trkpt lat="43.79093" lon="3.23137"><ele>718.7</ele></trkpt><trkpt lat="43.79111" lon="3.23134"><ele>719.3</ele></trkpt><trkpt lat="43.79129" lon="3.23087"><ele>717.8</ele></trkpt><trkpt lat="43.79148" lon="3.23074"><ele>712.5</ele></trkpt><trkpt lat="43.79169" lon="3.23078"><ele>711.7</ele></trkpt><trkpt lat="43.79201" lon="3.23055"><ele>706.8</ele></trkpt><trkpt lat="43.79224" lon="3.23048"><ele>704.7</ele></trkpt><trkpt lat="43.79239" lon="3.2305"><ele>706.6</ele></trkpt><trkpt lat="43.79254" lon="3.23015"><ele>700.5</ele></trkpt><trkpt lat="43.79269" lon="3.22991"><ele>696</ele></trkpt><trkpt lat="43.79295" lon="3.22978"><ele>694.8</ele></trkpt><trkpt lat="43.79322" lon="3.22959"><ele>690.7</ele></trkpt><trkpt lat="43.79342" lon="3.22949"><ele>688.8</ele></trkpt><trkpt lat="43.7936" lon="3.22932"><ele>685.2</ele></trkpt><trkpt lat="43.79372" lon="3.22906"><ele>684.3</ele></trkpt><trkpt lat="43.79379" lon="3.22846"><ele>678.1</ele></trkpt><trkpt lat="43.79382" lon="3.22787"><ele>671.4</ele></trkpt><trkpt lat="43.79361" lon="3.22769"><ele>665.4</ele></trkpt><trkpt lat="43.79358" lon="3.22756"><ele>663.9</ele></trkpt><trkpt lat="43.7936" lon="3.2272"><ele>659.7</ele></trkpt><trkpt lat="43.79357" lon="3.22698"><ele>657.5</ele></trkpt><trkpt lat="43.79364" lon="3.22618"><ele>656.2</ele></trkpt><trkpt lat="43.79375" lon="3.22543"><ele>654.3</ele></trkpt><trkpt lat="43.79375" lon="3.22502"><ele>656.8</ele></trkpt><trkpt lat="43.79383" lon="3.22459"><ele>647.1</ele></trkpt><trkpt lat="43.79375" lon="3.22376"><ele>650.1</ele></trkpt><trkpt lat="43.79361" lon="3.22355"><ele>651.8</ele></trkpt><trkpt lat="43.79345" lon="3.22337"><ele>651.3</ele></trkpt><trkpt lat="43.79331" lon="3.22328"><ele>652.4</ele></trkpt><trkpt lat="43.79323" lon="3.22297"><ele>654.5</ele></trkpt><trkpt lat="43.79314" lon="3.22287"><ele>656.2</ele></trkpt><trkpt lat="43.79313" lon="3.22271"><ele>654.9</ele></trkpt><trkpt lat="43.79334" lon="3.22238"><ele>652</ele></trkpt><trkpt lat="43.79337" lon="3.22211"><ele>650.1</ele></trkpt><trkpt lat="43.7933" lon="3.22172"><ele>645</ele></trkpt><trkpt lat="43.79277" lon="3.22065"><ele>644.8</ele></trkpt><trkpt lat="43.79252" lon="3.22024"><ele>651.2</ele></trkpt><trkpt lat="43.79168" lon="3.21864"><ele>649.3</ele></trkpt><trkpt lat="43.79157" lon="3.21791"><ele>649.6</ele></trkpt><trkpt lat="43.79141" lon="3.21749"><ele>651.3</ele></trkpt><trkpt lat="43.79118" lon="3.21709"><ele>652.9</ele></trkpt><trkpt lat="43.79087" lon="3.21663"><ele>654</ele></trkpt><trkpt lat="43.79065" lon="3.21637"><ele>659.1</ele></trkpt><trkpt lat="43.79046" lon="3.21599"><ele>660.8</ele></trkpt><trkpt lat="43.79034" lon="3.2155"><ele>663.9</ele></trkpt><trkpt lat="43.79029" lon="3.21501"><ele>666.6</ele></trkpt><trkpt lat="43.79012" lon="3.21482"><ele>672.3</ele></trkpt><trkpt lat="43.78975" lon="3.21408"><ele>674.6</ele></trkpt><trkpt lat="43.78959" lon="3.21388"><ele>677.3</ele></trkpt><trkpt lat="43.7895" lon="3.21372"><ele>679</ele></trkpt><trkpt lat="43.78928" lon="3.21363"><ele>683.7</ele></trkpt><trkpt lat="43.789" lon="3.21336"><ele>686.9</ele></trkpt><trkpt lat="43.78888" lon="3.21316"><ele>688</ele></trkpt><trkpt lat="43.78887" lon="3.21294"><ele>687.1</ele></trkpt><trkpt lat="43.78868" lon="3.21282"><ele>690.9</ele></trkpt><trkpt lat="43.78861" lon="3.21269"><ele>692.3</ele></trkpt><trkpt lat="43.78861" lon="3.21253"><ele>692.9</ele></trkpt><trkpt lat="43.78879" lon="3.21215"><ele>690.7</ele></trkpt><trkpt lat="43.78904" lon="3.21136"><ele>688.9</ele></trkpt><trkpt lat="43.78886" lon="3.21082"><ele>687.8</ele></trkpt><trkpt lat="43.78884" lon="3.21058"><ele>686.8</ele></trkpt><trkpt lat="43.78902" lon="3.20993"><ele>684.3</ele></trkpt><trkpt lat="43.78918" lon="3.20949"><ele>681.7</ele></trkpt><trkpt lat="43.78893" lon="3.20891"><ele>680.1</ele></trkpt><trkpt lat="43.78851" lon="3.20766"><ele>669.7</ele></trkpt><trkpt lat="43.78815" lon="3.20642"><ele>657.8</ele></trkpt><trkpt lat="43.78806" lon="3.20579"><ele>653.7</ele></trkpt><trkpt lat="43.78796" lon="3.20543"><ele>650.4</ele></trkpt><trkpt lat="43.78741" lon="3.20432"><ele>648</ele></trkpt><trkpt lat="43.78696" lon="3.20312"><ele>643.8</ele></trkpt><trkpt lat="43.7864" lon="3.20191"><ele>639.7</ele></trkpt><trkpt lat="43.78612" lon="3.20137"><ele>636.6</ele></trkpt><trkpt lat="43.78541" lon="3.20043"><ele>624.6</ele></trkpt><trkpt lat="43.78509" lon="3.19996"><ele>618.9</ele></trkpt><trkpt lat="43.7842" lon="3.19844"><ele>604.5</ele></trkpt><trkpt lat="43.78395" lon="3.19788"><ele>601.3</ele></trkpt><trkpt lat="43.78363" lon="3.19791"><ele>597.9</ele></trkpt><trkpt lat="43.78343" lon="3.19782"><ele>598.8</ele></trkpt><trkpt lat="43.78323" lon="3.19769"><ele>596.4</ele></trkpt><trkpt lat="43.78259" lon="3.1978"><ele>593.6</ele></trkpt><trkpt lat="43.78226" lon="3.1973"><ele>589.9</ele></trkpt><trkpt lat="43.7821" lon="3.19679"><ele>583.5</ele></trkpt><trkpt lat="43.78187" lon="3.19663"><ele>583.7</ele></trkpt><trkpt lat="43.78168" lon="3.19638"><ele>582.7</ele></trkpt><trkpt lat="43.78164" lon="3.19721"><ele>579.2</ele></trkpt><trkpt lat="43.78152" lon="3.19712"><ele>575.8</ele></trkpt><trkpt lat="43.7812" lon="3.19637"><ele>569.8</ele></trkpt><trkpt lat="43.78071" lon="3.19563"><ele>565.7</ele></trkpt><trkpt lat="43.78032" lon="3.19568"><ele>561.9</ele></trkpt><trkpt lat="43.7799" lon="3.19567"><ele>560.6</ele></trkpt><trkpt lat="43.77964" lon="3.1957"><ele>560.3</ele></trkpt><trkpt lat="43.77912" lon="3.19618"><ele>559.3</ele></trkpt><trkpt lat="43.77892" lon="3.19611"><ele>560.8</ele></trkpt><trkpt lat="43.77876" lon="3.19582"><ele>559.3</ele></trkpt><trkpt lat="43.77864" lon="3.19549"><ele>556.5</ele></trkpt><trkpt lat="43.77845" lon="3.1953"><ele>555.5</ele></trkpt><trkpt lat="43.77819" lon="3.19538"><ele>554.4</ele></trkpt><trkpt lat="43.77807" lon="3.19557"><ele>555.4</ele></trkpt><trkpt lat="43.77806" lon="3.19593"><ele>555.4</ele></trkpt><trkpt lat="43.77814" lon="3.19665"><ele>552.3</ele></trkpt><trkpt lat="43.77817" lon="3.19742"><ele>552.6</ele></trkpt><trkpt lat="43.77816" lon="3.19823"><ele>551.3</ele></trkpt><trkpt lat="43.77813" lon="3.19861"><ele>549.8</ele></trkpt><trkpt lat="43.77804" lon="3.19892"><ele>546.8</ele></trkpt><trkpt lat="43.77796" lon="3.199"><ele>546.1</ele></trkpt><trkpt lat="43.77784" lon="3.19892"><ele>544.8</ele></trkpt><trkpt lat="43.7777" lon="3.19844"><ele>543.2</ele></trkpt><trkpt lat="43.77761" lon="3.19784"><ele>542.4</ele></trkpt><trkpt lat="43.77749" lon="3.19758"><ele>542.1</ele></trkpt><trkpt lat="43.77736" lon="3.19644"><ele>551.1</ele></trkpt><trkpt lat="43.77728" lon="3.19602"><ele>552.2</ele></trkpt><trkpt lat="43.7771" lon="3.19558"><ele>553.8</ele></trkpt><trkpt lat="43.77657" lon="3.19527"><ele>565.9</ele></trkpt><trkpt lat="43.77599" lon="3.195"><ele>572.7</ele></trkpt><trkpt lat="43.77483" lon="3.19564"><ele>587.5</ele></trkpt><trkpt lat="43.77453" lon="3.19551"><ele>589.7</ele></trkpt><trkpt lat="43.7742" lon="3.1952"><ele>593.1</ele></trkpt><trkpt lat="43.77388" lon="3.1948"><ele>595.1</ele></trkpt><trkpt lat="43.77364" lon="3.19439"><ele>596.3</ele></trkpt><trkpt lat="43.77337" lon="3.19428"><ele>596.6</ele></trkpt><trkpt lat="43.77279" lon="3.19512"><ele>598.4</ele></trkpt><trkpt lat="43.77165" lon="3.19579"><ele>613.8</ele></trkpt><trkpt lat="43.77103" lon="3.19642"><ele>616.9</ele></trkpt><trkpt lat="43.77086" lon="3.19667"><ele>616.9</ele></trkpt><trkpt lat="43.77053" lon="3.19684"><ele>616.4</ele></trkpt><trkpt lat="43.77007" lon="3.19877"><ele>605.1</ele></trkpt><trkpt lat="43.76982" lon="3.19916"><ele>601.4</ele></trkpt><trkpt lat="43.7689" lon="3.1998"><ele>591.9</ele></trkpt><trkpt lat="43.76838" lon="3.20006"><ele>584.1</ele></trkpt><trkpt lat="43.7678" lon="3.20028"><ele>578.5</ele></trkpt><trkpt lat="43.76738" lon="3.20029"><ele>574.2</ele></trkpt><trkpt lat="43.76708" lon="3.2002"><ele>570.2</ele></trkpt><trkpt lat="43.76676" lon="3.20016"><ele>567.3</ele></trkpt><trkpt lat="43.76655" lon="3.20026"><ele>567.8</ele></trkpt><trkpt lat="43.76651" lon="3.2004"><ele>566.2</ele></trkpt><trkpt lat="43.76672" lon="3.20061"><ele>565.9</ele></trkpt><trkpt lat="43.76778" lon="3.20129"><ele>563.6</ele></trkpt><trkpt lat="43.76818" lon="3.2016"><ele>563.3</ele></trkpt><trkpt lat="43.7691" lon="3.20203"><ele>561.7</ele></trkpt><trkpt lat="43.76951" lon="3.20228"><ele>559.7</ele></trkpt><trkpt lat="43.76989" lon="3.20261"><ele>560.9</ele></trkpt><trkpt lat="43.7704" lon="3.20316"><ele>561.1</ele></trkpt><trkpt lat="43.77065" lon="3.20373"><ele>558</ele></trkpt><trkpt lat="43.77073" lon="3.20408"><ele>556.8</ele></trkpt><trkpt lat="43.77079" lon="3.20481"><ele>554.9</ele></trkpt><trkpt lat="43.7708" lon="3.20564"><ele>554.9</ele></trkpt><trkpt lat="43.77064" lon="3.2064"><ele>558.4</ele></trkpt><trkpt lat="43.77053" lon="3.20654"><ele>556.6</ele></trkpt><trkpt lat="43.77033" lon="3.20651"><ele>558.1</ele></trkpt><trkpt lat="43.77013" lon="3.20633"><ele>550.5</ele></trkpt><trkpt lat="43.76941" lon="3.20605"><ele>549.1</ele></trkpt><trkpt lat="43.76838" lon="3.20653"><ele>548.6</ele></trkpt><trkpt lat="43.76766" lon="3.20662"><ele>547</ele></trkpt><trkpt lat="43.76675" lon="3.20683"><ele>544.1</ele></trkpt><trkpt lat="43.76675" lon="3.207"><ele>544.5</ele></trkpt><trkpt lat="43.7673" lon="3.20755"><ele>547.1</ele></trkpt><trkpt lat="43.76787" lon="3.20831"><ele>548.7</ele></trkpt><trkpt lat="43.76804" lon="3.20874"><ele>547.8</ele></trkpt><trkpt lat="43.768" lon="3.20894"><ele>547.6</ele></trkpt><trkpt lat="43.76744" lon="3.20957"><ele>545</ele></trkpt><trkpt lat="43.76721" lon="3.21006"><ele>546.7</ele></trkpt><trkpt lat="43.76712" lon="3.21056"><ele>546</ele></trkpt><trkpt lat="43.76728" lon="3.21186"><ele>546.6</ele></trkpt><trkpt lat="43.76756" lon="3.21269"><ele>546.5</ele></trkpt><trkpt lat="43.76801" lon="3.21363"><ele>546.5</ele></trkpt><trkpt lat="43.76794" lon="3.21409"><ele>547.4</ele></trkpt><trkpt lat="43.76794" lon="3.21479"><ele>548.4</ele></trkpt><trkpt lat="43.76773" lon="3.21525"><ele>546.1</ele></trkpt><trkpt lat="43.7677" lon="3.21593"><ele>547.3</ele></trkpt><trkpt lat="43.76782" lon="3.21658"><ele>548.9</ele></trkpt><trkpt lat="43.76821" lon="3.21743"><ele>549.9</ele></trkpt><trkpt lat="43.76843" lon="3.21811"><ele>552.2</ele></trkpt><trkpt lat="43.76832" lon="3.21832"><ele>549.4</ele></trkpt><trkpt lat="43.76779" lon="3.21868"><ele>548.6</ele></trkpt><trkpt lat="43.76723" lon="3.21892"><ele>545.7</ele></trkpt><trkpt lat="43.76731" lon="3.22001"><ele>547.5</ele></trkpt><trkpt lat="43.76768" lon="3.22051"><ele>551.6</ele></trkpt><trkpt lat="43.76782" lon="3.22112"><ele>549.8</ele></trkpt><trkpt lat="43.76804" lon="3.22137"><ele>551.9</ele></trkpt><trkpt lat="43.76805" lon="3.22155"><ele>553.5</ele></trkpt><trkpt lat="43.7676" lon="3.22212"><ele>549.6</ele></trkpt><trkpt lat="43.76759" lon="3.22261"><ele>548.7</ele></trkpt><trkpt lat="43.76799" lon="3.22353"><ele>549.6</ele></trkpt><trkpt lat="43.76821" lon="3.22421"><ele>549.1</ele></trkpt><trkpt lat="43.7681" lon="3.22441"><ele>549.1</ele></trkpt><trkpt lat="43.76754" lon="3.22457"><ele>543.3</ele></trkpt><trkpt lat="43.76738" lon="3.22676"><ele>540.3</ele></trkpt><trkpt lat="43.76747" lon="3.22756"><ele>538.7</ele></trkpt><trkpt lat="43.76766" lon="3.22793"><ele>540.9</ele></trkpt><trkpt lat="43.7678" lon="3.2283"><ele>537.8</ele></trkpt><trkpt lat="43.76766" lon="3.22843"><ele>539</ele></trkpt><trkpt lat="43.76725" lon="3.22833"><ele>536.8</ele></trkpt><trkpt lat="43.76654" lon="3.22888"><ele>544.9</ele></trkpt><trkpt lat="43.76647" lon="3.22873"><ele>547.2</ele></trkpt><trkpt lat="43.76665" lon="3.22805"><ele>542.2</ele></trkpt><trkpt lat="43.7666" lon="3.22773"><ele>542.3</ele></trkpt><trkpt lat="43.76602" lon="3.22617"><ele>538.9</ele></trkpt><trkpt lat="43.76576" lon="3.22607"><ele>542.7</ele></trkpt><trkpt lat="43.76557" lon="3.22586"><ele>543.7</ele></trkpt><trkpt lat="43.76572" lon="3.22544"><ele>541.2</ele></trkpt><trkpt lat="43.76574" lon="3.22508"><ele>538.7</ele></trkpt><trkpt lat="43.7655" lon="3.22471"><ele>538.1</ele></trkpt><trkpt lat="43.76519" lon="3.22463"><ele>541.2</ele></trkpt><trkpt lat="43.76513" lon="3.22438"><ele>540.6</ele></trkpt><trkpt lat="43.76543" lon="3.22377"><ele>534.6</ele></trkpt><trkpt lat="43.76531" lon="3.22325"><ele>536.9</ele></trkpt><trkpt lat="43.76464" lon="3.2215"><ele>536.4</ele></trkpt><trkpt lat="43.7642" lon="3.22141"><ele>538.2</ele></trkpt><trkpt lat="43.76372" lon="3.22147"><ele>538.1</ele></trkpt><trkpt lat="43.76327" lon="3.22178"><ele>547.8</ele></trkpt><trkpt lat="43.76302" lon="3.22163"><ele>553.1</ele></trkpt><trkpt lat="43.76296" lon="3.2213"><ele>544.6</ele></trkpt><trkpt lat="43.76371" lon="3.21918"><ele>534.8</ele></trkpt><trkpt lat="43.76385" lon="3.21856"><ele>534.8</ele></trkpt><trkpt lat="43.76388" lon="3.21786"><ele>535.5</ele></trkpt><trkpt lat="43.76378" lon="3.21727"><ele>534.3</ele></trkpt><trkpt lat="43.76329" lon="3.21693"><ele>534.2</ele></trkpt><trkpt lat="43.7633" lon="3.21669"><ele>537</ele></trkpt><trkpt lat="43.7639" lon="3.21556"><ele>535.2</ele></trkpt><trkpt lat="43.76392" lon="3.21503"><ele>535.1</ele></trkpt><trkpt lat="43.76355" lon="3.21328"><ele>539.1</ele></trkpt><trkpt lat="43.76322" lon="3.2131"><ele>542</ele></trkpt><trkpt lat="43.76234" lon="3.21314"><ele>544</ele></trkpt><trkpt lat="43.76176" lon="3.21322"><ele>545</ele></trkpt><trkpt lat="43.76149" lon="3.21317"><ele>544.7</ele></trkpt><trkpt lat="43.76141" lon="3.21297"><ele>543.8</ele></trkpt><trkpt lat="43.7615" lon="3.21233"><ele>544.5</ele></trkpt><trkpt lat="43.76162" lon="3.21176"><ele>545</ele></trkpt><trkpt lat="43.76162" lon="3.21143"><ele>547.7</ele></trkpt><trkpt lat="43.7621" lon="3.21054"><ele>547.4</ele></trkpt><trkpt lat="43.76235" lon="3.20978"><ele>542.2</ele></trkpt><trkpt lat="43.76208" lon="3.20919"><ele>541</ele></trkpt><trkpt lat="43.76182" lon="3.20875"><ele>540.2</ele></trkpt><trkpt lat="43.76179" lon="3.20847"><ele>541.3</ele></trkpt><trkpt lat="43.762" lon="3.20799"><ele>538.1</ele></trkpt><trkpt lat="43.76226" lon="3.20765"><ele>531.1</ele></trkpt><trkpt lat="43.76217" lon="3.20596"><ele>524</ele></trkpt><trkpt lat="43.76194" lon="3.2054"><ele>522.7</ele></trkpt><trkpt lat="43.76154" lon="3.20497"><ele>521.2</ele></trkpt><trkpt lat="43.76132" lon="3.20401"><ele>511.5</ele></trkpt><trkpt lat="43.76096" lon="3.204"><ele>512.4</ele></trkpt><trkpt lat="43.76048" lon="3.20414"><ele>508</ele></trkpt><trkpt lat="43.76008" lon="3.20449"><ele>510</ele></trkpt><trkpt lat="43.75952" lon="3.2047"><ele>506.7</ele></trkpt><trkpt lat="43.75946" lon="3.20452"><ele>503.7</ele></trkpt><trkpt lat="43.7595" lon="3.20389"><ele>496.6</ele></trkpt><trkpt lat="43.75995" lon="3.20271"><ele>490.1</ele></trkpt><trkpt lat="43.76027" lon="3.20218"><ele>486</ele></trkpt><trkpt lat="43.76064" lon="3.20174"><ele>479.2</ele></trkpt><trkpt lat="43.76079" lon="3.20125"><ele>476.6</ele></trkpt><trkpt lat="43.76072" lon="3.20089"><ele>475.1</ele></trkpt><trkpt lat="43.76046" lon="3.20043"><ele>471.1</ele></trkpt><trkpt lat="43.76015" lon="3.20008"><ele>467.2</ele></trkpt><trkpt lat="43.75965" lon="3.19991"><ele>463.9</ele></trkpt><trkpt lat="43.75909" lon="3.19986"><ele>464.3</ele></trkpt><trkpt lat="43.75885" lon="3.19879"><ele>453.6</ele></trkpt><trkpt lat="43.75869" lon="3.19854"><ele>449.4</ele></trkpt><trkpt lat="43.75827" lon="3.19862"><ele>448</ele></trkpt><trkpt lat="43.75804" lon="3.19857"><ele>447.2</ele></trkpt><trkpt lat="43.75775" lon="3.19845"><ele>443.9</ele></trkpt><trkpt lat="43.75762" lon="3.19833"><ele>443.3</ele></trkpt><trkpt lat="43.75745" lon="3.19774"><ele>437.1</ele></trkpt><trkpt lat="43.75757" lon="3.19758"><ele>435.7</ele></trkpt><trkpt lat="43.75781" lon="3.19749"><ele>434.1</ele></trkpt><trkpt lat="43.75794" lon="3.19741"><ele>430.9</ele></trkpt><trkpt lat="43.75807" lon="3.19697"><ele>431.4</ele></trkpt><trkpt lat="43.75825" lon="3.1968"><ele>426.8</ele></trkpt><trkpt lat="43.75828" lon="3.19667"><ele>426</ele></trkpt><trkpt lat="43.75813" lon="3.19632"><ele>422.4</ele></trkpt><trkpt lat="43.75786" lon="3.19635"><ele>422.7</ele></trkpt><trkpt lat="43.75757" lon="3.19619"><ele>419.1</ele></trkpt><trkpt lat="43.75708" lon="3.1955"><ele>413.9</ele></trkpt><trkpt lat="43.75694" lon="3.19542"><ele>413.5</ele></trkpt><trkpt lat="43.7566" lon="3.19553"><ele>414</ele></trkpt><trkpt lat="43.75644" lon="3.19548"><ele>413.8</ele></trkpt><trkpt lat="43.75617" lon="3.19521"><ele>412.8</ele></trkpt><trkpt lat="43.75583" lon="3.1947"><ele>408.5</ele></trkpt><trkpt lat="43.75558" lon="3.19464"><ele>406.5</ele></trkpt><trkpt lat="43.7547" lon="3.19472"><ele>399.8</ele></trkpt><trkpt lat="43.75444" lon="3.19478"><ele>399.7</ele></trkpt><trkpt lat="43.75422" lon="3.19467"><ele>396.5</ele></trkpt><trkpt lat="43.75398" lon="3.19474"><ele>395.7</ele></trkpt><trkpt lat="43.75383" lon="3.19472"><ele>392.9</ele></trkpt><trkpt lat="43.75356" lon="3.19487"><ele>391.8</ele></trkpt><trkpt lat="43.75332" lon="3.1948"><ele>387.8</ele></trkpt><trkpt lat="43.75287" lon="3.19483"><ele>385.5</ele></trkpt><trkpt lat="43.75274" lon="3.19508"><ele>388.8</ele></trkpt><trkpt lat="43.75221" lon="3.19525"><ele>389.1</ele></trkpt><trkpt lat="43.75086" lon="3.19512"><ele>382.5</ele></trkpt><trkpt lat="43.7492" lon="3.19525"><ele>379.3</ele></trkpt><trkpt lat="43.7489" lon="3.19524"><ele>377.3</ele></trkpt><trkpt lat="43.74777" lon="3.19546"><ele>375.5</ele></trkpt><trkpt lat="43.74752" lon="3.19564"><ele>376.7</ele></trkpt><trkpt lat="43.74716" lon="3.19579"><ele>374.7</ele></trkpt><trkpt lat="43.74689" lon="3.19606"><ele>372.8</ele></trkpt><trkpt lat="43.74648" lon="3.19668"><ele>370.8</ele></trkpt><trkpt lat="43.74638" lon="3.19716"><ele>375.1</ele></trkpt><trkpt lat="43.74622" lon="3.19761"><ele>374.5</ele></trkpt><trkpt lat="43.74621" lon="3.19798"><ele>372.1</ele></trkpt><trkpt lat="43.74627" lon="3.19831"><ele>371</ele></trkpt><trkpt lat="43.74623" lon="3.1986"><ele>370.5</ele></trkpt><trkpt lat="43.74613" lon="3.19882"><ele>369.1</ele></trkpt><trkpt lat="43.746" lon="3.19881"><ele>369</ele></trkpt><trkpt lat="43.74583" lon="3.19858"><ele>367.8</ele></trkpt><trkpt lat="43.7455" lon="3.19852"><ele>369.1</ele></trkpt><trkpt lat="43.74539" lon="3.1982"><ele>369.3</ele></trkpt><trkpt lat="43.74522" lon="3.19794"><ele>369.7</ele></trkpt><trkpt lat="43.74506" lon="3.19755"><ele>369.8</ele></trkpt><trkpt lat="43.74492" lon="3.19739"><ele>369.9</ele></trkpt><trkpt lat="43.74469" lon="3.19736"><ele>371.7</ele></trkpt><trkpt lat="43.74429" lon="3.19745"><ele>373.8</ele></trkpt><trkpt lat="43.74377" lon="3.19762"><ele>370.4</ele></trkpt><trkpt lat="43.74362" lon="3.1977"><ele>368.9</ele></trkpt><trkpt lat="43.74354" lon="3.19797"><ele>368.1</ele></trkpt><trkpt lat="43.74353" lon="3.19828"><ele>367.3</ele></trkpt><trkpt lat="43.74349" lon="3.19843"><ele>366.5</ele></trkpt><trkpt lat="43.74311" lon="3.19864"><ele>361.9</ele></trkpt><trkpt lat="43.74293" lon="3.19877"><ele>362.1</ele></trkpt><trkpt lat="43.74277" lon="3.19876"><ele>361.3</ele></trkpt><trkpt lat="43.74257" lon="3.19848"><ele>358.9</ele></trkpt><trkpt lat="43.74231" lon="3.19831"><ele>356</ele></trkpt><trkpt lat="43.74165" lon="3.19802"><ele>352.5</ele></trkpt><trkpt lat="43.74141" lon="3.19795"><ele>351.8</ele></trkpt><trkpt lat="43.74125" lon="3.198"><ele>353.3</ele></trkpt><trkpt lat="43.74107" lon="3.19811"><ele>356</ele></trkpt><trkpt lat="43.74073" lon="3.19813"><ele>354.6</ele></trkpt><trkpt lat="43.74027" lon="3.19838"><ele>355.3</ele></trkpt><trkpt lat="43.74008" lon="3.19863"><ele>354.4</ele></trkpt><trkpt lat="43.73982" lon="3.19885"><ele>354.3</ele></trkpt><trkpt lat="43.73914" lon="3.19925"><ele>347.1</ele></trkpt><trkpt lat="43.73872" lon="3.19934"><ele>341.3</ele></trkpt><trkpt lat="43.73852" lon="3.19944"><ele>339.9</ele></trkpt><trkpt lat="43.7379" lon="3.19944"><ele>332.4</ele></trkpt><trkpt lat="43.73766" lon="3.19919"><ele>328.3</ele></trkpt><trkpt lat="43.73746" lon="3.19914"><ele>328</ele></trkpt><trkpt lat="43.7373" lon="3.19918"><ele>327.4</ele></trkpt><trkpt lat="43.73703" lon="3.19954"><ele>328.2</ele></trkpt><trkpt lat="43.73683" lon="3.1997"><ele>327.2</ele></trkpt><trkpt lat="43.73633" lon="3.19986"><ele>326.8</ele></trkpt><trkpt lat="43.73608" lon="3.19989"><ele>326</ele></trkpt><trkpt lat="43.73565" lon="3.19985"><ele>324.8</ele></trkpt><trkpt lat="43.73539" lon="3.19969"><ele>324.6</ele></trkpt><trkpt lat="43.73516" lon="3.19949"><ele>324.2</ele></trkpt><trkpt lat="43.735" lon="3.19956"><ele>324.4</ele></trkpt><trkpt lat="43.7348" lon="3.19989"><ele>324.4</ele></trkpt><trkpt lat="43.7347" lon="3.19967"><ele>323.7</ele></trkpt><trkpt lat="43.7347" lon="3.1995"><ele>325.4</ele></trkpt><trkpt lat="43.73477" lon="3.19927"><ele>325.8</ele></trkpt><trkpt lat="43.73485" lon="3.19911"><ele>325.6</ele></trkpt><trkpt lat="43.73489" lon="3.19883"><ele>326.3</ele></trkpt><trkpt lat="43.73491" lon="3.19836"><ele>330.9</ele></trkpt><trkpt lat="43.73532" lon="3.1978"><ele>335.4</ele></trkpt><trkpt lat="43.7354" lon="3.19756"><ele>338.9</ele></trkpt><trkpt lat="43.73544" lon="3.19681"><ele>345.6</ele></trkpt><trkpt lat="43.73549" lon="3.19668"><ele>346.8</ele></trkpt><trkpt lat="43.73575" lon="3.19681"><ele>350.2</ele></trkpt><trkpt lat="43.7359" lon="3.19675"><ele>354.4</ele></trkpt><trkpt lat="43.73622" lon="3.19635"><ele>363.3</ele></trkpt><trkpt lat="43.73637" lon="3.19624"><ele>365.5</ele></trkpt><trkpt lat="43.73654" lon="3.19625"><ele>367.4</ele></trkpt><trkpt lat="43.73665" lon="3.1963"><ele>367.4</ele></trkpt><trkpt lat="43.73683" lon="3.19627"><ele>367.8</ele></trkpt><trkpt lat="43.73723" lon="3.19584"><ele>373.9</ele></trkpt><trkpt lat="43.73724" lon="3.19556"><ele>375</ele></trkpt><trkpt lat="43.73728" lon="3.19551"><ele>375.8</ele></trkpt><trkpt lat="43.73739" lon="3.19546"><ele>376.5</ele></trkpt><trkpt lat="43.73752" lon="3.19545"><ele>376.6</ele></trkpt><trkpt lat="43.73755" lon="3.19531"><ele>378.6</ele></trkpt><trkpt lat="43.73767" lon="3.19511"><ele>380.6</ele></trkpt><trkpt lat="43.73767" lon="3.19434"><ele>387.7</ele></trkpt><trkpt lat="43.7374" lon="3.1944"><ele>387.6</ele></trkpt><trkpt lat="43.73707" lon="3.19429"><ele>390.3</ele></trkpt><trkpt lat="43.73693" lon="3.19438"><ele>389.1</ele></trkpt><trkpt lat="43.73686" lon="3.1945"><ele>387.6</ele></trkpt><trkpt lat="43.73696" lon="3.19447"><ele>387.8</ele></trkpt><trkpt lat="43.73684" lon="3.1945"><ele>387.6</ele></trkpt><trkpt lat="43.7367" lon="3.19446"><ele>387.9</ele></trkpt><trkpt lat="43.73662" lon="3.19426"><ele>390.3</ele></trkpt><trkpt lat="43.73625" lon="3.19414"><ele>393.6</ele></trkpt><trkpt lat="43.73623" lon="3.19388"><ele>395.2</ele></trkpt><trkpt lat="43.73614" lon="3.19367"><ele>398.3</ele></trkpt><trkpt lat="43.73599" lon="3.1936"><ele>400.7</ele></trkpt><trkpt lat="43.73551" lon="3.19386"><ele>397.2</ele></trkpt><trkpt lat="43.73532" lon="3.19379"><ele>400.6</ele></trkpt><trkpt lat="43.73506" lon="3.19363"><ele>403.9</ele></trkpt><trkpt lat="43.73479" lon="3.19368"><ele>403</ele></trkpt><trkpt lat="43.73469" lon="3.19376"><ele>402.3</ele></trkpt><trkpt lat="43.73451" lon="3.19409"><ele>403.1</ele></trkpt><trkpt lat="43.73434" lon="3.19433"><ele>405.7</ele></trkpt><trkpt lat="43.73403" lon="3.19434"><ele>410.8</ele></trkpt><trkpt lat="43.73223" lon="3.19473"><ele>423.7</ele></trkpt><trkpt lat="43.73176" lon="3.19495"><ele>430.2</ele></trkpt><trkpt lat="43.73154" lon="3.19509"><ele>431.5</ele></trkpt><trkpt lat="43.73138" lon="3.19508"><ele>434.3</ele></trkpt><trkpt lat="43.73133" lon="3.1947"><ele>438.3</ele></trkpt><trkpt lat="43.73142" lon="3.19465"><ele>442.4</ele></trkpt><trkpt lat="43.73158" lon="3.19469"><ele>442.8</ele></trkpt><trkpt lat="43.73174" lon="3.19457"><ele>446.2</ele></trkpt><trkpt lat="43.7321" lon="3.1941"><ele>453.3</ele></trkpt><trkpt lat="43.73283" lon="3.19343"><ele>461</ele></trkpt><trkpt lat="43.73309" lon="3.19303"><ele>465</ele></trkpt><trkpt lat="43.73305" lon="3.19293"><ele>469.2</ele></trkpt><trkpt lat="43.73293" lon="3.19305"><ele>468.4</ele></trkpt><trkpt lat="43.73253" lon="3.19303"><ele>472.4</ele></trkpt><trkpt lat="43.73224" lon="3.19288"><ele>474.6</ele></trkpt><trkpt lat="43.73199" lon="3.19291"><ele>474.9</ele></trkpt><trkpt lat="43.73185" lon="3.1929"><ele>474.9</ele></trkpt><trkpt lat="43.73179" lon="3.19287"><ele>474.9</ele></trkpt><trkpt lat="43.73158" lon="3.19253"><ele>477.1</ele></trkpt><trkpt lat="43.73105" lon="3.19147"><ele>483.5</ele></trkpt><trkpt lat="43.73089" lon="3.19125"><ele>483.8</ele></trkpt><trkpt lat="43.7308" lon="3.19089"><ele>485.1</ele></trkpt><trkpt lat="43.73085" lon="3.19049"><ele>488.2</ele></trkpt><trkpt lat="43.73067" lon="3.1902"><ele>487.5</ele></trkpt><trkpt lat="43.73066" lon="3.18873"><ele>492.9</ele></trkpt><trkpt lat="43.73074" lon="3.18844"><ele>496.7</ele></trkpt><trkpt lat="43.73076" lon="3.18803"><ele>500.1</ele></trkpt><trkpt lat="43.73069" lon="3.1878"><ele>500.3</ele></trkpt><trkpt lat="43.73074" lon="3.18749"><ele>500.7</ele></trkpt><trkpt lat="43.73067" lon="3.18691"><ele>502.3</ele></trkpt><trkpt lat="43.73037" lon="3.18626"><ele>501</ele></trkpt><trkpt lat="43.73005" lon="3.18573"><ele>502.5</ele></trkpt><trkpt lat="43.73012" lon="3.18535"><ele>501.2</ele></trkpt><trkpt lat="43.73011" lon="3.18487"><ele>502.1</ele></trkpt><trkpt lat="43.73031" lon="3.18432"><ele>499.1</ele></trkpt><trkpt lat="43.73041" lon="3.18393"><ele>495.3</ele></trkpt><trkpt lat="43.7304" lon="3.18331"><ele>491.5</ele></trkpt><trkpt lat="43.73037" lon="3.18301"><ele>489.9</ele></trkpt><trkpt lat="43.73041" lon="3.18281"><ele>488.7</ele></trkpt><trkpt lat="43.73054" lon="3.18249"><ele>486.2</ele></trkpt><trkpt lat="43.73045" lon="3.18217"><ele>486.9</ele></trkpt><trkpt lat="43.73051" lon="3.18201"><ele>486</ele></trkpt><trkpt lat="43.73058" lon="3.18195"><ele>485.6</ele></trkpt><trkpt lat="43.73056" lon="3.18186"><ele>481.6</ele></trkpt><trkpt lat="43.73046" lon="3.18172"><ele>475.5</ele></trkpt><trkpt lat="43.73035" lon="3.18172"><ele>476.3</ele></trkpt><trkpt lat="43.73025" lon="3.18176"><ele>479.1</ele></trkpt><trkpt lat="43.73011" lon="3.18171"><ele>481.4</ele></trkpt><trkpt lat="43.73003" lon="3.18164"><ele>482</ele></trkpt><trkpt lat="43.7298" lon="3.18156"><ele>479.7</ele></trkpt><trkpt lat="43.7296" lon="3.18156"><ele>478.5</ele></trkpt><trkpt lat="43.72939" lon="3.18151"><ele>474.2</ele></trkpt><trkpt lat="43.72935" lon="3.18142"><ele>469.5</ele></trkpt><trkpt lat="43.72939" lon="3.18136"><ele>467.2</ele></trkpt><trkpt lat="43.72935" lon="3.18133"><ele>465.5</ele></trkpt><trkpt lat="43.72925" lon="3.18135"><ele>465.3</ele></trkpt><trkpt lat="43.72903" lon="3.18128"><ele>462</ele></trkpt><trkpt lat="43.72802" lon="3.18073"><ele>448</ele></trkpt><trkpt lat="43.7279" lon="3.18051"><ele>442.5</ele></trkpt><trkpt lat="43.7278" lon="3.18048"><ele>442.9</ele></trkpt><trkpt lat="43.72773" lon="3.18049"><ele>442.6</ele></trkpt><trkpt lat="43.72765" lon="3.18054"><ele>442.4</ele></trkpt><trkpt lat="43.72737" lon="3.18094"><ele>446</ele></trkpt><trkpt lat="43.72719" lon="3.18114"><ele>444.5</ele></trkpt><trkpt lat="43.72691" lon="3.18168"><ele>443.3</ele></trkpt><trkpt lat="43.72679" lon="3.18185"><ele>443.5</ele></trkpt><trkpt lat="43.72639" lon="3.18208"><ele>440.5</ele></trkpt><trkpt lat="43.72606" lon="3.18247"><ele>440</ele></trkpt><trkpt lat="43.72588" lon="3.18274"><ele>439.3</ele></trkpt><trkpt lat="43.72576" lon="3.18279"><ele>438.5</ele></trkpt><trkpt lat="43.72563" lon="3.18274"><ele>436.9</ele></trkpt><trkpt lat="43.72544" lon="3.18259"><ele>434.1</ele></trkpt><trkpt lat="43.72536" lon="3.18247"><ele>432.4</ele></trkpt><trkpt lat="43.72517" lon="3.18235"><ele>434.4</ele></trkpt><trkpt lat="43.7249" lon="3.1819"><ele>431.1</ele></trkpt><trkpt lat="43.72486" lon="3.18166"><ele>430</ele></trkpt><trkpt lat="43.72472" lon="3.18142"><ele>431.5</ele></trkpt><trkpt lat="43.72442" lon="3.18128"><ele>431.8</ele></trkpt><trkpt lat="43.72411" lon="3.18131"><ele>434.2</ele></trkpt><trkpt lat="43.72388" lon="3.18145"><ele>435.2</ele></trkpt><trkpt lat="43.72331" lon="3.18244"><ele>440</ele></trkpt><trkpt lat="43.72302" lon="3.18286"><ele>441.6</ele></trkpt><trkpt lat="43.72285" lon="3.18306"><ele>443.2</ele></trkpt><trkpt lat="43.72241" lon="3.18342"><ele>443.8</ele></trkpt><trkpt lat="43.72204" lon="3.18364"><ele>445.6</ele></trkpt><trkpt lat="43.72162" lon="3.18363"><ele>443.6</ele></trkpt><trkpt lat="43.72124" lon="3.18344"><ele>441</ele></trkpt><trkpt lat="43.72093" lon="3.1834"><ele>440.1</ele></trkpt><trkpt lat="43.72045" lon="3.18311"><ele>439.2</ele></trkpt><trkpt lat="43.71984" lon="3.18252"><ele>436.6</ele></trkpt><trkpt lat="43.71959" lon="3.18211"><ele>432.9</ele></trkpt><trkpt lat="43.71828" lon="3.18168"><ele>434.7</ele></trkpt><trkpt lat="43.71808" lon="3.18151"><ele>436</ele></trkpt><trkpt lat="43.71794" lon="3.18135"><ele>438.2</ele></trkpt><trkpt lat="43.71754" lon="3.18068"><ele>439.2</ele></trkpt><trkpt lat="43.71746" lon="3.17988"><ele>437.7</ele></trkpt><trkpt lat="43.71734" lon="3.17958"><ele>437.2</ele></trkpt><trkpt lat="43.71715" lon="3.17954"><ele>438.8</ele></trkpt><trkpt lat="43.71677" lon="3.17975"><ele>443.1</ele></trkpt><trkpt lat="43.7163" lon="3.18012"><ele>447.9</ele></trkpt><trkpt lat="43.71553" lon="3.181"><ele>456.1</ele></trkpt><trkpt lat="43.71591" lon="3.18082"><ele>460.1</ele></trkpt><trkpt lat="43.71618" lon="3.18061"><ele>461.5</ele></trkpt><trkpt lat="43.71669" lon="3.18042"><ele>465.8</ele></trkpt><trkpt lat="43.71696" lon="3.18044"><ele>467.4</ele></trkpt><trkpt lat="43.71739" lon="3.18204"><ele>479.7</ele></trkpt><trkpt lat="43.71717" lon="3.182"><ele>483.6</ele></trkpt><trkpt lat="43.71667" lon="3.18167"><ele>491.9</ele></trkpt><trkpt lat="43.71647" lon="3.18183"><ele>494.7</ele></trkpt><trkpt lat="43.71599" lon="3.18255"><ele>496.2</ele></trkpt><trkpt lat="43.71563" lon="3.18295"><ele>494.7</ele></trkpt><trkpt lat="43.71496" lon="3.18379"><ele>491.4</ele></trkpt><trkpt lat="43.71467" lon="3.185"><ele>492.2</ele></trkpt><trkpt lat="43.71462" lon="3.18542"><ele>492.2</ele></trkpt><trkpt lat="43.71484" lon="3.18616"><ele>493.7</ele></trkpt><trkpt lat="43.71505" lon="3.18661"><ele>487.7</ele></trkpt><trkpt lat="43.71509" lon="3.18742"><ele>479.9</ele></trkpt><trkpt lat="43.71608" lon="3.18734"><ele>481.3</ele></trkpt><trkpt lat="43.71643" lon="3.18783"><ele>476.7</ele></trkpt><trkpt lat="43.71701" lon="3.18802"><ele>472</ele></trkpt><trkpt lat="43.71746" lon="3.18839"><ele>469.6</ele></trkpt><trkpt lat="43.71822" lon="3.18885"><ele>466</ele></trkpt><trkpt lat="43.71887" lon="3.1892"><ele>464.9</ele></trkpt><trkpt lat="43.719" lon="3.18941"><ele>465.3</ele></trkpt><trkpt lat="43.71905" lon="3.1898"><ele>466.6</ele></trkpt><trkpt lat="43.71865" lon="3.1915"><ele>463.8</ele></trkpt><trkpt lat="43.71848" lon="3.19182"><ele>462</ele></trkpt><trkpt lat="43.71832" lon="3.19199"><ele>460.2</ele></trkpt><trkpt lat="43.71827" lon="3.1923"><ele>454.3</ele></trkpt><trkpt lat="43.71844" lon="3.19239"><ele>454.3</ele></trkpt><trkpt lat="43.71894" lon="3.1924"><ele>447.4</ele></trkpt><trkpt lat="43.7192" lon="3.19237"><ele>445.1</ele></trkpt><trkpt lat="43.71945" lon="3.19228"><ele>440</ele></trkpt><trkpt lat="43.71983" lon="3.19208"><ele>438.2</ele></trkpt><trkpt lat="43.72011" lon="3.19201"><ele>435.4</ele></trkpt><trkpt lat="43.72038" lon="3.192"><ele>432.9</ele></trkpt><trkpt lat="43.72081" lon="3.19206"><ele>429.5</ele></trkpt><trkpt lat="43.72105" lon="3.192"><ele>426.9</ele></trkpt><trkpt lat="43.72121" lon="3.19175"><ele>425.6</ele></trkpt><trkpt lat="43.72131" lon="3.19176"><ele>424.1</ele></trkpt><trkpt lat="43.72137" lon="3.19196"><ele>421.1</ele></trkpt><trkpt lat="43.72131" lon="3.19212"><ele>419.1</ele></trkpt><trkpt lat="43.71997" lon="3.19372"><ele>412.4</ele></trkpt><trkpt lat="43.71982" lon="3.19383"><ele>410.6</ele></trkpt><trkpt lat="43.71963" lon="3.19386"><ele>409.9</ele></trkpt><trkpt lat="43.71907" lon="3.19375"><ele>407</ele></trkpt><trkpt lat="43.71885" lon="3.19377"><ele>405.6</ele></trkpt><trkpt lat="43.7186" lon="3.19384"><ele>404.9</ele></trkpt><trkpt lat="43.71839" lon="3.19383"><ele>405.9</ele></trkpt><trkpt lat="43.71802" lon="3.19387"><ele>407.3</ele></trkpt><trkpt lat="43.71772" lon="3.19395"><ele>404.6</ele></trkpt><trkpt lat="43.71763" lon="3.19384"><ele>405.2</ele></trkpt><trkpt lat="43.71767" lon="3.1935"><ele>408</ele></trkpt><trkpt lat="43.71759" lon="3.19283"><ele>409.2</ele></trkpt><trkpt lat="43.71746" lon="3.19226"><ele>408.1</ele></trkpt><trkpt lat="43.71722" lon="3.19168"><ele>406.9</ele></trkpt><trkpt lat="43.71715" lon="3.19087"><ele>408.6</ele></trkpt><trkpt lat="43.71698" lon="3.19057"><ele>407.8</ele></trkpt><trkpt lat="43.71664" lon="3.19061"><ele>406.8</ele></trkpt><trkpt lat="43.71628" lon="3.19049"><ele>408.8</ele></trkpt><trkpt lat="43.71615" lon="3.19049"><ele>408.3</ele></trkpt><trkpt lat="43.71572" lon="3.19066"><ele>404.2</ele></trkpt><trkpt lat="43.71551" lon="3.19066"><ele>404.1</ele></trkpt><trkpt lat="43.71498" lon="3.19079"><ele>395.9</ele></trkpt><trkpt lat="43.71449" lon="3.19097"><ele>390.6</ele></trkpt><trkpt lat="43.71426" lon="3.191"><ele>388.4</ele></trkpt><trkpt lat="43.71364" lon="3.19083"><ele>387.3</ele></trkpt><trkpt lat="43.71343" lon="3.19088"><ele>385.7</ele></trkpt><trkpt lat="43.71325" lon="3.19074"><ele>386.4</ele></trkpt><trkpt lat="43.71314" lon="3.19053"><ele>387.2</ele></trkpt><trkpt lat="43.71306" lon="3.19052"><ele>385.3</ele></trkpt><trkpt lat="43.71287" lon="3.19069"><ele>382</ele></trkpt><trkpt lat="43.71268" lon="3.19093"><ele>378.1</ele></trkpt><trkpt lat="43.71222" lon="3.19132"><ele>373.2</ele></trkpt><trkpt lat="43.71169" lon="3.19187"><ele>365.8</ele></trkpt><trkpt lat="43.71147" lon="3.19198"><ele>362.9</ele></trkpt><trkpt lat="43.71127" lon="3.19198"><ele>358.6</ele></trkpt><trkpt lat="43.71117" lon="3.19209"><ele>358.8</ele></trkpt><trkpt lat="43.71107" lon="3.19235"><ele>361</ele></trkpt><trkpt lat="43.71039" lon="3.19293"><ele>351.3</ele></trkpt><trkpt lat="43.71005" lon="3.1929"><ele>348.7</ele></trkpt><trkpt lat="43.70991" lon="3.19294"><ele>348.5</ele></trkpt><trkpt lat="43.70997" lon="3.19317"><ele>347.2</ele></trkpt><trkpt lat="43.71019" lon="3.19348"><ele>344</ele></trkpt><trkpt lat="43.71101" lon="3.19365"><ele>346.9</ele></trkpt><trkpt lat="43.71131" lon="3.19396"><ele>342.6</ele></trkpt><trkpt lat="43.71195" lon="3.19438"><ele>340.4</ele></trkpt><trkpt lat="43.71213" lon="3.19461"><ele>333.9</ele></trkpt><trkpt lat="43.71241" lon="3.19475"><ele>335.8</ele></trkpt><trkpt lat="43.71263" lon="3.19499"><ele>330.3</ele></trkpt><trkpt lat="43.71281" lon="3.19509"><ele>330.3</ele></trkpt><trkpt lat="43.71306" lon="3.19504"><ele>328.7</ele></trkpt><trkpt lat="43.71338" lon="3.19476"><ele>325.6</ele></trkpt><trkpt lat="43.71367" lon="3.19446"><ele>323.5</ele></trkpt><trkpt lat="43.71369" lon="3.19454"><ele>321.1</ele></trkpt><trkpt lat="43.71333" lon="3.19498"><ele>319.9</ele></trkpt><trkpt lat="43.713" lon="3.19557"><ele>311.7</ele></trkpt><trkpt lat="43.71281" lon="3.19556"><ele>310.2</ele></trkpt><trkpt lat="43.71257" lon="3.19538"><ele>311.7</ele></trkpt><trkpt lat="43.71206" lon="3.19513"><ele>304.3</ele></trkpt><trkpt lat="43.71181" lon="3.19495"><ele>305.3</ele></trkpt><trkpt lat="43.71105" lon="3.19472"><ele>299.7</ele></trkpt><trkpt lat="43.71075" lon="3.19473"><ele>296.7</ele></trkpt><trkpt lat="43.71024" lon="3.19481"><ele>293.1</ele></trkpt><trkpt lat="43.70979" lon="3.19483"><ele>289.9</ele></trkpt><trkpt lat="43.70948" lon="3.19478"><ele>287.9</ele></trkpt><trkpt lat="43.70943" lon="3.19495"><ele>283.1</ele></trkpt><trkpt lat="43.70923" lon="3.19487"><ele>282.5</ele></trkpt><trkpt lat="43.70905" lon="3.19485"><ele>281.8</ele></trkpt><trkpt lat="43.70896" lon="3.19488"><ele>281</ele></trkpt><trkpt lat="43.70889" lon="3.19503"><ele>279.9</ele></trkpt><trkpt lat="43.7088" lon="3.19501"><ele>279</ele></trkpt><trkpt lat="43.7087" lon="3.19486"><ele>279.3</ele></trkpt><trkpt lat="43.70848" lon="3.19473"><ele>279.5</ele></trkpt><trkpt lat="43.70801" lon="3.19459"><ele>278.4</ele></trkpt><trkpt lat="43.7078" lon="3.19436"><ele>277.8</ele></trkpt><trkpt lat="43.70754" lon="3.19383"><ele>276.5</ele></trkpt><trkpt lat="43.70733" lon="3.1933"><ele>274.1</ele></trkpt><trkpt lat="43.70693" lon="3.19345"><ele>273.6</ele></trkpt><trkpt lat="43.70707" lon="3.19408"><ele>273.9</ele></trkpt><trkpt lat="43.70693" lon="3.19458"><ele>275.7</ele></trkpt><trkpt lat="43.70682" lon="3.19477"><ele>277.1</ele></trkpt><trkpt lat="43.70671" lon="3.19479"><ele>277.4</ele></trkpt><trkpt lat="43.70657" lon="3.19519"><ele>279.7</ele></trkpt><trkpt lat="43.70619" lon="3.19563"><ele>285.2</ele></trkpt><trkpt lat="43.70605" lon="3.196"><ele>285.6</ele></trkpt><trkpt lat="43.70601" lon="3.1963"><ele>287.9</ele></trkpt><trkpt lat="43.70604" lon="3.19673"><ele>287.8</ele></trkpt><trkpt lat="43.70616" lon="3.19711"><ele>289.2</ele></trkpt><trkpt lat="43.7061" lon="3.19779"><ele>291.3</ele></trkpt><trkpt lat="43.70602" lon="3.19792"><ele>292.4</ele></trkpt><trkpt lat="43.70587" lon="3.19798"><ele>293.1</ele></trkpt><trkpt lat="43.70543" lon="3.19828"><ele>295.1</ele></trkpt><trkpt lat="43.70501" lon="3.19845"><ele>298.5</ele></trkpt><trkpt lat="43.70461" lon="3.19887"><ele>299.9</ele></trkpt><trkpt lat="43.70449" lon="3.19892"><ele>302.1</ele></trkpt><trkpt lat="43.70419" lon="3.19927"><ele>302.1</ele></trkpt><trkpt lat="43.7041" lon="3.19947"><ele>301.1</ele></trkpt><trkpt lat="43.70405" lon="3.19949"><ele>304.6</ele></trkpt><trkpt lat="43.70406" lon="3.19938"><ele>305.8</ele></trkpt><trkpt lat="43.70436" lon="3.19888"><ele>308.6</ele></trkpt><trkpt lat="43.70542" lon="3.19773"><ele>316.7</ele></trkpt><trkpt lat="43.70549" lon="3.1976"><ele>317.4</ele></trkpt><trkpt lat="43.70548" lon="3.19701"><ele>324.1</ele></trkpt><trkpt lat="43.70543" lon="3.19631"><ele>328.8</ele></trkpt><trkpt lat="43.70553" lon="3.19554"><ele>333.8</ele></trkpt><trkpt lat="43.70548" lon="3.19552"><ele>337.2</ele></trkpt><trkpt lat="43.7053" lon="3.19618"><ele>338.8</ele></trkpt><trkpt lat="43.70513" lon="3.1971"><ele>342.8</ele></trkpt><trkpt lat="43.705" lon="3.19735"><ele>344.3</ele></trkpt><trkpt lat="43.70482" lon="3.19754"><ele>345.7</ele></trkpt><trkpt lat="43.70411" lon="3.19807"><ele>352.7</ele></trkpt><trkpt lat="43.70363" lon="3.19862"><ele>355.7</ele></trkpt><trkpt lat="43.70338" lon="3.199"><ele>360.2</ele></trkpt><trkpt lat="43.7032" lon="3.19944"><ele>361.3</ele></trkpt><trkpt lat="43.70296" lon="3.19984"><ele>362.7</ele></trkpt><trkpt lat="43.70289" lon="3.1999"><ele>364.7</ele></trkpt><trkpt lat="43.70278" lon="3.2004"><ele>365.1</ele></trkpt><trkpt lat="43.70259" lon="3.20087"><ele>368.3</ele></trkpt><trkpt lat="43.70224" lon="3.2015"><ele>371.9</ele></trkpt><trkpt lat="43.7019" lon="3.20187"><ele>376.3</ele></trkpt><trkpt lat="43.70155" lon="3.20215"><ele>377.3</ele></trkpt><trkpt lat="43.70107" lon="3.20227"><ele>382</ele></trkpt><trkpt lat="43.69942" lon="3.2023"><ele>391.5</ele></trkpt><trkpt lat="43.69928" lon="3.20224"><ele>391.4</ele></trkpt><trkpt lat="43.69907" lon="3.20199"><ele>398.3</ele></trkpt><trkpt lat="43.69878" lon="3.20205"><ele>395.6</ele></trkpt><trkpt lat="43.6986" lon="3.20197"><ele>397.7</ele></trkpt><trkpt lat="43.69821" lon="3.20136"><ele>406.4</ele></trkpt><trkpt lat="43.69811" lon="3.20138"><ele>406.1</ele></trkpt><trkpt lat="43.69788" lon="3.20166"><ele>404.2</ele></trkpt><trkpt lat="43.69763" lon="3.20179"><ele>408.3</ele></trkpt><trkpt lat="43.69728" lon="3.20183"><ele>411.7</ele></trkpt><trkpt lat="43.69687" lon="3.20149"><ele>418.5</ele></trkpt><trkpt lat="43.69648" lon="3.20111"><ele>427</ele></trkpt><trkpt lat="43.69628" lon="3.20134"><ele>427.2</ele></trkpt><trkpt lat="43.69604" lon="3.20178"><ele>428.9</ele></trkpt><trkpt lat="43.69533" lon="3.20208"><ele>441.3</ele></trkpt><trkpt lat="43.69476" lon="3.20238"><ele>445.2</ele></trkpt><trkpt lat="43.69427" lon="3.2023"><ele>453.9</ele></trkpt><trkpt lat="43.694" lon="3.20222"><ele>458.1</ele></trkpt><trkpt lat="43.69324" lon="3.20217"><ele>463.6</ele></trkpt><trkpt lat="43.69309" lon="3.20194"><ele>470.3</ele></trkpt><trkpt lat="43.6925" lon="3.20078"><ele>483.3</ele></trkpt><trkpt lat="43.69229" lon="3.20023"><ele>489</ele></trkpt><trkpt lat="43.69225" lon="3.19983"><ele>493.6</ele></trkpt><trkpt lat="43.6918" lon="3.19983"><ele>500</ele></trkpt><trkpt lat="43.69168" lon="3.20029"><ele>498.1</ele></trkpt><trkpt lat="43.69147" lon="3.20064"><ele>504.4</ele></trkpt><trkpt lat="43.69141" lon="3.20091"><ele>502.7</ele></trkpt><trkpt lat="43.69084" lon="3.20195"><ele>514.5</ele></trkpt><trkpt lat="43.69061" lon="3.20226"><ele>516.8</ele></trkpt><trkpt lat="43.69028" lon="3.20245"><ele>519.9</ele></trkpt><trkpt lat="43.6897" lon="3.20234"><ele>528.4</ele></trkpt><trkpt lat="43.68929" lon="3.2022"><ele>529.7</ele></trkpt><trkpt lat="43.6889" lon="3.20172"><ele>536.7</ele></trkpt><trkpt lat="43.68852" lon="3.20051"><ele>547.5</ele></trkpt><trkpt lat="43.68823" lon="3.19972"><ele>553.7</ele></trkpt><trkpt lat="43.68801" lon="3.19925"><ele>557.8</ele></trkpt><trkpt lat="43.68757" lon="3.19866"><ele>562.3</ele></trkpt><trkpt lat="43.68733" lon="3.19788"><ele>570.1</ele></trkpt><trkpt lat="43.68719" lon="3.19786"><ele>570.3</ele></trkpt><trkpt lat="43.68669" lon="3.19818"><ele>574.7</ele></trkpt><trkpt lat="43.68612" lon="3.19849"><ele>580.9</ele></trkpt><trkpt lat="43.6856" lon="3.19868"><ele>584.3</ele></trkpt><trkpt lat="43.68447" lon="3.20038"><ele>589</ele></trkpt><trkpt lat="43.68282" lon="3.20258"><ele>588</ele></trkpt><trkpt lat="43.68182" lon="3.20163"><ele>585.7</ele></trkpt><trkpt lat="43.67924" lon="3.19951"><ele>588</ele></trkpt><trkpt lat="43.67847" lon="3.20083"><ele>593.5</ele></trkpt><trkpt lat="43.6781" lon="3.20141"><ele>595</ele></trkpt><trkpt lat="43.67772" lon="3.20218"><ele>594.2</ele></trkpt><trkpt lat="43.67753" lon="3.20275"><ele>593.1</ele></trkpt><trkpt lat="43.67738" lon="3.20345"><ele>591.6</ele></trkpt><trkpt lat="43.67719" lon="3.20415"><ele>591</ele></trkpt><trkpt lat="43.67704" lon="3.20433"><ele>591</ele></trkpt><trkpt lat="43.6768" lon="3.20437"><ele>590.7</ele></trkpt><trkpt lat="43.67644" lon="3.20458"><ele>589.9</ele></trkpt><trkpt lat="43.67584" lon="3.20506"><ele>588.5</ele></trkpt><trkpt lat="43.67558" lon="3.2052"><ele>588.5</ele></trkpt><trkpt lat="43.67489" lon="3.20589"><ele>585.2</ele></trkpt><trkpt lat="43.67453" lon="3.20621"><ele>582.3</ele></trkpt><trkpt lat="43.67432" lon="3.20631"><ele>580.1</ele></trkpt><trkpt lat="43.67385" lon="3.20635"><ele>576</ele></trkpt><trkpt lat="43.67364" lon="3.20634"><ele>574.6</ele></trkpt><trkpt lat="43.67351" lon="3.20623"><ele>573.7</ele></trkpt><trkpt lat="43.67323" lon="3.20609"><ele>570.7</ele></trkpt><trkpt lat="43.67319" lon="3.20619"><ele>568.9</ele></trkpt><trkpt lat="43.67334" lon="3.20654"><ele>567.4</ele></trkpt><trkpt lat="43.67363" lon="3.20694"><ele>566.3</ele></trkpt><trkpt lat="43.67357" lon="3.20705"><ele>565.1</ele></trkpt><trkpt lat="43.67307" lon="3.20663"><ele>559</ele></trkpt><trkpt lat="43.67268" lon="3.20655"><ele>555</ele></trkpt><trkpt lat="43.67246" lon="3.20662"><ele>552.1</ele></trkpt><trkpt lat="43.67186" lon="3.20691"><ele>547.8</ele></trkpt><trkpt lat="43.67185" lon="3.207"><ele>544.7</ele></trkpt><trkpt lat="43.67201" lon="3.20703"><ele>541.7</ele></trkpt><trkpt lat="43.67227" lon="3.20698"><ele>542.9</ele></trkpt><trkpt lat="43.67237" lon="3.20702"><ele>543.8</ele></trkpt><trkpt lat="43.67236" lon="3.20712"><ele>542.6</ele></trkpt><trkpt lat="43.67209" lon="3.20716"><ele>537.8</ele></trkpt><trkpt lat="43.67187" lon="3.20727"><ele>533.3</ele></trkpt><trkpt lat="43.67169" lon="3.20732"><ele>532.7</ele></trkpt><trkpt lat="43.67158" lon="3.20731"><ele>532.2</ele></trkpt><trkpt lat="43.67167" lon="3.20741"><ele>529.9</ele></trkpt><trkpt lat="43.67195" lon="3.20737"><ele>528.8</ele></trkpt><trkpt lat="43.67205" lon="3.20741"><ele>530.5</ele></trkpt><trkpt lat="43.67203" lon="3.20778"><ele>524.4</ele></trkpt><trkpt lat="43.67207" lon="3.20804"><ele>525.8</ele></trkpt><trkpt lat="43.67204" lon="3.20856"><ele>521.2</ele></trkpt><trkpt lat="43.67194" lon="3.20948"><ele>509.4</ele></trkpt><trkpt lat="43.67202" lon="3.21011"><ele>506.8</ele></trkpt><trkpt lat="43.67233" lon="3.21089"><ele>505.9</ele></trkpt><trkpt lat="43.67242" lon="3.21127"><ele>500.9</ele></trkpt><trkpt lat="43.67236" lon="3.21148"><ele>500.8</ele></trkpt><trkpt lat="43.67214" lon="3.21159"><ele>496.8</ele></trkpt><trkpt lat="43.67196" lon="3.21172"><ele>494.3</ele></trkpt><trkpt lat="43.67176" lon="3.21193"><ele>491.4</ele></trkpt><trkpt lat="43.67149" lon="3.21254"><ele>492.6</ele></trkpt><trkpt lat="43.67144" lon="3.21248"><ele>489</ele></trkpt><trkpt lat="43.6717" lon="3.21179"><ele>485.6</ele></trkpt><trkpt lat="43.67193" lon="3.21131"><ele>482.9</ele></trkpt><trkpt lat="43.67194" lon="3.21114"><ele>482</ele></trkpt><trkpt lat="43.67172" lon="3.21051"><ele>479.3</ele></trkpt><trkpt lat="43.67113" lon="3.20922"><ele>465.4</ele></trkpt><trkpt lat="43.67109" lon="3.20889"><ele>463.5</ele></trkpt><trkpt lat="43.67095" lon="3.2087"><ele>462</ele></trkpt><trkpt lat="43.67054" lon="3.20849"><ele>458.6</ele></trkpt><trkpt lat="43.67047" lon="3.20852"><ele>456.2</ele></trkpt><trkpt lat="43.67053" lon="3.20868"><ele>453.3</ele></trkpt><trkpt lat="43.6707" lon="3.20894"><ele>453.1</ele></trkpt><trkpt lat="43.67068" lon="3.20901"><ele>451.8</ele></trkpt><trkpt lat="43.67062" lon="3.20902"><ele>450.2</ele></trkpt><trkpt lat="43.67039" lon="3.20877"><ele>449.2</ele></trkpt><trkpt lat="43.67034" lon="3.20882"><ele>447.4</ele></trkpt><trkpt lat="43.67051" lon="3.20914"><ele>446.2</ele></trkpt><trkpt lat="43.6705" lon="3.2092"><ele>445.1</ele></trkpt><trkpt lat="43.67044" lon="3.20922"><ele>443.4</ele></trkpt><trkpt lat="43.67019" lon="3.20907"><ele>439.7</ele></trkpt><trkpt lat="43.66995" lon="3.20887"><ele>435.7</ele></trkpt><trkpt lat="43.66985" lon="3.20885"><ele>434.6</ele></trkpt><trkpt lat="43.66972" lon="3.20892"><ele>431.7</ele></trkpt><trkpt lat="43.66963" lon="3.20908"><ele>429</ele></trkpt><trkpt lat="43.66958" lon="3.20927"><ele>426.5</ele></trkpt><trkpt lat="43.66956" lon="3.20968"><ele>421.6</ele></trkpt><trkpt lat="43.66953" lon="3.20976"><ele>420.4</ele></trkpt><trkpt lat="43.66946" lon="3.20966"><ele>420</ele></trkpt><trkpt lat="43.66945" lon="3.20955"><ele>421</ele></trkpt><trkpt lat="43.6694" lon="3.20949"><ele>421</ele></trkpt><trkpt lat="43.66939" lon="3.20951"><ele>420.7</ele></trkpt><trkpt lat="43.66921" lon="3.20925"><ele>422.2</ele></trkpt><trkpt lat="43.6687" lon="3.20868"><ele>424.4</ele></trkpt><trkpt lat="43.66838" lon="3.20812"><ele>424.7</ele></trkpt><trkpt lat="43.66809" lon="3.20774"><ele>422.5</ele></trkpt><trkpt lat="43.66786" lon="3.20721"><ele>424.9</ele></trkpt><trkpt lat="43.66762" lon="3.20644"><ele>425.6</ele></trkpt><trkpt lat="43.66734" lon="3.20409"><ele>419.2</ele></trkpt><trkpt lat="43.66717" lon="3.20352"><ele>415.6</ele></trkpt><trkpt lat="43.66703" lon="3.20323"><ele>414.5</ele></trkpt><trkpt lat="43.66699" lon="3.20309"><ele>413.8</ele></trkpt><trkpt lat="43.667" lon="3.20296"><ele>412.5</ele></trkpt><trkpt lat="43.66693" lon="3.20264"><ele>409.5</ele></trkpt><trkpt lat="43.66686" lon="3.20174"><ele>397.7</ele></trkpt><trkpt lat="43.66698" lon="3.20051"><ele>387.1</ele></trkpt><trkpt lat="43.66714" lon="3.20005"><ele>373.3</ele></trkpt><trkpt lat="43.66758" lon="3.19977"><ele>368.8</ele></trkpt><trkpt lat="43.66768" lon="3.19901"><ele>365.1</ele></trkpt><trkpt lat="43.66717" lon="3.19844"><ele>357.2</ele></trkpt><trkpt lat="43.66696" lon="3.19838"><ele>352.2</ele></trkpt><trkpt lat="43.6665" lon="3.1984"><ele>342.2</ele></trkpt><trkpt lat="43.66635" lon="3.19849"><ele>337.8</ele></trkpt><trkpt lat="43.66614" lon="3.19848"><ele>333.1</ele></trkpt><trkpt lat="43.66608" lon="3.19842"><ele>332</ele></trkpt><trkpt lat="43.66594" lon="3.19792"><ele>324.7</ele></trkpt><trkpt lat="43.66569" lon="3.19746"><ele>313.8</ele></trkpt><trkpt lat="43.66562" lon="3.19687"><ele>311.5</ele></trkpt><trkpt lat="43.66525" lon="3.19668"><ele>305.7</ele></trkpt><trkpt lat="43.66496" lon="3.19635"><ele>301.7</ele></trkpt><trkpt lat="43.66482" lon="3.19568"><ele>296</ele></trkpt><trkpt lat="43.66447" lon="3.19478"><ele>290.7</ele></trkpt><trkpt lat="43.6644" lon="3.19444"><ele>288.8</ele></trkpt><trkpt lat="43.66435" lon="3.19352"><ele>286.7</ele></trkpt><trkpt lat="43.66421" lon="3.19331"><ele>284.5</ele></trkpt><trkpt lat="43.66412" lon="3.19304"><ele>283.7</ele></trkpt><trkpt lat="43.66435" lon="3.19229"><ele>281.9</ele></trkpt><trkpt lat="43.6644" lon="3.19174"><ele>281.4</ele></trkpt><trkpt lat="43.66438" lon="3.1914"><ele>278.6</ele></trkpt><trkpt lat="43.66441" lon="3.19099"><ele>276.4</ele></trkpt><trkpt lat="43.66429" lon="3.19037"><ele>273.6</ele></trkpt><trkpt lat="43.66428" lon="3.19014"><ele>272.8</ele></trkpt><trkpt lat="43.66437" lon="3.18933"><ele>270.3</ele></trkpt><trkpt lat="43.66707" lon="3.18408"><ele>258.4</ele></trkpt><trkpt lat="43.66619" lon="3.18346"><ele>255.7</ele></trkpt><trkpt lat="43.6658" lon="3.18326"><ele>255.1</ele></trkpt><trkpt lat="43.66506" lon="3.18312"><ele>256.2</ele></trkpt><trkpt lat="43.66468" lon="3.18292"><ele>255.6</ele></trkpt><trkpt lat="43.66454" lon="3.18274"><ele>255.1</ele></trkpt><trkpt lat="43.6645" lon="3.18235"><ele>255.3</ele></trkpt><trkpt lat="43.6644" lon="3.182"><ele>253</ele></trkpt><trkpt lat="43.66447" lon="3.1815"><ele>251.2</ele></trkpt><trkpt lat="43.66446" lon="3.18128"><ele>250.1</ele></trkpt><trkpt lat="43.66435" lon="3.18105"><ele>248.3</ele></trkpt><trkpt lat="43.66412" lon="3.18088"><ele>246.7</ele></trkpt><trkpt lat="43.66364" lon="3.18119"><ele>247.8</ele></trkpt><trkpt lat="43.66314" lon="3.1814"><ele>249.7</ele></trkpt><trkpt lat="43.66271" lon="3.18129"><ele>250.7</ele></trkpt><trkpt lat="43.66148" lon="3.18112"><ele>256.6</ele></trkpt><trkpt lat="43.66065" lon="3.18089"><ele>261.1</ele></trkpt><trkpt lat="43.66028" lon="3.18097"><ele>264.5</ele></trkpt><trkpt lat="43.66003" lon="3.18063"><ele>266.2</ele></trkpt><trkpt lat="43.65956" lon="3.18051"><ele>270.8</ele></trkpt><trkpt lat="43.65859" lon="3.18035"><ele>277.5</ele></trkpt><trkpt lat="43.65831" lon="3.18033"><ele>280.9</ele></trkpt><trkpt lat="43.65861" lon="3.17877"><ele>292.7</ele></trkpt><trkpt lat="43.65883" lon="3.1778"><ele>297.5</ele></trkpt><trkpt lat="43.65825" lon="3.17697"><ele>296.2</ele></trkpt><trkpt lat="43.65806" lon="3.1764"><ele>298.9</ele></trkpt><trkpt lat="43.65794" lon="3.1762"><ele>301</ele></trkpt><trkpt lat="43.65794" lon="3.17603"><ele>302.3</ele></trkpt><trkpt lat="43.65803" lon="3.17589"><ele>303.1</ele></trkpt><trkpt lat="43.65842" lon="3.17581"><ele>304.7</ele></trkpt><trkpt lat="43.65853" lon="3.17565"><ele>305.5</ele></trkpt><trkpt lat="43.65855" lon="3.1754"><ele>306.2</ele></trkpt><trkpt lat="43.65845" lon="3.17504"><ele>310.7</ele></trkpt><trkpt lat="43.65853" lon="3.17488"><ele>310.9</ele></trkpt><trkpt lat="43.65861" lon="3.1748"><ele>311.5</ele></trkpt><trkpt lat="43.65906" lon="3.17472"><ele>311.2</ele></trkpt><trkpt lat="43.65914" lon="3.17441"><ele>313</ele></trkpt><trkpt lat="43.65916" lon="3.17404"><ele>316.1</ele></trkpt><trkpt lat="43.65926" lon="3.17389"><ele>317.3</ele></trkpt><trkpt lat="43.65948" lon="3.17377"><ele>317.2</ele></trkpt><trkpt lat="43.65966" lon="3.17319"><ele>319.6</ele></trkpt><trkpt lat="43.66003" lon="3.1725"><ele>323.2</ele></trkpt><trkpt lat="43.66006" lon="3.17237"><ele>322.7</ele></trkpt><trkpt lat="43.66" lon="3.1723"><ele>324</ele></trkpt><trkpt lat="43.6599" lon="3.1724"><ele>326.3</ele></trkpt><trkpt lat="43.65975" lon="3.17262"><ele>328</ele></trkpt><trkpt lat="43.65934" lon="3.17304"><ele>331.9</ele></trkpt><trkpt lat="43.6593" lon="3.17298"><ele>334.1</ele></trkpt><trkpt lat="43.65937" lon="3.17277"><ele>336.2</ele></trkpt><trkpt lat="43.65951" lon="3.17257"><ele>334.6</ele></trkpt><trkpt lat="43.65954" lon="3.17236"><ele>335.4</ele></trkpt><trkpt lat="43.65947" lon="3.17216"><ele>337.6</ele></trkpt><trkpt lat="43.65935" lon="3.17211"><ele>338.7</ele></trkpt><trkpt lat="43.65921" lon="3.17215"><ele>341.1</ele></trkpt><trkpt lat="43.65901" lon="3.17212"><ele>344.5</ele></trkpt><trkpt lat="43.65887" lon="3.172"><ele>344.7</ele></trkpt><trkpt lat="43.65867" lon="3.17191"><ele>344.9</ele></trkpt><trkpt lat="43.65853" lon="3.17188"><ele>347.1</ele></trkpt><trkpt lat="43.65832" lon="3.17169"><ele>348.9</ele></trkpt><trkpt lat="43.65824" lon="3.17131"><ele>346.6</ele></trkpt><trkpt lat="43.65824" lon="3.17097"><ele>345.2</ele></trkpt><trkpt lat="43.65844" lon="3.17053"><ele>345.2</ele></trkpt><trkpt lat="43.65859" lon="3.17035"><ele>343.4</ele></trkpt><trkpt lat="43.65865" lon="3.17019"><ele>342.8</ele></trkpt><trkpt lat="43.65857" lon="3.17004"><ele>342.9</ele></trkpt><trkpt lat="43.65841" lon="3.16992"><ele>341.3</ele></trkpt><trkpt lat="43.65809" lon="3.16961"><ele>335.5</ele></trkpt><trkpt lat="43.65798" lon="3.16908"><ele>332.1</ele></trkpt><trkpt lat="43.65805" lon="3.16876"><ele>330.5</ele></trkpt><trkpt lat="43.65817" lon="3.16845"><ele>325.1</ele></trkpt><trkpt lat="43.65821" lon="3.16812"><ele>324.3</ele></trkpt><trkpt lat="43.65818" lon="3.16769"><ele>322.2</ele></trkpt><trkpt lat="43.65814" lon="3.16748"><ele>322.8</ele></trkpt><trkpt lat="43.65783" lon="3.16697"><ele>322</ele></trkpt><trkpt lat="43.65752" lon="3.16684"><ele>320.8</ele></trkpt><trkpt lat="43.65699" lon="3.16632"><ele>320.4</ele></trkpt><trkpt lat="43.65617" lon="3.16606"><ele>313.9</ele></trkpt><trkpt lat="43.65604" lon="3.16572"><ele>312.6</ele></trkpt><trkpt lat="43.65611" lon="3.1649"><ele>309.3</ele></trkpt><trkpt lat="43.65579" lon="3.16419"><ele>304.9</ele></trkpt><trkpt lat="43.6555" lon="3.16364"><ele>304.5</ele></trkpt><trkpt lat="43.65524" lon="3.16324"><ele>304</ele></trkpt><trkpt lat="43.65522" lon="3.1627"><ele>303.7</ele></trkpt><trkpt lat="43.65525" lon="3.16232"><ele>302.9</ele></trkpt><trkpt lat="43.65546" lon="3.16213"><ele>302.5</ele></trkpt><trkpt lat="43.65578" lon="3.16213"><ele>295.9</ele></trkpt><trkpt lat="43.65596" lon="3.16186"><ele>294.2</ele></trkpt><trkpt lat="43.65599" lon="3.16154"><ele>292.3</ele></trkpt><trkpt lat="43.65592" lon="3.16131"><ele>292.9</ele></trkpt><trkpt lat="43.65624" lon="3.16079"><ele>287.6</ele></trkpt><trkpt lat="43.65636" lon="3.1605"><ele>286.4</ele></trkpt><trkpt lat="43.65647" lon="3.15992"><ele>283.1</ele></trkpt><trkpt lat="43.65663" lon="3.15932"><ele>281.3</ele></trkpt><trkpt lat="43.65698" lon="3.15881"><ele>277.3</ele></trkpt><trkpt lat="43.65738" lon="3.15839"><ele>273.6</ele></trkpt><trkpt lat="43.65768" lon="3.15801"><ele>270.4</ele></trkpt><trkpt lat="43.65773" lon="3.15813"><ele>267.5</ele></trkpt><trkpt lat="43.65752" lon="3.1585"><ele>264.9</ele></trkpt><trkpt lat="43.65726" lon="3.15882"><ele>263.9</ele></trkpt><trkpt lat="43.65704" lon="3.15933"><ele>260.3</ele></trkpt><trkpt lat="43.65695" lon="3.15986"><ele>256.2</ele></trkpt><trkpt lat="43.657" lon="3.1605"><ele>255.7</ele></trkpt><trkpt lat="43.6571" lon="3.16045"><ele>251.6</ele></trkpt><trkpt lat="43.65706" lon="3.16011"><ele>249.9</ele></trkpt><trkpt lat="43.65719" lon="3.15957"><ele>246.1</ele></trkpt><trkpt lat="43.65736" lon="3.15932"><ele>245.5</ele></trkpt><trkpt lat="43.65825" lon="3.15866"><ele>236.2</ele></trkpt><trkpt lat="43.65844" lon="3.15857"><ele>233.4</ele></trkpt><trkpt lat="43.65877" lon="3.1586"><ele>230</ele></trkpt><trkpt lat="43.65905" lon="3.1583"><ele>227.4</ele></trkpt><trkpt lat="43.65959" lon="3.15821"><ele>226</ele></trkpt><trkpt lat="43.65977" lon="3.1581"><ele>225.1</ele></trkpt><trkpt lat="43.65908" lon="3.15615"><ele>224</ele></trkpt><trkpt lat="43.6587" lon="3.15563"><ele>225.7</ele></trkpt><trkpt lat="43.65851" lon="3.15518"><ele>226.9</ele></trkpt><trkpt lat="43.65764" lon="3.15363"><ele>223.8</ele></trkpt><trkpt lat="43.6569" lon="3.15314"><ele>225.7</ele></trkpt><trkpt lat="43.65659" lon="3.15308"><ele>228.5</ele></trkpt><trkpt lat="43.65626" lon="3.1528"><ele>228.7</ele></trkpt><trkpt lat="43.65584" lon="3.15268"><ele>229</ele></trkpt><trkpt lat="43.65564" lon="3.15218"><ele>224.3</ele></trkpt><trkpt lat="43.65544" lon="3.15196"><ele>223.2</ele></trkpt><trkpt lat="43.65522" lon="3.15178"><ele>222.1</ele></trkpt><trkpt lat="43.65474" lon="3.1515"><ele>223.3</ele></trkpt><trkpt lat="43.65476" lon="3.1515"><ele>222.9</ele></trkpt><trkpt lat="43.65427" lon="3.15132"><ele>221</ele></trkpt><trkpt lat="43.65404" lon="3.1512"><ele>220.6</ele></trkpt><trkpt lat="43.65377" lon="3.15114"><ele>220.8</ele></trkpt><trkpt lat="43.6534" lon="3.15098"><ele>218.4</ele></trkpt><trkpt lat="43.65336" lon="3.15124"><ele>222.2</ele></trkpt><trkpt lat="43.65317" lon="3.15172"><ele>226</ele></trkpt><trkpt lat="43.65252" lon="3.15229"><ele>225.1</ele></trkpt><trkpt lat="43.65234" lon="3.15251"><ele>225.7</ele></trkpt><trkpt lat="43.65188" lon="3.15295"><ele>224.3</ele></trkpt><trkpt lat="43.65161" lon="3.15364"><ele>222.7</ele></trkpt><trkpt lat="43.6512" lon="3.15424"><ele>221.6</ele></trkpt><trkpt lat="43.65092" lon="3.15517"><ele>222.4</ele></trkpt><trkpt lat="43.6506" lon="3.15564"><ele>216.7</ele></trkpt><trkpt lat="43.65029" lon="3.15721"><ele>216.7</ele></trkpt><trkpt lat="43.64991" lon="3.15855"><ele>217</ele></trkpt><trkpt lat="43.64974" lon="3.15905"><ele>214.6</ele></trkpt><trkpt lat="43.64965" lon="3.15955"><ele>215.1</ele></trkpt><trkpt lat="43.64982" lon="3.15994"><ele>223.3</ele></trkpt><trkpt lat="43.64969" lon="3.1608"><ele>217.6</ele></trkpt><trkpt lat="43.6498" lon="3.16096"><ele>222.2</ele></trkpt><trkpt lat="43.6499" lon="3.16147"><ele>227.1</ele></trkpt><trkpt lat="43.64957" lon="3.16288"><ele>222.5</ele></trkpt><trkpt lat="43.6494" lon="3.16441"><ele>219.5</ele></trkpt><trkpt lat="43.64945" lon="3.16593"><ele>221.1</ele></trkpt><trkpt lat="43.64935" lon="3.16665"><ele>220.3</ele></trkpt><trkpt lat="43.64919" lon="3.16706"><ele>219.6</ele></trkpt><trkpt lat="43.64885" lon="3.16839"><ele>217.8</ele></trkpt><trkpt lat="43.64874" lon="3.16917"><ele>217.9</ele></trkpt><trkpt lat="43.64882" lon="3.16965"><ele>218.3</ele></trkpt><trkpt lat="43.64895" lon="3.16996"><ele>215.8</ele></trkpt><trkpt lat="43.64921" lon="3.17037"><ele>215.2</ele></trkpt><trkpt lat="43.64948" lon="3.17101"><ele>216.3</ele></trkpt><trkpt lat="43.6494" lon="3.17148"><ele>217.2</ele></trkpt><trkpt lat="43.64911" lon="3.17147"><ele>219.3</ele></trkpt><trkpt lat="43.64904" lon="3.17122"><ele>217.1</ele></trkpt><trkpt lat="43.64885" lon="3.17125"><ele>219.8</ele></trkpt><trkpt lat="43.64849" lon="3.17143"><ele>219.9</ele></trkpt><trkpt lat="43.64827" lon="3.17166"><ele>222.2</ele></trkpt><trkpt lat="43.6482" lon="3.17198"><ele>224.6</ele></trkpt><trkpt lat="43.64787" lon="3.17244"><ele>227.5</ele></trkpt><trkpt lat="43.64752" lon="3.17271"><ele>228.2</ele></trkpt><trkpt lat="43.64736" lon="3.17275"><ele>227.6</ele></trkpt><trkpt lat="43.64708" lon="3.17289"><ele>226.8</ele></trkpt><trkpt lat="43.64693" lon="3.17333"><ele>226.8</ele></trkpt><trkpt lat="43.64672" lon="3.17348"><ele>224.1</ele></trkpt><trkpt lat="43.64652" lon="3.17351"><ele>227</ele></trkpt><trkpt lat="43.64642" lon="3.17319"><ele>229.1</ele></trkpt><trkpt lat="43.64635" lon="3.17274"><ele>230.4</ele></trkpt><trkpt lat="43.64625" lon="3.17249"><ele>231.4</ele></trkpt><trkpt lat="43.64604" lon="3.17213"><ele>232.6</ele></trkpt><trkpt lat="43.64589" lon="3.17205"><ele>234.5</ele></trkpt><trkpt lat="43.64613" lon="3.17242"><ele>235.1</ele></trkpt><trkpt lat="43.64618" lon="3.17302"><ele>239</ele></trkpt><trkpt lat="43.6461" lon="3.17341"><ele>241.2</ele></trkpt><trkpt lat="43.64568" lon="3.17365"><ele>247.2</ele></trkpt><trkpt lat="43.64567" lon="3.1741"><ele>248</ele></trkpt><trkpt lat="43.64562" lon="3.17437"><ele>249</ele></trkpt><trkpt lat="43.6452" lon="3.1749"><ele>257</ele></trkpt><trkpt lat="43.64514" lon="3.17506"><ele>258.9</ele></trkpt><trkpt lat="43.64548" lon="3.17513"><ele>256.9</ele></trkpt><trkpt lat="43.64565" lon="3.17527"><ele>258.5</ele></trkpt><trkpt lat="43.64571" lon="3.17553"><ele>260</ele></trkpt><trkpt lat="43.64564" lon="3.17574"><ele>262.9</ele></trkpt><trkpt lat="43.64565" lon="3.17599"><ele>263.3</ele></trkpt><trkpt lat="43.64523" lon="3.17691"><ele>269.7</ele></trkpt><trkpt lat="43.64473" lon="3.17671"><ele>274.8</ele></trkpt><trkpt lat="43.64464" lon="3.17675"><ele>276.2</ele></trkpt><trkpt lat="43.64421" lon="3.17789"><ele>282.2</ele></trkpt><trkpt lat="43.64419" lon="3.17804"><ele>282.5</ele></trkpt><trkpt lat="43.64402" lon="3.17835"><ele>285.2</ele></trkpt><trkpt lat="43.64406" lon="3.17878"><ele>286.9</ele></trkpt><trkpt lat="43.64425" lon="3.17905"><ele>287.6</ele></trkpt><trkpt lat="43.64452" lon="3.17963"><ele>287.9</ele></trkpt><trkpt lat="43.64462" lon="3.18049"><ele>293.5</ele></trkpt><trkpt lat="43.64477" lon="3.18119"><ele>295.8</ele></trkpt><trkpt lat="43.64466" lon="3.18169"><ele>299.5</ele></trkpt><trkpt lat="43.64469" lon="3.18243"><ele>303.4</ele></trkpt><trkpt lat="43.64446" lon="3.18308"><ele>306.7</ele></trkpt><trkpt lat="43.64442" lon="3.18359"><ele>308.6</ele></trkpt><trkpt lat="43.64433" lon="3.18414"><ele>312.4</ele></trkpt><trkpt lat="43.64402" lon="3.18486"><ele>318.5</ele></trkpt><trkpt lat="43.64408" lon="3.1852"><ele>317.8</ele></trkpt><trkpt lat="43.64423" lon="3.18551"><ele>313.5</ele></trkpt><trkpt lat="43.64439" lon="3.18598"><ele>308.6</ele></trkpt><trkpt lat="43.64433" lon="3.18625"><ele>310.1</ele></trkpt><trkpt lat="43.64422" lon="3.18634"><ele>313.3</ele></trkpt><trkpt lat="43.64405" lon="3.18664"><ele>316.6</ele></trkpt><trkpt lat="43.64337" lon="3.18754"><ele>325.5</ele></trkpt><trkpt lat="43.6428" lon="3.18892"><ele>337.8</ele></trkpt><trkpt lat="43.64284" lon="3.18912"><ele>335.6</ele></trkpt><trkpt lat="43.64268" lon="3.18942"><ele>339.2</ele></trkpt><trkpt lat="43.64246" lon="3.19007"><ele>346</ele></trkpt><trkpt lat="43.64243" lon="3.19045"><ele>346.4</ele></trkpt><trkpt lat="43.64217" lon="3.19056"><ele>347.7</ele></trkpt><trkpt lat="43.64201" lon="3.19047"><ele>351.4</ele></trkpt><trkpt lat="43.64189" lon="3.1905"><ele>352.4</ele></trkpt><trkpt lat="43.64173" lon="3.19039"><ele>355</ele></trkpt><trkpt lat="43.64167" lon="3.19049"><ele>356.2</ele></trkpt><trkpt lat="43.64175" lon="3.19073"><ele>357.7</ele></trkpt><trkpt lat="43.64165" lon="3.1911"><ele>358.7</ele></trkpt><trkpt lat="43.64129" lon="3.19175"><ele>365.3</ele></trkpt><trkpt lat="43.64066" lon="3.19258"><ele>370.5</ele></trkpt><trkpt lat="43.64041" lon="3.1931"><ele>369.9</ele></trkpt><trkpt lat="43.64032" lon="3.19345"><ele>371.9</ele></trkpt><trkpt lat="43.64002" lon="3.19385"><ele>373.7</ele></trkpt><trkpt lat="43.63984" lon="3.1943"><ele>374.3</ele></trkpt><trkpt lat="43.6395" lon="3.19478"><ele>380.4</ele></trkpt><trkpt lat="43.63918" lon="3.19491"><ele>382.3</ele></trkpt><trkpt lat="43.63899" lon="3.19482"><ele>381.5</ele></trkpt><trkpt lat="43.63878" lon="3.19434"><ele>379.2</ele></trkpt><trkpt lat="43.63846" lon="3.19402"><ele>377.9</ele></trkpt><trkpt lat="43.63817" lon="3.19406"><ele>377.8</ele></trkpt><trkpt lat="43.63792" lon="3.19423"><ele>379</ele></trkpt><trkpt lat="43.63769" lon="3.19421"><ele>380.5</ele></trkpt><trkpt lat="43.63775" lon="3.19319"><ele>383</ele></trkpt><trkpt lat="43.63788" lon="3.1924"><ele>383.2</ele></trkpt><trkpt lat="43.63791" lon="3.19198"><ele>386.2</ele></trkpt><trkpt lat="43.63778" lon="3.19189"><ele>388.2</ele></trkpt><trkpt lat="43.63746" lon="3.1922"><ele>388.8</ele></trkpt><trkpt lat="43.63723" lon="3.19302"><ele>391.9</ele></trkpt><trkpt lat="43.63702" lon="3.19342"><ele>392.9</ele></trkpt><trkpt lat="43.63687" lon="3.19343"><ele>394.6</ele></trkpt><trkpt lat="43.63667" lon="3.19369"><ele>395.7</ele></trkpt><trkpt lat="43.63655" lon="3.19377"><ele>396</ele></trkpt><trkpt lat="43.63637" lon="3.19351"><ele>398.2</ele></trkpt><trkpt lat="43.63608" lon="3.19398"><ele>395.2</ele></trkpt><trkpt lat="43.636" lon="3.19431"><ele>393.7</ele></trkpt><trkpt lat="43.63585" lon="3.19437"><ele>394</ele></trkpt><trkpt lat="43.63519" lon="3.19423"><ele>388.8</ele></trkpt><trkpt lat="43.63494" lon="3.19381"><ele>383.7</ele></trkpt><trkpt lat="43.63458" lon="3.19368"><ele>380.5</ele></trkpt><trkpt lat="43.63402" lon="3.19434"><ele>374.6</ele></trkpt><trkpt lat="43.6339" lon="3.19517"><ele>375.8</ele></trkpt><trkpt lat="43.6331" lon="3.19534"><ele>372</ele></trkpt><trkpt lat="43.63269" lon="3.19551"><ele>370.6</ele></trkpt><trkpt lat="43.63245" lon="3.19565"><ele>366.5</ele></trkpt><trkpt lat="43.63246" lon="3.19608"><ele>364.8</ele></trkpt><trkpt lat="43.63282" lon="3.19665"><ele>362.2</ele></trkpt><trkpt lat="43.63275" lon="3.19748"><ele>362.8</ele></trkpt><trkpt lat="43.63206" lon="3.198"><ele>366.1</ele></trkpt><trkpt lat="43.63123" lon="3.19782"><ele>364.4</ele></trkpt><trkpt lat="43.63069" lon="3.19836"><ele>362.4</ele></trkpt><trkpt lat="43.63012" lon="3.19822"><ele>355.8</ele></trkpt><trkpt lat="43.6295" lon="3.19925"><ele>350.5</ele></trkpt><trkpt lat="43.62858" lon="3.19899"><ele>346.4</ele></trkpt><trkpt lat="43.62763" lon="3.1993"><ele>339.4</ele></trkpt><trkpt lat="43.62626" lon="3.19803"><ele>325.8</ele></trkpt><trkpt lat="43.62532" lon="3.1972"><ele>324</ele></trkpt><trkpt lat="43.62464" lon="3.19634"><ele>320.7</ele></trkpt><trkpt lat="43.62361" lon="3.19539"><ele>312.9</ele></trkpt><trkpt lat="43.62313" lon="3.19442"><ele>302.6</ele></trkpt><trkpt lat="43.62252" lon="3.19364"><ele>298.4</ele></trkpt><trkpt lat="43.62144" lon="3.19243"><ele>295.2</ele></trkpt><trkpt lat="43.62108" lon="3.19242"><ele>296.5</ele></trkpt><trkpt lat="43.62091" lon="3.19201"><ele>301.7</ele></trkpt><trkpt lat="43.6204" lon="3.19194"><ele>299</ele></trkpt><trkpt lat="43.62009" lon="3.19125"><ele>304</ele></trkpt><trkpt lat="43.61938" lon="3.19072"><ele>302.9</ele></trkpt><trkpt lat="43.61932" lon="3.19029"><ele>302</ele></trkpt><trkpt lat="43.61943" lon="3.1898"><ele>299.3</ele></trkpt><trkpt lat="43.61918" lon="3.1886"><ele>296</ele></trkpt><trkpt lat="43.61831" lon="3.18735"><ele>284.8</ele></trkpt><trkpt lat="43.61733" lon="3.18649"><ele>282.7</ele></trkpt><trkpt lat="43.61687" lon="3.18675"><ele>280</ele></trkpt><trkpt lat="43.61641" lon="3.18687"><ele>278.8</ele></trkpt><trkpt lat="43.61614" lon="3.187"><ele>278.3</ele></trkpt><trkpt lat="43.61606" lon="3.1874"><ele>280.5</ele></trkpt><trkpt lat="43.61584" lon="3.18758"><ele>282.9</ele></trkpt><trkpt lat="43.61517" lon="3.18775"><ele>283.5</ele></trkpt><trkpt lat="43.61506" lon="3.18829"><ele>280.1</ele></trkpt><trkpt lat="43.61561" lon="3.18973"><ele>274</ele></trkpt><trkpt lat="43.6156" lon="3.19028"><ele>271.5</ele></trkpt><trkpt lat="43.61562" lon="3.19055"><ele>269.5</ele></trkpt><trkpt lat="43.61559" lon="3.1907"><ele>268.1</ele></trkpt><trkpt lat="43.61552" lon="3.19086"><ele>267.2</ele></trkpt><trkpt lat="43.61535" lon="3.19104"><ele>269.6</ele></trkpt><trkpt lat="43.61512" lon="3.19101"><ele>270.3</ele></trkpt><trkpt lat="43.61484" lon="3.19093"><ele>271.6</ele></trkpt><trkpt lat="43.61472" lon="3.19107"><ele>274.6</ele></trkpt><trkpt lat="43.61471" lon="3.1912"><ele>275.6</ele></trkpt><trkpt lat="43.61474" lon="3.19129"><ele>276.3</ele></trkpt><trkpt lat="43.61463" lon="3.19153"><ele>276.8</ele></trkpt><trkpt lat="43.61458" lon="3.19201"><ele>278</ele></trkpt><trkpt lat="43.61438" lon="3.19209"><ele>278.3</ele></trkpt><trkpt lat="43.61418" lon="3.19204"><ele>278.9</ele></trkpt><trkpt lat="43.61404" lon="3.19172"><ele>280.5</ele></trkpt><trkpt lat="43.61379" lon="3.19164"><ele>282.8</ele></trkpt><trkpt lat="43.61383" lon="3.19085"><ele>287.2</ele></trkpt><trkpt lat="43.61366" lon="3.19099"><ele>289.8</ele></trkpt><trkpt lat="43.61343" lon="3.19136"><ele>292.9</ele></trkpt><trkpt lat="43.61331" lon="3.19166"><ele>294.1</ele></trkpt><trkpt lat="43.61332" lon="3.19186"><ele>296.3</ele></trkpt><trkpt lat="43.61345" lon="3.19207"><ele>295.5</ele></trkpt><trkpt lat="43.61347" lon="3.19228"><ele>296.7</ele></trkpt><trkpt lat="43.61339" lon="3.19258"><ele>296.4</ele></trkpt><trkpt lat="43.61316" lon="3.19276"><ele>298.2</ele></trkpt><trkpt lat="43.61276" lon="3.19286"><ele>302.4</ele></trkpt><trkpt lat="43.61263" lon="3.19322"><ele>305</ele></trkpt><trkpt lat="43.61309" lon="3.19356"><ele>306.7</ele></trkpt><trkpt lat="43.61333" lon="3.19385"><ele>309.3</ele></trkpt><trkpt lat="43.61352" lon="3.19398"><ele>308.2</ele></trkpt><trkpt lat="43.61361" lon="3.19447"><ele>308.6</ele></trkpt><trkpt lat="43.61334" lon="3.19463"><ele>311.5</ele></trkpt><trkpt lat="43.61312" lon="3.1948"><ele>313.3</ele></trkpt><trkpt lat="43.61236" lon="3.19498"><ele>315</ele></trkpt><trkpt lat="43.61166" lon="3.19549"><ele>311.2</ele></trkpt><trkpt lat="43.6116" lon="3.19572"><ele>309.5</ele></trkpt><trkpt lat="43.61168" lon="3.19598"><ele>311.3</ele></trkpt><trkpt lat="43.61138" lon="3.19614"><ele>308.5</ele></trkpt><trkpt lat="43.61075" lon="3.19632"><ele>304.2</ele></trkpt><trkpt lat="43.61085" lon="3.19601"><ele>302.4</ele></trkpt><trkpt lat="43.61072" lon="3.1958"><ele>301</ele></trkpt><trkpt lat="43.61014" lon="3.19585"><ele>299.1</ele></trkpt><trkpt lat="43.60971" lon="3.19538"><ele>296</ele></trkpt><trkpt lat="43.60921" lon="3.19502"><ele>294.4</ele></trkpt><trkpt lat="43.60858" lon="3.19438"><ele>294.2</ele></trkpt><trkpt lat="43.60829" lon="3.19393"><ele>293.7</ele></trkpt><trkpt lat="43.60846" lon="3.19336"><ele>294.2</ele></trkpt><trkpt lat="43.60797" lon="3.19309"><ele>289.3</ele></trkpt><trkpt lat="43.60778" lon="3.19243"><ele>286.8</ele></trkpt><trkpt lat="43.60729" lon="3.19228"><ele>286.6</ele></trkpt><trkpt lat="43.60674" lon="3.19241"><ele>284</ele></trkpt><trkpt lat="43.60647" lon="3.19232"><ele>284</ele></trkpt><trkpt lat="43.60607" lon="3.19188"><ele>282.9</ele></trkpt><trkpt lat="43.60568" lon="3.1912"><ele>278.8</ele></trkpt><trkpt lat="43.60539" lon="3.19032"><ele>276.8</ele></trkpt><trkpt lat="43.60492" lon="3.18968"><ele>274.2</ele></trkpt><trkpt lat="43.60451" lon="3.18953"><ele>271.6</ele></trkpt><trkpt lat="43.60432" lon="3.18943"><ele>271.4</ele></trkpt><trkpt lat="43.60426" lon="3.18918"><ele>271</ele></trkpt><trkpt lat="43.60429" lon="3.18796"><ele>268.6</ele></trkpt><trkpt lat="43.60452" lon="3.18668"><ele>269.1</ele></trkpt><trkpt lat="43.60448" lon="3.18561"><ele>266.5</ele></trkpt><trkpt lat="43.60529" lon="3.18494"><ele>263.3</ele></trkpt><trkpt lat="43.60564" lon="3.18373"><ele>260.3</ele></trkpt><trkpt lat="43.60572" lon="3.18173"><ele>256.6</ele></trkpt><trkpt lat="43.60538" lon="3.1807"><ele>255.8</ele></trkpt><trkpt lat="43.60584" lon="3.18013"><ele>252.3</ele></trkpt><trkpt lat="43.60576" lon="3.17909"><ele>252.1</ele></trkpt><trkpt lat="43.60585" lon="3.17857"><ele>250.7</ele></trkpt><trkpt lat="43.60548" lon="3.17759"><ele>249.6</ele></trkpt><trkpt lat="43.60561" lon="3.17555"><ele>248</ele></trkpt><trkpt lat="43.60497" lon="3.17437"><ele>240.6</ele></trkpt><trkpt lat="43.60407" lon="3.17245"><ele>231.4</ele></trkpt><trkpt lat="43.60371" lon="3.17271"><ele>234.8</ele></trkpt><trkpt lat="43.60323" lon="3.17268"><ele>240.9</ele></trkpt><trkpt lat="43.60273" lon="3.17254"><ele>246.9</ele></trkpt><trkpt lat="43.602" lon="3.17158"><ele>242.8</ele></trkpt><trkpt lat="43.60115" lon="3.17241"><ele>251.2</ele></trkpt><trkpt lat="43.60087" lon="3.17282"><ele>253.1</ele></trkpt><trkpt lat="43.60025" lon="3.17327"><ele>263.6</ele></trkpt><trkpt lat="43.59982" lon="3.17342"><ele>265.4</ele></trkpt><trkpt lat="43.59972" lon="3.17319"><ele>264</ele></trkpt><trkpt lat="43.59949" lon="3.17321"><ele>266.5</ele></trkpt><trkpt lat="43.59874" lon="3.174"><ele>275.3</ele></trkpt><trkpt lat="43.59849" lon="3.17402"><ele>277.2</ele></trkpt><trkpt lat="43.59762" lon="3.17441"><ele>290.2</ele></trkpt><trkpt lat="43.59586" lon="3.17438"><ele>308.6</ele></trkpt><trkpt lat="43.59558" lon="3.17434"><ele>311.6</ele></trkpt><trkpt lat="43.59511" lon="3.1742"><ele>319</ele></trkpt><trkpt lat="43.59489" lon="3.17407"><ele>323.7</ele></trkpt><trkpt lat="43.59471" lon="3.17392"><ele>324.2</ele></trkpt><trkpt lat="43.59382" lon="3.17364"><ele>335.7</ele></trkpt><trkpt lat="43.5933" lon="3.174"><ele>346.5</ele></trkpt><trkpt lat="43.59304" lon="3.17325"><ele>350.7</ele></trkpt><trkpt lat="43.59297" lon="3.17219"><ele>360.4</ele></trkpt><trkpt lat="43.59275" lon="3.17351"><ele>365.5</ele></trkpt><trkpt lat="43.59268" lon="3.17366"><ele>369.9</ele></trkpt><trkpt lat="43.59263" lon="3.17342"><ele>370.2</ele></trkpt><trkpt lat="43.59249" lon="3.17301"><ele>372.5</ele></trkpt><trkpt lat="43.59215" lon="3.17308"><ele>376.8</ele></trkpt><trkpt lat="43.59193" lon="3.17337"><ele>377.9</ele></trkpt><trkpt lat="43.59161" lon="3.17469"><ele>376</ele></trkpt><trkpt lat="43.59139" lon="3.17531"><ele>371.9</ele></trkpt><trkpt lat="43.59158" lon="3.1767"><ele>370.3</ele></trkpt><trkpt lat="43.59148" lon="3.17714"><ele>370.6</ele></trkpt><trkpt lat="43.59157" lon="3.17745"><ele>370.9</ele></trkpt><trkpt lat="43.5917" lon="3.17835"><ele>368.1</ele></trkpt><trkpt lat="43.59156" lon="3.17923"><ele>364.2</ele></trkpt><trkpt lat="43.59127" lon="3.17997"><ele>358</ele></trkpt><trkpt lat="43.59083" lon="3.1813"><ele>348.3</ele></trkpt><trkpt lat="43.59064" lon="3.18231"><ele>340.6</ele></trkpt><trkpt lat="43.59025" lon="3.18244"><ele>335.9</ele></trkpt><trkpt lat="43.5899" lon="3.18278"><ele>332.7</ele></trkpt><trkpt lat="43.58966" lon="3.18273"><ele>331.9</ele></trkpt><trkpt lat="43.58949" lon="3.18288"><ele>334.5</ele></trkpt><trkpt lat="43.58927" lon="3.18328"><ele>338.1</ele></trkpt><trkpt lat="43.58941" lon="3.18347"><ele>341.3</ele></trkpt><trkpt lat="43.58942" lon="3.18512"><ele>347.1</ele></trkpt><trkpt lat="43.58931" lon="3.18557"><ele>343.2</ele></trkpt><trkpt lat="43.58912" lon="3.18605"><ele>339.8</ele></trkpt><trkpt lat="43.58911" lon="3.1866"><ele>342</ele></trkpt><trkpt lat="43.58889" lon="3.18683"><ele>346.8</ele></trkpt><trkpt lat="43.58885" lon="3.18748"><ele>347.7</ele></trkpt><trkpt lat="43.58871" lon="3.18767"><ele>353.5</ele></trkpt><trkpt lat="43.58846" lon="3.18754"><ele>356.7</ele></trkpt><trkpt lat="43.58857" lon="3.18698"><ele>359.6</ele></trkpt><trkpt lat="43.58815" lon="3.18733"><ele>369.8</ele></trkpt><trkpt lat="43.58797" lon="3.18744"><ele>372.1</ele></trkpt><trkpt lat="43.58698" lon="3.18768"><ele>384.8</ele></trkpt><trkpt lat="43.5863" lon="3.18814"><ele>389.9</ele></trkpt><trkpt lat="43.58527" lon="3.18931"><ele>391.5</ele></trkpt><trkpt lat="43.58325" lon="3.1898"><ele>389</ele></trkpt><trkpt lat="43.58277" lon="3.19001"><ele>387.9</ele></trkpt><trkpt lat="43.5815" lon="3.19027"><ele>387.5</ele></trkpt><trkpt lat="43.58053" lon="3.18975"><ele>388.1</ele></trkpt><trkpt lat="43.57973" lon="3.18945"><ele>389</ele></trkpt><trkpt lat="43.57901" lon="3.18949"><ele>390.8</ele></trkpt><trkpt lat="43.5776" lon="3.18914"><ele>389.9</ele></trkpt><trkpt lat="43.57666" lon="3.18809"><ele>387.1</ele></trkpt><trkpt lat="43.57631" lon="3.18765"><ele>386.1</ele></trkpt><trkpt lat="43.57574" lon="3.18638"><ele>387.3</ele></trkpt><trkpt lat="43.57511" lon="3.18566"><ele>385</ele></trkpt><trkpt lat="43.57449" lon="3.18463"><ele>382.8</ele></trkpt><trkpt lat="43.57401" lon="3.1837"><ele>383</ele></trkpt><trkpt lat="43.57396" lon="3.18365"><ele>383</ele></trkpt><trkpt lat="43.57417" lon="3.1824"><ele>383</ele></trkpt><trkpt lat="43.57413" lon="3.18127"><ele>382.8</ele></trkpt><trkpt lat="43.5739" lon="3.18065"><ele>382.9</ele></trkpt><trkpt lat="43.57283" lon="3.18"><ele>384.8</ele></trkpt><trkpt lat="43.57261" lon="3.17974"><ele>383.8</ele></trkpt><trkpt lat="43.57235" lon="3.17925"><ele>382.7</ele></trkpt><trkpt lat="43.57242" lon="3.17878"><ele>380.8</ele></trkpt><trkpt lat="43.57224" lon="3.17818"><ele>378.5</ele></trkpt><trkpt lat="43.5721" lon="3.17877"><ele>385.1</ele></trkpt><trkpt lat="43.57187" lon="3.17913"><ele>387.6</ele></trkpt><trkpt lat="43.57128" lon="3.17946"><ele>385.9</ele></trkpt><trkpt lat="43.57077" lon="3.17956"><ele>381.8</ele></trkpt><trkpt lat="43.57009" lon="3.17981"><ele>372.8</ele></trkpt><trkpt lat="43.56971" lon="3.1798"><ele>368.1</ele></trkpt><trkpt lat="43.56951" lon="3.17986"><ele>364</ele></trkpt><trkpt lat="43.56884" lon="3.17977"><ele>359.1</ele></trkpt><trkpt lat="43.56759" lon="3.18036"><ele>343.5</ele></trkpt><trkpt lat="43.5676" lon="3.18049"><ele>341.7</ele></trkpt><trkpt lat="43.56868" lon="3.18081"><ele>341.7</ele></trkpt><trkpt lat="43.56794" lon="3.1812"><ele>339.3</ele></trkpt><trkpt lat="43.56749" lon="3.18169"><ele>336.1</ele></trkpt><trkpt lat="43.56712" lon="3.18218"><ele>333.1</ele></trkpt><trkpt lat="43.56691" lon="3.18201"><ele>329.5</ele></trkpt><trkpt lat="43.56664" lon="3.18204"><ele>326</ele></trkpt><trkpt lat="43.5665" lon="3.18182"><ele>324.5</ele></trkpt><trkpt lat="43.56629" lon="3.18118"><ele>319.3</ele></trkpt><trkpt lat="43.56619" lon="3.18095"><ele>317.1</ele></trkpt><trkpt lat="43.56601" lon="3.18073"><ele>314.8</ele></trkpt><trkpt lat="43.56582" lon="3.17994"><ele>309.1</ele></trkpt><trkpt lat="43.56487" lon="3.1795"><ele>301.5</ele></trkpt><trkpt lat="43.56447" lon="3.17958"><ele>297.3</ele></trkpt><trkpt lat="43.5639" lon="3.18057"><ele>294.2</ele></trkpt><trkpt lat="43.56362" lon="3.18065"><ele>296.9</ele></trkpt><trkpt lat="43.56309" lon="3.1805"><ele>296.6</ele></trkpt><trkpt lat="43.56209" lon="3.18156"><ele>297.2</ele></trkpt><trkpt lat="43.56128" lon="3.18194"><ele>291.6</ele></trkpt><trkpt lat="43.56177" lon="3.1841"><ele>286.7</ele></trkpt><trkpt lat="43.56245" lon="3.18498"><ele>281.8</ele></trkpt><trkpt lat="43.56281" lon="3.18672"><ele>278.3</ele></trkpt><trkpt lat="43.565" lon="3.19035"><ele>266</ele></trkpt><trkpt lat="43.56506" lon="3.19025"><ele>267.4</ele></trkpt><trkpt lat="43.56492" lon="3.1902"><ele>266.6</ele></trkpt><trkpt lat="43.56406" lon="3.18879"><ele>269.8</ele></trkpt><trkpt lat="43.56341" lon="3.18779"><ele>273.5</ele></trkpt><trkpt lat="43.56303" lon="3.18711"><ele>277.7</ele></trkpt><trkpt lat="43.56276" lon="3.18644"><ele>280</ele></trkpt><trkpt lat="43.5626" lon="3.18544"><ele>281.4</ele></trkpt><trkpt lat="43.56245" lon="3.18493"><ele>282.6</ele></trkpt><trkpt lat="43.56181" lon="3.18424"><ele>285.9</ele></trkpt><trkpt lat="43.56167" lon="3.18385"><ele>287.2</ele></trkpt><trkpt lat="43.56134" lon="3.18243"><ele>291.1</ele></trkpt><trkpt lat="43.56128" lon="3.18189"><ele>291.2</ele></trkpt><trkpt lat="43.56053" lon="3.18199"><ele>288</ele></trkpt><trkpt lat="43.56035" lon="3.18241"><ele>284.4</ele></trkpt><trkpt lat="43.5604" lon="3.18302"><ele>279.7</ele></trkpt><trkpt lat="43.5602" lon="3.18355"><ele>275.6</ele></trkpt><trkpt lat="43.55992" lon="3.18395"><ele>274.1</ele></trkpt><trkpt lat="43.55963" lon="3.18398"><ele>273.9</ele></trkpt><trkpt lat="43.55936" lon="3.18294"><ele>268.4</ele></trkpt><trkpt lat="43.5589" lon="3.18189"><ele>266.1</ele></trkpt><trkpt lat="43.55874" lon="3.18139"><ele>267.1</ele></trkpt><trkpt lat="43.55876" lon="3.18101"><ele>267.6</ele></trkpt><trkpt lat="43.55965" lon="3.1808"><ele>272</ele></trkpt><trkpt lat="43.56017" lon="3.18087"><ele>272.5</ele></trkpt><trkpt lat="43.56054" lon="3.18089"><ele>274.7</ele></trkpt><trkpt lat="43.56183" lon="3.18066"><ele>281.3</ele></trkpt><trkpt lat="43.56235" lon="3.18049"><ele>285.4</ele></trkpt><trkpt lat="43.5626" lon="3.18008"><ele>283.7</ele></trkpt><trkpt lat="43.56257" lon="3.17973"><ele>283.7</ele></trkpt><trkpt lat="43.56296" lon="3.17933"><ele>289.5</ele></trkpt><trkpt lat="43.56317" lon="3.17883"><ele>297.4</ele></trkpt><trkpt lat="43.5634" lon="3.17786"><ele>305.4</ele></trkpt><trkpt lat="43.56353" lon="3.17698"><ele>311.4</ele></trkpt><trkpt lat="43.5635" lon="3.17663"><ele>312.7</ele></trkpt><trkpt lat="43.56363" lon="3.17578"><ele>315.3</ele></trkpt><trkpt lat="43.56351" lon="3.17551"><ele>315</ele></trkpt><trkpt lat="43.56346" lon="3.17497"><ele>314.3</ele></trkpt><trkpt lat="43.56339" lon="3.17465"><ele>312.4</ele></trkpt><trkpt lat="43.56342" lon="3.1739"><ele>308</ele></trkpt><trkpt lat="43.56319" lon="3.17325"><ele>301.7</ele></trkpt><trkpt lat="43.56323" lon="3.17293"><ele>299.2</ele></trkpt><trkpt lat="43.56337" lon="3.17262"><ele>298.7</ele></trkpt><trkpt lat="43.56341" lon="3.17217"><ele>295.2</ele></trkpt><trkpt lat="43.56335" lon="3.17142"><ele>290.6</ele></trkpt><trkpt lat="43.56336" lon="3.17118"><ele>290.6</ele></trkpt><trkpt lat="43.56345" lon="3.17083"><ele>293.1</ele></trkpt><trkpt lat="43.56345" lon="3.17041"><ele>293.9</ele></trkpt><trkpt lat="43.5636" lon="3.16994"><ele>295</ele></trkpt><trkpt lat="43.56388" lon="3.16945"><ele>298.1</ele></trkpt><trkpt lat="43.56408" lon="3.16894"><ele>303</ele></trkpt><trkpt lat="43.56427" lon="3.16875"><ele>304.2</ele></trkpt><trkpt lat="43.56452" lon="3.16868"><ele>305</ele></trkpt><trkpt lat="43.56476" lon="3.16849"><ele>304.9</ele></trkpt><trkpt lat="43.56517" lon="3.16801"><ele>305.9</ele></trkpt><trkpt lat="43.56553" lon="3.16819"><ele>309.4</ele></trkpt><trkpt lat="43.56602" lon="3.16852"><ele>311.8</ele></trkpt><trkpt lat="43.5662" lon="3.16837"><ele>310</ele></trkpt><trkpt lat="43.56637" lon="3.16805"><ele>313</ele></trkpt><trkpt lat="43.5668" lon="3.16788"><ele>315.1</ele></trkpt><trkpt lat="43.56719" lon="3.16799"><ele>317.9</ele></trkpt><trkpt lat="43.56758" lon="3.16881"><ele>319.9</ele></trkpt><trkpt lat="43.56792" lon="3.16899"><ele>322</ele></trkpt><trkpt lat="43.56815" lon="3.16907"><ele>323.4</ele></trkpt><trkpt lat="43.56856" lon="3.16946"><ele>327</ele></trkpt><trkpt lat="43.56888" lon="3.16962"><ele>332.2</ele></trkpt><trkpt lat="43.56934" lon="3.16949"><ele>335.2</ele></trkpt><trkpt lat="43.57076" lon="3.17016"><ele>346.6</ele></trkpt><trkpt lat="43.57135" lon="3.17051"><ele>346.7</ele></trkpt><trkpt lat="43.57248" lon="3.1708"><ele>351</ele></trkpt><trkpt lat="43.57278" lon="3.17059"><ele>350.8</ele></trkpt><trkpt lat="43.57316" lon="3.17002"><ele>346.4</ele></trkpt><trkpt lat="43.57341" lon="3.1695"><ele>343.9</ele></trkpt><trkpt lat="43.57365" lon="3.16875"><ele>338.5</ele></trkpt><trkpt lat="43.5737" lon="3.1681"><ele>334.8</ele></trkpt><trkpt lat="43.57338" lon="3.1673"><ele>331.5</ele></trkpt><trkpt lat="43.57308" lon="3.16598"><ele>328.4</ele></trkpt><trkpt lat="43.57313" lon="3.16582"><ele>328.1</ele></trkpt><trkpt lat="43.5733" lon="3.16584"><ele>328</ele></trkpt><trkpt lat="43.57332" lon="3.16574"><ele>330.3</ele></trkpt><trkpt lat="43.57314" lon="3.16557"><ele>330.7</ele></trkpt><trkpt lat="43.57288" lon="3.16503"><ele>334.3</ele></trkpt><trkpt lat="43.57215" lon="3.16296"><ele>351.6</ele></trkpt><trkpt lat="43.57198" lon="3.16268"><ele>353.9</ele></trkpt><trkpt lat="43.57188" lon="3.16277"><ele>355.8</ele></trkpt><trkpt lat="43.57191" lon="3.16453"><ele>368</ele></trkpt><trkpt lat="43.5721" lon="3.16637"><ele>376.3</ele></trkpt><trkpt lat="43.57194" lon="3.16657"><ele>379.4</ele></trkpt><trkpt lat="43.57167" lon="3.16657"><ele>382.1</ele></trkpt><trkpt lat="43.57127" lon="3.16641"><ele>386.2</ele></trkpt><trkpt lat="43.57088" lon="3.166"><ele>390</ele></trkpt><trkpt lat="43.57075" lon="3.16571"><ele>391.7</ele></trkpt><trkpt lat="43.57077" lon="3.16521"><ele>394.5</ele></trkpt><trkpt lat="43.57098" lon="3.16459"><ele>399.9</ele></trkpt><trkpt lat="43.5711" lon="3.16408"><ele>400.7</ele></trkpt><trkpt lat="43.57107" lon="3.1634"><ele>404.3</ele></trkpt><trkpt lat="43.57088" lon="3.16231"><ele>413.2</ele></trkpt><trkpt lat="43.57077" lon="3.16123"><ele>423.3</ele></trkpt><trkpt lat="43.57057" lon="3.1605"><ele>431.8</ele></trkpt><trkpt lat="43.57053" lon="3.15973"><ele>432.6</ele></trkpt><trkpt lat="43.57012" lon="3.15907"><ele>448.2</ele></trkpt><trkpt lat="43.5701" lon="3.15879"><ele>450.2</ele></trkpt><trkpt lat="43.57055" lon="3.15833"><ele>446.2</ele></trkpt><trkpt lat="43.5705" lon="3.15821"><ele>449.1</ele></trkpt><trkpt lat="43.56996" lon="3.15868"><ele>458.2</ele></trkpt><trkpt lat="43.56987" lon="3.1589"><ele>460</ele></trkpt><trkpt lat="43.56989" lon="3.15941"><ele>462.7</ele></trkpt><trkpt lat="43.56996" lon="3.16012"><ele>465</ele></trkpt><trkpt lat="43.56975" lon="3.1603"><ele>467.1</ele></trkpt><trkpt lat="43.56946" lon="3.16036"><ele>468.1</ele></trkpt><trkpt lat="43.56921" lon="3.1601"><ele>471</ele></trkpt><trkpt lat="43.56912" lon="3.15953"><ele>475.5</ele></trkpt><trkpt lat="43.56862" lon="3.15913"><ele>473.5</ele></trkpt><trkpt lat="43.56855" lon="3.15833"><ele>475.8</ele></trkpt><trkpt lat="43.56828" lon="3.15781"><ele>467.7</ele></trkpt><trkpt lat="43.5683" lon="3.15729"><ele>466.7</ele></trkpt><trkpt lat="43.56847" lon="3.15658"><ele>465.5</ele></trkpt><trkpt lat="43.56871" lon="3.15625"><ele>462.9</ele></trkpt><trkpt lat="43.5693" lon="3.15592"><ele>460.4</ele></trkpt><trkpt lat="43.56958" lon="3.15545"><ele>455.9</ele></trkpt><trkpt lat="43.56971" lon="3.15492"><ele>453.1</ele></trkpt><trkpt lat="43.56953" lon="3.15429"><ele>448.2</ele></trkpt><trkpt lat="43.56913" lon="3.15362"><ele>441.7</ele></trkpt><trkpt lat="43.56904" lon="3.15319"><ele>440.2</ele></trkpt><trkpt lat="43.56903" lon="3.15232"><ele>436.1</ele></trkpt><trkpt lat="43.56911" lon="3.15162"><ele>435.9</ele></trkpt><trkpt lat="43.56894" lon="3.1512"><ele>436.4</ele></trkpt><trkpt lat="43.56862" lon="3.15107"><ele>433.6</ele></trkpt><trkpt lat="43.56842" lon="3.15078"><ele>433.6</ele></trkpt><trkpt lat="43.56862" lon="3.15021"><ele>440.3</ele></trkpt><trkpt lat="43.56873" lon="3.14975"><ele>443.9</ele></trkpt><trkpt lat="43.56858" lon="3.14897"><ele>442.2</ele></trkpt><trkpt lat="43.56881" lon="3.14783"><ele>450.2</ele></trkpt><trkpt lat="43.5688" lon="3.14702"><ele>452.6</ele></trkpt><trkpt lat="43.56868" lon="3.14636"><ele>455.6</ele></trkpt><trkpt lat="43.56845" lon="3.14596"><ele>458.3</ele></trkpt><trkpt lat="43.56799" lon="3.14558"><ele>463</ele></trkpt><trkpt lat="43.56745" lon="3.14539"><ele>461.9</ele></trkpt><trkpt lat="43.56689" lon="3.1453"><ele>466.8</ele></trkpt><trkpt lat="43.56664" lon="3.14547"><ele>468.7</ele></trkpt><trkpt lat="43.56641" lon="3.14595"><ele>470.4</ele></trkpt><trkpt lat="43.56652" lon="3.14655"><ele>470.9</ele></trkpt><trkpt lat="43.56659" lon="3.14719"><ele>471.3</ele></trkpt><trkpt lat="43.56646" lon="3.14767"><ele>472.8</ele></trkpt><trkpt lat="43.56618" lon="3.14787"><ele>473.6</ele></trkpt><trkpt lat="43.56597" lon="3.14764"><ele>472.4</ele></trkpt><trkpt lat="43.56569" lon="3.14707"><ele>473.4</ele></trkpt><trkpt lat="43.56547" lon="3.14646"><ele>480.2</ele></trkpt><trkpt lat="43.56508" lon="3.1465"><ele>480.9</ele></trkpt><trkpt lat="43.5647" lon="3.14661"><ele>481.7</ele></trkpt><trkpt lat="43.56439" lon="3.14675"><ele>481.3</ele></trkpt><trkpt lat="43.56367" lon="3.14772"><ele>480.3</ele></trkpt><trkpt lat="43.56359" lon="3.14818"><ele>480</ele></trkpt><trkpt lat="43.56367" lon="3.14862"><ele>472</ele></trkpt><trkpt lat="43.56381" lon="3.14907"><ele>463.1</ele></trkpt><trkpt lat="43.56363" lon="3.14969"><ele>466.5</ele></trkpt><trkpt lat="43.56345" lon="3.15047"><ele>462.8</ele></trkpt><trkpt lat="43.5632" lon="3.15093"><ele>461.4</ele></trkpt><trkpt lat="43.56285" lon="3.1511"><ele>458.5</ele></trkpt><trkpt lat="43.56217" lon="3.15105"><ele>455.5</ele></trkpt><trkpt lat="43.56184" lon="3.15115"><ele>455.2</ele></trkpt><trkpt lat="43.56094" lon="3.15215"><ele>441</ele></trkpt><trkpt lat="43.56061" lon="3.15245"><ele>436.2</ele></trkpt><trkpt lat="43.56013" lon="3.15254"><ele>431.9</ele></trkpt><trkpt lat="43.55957" lon="3.15247"><ele>427.3</ele></trkpt><trkpt lat="43.55926" lon="3.1522"><ele>426.5</ele></trkpt><trkpt lat="43.55907" lon="3.15186"><ele>423.9</ele></trkpt><trkpt lat="43.55894" lon="3.15155"><ele>421</ele></trkpt><trkpt lat="43.55886" lon="3.15143"><ele>418.6</ele></trkpt><trkpt lat="43.55855" lon="3.15124"><ele>412.6</ele></trkpt><trkpt lat="43.55848" lon="3.15055"><ele>410.2</ele></trkpt><trkpt lat="43.5576" lon="3.15101"><ele>399.8</ele></trkpt><trkpt lat="43.55716" lon="3.15139"><ele>393.5</ele></trkpt><trkpt lat="43.55679" lon="3.15161"><ele>388.2</ele></trkpt><trkpt lat="43.55622" lon="3.15135"><ele>380</ele></trkpt><trkpt lat="43.55567" lon="3.15038"><ele>366.8</ele></trkpt><trkpt lat="43.55553" lon="3.15018"><ele>363.3</ele></trkpt><trkpt lat="43.55543" lon="3.14974"><ele>361.8</ele></trkpt><trkpt lat="43.55532" lon="3.14979"><ele>357.7</ele></trkpt><trkpt lat="43.55529" lon="3.1509"><ele>350.2</ele></trkpt><trkpt lat="43.55533" lon="3.15109"><ele>351</ele></trkpt><trkpt lat="43.55524" lon="3.15118"><ele>351.1</ele></trkpt><trkpt lat="43.55503" lon="3.15108"><ele>349.2</ele></trkpt><trkpt lat="43.55484" lon="3.15074"><ele>344.8</ele></trkpt><trkpt lat="43.55459" lon="3.14999"><ele>328.7</ele></trkpt><trkpt lat="43.55448" lon="3.14989"><ele>329.2</ele></trkpt><trkpt lat="43.55417" lon="3.1499"><ele>328.2</ele></trkpt><trkpt lat="43.55388" lon="3.15004"><ele>326.6</ele></trkpt><trkpt lat="43.55352" lon="3.15042"><ele>322.9</ele></trkpt><trkpt lat="43.55302" lon="3.15104"><ele>316.7</ele></trkpt><trkpt lat="43.55282" lon="3.1512"><ele>314.2</ele></trkpt><trkpt lat="43.55257" lon="3.15129"><ele>312.1</ele></trkpt><trkpt lat="43.55242" lon="3.15129"><ele>311.4</ele></trkpt><trkpt lat="43.55221" lon="3.15139"><ele>308.1</ele></trkpt><trkpt lat="43.55179" lon="3.15175"><ele>308.8</ele></trkpt><trkpt lat="43.55149" lon="3.15214"><ele>307.2</ele></trkpt><trkpt lat="43.55126" lon="3.15231"><ele>307.3</ele></trkpt><trkpt lat="43.55104" lon="3.15229"><ele>308.9</ele></trkpt><trkpt lat="43.55093" lon="3.15212"><ele>310.5</ele></trkpt><trkpt lat="43.55092" lon="3.15185"><ele>312.6</ele></trkpt><trkpt lat="43.55084" lon="3.15184"><ele>312.1</ele></trkpt><trkpt lat="43.5509" lon="3.15129"><ele>314</ele></trkpt><trkpt lat="43.55101" lon="3.15116"><ele>315.5</ele></trkpt><trkpt lat="43.55115" lon="3.15087"><ele>318.2</ele></trkpt><trkpt lat="43.55116" lon="3.15034"><ele>316.8</ele></trkpt><trkpt lat="43.55158" lon="3.14932"><ele>322.7</ele></trkpt><trkpt lat="43.552" lon="3.1487"><ele>330.4</ele></trkpt><trkpt lat="43.55224" lon="3.14844"><ele>333.5</ele></trkpt><trkpt lat="43.55244" lon="3.14788"><ele>339.5</ele></trkpt><trkpt lat="43.55261" lon="3.14751"><ele>344.1</ele></trkpt><trkpt lat="43.5528" lon="3.14721"><ele>348.4</ele></trkpt><trkpt lat="43.55286" lon="3.1464"><ele>353.7</ele></trkpt><trkpt lat="43.5528" lon="3.1459"><ele>356.2</ele></trkpt><trkpt lat="43.55288" lon="3.14546"><ele>360.6</ele></trkpt><trkpt lat="43.55309" lon="3.14558"><ele>362.8</ele></trkpt><trkpt lat="43.55349" lon="3.14632"><ele>363.5</ele></trkpt><trkpt lat="43.55405" lon="3.14692"><ele>368.3</ele></trkpt><trkpt lat="43.55468" lon="3.14631"><ele>381.9</ele></trkpt><trkpt lat="43.55523" lon="3.14542"><ele>396.6</ele></trkpt><trkpt lat="43.55563" lon="3.14498"><ele>406.7</ele></trkpt><trkpt lat="43.556" lon="3.14469"><ele>413.6</ele></trkpt><trkpt lat="43.55636" lon="3.14445"><ele>416.5</ele></trkpt><trkpt lat="43.55686" lon="3.14393"><ele>424</ele></trkpt><trkpt lat="43.55738" lon="3.14352"><ele>427</ele></trkpt><trkpt lat="43.55789" lon="3.14305"><ele>434</ele></trkpt><trkpt lat="43.55847" lon="3.14239"><ele>447.4</ele></trkpt><trkpt lat="43.55894" lon="3.14205"><ele>455.1</ele></trkpt><trkpt lat="43.5593" lon="3.14223"><ele>453.7</ele></trkpt><trkpt lat="43.5597" lon="3.14194"><ele>468</ele></trkpt><trkpt lat="43.56049" lon="3.14101"><ele>490.5</ele></trkpt><trkpt lat="43.56109" lon="3.1404"><ele>501.3</ele></trkpt><trkpt lat="43.5617" lon="3.14003"><ele>508.4</ele></trkpt><trkpt lat="43.5621" lon="3.13926"><ele>509.6</ele></trkpt><trkpt lat="43.5624" lon="3.13913"><ele>509.9</ele></trkpt><trkpt lat="43.56277" lon="3.13927"><ele>513.4</ele></trkpt><trkpt lat="43.56311" lon="3.13922"><ele>511.9</ele></trkpt><trkpt lat="43.56479" lon="3.14028"><ele>517.5</ele></trkpt><trkpt lat="43.56514" lon="3.14039"><ele>516.8</ele></trkpt><trkpt lat="43.56544" lon="3.14015"><ele>513.3</ele></trkpt><trkpt lat="43.56568" lon="3.13961"><ele>509.6</ele></trkpt><trkpt lat="43.56581" lon="3.13906"><ele>508.4</ele></trkpt><trkpt lat="43.56593" lon="3.13833"><ele>510.4</ele></trkpt><trkpt lat="43.56609" lon="3.13791"><ele>510.4</ele></trkpt><trkpt lat="43.56644" lon="3.13754"><ele>510.3</ele></trkpt><trkpt lat="43.56663" lon="3.13714"><ele>509.8</ele></trkpt><trkpt lat="43.56663" lon="3.13673"><ele>508.6</ele></trkpt><trkpt lat="43.56672" lon="3.13634"><ele>507.4</ele></trkpt><trkpt lat="43.56652" lon="3.13569"><ele>514.4</ele></trkpt><trkpt lat="43.56627" lon="3.13417"><ele>526.5</ele></trkpt><trkpt lat="43.5663" lon="3.13366"><ele>526</ele></trkpt><trkpt lat="43.56656" lon="3.13289"><ele>532.9</ele></trkpt><trkpt lat="43.56653" lon="3.13207"><ele>536.9</ele></trkpt><trkpt lat="43.56648" lon="3.13154"><ele>538.5</ele></trkpt><trkpt lat="43.56658" lon="3.13112"><ele>543.6</ele></trkpt><trkpt lat="43.5669" lon="3.13101"><ele>548.8</ele></trkpt><trkpt lat="43.56683" lon="3.13076"><ele>549.2</ele></trkpt><trkpt lat="43.56649" lon="3.13031"><ele>551.7</ele></trkpt><trkpt lat="43.56635" lon="3.13006"><ele>552.5</ele></trkpt><trkpt lat="43.56606" lon="3.12988"><ele>552.5</ele></trkpt><trkpt lat="43.5646" lon="3.12924"><ele>552.8</ele></trkpt><trkpt lat="43.56394" lon="3.12861"><ele>551.5</ele></trkpt><trkpt lat="43.56352" lon="3.1283"><ele>548.7</ele></trkpt><trkpt lat="43.56291" lon="3.12846"><ele>532.9</ele></trkpt><trkpt lat="43.56246" lon="3.12815"><ele>529.7</ele></trkpt><trkpt lat="43.56197" lon="3.12786"><ele>530</ele></trkpt><trkpt lat="43.55912" lon="3.12862"><ele>508</ele></trkpt><trkpt lat="43.55836" lon="3.12865"><ele>509.7</ele></trkpt><trkpt lat="43.55771" lon="3.12856"><ele>501.9</ele></trkpt><trkpt lat="43.5574" lon="3.12782"><ele>497.5</ele></trkpt><trkpt lat="43.55718" lon="3.127"><ele>484.4</ele></trkpt><trkpt lat="43.55693" lon="3.12642"><ele>476.3</ele></trkpt><trkpt lat="43.55701" lon="3.12597"><ele>481.8</ele></trkpt><trkpt lat="43.55696" lon="3.1258"><ele>480.7</ele></trkpt><trkpt lat="43.55682" lon="3.12565"><ele>478.8</ele></trkpt><trkpt lat="43.55676" lon="3.12527"><ele>480.8</ele></trkpt><trkpt lat="43.55662" lon="3.12521"><ele>481.1</ele></trkpt><trkpt lat="43.55644" lon="3.12541"><ele>478.5</ele></trkpt><trkpt lat="43.55615" lon="3.12585"><ele>470</ele></trkpt><trkpt lat="43.55593" lon="3.12603"><ele>469.8</ele></trkpt><trkpt lat="43.55568" lon="3.12614"><ele>471</ele></trkpt><trkpt lat="43.55474" lon="3.12682"><ele>468.9</ele></trkpt><trkpt lat="43.55391" lon="3.12713"><ele>461.8</ele></trkpt><trkpt lat="43.55362" lon="3.12729"><ele>458.8</ele></trkpt><trkpt lat="43.55336" lon="3.12731"><ele>456.6</ele></trkpt><trkpt lat="43.55309" lon="3.12726"><ele>454.8</ele></trkpt><trkpt lat="43.5528" lon="3.12728"><ele>452.5</ele></trkpt><trkpt lat="43.55262" lon="3.12738"><ele>451.1</ele></trkpt><trkpt lat="43.55245" lon="3.12761"><ele>448.6</ele></trkpt><trkpt lat="43.55217" lon="3.1279"><ele>447.9</ele></trkpt><trkpt lat="43.55221" lon="3.128"><ele>446.6</ele></trkpt><trkpt lat="43.55266" lon="3.12791"><ele>443.5</ele></trkpt><trkpt lat="43.55248" lon="3.1282"><ele>440.2</ele></trkpt><trkpt lat="43.55235" lon="3.12834"><ele>440.6</ele></trkpt><trkpt lat="43.55224" lon="3.1288"><ele>436</ele></trkpt><trkpt lat="43.55198" lon="3.12923"><ele>432.5</ele></trkpt><trkpt lat="43.5518" lon="3.12946"><ele>430.8</ele></trkpt><trkpt lat="43.55169" lon="3.12973"><ele>426.7</ele></trkpt><trkpt lat="43.55134" lon="3.13002"><ele>424.8</ele></trkpt><trkpt lat="43.55169" lon="3.13019"><ele>419.2</ele></trkpt><trkpt lat="43.55162" lon="3.13027"><ele>418.6</ele></trkpt><trkpt lat="43.55141" lon="3.13024"><ele>421.2</ele></trkpt><trkpt lat="43.55123" lon="3.13047"><ele>417</ele></trkpt><trkpt lat="43.55098" lon="3.13069"><ele>413.1</ele></trkpt><trkpt lat="43.55075" lon="3.13084"><ele>410.1</ele></trkpt><trkpt lat="43.55121" lon="3.13086"><ele>406.7</ele></trkpt><trkpt lat="43.55145" lon="3.13081"><ele>407.2</ele></trkpt><trkpt lat="43.55157" lon="3.13107"><ele>402.8</ele></trkpt><trkpt lat="43.55186" lon="3.13142"><ele>400.3</ele></trkpt><trkpt lat="43.55194" lon="3.13157"><ele>399.3</ele></trkpt><trkpt lat="43.55175" lon="3.13154"><ele>397</ele></trkpt><trkpt lat="43.5515" lon="3.13143"><ele>393.7</ele></trkpt><trkpt lat="43.55128" lon="3.13145"><ele>391.5</ele></trkpt><trkpt lat="43.55087" lon="3.13166"><ele>385.5</ele></trkpt><trkpt lat="43.55037" lon="3.13178"><ele>381.7</ele></trkpt><trkpt lat="43.54949" lon="3.1319"><ele>372.6</ele></trkpt><trkpt lat="43.54803" lon="3.13189"><ele>358.9</ele></trkpt><trkpt lat="43.54746" lon="3.13165"><ele>354.5</ele></trkpt><trkpt lat="43.54662" lon="3.13099"><ele>345.6</ele></trkpt><trkpt lat="43.54622" lon="3.13071"><ele>341.6</ele></trkpt><trkpt lat="43.54582" lon="3.12993"><ele>338.6</ele></trkpt><trkpt lat="43.54569" lon="3.12973"><ele>337.8</ele></trkpt><trkpt lat="43.54552" lon="3.12954"><ele>335.5</ele></trkpt><trkpt lat="43.54535" lon="3.12915"><ele>334.6</ele></trkpt><trkpt lat="43.54477" lon="3.12813"><ele>327.4</ele></trkpt><trkpt lat="43.54442" lon="3.12758"><ele>320.7</ele></trkpt><trkpt lat="43.54433" lon="3.1275"><ele>319.5</ele></trkpt><trkpt lat="43.54416" lon="3.12722"><ele>317.9</ele></trkpt><trkpt lat="43.54408" lon="3.12723"><ele>316.4</ele></trkpt><trkpt lat="43.54397" lon="3.12731"><ele>313.8</ele></trkpt><trkpt lat="43.5439" lon="3.12729"><ele>312.7</ele></trkpt><trkpt lat="43.54385" lon="3.12707"><ele>310.9</ele></trkpt><trkpt lat="43.54386" lon="3.12679"><ele>309.2</ele></trkpt><trkpt lat="43.54418" lon="3.12623"><ele>308</ele></trkpt><trkpt lat="43.54438" lon="3.12537"><ele>304.2</ele></trkpt><trkpt lat="43.54449" lon="3.12527"><ele>305.2</ele></trkpt><trkpt lat="43.54458" lon="3.12532"><ele>305.9</ele></trkpt><trkpt lat="43.54444" lon="3.1254"><ele>305.4</ele></trkpt><trkpt lat="43.54447" lon="3.12523"><ele>305.1</ele></trkpt><trkpt lat="43.54427" lon="3.12493"><ele>303.3</ele></trkpt><trkpt lat="43.54412" lon="3.12473"><ele>304.6</ele></trkpt><trkpt lat="43.54371" lon="3.12434"><ele>310.5</ele></trkpt><trkpt lat="43.54354" lon="3.12444"><ele>310.8</ele></trkpt><trkpt lat="43.54308" lon="3.12487"><ele>313.2</ele></trkpt><trkpt lat="43.54283" lon="3.12503"><ele>312.9</ele></trkpt><trkpt lat="43.54241" lon="3.12434"><ele>313.5</ele></trkpt><trkpt lat="43.54281" lon="3.12384"><ele>316.7</ele></trkpt><trkpt lat="43.54295" lon="3.12342"><ele>320.7</ele></trkpt><trkpt lat="43.54297" lon="3.12238"><ele>328.3</ele></trkpt><trkpt lat="43.54306" lon="3.12202"><ele>330.4</ele></trkpt><trkpt lat="43.54306" lon="3.12165"><ele>331.9</ele></trkpt><trkpt lat="43.54316" lon="3.12031"><ele>337.8</ele></trkpt><trkpt lat="43.54314" lon="3.12002"><ele>339.2</ele></trkpt><trkpt lat="43.54307" lon="3.11973"><ele>341</ele></trkpt><trkpt lat="43.5431" lon="3.11947"><ele>344.6</ele></trkpt><trkpt lat="43.54289" lon="3.1185"><ele>348.8</ele></trkpt><trkpt lat="43.54276" lon="3.11814"><ele>343.5</ele></trkpt><trkpt lat="43.54228" lon="3.11779"><ele>333.9</ele></trkpt><trkpt lat="43.54157" lon="3.11792"><ele>327.9</ele></trkpt><trkpt lat="43.54137" lon="3.118"><ele>328.2</ele></trkpt><trkpt lat="43.54035" lon="3.11738"><ele>320.4</ele></trkpt><trkpt lat="43.54021" lon="3.11736"><ele>321.7</ele></trkpt><trkpt lat="43.54014" lon="3.11709"><ele>319.3</ele></trkpt><trkpt lat="43.53965" lon="3.11656"><ele>320.4</ele></trkpt><trkpt lat="43.53904" lon="3.11568"><ele>320.3</ele></trkpt><trkpt lat="43.53906" lon="3.1147"><ele>317.5</ele></trkpt><trkpt lat="43.53899" lon="3.11435"><ele>314.9</ele></trkpt><trkpt lat="43.5388" lon="3.11407"><ele>310.7</ele></trkpt><trkpt lat="43.53851" lon="3.11343"><ele>299.6</ele></trkpt><trkpt lat="43.53842" lon="3.11339"><ele>299.1</ele></trkpt><trkpt lat="43.53831" lon="3.11316"><ele>298.7</ele></trkpt><trkpt lat="43.53782" lon="3.11294"><ele>301.6</ele></trkpt><trkpt lat="43.53774" lon="3.11279"><ele>305.3</ele></trkpt><trkpt lat="43.53792" lon="3.11277"><ele>305.2</ele></trkpt><trkpt lat="43.5381" lon="3.11259"><ele>309.2</ele></trkpt><trkpt lat="43.53824" lon="3.11232"><ele>312.8</ele></trkpt><trkpt lat="43.53824" lon="3.11218"><ele>315.5</ele></trkpt><trkpt lat="43.53787" lon="3.11223"><ele>319.1</ele></trkpt><trkpt lat="43.53756" lon="3.112"><ele>327.9</ele></trkpt><trkpt lat="43.53744" lon="3.11199"><ele>330.1</ele></trkpt><trkpt lat="43.53744" lon="3.11158"><ele>337.3</ele></trkpt><trkpt lat="43.53739" lon="3.11133"><ele>338.8</ele></trkpt><trkpt lat="43.53714" lon="3.11137"><ele>337.6</ele></trkpt><trkpt lat="43.53715" lon="3.11129"><ele>337.3</ele></trkpt><trkpt lat="43.53735" lon="3.1111"><ele>338.9</ele></trkpt><trkpt lat="43.53739" lon="3.1106"><ele>344.2</ele></trkpt><trkpt lat="43.53761" lon="3.1103"><ele>350.9</ele></trkpt><trkpt lat="43.53782" lon="3.1099"><ele>355.5</ele></trkpt><trkpt lat="43.5384" lon="3.10814"><ele>367.7</ele></trkpt><trkpt lat="43.53845" lon="3.10785"><ele>370.9</ele></trkpt><trkpt lat="43.53809" lon="3.10741"><ele>374.4</ele></trkpt><trkpt lat="43.53793" lon="3.10726"><ele>375.8</ele></trkpt><trkpt lat="43.53784" lon="3.10713"><ele>376.4</ele></trkpt><trkpt lat="43.53786" lon="3.10696"><ele>378.1</ele></trkpt><trkpt lat="43.53801" lon="3.10687"><ele>379.8</ele></trkpt><trkpt lat="43.5383" lon="3.10689"><ele>382.4</ele></trkpt><trkpt lat="43.53855" lon="3.10715"><ele>381.9</ele></trkpt><trkpt lat="43.53858" lon="3.10688"><ele>381.4</ele></trkpt><trkpt lat="43.53875" lon="3.10637"><ele>376.1</ele></trkpt><trkpt lat="43.53895" lon="3.10598"><ele>370.4</ele></trkpt><trkpt lat="43.53913" lon="3.10529"><ele>358.5</ele></trkpt><trkpt lat="43.53908" lon="3.10497"><ele>352.6</ele></trkpt><trkpt lat="43.53894" lon="3.1047"><ele>347.2</ele></trkpt><trkpt lat="43.53884" lon="3.10407"><ele>343.2</ele></trkpt><trkpt lat="43.53891" lon="3.10374"><ele>339.5</ele></trkpt><trkpt lat="43.53842" lon="3.10387"><ele>329.9</ele></trkpt><trkpt lat="43.53833" lon="3.10382"><ele>326.4</ele></trkpt><trkpt lat="43.5382" lon="3.10352"><ele>321.6</ele></trkpt><trkpt lat="43.53826" lon="3.1033"><ele>320.1</ele></trkpt><trkpt lat="43.53855" lon="3.10299"><ele>317.8</ele></trkpt><trkpt lat="43.53872" lon="3.10292"><ele>316.2</ele></trkpt><trkpt lat="43.53902" lon="3.10289"><ele>314.4</ele></trkpt><trkpt lat="43.539" lon="3.10279"><ele>311.4</ele></trkpt><trkpt lat="43.53893" lon="3.10273"><ele>311</ele></trkpt><trkpt lat="43.53884" lon="3.10275"><ele>311.1</ele></trkpt><trkpt lat="43.53876" lon="3.10273"><ele>311.2</ele></trkpt><trkpt lat="43.53869" lon="3.10249"><ele>306.6</ele></trkpt><trkpt lat="43.53832" lon="3.10209"><ele>304</ele></trkpt><trkpt lat="43.5383" lon="3.10185"><ele>306</ele></trkpt><trkpt lat="43.53837" lon="3.10141"><ele>305.4</ele></trkpt><trkpt lat="43.53878" lon="3.10081"><ele>308.4</ele></trkpt><trkpt lat="43.53881" lon="3.10056"><ele>306.6</ele></trkpt><trkpt lat="43.53871" lon="3.10026"><ele>305.5</ele></trkpt><trkpt lat="43.53853" lon="3.09999"><ele>304.9</ele></trkpt><trkpt lat="43.53836" lon="3.09942"><ele>306</ele></trkpt><trkpt lat="43.53812" lon="3.09892"><ele>307.7</ele></trkpt><trkpt lat="43.53799" lon="3.09893"><ele>309.2</ele></trkpt><trkpt lat="43.53789" lon="3.0992"><ele>312.2</ele></trkpt><trkpt lat="43.53781" lon="3.09981"><ele>314.1</ele></trkpt><trkpt lat="43.5378" lon="3.10063"><ele>310.3</ele></trkpt><trkpt lat="43.53726" lon="3.10164"><ele>313.1</ele></trkpt><trkpt lat="43.53664" lon="3.10251"><ele>313.3</ele></trkpt><trkpt lat="43.53644" lon="3.10266"><ele>313.4</ele></trkpt><trkpt lat="43.53606" lon="3.10272"><ele>315.3</ele></trkpt><trkpt lat="43.53584" lon="3.1027"><ele>317.9</ele></trkpt><trkpt lat="43.53573" lon="3.10296"><ele>314.1</ele></trkpt><trkpt lat="43.53553" lon="3.10313"><ele>313.4</ele></trkpt><trkpt lat="43.53529" lon="3.10326"><ele>314.1</ele></trkpt><trkpt lat="43.53506" lon="3.10328"><ele>315.3</ele></trkpt><trkpt lat="43.53477" lon="3.10317"><ele>318.7</ele></trkpt><trkpt lat="43.53451" lon="3.10303"><ele>317.7</ele></trkpt><trkpt lat="43.53441" lon="3.10294"><ele>316.1</ele></trkpt><trkpt lat="43.53435" lon="3.10259"><ele>316.7</ele></trkpt><trkpt lat="43.53447" lon="3.10063"><ele>326.7</ele></trkpt><trkpt lat="43.53452" lon="3.10042"><ele>330</ele></trkpt><trkpt lat="43.53426" lon="3.10015"><ele>325.5</ele></trkpt><trkpt lat="43.5341" lon="3.09946"><ele>330.4</ele></trkpt><trkpt lat="43.53395" lon="3.09831"><ele>341</ele></trkpt><trkpt lat="43.53388" lon="3.09827"><ele>340.9</ele></trkpt><trkpt lat="43.53379" lon="3.09834"><ele>342.8</ele></trkpt><trkpt lat="43.53326" lon="3.09962"><ele>339.2</ele></trkpt><trkpt lat="43.53309" lon="3.09988"><ele>339.9</ele></trkpt><trkpt lat="43.53291" lon="3.10009"><ele>337.6</ele></trkpt><trkpt lat="43.53274" lon="3.1001"><ele>339.5</ele></trkpt><trkpt lat="43.53263" lon="3.10001"><ele>343</ele></trkpt><trkpt lat="43.53245" lon="3.1"><ele>347</ele></trkpt><trkpt lat="43.53243" lon="3.10027"><ele>345.3</ele></trkpt><trkpt lat="43.53253" lon="3.10146"><ele>346.9</ele></trkpt><trkpt lat="43.53245" lon="3.10207"><ele>348.7</ele></trkpt><trkpt lat="43.53219" lon="3.10285"><ele>350.7</ele></trkpt><trkpt lat="43.53203" lon="3.10309"><ele>349.8</ele></trkpt><trkpt lat="43.53183" lon="3.1033"><ele>347</ele></trkpt><trkpt lat="43.53169" lon="3.10323"><ele>346.9</ele></trkpt><trkpt lat="43.53161" lon="3.10307"><ele>345.8</ele></trkpt><trkpt lat="43.53154" lon="3.10271"><ele>349.3</ele></trkpt><trkpt lat="43.53122" lon="3.10209"><ele>350</ele></trkpt><trkpt lat="43.53112" lon="3.10182"><ele>350.2</ele></trkpt><trkpt lat="43.53088" lon="3.1008"><ele>352.4</ele></trkpt><trkpt lat="43.53052" lon="3.09985"><ele>356.9</ele></trkpt><trkpt lat="43.52984" lon="3.09888"><ele>355.3</ele></trkpt><trkpt lat="43.5298" lon="3.09875"><ele>355.3</ele></trkpt><trkpt lat="43.52994" lon="3.09812"><ele>363.5</ele></trkpt><trkpt lat="43.53003" lon="3.09783"><ele>367.2</ele></trkpt><trkpt lat="43.53001" lon="3.09739"><ele>369.5</ele></trkpt><trkpt lat="43.52988" lon="3.09705"><ele>367.1</ele></trkpt><trkpt lat="43.52975" lon="3.09645"><ele>372</ele></trkpt><trkpt lat="43.52971" lon="3.09593"><ele>375.8</ele></trkpt><trkpt lat="43.52926" lon="3.0966"><ele>370.9</ele></trkpt><trkpt lat="43.52918" lon="3.09666"><ele>370.1</ele></trkpt><trkpt lat="43.5291" lon="3.09663"><ele>370.7</ele></trkpt><trkpt lat="43.52894" lon="3.09642"><ele>372.9</ele></trkpt><trkpt lat="43.52879" lon="3.09595"><ele>379</ele></trkpt><trkpt lat="43.52875" lon="3.0959"><ele>379.6</ele></trkpt><trkpt lat="43.52867" lon="3.09598"><ele>379.9</ele></trkpt><trkpt lat="43.52865" lon="3.09636"><ele>379.1</ele></trkpt><trkpt lat="43.5286" lon="3.09666"><ele>376.3</ele></trkpt><trkpt lat="43.52848" lon="3.09696"><ele>374</ele></trkpt><trkpt lat="43.52833" lon="3.09718"><ele>372.8</ele></trkpt><trkpt lat="43.528" lon="3.0975"><ele>379.8</ele></trkpt><trkpt lat="43.52819" lon="3.09787"><ele>377.5</ele></trkpt><trkpt lat="43.52823" lon="3.09807"><ele>377.2</ele></trkpt><trkpt lat="43.52804" lon="3.09888"><ele>383.6</ele></trkpt><trkpt lat="43.52816" lon="3.09938"><ele>380.8</ele></trkpt><trkpt lat="43.52807" lon="3.09977"><ele>382.9</ele></trkpt><trkpt lat="43.5276" lon="3.10131"><ele>379.4</ele></trkpt><trkpt lat="43.52744" lon="3.10152"><ele>377.5</ele></trkpt><trkpt lat="43.52737" lon="3.10144"><ele>377.6</ele></trkpt><trkpt lat="43.52703" lon="3.10067"><ele>379.3</ele></trkpt><trkpt lat="43.52677" lon="3.10044"><ele>378.7</ele></trkpt><trkpt lat="43.52649" lon="3.10037"><ele>375.9</ele></trkpt><trkpt lat="43.52638" lon="3.10027"><ele>375.9</ele></trkpt><trkpt lat="43.52626" lon="3.10005"><ele>375</ele></trkpt><trkpt lat="43.52628" lon="3.09979"><ele>377.2</ele></trkpt><trkpt lat="43.52642" lon="3.09906"><ele>384.1</ele></trkpt><trkpt lat="43.52558" lon="3.0991"><ele>375.6</ele></trkpt><trkpt lat="43.52522" lon="3.09897"><ele>374.9</ele></trkpt><trkpt lat="43.52504" lon="3.09878"><ele>374.5</ele></trkpt><trkpt lat="43.52506" lon="3.09847"><ele>375.4</ele></trkpt><trkpt lat="43.52549" lon="3.09779"><ele>378.3</ele></trkpt><trkpt lat="43.52588" lon="3.09752"><ele>380.9</ele></trkpt><trkpt lat="43.52658" lon="3.09731"><ele>384.6</ele></trkpt><trkpt lat="43.52662" lon="3.09721"><ele>383.6</ele></trkpt><trkpt lat="43.52658" lon="3.09706"><ele>384</ele></trkpt><trkpt lat="43.5264" lon="3.09672"><ele>382.4</ele></trkpt><trkpt lat="43.52637" lon="3.09612"><ele>386.9</ele></trkpt><trkpt lat="43.5263" lon="3.09605"><ele>388.7</ele></trkpt><trkpt lat="43.52597" lon="3.09623"><ele>383.8</ele></trkpt><trkpt lat="43.52573" lon="3.09618"><ele>382.6</ele></trkpt><trkpt lat="43.52551" lon="3.09609"><ele>381.8</ele></trkpt><trkpt lat="43.52539" lon="3.09594"><ele>382.9</ele></trkpt><trkpt lat="43.52529" lon="3.09553"><ele>388.9</ele></trkpt><trkpt lat="43.52494" lon="3.09536"><ele>382.5</ele></trkpt><trkpt lat="43.52475" lon="3.09515"><ele>383</ele></trkpt><trkpt lat="43.52454" lon="3.09505"><ele>380.8</ele></trkpt><trkpt lat="43.5244" lon="3.09495"><ele>380.3</ele></trkpt><trkpt lat="43.52425" lon="3.09463"><ele>384.3</ele></trkpt><trkpt lat="43.52408" lon="3.09465"><ele>381.1</ele></trkpt><trkpt lat="43.52385" lon="3.09454"><ele>380.4</ele></trkpt><trkpt lat="43.52361" lon="3.09431"><ele>380.4</ele></trkpt><trkpt lat="43.52348" lon="3.09387"><ele>381.4</ele></trkpt><trkpt lat="43.52335" lon="3.09305"><ele>387.4</ele></trkpt><trkpt lat="43.52319" lon="3.09278"><ele>386.4</ele></trkpt><trkpt lat="43.52286" lon="3.09253"><ele>385.3</ele></trkpt><trkpt lat="43.52361" lon="3.09273"><ele>394.8</ele></trkpt><trkpt lat="43.52497" lon="3.09326"><ele>406.6</ele></trkpt><trkpt lat="43.52538" lon="3.09334"><ele>408.2</ele></trkpt><trkpt lat="43.52584" lon="3.09326"><ele>414.4</ele></trkpt><trkpt lat="43.52618" lon="3.09282"><ele>416.6</ele></trkpt><trkpt lat="43.52666" lon="3.09212"><ele>422.8</ele></trkpt><trkpt lat="43.52688" lon="3.09174"><ele>426.7</ele></trkpt><trkpt lat="43.52687" lon="3.09157"><ele>427.5</ele></trkpt><trkpt lat="43.52652" lon="3.09123"><ele>426.3</ele></trkpt><trkpt lat="43.52598" lon="3.09078"><ele>428.6</ele></trkpt><trkpt lat="43.52592" lon="3.09047"><ele>431.6</ele></trkpt><trkpt lat="43.52593" lon="3.09011"><ele>434.2</ele></trkpt><trkpt lat="43.52606" lon="3.0896"><ele>437.7</ele></trkpt><trkpt lat="43.52615" lon="3.08952"><ele>439.9</ele></trkpt><trkpt lat="43.52628" lon="3.08946"><ele>441.6</ele></trkpt><trkpt lat="43.52703" lon="3.08985"><ele>450.1</ele></trkpt><trkpt lat="43.5276" lon="3.08973"><ele>452.6</ele></trkpt><trkpt lat="43.52816" lon="3.08968"><ele>458.8</ele></trkpt><trkpt lat="43.52837" lon="3.08938"><ele>453.9</ele></trkpt><trkpt lat="43.52857" lon="3.08915"><ele>455.5</ele></trkpt><trkpt lat="43.52874" lon="3.08908"><ele>456.4</ele></trkpt><trkpt lat="43.52888" lon="3.08916"><ele>458.8</ele></trkpt><trkpt lat="43.52903" lon="3.0894"><ele>459.2</ele></trkpt><trkpt lat="43.52931" lon="3.09006"><ele>469.7</ele></trkpt><trkpt lat="43.52963" lon="3.0902"><ele>471.1</ele></trkpt><trkpt lat="43.52991" lon="3.09021"><ele>472.3</ele></trkpt><trkpt lat="43.53044" lon="3.09012"><ele>470.1</ele></trkpt><trkpt lat="43.53084" lon="3.09022"><ele>472.1</ele></trkpt><trkpt lat="43.53143" lon="3.09073"><ele>478</ele></trkpt><trkpt lat="43.53155" lon="3.09097"><ele>480.6</ele></trkpt><trkpt lat="43.53177" lon="3.09115"><ele>480.5</ele></trkpt><trkpt lat="43.53213" lon="3.09128"><ele>481.1</ele></trkpt><trkpt lat="43.53268" lon="3.09123"><ele>480.4</ele></trkpt><trkpt lat="43.53314" lon="3.09107"><ele>483.1</ele></trkpt><trkpt lat="43.53338" lon="3.09052"><ele>485.1</ele></trkpt><trkpt lat="43.53354" lon="3.08998"><ele>486.7</ele></trkpt><trkpt lat="43.53411" lon="3.0896"><ele>492</ele></trkpt><trkpt lat="43.53499" lon="3.08891"><ele>497.2</ele></trkpt><trkpt lat="43.53552" lon="3.08845"><ele>500.4</ele></trkpt><trkpt lat="43.53625" lon="3.08747"><ele>506.6</ele></trkpt><trkpt lat="43.53694" lon="3.08713"><ele>512.6</ele></trkpt><trkpt lat="43.53713" lon="3.08674"><ele>513.3</ele></trkpt><trkpt lat="43.53709" lon="3.0864"><ele>508.3</ele></trkpt><trkpt lat="43.53723" lon="3.08622"><ele>511.9</ele></trkpt><trkpt lat="43.53749" lon="3.08618"><ele>514.9</ele></trkpt><trkpt lat="43.53786" lon="3.08638"><ele>518.2</ele></trkpt><trkpt lat="43.5381" lon="3.0866"><ele>522</ele></trkpt><trkpt lat="43.53826" lon="3.08679"><ele>525.5</ele></trkpt><trkpt lat="43.53853" lon="3.0868"><ele>524.7</ele></trkpt><trkpt lat="43.53874" lon="3.08687"><ele>525.4</ele></trkpt><trkpt lat="43.53885" lon="3.08687"><ele>524.9</ele></trkpt><trkpt lat="43.53916" lon="3.08647"><ele>521.1</ele></trkpt><trkpt lat="43.53935" lon="3.08592"><ele>521.6</ele></trkpt><trkpt lat="43.53947" lon="3.08515"><ele>526</ele></trkpt><trkpt lat="43.53943" lon="3.08438"><ele>528.7</ele></trkpt><trkpt lat="43.53949" lon="3.08356"><ele>532.6</ele></trkpt><trkpt lat="43.53983" lon="3.08334"><ele>538.2</ele></trkpt><trkpt lat="43.54025" lon="3.08362"><ele>542.2</ele></trkpt><trkpt lat="43.54061" lon="3.08398"><ele>539.4</ele></trkpt><trkpt lat="43.54086" lon="3.08404"><ele>538.8</ele></trkpt><trkpt lat="43.54107" lon="3.08328"><ele>544.2</ele></trkpt><trkpt lat="43.54174" lon="3.08171"><ele>557.8</ele></trkpt><trkpt lat="43.54173" lon="3.08087"><ele>558.2</ele></trkpt><trkpt lat="43.54163" lon="3.08005"><ele>560.4</ele></trkpt><trkpt lat="43.54179" lon="3.07949"><ele>564</ele></trkpt><trkpt lat="43.54258" lon="3.0785"><ele>568</ele></trkpt><trkpt lat="43.54329" lon="3.07794"><ele>572.4</ele></trkpt><trkpt lat="43.54391" lon="3.07802"><ele>582.4</ele></trkpt><trkpt lat="43.54496" lon="3.07849"><ele>601.1</ele></trkpt><trkpt lat="43.54528" lon="3.07825"><ele>600.4</ele></trkpt><trkpt lat="43.54555" lon="3.07852"><ele>606.6</ele></trkpt><trkpt lat="43.5459" lon="3.07915"><ele>609.8</ele></trkpt><trkpt lat="43.54602" lon="3.07961"><ele>614.6</ele></trkpt><trkpt lat="43.54634" lon="3.07993"><ele>616.5</ele></trkpt><trkpt lat="43.54657" lon="3.08046"><ele>618.2</ele></trkpt><trkpt lat="43.54718" lon="3.08081"><ele>617</ele></trkpt><trkpt lat="43.54791" lon="3.08144"><ele>621.7</ele></trkpt><trkpt lat="43.5488" lon="3.08194"><ele>625.7</ele></trkpt><trkpt lat="43.54955" lon="3.08204"><ele>627.3</ele></trkpt><trkpt lat="43.55001" lon="3.08153"><ele>626.1</ele></trkpt><trkpt lat="43.5502" lon="3.08064"><ele>632.8</ele></trkpt><trkpt lat="43.55047" lon="3.08059"><ele>632.8</ele></trkpt><trkpt lat="43.55088" lon="3.08046"><ele>633.1</ele></trkpt><trkpt lat="43.55107" lon="3.0799"><ele>632.9</ele></trkpt><trkpt lat="43.55107" lon="3.0782"><ele>633.3</ele></trkpt><trkpt lat="43.55086" lon="3.07763"><ele>636</ele></trkpt><trkpt lat="43.55083" lon="3.07661"><ele>635.4</ele></trkpt><trkpt lat="43.55052" lon="3.07588"><ele>630.7</ele></trkpt><trkpt lat="43.55043" lon="3.07501"><ele>628</ele></trkpt><trkpt lat="43.54989" lon="3.07429"><ele>626.6</ele></trkpt><trkpt lat="43.54948" lon="3.07332"><ele>622.8</ele></trkpt><trkpt lat="43.54913" lon="3.07226"><ele>621.4</ele></trkpt><trkpt lat="43.54912" lon="3.0714"><ele>619.2</ele></trkpt><trkpt lat="43.54952" lon="3.07032"><ele>620.5</ele></trkpt><trkpt lat="43.54922" lon="3.06869"><ele>622.7</ele></trkpt><trkpt lat="43.54899" lon="3.06636"><ele>631.5</ele></trkpt><trkpt lat="43.54946" lon="3.06527"><ele>639</ele></trkpt><trkpt lat="43.5497" lon="3.0648"><ele>639.7</ele></trkpt><trkpt lat="43.54971" lon="3.06406"><ele>639.5</ele></trkpt><trkpt lat="43.54974" lon="3.06374"><ele>640.8</ele></trkpt><trkpt lat="43.55009" lon="3.06266"><ele>637.9</ele></trkpt><trkpt lat="43.55004" lon="3.06192"><ele>637.1</ele></trkpt><trkpt lat="43.54985" lon="3.06086"><ele>635.2</ele></trkpt><trkpt lat="43.54975" lon="3.06003"><ele>633.2</ele></trkpt><trkpt lat="43.54946" lon="3.05873"><ele>639.7</ele></trkpt><trkpt lat="43.54967" lon="3.05745"><ele>637.1</ele></trkpt><trkpt lat="43.54958" lon="3.05708"><ele>634.5</ele></trkpt><trkpt lat="43.54915" lon="3.05673"><ele>638.7</ele></trkpt><trkpt lat="43.54911" lon="3.05609"><ele>633.4</ele></trkpt><trkpt lat="43.54928" lon="3.05566"><ele>630.2</ele></trkpt><trkpt lat="43.54924" lon="3.05521"><ele>628.6</ele></trkpt><trkpt lat="43.54907" lon="3.05478"><ele>626.3</ele></trkpt><trkpt lat="43.5488" lon="3.05472"><ele>628.6</ele></trkpt><trkpt lat="43.54876" lon="3.05421"><ele>626.5</ele></trkpt><trkpt lat="43.54854" lon="3.05388"><ele>625.1</ele></trkpt><trkpt lat="43.54833" lon="3.05378"><ele>623.6</ele></trkpt><trkpt lat="43.54769" lon="3.05425"><ele>631</ele></trkpt><trkpt lat="43.54754" lon="3.05416"><ele>634.5</ele></trkpt><trkpt lat="43.54779" lon="3.05298"><ele>627.1</ele></trkpt><trkpt lat="43.54811" lon="3.05284"><ele>622.4</ele></trkpt><trkpt lat="43.5482" lon="3.05226"><ele>626.8</ele></trkpt><trkpt lat="43.54836" lon="3.0519"><ele>623.6</ele></trkpt><trkpt lat="43.54835" lon="3.05147"><ele>624.1</ele></trkpt><trkpt lat="43.54803" lon="3.05126"><ele>627.7</ele></trkpt><trkpt lat="43.54806" lon="3.05108"><ele>625.6</ele></trkpt><trkpt lat="43.54831" lon="3.05088"><ele>622.2</ele></trkpt><trkpt lat="43.54851" lon="3.05053"><ele>623.7</ele></trkpt><trkpt lat="43.54854" lon="3.04996"><ele>627.3</ele></trkpt><trkpt lat="43.54864" lon="3.04943"><ele>626.2</ele></trkpt><trkpt lat="43.54869" lon="3.04888"><ele>624.3</ele></trkpt><trkpt lat="43.54859" lon="3.04842"><ele>623.6</ele></trkpt><trkpt lat="43.54825" lon="3.04794"><ele>625.2</ele></trkpt><trkpt lat="43.54792" lon="3.04759"><ele>624.9</ele></trkpt><trkpt lat="43.54767" lon="3.04741"><ele>623.6</ele></trkpt><trkpt lat="43.54736" lon="3.04736"><ele>623.5</ele></trkpt><trkpt lat="43.54698" lon="3.04761"><ele>626.4</ele></trkpt><trkpt lat="43.54658" lon="3.04803"><ele>627.8</ele></trkpt><trkpt lat="43.54625" lon="3.04822"><ele>628.5</ele></trkpt><trkpt lat="43.54613" lon="3.04812"><ele>628.3</ele></trkpt><trkpt lat="43.54601" lon="3.04776"><ele>629.2</ele></trkpt><trkpt lat="43.54675" lon="3.04648"><ele>626.2</ele></trkpt><trkpt lat="43.54716" lon="3.04607"><ele>618.2</ele></trkpt><trkpt lat="43.54737" lon="3.04553"><ele>618.9</ele></trkpt><trkpt lat="43.54743" lon="3.04497"><ele>618.4</ele></trkpt><trkpt lat="43.54723" lon="3.04445"><ele>617.9</ele></trkpt><trkpt lat="43.54688" lon="3.0442"><ele>619.2</ele></trkpt><trkpt lat="43.54683" lon="3.04368"><ele>618.4</ele></trkpt><trkpt lat="43.54681" lon="3.04308"><ele>617</ele></trkpt><trkpt lat="43.54686" lon="3.04237"><ele>616</ele></trkpt><trkpt lat="43.54685" lon="3.04199"><ele>615.5</ele></trkpt><trkpt lat="43.54676" lon="3.04169"><ele>615.1</ele></trkpt><trkpt lat="43.54631" lon="3.04076"><ele>619.3</ele></trkpt><trkpt lat="43.54634" lon="3.04028"><ele>617.4</ele></trkpt><trkpt lat="43.54659" lon="3.03964"><ele>613.3</ele></trkpt><trkpt lat="43.54666" lon="3.03927"><ele>613</ele></trkpt><trkpt lat="43.54682" lon="3.039"><ele>613.6</ele></trkpt><trkpt lat="43.54666" lon="3.03878"><ele>614.2</ele></trkpt><trkpt lat="43.5465" lon="3.03862"><ele>615.3</ele></trkpt><trkpt lat="43.54643" lon="3.0383"><ele>619.1</ele></trkpt><trkpt lat="43.54599" lon="3.03805"><ele>619.1</ele></trkpt><trkpt lat="43.5457" lon="3.03748"><ele>618.1</ele></trkpt><trkpt lat="43.54548" lon="3.03689"><ele>617.7</ele></trkpt><trkpt lat="43.54541" lon="3.03627"><ele>620.3</ele></trkpt><trkpt lat="43.54545" lon="3.03569"><ele>621.1</ele></trkpt><trkpt lat="43.54451" lon="3.03549"><ele>619</ele></trkpt><trkpt lat="43.54357" lon="3.03541"><ele>618.2</ele></trkpt><trkpt lat="43.54334" lon="3.03528"><ele>617</ele></trkpt><trkpt lat="43.54308" lon="3.0348"><ele>612.4</ele></trkpt><trkpt lat="43.543" lon="3.03443"><ele>613.7</ele></trkpt><trkpt lat="43.54267" lon="3.03423"><ele>609</ele></trkpt><trkpt lat="43.54205" lon="3.03404"><ele>598.7</ele></trkpt><trkpt lat="43.54184" lon="3.03388"><ele>597.1</ele></trkpt><trkpt lat="43.54181" lon="3.03358"><ele>595.3</ele></trkpt><trkpt lat="43.5413" lon="3.03411"><ele>589</ele></trkpt><trkpt lat="43.54109" lon="3.03412"><ele>586.9</ele></trkpt><trkpt lat="43.54062" lon="3.0333"><ele>581</ele></trkpt><trkpt lat="43.54042" lon="3.03281"><ele>572.6</ele></trkpt><trkpt lat="43.53962" lon="3.03258"><ele>563.3</ele></trkpt><trkpt lat="43.53934" lon="3.03275"><ele>560.1</ele></trkpt><trkpt lat="43.539" lon="3.03333"><ele>552.4</ele></trkpt><trkpt lat="43.5388" lon="3.03415"><ele>549.4</ele></trkpt><trkpt lat="43.5386" lon="3.03475"><ele>546.9</ele></trkpt><trkpt lat="43.53831" lon="3.03549"><ele>544.6</ele></trkpt><trkpt lat="43.53826" lon="3.03534"><ele>539.6</ele></trkpt><trkpt lat="43.53836" lon="3.03474"><ele>534.6</ele></trkpt><trkpt lat="43.53835" lon="3.03419"><ele>528.9</ele></trkpt><trkpt lat="43.53828" lon="3.0336"><ele>527.7</ele></trkpt><trkpt lat="43.53809" lon="3.03352"><ele>524.3</ele></trkpt><trkpt lat="43.53732" lon="3.03372"><ele>513.5</ele></trkpt><trkpt lat="43.53637" lon="3.03386"><ele>507</ele></trkpt><trkpt lat="43.53624" lon="3.03385"><ele>505.2</ele></trkpt><trkpt lat="43.53616" lon="3.03375"><ele>504.8</ele></trkpt><trkpt lat="43.53605" lon="3.03352"><ele>503.1</ele></trkpt><trkpt lat="43.53606" lon="3.03322"><ele>501.3</ele></trkpt><trkpt lat="43.53582" lon="3.03335"><ele>498</ele></trkpt><trkpt lat="43.53551" lon="3.03337"><ele>495.6</ele></trkpt><trkpt lat="43.53495" lon="3.03322"><ele>492.8</ele></trkpt><trkpt lat="43.53458" lon="3.03347"><ele>491.3</ele></trkpt><trkpt lat="43.53426" lon="3.03374"><ele>483.3</ele></trkpt><trkpt lat="43.5337" lon="3.03393"><ele>472.6</ele></trkpt><trkpt lat="43.53329" lon="3.03389"><ele>470.8</ele></trkpt><trkpt lat="43.53284" lon="3.03394"><ele>467.6</ele></trkpt><trkpt lat="43.5325" lon="3.03414"><ele>461.2</ele></trkpt><trkpt lat="43.53222" lon="3.03423"><ele>457.5</ele></trkpt><trkpt lat="43.53209" lon="3.03432"><ele>453.4</ele></trkpt><trkpt lat="43.53187" lon="3.03436"><ele>450.1</ele></trkpt><trkpt lat="43.53128" lon="3.03433"><ele>446.4</ele></trkpt><trkpt lat="43.53103" lon="3.03439"><ele>446</ele></trkpt><trkpt lat="43.53052" lon="3.03461"><ele>445.4</ele></trkpt><trkpt lat="43.53005" lon="3.03472"><ele>437.8</ele></trkpt><trkpt lat="43.52984" lon="3.03467"><ele>434.8</ele></trkpt><trkpt lat="43.52959" lon="3.03449"><ele>430.1</ele></trkpt><trkpt lat="43.52946" lon="3.03392"><ele>428.9</ele></trkpt><trkpt lat="43.52936" lon="3.03318"><ele>428.8</ele></trkpt><trkpt lat="43.52899" lon="3.03337"><ele>419.3</ele></trkpt><trkpt lat="43.52861" lon="3.03375"><ele>409.5</ele></trkpt><trkpt lat="43.52801" lon="3.03411"><ele>401.9</ele></trkpt><trkpt lat="43.52778" lon="3.03407"><ele>402.5</ele></trkpt><trkpt lat="43.52763" lon="3.03416"><ele>397.6</ele></trkpt><trkpt lat="43.52741" lon="3.03414"><ele>395.1</ele></trkpt><trkpt lat="43.52678" lon="3.03397"><ele>385</ele></trkpt><trkpt lat="43.52618" lon="3.03321"><ele>388.7</ele></trkpt><trkpt lat="43.52631" lon="3.03351"><ele>380.9</ele></trkpt><trkpt lat="43.52643" lon="3.03403"><ele>369.8</ele></trkpt><trkpt lat="43.52669" lon="3.03442"><ele>371.5</ele></trkpt><trkpt lat="43.52679" lon="3.03485"><ele>364.8</ele></trkpt><trkpt lat="43.5271" lon="3.03532"><ele>364.9</ele></trkpt><trkpt lat="43.52735" lon="3.03554"><ele>363.5</ele></trkpt><trkpt lat="43.52757" lon="3.03549"><ele>359.8</ele></trkpt><trkpt lat="43.52788" lon="3.03549"><ele>355</ele></trkpt><trkpt lat="43.52819" lon="3.03536"><ele>360.6</ele></trkpt><trkpt lat="43.52832" lon="3.03614"><ele>343.3</ele></trkpt><trkpt lat="43.52857" lon="3.03631"><ele>341.8</ele></trkpt><trkpt lat="43.52894" lon="3.03636"><ele>345.9</ele></trkpt><trkpt lat="43.52922" lon="3.03677"><ele>337.2</ele></trkpt><trkpt lat="43.52958" lon="3.03706"><ele>332.7</ele></trkpt><trkpt lat="43.53069" lon="3.03748"><ele>327.3</ele></trkpt><trkpt lat="43.53116" lon="3.03771"><ele>326</ele></trkpt><trkpt lat="43.53124" lon="3.03781"><ele>324.3</ele></trkpt><trkpt lat="43.53121" lon="3.03797"><ele>327.9</ele></trkpt><trkpt lat="43.53081" lon="3.03802"><ele>326.3</ele></trkpt><trkpt lat="43.53038" lon="3.03793"><ele>321.1</ele></trkpt><trkpt lat="43.52997" lon="3.0381"><ele>320</ele></trkpt><trkpt lat="43.52978" lon="3.03809"><ele>317</ele></trkpt><trkpt lat="43.52957" lon="3.03818"><ele>318.9</ele></trkpt><trkpt lat="43.52923" lon="3.03815"><ele>318.1</ele></trkpt><trkpt lat="43.52869" lon="3.03786"><ele>311.3</ele></trkpt><trkpt lat="43.52816" lon="3.03786"><ele>305.3</ele></trkpt><trkpt lat="43.52777" lon="3.03806"><ele>307.1</ele></trkpt><trkpt lat="43.52719" lon="3.03806"><ele>300.3</ele></trkpt><trkpt lat="43.5264" lon="3.03785"><ele>292.1</ele></trkpt><trkpt lat="43.52599" lon="3.03783"><ele>283.5</ele></trkpt><trkpt lat="43.52551" lon="3.03807"><ele>278.1</ele></trkpt><trkpt lat="43.52498" lon="3.03827"><ele>272</ele></trkpt><trkpt lat="43.52443" lon="3.03858"><ele>263.8</ele></trkpt><trkpt lat="43.52411" lon="3.03882"><ele>255.2</ele></trkpt><trkpt lat="43.52401" lon="3.03908"><ele>252.7</ele></trkpt><trkpt lat="43.52408" lon="3.03871"><ele>251.1</ele></trkpt><trkpt lat="43.52413" lon="3.03858"><ele>250.7</ele></trkpt><trkpt lat="43.52433" lon="3.03839"><ele>251.5</ele></trkpt><trkpt lat="43.5243" lon="3.03832"><ele>248.3</ele></trkpt><trkpt lat="43.52403" lon="3.03849"><ele>246</ele></trkpt><trkpt lat="43.52388" lon="3.03864"><ele>241.1</ele></trkpt><trkpt lat="43.52382" lon="3.03897"><ele>241.1</ele></trkpt><trkpt lat="43.52377" lon="3.03894"><ele>240.6</ele></trkpt><trkpt lat="43.52371" lon="3.03882"><ele>241.9</ele></trkpt><trkpt lat="43.52366" lon="3.03882"><ele>242.3</ele></trkpt><trkpt lat="43.52357" lon="3.03914"><ele>235.4</ele></trkpt><trkpt lat="43.52314" lon="3.03922"><ele>235.9</ele></trkpt><trkpt lat="43.52291" lon="3.03935"><ele>230.6</ele></trkpt><trkpt lat="43.52243" lon="3.03918"><ele>228.8</ele></trkpt><trkpt lat="43.5222" lon="3.03915"><ele>227.4</ele></trkpt><trkpt lat="43.52195" lon="3.03907"><ele>224.9</ele></trkpt><trkpt lat="43.52188" lon="3.03897"><ele>224.8</ele></trkpt><trkpt lat="43.52181" lon="3.03893"><ele>222.7</ele></trkpt><trkpt lat="43.52164" lon="3.03819"><ele>224.5</ele></trkpt><trkpt lat="43.52142" lon="3.03799"><ele>220.4</ele></trkpt><trkpt lat="43.52126" lon="3.03789"><ele>220.8</ele></trkpt><trkpt lat="43.52081" lon="3.03808"><ele>208.5</ele></trkpt><trkpt lat="43.52073" lon="3.03804"><ele>207</ele></trkpt><trkpt lat="43.52067" lon="3.03794"><ele>207.2</ele></trkpt><trkpt lat="43.52062" lon="3.03758"><ele>213.9</ele></trkpt><trkpt lat="43.52046" lon="3.03741"><ele>214</ele></trkpt><trkpt lat="43.52033" lon="3.03733"><ele>212.3</ele></trkpt><trkpt lat="43.52037" lon="3.03745"><ele>209.7</ele></trkpt><trkpt lat="43.52052" lon="3.03761"><ele>210</ele></trkpt><trkpt lat="43.52034" lon="3.03775"><ele>204.7</ele></trkpt><trkpt lat="43.52003" lon="3.03791"><ele>206.5</ele></trkpt><trkpt lat="43.51995" lon="3.03788"><ele>207.7</ele></trkpt><trkpt lat="43.51978" lon="3.03765"><ele>207.1</ele></trkpt><trkpt lat="43.51951" lon="3.03747"><ele>207.8</ele></trkpt><trkpt lat="43.51917" lon="3.03713"><ele>209.2</ele></trkpt><trkpt lat="43.51861" lon="3.03615"><ele>214.9</ele></trkpt><trkpt lat="43.51839" lon="3.03589"><ele>208.8</ele></trkpt><trkpt lat="43.51764" lon="3.03569"><ele>209.5</ele></trkpt><trkpt lat="43.51744" lon="3.03553"><ele>206</ele></trkpt><trkpt lat="43.51724" lon="3.03529"><ele>200.2</ele></trkpt><trkpt lat="43.51681" lon="3.03552"><ele>207.5</ele></trkpt><trkpt lat="43.51658" lon="3.03548"><ele>200.9</ele></trkpt><trkpt lat="43.51643" lon="3.0353"><ele>188.2</ele></trkpt><trkpt lat="43.51624" lon="3.035"><ele>182.3</ele></trkpt><trkpt lat="43.5162" lon="3.0351"><ele>182.4</ele></trkpt><trkpt lat="43.51619" lon="3.03573"><ele>191.6</ele></trkpt><trkpt lat="43.5161" lon="3.03579"><ele>190.6</ele></trkpt><trkpt lat="43.51603" lon="3.03577"><ele>193.5</ele></trkpt><trkpt lat="43.51584" lon="3.03545"><ele>192</ele></trkpt><trkpt lat="43.51567" lon="3.03535"><ele>193.3</ele></trkpt><trkpt lat="43.51521" lon="3.03519"><ele>199</ele></trkpt><trkpt lat="43.51503" lon="3.03496"><ele>198.5</ele></trkpt><trkpt lat="43.51466" lon="3.03432"><ele>191.1</ele></trkpt><trkpt lat="43.51369" lon="3.03451"><ele>195.1</ele></trkpt><trkpt lat="43.5134" lon="3.03453"><ele>197.1</ele></trkpt><trkpt lat="43.51324" lon="3.03446"><ele>197.8</ele></trkpt><trkpt lat="43.51307" lon="3.03418"><ele>195.6</ele></trkpt><trkpt lat="43.51304" lon="3.03398"><ele>194.7</ele></trkpt><trkpt lat="43.51309" lon="3.03346"><ele>186</ele></trkpt><trkpt lat="43.51301" lon="3.03334"><ele>188.4</ele></trkpt><trkpt lat="43.51263" lon="3.03343"><ele>187.2</ele></trkpt><trkpt lat="43.51249" lon="3.03342"><ele>186.3</ele></trkpt><trkpt lat="43.51248" lon="3.03301"><ele>182.9</ele></trkpt><trkpt lat="43.51263" lon="3.03219"><ele>174.6</ele></trkpt><trkpt lat="43.51278" lon="3.03162"><ele>170.8</ele></trkpt><trkpt lat="43.51282" lon="3.03134"><ele>167.5</ele></trkpt><trkpt lat="43.51278" lon="3.03122"><ele>167.8</ele></trkpt><trkpt lat="43.51266" lon="3.03112"><ele>166.2</ele></trkpt><trkpt lat="43.512" lon="3.03099"><ele>162</ele></trkpt><trkpt lat="43.51155" lon="3.03065"><ele>156.5</ele></trkpt><trkpt lat="43.51131" lon="3.03025"><ele>150.1</ele></trkpt><trkpt lat="43.51119" lon="3.03011"><ele>148.2</ele></trkpt><trkpt lat="43.51069" lon="3.03053"><ele>146.7</ele></trkpt><trkpt lat="43.51045" lon="3.03068"><ele>146.7</ele></trkpt><trkpt lat="43.5102" lon="3.03057"><ele>142</ele></trkpt><trkpt lat="43.50906" lon="3.02963"><ele>134.6</ele></trkpt><trkpt lat="43.5083" lon="3.02929"><ele>127.8</ele></trkpt><trkpt lat="43.50781" lon="3.02961"><ele>125.4</ele></trkpt><trkpt lat="43.50765" lon="3.02975"><ele>122.8</ele></trkpt><trkpt lat="43.50748" lon="3.02995"><ele>120.1</ele></trkpt><trkpt lat="43.50735" lon="3.03021"><ele>118.1</ele></trkpt><trkpt lat="43.5071" lon="3.03091"><ele>116.5</ele></trkpt><trkpt lat="43.50629" lon="3.0319"><ele>111.3</ele></trkpt><trkpt lat="43.50552" lon="3.03207"><ele>111.8</ele></trkpt><trkpt lat="43.5053" lon="3.03201"><ele>111.2</ele></trkpt><trkpt lat="43.50487" lon="3.03203"><ele>107.8</ele></trkpt><trkpt lat="43.5045" lon="3.03215"><ele>105.1</ele></trkpt><trkpt lat="43.50423" lon="3.03232"><ele>104.9</ele></trkpt><trkpt lat="43.50382" lon="3.03219"><ele>98.9</ele></trkpt><trkpt lat="43.5032" lon="3.03239"><ele>98.3</ele></trkpt><trkpt lat="43.50293" lon="3.0324"><ele>99.8</ele></trkpt><trkpt lat="43.5028" lon="3.03226"><ele>93.5</ele></trkpt><trkpt lat="43.50267" lon="3.03172"><ele>98.5</ele></trkpt><trkpt lat="43.50233" lon="3.03131"><ele>94.6</ele></trkpt><trkpt lat="43.50198" lon="3.03094"><ele>98.2</ele></trkpt><trkpt lat="43.50159" lon="3.03105"><ele>93.7</ele></trkpt><trkpt lat="43.50119" lon="3.03125"><ele>95.9</ele></trkpt><trkpt lat="43.50058" lon="3.03194"><ele>91.3</ele></trkpt><trkpt lat="43.50043" lon="3.03192"><ele>90.4</ele></trkpt><trkpt lat="43.50017" lon="3.03168"><ele>91.9</ele></trkpt><trkpt lat="43.50004" lon="3.03165"><ele>89.5</ele></trkpt><trkpt lat="43.49985" lon="3.0315"><ele>86.3</ele></trkpt><trkpt lat="43.49984" lon="3.03134"><ele>87.6</ele></trkpt><trkpt lat="43.49992" lon="3.03105"><ele>89.6</ele></trkpt><trkpt lat="43.50034" lon="3.03017"><ele>90.8</ele></trkpt><trkpt lat="43.50043" lon="3.02983"><ele>90.7</ele></trkpt><trkpt lat="43.50051" lon="3.02912"><ele>90.2</ele></trkpt><trkpt lat="43.50047" lon="3.02766"><ele>87.3</ele></trkpt><trkpt lat="43.50053" lon="3.02769"><ele>87.8</ele></trkpt><trkpt lat="43.50055" lon="3.02781"><ele>88.1</ele></trkpt><trkpt lat="43.50052" lon="3.0277"><ele>87.8</ele></trkpt><trkpt lat="43.49978" lon="3.02807"><ele>79</ele></trkpt><trkpt lat="43.49899" lon="3.02851"><ele>77</ele></trkpt><trkpt lat="43.49872" lon="3.02858"><ele>84</ele></trkpt><trkpt lat="43.49799" lon="3.02608"><ele>88.5</ele></trkpt><trkpt lat="43.4978" lon="3.02522"><ele>86.9</ele></trkpt><trkpt lat="43.49704" lon="3.02244"><ele>91.3</ele></trkpt><trkpt lat="43.49703" lon="3.02137"><ele>91.1</ele></trkpt><trkpt lat="43.49708" lon="3.02005"><ele>87.6</ele></trkpt><trkpt lat="43.49712" lon="3.01716"><ele>81.6</ele></trkpt><trkpt lat="43.49716" lon="3.01649"><ele>87.8</ele></trkpt><trkpt lat="43.4975" lon="3.01552"><ele>89.3</ele></trkpt><trkpt lat="43.49763" lon="3.01458"><ele>90.2</ele></trkpt><trkpt lat="43.49745" lon="3.01402"><ele>93.2</ele></trkpt><trkpt lat="43.49753" lon="3.01331"><ele>91</ele></trkpt><trkpt lat="43.49783" lon="3.01288"><ele>87.5</ele></trkpt><trkpt lat="43.49793" lon="3.01212"><ele>89.4</ele></trkpt><trkpt lat="43.49829" lon="3.01125"><ele>89.2</ele></trkpt><trkpt lat="43.49863" lon="3.01081"><ele>88.1</ele></trkpt><trkpt lat="43.49895" lon="3.00994"><ele>88.8</ele></trkpt><trkpt lat="43.49971" lon="3.00908"><ele>87.6</ele></trkpt><trkpt lat="43.49994" lon="3.00745"><ele>90.1</ele></trkpt><trkpt lat="43.50025" lon="3.00669"><ele>88.6</ele></trkpt><trkpt lat="43.50059" lon="3.00618"><ele>86.3</ele></trkpt><trkpt lat="43.50064" lon="3.00574"><ele>86</ele></trkpt><trkpt lat="43.50031" lon="3.00496"><ele>89.6</ele></trkpt><trkpt lat="43.49974" lon="3.00419"><ele>86.9</ele></trkpt><trkpt lat="43.49917" lon="3.00409"><ele>89.2</ele></trkpt><trkpt lat="43.49857" lon="3.00415"><ele>93.6</ele></trkpt><trkpt lat="43.49838" lon="3.00398"><ele>95.3</ele></trkpt><trkpt lat="43.49813" lon="3.00322"><ele>95.2</ele></trkpt><trkpt lat="43.4979" lon="3.00289"><ele>98.1</ele></trkpt><trkpt lat="43.49788" lon="3.00225"><ele>94.7</ele></trkpt><trkpt lat="43.49765" lon="3.00143"><ele>98.3</ele></trkpt><trkpt lat="43.49762" lon="3.00064"><ele>98.2</ele></trkpt><trkpt lat="43.49768" lon="3.00031"><ele>99.6</ele></trkpt><trkpt lat="43.4984" lon="2.99975"><ele>99.7</ele></trkpt><trkpt lat="43.49837" lon="2.99902"><ele>105.7</ele></trkpt><trkpt lat="43.49856" lon="2.99841"><ele>106.4</ele></trkpt><trkpt lat="43.49889" lon="2.99781"><ele>107.5</ele></trkpt><trkpt lat="43.49883" lon="2.99765"><ele>108.5</ele></trkpt><trkpt lat="43.49854" lon="2.99735"><ele>113.9</ele></trkpt><trkpt lat="43.49861" lon="2.99692"><ele>116.4</ele></trkpt><trkpt lat="43.49883" lon="2.99686"><ele>115.2</ele></trkpt><trkpt lat="43.49906" lon="2.99645"><ele>119.5</ele></trkpt><trkpt lat="43.49939" lon="2.99649"><ele>118.6</ele></trkpt><trkpt lat="43.49954" lon="2.99638"><ele>120.2</ele></trkpt><trkpt lat="43.49969" lon="2.99613"><ele>124.9</ele></trkpt><trkpt lat="43.49988" lon="2.99605"><ele>123</ele></trkpt><trkpt lat="43.5001" lon="2.99588"><ele>124.5</ele></trkpt><trkpt lat="43.50047" lon="2.9952"><ele>125.6</ele></trkpt><trkpt lat="43.50056" lon="2.99485"><ele>126.4</ele></trkpt><trkpt lat="43.50058" lon="2.99452"><ele>128</ele></trkpt><trkpt lat="43.50065" lon="2.99426"><ele>131.3</ele></trkpt><trkpt lat="43.50083" lon="2.9941"><ele>132</ele></trkpt><trkpt lat="43.50105" lon="2.99384"><ele>132.7</ele></trkpt><trkpt lat="43.50119" lon="2.9934"><ele>136.5</ele></trkpt><trkpt lat="43.50151" lon="2.9932"><ele>136.6</ele></trkpt><trkpt lat="43.50167" lon="2.99304"><ele>137</ele></trkpt><trkpt lat="43.50122" lon="2.9925"><ele>144</ele></trkpt><trkpt lat="43.50126" lon="2.99213"><ele>145</ele></trkpt><trkpt lat="43.50135" lon="2.99193"><ele>143.5</ele></trkpt><trkpt lat="43.50131" lon="2.99163"><ele>147.8</ele></trkpt><trkpt lat="43.50154" lon="2.9913"><ele>146.9</ele></trkpt><trkpt lat="43.50165" lon="2.99089"><ele>152.6</ele></trkpt><trkpt lat="43.50157" lon="2.99081"><ele>156.2</ele></trkpt><trkpt lat="43.50128" lon="2.99127"><ele>158.4</ele></trkpt><trkpt lat="43.50101" lon="2.99152"><ele>163.6</ele></trkpt><trkpt lat="43.50117" lon="2.99077"><ele>171.9</ele></trkpt><trkpt lat="43.50092" lon="2.9899"><ele>183.2</ele></trkpt><trkpt lat="43.50079" lon="2.9896"><ele>187.9</ele></trkpt><trkpt lat="43.50104" lon="2.98951"><ele>186.3</ele></trkpt><trkpt lat="43.50139" lon="2.98902"><ele>194.6</ele></trkpt><trkpt lat="43.50156" lon="2.98894"><ele>195.5</ele></trkpt><trkpt lat="43.50152" lon="2.98832"><ele>199.8</ele></trkpt><trkpt lat="43.50161" lon="2.98761"><ele>207.1</ele></trkpt><trkpt lat="43.50186" lon="2.98713"><ele>210.8</ele></trkpt><trkpt lat="43.50239" lon="2.9869"><ele>204.8</ele></trkpt><trkpt lat="43.50234" lon="2.98632"><ele>207.2</ele></trkpt><trkpt lat="43.50235" lon="2.98591"><ele>206.8</ele></trkpt><trkpt lat="43.50194" lon="2.98538"><ele>204.5</ele></trkpt><trkpt lat="43.5017" lon="2.98535"><ele>207.7</ele></trkpt><trkpt lat="43.50155" lon="2.98485"><ele>207.4</ele></trkpt><trkpt lat="43.5017" lon="2.98466"><ele>202.1</ele></trkpt><trkpt lat="43.5019" lon="2.98449"><ele>199.6</ele></trkpt><trkpt lat="43.50194" lon="2.98376"><ele>200.2</ele></trkpt><trkpt lat="43.5021" lon="2.98356"><ele>197.7</ele></trkpt><trkpt lat="43.50296" lon="2.98311"><ele>187.8</ele></trkpt><trkpt lat="43.50324" lon="2.98282"><ele>187.3</ele></trkpt><trkpt lat="43.5035" lon="2.98215"><ele>186.4</ele></trkpt><trkpt lat="43.50358" lon="2.98175"><ele>186.4</ele></trkpt><trkpt lat="43.50353" lon="2.98139"><ele>187</ele></trkpt><trkpt lat="43.50341" lon="2.98127"><ele>188.5</ele></trkpt><trkpt lat="43.50333" lon="2.98132"><ele>191.5</ele></trkpt><trkpt lat="43.50329" lon="2.98117"><ele>190.9</ele></trkpt><trkpt lat="43.50336" lon="2.98094"><ele>187.6</ele></trkpt><trkpt lat="43.50317" lon="2.98069"><ele>187.1</ele></trkpt><trkpt lat="43.50312" lon="2.98032"><ele>183.9</ele></trkpt><trkpt lat="43.50319" lon="2.97989"><ele>182.6</ele></trkpt><trkpt lat="43.50339" lon="2.97969"><ele>178.8</ele></trkpt><trkpt lat="43.50388" lon="2.9796"><ele>171.9</ele></trkpt><trkpt lat="43.50426" lon="2.9794"><ele>168.5</ele></trkpt><trkpt lat="43.50461" lon="2.97867"><ele>165.3</ele></trkpt><trkpt lat="43.50472" lon="2.97772"><ele>160.3</ele></trkpt><trkpt lat="43.50478" lon="2.97742"><ele>158.5</ele></trkpt><trkpt lat="43.50465" lon="2.97788"><ele>162.7</ele></trkpt><trkpt lat="43.50478" lon="2.97742"><ele>158.5</ele></trkpt><trkpt lat="43.50473" lon="2.97707"><ele>156.5</ele></trkpt><trkpt lat="43.50448" lon="2.97696"><ele>157.9</ele></trkpt><trkpt lat="43.50454" lon="2.9769"><ele>155.3</ele></trkpt><trkpt lat="43.5048" lon="2.97701"><ele>153.3</ele></trkpt><trkpt lat="43.50493" lon="2.97713"><ele>151.3</ele></trkpt><trkpt lat="43.50511" lon="2.97752"><ele>147.3</ele></trkpt><trkpt lat="43.50519" lon="2.97742"><ele>145.9</ele></trkpt><trkpt lat="43.5052" lon="2.97714"><ele>144.8</ele></trkpt><trkpt lat="43.50506" lon="2.9769"><ele>144.3</ele></trkpt><trkpt lat="43.50487" lon="2.97673"><ele>142.6</ele></trkpt><trkpt lat="43.50469" lon="2.97664"><ele>143.3</ele></trkpt><trkpt lat="43.50466" lon="2.97655"><ele>141.9</ele></trkpt><trkpt lat="43.50519" lon="2.97662"><ele>133.6</ele></trkpt><trkpt lat="43.50555" lon="2.97672"><ele>130.1</ele></trkpt><trkpt lat="43.50567" lon="2.97683"><ele>127.6</ele></trkpt><trkpt lat="43.50581" lon="2.97727"><ele>124.2</ele></trkpt><trkpt lat="43.50571" lon="2.9777"><ele>122.1</ele></trkpt><trkpt lat="43.50587" lon="2.97752"><ele>117</ele></trkpt><trkpt lat="43.50603" lon="2.97723"><ele>113.3</ele></trkpt><trkpt lat="43.50603" lon="2.97686"><ele>113.2</ele></trkpt><trkpt lat="43.5061" lon="2.97693"><ele>110.5</ele></trkpt><trkpt lat="43.50615" lon="2.97714"><ele>108.2</ele></trkpt><trkpt lat="43.50607" lon="2.97755"><ele>107.8</ele></trkpt><trkpt lat="43.50612" lon="2.97757"><ele>105.8</ele></trkpt><trkpt lat="43.50628" lon="2.97726"><ele>103.9</ele></trkpt><trkpt lat="43.50635" lon="2.97705"><ele>103.3</ele></trkpt><trkpt lat="43.50658" lon="2.97702"><ele>103.3</ele></trkpt><trkpt lat="43.50688" lon="2.97617"><ele>104.5</ele></trkpt><trkpt lat="43.50741" lon="2.97626"><ele>108.4</ele></trkpt><trkpt lat="43.50737" lon="2.97701"><ele>108.7</ele></trkpt><trkpt lat="43.50728" lon="2.97733"><ele>109.1</ele></trkpt><trkpt lat="43.50741" lon="2.9777"><ele>113.3</ele></trkpt><trkpt lat="43.5074" lon="2.97842"><ele>115.6</ele></trkpt><trkpt lat="43.50727" lon="2.97958"><ele>114.7</ele></trkpt><trkpt lat="43.5071" lon="2.9801"><ele>113.3</ele></trkpt><trkpt lat="43.50712" lon="2.98066"><ele>113.8</ele></trkpt><trkpt lat="43.50688" lon="2.98168"><ele>113.2</ele></trkpt><trkpt lat="43.50682" lon="2.98256"><ele>115.2</ele></trkpt><trkpt lat="43.50668" lon="2.98335"><ele>114.7</ele></trkpt><trkpt lat="43.50648" lon="2.98427"><ele>109.7</ele></trkpt><trkpt lat="43.50702" lon="2.98415"><ele>113.6</ele></trkpt><trkpt lat="43.50807" lon="2.98432"><ele>99.5</ele></trkpt><trkpt lat="43.50885" lon="2.98413"><ele>96.3</ele></trkpt><trkpt lat="43.50941" lon="2.9841"><ele>93.6</ele></trkpt><trkpt lat="43.50998" lon="2.98357"><ele>93.6</ele></trkpt><trkpt lat="43.51021" lon="2.98368"><ele>95</ele></trkpt><trkpt lat="43.51027" lon="2.98432"><ele>96.5</ele></trkpt><trkpt lat="43.51053" lon="2.98466"><ele>97.7</ele></trkpt><trkpt lat="43.51098" lon="2.9848"><ele>101.4</ele></trkpt><trkpt lat="43.51122" lon="2.98509"><ele>101</ele></trkpt><trkpt lat="43.51162" lon="2.98574"><ele>101</ele></trkpt><trkpt lat="43.51192" lon="2.98609"><ele>101.9</ele></trkpt><trkpt lat="43.5121" lon="2.98687"><ele>101</ele></trkpt><trkpt lat="43.51236" lon="2.9876"><ele>102.1</ele></trkpt><trkpt lat="43.51266" lon="2.98739"><ele>110</ele></trkpt><trkpt lat="43.51249" lon="2.98675"><ele>110.5</ele></trkpt><trkpt lat="43.51216" lon="2.9859"><ele>110.7</ele></trkpt><trkpt lat="43.51168" lon="2.98528"><ele>109.3</ele></trkpt><trkpt lat="43.51155" lon="2.98488"><ele>113</ele></trkpt><trkpt lat="43.51123" lon="2.98436"><ele>112.4</ele></trkpt><trkpt lat="43.51105" lon="2.98399"><ele>113.2</ele></trkpt><trkpt lat="43.51085" lon="2.98366"><ele>112.7</ele></trkpt><trkpt lat="43.51066" lon="2.98353"><ele>110.5</ele></trkpt><trkpt lat="43.51063" lon="2.98337"><ele>111.9</ele></trkpt><trkpt lat="43.51098" lon="2.98217"><ele>112</ele></trkpt><trkpt lat="43.51131" lon="2.98191"><ele>114.1</ele></trkpt><trkpt lat="43.51174" lon="2.98141"><ele>114.3</ele></trkpt><trkpt lat="43.51196" lon="2.98098"><ele>110</ele></trkpt><trkpt lat="43.51231" lon="2.98075"><ele>111.7</ele></trkpt><trkpt lat="43.51242" lon="2.98047"><ele>113.9</ele></trkpt><trkpt lat="43.51238" lon="2.98027"><ele>117.4</ele></trkpt><trkpt lat="43.5126" lon="2.97959"><ele>120.4</ele></trkpt><trkpt lat="43.51285" lon="2.97919"><ele>123.2</ele></trkpt><trkpt lat="43.51282" lon="2.97876"><ele>124.5</ele></trkpt><trkpt lat="43.51304" lon="2.97813"><ele>124.8</ele></trkpt><trkpt lat="43.51314" lon="2.97799"><ele>124.6</ele></trkpt><trkpt lat="43.51323" lon="2.97766"><ele>121.8</ele></trkpt><trkpt lat="43.51344" lon="2.97737"><ele>121.3</ele></trkpt><trkpt lat="43.5136" lon="2.97707"><ele>122.1</ele></trkpt><trkpt lat="43.51391" lon="2.97667"><ele>118.5</ele></trkpt><trkpt lat="43.51438" lon="2.9759"><ele>119.2</ele></trkpt><trkpt lat="43.51452" lon="2.9758"><ele>120.5</ele></trkpt><trkpt lat="43.51457" lon="2.97556"><ele>119.1</ele></trkpt><trkpt lat="43.51496" lon="2.97456"><ele>120.9</ele></trkpt><trkpt lat="43.5151" lon="2.97455"><ele>121.4</ele></trkpt><trkpt lat="43.51523" lon="2.97467"><ele>123.8</ele></trkpt><trkpt lat="43.51543" lon="2.97465"><ele>127.5</ele></trkpt><trkpt lat="43.5159" lon="2.97435"><ele>128.7</ele></trkpt><trkpt lat="43.51666" lon="2.97413"><ele>132.4</ele></trkpt><trkpt lat="43.51734" lon="2.97385"><ele>133.7</ele></trkpt><trkpt lat="43.51759" lon="2.97378"><ele>136.4</ele></trkpt><trkpt lat="43.51778" lon="2.97369"><ele>136.6</ele></trkpt><trkpt lat="43.51809" lon="2.97371"><ele>139.1</ele></trkpt><trkpt lat="43.51839" lon="2.97366"><ele>139.7</ele></trkpt><trkpt lat="43.51861" lon="2.97355"><ele>138.2</ele></trkpt><trkpt lat="43.51888" lon="2.97371"><ele>142.9</ele></trkpt><trkpt lat="43.51909" lon="2.97349"><ele>142.4</ele></trkpt><trkpt lat="43.51937" lon="2.97307"><ele>144.5</ele></trkpt><trkpt lat="43.5195" lon="2.97269"><ele>144.8</ele></trkpt><trkpt lat="43.51993" lon="2.9724"><ele>147.5</ele></trkpt><trkpt lat="43.52016" lon="2.97247"><ele>148.4</ele></trkpt><trkpt lat="43.52064" lon="2.97284"><ele>150.9</ele></trkpt><trkpt lat="43.52105" lon="2.97345"><ele>154.4</ele></trkpt><trkpt lat="43.52152" lon="2.97356"><ele>162.5</ele></trkpt><trkpt lat="43.52216" lon="2.97323"><ele>163.4</ele></trkpt><trkpt lat="43.52278" lon="2.97306"><ele>169.1</ele></trkpt><trkpt lat="43.52329" lon="2.97386"><ele>181.3</ele></trkpt><trkpt lat="43.52345" lon="2.97418"><ele>184.9</ele></trkpt><trkpt lat="43.5235" lon="2.9744"><ele>187.4</ele></trkpt><trkpt lat="43.52379" lon="2.9745"><ele>187</ele></trkpt><trkpt lat="43.52377" lon="2.97422"><ele>184.9</ele></trkpt><trkpt lat="43.52381" lon="2.974"><ele>183.7</ele></trkpt><trkpt lat="43.52388" lon="2.97395"><ele>184.7</ele></trkpt><trkpt lat="43.5243" lon="2.97416"><ele>186</ele></trkpt><trkpt lat="43.52439" lon="2.97409"><ele>186.8</ele></trkpt><trkpt lat="43.52426" lon="2.97354"><ele>182.9</ele></trkpt><trkpt lat="43.52446" lon="2.97339"><ele>186.9</ele></trkpt><trkpt lat="43.52484" lon="2.97322"><ele>189.5</ele></trkpt><trkpt lat="43.52504" lon="2.97334"><ele>194</ele></trkpt><trkpt lat="43.52516" lon="2.97325"><ele>196.5</ele></trkpt><trkpt lat="43.52507" lon="2.97299"><ele>193.4</ele></trkpt><trkpt lat="43.52529" lon="2.97237"><ele>197.4</ele></trkpt><trkpt lat="43.52525" lon="2.97198"><ele>195.9</ele></trkpt><trkpt lat="43.52531" lon="2.97178"><ele>196.4</ele></trkpt><trkpt lat="43.52544" lon="2.9718"><ele>196.7</ele></trkpt><trkpt lat="43.52577" lon="2.97196"><ele>202.2</ele></trkpt><trkpt lat="43.52622" lon="2.97183"><ele>204.4</ele></trkpt><trkpt lat="43.52685" lon="2.97147"><ele>212.9</ele></trkpt><trkpt lat="43.52692" lon="2.97114"><ele>213.9</ele></trkpt><trkpt lat="43.527" lon="2.97112"><ele>216.6</ele></trkpt><trkpt lat="43.527" lon="2.97141"><ele>217.7</ele></trkpt><trkpt lat="43.52703" lon="2.97162"><ele>220</ele></trkpt><trkpt lat="43.52674" lon="2.97191"><ele>220.8</ele></trkpt><trkpt lat="43.52641" lon="2.97236"><ele>225.5</ele></trkpt><trkpt lat="43.52617" lon="2.97264"><ele>227.5</ele></trkpt><trkpt lat="43.52605" lon="2.97287"><ele>228.5</ele></trkpt><trkpt lat="43.526" lon="2.97327"><ele>230.1</ele></trkpt><trkpt lat="43.5261" lon="2.97354"><ele>230.9</ele></trkpt><trkpt lat="43.52691" lon="2.97384"><ele>245.4</ele></trkpt><trkpt lat="43.52707" lon="2.97378"><ele>246</ele></trkpt><trkpt lat="43.52731" lon="2.97381"><ele>244.4</ele></trkpt><trkpt lat="43.52742" lon="2.97329"><ele>247.5</ele></trkpt><trkpt lat="43.52783" lon="2.97269"><ele>251.9</ele></trkpt><trkpt lat="43.52817" lon="2.97265"><ele>251.2</ele></trkpt><trkpt lat="43.52825" lon="2.97276"><ele>250.5</ele></trkpt><trkpt lat="43.52833" lon="2.97301"><ele>248.6</ele></trkpt><trkpt lat="43.52847" lon="2.97318"><ele>248</ele></trkpt><trkpt lat="43.52951" lon="2.97339"><ele>251.4</ele></trkpt><trkpt lat="43.52903" lon="2.97309"><ele>256.5</ele></trkpt><trkpt lat="43.52886" lon="2.97289"><ele>260.1</ele></trkpt><trkpt lat="43.52876" lon="2.97269"><ele>262.3</ele></trkpt><trkpt lat="43.52854" lon="2.97182"><ele>270.2</ele></trkpt><trkpt lat="43.52855" lon="2.97158"><ele>272.8</ele></trkpt><trkpt lat="43.52837" lon="2.97089"><ele>276.4</ele></trkpt><trkpt lat="43.52846" lon="2.97069"><ele>279.7</ele></trkpt><trkpt lat="43.52878" lon="2.97062"><ele>283.3</ele></trkpt><trkpt lat="43.52912" lon="2.96963"><ele>291.8</ele></trkpt><trkpt lat="43.52989" lon="2.96764"><ele>297.3</ele></trkpt><trkpt lat="43.52996" lon="2.96715"><ele>296.2</ele></trkpt><trkpt lat="43.52998" lon="2.9642"><ele>296.5</ele></trkpt><trkpt lat="43.53048" lon="2.96336"><ele>304.1</ele></trkpt><trkpt lat="43.53084" lon="2.96307"><ele>307.4</ele></trkpt><trkpt lat="43.53129" lon="2.96334"><ele>303.3</ele></trkpt><trkpt lat="43.53172" lon="2.96264"><ele>312.2</ele></trkpt><trkpt lat="43.53204" lon="2.96227"><ele>314</ele></trkpt><trkpt lat="43.53232" lon="2.96227"><ele>313.5</ele></trkpt><trkpt lat="43.5328" lon="2.96156"><ele>320.2</ele></trkpt><trkpt lat="43.53353" lon="2.96123"><ele>326.9</ele></trkpt><trkpt lat="43.53387" lon="2.96161"><ele>324</ele></trkpt><trkpt lat="43.53429" lon="2.96133"><ele>328.3</ele></trkpt><trkpt lat="43.53454" lon="2.96161"><ele>327.2</ele></trkpt><trkpt lat="43.53462" lon="2.96185"><ele>323.6</ele></trkpt><trkpt lat="43.53481" lon="2.96189"><ele>325.2</ele></trkpt><trkpt lat="43.53539" lon="2.96187"><ele>323.9</ele></trkpt><trkpt lat="43.53595" lon="2.96101"><ele>322.4</ele></trkpt><trkpt lat="43.53657" lon="2.96081"><ele>321.2</ele></trkpt><trkpt lat="43.53702" lon="2.95982"><ele>336.7</ele></trkpt><trkpt lat="43.53744" lon="2.95878"><ele>348.8</ele></trkpt><trkpt lat="43.5374" lon="2.95835"><ele>361.2</ele></trkpt><trkpt lat="43.53751" lon="2.95798"><ele>367</ele></trkpt><trkpt lat="43.53795" lon="2.95807"><ele>369.6</ele></trkpt><trkpt lat="43.53856" lon="2.95843"><ele>378</ele></trkpt><trkpt lat="43.53906" lon="2.95894"><ele>379.3</ele></trkpt><trkpt lat="43.53952" lon="2.95896"><ele>385.9</ele></trkpt><trkpt lat="43.53992" lon="2.95916"><ele>388.3</ele></trkpt><trkpt lat="43.54042" lon="2.95934"><ele>391.9</ele></trkpt><trkpt lat="43.54121" lon="2.95954"><ele>399.7</ele></trkpt><trkpt lat="43.54158" lon="2.95953"><ele>403.9</ele></trkpt><trkpt lat="43.54187" lon="2.95961"><ele>405.6</ele></trkpt><trkpt lat="43.54197" lon="2.95961"><ele>406.5</ele></trkpt><trkpt lat="43.54215" lon="2.95955"><ele>407.1</ele></trkpt><trkpt lat="43.54235" lon="2.95929"><ele>414</ele></trkpt><trkpt lat="43.5427" lon="2.95926"><ele>417.2</ele></trkpt><trkpt lat="43.54302" lon="2.95957"><ele>417.2</ele></trkpt><trkpt lat="43.54314" lon="2.95949"><ele>423.4</ele></trkpt><trkpt lat="43.54279" lon="2.9588"><ele>426.4</ele></trkpt><trkpt lat="43.5426" lon="2.95741"><ele>427.9</ele></trkpt><trkpt lat="43.54292" lon="2.95554"><ele>426.8</ele></trkpt><trkpt lat="43.54286" lon="2.95528"><ele>430.6</ele></trkpt><trkpt lat="43.54273" lon="2.95571"><ele>436.6</ele></trkpt><trkpt lat="43.54195" lon="2.95733"><ele>455.6</ele></trkpt><trkpt lat="43.542" lon="2.9566"><ele>463.3</ele></trkpt><trkpt lat="43.54198" lon="2.95589"><ele>472</ele></trkpt><trkpt lat="43.54175" lon="2.95491"><ele>483.9</ele></trkpt><trkpt lat="43.54154" lon="2.9544"><ele>491.9</ele></trkpt><trkpt lat="43.54134" lon="2.95362"><ele>497.3</ele></trkpt><trkpt lat="43.54126" lon="2.95354"><ele>499.6</ele></trkpt><trkpt lat="43.54135" lon="2.9549"><ele>505.3</ele></trkpt><trkpt lat="43.54132" lon="2.95574"><ele>505</ele></trkpt><trkpt lat="43.54122" lon="2.95604"><ele>505.5</ele></trkpt><trkpt lat="43.54126" lon="2.95541"><ele>509.7</ele></trkpt><trkpt lat="43.54118" lon="2.95499"><ele>514.5</ele></trkpt><trkpt lat="43.54067" lon="2.95357"><ele>531.3</ele></trkpt><trkpt lat="43.54034" lon="2.9519"><ele>561.3</ele></trkpt><trkpt lat="43.54018" lon="2.95156"><ele>565.5</ele></trkpt><trkpt lat="43.53989" lon="2.95072"><ele>562</ele></trkpt><trkpt lat="43.5399" lon="2.95029"><ele>564.5</ele></trkpt><trkpt lat="43.54025" lon="2.94997"><ele>568.6</ele></trkpt><trkpt lat="43.54035" lon="2.9487"><ele>578.1</ele></trkpt><trkpt lat="43.54077" lon="2.94821"><ele>577.8</ele></trkpt><trkpt lat="43.5411" lon="2.94745"><ele>601.2</ele></trkpt><trkpt lat="43.5412" lon="2.94577"><ele>602</ele></trkpt><trkpt lat="43.54159" lon="2.94531"><ele>598.4</ele></trkpt><trkpt lat="43.54176" lon="2.94462"><ele>597.7</ele></trkpt><trkpt lat="43.54173" lon="2.94426"><ele>596.2</ele></trkpt><trkpt lat="43.54105" lon="2.94336"><ele>602.6</ele></trkpt><trkpt lat="43.54047" lon="2.94239"><ele>613.5</ele></trkpt><trkpt lat="43.53942" lon="2.94152"><ele>619.4</ele></trkpt><trkpt lat="43.53929" lon="2.94137"><ele>616</ele></trkpt><trkpt lat="43.53868" lon="2.94131"><ele>610</ele></trkpt><trkpt lat="43.53803" lon="2.9416"><ele>614.6</ele></trkpt><trkpt lat="43.53782" lon="2.94216"><ele>617.3</ele></trkpt><trkpt lat="43.53756" lon="2.94246"><ele>621.3</ele></trkpt><trkpt lat="43.53672" lon="2.94213"><ele>623.1</ele></trkpt><trkpt lat="43.53649" lon="2.94195"><ele>625.2</ele></trkpt><trkpt lat="43.53626" lon="2.94124"><ele>619.9</ele></trkpt><trkpt lat="43.536" lon="2.94083"><ele>618.3</ele></trkpt><trkpt lat="43.53534" lon="2.9402"><ele>617.7</ele></trkpt><trkpt lat="43.53555" lon="2.94018"><ele>613.4</ele></trkpt><trkpt lat="43.53575" lon="2.94037"><ele>613.4</ele></trkpt><trkpt lat="43.5361" lon="2.94055"><ele>608.2</ele></trkpt><trkpt lat="43.5365" lon="2.94098"><ele>605.9</ele></trkpt><trkpt lat="43.5368" lon="2.94143"><ele>602.6</ele></trkpt><trkpt lat="43.53726" lon="2.94148"><ele>596.6</ele></trkpt><trkpt lat="43.53741" lon="2.9414"><ele>593.7</ele></trkpt><trkpt lat="43.53741" lon="2.94101"><ele>589.1</ele></trkpt><trkpt lat="43.53758" lon="2.94072"><ele>585.5</ele></trkpt><trkpt lat="43.53799" lon="2.94051"><ele>581.9</ele></trkpt><trkpt lat="43.53843" lon="2.94023"><ele>577</ele></trkpt><trkpt lat="43.5386" lon="2.94"><ele>572.9</ele></trkpt><trkpt lat="43.53869" lon="2.93969"><ele>570.5</ele></trkpt><trkpt lat="43.53852" lon="2.9384"><ele>560.1</ele></trkpt><trkpt lat="43.53864" lon="2.93724"><ele>553.9</ele></trkpt><trkpt lat="43.53888" lon="2.93611"><ele>544.5</ele></trkpt><trkpt lat="43.53907" lon="2.93544"><ele>538.9</ele></trkpt><trkpt lat="43.53944" lon="2.93485"><ele>535.9</ele></trkpt><trkpt lat="43.53977" lon="2.93411"><ele>527.2</ele></trkpt><trkpt lat="43.53999" lon="2.93387"><ele>526.1</ele></trkpt><trkpt lat="43.54028" lon="2.93377"><ele>524.9</ele></trkpt><trkpt lat="43.54067" lon="2.93357"><ele>519.5</ele></trkpt><trkpt lat="43.54106" lon="2.93321"><ele>513.2</ele></trkpt><trkpt lat="43.54147" lon="2.93321"><ele>510.2</ele></trkpt><trkpt lat="43.54188" lon="2.93364"><ele>504.7</ele></trkpt><trkpt lat="43.54185" lon="2.93381"><ele>505.9</ele></trkpt><trkpt lat="43.54188" lon="2.93432"><ele>508</ele></trkpt><trkpt lat="43.54202" lon="2.93446"><ele>506.3</ele></trkpt><trkpt lat="43.54221" lon="2.93433"><ele>500.3</ele></trkpt><trkpt lat="43.54255" lon="2.93389"><ele>492.9</ele></trkpt><trkpt lat="43.54295" lon="2.93356"><ele>490.8</ele></trkpt><trkpt lat="43.54313" lon="2.93238"><ele>477.1</ele></trkpt><trkpt lat="43.54326" lon="2.93112"><ele>467.5</ele></trkpt><trkpt lat="43.54351" lon="2.93045"><ele>461.8</ele></trkpt><trkpt lat="43.54387" lon="2.92987"><ele>461.3</ele></trkpt><trkpt lat="43.54444" lon="2.92793"><ele>442.4</ele></trkpt><trkpt lat="43.54468" lon="2.9267"><ele>432.1</ele></trkpt><trkpt lat="43.54493" lon="2.92629"><ele>430.4</ele></trkpt><trkpt lat="43.54533" lon="2.92583"><ele>424.4</ele></trkpt><trkpt lat="43.54569" lon="2.9249"><ele>417.9</ele></trkpt><trkpt lat="43.54571" lon="2.92355"><ele>412.4</ele></trkpt><trkpt lat="43.54596" lon="2.92271"><ele>410.7</ele></trkpt><trkpt lat="43.54709" lon="2.92276"><ele>399.2</ele></trkpt><trkpt lat="43.54835" lon="2.92259"><ele>387.1</ele></trkpt><trkpt lat="43.5486" lon="2.92251"><ele>384.9</ele></trkpt><trkpt lat="43.54897" lon="2.92233"><ele>377.9</ele></trkpt><trkpt lat="43.5494" lon="2.92242"><ele>369.7</ele></trkpt><trkpt lat="43.54959" lon="2.92306"><ele>360.3</ele></trkpt><trkpt lat="43.55006" lon="2.92266"><ele>352.5</ele></trkpt><trkpt lat="43.55016" lon="2.92358"><ele>342</ele></trkpt><trkpt lat="43.55049" lon="2.92375"><ele>334.8</ele></trkpt><trkpt lat="43.55108" lon="2.92342"><ele>321.8</ele></trkpt><trkpt lat="43.55104" lon="2.9229"><ele>318.9</ele></trkpt><trkpt lat="43.55146" lon="2.92319"><ele>306.4</ele></trkpt><trkpt lat="43.55126" lon="2.92256"><ele>304.2</ele></trkpt><trkpt lat="43.55158" lon="2.9229"><ele>298.3</ele></trkpt><trkpt lat="43.55163" lon="2.92254"><ele>290.2</ele></trkpt><trkpt lat="43.55257" lon="2.9232"><ele>273.5</ele></trkpt><trkpt lat="43.55271" lon="2.92356"><ele>269.9</ele></trkpt><trkpt lat="43.55304" lon="2.92334"><ele>262.3</ele></trkpt><trkpt lat="43.55312" lon="2.9239"><ele>257</ele></trkpt><trkpt lat="43.55346" lon="2.92316"><ele>245.9</ele></trkpt><trkpt lat="43.55334" lon="2.92238"><ele>238.3</ele></trkpt><trkpt lat="43.55272" lon="2.92181"><ele>233.9</ele></trkpt><trkpt lat="43.55357" lon="2.92098"><ele>211.1</ele></trkpt><trkpt lat="43.55363" lon="2.9204"><ele>204.7</ele></trkpt><trkpt lat="43.55324" lon="2.91965"><ele>197.8</ele></trkpt><trkpt lat="43.55323" lon="2.91917"><ele>191.5</ele></trkpt><trkpt lat="43.55357" lon="2.91835"><ele>192.4</ele></trkpt><trkpt lat="43.55343" lon="2.91759"><ele>188.8</ele></trkpt><trkpt lat="43.55363" lon="2.91732"><ele>186.9</ele></trkpt><trkpt lat="43.55413" lon="2.91768"><ele>184.3</ele></trkpt><trkpt lat="43.5546" lon="2.91745"><ele>184.5</ele></trkpt><trkpt lat="43.5551" lon="2.91686"><ele>181.6</ele></trkpt><trkpt lat="43.55553" lon="2.91654"><ele>180.1</ele></trkpt><trkpt lat="43.55596" lon="2.91602"><ele>182</ele></trkpt><trkpt lat="43.55578" lon="2.91516"><ele>185</ele></trkpt><trkpt lat="43.55552" lon="2.91391"><ele>193.4</ele></trkpt><trkpt lat="43.55607" lon="2.91373"><ele>193.6</ele></trkpt><trkpt lat="43.55632" lon="2.91575"><ele>182</ele></trkpt><trkpt lat="43.55632" lon="2.91597"><ele>182.4</ele></trkpt><trkpt lat="43.55613" lon="2.91597"><ele>182</ele></trkpt><trkpt lat="43.55598" lon="2.91602"><ele>182</ele></trkpt><trkpt lat="43.55577" lon="2.91637"><ele>179.6</ele></trkpt><trkpt lat="43.55541" lon="2.91682"><ele>179.2</ele></trkpt><trkpt lat="43.55489" lon="2.9171"><ele>182.4</ele></trkpt><trkpt lat="43.55465" lon="2.91733"><ele>184.1</ele></trkpt><trkpt lat="43.55451" lon="2.91755"><ele>184.7</ele></trkpt><trkpt lat="43.55409" lon="2.9177"><ele>183.9</ele></trkpt><trkpt lat="43.55358" lon="2.91736"><ele>186.5</ele></trkpt><trkpt lat="43.55342" lon="2.9176"><ele>189.1</ele></trkpt><trkpt lat="43.55358" lon="2.91835"><ele>192.1</ele></trkpt><trkpt lat="43.5533" lon="2.91897"><ele>193.8</ele></trkpt><trkpt lat="43.5532" lon="2.9194"><ele>194</ele></trkpt><trkpt lat="43.55361" lon="2.92067"><ele>208.9</ele></trkpt><trkpt lat="43.55345" lon="2.92111"><ele>214.2</ele></trkpt><trkpt lat="43.55309" lon="2.9214"><ele>220.9</ele></trkpt><trkpt lat="43.55274" lon="2.92185"><ele>233.7</ele></trkpt><trkpt lat="43.55312" lon="2.92208"><ele>235</ele></trkpt><trkpt lat="43.55335" lon="2.92235"><ele>237</ele></trkpt><trkpt lat="43.55338" lon="2.9232"><ele>249.5</ele></trkpt><trkpt lat="43.55325" lon="2.92368"><ele>254.2</ele></trkpt><trkpt lat="43.55312" lon="2.92373"><ele>257.7</ele></trkpt><trkpt lat="43.55301" lon="2.92328"><ele>263</ele></trkpt><trkpt lat="43.55279" lon="2.92347"><ele>268.2</ele></trkpt><trkpt lat="43.55263" lon="2.92331"><ele>272.6</ele></trkpt><trkpt lat="43.5525" lon="2.92311"><ele>274.4</ele></trkpt><trkpt lat="43.55195" lon="2.92276"><ele>282.5</ele></trkpt><trkpt lat="43.55158" lon="2.92256"><ele>292.4</ele></trkpt><trkpt lat="43.55158" lon="2.92279"><ele>296.3</ele></trkpt><trkpt lat="43.5513" lon="2.92261"><ele>303.7</ele></trkpt><trkpt lat="43.5514" lon="2.92307"><ele>307.7</ele></trkpt><trkpt lat="43.5511" lon="2.92279"><ele>314.7</ele></trkpt><trkpt lat="43.55108" lon="2.92307"><ele>320.3</ele></trkpt><trkpt lat="43.55111" lon="2.92334"><ele>321.9</ele></trkpt><trkpt lat="43.55103" lon="2.92347"><ele>322.8</ele></trkpt><trkpt lat="43.55079" lon="2.92366"><ele>328.3</ele></trkpt><trkpt lat="43.55064" lon="2.92374"><ele>331.5</ele></trkpt><trkpt lat="43.55054" lon="2.92384"><ele>332.2</ele></trkpt><trkpt lat="43.55043" lon="2.92385"><ele>333.3</ele></trkpt><trkpt lat="43.5504" lon="2.92376"><ele>335.7</ele></trkpt><trkpt lat="43.55049" lon="2.92358"><ele>338.3</ele></trkpt><trkpt lat="43.55048" lon="2.92351"><ele>339.3</ele></trkpt><trkpt lat="43.55025" lon="2.92356"><ele>341.9</ele></trkpt><trkpt lat="43.55017" lon="2.92354"><ele>342.7</ele></trkpt><trkpt lat="43.55006" lon="2.92271"><ele>352.4</ele></trkpt><trkpt lat="43.54999" lon="2.92266"><ele>354.7</ele></trkpt><trkpt lat="43.54993" lon="2.92281"><ele>355.8</ele></trkpt><trkpt lat="43.54958" lon="2.92302"><ele>361</ele></trkpt><trkpt lat="43.54952" lon="2.92274"><ele>365.2</ele></trkpt><trkpt lat="43.54931" lon="2.92236"><ele>371.2</ele></trkpt><trkpt lat="43.54884" lon="2.9223"><ele>380.9</ele></trkpt><trkpt lat="43.54866" lon="2.92251"><ele>383.6</ele></trkpt><trkpt lat="43.54812" lon="2.92267"><ele>387.5</ele></trkpt><trkpt lat="43.54723" lon="2.92273"><ele>399.9</ele></trkpt><trkpt lat="43.54609" lon="2.92266"><ele>408.4</ele></trkpt><trkpt lat="43.5459" lon="2.92282"><ele>410.3</ele></trkpt><trkpt lat="43.54574" lon="2.9234"><ele>411.5</ele></trkpt><trkpt lat="43.54558" lon="2.92525"><ele>423.8</ele></trkpt><trkpt lat="43.54458" lon="2.92703"><ele>431.3</ele></trkpt><trkpt lat="43.54459" lon="2.92753"><ele>435.5</ele></trkpt><trkpt lat="43.54405" lon="2.92933"><ele>453.6</ele></trkpt><trkpt lat="43.54381" lon="2.9299"><ele>459.2</ele></trkpt><trkpt lat="43.54362" lon="2.9302"><ele>459.2</ele></trkpt><trkpt lat="43.54318" lon="2.9315"><ele>469.3</ele></trkpt><trkpt lat="43.54319" lon="2.93258"><ele>482.9</ele></trkpt><trkpt lat="43.54296" lon="2.93352"><ele>490</ele></trkpt><trkpt lat="43.54257" lon="2.93387"><ele>492.7</ele></trkpt><trkpt lat="43.5422" lon="2.93439"><ele>501.9</ele></trkpt><trkpt lat="43.54193" lon="2.93444"><ele>507.7</ele></trkpt><trkpt lat="43.54189" lon="2.93358"><ele>503.9</ele></trkpt><trkpt lat="43.54134" lon="2.93318"><ele>511.9</ele></trkpt><trkpt lat="43.54084" lon="2.93336"><ele>515</ele></trkpt><trkpt lat="43.54041" lon="2.93373"><ele>523.8</ele></trkpt><trkpt lat="43.53995" lon="2.93384"><ele>524.2</ele></trkpt><trkpt lat="43.53937" lon="2.93507"><ele>540.8</ele></trkpt><trkpt lat="43.53887" lon="2.93593"><ele>540</ele></trkpt><trkpt lat="43.5387" lon="2.93713"><ele>555.6</ele></trkpt><trkpt lat="43.53848" lon="2.93842"><ele>557.9</ele></trkpt><trkpt lat="43.5387" lon="2.93982"><ele>572.2</ele></trkpt><trkpt lat="43.53835" lon="2.94033"><ele>578.9</ele></trkpt><trkpt lat="43.5375" lon="2.94078"><ele>585.8</ele></trkpt><trkpt lat="43.53736" lon="2.94143"><ele>594.8</ele></trkpt><trkpt lat="43.53679" lon="2.94136"><ele>601.6</ele></trkpt><trkpt lat="43.53643" lon="2.9408"><ele>604.6</ele></trkpt><trkpt lat="43.53603" lon="2.94058"><ele>610.7</ele></trkpt><trkpt lat="43.53538" lon="2.94015"><ele>616.3</ele></trkpt><trkpt lat="43.5339" lon="2.93878"><ele>624.1</ele></trkpt><trkpt lat="43.53321" lon="2.93851"><ele>631.2</ele></trkpt><trkpt lat="43.53256" lon="2.93847"><ele>636.8</ele></trkpt><trkpt lat="43.5318" lon="2.93867"><ele>643.1</ele></trkpt><trkpt lat="43.53042" lon="2.9388"><ele>659.2</ele></trkpt><trkpt lat="43.53037" lon="2.93857"><ele>663.1</ele></trkpt><trkpt lat="43.53045" lon="2.93833"><ele>664.5</ele></trkpt><trkpt lat="43.52946" lon="2.93735"><ele>669.9</ele></trkpt><trkpt lat="43.52757" lon="2.93566"><ele>678</ele></trkpt><trkpt lat="43.52741" lon="2.9352"><ele>673</ele></trkpt><trkpt lat="43.52576" lon="2.93377"><ele>681.9</ele></trkpt><trkpt lat="43.52528" lon="2.93331"><ele>681.6</ele></trkpt><trkpt lat="43.52444" lon="2.93329"><ele>681.2</ele></trkpt><trkpt lat="43.52377" lon="2.93219"><ele>684.1</ele></trkpt><trkpt lat="43.52338" lon="2.93219"><ele>683.7</ele></trkpt><trkpt lat="43.52254" lon="2.93256"><ele>669.3</ele></trkpt><trkpt lat="43.52225" lon="2.93249"><ele>669.6</ele></trkpt><trkpt lat="43.52172" lon="2.9321"><ele>674</ele></trkpt><trkpt lat="43.52132" lon="2.93186"><ele>672.7</ele></trkpt><trkpt lat="43.52068" lon="2.93103"><ele>678.2</ele></trkpt><trkpt lat="43.52022" lon="2.93053"><ele>682.6</ele></trkpt><trkpt lat="43.51978" lon="2.93042"><ele>684.7</ele></trkpt><trkpt lat="43.51869" lon="2.93064"><ele>674.4</ele></trkpt><trkpt lat="43.5175" lon="2.93075"><ele>664.3</ele></trkpt><trkpt lat="43.51696" lon="2.93075"><ele>658</ele></trkpt><trkpt lat="43.51665" lon="2.93118"><ele>643.5</ele></trkpt><trkpt lat="43.51605" lon="2.9309"><ele>638.1</ele></trkpt><trkpt lat="43.51559" lon="2.93079"><ele>631.3</ele></trkpt><trkpt lat="43.51509" lon="2.93072"><ele>629.9</ele></trkpt><trkpt lat="43.51495" lon="2.93057"><ele>632</ele></trkpt><trkpt lat="43.51388" lon="2.93055"><ele>641.1</ele></trkpt><trkpt lat="43.51348" lon="2.93069"><ele>643.5</ele></trkpt><trkpt lat="43.51271" lon="2.93136"><ele>635.8</ele></trkpt><trkpt lat="43.51219" lon="2.93145"><ele>635.1</ele></trkpt><trkpt lat="43.51127" lon="2.93174"><ele>629.8</ele></trkpt><trkpt lat="43.51076" lon="2.93047"><ele>620.8</ele></trkpt><trkpt lat="43.51063" lon="2.92994"><ele>616</ele></trkpt><trkpt lat="43.5092" lon="2.92806"><ele>596.4</ele></trkpt><trkpt lat="43.50873" lon="2.92762"><ele>592.1</ele></trkpt><trkpt lat="43.50833" lon="2.92676"><ele>580.7</ele></trkpt><trkpt lat="43.50812" lon="2.92675"><ele>578.7</ele></trkpt><trkpt lat="43.50765" lon="2.92701"><ele>575.7</ele></trkpt><trkpt lat="43.50631" lon="2.92741"><ele>572.3</ele></trkpt><trkpt lat="43.50604" lon="2.92729"><ele>569.3</ele></trkpt><trkpt lat="43.50555" lon="2.92626"><ele>574.2</ele></trkpt><trkpt lat="43.50522" lon="2.92569"><ele>578.8</ele></trkpt><trkpt lat="43.50444" lon="2.92538"><ele>578.7</ele></trkpt><trkpt lat="43.50403" lon="2.92489"><ele>571.5</ele></trkpt><trkpt lat="43.50357" lon="2.92392"><ele>563.2</ele></trkpt><trkpt lat="43.50338" lon="2.92305"><ele>559.2</ele></trkpt><trkpt lat="43.5035" lon="2.92218"><ele>566.8</ele></trkpt><trkpt lat="43.50411" lon="2.92096"><ele>576.8</ele></trkpt><trkpt lat="43.50339" lon="2.92115"><ele>581.9</ele></trkpt><trkpt lat="43.50307" lon="2.92115"><ele>583.9</ele></trkpt><trkpt lat="43.5024" lon="2.92045"><ele>592.3</ele></trkpt><trkpt lat="43.50217" lon="2.92001"><ele>594.5</ele></trkpt><trkpt lat="43.50215" lon="2.91913"><ele>604.5</ele></trkpt><trkpt lat="43.5016" lon="2.91814"><ele>608.2</ele></trkpt><trkpt lat="43.50148" lon="2.9174"><ele>610.7</ele></trkpt><trkpt lat="43.50203" lon="2.91778"><ele>620.6</ele></trkpt><trkpt lat="43.50241" lon="2.91766"><ele>625.1</ele></trkpt><trkpt lat="43.50283" lon="2.91677"><ele>632.2</ele></trkpt><trkpt lat="43.50223" lon="2.91669"><ele>635.8</ele></trkpt><trkpt lat="43.5021" lon="2.91611"><ele>638.5</ele></trkpt><trkpt lat="43.5022" lon="2.91477"><ele>646.4</ele></trkpt><trkpt lat="43.50187" lon="2.91257"><ele>659.3</ele></trkpt><trkpt lat="43.50188" lon="2.91227"><ele>659.6</ele></trkpt><trkpt lat="43.50094" lon="2.91191"><ele>661.8</ele></trkpt><trkpt lat="43.50036" lon="2.91191"><ele>670.1</ele></trkpt><trkpt lat="43.50011" lon="2.9121"><ele>674.2</ele></trkpt><trkpt lat="43.50032" lon="2.9112"><ele>683.2</ele></trkpt><trkpt lat="43.50038" lon="2.91048"><ele>690</ele></trkpt><trkpt lat="43.50035" lon="2.90988"><ele>692.7</ele></trkpt><trkpt lat="43.50013" lon="2.90945"><ele>697.4</ele></trkpt><trkpt lat="43.49943" lon="2.909"><ele>707.6</ele></trkpt><trkpt lat="43.49922" lon="2.90863"><ele>707.4</ele></trkpt><trkpt lat="43.49933" lon="2.90706"><ele>712.8</ele></trkpt><trkpt lat="43.49907" lon="2.90666"><ele>714</ele></trkpt><trkpt lat="43.49892" lon="2.90497"><ele>710.6</ele></trkpt><trkpt lat="43.49895" lon="2.9043"><ele>708.5</ele></trkpt><trkpt lat="43.5" lon="2.9014"><ele>698</ele></trkpt><trkpt lat="43.50092" lon="2.90061"><ele>693.7</ele></trkpt><trkpt lat="43.50148" lon="2.89968"><ele>692.8</ele></trkpt><trkpt lat="43.50258" lon="2.89868"><ele>688.1</ele></trkpt><trkpt lat="43.50272" lon="2.89859"><ele>686.6</ele></trkpt><trkpt lat="43.50256" lon="2.89793"><ele>686.3</ele></trkpt><trkpt lat="43.50253" lon="2.89662"><ele>681.2</ele></trkpt><trkpt lat="43.50219" lon="2.89546"><ele>678.9</ele></trkpt><trkpt lat="43.50242" lon="2.8944"><ele>674.9</ele></trkpt><trkpt lat="43.50263" lon="2.89381"><ele>668.1</ele></trkpt><trkpt lat="43.50255" lon="2.8928"><ele>665.7</ele></trkpt><trkpt lat="43.50256" lon="2.89202"><ele>660.2</ele></trkpt><trkpt lat="43.50245" lon="2.89165"><ele>659.3</ele></trkpt><trkpt lat="43.50205" lon="2.8911"><ele>660.9</ele></trkpt><trkpt lat="43.50172" lon="2.89028"><ele>658.9</ele></trkpt><trkpt lat="43.50166" lon="2.8898"><ele>654.4</ele></trkpt><trkpt lat="43.50171" lon="2.88926"><ele>651</ele></trkpt><trkpt lat="43.50181" lon="2.88895"><ele>647.9</ele></trkpt><trkpt lat="43.50173" lon="2.88875"><ele>648</ele></trkpt><trkpt lat="43.50142" lon="2.88859"><ele>649.3</ele></trkpt><trkpt lat="43.49973" lon="2.88828"><ele>649.6</ele></trkpt><trkpt lat="43.49962" lon="2.88784"><ele>649.2</ele></trkpt><trkpt lat="43.49977" lon="2.88656"><ele>641.5</ele></trkpt><trkpt lat="43.4998" lon="2.88602"><ele>638.5</ele></trkpt><trkpt lat="43.49975" lon="2.88569"><ele>639.1</ele></trkpt><trkpt lat="43.49957" lon="2.8855"><ele>640.3</ele></trkpt><trkpt lat="43.49876" lon="2.88524"><ele>642.2</ele></trkpt><trkpt lat="43.49817" lon="2.88486"><ele>644.6</ele></trkpt><trkpt lat="43.49792" lon="2.88435"><ele>641.5</ele></trkpt><trkpt lat="43.49747" lon="2.88378"><ele>643</ele></trkpt><trkpt lat="43.49716" lon="2.88311"><ele>640.9</ele></trkpt><trkpt lat="43.49703" lon="2.88241"><ele>642.5</ele></trkpt><trkpt lat="43.49679" lon="2.88215"><ele>642</ele></trkpt><trkpt lat="43.49654" lon="2.88199"><ele>640.8</ele></trkpt><trkpt lat="43.49639" lon="2.88178"><ele>641.2</ele></trkpt><trkpt lat="43.49619" lon="2.88078"><ele>652.7</ele></trkpt><trkpt lat="43.49592" lon="2.88037"><ele>657.5</ele></trkpt><trkpt lat="43.49554" lon="2.87964"><ele>662.8</ele></trkpt><trkpt lat="43.49544" lon="2.87932"><ele>663</ele></trkpt><trkpt lat="43.49545" lon="2.87834"><ele>667.6</ele></trkpt><trkpt lat="43.49511" lon="2.87732"><ele>673.7</ele></trkpt><trkpt lat="43.49423" lon="2.87509"><ele>690.4</ele></trkpt><trkpt lat="43.4938" lon="2.87391"><ele>694.9</ele></trkpt><trkpt lat="43.4935" lon="2.87296"><ele>692.8</ele></trkpt><trkpt lat="43.49316" lon="2.87224"><ele>684.7</ele></trkpt><trkpt lat="43.49298" lon="2.87228"><ele>683.7</ele></trkpt><trkpt lat="43.49249" lon="2.87178"><ele>680.8</ele></trkpt><trkpt lat="43.49219" lon="2.87154"><ele>680.7</ele></trkpt><trkpt lat="43.4918" lon="2.87146"><ele>676.6</ele></trkpt><trkpt lat="43.49169" lon="2.8714"><ele>674.5</ele></trkpt><trkpt lat="43.4912" lon="2.8709"><ele>669.4</ele></trkpt><trkpt lat="43.4909" lon="2.87066"><ele>663.5</ele></trkpt><trkpt lat="43.4904" lon="2.87072"><ele>661.6</ele></trkpt><trkpt lat="43.49006" lon="2.8705"><ele>656.1</ele></trkpt><trkpt lat="43.48967" lon="2.87007"><ele>649</ele></trkpt><trkpt lat="43.48909" lon="2.86919"><ele>631.2</ele></trkpt><trkpt lat="43.48818" lon="2.86796"><ele>609</ele></trkpt><trkpt lat="43.48762" lon="2.86784"><ele>604.5</ele></trkpt><trkpt lat="43.48756" lon="2.86709"><ele>606.6</ele></trkpt><trkpt lat="43.48746" lon="2.86637"><ele>612.4</ele></trkpt><trkpt lat="43.48733" lon="2.86573"><ele>619.7</ele></trkpt><trkpt lat="43.48714" lon="2.86502"><ele>622.8</ele></trkpt><trkpt lat="43.48694" lon="2.8647"><ele>624.1</ele></trkpt><trkpt lat="43.48701" lon="2.86417"><ele>626.8</ele></trkpt><trkpt lat="43.48695" lon="2.86362"><ele>634.7</ele></trkpt><trkpt lat="43.48675" lon="2.86294"><ele>640.3</ele></trkpt><trkpt lat="43.48657" lon="2.86251"><ele>640.4</ele></trkpt><trkpt lat="43.48608" lon="2.8622"><ele>646.8</ele></trkpt><trkpt lat="43.48602" lon="2.86134"><ele>648.8</ele></trkpt><trkpt lat="43.48584" lon="2.86068"><ele>653.5</ele></trkpt><trkpt lat="43.48536" lon="2.86041"><ele>657.7</ele></trkpt><trkpt lat="43.48492" lon="2.86039"><ele>663.3</ele></trkpt><trkpt lat="43.48468" lon="2.85981"><ele>659.6</ele></trkpt><trkpt lat="43.4843" lon="2.85939"><ele>665.8</ele></trkpt><trkpt lat="43.48324" lon="2.8573"><ele>672.3</ele></trkpt><trkpt lat="43.48282" lon="2.85665"><ele>672.8</ele></trkpt><trkpt lat="43.48269" lon="2.85664"><ele>673.7</ele></trkpt><trkpt lat="43.48277" lon="2.85595"><ele>676.5</ele></trkpt><trkpt lat="43.48333" lon="2.85493"><ele>686.5</ele></trkpt><trkpt lat="43.4834" lon="2.85362"><ele>687.3</ele></trkpt><trkpt lat="43.48303" lon="2.85126"><ele>681.3</ele></trkpt><trkpt lat="43.48231" lon="2.85019"><ele>669.4</ele></trkpt><trkpt lat="43.48189" lon="2.84924"><ele>665.2</ele></trkpt><trkpt lat="43.48091" lon="2.8485"><ele>653.7</ele></trkpt><trkpt lat="43.47988" lon="2.84852"><ele>645.8</ele></trkpt><trkpt lat="43.47949" lon="2.8483"><ele>640.6</ele></trkpt><trkpt lat="43.47909" lon="2.84826"><ele>635.8</ele></trkpt><trkpt lat="43.47878" lon="2.84798"><ele>635</ele></trkpt><trkpt lat="43.47773" lon="2.84819"><ele>619.2</ele></trkpt><trkpt lat="43.4773" lon="2.84788"><ele>615.2</ele></trkpt><trkpt lat="43.47705" lon="2.84765"><ele>609.4</ele></trkpt><trkpt lat="43.4771" lon="2.84856"><ele>602.4</ele></trkpt><trkpt lat="43.47651" lon="2.84874"><ele>594.7</ele></trkpt><trkpt lat="43.47596" lon="2.84931"><ele>588.4</ele></trkpt><trkpt lat="43.47566" lon="2.85018"><ele>580.7</ele></trkpt><trkpt lat="43.47542" lon="2.85015"><ele>579.4</ele></trkpt><trkpt lat="43.47522" lon="2.84976"><ele>577.2</ele></trkpt><trkpt lat="43.47515" lon="2.84923"><ele>571.9</ele></trkpt><trkpt lat="43.47528" lon="2.84871"><ele>568.8</ele></trkpt><trkpt lat="43.47509" lon="2.8488"><ele>565.4</ele></trkpt><trkpt lat="43.4748" lon="2.84934"><ele>561.8</ele></trkpt><trkpt lat="43.47446" lon="2.85051"><ele>551.4</ele></trkpt><trkpt lat="43.47441" lon="2.85052"><ele>550.6</ele></trkpt><trkpt lat="43.47439" lon="2.8504"><ele>550.3</ele></trkpt><trkpt lat="43.47418" lon="2.8505"><ele>548</ele></trkpt><trkpt lat="43.47412" lon="2.85078"><ele>546.8</ele></trkpt><trkpt lat="43.47398" lon="2.85088"><ele>545.6</ele></trkpt><trkpt lat="43.4732" lon="2.85072"><ele>540.9</ele></trkpt><trkpt lat="43.47239" lon="2.85043"><ele>541.1</ele></trkpt><trkpt lat="43.47177" lon="2.85027"><ele>540</ele></trkpt><trkpt lat="43.47164" lon="2.85015"><ele>540.3</ele></trkpt><trkpt lat="43.47158" lon="2.84981"><ele>540.6</ele></trkpt><trkpt lat="43.47138" lon="2.84968"><ele>540.2</ele></trkpt><trkpt lat="43.47063" lon="2.84964"><ele>542.7</ele></trkpt><trkpt lat="43.46974" lon="2.84967"><ele>545.9</ele></trkpt><trkpt lat="43.46935" lon="2.84965"><ele>548.2</ele></trkpt><trkpt lat="43.46872" lon="2.84967"><ele>553.1</ele></trkpt><trkpt lat="43.46836" lon="2.8498"><ele>557.1</ele></trkpt><trkpt lat="43.46806" lon="2.85024"><ele>556.2</ele></trkpt><trkpt lat="43.46629" lon="2.8502"><ele>566.5</ele></trkpt><trkpt lat="43.46552" lon="2.84937"><ele>577</ele></trkpt><trkpt lat="43.46478" lon="2.84846"><ele>582.7</ele></trkpt><trkpt lat="43.46346" lon="2.84738"><ele>597.8</ele></trkpt><trkpt lat="43.46287" lon="2.84695"><ele>610.8</ele></trkpt><trkpt lat="43.4627" lon="2.84732"><ele>622.9</ele></trkpt><trkpt lat="43.46377" lon="2.84914"><ele>628.2</ele></trkpt><trkpt lat="43.46233" lon="2.84809"><ele>642.2</ele></trkpt><trkpt lat="43.46165" lon="2.84786"><ele>649.5</ele></trkpt><trkpt lat="43.46108" lon="2.84808"><ele>658.6</ele></trkpt><trkpt lat="43.46064" lon="2.84758"><ele>655.9</ele></trkpt><trkpt lat="43.46032" lon="2.84754"><ele>654.5</ele></trkpt><trkpt lat="43.45988" lon="2.84714"><ele>651.8</ele></trkpt><trkpt lat="43.45945" lon="2.84641"><ele>648</ele></trkpt><trkpt lat="43.45885" lon="2.84606"><ele>646.5</ele></trkpt><trkpt lat="43.45802" lon="2.84569"><ele>642.6</ele></trkpt><trkpt lat="43.45773" lon="2.84561"><ele>640.3</ele></trkpt><trkpt lat="43.45727" lon="2.84535"><ele>636.6</ele></trkpt><trkpt lat="43.45694" lon="2.84484"><ele>635.9</ele></trkpt><trkpt lat="43.45667" lon="2.84467"><ele>633.4</ele></trkpt><trkpt lat="43.45605" lon="2.84447"><ele>631.8</ele></trkpt><trkpt lat="43.45565" lon="2.84441"><ele>630.7</ele></trkpt><trkpt lat="43.45531" lon="2.844"><ele>630.6</ele></trkpt><trkpt lat="43.45513" lon="2.84362"><ele>628.8</ele></trkpt><trkpt lat="43.4549" lon="2.84238"><ele>627.3</ele></trkpt><trkpt lat="43.45471" lon="2.84173"><ele>623.4</ele></trkpt><trkpt lat="43.45461" lon="2.84094"><ele>621.7</ele></trkpt><trkpt lat="43.45469" lon="2.84004"><ele>620</ele></trkpt><trkpt lat="43.45482" lon="2.83932"><ele>617.8</ele></trkpt><trkpt lat="43.45498" lon="2.83867"><ele>617</ele></trkpt><trkpt lat="43.4549" lon="2.83834"><ele>614.7</ele></trkpt><trkpt lat="43.45455" lon="2.83767"><ele>611</ele></trkpt><trkpt lat="43.45455" lon="2.83691"><ele>611.1</ele></trkpt><trkpt lat="43.4547" lon="2.8362"><ele>610.1</ele></trkpt><trkpt lat="43.45451" lon="2.83594"><ele>607.9</ele></trkpt><trkpt lat="43.45421" lon="2.83598"><ele>604.4</ele></trkpt><trkpt lat="43.45393" lon="2.83597"><ele>601.6</ele></trkpt><trkpt lat="43.45366" lon="2.83582"><ele>602</ele></trkpt><trkpt lat="43.45322" lon="2.83495"><ele>598.3</ele></trkpt><trkpt lat="43.45292" lon="2.8337"><ele>595.8</ele></trkpt><trkpt lat="43.45285" lon="2.83298"><ele>594.1</ele></trkpt><trkpt lat="43.4527" lon="2.83272"><ele>595</ele></trkpt><trkpt lat="43.45255" lon="2.8327"><ele>595.1</ele></trkpt><trkpt lat="43.45228" lon="2.83297"><ele>597.7</ele></trkpt><trkpt lat="43.45214" lon="2.83501"><ele>591.1</ele></trkpt><trkpt lat="43.452" lon="2.83591"><ele>587.5</ele></trkpt><trkpt lat="43.45039" lon="2.83823"><ele>574.5</ele></trkpt><trkpt lat="43.44988" lon="2.83816"><ele>572.2</ele></trkpt><trkpt lat="43.44958" lon="2.83798"><ele>571.8</ele></trkpt><trkpt lat="43.44886" lon="2.83656"><ele>568.4</ele></trkpt><trkpt lat="43.44797" lon="2.83563"><ele>562.8</ele></trkpt><trkpt lat="43.44734" lon="2.83446"><ele>561.7</ele></trkpt><trkpt lat="43.44648" lon="2.83384"><ele>555.2</ele></trkpt><trkpt lat="43.44629" lon="2.83354"><ele>554.9</ele></trkpt><trkpt lat="43.4463" lon="2.83327"><ele>556.6</ele></trkpt><trkpt lat="43.44643" lon="2.83268"><ele>559.6</ele></trkpt><trkpt lat="43.44651" lon="2.83206"><ele>560.9</ele></trkpt><trkpt lat="43.4463" lon="2.83058"><ele>560.6</ele></trkpt><trkpt lat="43.44642" lon="2.82946"><ele>563.5</ele></trkpt><trkpt lat="43.44653" lon="2.82902"><ele>564.8</ele></trkpt><trkpt lat="43.44672" lon="2.82869"><ele>565</ele></trkpt><trkpt lat="43.44689" lon="2.82849"><ele>563.2</ele></trkpt><trkpt lat="43.44749" lon="2.82826"><ele>562.1</ele></trkpt><trkpt lat="43.44751" lon="2.82811"><ele>560.8</ele></trkpt><trkpt lat="43.44687" lon="2.82598"><ele>560.1</ele></trkpt><trkpt lat="43.44689" lon="2.82549"><ele>559.4</ele></trkpt><trkpt lat="43.44652" lon="2.82385"><ele>559.9</ele></trkpt><trkpt lat="43.44626" lon="2.82307"><ele>567.9</ele></trkpt><trkpt lat="43.4458" lon="2.82237"><ele>578.3</ele></trkpt><trkpt lat="43.44559" lon="2.82188"><ele>582.7</ele></trkpt><trkpt lat="43.44519" lon="2.82127"><ele>584.4</ele></trkpt><trkpt lat="43.44507" lon="2.82079"><ele>586.4</ele></trkpt><trkpt lat="43.44508" lon="2.82045"><ele>585.4</ele></trkpt><trkpt lat="43.44518" lon="2.82019"><ele>584.2</ele></trkpt><trkpt lat="43.44544" lon="2.82007"><ele>584.7</ele></trkpt><trkpt lat="43.44568" lon="2.81976"><ele>582.7</ele></trkpt><trkpt lat="43.44603" lon="2.81865"><ele>581.5</ele></trkpt><trkpt lat="43.44644" lon="2.81785"><ele>584.2</ele></trkpt><trkpt lat="43.44625" lon="2.81719"><ele>581</ele></trkpt><trkpt lat="43.44555" lon="2.81722"><ele>585.1</ele></trkpt><trkpt lat="43.4449" lon="2.8174"><ele>585.2</ele></trkpt><trkpt lat="43.44428" lon="2.81714"><ele>589.6</ele></trkpt><trkpt lat="43.44376" lon="2.81566"><ele>590.8</ele></trkpt><trkpt lat="43.44359" lon="2.81509"><ele>592.6</ele></trkpt><trkpt lat="43.44342" lon="2.81403"><ele>591.4</ele></trkpt><trkpt lat="43.44311" lon="2.81352"><ele>595</ele></trkpt><trkpt lat="43.44323" lon="2.81283"><ele>597</ele></trkpt><trkpt lat="43.44316" lon="2.81172"><ele>601.4</ele></trkpt><trkpt lat="43.44301" lon="2.81145"><ele>600.3</ele></trkpt><trkpt lat="43.44224" lon="2.81053"><ele>604.8</ele></trkpt><trkpt lat="43.44214" lon="2.81003"><ele>605.8</ele></trkpt><trkpt lat="43.44195" lon="2.80969"><ele>607</ele></trkpt><trkpt lat="43.44161" lon="2.8098"><ele>609.6</ele></trkpt><trkpt lat="43.44142" lon="2.81004"><ele>610.8</ele></trkpt><trkpt lat="43.44114" lon="2.81027"><ele>610</ele></trkpt><trkpt lat="43.44095" lon="2.81084"><ele>605.8</ele></trkpt><trkpt lat="43.44056" lon="2.81079"><ele>603.2</ele></trkpt><trkpt lat="43.44043" lon="2.81094"><ele>604.6</ele></trkpt><trkpt lat="43.4404" lon="2.81144"><ele>605.2</ele></trkpt><trkpt lat="43.44044" lon="2.81245"><ele>606.3</ele></trkpt><trkpt lat="43.4403" lon="2.81265"><ele>607.2</ele></trkpt><trkpt lat="43.43993" lon="2.81147"><ele>613.6</ele></trkpt><trkpt lat="43.43871" lon="2.81259"><ele>615.8</ele></trkpt><trkpt lat="43.43829" lon="2.81135"><ele>612</ele></trkpt><trkpt lat="43.43813" lon="2.81073"><ele>611.7</ele></trkpt><trkpt lat="43.43706" lon="2.80994"><ele>614.4</ele></trkpt><trkpt lat="43.43663" lon="2.8104"><ele>619.1</ele></trkpt><trkpt lat="43.43539" lon="2.80994"><ele>625.6</ele></trkpt><trkpt lat="43.43434" lon="2.80965"><ele>631.7</ele></trkpt><trkpt lat="43.43326" lon="2.81045"><ele>630.3</ele></trkpt><trkpt lat="43.43297" lon="2.81116"><ele>625.9</ele></trkpt><trkpt lat="43.43255" lon="2.81099"><ele>621.2</ele></trkpt><trkpt lat="43.43227" lon="2.81055"><ele>618.8</ele></trkpt><trkpt lat="43.43158" lon="2.81043"><ele>612.1</ele></trkpt><trkpt lat="43.4312" lon="2.8109"><ele>607.1</ele></trkpt><trkpt lat="43.43078" lon="2.81107"><ele>605.2</ele></trkpt><trkpt lat="43.43085" lon="2.81123"><ele>603.6</ele></trkpt><trkpt lat="43.43102" lon="2.81135"><ele>601.2</ele></trkpt><trkpt lat="43.43086" lon="2.81097"><ele>607</ele></trkpt><trkpt lat="43.4312" lon="2.8109"><ele>607.1</ele></trkpt><trkpt lat="43.43148" lon="2.81056"><ele>610.6</ele></trkpt><trkpt lat="43.4316" lon="2.81051"><ele>610.9</ele></trkpt><trkpt lat="43.43175" lon="2.81049"><ele>612.1</ele></trkpt><trkpt lat="43.4319" lon="2.81056"><ele>613.3</ele></trkpt><trkpt lat="43.43215" lon="2.81056"><ele>616.9</ele></trkpt><trkpt lat="43.43236" lon="2.8106"><ele>619.7</ele></trkpt><trkpt lat="43.43256" lon="2.81102"><ele>621.1</ele></trkpt><trkpt lat="43.43281" lon="2.81112"><ele>625.1</ele></trkpt><trkpt lat="43.43302" lon="2.81101"><ele>627.4</ele></trkpt><trkpt lat="43.43332" lon="2.81044"><ele>630.5</ele></trkpt><trkpt lat="43.43377" lon="2.80999"><ele>633.1</ele></trkpt><trkpt lat="43.43409" lon="2.80978"><ele>633.4</ele></trkpt><trkpt lat="43.43449" lon="2.8097"><ele>631.4</ele></trkpt><trkpt lat="43.4347" lon="2.80984"><ele>631</ele></trkpt><trkpt lat="43.43495" lon="2.80985"><ele>628.8</ele></trkpt><trkpt lat="43.43532" lon="2.80994"><ele>626.1</ele></trkpt><trkpt lat="43.43562" lon="2.81007"><ele>625</ele></trkpt><trkpt lat="43.43667" lon="2.81034"><ele>618.4</ele></trkpt><trkpt lat="43.43709" lon="2.80996"><ele>614.3</ele></trkpt><trkpt lat="43.43741" lon="2.81016"><ele>613</ele></trkpt><trkpt lat="43.43794" lon="2.81058"><ele>612.4</ele></trkpt><trkpt lat="43.4382" lon="2.81075"><ele>611.5</ele></trkpt><trkpt lat="43.43869" lon="2.81255"><ele>615.5</ele></trkpt><trkpt lat="43.43925" lon="2.81219"><ele>616.3</ele></trkpt><trkpt lat="43.43979" lon="2.81155"><ele>614.8</ele></trkpt><trkpt lat="43.44021" lon="2.81228"><ele>610</ele></trkpt><trkpt lat="43.44037" lon="2.81279"><ele>606</ele></trkpt><trkpt lat="43.44045" lon="2.81246"><ele>606.2</ele></trkpt><trkpt lat="43.44047" lon="2.81226"><ele>606.2</ele></trkpt><trkpt lat="43.44042" lon="2.81159"><ele>605.5</ele></trkpt><trkpt lat="43.44043" lon="2.81104"><ele>604.3</ele></trkpt><trkpt lat="43.44076" lon="2.81077"><ele>605</ele></trkpt><trkpt lat="43.44103" lon="2.81079"><ele>606.7</ele></trkpt><trkpt lat="43.44109" lon="2.81029"><ele>609.9</ele></trkpt><trkpt lat="43.44143" lon="2.81006"><ele>610.7</ele></trkpt><trkpt lat="43.44168" lon="2.80977"><ele>609.1</ele></trkpt><trkpt lat="43.44195" lon="2.80966"><ele>607</ele></trkpt><trkpt lat="43.4423" lon="2.81057"><ele>604.2</ele></trkpt><trkpt lat="43.44283" lon="2.81114"><ele>599.3</ele></trkpt><trkpt lat="43.44314" lon="2.81163"><ele>601.7</ele></trkpt><trkpt lat="43.44348" lon="2.81193"><ele>603.2</ele></trkpt><trkpt lat="43.44373" lon="2.81207"><ele>603.1</ele></trkpt><trkpt lat="43.44382" lon="2.81201"><ele>603.5</ele></trkpt><trkpt lat="43.444" lon="2.81151"><ele>606</ele></trkpt><trkpt lat="43.44442" lon="2.81153"><ele>606.8</ele></trkpt><trkpt lat="43.44476" lon="2.81142"><ele>610.2</ele></trkpt><trkpt lat="43.44528" lon="2.81083"><ele>612.1</ele></trkpt><trkpt lat="43.44552" lon="2.81011"><ele>617.3</ele></trkpt><trkpt lat="43.44551" lon="2.80979"><ele>620.9</ele></trkpt><trkpt lat="43.44554" lon="2.80948"><ele>621.3</ele></trkpt><trkpt lat="43.44551" lon="2.8091"><ele>622.7</ele></trkpt><trkpt lat="43.44558" lon="2.80895"><ele>621.6</ele></trkpt><trkpt lat="43.44569" lon="2.80849"><ele>624</ele></trkpt><trkpt lat="43.44569" lon="2.80815"><ele>628.8</ele></trkpt><trkpt lat="43.44586" lon="2.80794"><ele>629.3</ele></trkpt><trkpt lat="43.44593" lon="2.80796"><ele>631.6</ele></trkpt><trkpt lat="43.44593" lon="2.80846"><ele>624.3</ele></trkpt><trkpt lat="43.44608" lon="2.8087"><ele>627.4</ele></trkpt><trkpt lat="43.4463" lon="2.80869"><ele>633.1</ele></trkpt><trkpt lat="43.44687" lon="2.80876"><ele>639.3</ele></trkpt><trkpt lat="43.447" lon="2.80883"><ele>640</ele></trkpt><trkpt lat="43.44691" lon="2.80948"><ele>637.5</ele></trkpt><trkpt lat="43.44689" lon="2.81006"><ele>638.8</ele></trkpt><trkpt lat="43.44692" lon="2.81049"><ele>641.1</ele></trkpt><trkpt lat="43.44708" lon="2.81079"><ele>643.8</ele></trkpt><trkpt lat="43.44747" lon="2.81113"><ele>649.3</ele></trkpt><trkpt lat="43.44774" lon="2.81127"><ele>649.8</ele></trkpt><trkpt lat="43.44772" lon="2.81113"><ele>652.1</ele></trkpt><trkpt lat="43.44749" lon="2.81086"><ele>652.5</ele></trkpt><trkpt lat="43.44739" lon="2.81064"><ele>652.6</ele></trkpt><trkpt lat="43.44741" lon="2.80997"><ele>659.2</ele></trkpt><trkpt lat="43.44757" lon="2.80947"><ele>664.8</ele></trkpt><trkpt lat="43.44793" lon="2.80862"><ele>667.9</ele></trkpt><trkpt lat="43.44813" lon="2.80843"><ele>671.9</ele></trkpt><trkpt lat="43.44809" lon="2.80817"><ele>671.9</ele></trkpt><trkpt lat="43.44734" lon="2.8077"><ele>673.5</ele></trkpt><trkpt lat="43.44725" lon="2.80732"><ele>676.9</ele></trkpt><trkpt lat="43.44736" lon="2.80652"><ele>685</ele></trkpt><trkpt lat="43.44769" lon="2.8049"><ele>700.4</ele></trkpt><trkpt lat="43.44816" lon="2.80395"><ele>705.5</ele></trkpt><trkpt lat="43.44816" lon="2.80379"><ele>706.5</ele></trkpt><trkpt lat="43.44803" lon="2.80374"><ele>704.9</ele></trkpt><trkpt lat="43.44733" lon="2.80374"><ele>707.6</ele></trkpt><trkpt lat="43.44696" lon="2.80367"><ele>710.5</ele></trkpt><trkpt lat="43.44653" lon="2.80339"><ele>712.9</ele></trkpt><trkpt lat="43.44632" lon="2.80309"><ele>715.9</ele></trkpt><trkpt lat="43.44613" lon="2.80291"><ele>717.3</ele></trkpt><trkpt lat="43.44601" lon="2.8027"><ele>718.8</ele></trkpt><trkpt lat="43.44551" lon="2.80126"><ele>732.4</ele></trkpt><trkpt lat="43.44498" lon="2.80016"><ele>725.6</ele></trkpt><trkpt lat="43.44408" lon="2.79882"><ele>720</ele></trkpt><trkpt lat="43.44352" lon="2.79767"><ele>717.8</ele></trkpt><trkpt lat="43.4433" lon="2.79709"><ele>713.3</ele></trkpt><trkpt lat="43.44346" lon="2.79616"><ele>714.7</ele></trkpt><trkpt lat="43.44393" lon="2.79526"><ele>715.1</ele></trkpt><trkpt lat="43.4437" lon="2.79472"><ele>707.9</ele></trkpt><trkpt lat="43.44299" lon="2.79416"><ele>702.2</ele></trkpt><trkpt lat="43.44272" lon="2.79361"><ele>698.7</ele></trkpt><trkpt lat="43.44274" lon="2.79252"><ele>695.6</ele></trkpt><trkpt lat="43.44299" lon="2.79166"><ele>695.8</ele></trkpt><trkpt lat="43.44346" lon="2.79119"><ele>702.9</ele></trkpt><trkpt lat="43.44341" lon="2.79071"><ele>702.1</ele></trkpt><trkpt lat="43.44252" lon="2.79052"><ele>693.1</ele></trkpt><trkpt lat="43.44148" lon="2.7911"><ele>692.2</ele></trkpt><trkpt lat="43.44104" lon="2.79167"><ele>688.9</ele></trkpt><trkpt lat="43.44037" lon="2.79134"><ele>690.5</ele></trkpt><trkpt lat="43.44005" lon="2.7914"><ele>690.8</ele></trkpt><trkpt lat="43.43923" lon="2.79242"><ele>687.3</ele></trkpt><trkpt lat="43.43882" lon="2.79198"><ele>685.3</ele></trkpt><trkpt lat="43.43866" lon="2.79117"><ele>685</ele></trkpt><trkpt lat="43.43868" lon="2.79022"><ele>683.8</ele></trkpt><trkpt lat="43.43905" lon="2.78969"><ele>685.6</ele></trkpt><trkpt lat="43.43926" lon="2.78919"><ele>683.6</ele></trkpt><trkpt lat="43.4401" lon="2.78881"><ele>684.7</ele></trkpt><trkpt lat="43.44056" lon="2.78808"><ele>683.6</ele></trkpt><trkpt lat="43.4406" lon="2.78732"><ele>683.6</ele></trkpt><trkpt lat="43.43972" lon="2.78745"><ele>681.2</ele></trkpt><trkpt lat="43.43913" lon="2.78737"><ele>675.4</ele></trkpt><trkpt lat="43.43861" lon="2.7863"><ele>681</ele></trkpt><trkpt lat="43.43814" lon="2.78661"><ele>685.3</ele></trkpt><trkpt lat="43.43786" lon="2.78763"><ele>670.3</ele></trkpt><trkpt lat="43.43692" lon="2.78835"><ele>666.4</ele></trkpt><trkpt lat="43.43595" lon="2.78784"><ele>664.9</ele></trkpt><trkpt lat="43.43565" lon="2.78701"><ele>664.9</ele></trkpt><trkpt lat="43.43556" lon="2.786"><ele>663.5</ele></trkpt><trkpt lat="43.43578" lon="2.78511"><ele>662.5</ele></trkpt><trkpt lat="43.43617" lon="2.78458"><ele>662.9</ele></trkpt><trkpt lat="43.43673" lon="2.78439"><ele>663.5</ele></trkpt><trkpt lat="43.43671" lon="2.78407"><ele>663.7</ele></trkpt><trkpt lat="43.4359" lon="2.78358"><ele>662.1</ele></trkpt><trkpt lat="43.43477" lon="2.78387"><ele>659.4</ele></trkpt><trkpt lat="43.43442" lon="2.78345"><ele>662</ele></trkpt><trkpt lat="43.43415" lon="2.78343"><ele>660.8</ele></trkpt><trkpt lat="43.43376" lon="2.78438"><ele>653.4</ele></trkpt><trkpt lat="43.43338" lon="2.78456"><ele>652.9</ele></trkpt><trkpt lat="43.43309" lon="2.7845"><ele>651.7</ele></trkpt><trkpt lat="43.4326" lon="2.7846"><ele>649.6</ele></trkpt><trkpt lat="43.43231" lon="2.78455"><ele>645.4</ele></trkpt><trkpt lat="43.43191" lon="2.78479"><ele>640.3</ele></trkpt><trkpt lat="43.43125" lon="2.78525"><ele>635.9</ele></trkpt><trkpt lat="43.43112" lon="2.78519"><ele>634.8</ele></trkpt><trkpt lat="43.43107" lon="2.78511"><ele>634.1</ele></trkpt><trkpt lat="43.4311" lon="2.78489"><ele>633.5</ele></trkpt><trkpt lat="43.43094" lon="2.78454"><ele>631.5</ele></trkpt><trkpt lat="43.4306" lon="2.78419"><ele>627.6</ele></trkpt><trkpt lat="43.43052" lon="2.78394"><ele>626.3</ele></trkpt><trkpt lat="43.43052" lon="2.7835"><ele>623.8</ele></trkpt><trkpt lat="43.43065" lon="2.78311"><ele>622.1</ele></trkpt><trkpt lat="43.43061" lon="2.78253"><ele>617.9</ele></trkpt><trkpt lat="43.43061" lon="2.7818"><ele>613.1</ele></trkpt><trkpt lat="43.43092" lon="2.78141"><ele>609.3</ele></trkpt><trkpt lat="43.43082" lon="2.78082"><ele>624.1</ele></trkpt><trkpt lat="43.43034" lon="2.78034"><ele>622.4</ele></trkpt><trkpt lat="43.42962" lon="2.77973"><ele>625.3</ele></trkpt><trkpt lat="43.42944" lon="2.77945"><ele>626.9</ele></trkpt><trkpt lat="43.42918" lon="2.77865"><ele>627.4</ele></trkpt><trkpt lat="43.42963" lon="2.77704"><ele>632.8</ele></trkpt><trkpt lat="43.42907" lon="2.77699"><ele>624.6</ele></trkpt><trkpt lat="43.42821" lon="2.77718"><ele>611.2</ele></trkpt><trkpt lat="43.42773" lon="2.77725"><ele>608.8</ele></trkpt><trkpt lat="43.42735" lon="2.77718"><ele>610</ele></trkpt><trkpt lat="43.42712" lon="2.77708"><ele>612.2</ele></trkpt><trkpt lat="43.42694" lon="2.77692"><ele>613.7</ele></trkpt><trkpt lat="43.42674" lon="2.77668"><ele>617.1</ele></trkpt><trkpt lat="43.42638" lon="2.7767"><ele>612.2</ele></trkpt><trkpt lat="43.42579" lon="2.77659"><ele>607.4</ele></trkpt><trkpt lat="43.42549" lon="2.77641"><ele>605.8</ele></trkpt><trkpt lat="43.42523" lon="2.77642"><ele>601.7</ele></trkpt><trkpt lat="43.42445" lon="2.77575"><ele>593.1</ele></trkpt><trkpt lat="43.42411" lon="2.77531"><ele>591.6</ele></trkpt><trkpt lat="43.42341" lon="2.7751"><ele>580.7</ele></trkpt><trkpt lat="43.4231" lon="2.77451"><ele>586.7</ele></trkpt><trkpt lat="43.42265" lon="2.77293"><ele>597.6</ele></trkpt><trkpt lat="43.42209" lon="2.77181"><ele>606.4</ele></trkpt><trkpt lat="43.42193" lon="2.77137"><ele>611.4</ele></trkpt><trkpt lat="43.42148" lon="2.77056"><ele>617</ele></trkpt><trkpt lat="43.42116" lon="2.77018"><ele>618.2</ele></trkpt><trkpt lat="43.42022" lon="2.76922"><ele>631.2</ele></trkpt><trkpt lat="43.41993" lon="2.76914"><ele>630.5</ele></trkpt><trkpt lat="43.41944" lon="2.76927"><ele>632.9</ele></trkpt><trkpt lat="43.41921" lon="2.76925"><ele>632.8</ele></trkpt><trkpt lat="43.41841" lon="2.76949"><ele>631.2</ele></trkpt><trkpt lat="43.4182" lon="2.76972"><ele>630.1</ele></trkpt><trkpt lat="43.41782" lon="2.76987"><ele>626.5</ele></trkpt><trkpt lat="43.41746" lon="2.77017"><ele>623.5</ele></trkpt><trkpt lat="43.41734" lon="2.77035"><ele>622.9</ele></trkpt><trkpt lat="43.41693" lon="2.7705"><ele>617.1</ele></trkpt><trkpt lat="43.41668" lon="2.77067"><ele>613.1</ele></trkpt><trkpt lat="43.41594" lon="2.77139"><ele>603.9</ele></trkpt><trkpt lat="43.41533" lon="2.77244"><ele>593.3</ele></trkpt><trkpt lat="43.4152" lon="2.77252"><ele>590.7</ele></trkpt><trkpt lat="43.41499" lon="2.77256"><ele>587.1</ele></trkpt><trkpt lat="43.41485" lon="2.77269"><ele>586.1</ele></trkpt><trkpt lat="43.41459" lon="2.7726"><ele>582.8</ele></trkpt><trkpt lat="43.41431" lon="2.77274"><ele>579.1</ele></trkpt><trkpt lat="43.41274" lon="2.77327"><ele>568.6</ele></trkpt><trkpt lat="43.41257" lon="2.77316"><ele>567.2</ele></trkpt><trkpt lat="43.41234" lon="2.7728"><ele>564.7</ele></trkpt><trkpt lat="43.41226" lon="2.77275"><ele>563.5</ele></trkpt><trkpt lat="43.41214" lon="2.77289"><ele>562.5</ele></trkpt><trkpt lat="43.41196" lon="2.77335"><ele>559.4</ele></trkpt><trkpt lat="43.41171" lon="2.7737"><ele>556.4</ele></trkpt><trkpt lat="43.41169" lon="2.77412"><ele>554.7</ele></trkpt><trkpt lat="43.41196" lon="2.77496"><ele>551.7</ele></trkpt><trkpt lat="43.41192" lon="2.77543"><ele>546</ele></trkpt><trkpt lat="43.41171" lon="2.77588"><ele>539.1</ele></trkpt><trkpt lat="43.41182" lon="2.7763"><ele>534.7</ele></trkpt><trkpt lat="43.41157" lon="2.77628"><ele>532.6</ele></trkpt><trkpt lat="43.41134" lon="2.77616"><ele>533.5</ele></trkpt><trkpt lat="43.41061" lon="2.77656"><ele>528</ele></trkpt><trkpt lat="43.41022" lon="2.77657"><ele>524.8</ele></trkpt><trkpt lat="43.40987" lon="2.77634"><ele>522.7</ele></trkpt><trkpt lat="43.40963" lon="2.77625"><ele>520</ele></trkpt><trkpt lat="43.40944" lon="2.77637"><ele>518</ele></trkpt><trkpt lat="43.40915" lon="2.77614"><ele>514.9</ele></trkpt><trkpt lat="43.40919" lon="2.77591"><ele>513.1</ele></trkpt><trkpt lat="43.40951" lon="2.77551"><ele>511.5</ele></trkpt><trkpt lat="43.40975" lon="2.77528"><ele>511.8</ele></trkpt><trkpt lat="43.40976" lon="2.77509"><ele>512</ele></trkpt><trkpt lat="43.40967" lon="2.77496"><ele>510.1</ele></trkpt><trkpt lat="43.40915" lon="2.77463"><ele>502.5</ele></trkpt><trkpt lat="43.40884" lon="2.77416"><ele>499.8</ele></trkpt><trkpt lat="43.40872" lon="2.77366"><ele>498.2</ele></trkpt><trkpt lat="43.40869" lon="2.77303"><ele>496.3</ele></trkpt><trkpt lat="43.40889" lon="2.77261"><ele>497.6</ele></trkpt><trkpt lat="43.40936" lon="2.77223"><ele>500</ele></trkpt><trkpt lat="43.41036" lon="2.7716"><ele>504.5</ele></trkpt><trkpt lat="43.41053" lon="2.77141"><ele>509.2</ele></trkpt><trkpt lat="43.41024" lon="2.77082"><ele>509.4</ele></trkpt><trkpt lat="43.40989" lon="2.77044"><ele>510.1</ele></trkpt><trkpt lat="43.40961" lon="2.77024"><ele>508</ele></trkpt><trkpt lat="43.40939" lon="2.76974"><ele>508</ele></trkpt><trkpt lat="43.4093" lon="2.76917"><ele>509.4</ele></trkpt><trkpt lat="43.4086" lon="2.76811"><ele>499.6</ele></trkpt><trkpt lat="43.40846" lon="2.7678"><ele>493.2</ele></trkpt><trkpt lat="43.4091" lon="2.76777"><ele>489.8</ele></trkpt><trkpt lat="43.40918" lon="2.76783"><ele>491</ele></trkpt><trkpt lat="43.40936" lon="2.7677"><ele>487.3</ele></trkpt><trkpt lat="43.40966" lon="2.76695"><ele>474</ele></trkpt><trkpt lat="43.40973" lon="2.76664"><ele>469.4</ele></trkpt><trkpt lat="43.41008" lon="2.76648"><ele>465.3</ele></trkpt><trkpt lat="43.40966" lon="2.76619"><ele>456.2</ele></trkpt><trkpt lat="43.40876" lon="2.76604"><ele>447.6</ele></trkpt><trkpt lat="43.40827" lon="2.76608"><ele>443.4</ele></trkpt><trkpt lat="43.40774" lon="2.76616"><ele>439</ele></trkpt><trkpt lat="43.40754" lon="2.76605"><ele>440.4</ele></trkpt><trkpt lat="43.40716" lon="2.76634"><ele>436.6</ele></trkpt><trkpt lat="43.40642" lon="2.76649"><ele>438.5</ele></trkpt><trkpt lat="43.40573" lon="2.76696"><ele>440.8</ele></trkpt><trkpt lat="43.40503" lon="2.76757"><ele>445.5</ele></trkpt><trkpt lat="43.40442" lon="2.76825"><ele>441.7</ele></trkpt><trkpt lat="43.40446" lon="2.76755"><ele>435.9</ele></trkpt><trkpt lat="43.40463" lon="2.7671"><ele>437.8</ele></trkpt><trkpt lat="43.40454" lon="2.76625"><ele>435.9</ele></trkpt><trkpt lat="43.40412" lon="2.76534"><ele>428.5</ele></trkpt><trkpt lat="43.40418" lon="2.76484"><ele>434.3</ele></trkpt><trkpt lat="43.40382" lon="2.76468"><ele>433.6</ele></trkpt><trkpt lat="43.40338" lon="2.76432"><ele>441.1</ele></trkpt><trkpt lat="43.40285" lon="2.76413"><ele>445.7</ele></trkpt><trkpt lat="43.40257" lon="2.76407"><ele>448.9</ele></trkpt><trkpt lat="43.40224" lon="2.76385"><ele>452.1</ele></trkpt><trkpt lat="43.40204" lon="2.76425"><ele>457.5</ele></trkpt><trkpt lat="43.40187" lon="2.76368"><ele>460.4</ele></trkpt><trkpt lat="43.40174" lon="2.76341"><ele>465.1</ele></trkpt><trkpt lat="43.40175" lon="2.76312"><ele>468</ele></trkpt><trkpt lat="43.40144" lon="2.76332"><ele>471.2</ele></trkpt><trkpt lat="43.4013" lon="2.76374"><ele>470.4</ele></trkpt><trkpt lat="43.40102" lon="2.76355"><ele>471.4</ele></trkpt><trkpt lat="43.40074" lon="2.76315"><ele>473.3</ele></trkpt><trkpt lat="43.4007" lon="2.76251"><ele>477.4</ele></trkpt><trkpt lat="43.40074" lon="2.76191"><ele>480.9</ele></trkpt><trkpt lat="43.40065" lon="2.76124"><ele>484.4</ele></trkpt><trkpt lat="43.40036" lon="2.76052"><ele>486.7</ele></trkpt><trkpt lat="43.40009" lon="2.75952"><ele>487.3</ele></trkpt><trkpt lat="43.39971" lon="2.75857"><ele>490.2</ele></trkpt><trkpt lat="43.39933" lon="2.7578"><ele>492.6</ele></trkpt><trkpt lat="43.39868" lon="2.75698"><ele>494.8</ele></trkpt><trkpt lat="43.39807" lon="2.75531"><ele>494</ele></trkpt><trkpt lat="43.39804" lon="2.75486"><ele>493.5</ele></trkpt><trkpt lat="43.39782" lon="2.7546"><ele>493.6</ele></trkpt><trkpt lat="43.3974" lon="2.75474"><ele>492</ele></trkpt><trkpt lat="43.3972" lon="2.75486"><ele>491.5</ele></trkpt><trkpt lat="43.39693" lon="2.75483"><ele>491.6</ele></trkpt><trkpt lat="43.39639" lon="2.75432"><ele>491.1</ele></trkpt><trkpt lat="43.39601" lon="2.75383"><ele>491.7</ele></trkpt><trkpt lat="43.39588" lon="2.75333"><ele>491.5</ele></trkpt><trkpt lat="43.39599" lon="2.75196"><ele>493.7</ele></trkpt><trkpt lat="43.39572" lon="2.75122"><ele>497</ele></trkpt><trkpt lat="43.39532" lon="2.75064"><ele>498.3</ele></trkpt><trkpt lat="43.39471" lon="2.75002"><ele>500.5</ele></trkpt><trkpt lat="43.39446" lon="2.74944"><ele>501.7</ele></trkpt><trkpt lat="43.39427" lon="2.74845"><ele>502.4</ele></trkpt><trkpt lat="43.39359" lon="2.74804"><ele>501.8</ele></trkpt><trkpt lat="43.39273" lon="2.74791"><ele>499.9</ele></trkpt><trkpt lat="43.39251" lon="2.74771"><ele>499</ele></trkpt><trkpt lat="43.39172" lon="2.74629"><ele>500.3</ele></trkpt><trkpt lat="43.39088" lon="2.74526"><ele>497.7</ele></trkpt><trkpt lat="43.39039" lon="2.74411"><ele>493.9</ele></trkpt><trkpt lat="43.38893" lon="2.74236"><ele>493.7</ele></trkpt><trkpt lat="43.38868" lon="2.74131"><ele>493.2</ele></trkpt><trkpt lat="43.38863" lon="2.74083"><ele>491.9</ele></trkpt><trkpt lat="43.38858" lon="2.74092"><ele>492.2</ele></trkpt><trkpt lat="43.38845" lon="2.74118"><ele>493.1</ele></trkpt><trkpt lat="43.38867" lon="2.74225"><ele>493.2</ele></trkpt><trkpt lat="43.38885" lon="2.74277"><ele>493.7</ele></trkpt><trkpt lat="43.38904" lon="2.74407"><ele>490.5</ele></trkpt><trkpt lat="43.38897" lon="2.74453"><ele>488.6</ele></trkpt><trkpt lat="43.3885" lon="2.745"><ele>484</ele></trkpt><trkpt lat="43.38813" lon="2.74587"><ele>482.2</ele></trkpt><trkpt lat="43.3873" lon="2.74672"><ele>482.3</ele></trkpt><trkpt lat="43.38725" lon="2.74686"><ele>482.1</ele></trkpt><trkpt lat="43.38737" lon="2.74758"><ele>480.4</ele></trkpt><trkpt lat="43.38731" lon="2.74794"><ele>478</ele></trkpt><trkpt lat="43.38698" lon="2.74819"><ele>477</ele></trkpt><trkpt lat="43.38655" lon="2.74866"><ele>476.8</ele></trkpt><trkpt lat="43.38635" lon="2.74883"><ele>475.7</ele></trkpt><trkpt lat="43.38615" lon="2.74882"><ele>474.9</ele></trkpt><trkpt lat="43.38537" lon="2.74931"><ele>475.3</ele></trkpt><trkpt lat="43.38453" lon="2.74948"><ele>478.9</ele></trkpt><trkpt lat="43.38412" lon="2.74947"><ele>478.6</ele></trkpt><trkpt lat="43.3834" lon="2.74919"><ele>476.2</ele></trkpt><trkpt lat="43.38275" lon="2.74883"><ele>471.7</ele></trkpt><trkpt lat="43.38256" lon="2.74809"><ele>470.3</ele></trkpt><trkpt lat="43.38245" lon="2.74783"><ele>469.8</ele></trkpt><trkpt lat="43.38213" lon="2.74759"><ele>468.9</ele></trkpt><trkpt lat="43.38147" lon="2.74656"><ele>464</ele></trkpt><trkpt lat="43.3811" lon="2.74635"><ele>462.3</ele></trkpt><trkpt lat="43.38091" lon="2.74595"><ele>457.2</ele></trkpt><trkpt lat="43.38026" lon="2.74532"><ele>451.6</ele></trkpt><trkpt lat="43.37975" lon="2.74469"><ele>448.5</ele></trkpt><trkpt lat="43.37912" lon="2.74452"><ele>444</ele></trkpt><trkpt lat="43.37866" lon="2.74389"><ele>447.3</ele></trkpt><trkpt lat="43.37805" lon="2.74448"><ele>442</ele></trkpt><trkpt lat="43.37758" lon="2.74472"><ele>437.2</ele></trkpt><trkpt lat="43.37733" lon="2.74489"><ele>433.8</ele></trkpt><trkpt lat="43.37688" lon="2.74497"><ele>428.4</ele></trkpt><trkpt lat="43.37643" lon="2.74517"><ele>423.4</ele></trkpt><trkpt lat="43.37612" lon="2.74509"><ele>421.1</ele></trkpt><trkpt lat="43.37576" lon="2.74506"><ele>419.5</ele></trkpt><trkpt lat="43.37504" lon="2.74543"><ele>414.3</ele></trkpt><trkpt lat="43.37481" lon="2.7455"><ele>412.2</ele></trkpt><trkpt lat="43.37432" lon="2.74549"><ele>407.7</ele></trkpt><trkpt lat="43.37388" lon="2.74528"><ele>402.9</ele></trkpt><trkpt lat="43.37299" lon="2.74519"><ele>395.5</ele></trkpt><trkpt lat="43.37257" lon="2.74525"><ele>391.8</ele></trkpt><trkpt lat="43.37237" lon="2.74521"><ele>390.2</ele></trkpt><trkpt lat="43.37213" lon="2.745"><ele>388.3</ele></trkpt><trkpt lat="43.37189" lon="2.74469"><ele>385.3</ele></trkpt><trkpt lat="43.37157" lon="2.7444"><ele>381.2</ele></trkpt><trkpt lat="43.37146" lon="2.74434"><ele>380.2</ele></trkpt><trkpt lat="43.3712" lon="2.74435"><ele>377.6</ele></trkpt><trkpt lat="43.37101" lon="2.74443"><ele>375.9</ele></trkpt><trkpt lat="43.37081" lon="2.74492"><ele>373.1</ele></trkpt><trkpt lat="43.37039" lon="2.74523"><ele>367.7</ele></trkpt><trkpt lat="43.37016" lon="2.7455"><ele>364.4</ele></trkpt><trkpt lat="43.3699" lon="2.74565"><ele>360.8</ele></trkpt><trkpt lat="43.36978" lon="2.74565"><ele>359.4</ele></trkpt><trkpt lat="43.36954" lon="2.74552"><ele>357.3</ele></trkpt><trkpt lat="43.36804" lon="2.74651"><ele>345.5</ele></trkpt><trkpt lat="43.3678" lon="2.74677"><ele>343.1</ele></trkpt><trkpt lat="43.36762" lon="2.74705"><ele>341.5</ele></trkpt><trkpt lat="43.36744" lon="2.74727"><ele>339.7</ele></trkpt><trkpt lat="43.36693" lon="2.74738"><ele>335.8</ele></trkpt><trkpt lat="43.36676" lon="2.74737"><ele>334</ele></trkpt><trkpt lat="43.36651" lon="2.7475"><ele>331.9</ele></trkpt><trkpt lat="43.36639" lon="2.74749"><ele>331</ele></trkpt><trkpt lat="43.36626" lon="2.74737"><ele>329.4</ele></trkpt><trkpt lat="43.36611" lon="2.7471"><ele>327.4</ele></trkpt><trkpt lat="43.36569" lon="2.74669"><ele>323</ele></trkpt><trkpt lat="43.36528" lon="2.74644"><ele>318</ele></trkpt><trkpt lat="43.3651" lon="2.74652"><ele>316.1</ele></trkpt><trkpt lat="43.36433" lon="2.7464"><ele>307.8</ele></trkpt><trkpt lat="43.36402" lon="2.74629"><ele>305.3</ele></trkpt><trkpt lat="43.36378" lon="2.7463"><ele>303.5</ele></trkpt><trkpt lat="43.36342" lon="2.74619"><ele>300.8</ele></trkpt><trkpt lat="43.36292" lon="2.74568"><ele>296.8</ele></trkpt><trkpt lat="43.36287" lon="2.74567"><ele>296.2</ele></trkpt><trkpt lat="43.36275" lon="2.74574"><ele>294.7</ele></trkpt><trkpt lat="43.36271" lon="2.74584"><ele>294.3</ele></trkpt><trkpt lat="43.36258" lon="2.74594"><ele>293.7</ele></trkpt><trkpt lat="43.36199" lon="2.74545"><ele>288</ele></trkpt><trkpt lat="43.36158" lon="2.74503"><ele>282.9</ele></trkpt><trkpt lat="43.36134" lon="2.74484"><ele>281.1</ele></trkpt><trkpt lat="43.36091" lon="2.74461"><ele>276</ele></trkpt><trkpt lat="43.35943" lon="2.74446"><ele>259.9</ele></trkpt><trkpt lat="43.35931" lon="2.7444"><ele>258.7</ele></trkpt><trkpt lat="43.35918" lon="2.74428"><ele>256.9</ele></trkpt><trkpt lat="43.35905" lon="2.74428"><ele>255.6</ele></trkpt><trkpt lat="43.35845" lon="2.74457"><ele>248.6</ele></trkpt><trkpt lat="43.35798" lon="2.74475"><ele>241.2</ele></trkpt><trkpt lat="43.35757" lon="2.74506"><ele>234.5</ele></trkpt><trkpt lat="43.35728" lon="2.74542"><ele>229.6</ele></trkpt><trkpt lat="43.35716" lon="2.74547"><ele>228.8</ele></trkpt><trkpt lat="43.35695" lon="2.74547"><ele>226.5</ele></trkpt><trkpt lat="43.35686" lon="2.7455"><ele>223.8</ele></trkpt><trkpt lat="43.35648" lon="2.74596"><ele>219.1</ele></trkpt><trkpt lat="43.35617" lon="2.74624"><ele>215.1</ele></trkpt><trkpt lat="43.35593" lon="2.7466"><ele>210</ele></trkpt><trkpt lat="43.35579" lon="2.74715"><ele>210.1</ele></trkpt><trkpt lat="43.35564" lon="2.74731"><ele>207.4</ele></trkpt><trkpt lat="43.35548" lon="2.74734"><ele>204.9</ele></trkpt><trkpt lat="43.35538" lon="2.74739"><ele>204.6</ele></trkpt><trkpt lat="43.3553" lon="2.74756"><ele>205.4</ele></trkpt><trkpt lat="43.35527" lon="2.74794"><ele>204.7</ele></trkpt><trkpt lat="43.35523" lon="2.74804"><ele>204.2</ele></trkpt><trkpt lat="43.35508" lon="2.74802"><ele>201.1</ele></trkpt><trkpt lat="43.35492" lon="2.74795"><ele>195.8</ele></trkpt><trkpt lat="43.35481" lon="2.74795"><ele>195</ele></trkpt><trkpt lat="43.35471" lon="2.74806"><ele>196.2</ele></trkpt><trkpt lat="43.35459" lon="2.74833"><ele>194.2</ele></trkpt><trkpt lat="43.35445" lon="2.7484"><ele>190.6</ele></trkpt><trkpt lat="43.35432" lon="2.74855"><ele>190.1</ele></trkpt><trkpt lat="43.35408" lon="2.74871"><ele>187.6</ele></trkpt><trkpt lat="43.35399" lon="2.7489"><ele>187.1</ele></trkpt><trkpt lat="43.35416" lon="2.74934"><ele>189.3</ele></trkpt><trkpt lat="43.35415" lon="2.74942"><ele>189.1</ele></trkpt><trkpt lat="43.35396" lon="2.74931"><ele>187.3</ele></trkpt><trkpt lat="43.35373" lon="2.74907"><ele>183.9</ele></trkpt><trkpt lat="43.35354" lon="2.74897"><ele>181</ele></trkpt><trkpt lat="43.35338" lon="2.74874"><ele>179</ele></trkpt><trkpt lat="43.35269" lon="2.74834"><ele>172.6</ele></trkpt><trkpt lat="43.35256" lon="2.74833"><ele>167.2</ele></trkpt><trkpt lat="43.35218" lon="2.74857"><ele>166.8</ele></trkpt><trkpt lat="43.352" lon="2.74856"><ele>163.7</ele></trkpt><trkpt lat="43.35162" lon="2.74874"><ele>157.5</ele></trkpt><trkpt lat="43.35136" lon="2.74902"><ele>156.6</ele></trkpt><trkpt lat="43.35093" lon="2.74963"><ele>152.8</ele></trkpt><trkpt lat="43.35124" lon="2.74884"><ele>151.3</ele></trkpt><trkpt lat="43.35144" lon="2.74862"><ele>150.1</ele></trkpt><trkpt lat="43.35194" lon="2.74829"><ele>149</ele></trkpt><trkpt lat="43.35238" lon="2.74792"><ele>149.5</ele></trkpt><trkpt lat="43.3528" lon="2.74762"><ele>151</ele></trkpt><trkpt lat="43.35288" lon="2.74742"><ele>152.4</ele></trkpt><trkpt lat="43.35297" lon="2.74685"><ele>154.5</ele></trkpt><trkpt lat="43.35307" lon="2.74656"><ele>153.4</ele></trkpt><trkpt lat="43.353" lon="2.74613"><ele>153.4</ele></trkpt><trkpt lat="43.35317" lon="2.74579"><ele>155.5</ele></trkpt><trkpt lat="43.35429" lon="2.74568"><ele>172.3</ele></trkpt><trkpt lat="43.35476" lon="2.7455"><ele>175.5</ele></trkpt><trkpt lat="43.35475" lon="2.74561"><ele>179.3</ele></trkpt><trkpt lat="43.35421" lon="2.74594"><ele>183.8</ele></trkpt><trkpt lat="43.35394" lon="2.74614"><ele>187.5</ele></trkpt><trkpt lat="43.35378" lon="2.7463"><ele>185.6</ele></trkpt><trkpt lat="43.35376" lon="2.74657"><ele>186.9</ele></trkpt><trkpt lat="43.35416" lon="2.74579"><ele>174.7</ele></trkpt><trkpt lat="43.35392" lon="2.7447"><ele>188.9</ele></trkpt><trkpt lat="43.35384" lon="2.74466"><ele>190.9</ele></trkpt><trkpt lat="43.35382" lon="2.74455"><ele>193.3</ele></trkpt><trkpt lat="43.35367" lon="2.74462"><ele>193.5</ele></trkpt><trkpt lat="43.35351" lon="2.74431"><ele>197.8</ele></trkpt><trkpt lat="43.35301" lon="2.74427"><ele>204.2</ele></trkpt><trkpt lat="43.35275" lon="2.74435"><ele>209.3</ele></trkpt><trkpt lat="43.3525" lon="2.74448"><ele>212.6</ele></trkpt><trkpt lat="43.35229" lon="2.74467"><ele>216.9</ele></trkpt><trkpt lat="43.35206" lon="2.74494"><ele>220</ele></trkpt><trkpt lat="43.35184" lon="2.74515"><ele>222.7</ele></trkpt><trkpt lat="43.35139" lon="2.74538"><ele>228</ele></trkpt><trkpt lat="43.35094" lon="2.74546"><ele>236</ele></trkpt><trkpt lat="43.35044" lon="2.74546"><ele>242.9</ele></trkpt><trkpt lat="43.35032" lon="2.74542"><ele>245.8</ele></trkpt><trkpt lat="43.34988" lon="2.74539"><ele>251</ele></trkpt><trkpt lat="43.34944" lon="2.74546"><ele>252.4</ele></trkpt><trkpt lat="43.34917" lon="2.74557"><ele>253.8</ele></trkpt><trkpt lat="43.34876" lon="2.74563"><ele>256.1</ele></trkpt><trkpt lat="43.34822" lon="2.74587"><ele>259.9</ele></trkpt><trkpt lat="43.34803" lon="2.74577"><ele>262.6</ele></trkpt><trkpt lat="43.34745" lon="2.74587"><ele>268.3</ele></trkpt><trkpt lat="43.34723" lon="2.74599"><ele>269.6</ele></trkpt><trkpt lat="43.34703" lon="2.74617"><ele>270.7</ele></trkpt><trkpt lat="43.34691" lon="2.74642"><ele>269.9</ele></trkpt><trkpt lat="43.34672" lon="2.74664"><ele>270.7</ele></trkpt><trkpt lat="43.34655" lon="2.74673"><ele>272.3</ele></trkpt><trkpt lat="43.34637" lon="2.74674"><ele>273.4</ele></trkpt><trkpt lat="43.34622" lon="2.74685"><ele>273.4</ele></trkpt><trkpt lat="43.34598" lon="2.74688"><ele>275.2</ele></trkpt><trkpt lat="43.34569" lon="2.74702"><ele>275.6</ele></trkpt><trkpt lat="43.34548" lon="2.74707"><ele>276.1</ele></trkpt><trkpt lat="43.34529" lon="2.74717"><ele>275.4</ele></trkpt><trkpt lat="43.34484" lon="2.74726"><ele>276.2</ele></trkpt><trkpt lat="43.34424" lon="2.74746"><ele>278.6</ele></trkpt><trkpt lat="43.34404" lon="2.7475"><ele>281.3</ele></trkpt><trkpt lat="43.34357" lon="2.74781"><ele>284.3</ele></trkpt><trkpt lat="43.34303" lon="2.74791"><ele>288.1</ele></trkpt><trkpt lat="43.34262" lon="2.74803"><ele>289.3</ele></trkpt><trkpt lat="43.34227" lon="2.74831"><ele>288.1</ele></trkpt><trkpt lat="43.34218" lon="2.74849"><ele>286.3</ele></trkpt><trkpt lat="43.34217" lon="2.74884"><ele>284.6</ele></trkpt><trkpt lat="43.3418" lon="2.74949"><ele>277.6</ele></trkpt><trkpt lat="43.34161" lon="2.75017"><ele>273.1</ele></trkpt><trkpt lat="43.34145" lon="2.75097"><ele>271.3</ele></trkpt><trkpt lat="43.34154" lon="2.75135"><ele>271.1</ele></trkpt><trkpt lat="43.3414" lon="2.75165"><ele>271</ele></trkpt><trkpt lat="43.34114" lon="2.75123"><ele>269.2</ele></trkpt><trkpt lat="43.34058" lon="2.75056"><ele>269.1</ele></trkpt><trkpt lat="43.33967" lon="2.74913"><ele>262.6</ele></trkpt><trkpt lat="43.33969" lon="2.74889"><ele>263.9</ele></trkpt><trkpt lat="43.33982" lon="2.74858"><ele>266.2</ele></trkpt><trkpt lat="43.33987" lon="2.74819"><ele>269.4</ele></trkpt><trkpt lat="43.33965" lon="2.74715"><ele>272.8</ele></trkpt><trkpt lat="43.33974" lon="2.74674"><ele>271</ele></trkpt><trkpt lat="43.34015" lon="2.74613"><ele>266</ele></trkpt><trkpt lat="43.34024" lon="2.74561"><ele>266.4</ele></trkpt><trkpt lat="43.34028" lon="2.74496"><ele>263.9</ele></trkpt><trkpt lat="43.34019" lon="2.74433"><ele>260.5</ele></trkpt><trkpt lat="43.34021" lon="2.74401"><ele>258.6</ele></trkpt><trkpt lat="43.34038" lon="2.74359"><ele>255.9</ele></trkpt><trkpt lat="43.3404" lon="2.7434"><ele>254.4</ele></trkpt><trkpt lat="43.34037" lon="2.74316"><ele>252.3</ele></trkpt><trkpt lat="43.34026" lon="2.74289"><ele>250.2</ele></trkpt><trkpt lat="43.3402" lon="2.74212"><ele>247.7</ele></trkpt><trkpt lat="43.34011" lon="2.742"><ele>247</ele></trkpt><trkpt lat="43.33984" lon="2.74193"><ele>247.6</ele></trkpt><trkpt lat="43.3392" lon="2.74236"><ele>245.5</ele></trkpt><trkpt lat="43.33853" lon="2.74257"><ele>244.1</ele></trkpt><trkpt lat="43.33802" lon="2.74239"><ele>244.3</ele></trkpt><trkpt lat="43.33777" lon="2.74249"><ele>246.1</ele></trkpt><trkpt lat="43.3377" lon="2.74241"><ele>246.6</ele></trkpt><trkpt lat="43.33734" lon="2.74227"><ele>246.3</ele></trkpt><trkpt lat="43.33705" lon="2.74219"><ele>245.7</ele></trkpt><trkpt lat="43.33653" lon="2.74237"><ele>243.2</ele></trkpt><trkpt lat="43.3365" lon="2.74225"><ele>243.7</ele></trkpt><trkpt lat="43.33688" lon="2.74156"><ele>248.5</ele></trkpt><trkpt lat="43.33721" lon="2.74103"><ele>253.8</ele></trkpt><trkpt lat="43.33754" lon="2.73968"><ele>257.6</ele></trkpt><trkpt lat="43.33775" lon="2.73726"><ele>258.8</ele></trkpt><trkpt lat="43.33796" lon="2.7371"><ele>260.2</ele></trkpt><trkpt lat="43.33796" lon="2.73693"><ele>259.9</ele></trkpt><trkpt lat="43.33758" lon="2.73626"><ele>250.1</ele></trkpt><trkpt lat="43.33782" lon="2.73596"><ele>248.1</ele></trkpt><trkpt lat="43.33794" lon="2.73593"><ele>248.4</ele></trkpt><trkpt lat="43.33804" lon="2.7355"><ele>246.4</ele></trkpt><trkpt lat="43.3381" lon="2.73507"><ele>245.1</ele></trkpt><trkpt lat="43.33808" lon="2.73492"><ele>243.3</ele></trkpt><trkpt lat="43.33823" lon="2.73464"><ele>241.3</ele></trkpt><trkpt lat="43.33831" lon="2.73433"><ele>238.8</ele></trkpt><trkpt lat="43.33832" lon="2.73396"><ele>236.4</ele></trkpt><trkpt lat="43.33841" lon="2.73364"><ele>233.5</ele></trkpt><trkpt lat="43.33853" lon="2.73339"><ele>231.4</ele></trkpt><trkpt lat="43.3386" lon="2.73334"><ele>231.9</ele></trkpt><trkpt lat="43.33861" lon="2.73309"><ele>227.6</ele></trkpt><trkpt lat="43.33848" lon="2.73302"><ele>225.2</ele></trkpt><trkpt lat="43.33795" lon="2.73304"><ele>220.5</ele></trkpt><trkpt lat="43.33833" lon="2.73297"><ele>223.3</ele></trkpt><trkpt lat="43.33846" lon="2.73287"><ele>223.4</ele></trkpt><trkpt lat="43.33855" lon="2.73272"><ele>222.3</ele></trkpt><trkpt lat="43.33885" lon="2.73254"><ele>221.5</ele></trkpt><trkpt lat="43.33904" lon="2.73236"><ele>220.5</ele></trkpt><trkpt lat="43.33904" lon="2.73215"><ele>219.7</ele></trkpt><trkpt lat="43.33887" lon="2.73185"><ele>219.6</ele></trkpt><trkpt lat="43.33872" lon="2.7317"><ele>219</ele></trkpt><trkpt lat="43.33854" lon="2.73138"><ele>219</ele></trkpt><trkpt lat="43.33777" lon="2.73108"><ele>223.9</ele></trkpt><trkpt lat="43.3378" lon="2.73069"><ele>223.8</ele></trkpt><trkpt lat="43.33797" lon="2.7299"><ele>224.9</ele></trkpt><trkpt lat="43.33881" lon="2.72855"><ele>232.7</ele></trkpt><trkpt lat="43.3393" lon="2.72751"><ele>237.4</ele></trkpt><trkpt lat="43.33953" lon="2.72694"><ele>238.4</ele></trkpt><trkpt lat="43.33964" lon="2.72645"><ele>242.7</ele></trkpt><trkpt lat="43.33955" lon="2.72601"><ele>246.4</ele></trkpt><trkpt lat="43.33934" lon="2.72554"><ele>247.5</ele></trkpt><trkpt lat="43.33929" lon="2.72478"><ele>249</ele></trkpt><trkpt lat="43.33929" lon="2.72426"><ele>248.4</ele></trkpt><trkpt lat="43.33914" lon="2.72334"><ele>246.7</ele></trkpt><trkpt lat="43.33918" lon="2.72269"><ele>246</ele></trkpt><trkpt lat="43.33928" lon="2.72236"><ele>246.1</ele></trkpt><trkpt lat="43.33943" lon="2.72215"><ele>246.6</ele></trkpt><trkpt lat="43.33969" lon="2.72187"><ele>247.5</ele></trkpt><trkpt lat="43.33973" lon="2.72129"><ele>249.1</ele></trkpt><trkpt lat="43.34005" lon="2.7201"><ele>250.8</ele></trkpt><trkpt lat="43.34025" lon="2.71918"><ele>256.1</ele></trkpt><trkpt lat="43.34037" lon="2.7184"><ele>258.8</ele></trkpt><trkpt lat="43.34038" lon="2.71803"><ele>259.3</ele></trkpt><trkpt lat="43.34051" lon="2.71723"><ele>260.5</ele></trkpt><trkpt lat="43.34091" lon="2.7163"><ele>255.5</ele></trkpt><trkpt lat="43.34127" lon="2.71494"><ele>251.3</ele></trkpt><trkpt lat="43.34139" lon="2.71438"><ele>251.8</ele></trkpt><trkpt lat="43.34164" lon="2.71359"><ele>254.5</ele></trkpt><trkpt lat="43.34169" lon="2.71301"><ele>255.9</ele></trkpt><trkpt lat="43.34178" lon="2.71276"><ele>254.7</ele></trkpt><trkpt lat="43.34191" lon="2.71251"><ele>253.7</ele></trkpt><trkpt lat="43.34194" lon="2.71238"><ele>253.9</ele></trkpt><trkpt lat="43.3419" lon="2.71087"><ele>256.3</ele></trkpt><trkpt lat="43.34206" lon="2.71037"><ele>257.4</ele></trkpt><trkpt lat="43.34221" lon="2.70969"><ele>259.5</ele></trkpt><trkpt lat="43.34246" lon="2.70901"><ele>258.8</ele></trkpt><trkpt lat="43.34234" lon="2.7085"><ele>255.8</ele></trkpt><trkpt lat="43.3425" lon="2.70772"><ele>250</ele></trkpt><trkpt lat="43.34324" lon="2.70752"><ele>253.4</ele></trkpt><trkpt lat="43.34369" lon="2.70728"><ele>254.9</ele></trkpt><trkpt lat="43.34402" lon="2.70728"><ele>252.8</ele></trkpt><trkpt lat="43.34465" lon="2.70687"><ele>246.5</ele></trkpt><trkpt lat="43.34509" lon="2.70649"><ele>240.7</ele></trkpt><trkpt lat="43.34554" lon="2.70633"><ele>237.2</ele></trkpt><trkpt lat="43.3463" lon="2.70644"><ele>229.3</ele></trkpt><trkpt lat="43.34724" lon="2.70653"><ele>231.7</ele></trkpt><trkpt lat="43.34772" lon="2.7065"><ele>237.7</ele></trkpt><trkpt lat="43.34795" lon="2.70646"><ele>239.6</ele></trkpt><trkpt lat="43.3487" lon="2.70617"><ele>242.9</ele></trkpt><trkpt lat="43.34915" lon="2.70596"><ele>243.7</ele></trkpt><trkpt lat="43.34923" lon="2.70567"><ele>246.4</ele></trkpt><trkpt lat="43.34969" lon="2.70536"><ele>247.6</ele></trkpt><trkpt lat="43.34985" lon="2.70508"><ele>249.2</ele></trkpt><trkpt lat="43.35" lon="2.70466"><ele>254.7</ele></trkpt><trkpt lat="43.35014" lon="2.70448"><ele>255.1</ele></trkpt><trkpt lat="43.3502" lon="2.70404"><ele>261.8</ele></trkpt><trkpt lat="43.35062" lon="2.70332"><ele>264.8</ele></trkpt><trkpt lat="43.35075" lon="2.70299"><ele>264.5</ele></trkpt><trkpt lat="43.35101" lon="2.70301"><ele>263</ele></trkpt><trkpt lat="43.35102" lon="2.70264"><ele>266.8</ele></trkpt><trkpt lat="43.35115" lon="2.70205"><ele>271.1</ele></trkpt><trkpt lat="43.35125" lon="2.7014"><ele>276.9</ele></trkpt><trkpt lat="43.35159" lon="2.70045"><ele>284.1</ele></trkpt><trkpt lat="43.35171" lon="2.6998"><ele>289.3</ele></trkpt><trkpt lat="43.35188" lon="2.69915"><ele>293.3</ele></trkpt><trkpt lat="43.3524" lon="2.699"><ele>295</ele></trkpt><trkpt lat="43.35253" lon="2.69881"><ele>296.7</ele></trkpt><trkpt lat="43.35256" lon="2.69849"><ele>298.8</ele></trkpt><trkpt lat="43.35291" lon="2.69832"><ele>302.5</ele></trkpt><trkpt lat="43.35317" lon="2.69802"><ele>306.1</ele></trkpt><trkpt lat="43.35309" lon="2.69756"><ele>307.3</ele></trkpt><trkpt lat="43.35316" lon="2.69713"><ele>309.9</ele></trkpt><trkpt lat="43.35369" lon="2.69677"><ele>316.5</ele></trkpt><trkpt lat="43.35411" lon="2.69634"><ele>322.6</ele></trkpt><trkpt lat="43.35431" lon="2.69579"><ele>328.3</ele></trkpt><trkpt lat="43.35482" lon="2.69499"><ele>336.8</ele></trkpt><trkpt lat="43.35485" lon="2.69458"><ele>339.8</ele></trkpt><trkpt lat="43.35504" lon="2.69422"><ele>342.8</ele></trkpt><trkpt lat="43.35499" lon="2.69275"><ele>349.2</ele></trkpt><trkpt lat="43.35513" lon="2.69245"><ele>349.7</ele></trkpt><trkpt lat="43.35515" lon="2.6918"><ele>349.2</ele></trkpt><trkpt lat="43.35504" lon="2.69098"><ele>351</ele></trkpt><trkpt lat="43.35472" lon="2.69003"><ele>350</ele></trkpt><trkpt lat="43.35439" lon="2.68942"><ele>346.7</ele></trkpt><trkpt lat="43.35396" lon="2.68913"><ele>344.2</ele></trkpt><trkpt lat="43.35365" lon="2.68878"><ele>343.8</ele></trkpt><trkpt lat="43.35345" lon="2.68778"><ele>340.2</ele></trkpt><trkpt lat="43.35307" lon="2.68711"><ele>339.6</ele></trkpt><trkpt lat="43.35252" lon="2.68653"><ele>345</ele></trkpt><trkpt lat="43.35233" lon="2.68594"><ele>342.9</ele></trkpt><trkpt lat="43.35255" lon="2.68579"><ele>343.5</ele></trkpt><trkpt lat="43.35253" lon="2.68517"><ele>350</ele></trkpt><trkpt lat="43.35082" lon="2.68554"><ele>358.3</ele></trkpt><trkpt lat="43.35148" lon="2.68491"><ele>362.5</ele></trkpt><trkpt lat="43.35189" lon="2.68447"><ele>366</ele></trkpt><trkpt lat="43.3524" lon="2.68317"><ele>376</ele></trkpt><trkpt lat="43.3535" lon="2.68147"><ele>386.4</ele></trkpt><trkpt lat="43.35369" lon="2.68002"><ele>392.2</ele></trkpt><trkpt lat="43.35364" lon="2.67848"><ele>392.6</ele></trkpt><trkpt lat="43.3537" lon="2.67729"><ele>391.8</ele></trkpt><trkpt lat="43.35391" lon="2.67607"><ele>394.3</ele></trkpt><trkpt lat="43.35472" lon="2.67516"><ele>401.4</ele></trkpt><trkpt lat="43.35521" lon="2.6754"><ele>405.8</ele></trkpt><trkpt lat="43.35576" lon="2.67522"><ele>410.2</ele></trkpt><trkpt lat="43.3561" lon="2.67426"><ele>418.6</ele></trkpt><trkpt lat="43.35669" lon="2.67351"><ele>426.8</ele></trkpt><trkpt lat="43.3571" lon="2.67243"><ele>435.8</ele></trkpt><trkpt lat="43.35754" lon="2.67191"><ele>440.4</ele></trkpt><trkpt lat="43.35804" lon="2.67108"><ele>445.1</ele></trkpt><trkpt lat="43.35893" lon="2.67071"><ele>451.4</ele></trkpt><trkpt lat="43.35944" lon="2.67026"><ele>454</ele></trkpt><trkpt lat="43.35971" lon="2.66968"><ele>455.3</ele></trkpt><trkpt lat="43.36012" lon="2.66831"><ele>462.7</ele></trkpt><trkpt lat="43.36059" lon="2.66692"><ele>471.3</ele></trkpt><trkpt lat="43.36098" lon="2.66636"><ele>475.7</ele></trkpt><trkpt lat="43.36121" lon="2.66546"><ele>479.9</ele></trkpt><trkpt lat="43.36147" lon="2.66489"><ele>480.8</ele></trkpt><trkpt lat="43.36173" lon="2.66391"><ele>484.7</ele></trkpt><trkpt lat="43.36189" lon="2.66288"><ele>487.3</ele></trkpt><trkpt lat="43.36192" lon="2.66171"><ele>487</ele></trkpt><trkpt lat="43.36167" lon="2.66079"><ele>483</ele></trkpt><trkpt lat="43.36092" lon="2.66034"><ele>475.4</ele></trkpt><trkpt lat="43.36026" lon="2.66015"><ele>469.3</ele></trkpt><trkpt lat="43.35977" lon="2.65967"><ele>462.5</ele></trkpt><trkpt lat="43.35902" lon="2.65808"><ele>451.7</ele></trkpt><trkpt lat="43.35871" lon="2.65783"><ele>450.8</ele></trkpt><trkpt lat="43.35886" lon="2.65681"><ele>453.4</ele></trkpt><trkpt lat="43.35914" lon="2.65596"><ele>455.5</ele></trkpt><trkpt lat="43.36" lon="2.65411"><ele>460.4</ele></trkpt><trkpt lat="43.35927" lon="2.65356"><ele>454.7</ele></trkpt><trkpt lat="43.35863" lon="2.65264"><ele>446.7</ele></trkpt><trkpt lat="43.35829" lon="2.65174"><ele>436.5</ele></trkpt><trkpt lat="43.35799" lon="2.65125"><ele>434.2</ele></trkpt><trkpt lat="43.35831" lon="2.64982"><ele>438.8</ele></trkpt><trkpt lat="43.35881" lon="2.64817"><ele>443.4</ele></trkpt><trkpt lat="43.35898" lon="2.64787"><ele>444.7</ele></trkpt><trkpt lat="43.35872" lon="2.64669"><ele>441.8</ele></trkpt><trkpt lat="43.35868" lon="2.64604"><ele>441</ele></trkpt><trkpt lat="43.35851" lon="2.64564"><ele>438.8</ele></trkpt><trkpt lat="43.35847" lon="2.64502"><ele>437.6</ele></trkpt><trkpt lat="43.35814" lon="2.64477"><ele>435.5</ele></trkpt><trkpt lat="43.35767" lon="2.64471"><ele>432.2</ele></trkpt><trkpt lat="43.35749" lon="2.64416"><ele>428.8</ele></trkpt><trkpt lat="43.35801" lon="2.64137"><ele>426.6</ele></trkpt><trkpt lat="43.3581" lon="2.64009"><ele>426.3</ele></trkpt><trkpt lat="43.35796" lon="2.63877"><ele>424.3</ele></trkpt><trkpt lat="43.35785" lon="2.63706"><ele>421.8</ele></trkpt><trkpt lat="43.35836" lon="2.63679"><ele>427.2</ele></trkpt><trkpt lat="43.35894" lon="2.63654"><ele>430.1</ele></trkpt><trkpt lat="43.35935" lon="2.63623"><ele>428.3</ele></trkpt><trkpt lat="43.35986" lon="2.636"><ele>423.5</ele></trkpt><trkpt lat="43.36029" lon="2.63561"><ele>424</ele></trkpt><trkpt lat="43.36063" lon="2.63551"><ele>424.1</ele></trkpt><trkpt lat="43.36095" lon="2.63527"><ele>420.9</ele></trkpt><trkpt lat="43.36148" lon="2.63495"><ele>412</ele></trkpt><trkpt lat="43.3623" lon="2.63478"><ele>407.1</ele></trkpt><trkpt lat="43.36283" lon="2.63416"><ele>406.2</ele></trkpt><trkpt lat="43.36308" lon="2.63404"><ele>407.1</ele></trkpt><trkpt lat="43.36333" lon="2.63376"><ele>409.4</ele></trkpt><trkpt lat="43.36358" lon="2.63317"><ele>411.8</ele></trkpt><trkpt lat="43.36366" lon="2.63246"><ele>413.5</ele></trkpt><trkpt lat="43.36334" lon="2.63127"><ele>414</ele></trkpt><trkpt lat="43.36324" lon="2.62987"><ele>416.6</ele></trkpt><trkpt lat="43.36438" lon="2.63051"><ele>422.5</ele></trkpt><trkpt lat="43.36534" lon="2.63089"><ele>429</ele></trkpt><trkpt lat="43.36622" lon="2.63086"><ele>433.3</ele></trkpt><trkpt lat="43.36641" lon="2.63083"><ele>434.2</ele></trkpt><trkpt lat="43.36674" lon="2.63087"><ele>436</ele></trkpt><trkpt lat="43.36737" lon="2.63114"><ele>437.6</ele></trkpt><trkpt lat="43.36753" lon="2.63116"><ele>438.1</ele></trkpt><trkpt lat="43.36799" lon="2.63137"><ele>438.3</ele></trkpt><trkpt lat="43.36833" lon="2.63149"><ele>436.3</ele></trkpt><trkpt lat="43.36912" lon="2.63117"><ele>433.4</ele></trkpt><trkpt lat="43.36932" lon="2.6312"><ele>433</ele></trkpt><trkpt lat="43.36966" lon="2.63158"><ele>430.4</ele></trkpt><trkpt lat="43.36999" lon="2.63208"><ele>429.4</ele></trkpt><trkpt lat="43.37123" lon="2.63265"><ele>424</ele></trkpt><trkpt lat="43.37178" lon="2.63305"><ele>420.6</ele></trkpt><trkpt lat="43.37158" lon="2.63314"><ele>418.9</ele></trkpt><trkpt lat="43.3714" lon="2.63304"><ele>418.4</ele></trkpt><trkpt lat="43.37088" lon="2.63285"><ele>416.2</ele></trkpt><trkpt lat="43.37002" lon="2.63279"><ele>409.8</ele></trkpt><trkpt lat="43.3697" lon="2.63259"><ele>411.3</ele></trkpt><trkpt lat="43.36951" lon="2.63251"><ele>409.3</ele></trkpt><trkpt lat="43.36925" lon="2.63217"><ele>410.1</ele></trkpt><trkpt lat="43.36898" lon="2.63246"><ele>406</ele></trkpt><trkpt lat="43.36923" lon="2.6333"><ele>400.9</ele></trkpt><trkpt lat="43.37064" lon="2.63546"><ele>389</ele></trkpt><trkpt lat="43.37073" lon="2.63609"><ele>387.3</ele></trkpt><trkpt lat="43.37109" lon="2.63624"><ele>383.7</ele></trkpt><trkpt lat="43.37161" lon="2.6363"><ele>380.7</ele></trkpt><trkpt lat="43.37174" lon="2.63653"><ele>379.5</ele></trkpt><trkpt lat="43.37146" lon="2.63727"><ele>377.9</ele></trkpt><trkpt lat="43.37122" lon="2.63768"><ele>377.1</ele></trkpt><trkpt lat="43.37131" lon="2.63812"><ele>372.2</ele></trkpt><trkpt lat="43.37122" lon="2.63842"><ele>376.2</ele></trkpt><trkpt lat="43.37143" lon="2.6387"><ele>369.2</ele></trkpt><trkpt lat="43.37177" lon="2.63971"><ele>366.3</ele></trkpt><trkpt lat="43.37224" lon="2.64024"><ele>360</ele></trkpt><trkpt lat="43.37287" lon="2.64054"><ele>355.6</ele></trkpt><trkpt lat="43.37305" lon="2.64087"><ele>354.8</ele></trkpt><trkpt lat="43.37368" lon="2.64087"><ele>347.9</ele></trkpt><trkpt lat="43.37399" lon="2.64115"><ele>346.9</ele></trkpt><trkpt lat="43.37442" lon="2.64217"><ele>342.2</ele></trkpt><trkpt lat="43.37448" lon="2.64263"><ele>339.9</ele></trkpt><trkpt lat="43.37471" lon="2.64327"><ele>334.9</ele></trkpt><trkpt lat="43.37503" lon="2.64365"><ele>331.1</ele></trkpt><trkpt lat="43.3752" lon="2.64392"><ele>328.9</ele></trkpt><trkpt lat="43.37525" lon="2.64393"><ele>325.9</ele></trkpt><trkpt lat="43.37533" lon="2.64415"><ele>327.8</ele></trkpt><trkpt lat="43.37531" lon="2.64431"><ele>327.5</ele></trkpt><trkpt lat="43.37522" lon="2.6446"><ele>327.6</ele></trkpt><trkpt lat="43.37517" lon="2.64518"><ele>326.2</ele></trkpt><trkpt lat="43.37518" lon="2.64536"><ele>325.4</ele></trkpt><trkpt lat="43.37523" lon="2.64542"><ele>322</ele></trkpt><trkpt lat="43.37524" lon="2.64487"><ele>323.3</ele></trkpt><trkpt lat="43.37542" lon="2.6446"><ele>320.1</ele></trkpt><trkpt lat="43.37563" lon="2.64441"><ele>317.4</ele></trkpt><trkpt lat="43.37574" lon="2.64415"><ele>316.5</ele></trkpt><trkpt lat="43.37572" lon="2.64336"><ele>315.4</ele></trkpt><trkpt lat="43.37565" lon="2.64288"><ele>320.8</ele></trkpt><trkpt lat="43.37567" lon="2.64263"><ele>323.8</ele></trkpt><trkpt lat="43.37582" lon="2.64256"><ele>326.2</ele></trkpt><trkpt lat="43.37668" lon="2.64253"><ele>330.3</ele></trkpt><trkpt lat="43.37683" lon="2.64248"><ele>332.3</ele></trkpt><trkpt lat="43.37695" lon="2.6426"><ele>332.2</ele></trkpt><trkpt lat="43.37699" lon="2.64298"><ele>334.2</ele></trkpt><trkpt lat="43.3773" lon="2.6442"><ele>338.9</ele></trkpt><trkpt lat="43.37733" lon="2.644"><ele>341.7</ele></trkpt><trkpt lat="43.37727" lon="2.64344"><ele>344.6</ele></trkpt><trkpt lat="43.37728" lon="2.64332"><ele>346.6</ele></trkpt><trkpt lat="43.37733" lon="2.64331"><ele>348.8</ele></trkpt><trkpt lat="43.37746" lon="2.64358"><ele>351.5</ele></trkpt><trkpt lat="43.37758" lon="2.64374"><ele>352.8</ele></trkpt><trkpt lat="43.37771" lon="2.64376"><ele>354.3</ele></trkpt><trkpt lat="43.37822" lon="2.64354"><ele>360.2</ele></trkpt><trkpt lat="43.37891" lon="2.64345"><ele>363</ele></trkpt><trkpt lat="43.37896" lon="2.64357"><ele>362.5</ele></trkpt><trkpt lat="43.37872" lon="2.64379"><ele>361.3</ele></trkpt><trkpt lat="43.37794" lon="2.64464"><ele>357.5</ele></trkpt><trkpt lat="43.37785" lon="2.64527"><ele>360.5</ele></trkpt><trkpt lat="43.3781" lon="2.64619"><ele>369</ele></trkpt><trkpt lat="43.37827" lon="2.6476"><ele>379.5</ele></trkpt><trkpt lat="43.37763" lon="2.64966"><ele>383.6</ele></trkpt><trkpt lat="43.37787" lon="2.64983"><ele>387.2</ele></trkpt><trkpt lat="43.3789" lon="2.64761"><ele>407.2</ele></trkpt><trkpt lat="43.37956" lon="2.6461"><ele>423.1</ele></trkpt><trkpt lat="43.37965" lon="2.64746"><ele>435.3</ele></trkpt><trkpt lat="43.37976" lon="2.64842"><ele>439.9</ele></trkpt><trkpt lat="43.38035" lon="2.64937"><ele>444.5</ele></trkpt><trkpt lat="43.38093" lon="2.64961"><ele>449.2</ele></trkpt><trkpt lat="43.38265" lon="2.64976"><ele>456.9</ele></trkpt><trkpt lat="43.38153" lon="2.64921"><ele>462.5</ele></trkpt><trkpt lat="43.38226" lon="2.64909"><ele>467.3</ele></trkpt><trkpt lat="43.38226" lon="2.64795"><ele>478</ele></trkpt><trkpt lat="43.38269" lon="2.64786"><ele>483.5</ele></trkpt><trkpt lat="43.38347" lon="2.64779"><ele>494.9</ele></trkpt><trkpt lat="43.38379" lon="2.64763"><ele>503.6</ele></trkpt><trkpt lat="43.38447" lon="2.64673"><ele>529.8</ele></trkpt><trkpt lat="43.38488" lon="2.64612"><ele>543.1</ele></trkpt><trkpt lat="43.38547" lon="2.64558"><ele>556.2</ele></trkpt><trkpt lat="43.386" lon="2.6455"><ele>557.9</ele></trkpt><trkpt lat="43.38639" lon="2.6453"><ele>559.3</ele></trkpt><trkpt lat="43.38664" lon="2.64484"><ele>558.8</ele></trkpt><trkpt lat="43.3868" lon="2.64468"><ele>558.8</ele></trkpt><trkpt lat="43.38712" lon="2.64479"><ele>562</ele></trkpt><trkpt lat="43.38745" lon="2.64512"><ele>565.4</ele></trkpt><trkpt lat="43.38801" lon="2.6456"><ele>572.6</ele></trkpt><trkpt lat="43.38825" lon="2.64571"><ele>574.9</ele></trkpt><trkpt lat="43.38868" lon="2.6464"><ele>574.6</ele></trkpt><trkpt lat="43.39006" lon="2.64704"><ele>556.9</ele></trkpt><trkpt lat="43.39035" lon="2.6473"><ele>551.4</ele></trkpt><trkpt lat="43.39052" lon="2.64698"><ele>547.5</ele></trkpt><trkpt lat="43.3906" lon="2.64695"><ele>547</ele></trkpt><trkpt lat="43.39083" lon="2.64713"><ele>545</ele></trkpt><trkpt lat="43.39098" lon="2.64709"><ele>546.2</ele></trkpt><trkpt lat="43.39072" lon="2.64671"><ele>546.6</ele></trkpt><trkpt lat="43.39087" lon="2.64617"><ele>551.2</ele></trkpt><trkpt lat="43.39091" lon="2.6457"><ele>553</ele></trkpt><trkpt lat="43.39101" lon="2.64527"><ele>555.1</ele></trkpt><trkpt lat="43.39112" lon="2.64498"><ele>556.3</ele></trkpt><trkpt lat="43.39117" lon="2.64474"><ele>557.5</ele></trkpt><trkpt lat="43.39114" lon="2.64448"><ele>559.1</ele></trkpt><trkpt lat="43.39105" lon="2.64414"><ele>560.8</ele></trkpt><trkpt lat="43.39105" lon="2.64373"><ele>562.2</ele></trkpt><trkpt lat="43.39099" lon="2.64335"><ele>561.7</ele></trkpt><trkpt lat="43.39109" lon="2.64304"><ele>564.9</ele></trkpt><trkpt lat="43.39141" lon="2.64256"><ele>567.8</ele></trkpt><trkpt lat="43.39177" lon="2.64223"><ele>570.8</ele></trkpt><trkpt lat="43.39201" lon="2.64212"><ele>572.9</ele></trkpt><trkpt lat="43.39248" lon="2.64216"><ele>577.2</ele></trkpt><trkpt lat="43.39299" lon="2.64228"><ele>583.2</ele></trkpt><trkpt lat="43.39332" lon="2.64222"><ele>587.6</ele></trkpt><trkpt lat="43.39358" lon="2.64197"><ele>592.7</ele></trkpt><trkpt lat="43.39355" lon="2.64071"><ele>590.6</ele></trkpt><trkpt lat="43.39364" lon="2.64015"><ele>592.3</ele></trkpt><trkpt lat="43.39369" lon="2.63962"><ele>591.6</ele></trkpt><trkpt lat="43.39385" lon="2.63869"><ele>592.5</ele></trkpt><trkpt lat="43.39395" lon="2.63923"><ele>596.5</ele></trkpt><trkpt lat="43.39394" lon="2.64117"><ele>603.9</ele></trkpt><trkpt lat="43.39385" lon="2.64233"><ele>609.3</ele></trkpt><trkpt lat="43.39325" lon="2.64348"><ele>613.5</ele></trkpt><trkpt lat="43.39327" lon="2.64381"><ele>614.4</ele></trkpt><trkpt lat="43.39353" lon="2.64447"><ele>616.2</ele></trkpt><trkpt lat="43.39491" lon="2.64569"><ele>624.3</ele></trkpt><trkpt lat="43.39502" lon="2.64584"><ele>624.3</ele></trkpt><trkpt lat="43.39531" lon="2.64654"><ele>622.4</ele></trkpt><trkpt lat="43.3954" lon="2.64723"><ele>619.4</ele></trkpt><trkpt lat="43.39554" lon="2.6476"><ele>618.2</ele></trkpt><trkpt lat="43.39575" lon="2.64803"><ele>614.3</ele></trkpt><trkpt lat="43.39621" lon="2.64838"><ele>612.7</ele></trkpt><trkpt lat="43.39666" lon="2.64861"><ele>610</ele></trkpt><trkpt lat="43.39701" lon="2.64915"><ele>606</ele></trkpt><trkpt lat="43.39738" lon="2.64946"><ele>603.5</ele></trkpt><trkpt lat="43.39773" lon="2.64969"><ele>601.6</ele></trkpt><trkpt lat="43.39811" lon="2.64965"><ele>598.7</ele></trkpt><trkpt lat="43.39865" lon="2.64946"><ele>593.9</ele></trkpt><trkpt lat="43.39895" lon="2.64903"><ele>591.4</ele></trkpt><trkpt lat="43.3994" lon="2.64899"><ele>586.8</ele></trkpt><trkpt lat="43.39971" lon="2.64875"><ele>582.7</ele></trkpt><trkpt lat="43.39973" lon="2.64857"><ele>581.9</ele></trkpt><trkpt lat="43.39947" lon="2.64835"><ele>581</ele></trkpt><trkpt lat="43.3991" lon="2.64789"><ele>574.3</ele></trkpt><trkpt lat="43.39886" lon="2.64774"><ele>574.6</ele></trkpt><trkpt lat="43.39883" lon="2.64757"><ele>574.4</ele></trkpt><trkpt lat="43.39897" lon="2.64739"><ele>573.1</ele></trkpt><trkpt lat="43.39942" lon="2.64716"><ele>569.9</ele></trkpt><trkpt lat="43.39986" lon="2.64688"><ele>568</ele></trkpt><trkpt lat="43.40052" lon="2.64573"><ele>560</ele></trkpt><trkpt lat="43.40097" lon="2.64541"><ele>557.4</ele></trkpt><trkpt lat="43.40112" lon="2.64538"><ele>556.4</ele></trkpt><trkpt lat="43.40128" lon="2.64508"><ele>557.1</ele></trkpt><trkpt lat="43.40132" lon="2.6443"><ele>559.6</ele></trkpt><trkpt lat="43.40125" lon="2.6424"><ele>543.4</ele></trkpt><trkpt lat="43.40129" lon="2.64199"><ele>541.9</ele></trkpt><trkpt lat="43.40116" lon="2.64124"><ele>537.5</ele></trkpt><trkpt lat="43.40095" lon="2.64042"><ele>531.8</ele></trkpt><trkpt lat="43.40095" lon="2.63967"><ele>530.6</ele></trkpt><trkpt lat="43.40089" lon="2.63881"><ele>523.2</ele></trkpt><trkpt lat="43.40096" lon="2.63815"><ele>518.9</ele></trkpt><trkpt lat="43.4014" lon="2.63685"><ele>510.6</ele></trkpt><trkpt lat="43.40178" lon="2.63535"><ele>502.4</ele></trkpt><trkpt lat="43.40174" lon="2.63462"><ele>494.7</ele></trkpt><trkpt lat="43.40161" lon="2.63401"><ele>487.4</ele></trkpt><trkpt lat="43.4016" lon="2.63334"><ele>479.7</ele></trkpt><trkpt lat="43.40347" lon="2.63305"><ele>464.8</ele></trkpt><trkpt lat="43.40434" lon="2.63321"><ele>456.7</ele></trkpt><trkpt lat="43.40459" lon="2.63338"><ele>454.6</ele></trkpt><trkpt lat="43.40462" lon="2.6333"><ele>450.6</ele></trkpt><trkpt lat="43.40429" lon="2.633"><ele>450.6</ele></trkpt><trkpt lat="43.4036" lon="2.63253"><ele>444.3</ele></trkpt><trkpt lat="43.40317" lon="2.63241"><ele>440.8</ele></trkpt><trkpt lat="43.40291" lon="2.63238"><ele>438.4</ele></trkpt><trkpt lat="43.4028" lon="2.63228"><ele>434.7</ele></trkpt><trkpt lat="43.40264" lon="2.63192"><ele>438.2</ele></trkpt><trkpt lat="43.40221" lon="2.63191"><ele>436.8</ele></trkpt><trkpt lat="43.40184" lon="2.63185"><ele>440.1</ele></trkpt><trkpt lat="43.40169" lon="2.63176"><ele>442.7</ele></trkpt><trkpt lat="43.40169" lon="2.63164"><ele>442.8</ele></trkpt><trkpt lat="43.40199" lon="2.63139"><ele>448.7</ele></trkpt><trkpt lat="43.40196" lon="2.63138"><ele>448.1</ele></trkpt><trkpt lat="43.40232" lon="2.63068"><ele>445.3</ele></trkpt><trkpt lat="43.40224" lon="2.63055"><ele>440.4</ele></trkpt><trkpt lat="43.40177" lon="2.63079"><ele>435.7</ele></trkpt><trkpt lat="43.40169" lon="2.63107"><ele>435.7</ele></trkpt><trkpt lat="43.40161" lon="2.63135"><ele>433.5</ele></trkpt><trkpt lat="43.40123" lon="2.63139"><ele>427.4</ele></trkpt><trkpt lat="43.40076" lon="2.6314"><ele>430.9</ele></trkpt><trkpt lat="43.40048" lon="2.63162"><ele>428.5</ele></trkpt><trkpt lat="43.40025" lon="2.63185"><ele>424.2</ele></trkpt><trkpt lat="43.40003" lon="2.63187"><ele>423.8</ele></trkpt><trkpt lat="43.39945" lon="2.63111"><ele>421.9</ele></trkpt><trkpt lat="43.39952" lon="2.63081"><ele>425</ele></trkpt><trkpt lat="43.39967" lon="2.63049"><ele>426</ele></trkpt><trkpt lat="43.3997" lon="2.63022"><ele>428.6</ele></trkpt><trkpt lat="43.39999" lon="2.63015"><ele>430.8</ele></trkpt><trkpt lat="43.39999" lon="2.63001"><ele>431.9</ele></trkpt><trkpt lat="43.39955" lon="2.62859"><ele>452.4</ele></trkpt><trkpt lat="43.39947" lon="2.62812"><ele>456.9</ele></trkpt><trkpt lat="43.39881" lon="2.62711"><ele>471.8</ele></trkpt><trkpt lat="43.39869" lon="2.62672"><ele>473.3</ele></trkpt><trkpt lat="43.39883" lon="2.6266"><ele>476.6</ele></trkpt><trkpt lat="43.3995" lon="2.62682"><ele>479.4</ele></trkpt><trkpt lat="43.39973" lon="2.6267"><ele>483.5</ele></trkpt><trkpt lat="43.39992" lon="2.62634"><ele>487.5</ele></trkpt><trkpt lat="43.40027" lon="2.62549"><ele>499.2</ele></trkpt><trkpt lat="43.40047" lon="2.62517"><ele>504.1</ele></trkpt><trkpt lat="43.40083" lon="2.62486"><ele>505.2</ele></trkpt><trkpt lat="43.40103" lon="2.62452"><ele>510.5</ele></trkpt><trkpt lat="43.40142" lon="2.62397"><ele>516</ele></trkpt><trkpt lat="43.40174" lon="2.62344"><ele>522.6</ele></trkpt><trkpt lat="43.40169" lon="2.62291"><ele>530.9</ele></trkpt><trkpt lat="43.40166" lon="2.62208"><ele>538.5</ele></trkpt><trkpt lat="43.4017" lon="2.62013"><ele>548</ele></trkpt><trkpt lat="43.4016" lon="2.62023"><ele>553.4</ele></trkpt><trkpt lat="43.4015" lon="2.62193"><ele>549.9</ele></trkpt><trkpt lat="43.40133" lon="2.62298"><ele>552.5</ele></trkpt><trkpt lat="43.401" lon="2.62334"><ele>553.8</ele></trkpt><trkpt lat="43.39938" lon="2.62457"><ele>565.1</ele></trkpt><trkpt lat="43.39856" lon="2.62424"><ele>569.1</ele></trkpt><trkpt lat="43.39812" lon="2.62384"><ele>571.4</ele></trkpt><trkpt lat="43.39795" lon="2.6234"><ele>571.2</ele></trkpt><trkpt lat="43.39781" lon="2.62264"><ele>573.8</ele></trkpt><trkpt lat="43.39775" lon="2.62244"><ele>574.1</ele></trkpt><trkpt lat="43.39746" lon="2.62249"><ele>573.4</ele></trkpt><trkpt lat="43.39574" lon="2.62211"><ele>587.3</ele></trkpt><trkpt lat="43.39434" lon="2.62099"><ele>603.4</ele></trkpt><trkpt lat="43.39341" lon="2.62099"><ele>598.5</ele></trkpt><trkpt lat="43.39149" lon="2.62198"><ele>573.7</ele></trkpt><trkpt lat="43.39122" lon="2.62161"><ele>569.5</ele></trkpt><trkpt lat="43.39106" lon="2.62149"><ele>569.7</ele></trkpt><trkpt lat="43.39095" lon="2.62133"><ele>567.1</ele></trkpt><trkpt lat="43.39071" lon="2.62124"><ele>562.5</ele></trkpt><trkpt lat="43.39043" lon="2.62136"><ele>559.6</ele></trkpt><trkpt lat="43.3901" lon="2.62167"><ele>555.9</ele></trkpt><trkpt lat="43.38987" lon="2.62212"><ele>550.7</ele></trkpt><trkpt lat="43.3899" lon="2.62288"><ele>546.8</ele></trkpt><trkpt lat="43.39013" lon="2.62367"><ele>542.7</ele></trkpt><trkpt lat="43.39001" lon="2.62369"><ele>538.9</ele></trkpt><trkpt lat="43.38937" lon="2.62315"><ele>529.9</ele></trkpt><trkpt lat="43.38873" lon="2.62289"><ele>520.9</ele></trkpt><trkpt lat="43.38843" lon="2.62272"><ele>516.6</ele></trkpt><trkpt lat="43.3879" lon="2.6222"><ele>506.7</ele></trkpt><trkpt lat="43.38763" lon="2.62178"><ele>501.3</ele></trkpt><trkpt lat="43.38735" lon="2.62217"><ele>494.9</ele></trkpt><trkpt lat="43.38725" lon="2.62213"><ele>493.4</ele></trkpt><trkpt lat="43.38718" lon="2.62178"><ele>492</ele></trkpt><trkpt lat="43.3874" lon="2.62125"><ele>488.8</ele></trkpt><trkpt lat="43.38781" lon="2.62069"><ele>484.1</ele></trkpt><trkpt lat="43.38805" lon="2.62031"><ele>478.8</ele></trkpt><trkpt lat="43.38835" lon="2.62009"><ele>476.5</ele></trkpt><trkpt lat="43.3886" lon="2.61984"><ele>473.8</ele></trkpt><trkpt lat="43.38893" lon="2.61925"><ele>467.6</ele></trkpt><trkpt lat="43.38894" lon="2.61905"><ele>466.7</ele></trkpt><trkpt lat="43.38891" lon="2.61893"><ele>466.9</ele></trkpt><trkpt lat="43.3886" lon="2.61867"><ele>467</ele></trkpt><trkpt lat="43.38828" lon="2.61802"><ele>473.4</ele></trkpt><trkpt lat="43.38823" lon="2.61777"><ele>475.1</ele></trkpt><trkpt lat="43.38843" lon="2.61742"><ele>477.4</ele></trkpt><trkpt lat="43.38863" lon="2.61734"><ele>480.3</ele></trkpt><trkpt lat="43.38861" lon="2.61697"><ele>480.7</ele></trkpt><trkpt lat="43.38848" lon="2.61648"><ele>481.9</ele></trkpt><trkpt lat="43.3883" lon="2.61551"><ele>486.9</ele></trkpt><trkpt lat="43.38815" lon="2.61511"><ele>489.9</ele></trkpt><trkpt lat="43.38817" lon="2.614"><ele>492.4</ele></trkpt><trkpt lat="43.38885" lon="2.61115"><ele>509.8</ele></trkpt><trkpt lat="43.38905" lon="2.60963"><ele>521</ele></trkpt><trkpt lat="43.38893" lon="2.60929"><ele>522.4</ele></trkpt><trkpt lat="43.38871" lon="2.60888"><ele>523.6</ele></trkpt><trkpt lat="43.38884" lon="2.60852"><ele>529.1</ele></trkpt><trkpt lat="43.38887" lon="2.60711"><ele>536.3</ele></trkpt><trkpt lat="43.38908" lon="2.60593"><ele>544.7</ele></trkpt><trkpt lat="43.38906" lon="2.60522"><ele>541.8</ele></trkpt><trkpt lat="43.38916" lon="2.60437"><ele>551.4</ele></trkpt><trkpt lat="43.3892" lon="2.60327"><ele>561.3</ele></trkpt><trkpt lat="43.38906" lon="2.60282"><ele>561.9</ele></trkpt><trkpt lat="43.38906" lon="2.60216"><ele>567.3</ele></trkpt><trkpt lat="43.38919" lon="2.60172"><ele>570.6</ele></trkpt><trkpt lat="43.38952" lon="2.60136"><ele>574.8</ele></trkpt><trkpt lat="43.38972" lon="2.60076"><ele>577.1</ele></trkpt><trkpt lat="43.38994" lon="2.60071"><ele>581.7</ele></trkpt><trkpt lat="43.39014" lon="2.60055"><ele>583.5</ele></trkpt><trkpt lat="43.39063" lon="2.59981"><ele>587.1</ele></trkpt><trkpt lat="43.39099" lon="2.59956"><ele>590.3</ele></trkpt><trkpt lat="43.3913" lon="2.59944"><ele>594.7</ele></trkpt><trkpt lat="43.39157" lon="2.59881"><ele>595.2</ele></trkpt><trkpt lat="43.39196" lon="2.59849"><ele>594.6</ele></trkpt><trkpt lat="43.39203" lon="2.59831"><ele>595.9</ele></trkpt><trkpt lat="43.39199" lon="2.59815"><ele>597.4</ele></trkpt><trkpt lat="43.39189" lon="2.59805"><ele>599.4</ele></trkpt><trkpt lat="43.39129" lon="2.59856"><ele>601.5</ele></trkpt><trkpt lat="43.39058" lon="2.59868"><ele>605.9</ele></trkpt><trkpt lat="43.39024" lon="2.59865"><ele>606.2</ele></trkpt><trkpt lat="43.38969" lon="2.59866"><ele>609.4</ele></trkpt><trkpt lat="43.38932" lon="2.59848"><ele>616.5</ele></trkpt><trkpt lat="43.38858" lon="2.59964"><ele>625</ele></trkpt><trkpt lat="43.38846" lon="2.59977"><ele>626</ele></trkpt><trkpt lat="43.38825" lon="2.59984"><ele>629.5</ele></trkpt><trkpt lat="43.3881" lon="2.59994"><ele>631.7</ele></trkpt><trkpt lat="43.38762" lon="2.60055"><ele>638.3</ele></trkpt><trkpt lat="43.38728" lon="2.60055"><ele>640</ele></trkpt><trkpt lat="43.3871" lon="2.6006"><ele>638.9</ele></trkpt><trkpt lat="43.3872" lon="2.5994"><ele>644.2</ele></trkpt><trkpt lat="43.38683" lon="2.5987"><ele>648.2</ele></trkpt><trkpt lat="43.38692" lon="2.5985"><ele>652.5</ele></trkpt><trkpt lat="43.38725" lon="2.59867"><ele>653.3</ele></trkpt><trkpt lat="43.38756" lon="2.59847"><ele>656.8</ele></trkpt><trkpt lat="43.38786" lon="2.59795"><ele>662.4</ele></trkpt><trkpt lat="43.388" lon="2.59747"><ele>665.9</ele></trkpt><trkpt lat="43.38822" lon="2.59716"><ele>666.7</ele></trkpt><trkpt lat="43.3882" lon="2.5962"><ele>676</ele></trkpt><trkpt lat="43.38823" lon="2.59539"><ele>681</ele></trkpt><trkpt lat="43.38842" lon="2.59506"><ele>683.7</ele></trkpt><trkpt lat="43.38837" lon="2.59493"><ele>685.4</ele></trkpt><trkpt lat="43.38794" lon="2.59496"><ele>688.3</ele></trkpt><trkpt lat="43.38793" lon="2.59474"><ele>689.4</ele></trkpt><trkpt lat="43.38829" lon="2.59419"><ele>694.7</ele></trkpt><trkpt lat="43.38858" lon="2.59365"><ele>699.9</ele></trkpt><trkpt lat="43.38856" lon="2.59317"><ele>702.8</ele></trkpt><trkpt lat="43.38818" lon="2.59209"><ele>709.5</ele></trkpt><trkpt lat="43.38794" lon="2.59127"><ele>715.2</ele></trkpt><trkpt lat="43.38786" lon="2.5908"><ele>717.8</ele></trkpt><trkpt lat="43.38795" lon="2.5891"><ele>727.4</ele></trkpt><trkpt lat="43.38781" lon="2.58813"><ele>730</ele></trkpt><trkpt lat="43.38737" lon="2.5883"><ele>731.3</ele></trkpt><trkpt lat="43.38713" lon="2.58833"><ele>730</ele></trkpt><trkpt lat="43.38674" lon="2.58891"><ele>729.7</ele></trkpt><trkpt lat="43.38642" lon="2.58919"><ele>731.1</ele></trkpt><trkpt lat="43.38614" lon="2.5893"><ele>732.4</ele></trkpt><trkpt lat="43.38591" lon="2.58915"><ele>733.4</ele></trkpt><trkpt lat="43.38546" lon="2.58856"><ele>732.7</ele></trkpt><trkpt lat="43.38464" lon="2.58796"><ele>732.7</ele></trkpt><trkpt lat="43.38404" lon="2.58708"><ele>736.8</ele></trkpt><trkpt lat="43.38345" lon="2.58631"><ele>735.4</ele></trkpt><trkpt lat="43.38228" lon="2.58571"><ele>723.6</ele></trkpt><trkpt lat="43.38181" lon="2.58539"><ele>718.6</ele></trkpt><trkpt lat="43.38118" lon="2.58487"><ele>711.8</ele></trkpt><trkpt lat="43.38132" lon="2.58477"><ele>709.3</ele></trkpt><trkpt lat="43.3816" lon="2.58492"><ele>711</ele></trkpt><trkpt lat="43.38174" lon="2.58476"><ele>710.5</ele></trkpt><trkpt lat="43.3817" lon="2.58442"><ele>707.2</ele></trkpt><trkpt lat="43.38131" lon="2.58376"><ele>700.4</ele></trkpt><trkpt lat="43.38098" lon="2.58297"><ele>692.2</ele></trkpt><trkpt lat="43.38086" lon="2.58221"><ele>688.1</ele></trkpt><trkpt lat="43.38064" lon="2.58215"><ele>683.8</ele></trkpt><trkpt lat="43.38058" lon="2.58295"><ele>680.2</ele></trkpt><trkpt lat="43.38046" lon="2.58285"><ele>677.5</ele></trkpt><trkpt lat="43.38009" lon="2.58195"><ele>669.6</ele></trkpt><trkpt lat="43.37971" lon="2.58128"><ele>662.5</ele></trkpt><trkpt lat="43.37935" lon="2.58115"><ele>657.5</ele></trkpt><trkpt lat="43.37882" lon="2.58117"><ele>652.8</ele></trkpt><trkpt lat="43.37844" lon="2.58165"><ele>645.7</ele></trkpt><trkpt lat="43.37814" lon="2.58157"><ele>643.3</ele></trkpt><trkpt lat="43.37745" lon="2.58106"><ele>638.3</ele></trkpt><trkpt lat="43.37703" lon="2.58066"><ele>636.3</ele></trkpt><trkpt lat="43.37622" lon="2.58038"><ele>631</ele></trkpt><trkpt lat="43.37584" lon="2.58029"><ele>628.2</ele></trkpt><trkpt lat="43.37568" lon="2.58039"><ele>628.1</ele></trkpt><trkpt lat="43.37551" lon="2.58065"><ele>627.2</ele></trkpt><trkpt lat="43.37559" lon="2.58013"><ele>624.5</ele></trkpt><trkpt lat="43.37591" lon="2.57995"><ele>622.4</ele></trkpt><trkpt lat="43.37621" lon="2.57932"><ele>620.2</ele></trkpt><trkpt lat="43.37669" lon="2.57744"><ele>610.3</ele></trkpt><trkpt lat="43.37663" lon="2.57688"><ele>605.6</ele></trkpt><trkpt lat="43.37622" lon="2.57634"><ele>602.4</ele></trkpt><trkpt lat="43.37595" lon="2.57622"><ele>599.1</ele></trkpt><trkpt lat="43.37554" lon="2.57651"><ele>592.2</ele></trkpt><trkpt lat="43.37517" lon="2.57649"><ele>586.7</ele></trkpt><trkpt lat="43.37436" lon="2.57616"><ele>579.2</ele></trkpt><trkpt lat="43.37393" lon="2.57594"><ele>576.6</ele></trkpt><trkpt lat="43.3739" lon="2.57621"><ele>572.7</ele></trkpt><trkpt lat="43.37436" lon="2.57677"><ele>568.6</ele></trkpt><trkpt lat="43.37459" lon="2.57698"><ele>567</ele></trkpt><trkpt lat="43.37455" lon="2.57762"><ele>565.7</ele></trkpt><trkpt lat="43.37407" lon="2.5778"><ele>557.8</ele></trkpt><trkpt lat="43.37189" lon="2.57895"><ele>530.1</ele></trkpt><trkpt lat="43.37079" lon="2.57968"><ele>521.2</ele></trkpt><trkpt lat="43.3703" lon="2.58055"><ele>521.6</ele></trkpt><trkpt lat="43.37012" lon="2.58192"><ele>529.6</ele></trkpt><trkpt lat="43.36975" lon="2.58296"><ele>525.1</ele></trkpt><trkpt lat="43.36934" lon="2.58348"><ele>517.9</ele></trkpt><trkpt lat="43.36859" lon="2.58377"><ele>510.6</ele></trkpt><trkpt lat="43.36776" lon="2.58359"><ele>504.2</ele></trkpt><trkpt lat="43.36712" lon="2.5833"><ele>499.5</ele></trkpt><trkpt lat="43.36762" lon="2.58391"><ele>492.6</ele></trkpt><trkpt lat="43.36807" lon="2.58415"><ele>488.1</ele></trkpt><trkpt lat="43.3684" lon="2.58467"><ele>485.1</ele></trkpt><trkpt lat="43.36797" lon="2.58442"><ele>480.7</ele></trkpt><trkpt lat="43.36746" lon="2.58446"><ele>474.2</ele></trkpt><trkpt lat="43.36682" lon="2.58438"><ele>469</ele></trkpt><trkpt lat="43.3677" lon="2.58502"><ele>459.8</ele></trkpt><trkpt lat="43.36778" lon="2.58564"><ele>459.4</ele></trkpt><trkpt lat="43.36718" lon="2.58754"><ele>444.3</ele></trkpt><trkpt lat="43.36663" lon="2.58836"><ele>436.9</ele></trkpt><trkpt lat="43.36636" lon="2.58896"><ele>431.8</ele></trkpt><trkpt lat="43.36629" lon="2.58974"><ele>425</ele></trkpt><trkpt lat="43.36622" lon="2.5886"><ele>422.2</ele></trkpt><trkpt lat="43.36596" lon="2.5892"><ele>415.1</ele></trkpt><trkpt lat="43.3659" lon="2.59014"><ele>408.3</ele></trkpt><trkpt lat="43.3659" lon="2.59109"><ele>401.3</ele></trkpt><trkpt lat="43.36569" lon="2.59093"><ele>399.2</ele></trkpt><trkpt lat="43.36535" lon="2.58983"><ele>393.6</ele></trkpt><trkpt lat="43.36524" lon="2.59036"><ele>387.4</ele></trkpt><trkpt lat="43.36519" lon="2.5912"><ele>383</ele></trkpt><trkpt lat="43.36451" lon="2.59285"><ele>369.2</ele></trkpt><trkpt lat="43.36425" lon="2.59263"><ele>366</ele></trkpt><trkpt lat="43.36379" lon="2.59305"><ele>361.2</ele></trkpt><trkpt lat="43.36335" lon="2.59371"><ele>360.8</ele></trkpt><trkpt lat="43.36304" lon="2.59406"><ele>359.9</ele></trkpt><trkpt lat="43.36264" lon="2.59396"><ele>358.4</ele></trkpt><trkpt lat="43.36242" lon="2.59366"><ele>355.8</ele></trkpt><trkpt lat="43.36271" lon="2.59348"><ele>352.5</ele></trkpt><trkpt lat="43.36311" lon="2.59302"><ele>347.5</ele></trkpt><trkpt lat="43.36334" lon="2.59252"><ele>344.5</ele></trkpt><trkpt lat="43.36342" lon="2.59194"><ele>339.8</ele></trkpt><trkpt lat="43.36337" lon="2.59143"><ele>336.7</ele></trkpt><trkpt lat="43.36322" lon="2.59098"><ele>336</ele></trkpt><trkpt lat="43.36303" lon="2.59096"><ele>336</ele></trkpt><trkpt lat="43.3628" lon="2.59148"><ele>337.9</ele></trkpt><trkpt lat="43.36262" lon="2.59173"><ele>338.4</ele></trkpt><trkpt lat="43.36224" lon="2.59163"><ele>345.5</ele></trkpt><trkpt lat="43.36196" lon="2.59163"><ele>347.5</ele></trkpt><trkpt lat="43.36177" lon="2.59123"><ele>352.5</ele></trkpt><trkpt lat="43.36123" lon="2.59064"><ele>364.2</ele></trkpt><trkpt lat="43.36099" lon="2.59061"><ele>369.3</ele></trkpt><trkpt lat="43.36079" lon="2.59087"><ele>369.3</ele></trkpt><trkpt lat="43.36077" lon="2.59064"><ele>375</ele></trkpt><trkpt lat="43.36082" lon="2.59016"><ele>382.9</ele></trkpt><trkpt lat="43.36098" lon="2.58989"><ele>386.6</ele></trkpt><trkpt lat="43.36076" lon="2.5897"><ele>393.2</ele></trkpt><trkpt lat="43.36042" lon="2.58929"><ele>401.2</ele></trkpt><trkpt lat="43.36023" lon="2.58883"><ele>405.5</ele></trkpt><trkpt lat="43.3598" lon="2.58829"><ele>412.6</ele></trkpt><trkpt lat="43.35951" lon="2.58747"><ele>416.6</ele></trkpt><trkpt lat="43.35932" lon="2.58664"><ele>414.1</ele></trkpt><trkpt lat="43.35931" lon="2.58605"><ele>414.7</ele></trkpt><trkpt lat="43.35828" lon="2.58553"><ele>422.5</ele></trkpt><trkpt lat="43.35856" lon="2.58549"><ele>425.9</ele></trkpt><trkpt lat="43.35817" lon="2.58535"><ele>430.6</ele></trkpt><trkpt lat="43.35756" lon="2.58547"><ele>433.8</ele></trkpt><trkpt lat="43.3569" lon="2.58546"><ele>436.7</ele></trkpt><trkpt lat="43.35644" lon="2.58513"><ele>435.2</ele></trkpt><trkpt lat="43.35616" lon="2.58446"><ele>429.4</ele></trkpt><trkpt lat="43.35599" lon="2.58412"><ele>428.6</ele></trkpt><trkpt lat="43.35569" lon="2.58368"><ele>428.9</ele></trkpt><trkpt lat="43.35539" lon="2.5831"><ele>417.8</ele></trkpt><trkpt lat="43.35541" lon="2.58223"><ele>410.9</ele></trkpt><trkpt lat="43.35534" lon="2.58192"><ele>417.4</ele></trkpt><trkpt lat="43.3552" lon="2.58203"><ele>414.8</ele></trkpt><trkpt lat="43.35505" lon="2.58238"><ele>409.2</ele></trkpt><trkpt lat="43.35472" lon="2.58266"><ele>406.1</ele></trkpt><trkpt lat="43.35412" lon="2.58303"><ele>397.9</ele></trkpt><trkpt lat="43.35347" lon="2.58327"><ele>394.9</ele></trkpt><trkpt lat="43.35313" lon="2.58309"><ele>394.1</ele></trkpt><trkpt lat="43.35277" lon="2.58278"><ele>386.6</ele></trkpt><trkpt lat="43.35249" lon="2.58239"><ele>387.5</ele></trkpt><trkpt lat="43.35217" lon="2.58215"><ele>381.3</ele></trkpt><trkpt lat="43.35183" lon="2.58122"><ele>373.5</ele></trkpt><trkpt lat="43.35173" lon="2.58187"><ele>365.3</ele></trkpt><trkpt lat="43.35181" lon="2.5825"><ele>359.6</ele></trkpt><trkpt lat="43.35206" lon="2.58321"><ele>350</ele></trkpt><trkpt lat="43.35207" lon="2.58371"><ele>343.5</ele></trkpt><trkpt lat="43.35165" lon="2.58347"><ele>335.6</ele></trkpt><trkpt lat="43.35037" lon="2.58312"><ele>310.9</ele></trkpt><trkpt lat="43.35016" lon="2.5829"><ele>306.9</ele></trkpt><trkpt lat="43.35019" lon="2.58241"><ele>304</ele></trkpt><trkpt lat="43.34975" lon="2.58294"><ele>295.7</ele></trkpt><trkpt lat="43.34927" lon="2.5828"><ele>289.2</ele></trkpt><trkpt lat="43.34967" lon="2.58235"><ele>288.1</ele></trkpt><trkpt lat="43.34962" lon="2.58155"><ele>284.3</ele></trkpt><trkpt lat="43.34957" lon="2.58128"><ele>283.4</ele></trkpt><trkpt lat="43.34963" lon="2.58055"><ele>282.6</ele></trkpt><trkpt lat="43.34978" lon="2.57996"><ele>284.3</ele></trkpt><trkpt lat="43.34978" lon="2.57931"><ele>283.5</ele></trkpt><trkpt lat="43.34981" lon="2.57882"><ele>280.4</ele></trkpt><trkpt lat="43.35018" lon="2.5781"><ele>280.3</ele></trkpt><trkpt lat="43.34996" lon="2.57802"><ele>279.2</ele></trkpt><trkpt lat="43.34957" lon="2.5782"><ele>276</ele></trkpt><trkpt lat="43.34941" lon="2.57802"><ele>278.1</ele></trkpt><trkpt lat="43.34968" lon="2.57717"><ele>275.2</ele></trkpt><trkpt lat="43.34944" lon="2.577"><ele>272.9</ele></trkpt><trkpt lat="43.34937" lon="2.57687"><ele>271.5</ele></trkpt><trkpt lat="43.34955" lon="2.57632"><ele>274.5</ele></trkpt><trkpt lat="43.34947" lon="2.57589"><ele>272.6</ele></trkpt><trkpt lat="43.34957" lon="2.57578"><ele>275.5</ele></trkpt><trkpt lat="43.34959" lon="2.57556"><ele>277.1</ele></trkpt><trkpt lat="43.34941" lon="2.57549"><ele>277</ele></trkpt><trkpt lat="43.34918" lon="2.57547"><ele>271.9</ele></trkpt><trkpt lat="43.34923" lon="2.57505"><ele>278.7</ele></trkpt><trkpt lat="43.3492" lon="2.57485"><ele>281.4</ele></trkpt><trkpt lat="43.34895" lon="2.57501"><ele>277.8</ele></trkpt><trkpt lat="43.34856" lon="2.57513"><ele>280.2</ele></trkpt><trkpt lat="43.34812" lon="2.57512"><ele>282.5</ele></trkpt><trkpt lat="43.34772" lon="2.57497"><ele>285.8</ele></trkpt><trkpt lat="43.34739" lon="2.57472"><ele>285.7</ele></trkpt><trkpt lat="43.34713" lon="2.57423"><ele>288.2</ele></trkpt><trkpt lat="43.34697" lon="2.57374"><ele>289.3</ele></trkpt><trkpt lat="43.34701" lon="2.5734"><ele>289.2</ele></trkpt><trkpt lat="43.34719" lon="2.57321"><ele>289.7</ele></trkpt><trkpt lat="43.34763" lon="2.57299"><ele>294.9</ele></trkpt><trkpt lat="43.3478" lon="2.57284"><ele>295.4</ele></trkpt><trkpt lat="43.34779" lon="2.57266"><ele>295.9</ele></trkpt><trkpt lat="43.34759" lon="2.5725"><ele>294.3</ele></trkpt><trkpt lat="43.34738" lon="2.57208"><ele>295.5</ele></trkpt><trkpt lat="43.34717" lon="2.57181"><ele>296.1</ele></trkpt><trkpt lat="43.3469" lon="2.5717"><ele>294.1</ele></trkpt><trkpt lat="43.34672" lon="2.57135"><ele>292.6</ele></trkpt><trkpt lat="43.34666" lon="2.57067"><ele>289.7</ele></trkpt><trkpt lat="43.34675" lon="2.56902"><ele>287.5</ele></trkpt><trkpt lat="43.34669" lon="2.56872"><ele>286</ele></trkpt><trkpt lat="43.34659" lon="2.56868"><ele>288.1</ele></trkpt><trkpt lat="43.34648" lon="2.569"><ele>286.9</ele></trkpt><trkpt lat="43.34621" lon="2.56926"><ele>286.2</ele></trkpt><trkpt lat="43.3457" lon="2.56948"><ele>287.3</ele></trkpt><trkpt lat="43.34548" lon="2.5693"><ele>289.5</ele></trkpt><trkpt lat="43.3452" lon="2.56872"><ele>292.5</ele></trkpt><trkpt lat="43.34496" lon="2.56851"><ele>292.4</ele></trkpt><trkpt lat="43.34482" lon="2.56802"><ele>294.6</ele></trkpt><trkpt lat="43.34474" lon="2.56746"><ele>299.4</ele></trkpt><trkpt lat="43.34454" lon="2.56707"><ele>300.7</ele></trkpt><trkpt lat="43.34444" lon="2.56643"><ele>304.4</ele></trkpt><trkpt lat="43.34434" lon="2.56607"><ele>308.5</ele></trkpt><trkpt lat="43.34421" lon="2.56601"><ele>308.4</ele></trkpt><trkpt lat="43.34359" lon="2.56642"><ele>310.8</ele></trkpt><trkpt lat="43.34323" lon="2.56679"><ele>312.1</ele></trkpt><trkpt lat="43.34264" lon="2.56689"><ele>314.1</ele></trkpt><trkpt lat="43.34312" lon="2.56642"><ele>318.7</ele></trkpt><trkpt lat="43.34366" lon="2.56578"><ele>324.1</ele></trkpt><trkpt lat="43.34365" lon="2.56463"><ele>323.6</ele></trkpt><trkpt lat="43.34367" lon="2.56408"><ele>325.8</ele></trkpt><trkpt lat="43.34357" lon="2.56391"><ele>325.7</ele></trkpt><trkpt lat="43.34315" lon="2.56399"><ele>324.6</ele></trkpt><trkpt lat="43.34293" lon="2.5639"><ele>325</ele></trkpt><trkpt lat="43.34276" lon="2.56352"><ele>325.7</ele></trkpt><trkpt lat="43.34267" lon="2.56313"><ele>323.1</ele></trkpt><trkpt lat="43.34271" lon="2.56281"><ele>322.1</ele></trkpt><trkpt lat="43.34266" lon="2.56258"><ele>323.8</ele></trkpt><trkpt lat="43.34245" lon="2.56241"><ele>321.7</ele></trkpt><trkpt lat="43.34234" lon="2.5622"><ele>321.7</ele></trkpt><trkpt lat="43.3423" lon="2.5619"><ele>319.5</ele></trkpt><trkpt lat="43.34236" lon="2.56145"><ele>320</ele></trkpt><trkpt lat="43.34233" lon="2.56125"><ele>321.6</ele></trkpt><trkpt lat="43.34208" lon="2.56118"><ele>317.1</ele></trkpt><trkpt lat="43.34183" lon="2.56094"><ele>316.4</ele></trkpt><trkpt lat="43.34161" lon="2.56087"><ele>313.6</ele></trkpt><trkpt lat="43.34118" lon="2.56098"><ele>309.2</ele></trkpt><trkpt lat="43.34126" lon="2.56056"><ele>308.4</ele></trkpt><trkpt lat="43.34139" lon="2.56023"><ele>306.2</ele></trkpt><trkpt lat="43.34148" lon="2.56011"><ele>306.9</ele></trkpt><trkpt lat="43.34143" lon="2.55938"><ele>303.5</ele></trkpt><trkpt lat="43.34132" lon="2.55942"><ele>302</ele></trkpt><trkpt lat="43.34095" lon="2.55972"><ele>299.6</ele></trkpt><trkpt lat="43.34013" lon="2.55967"><ele>293.5</ele></trkpt><trkpt lat="43.33968" lon="2.55984"><ele>288.5</ele></trkpt><trkpt lat="43.33949" lon="2.55969"><ele>286.9</ele></trkpt><trkpt lat="43.33927" lon="2.55904"><ele>281.8</ele></trkpt><trkpt lat="43.33931" lon="2.55852"><ele>278.7</ele></trkpt><trkpt lat="43.33964" lon="2.55824"><ele>281.3</ele></trkpt><trkpt lat="43.33946" lon="2.55771"><ele>278.6</ele></trkpt><trkpt lat="43.33947" lon="2.55715"><ele>278.3</ele></trkpt><trkpt lat="43.33944" lon="2.55641"><ele>278.7</ele></trkpt><trkpt lat="43.33931" lon="2.55556"><ele>271.7</ele></trkpt><trkpt lat="43.33891" lon="2.55474"><ele>268.3</ele></trkpt><trkpt lat="43.33918" lon="2.55441"><ele>266.9</ele></trkpt><trkpt lat="43.33939" lon="2.55387"><ele>268.7</ele></trkpt><trkpt lat="43.33833" lon="2.55325"><ele>264.2</ele></trkpt><trkpt lat="43.33808" lon="2.55171"><ele>256.5</ele></trkpt><trkpt lat="43.3372" lon="2.55101"><ele>260.9</ele></trkpt><trkpt lat="43.33712" lon="2.55085"><ele>261.2</ele></trkpt><trkpt lat="43.33704" lon="2.54982"><ele>264.5</ele></trkpt><trkpt lat="43.33699" lon="2.54969"><ele>263.6</ele></trkpt><trkpt lat="43.33684" lon="2.54955"><ele>265</ele></trkpt><trkpt lat="43.33665" lon="2.54951"><ele>265.4</ele></trkpt><trkpt lat="43.33636" lon="2.54952"><ele>265.8</ele></trkpt><trkpt lat="43.33624" lon="2.54938"><ele>266.7</ele></trkpt><trkpt lat="43.3361" lon="2.54906"><ele>267.5</ele></trkpt><trkpt lat="43.33582" lon="2.5488"><ele>263.6</ele></trkpt><trkpt lat="43.33517" lon="2.54845"><ele>262.6</ele></trkpt><trkpt lat="43.33481" lon="2.54837"><ele>263.7</ele></trkpt><trkpt lat="43.33446" lon="2.54833"><ele>263</ele></trkpt><trkpt lat="43.33412" lon="2.54862"><ele>262.1</ele></trkpt><trkpt lat="43.33391" lon="2.54889"><ele>260.9</ele></trkpt><trkpt lat="43.33367" lon="2.54902"><ele>257.1</ele></trkpt><trkpt lat="43.33314" lon="2.54904"><ele>248.9</ele></trkpt><trkpt lat="43.33274" lon="2.5491"><ele>244.2</ele></trkpt><trkpt lat="43.33274" lon="2.54886"><ele>240.9</ele></trkpt><trkpt lat="43.33287" lon="2.54873"><ele>240.8</ele></trkpt><trkpt lat="43.33291" lon="2.54831"><ele>234</ele></trkpt><trkpt lat="43.33325" lon="2.54801"><ele>234.6</ele></trkpt><trkpt lat="43.33369" lon="2.5475"><ele>230.3</ele></trkpt><trkpt lat="43.33386" lon="2.54692"><ele>227.5</ele></trkpt><trkpt lat="43.3341" lon="2.54658"><ele>222.1</ele></trkpt><trkpt lat="43.33458" lon="2.54655"><ele>223.2</ele></trkpt><trkpt lat="43.33503" lon="2.54674"><ele>226.7</ele></trkpt><trkpt lat="43.33507" lon="2.54661"><ele>226.2</ele></trkpt><trkpt lat="43.3349" lon="2.54595"><ele>219.2</ele></trkpt><trkpt lat="43.33495" lon="2.54539"><ele>214</ele></trkpt><trkpt lat="43.33462" lon="2.54516"><ele>210.5</ele></trkpt><trkpt lat="43.33431" lon="2.54527"><ele>209.6</ele></trkpt><trkpt lat="43.33417" lon="2.54514"><ele>213</ele></trkpt><trkpt lat="43.33411" lon="2.54487"><ele>215</ele></trkpt><trkpt lat="43.33419" lon="2.54458"><ele>219.1</ele></trkpt><trkpt lat="43.33397" lon="2.54374"><ele>228</ele></trkpt><trkpt lat="43.33343" lon="2.54227"><ele>249.2</ele></trkpt><trkpt lat="43.33309" lon="2.5418"><ele>255.3</ele></trkpt><trkpt lat="43.33292" lon="2.54115"><ele>251.9</ele></trkpt><trkpt lat="43.33288" lon="2.54065"><ele>250.1</ele></trkpt><trkpt lat="43.33258" lon="2.53958"><ele>249</ele></trkpt><trkpt lat="43.33222" lon="2.53897"><ele>254.9</ele></trkpt><trkpt lat="43.33158" lon="2.53723"><ele>249.4</ele></trkpt><trkpt lat="43.33059" lon="2.53584"><ele>231.7</ele></trkpt><trkpt lat="43.33032" lon="2.53556"><ele>227.5</ele></trkpt><trkpt lat="43.33009" lon="2.53515"><ele>221.2</ele></trkpt><trkpt lat="43.32962" lon="2.53466"><ele>217.5</ele></trkpt><trkpt lat="43.32913" lon="2.53435"><ele>215.8</ele></trkpt><trkpt lat="43.32898" lon="2.53431"><ele>215.1</ele></trkpt><trkpt lat="43.3287" lon="2.53348"><ele>217.8</ele></trkpt><trkpt lat="43.32859" lon="2.53252"><ele>215.7</ele></trkpt><trkpt lat="43.32841" lon="2.53184"><ele>210.2</ele></trkpt><trkpt lat="43.32827" lon="2.53156"><ele>209.1</ele></trkpt><trkpt lat="43.32807" lon="2.53137"><ele>208.7</ele></trkpt><trkpt lat="43.3278" lon="2.53092"><ele>209</ele></trkpt><trkpt lat="43.3276" lon="2.53051"><ele>209.4</ele></trkpt><trkpt lat="43.32762" lon="2.52931"><ele>211.5</ele></trkpt><trkpt lat="43.32789" lon="2.52743"><ele>199.4</ele></trkpt><trkpt lat="43.32762" lon="2.52622"><ele>191.4</ele></trkpt><trkpt lat="43.32748" lon="2.52603"><ele>188.3</ele></trkpt><trkpt lat="43.32712" lon="2.5264"><ele>188.7</ele></trkpt><trkpt lat="43.32691" lon="2.52682"><ele>187</ele></trkpt><trkpt lat="43.32676" lon="2.52677"><ele>185.2</ele></trkpt><trkpt lat="43.32652" lon="2.52716"><ele>186</ele></trkpt><trkpt lat="43.32641" lon="2.52757"><ele>187.2</ele></trkpt><trkpt lat="43.32638" lon="2.5272"><ele>183.8</ele></trkpt><trkpt lat="43.32625" lon="2.52692"><ele>182</ele></trkpt><trkpt lat="43.32589" lon="2.52661"><ele>181</ele></trkpt><trkpt lat="43.32585" lon="2.52626"><ele>180.6</ele></trkpt><trkpt lat="43.32591" lon="2.5262"><ele>180.5</ele></trkpt><trkpt lat="43.32628" lon="2.52612"><ele>182.2</ele></trkpt><trkpt lat="43.32589" lon="2.52621"><ele>180.5</ele></trkpt><trkpt lat="43.32562" lon="2.52649"><ele>179.5</ele></trkpt><trkpt lat="43.32573" lon="2.52792"><ele>178.3</ele></trkpt><trkpt lat="43.32571" lon="2.52886"><ele>177.7</ele></trkpt><trkpt lat="43.32504" lon="2.53024"><ele>176.2</ele></trkpt><trkpt lat="43.32436" lon="2.53142"><ele>181</ele></trkpt><trkpt lat="43.32306" lon="2.53212"><ele>176.2</ele></trkpt><trkpt lat="43.32233" lon="2.53267"><ele>172.1</ele></trkpt><trkpt lat="43.32169" lon="2.53346"><ele>170.6</ele></trkpt><trkpt lat="43.32037" lon="2.53406"><ele>169.2</ele></trkpt><trkpt lat="43.31984" lon="2.53394"><ele>167.9</ele></trkpt><trkpt lat="43.3188" lon="2.53425"><ele>166</ele></trkpt><trkpt lat="43.31798" lon="2.53425"><ele>165.5</ele></trkpt><trkpt lat="43.31688" lon="2.53406"><ele>165.9</ele></trkpt><trkpt lat="43.31611" lon="2.53504"><ele>173.4</ele></trkpt><trkpt lat="43.31572" lon="2.53543"><ele>174.6</ele></trkpt><trkpt lat="43.3154" lon="2.53588"><ele>173.3</ele></trkpt><trkpt lat="43.31499" lon="2.53752"><ele>172.9</ele></trkpt><trkpt lat="43.31385" lon="2.54011"><ele>169.8</ele></trkpt><trkpt lat="43.31173" lon="2.54517"><ele>163.4</ele></trkpt><trkpt lat="43.31124" lon="2.54606"><ele>163.4</ele></trkpt><trkpt lat="43.3091" lon="2.54793"><ele>156.8</ele></trkpt><trkpt lat="43.30703" lon="2.54911"><ele>151.1</ele></trkpt><trkpt lat="43.30779" lon="2.55067"><ele>145.2</ele></trkpt><trkpt lat="43.3078" lon="2.55306"><ele>144.9</ele></trkpt><trkpt lat="43.30821" lon="2.55396"><ele>147</ele></trkpt><trkpt lat="43.30908" lon="2.55475"><ele>151.2</ele></trkpt><trkpt lat="43.31003" lon="2.55625"><ele>156.6</ele></trkpt><trkpt lat="43.30971" lon="2.5572"><ele>155</ele></trkpt><trkpt lat="43.30941" lon="2.55827"><ele>154</ele></trkpt><trkpt lat="43.30818" lon="2.55986"><ele>151.5</ele></trkpt><trkpt lat="43.30608" lon="2.5611"><ele>148</ele></trkpt><trkpt lat="43.3031" lon="2.56245"><ele>144.2</ele></trkpt><trkpt lat="43.30326" lon="2.56374"><ele>143.4</ele></trkpt><trkpt lat="43.30167" lon="2.56426"><ele>140</ele></trkpt><trkpt lat="43.29906" lon="2.56677"><ele>135</ele></trkpt><trkpt lat="43.29795" lon="2.56745"><ele>134.4</ele></trkpt><trkpt lat="43.29629" lon="2.56836"><ele>130</ele></trkpt><trkpt lat="43.29475" lon="2.56848"><ele>123</ele></trkpt><trkpt lat="43.29325" lon="2.56902"><ele>121.9</ele></trkpt><trkpt lat="43.29382" lon="2.57096"><ele>121</ele></trkpt><trkpt lat="43.29493" lon="2.57172"><ele>127.7</ele></trkpt><trkpt lat="43.29376" lon="2.57494"><ele>124.5</ele></trkpt><trkpt lat="43.29253" lon="2.57762"><ele>122</ele></trkpt><trkpt lat="43.29195" lon="2.57908"><ele>121</ele></trkpt><trkpt lat="43.28987" lon="2.58074"><ele>118</ele></trkpt><trkpt lat="43.2887" lon="2.58308"><ele>114.7</ele></trkpt><trkpt lat="43.28837" lon="2.58546"><ele>112.8</ele></trkpt><trkpt lat="43.28823" lon="2.58769"><ele>111.2</ele></trkpt><trkpt lat="43.28592" lon="2.58578"><ele>106.4</ele></trkpt><trkpt lat="43.28491" lon="2.58627"><ele>105.6</ele></trkpt><trkpt lat="43.28428" lon="2.58644"><ele>106.7</ele></trkpt><trkpt lat="43.28359" lon="2.58649"><ele>116.1</ele></trkpt><trkpt lat="43.28342" lon="2.587"><ele>116.5</ele></trkpt><trkpt lat="43.28291" lon="2.58689"><ele>116</ele></trkpt><trkpt lat="43.282" lon="2.58702"><ele>116.7</ele></trkpt><trkpt lat="43.28022" lon="2.58908"><ele>114</ele></trkpt><trkpt lat="43.28022" lon="2.58735"><ele>115</ele></trkpt><trkpt lat="43.28064" lon="2.58477"><ele>113.4</ele></trkpt><trkpt lat="43.27882" lon="2.5835"><ele>98.9</ele></trkpt><trkpt lat="43.27759" lon="2.5838"><ele>105.1</ele></trkpt><trkpt lat="43.27763" lon="2.58258"><ele>110.2</ele></trkpt><trkpt lat="43.2757" lon="2.5812"><ele>123.4</ele></trkpt><trkpt lat="43.27495" lon="2.58038"><ele>115.1</ele></trkpt><trkpt lat="43.27503" lon="2.57921"><ele>109.9</ele></trkpt><trkpt lat="43.27432" lon="2.57752"><ele>104.1</ele></trkpt><trkpt lat="43.27168" lon="2.57671"><ele>89.9</ele></trkpt><trkpt lat="43.27146" lon="2.57467"><ele>79.7</ele></trkpt><trkpt lat="43.27094" lon="2.57293"><ele>76</ele></trkpt><trkpt lat="43.26845" lon="2.57196"><ele>68.8</ele></trkpt><trkpt lat="43.26514" lon="2.56598"><ele>64.2</ele></trkpt><trkpt lat="43.26269" lon="2.56069"><ele>64.7</ele></trkpt><trkpt lat="43.26246" lon="2.55996"><ele>65</ele></trkpt><trkpt lat="43.26221" lon="2.559"><ele>65.5</ele></trkpt><trkpt lat="43.26039" lon="2.55716"><ele>63.9</ele></trkpt><trkpt lat="43.26139" lon="2.55058"><ele>75</ele></trkpt><trkpt lat="43.2628" lon="2.54539"><ele>66</ele></trkpt><trkpt lat="43.26775" lon="2.52608"><ele>71.9</ele></trkpt><trkpt lat="43.26875" lon="2.52578"><ele>72.8</ele></trkpt><trkpt lat="43.26931" lon="2.52557"><ele>73.1</ele></trkpt><trkpt lat="43.27031" lon="2.52511"><ele>74.9</ele></trkpt><trkpt lat="43.27035" lon="2.52236"><ele>73.9</ele></trkpt><trkpt lat="43.27142" lon="2.52225"><ele>75.1</ele></trkpt><trkpt lat="43.27239" lon="2.52169"><ele>75.6</ele></trkpt><trkpt lat="43.27269" lon="2.51986"><ele>77.8</ele></trkpt><trkpt lat="43.27243" lon="2.51868"><ele>80.3</ele></trkpt><trkpt lat="43.27113" lon="2.51822"><ele>89.5</ele></trkpt><trkpt lat="43.27042" lon="2.51868"><ele>86.3</ele></trkpt><trkpt lat="43.26704" lon="2.51649"><ele>90.3</ele></trkpt><trkpt lat="43.26589" lon="2.51322"><ele>87</ele></trkpt><trkpt lat="43.26517" lon="2.51297"><ele>84.1</ele></trkpt><trkpt lat="43.26366" lon="2.51327"><ele>78.9</ele></trkpt><trkpt lat="43.26254" lon="2.51179"><ele>76.7</ele></trkpt><trkpt lat="43.25987" lon="2.50985"><ele>75.8</ele></trkpt><trkpt lat="43.25738" lon="2.50623"><ele>85.9</ele></trkpt><trkpt lat="43.25574" lon="2.50255"><ele>96.5</ele></trkpt><trkpt lat="43.25533" lon="2.49873"><ele>95.9</ele></trkpt><trkpt lat="43.25451" lon="2.49556"><ele>96.2</ele></trkpt><trkpt lat="43.25429" lon="2.49357"><ele>97.6</ele></trkpt><trkpt lat="43.25258" lon="2.48934"><ele>111.3</ele></trkpt><trkpt lat="43.25031" lon="2.48724"><ele>135.8</ele></trkpt><trkpt lat="43.24805" lon="2.48689"><ele>150.2</ele></trkpt><trkpt lat="43.24756" lon="2.48536"><ele>154.9</ele></trkpt><trkpt lat="43.24805" lon="2.48306"><ele>162</ele></trkpt><trkpt lat="43.24686" lon="2.48071"><ele>157.5</ele></trkpt><trkpt lat="43.24414" lon="2.47673"><ele>147.8</ele></trkpt><trkpt lat="43.24344" lon="2.47489"><ele>155.6</ele></trkpt><trkpt lat="43.24188" lon="2.47459"><ele>164.6</ele></trkpt><trkpt lat="43.24139" lon="2.47387"><ele>164.1</ele></trkpt><trkpt lat="43.24065" lon="2.47397"><ele>164.7</ele></trkpt><trkpt lat="43.24035" lon="2.47346"><ele>164.6</ele></trkpt><trkpt lat="43.23945" lon="2.47338"><ele>162.8</ele></trkpt><trkpt lat="43.23808" lon="2.47244"><ele>165</ele></trkpt><trkpt lat="43.23697" lon="2.47244"><ele>160.4</ele></trkpt><trkpt lat="43.23514" lon="2.47115"><ele>155</ele></trkpt><trkpt lat="43.23358" lon="2.46923"><ele>154.9</ele></trkpt><trkpt lat="43.23098" lon="2.46714"><ele>153</ele></trkpt><trkpt lat="43.23027" lon="2.46637"><ele>150.9</ele></trkpt><trkpt lat="43.22816" lon="2.4652"><ele>146.8</ele></trkpt><trkpt lat="43.22689" lon="2.46397"><ele>141</ele></trkpt><trkpt lat="43.22581" lon="2.46331"><ele>142.3</ele></trkpt><trkpt lat="43.22518" lon="2.46346"><ele>147.9</ele></trkpt><trkpt lat="43.22381" lon="2.46145"><ele>151.8</ele></trkpt><trkpt lat="43.22136" lon="2.45899"><ele>148.4</ele></trkpt><trkpt lat="43.22005" lon="2.45626"><ele>128.7</ele></trkpt><trkpt lat="43.21908" lon="2.45489"><ele>119.7</ele></trkpt><trkpt lat="43.21904" lon="2.45301"><ele>117.5</ele></trkpt><trkpt lat="43.21839" lon="2.45201"><ele>116.2</ele></trkpt><trkpt lat="43.21651" lon="2.45019"><ele>111.8</ele></trkpt><trkpt lat="43.2157" lon="2.44906"><ele>110.5</ele></trkpt><trkpt lat="43.21499" lon="2.44791"><ele>109.5</ele></trkpt><trkpt lat="43.21441" lon="2.4477"><ele>107.7</ele></trkpt><trkpt lat="43.21398" lon="2.44736"><ele>106.5</ele></trkpt><trkpt lat="43.21393" lon="2.44654"><ele>103.5</ele></trkpt><trkpt lat="43.21364" lon="2.44626"><ele>103.1</ele></trkpt><trkpt lat="43.21234" lon="2.44564"><ele>98.4</ele></trkpt><trkpt lat="43.21196" lon="2.44516"><ele>98</ele></trkpt><trkpt lat="43.21107" lon="2.44362"><ele>95.7</ele></trkpt><trkpt lat="43.21038" lon="2.4436"><ele>91.6</ele></trkpt><trkpt lat="43.21038" lon="2.443"><ele>90</ele></trkpt><trkpt lat="43.21087" lon="2.44294"><ele>88.7</ele></trkpt><trkpt lat="43.21129" lon="2.44233"><ele>90.4</ele></trkpt><trkpt lat="43.21257" lon="2.4416"><ele>87.5</ele></trkpt><trkpt lat="43.21388" lon="2.44067"><ele>87.6</ele></trkpt><trkpt lat="43.21445" lon="2.44012"><ele>88.4</ele></trkpt><trkpt lat="43.21429" lon="2.43811"><ele>85.9</ele></trkpt><trkpt lat="43.21456" lon="2.43564"><ele>86.8</ele></trkpt><trkpt lat="43.2139" lon="2.43442"><ele>88.9</ele></trkpt><trkpt lat="43.21373" lon="2.43241"><ele>86.4</ele></trkpt><trkpt lat="43.21414" lon="2.43118"><ele>87.6</ele></trkpt><trkpt lat="43.21473" lon="2.43017"><ele>87.8</ele></trkpt><trkpt lat="43.21572" lon="2.42719"><ele>87.8</ele></trkpt><trkpt lat="43.21606" lon="2.42339"><ele>87</ele></trkpt><trkpt lat="43.2163" lon="2.42231"><ele>87.8</ele></trkpt><trkpt lat="43.21916" lon="2.42019"><ele>87.6</ele></trkpt><trkpt lat="43.22078" lon="2.41867"><ele>87.8</ele></trkpt><trkpt lat="43.22394" lon="2.41399"><ele>88.4</ele></trkpt><trkpt lat="43.22502" lon="2.41307"><ele>88.8</ele></trkpt><trkpt lat="43.22646" lon="2.41231"><ele>88.2</ele></trkpt><trkpt lat="43.2279" lon="2.41186"><ele>88.7</ele></trkpt><trkpt lat="43.22921" lon="2.41207"><ele>89.8</ele></trkpt><trkpt lat="43.23095" lon="2.41562"><ele>90.7</ele></trkpt><trkpt lat="43.23273" lon="2.41553"><ele>90.3</ele></trkpt><trkpt lat="43.23549" lon="2.41329"><ele>92.4</ele></trkpt><trkpt lat="43.2384" lon="2.4108"><ele>94.2</ele></trkpt><trkpt lat="43.24056" lon="2.40757"><ele>94.8</ele></trkpt><trkpt lat="43.24172" lon="2.40661"><ele>94</ele></trkpt><trkpt lat="43.24242" lon="2.40583"><ele>93.3</ele></trkpt><trkpt lat="43.24252" lon="2.40522"><ele>94.3</ele></trkpt><trkpt lat="43.24262" lon="2.40335"><ele>93</ele></trkpt><trkpt lat="43.24287" lon="2.40133"><ele>93.7</ele></trkpt><trkpt lat="43.24384" lon="2.39648"><ele>92.9</ele></trkpt><trkpt lat="43.2433" lon="2.39526"><ele>93.8</ele></trkpt><trkpt lat="43.24267" lon="2.39442"><ele>93.3</ele></trkpt><trkpt lat="43.24226" lon="2.39208"><ele>95.1</ele></trkpt><trkpt lat="43.24223" lon="2.39066"><ele>95</ele></trkpt><trkpt lat="43.24247" lon="2.38948"><ele>93.7</ele></trkpt><trkpt lat="43.24358" lon="2.38731"><ele>93.9</ele></trkpt><trkpt lat="43.24347" lon="2.38433"><ele>97</ele></trkpt><trkpt lat="43.24284" lon="2.38324"><ele>95</ele></trkpt><trkpt lat="43.24106" lon="2.38045"><ele>95</ele></trkpt><trkpt lat="43.23917" lon="2.3767"><ele>95</ele></trkpt><trkpt lat="43.23725" lon="2.37275"><ele>101.8</ele></trkpt><trkpt lat="43.23684" lon="2.37251"><ele>101.9</ele></trkpt><trkpt lat="43.23332" lon="2.37408"><ele>101.7</ele></trkpt><trkpt lat="43.23195" lon="2.37485"><ele>104.6</ele></trkpt><trkpt lat="43.23038" lon="2.37545"><ele>105.4</ele></trkpt><trkpt lat="43.22938" lon="2.37511"><ele>104.7</ele></trkpt><trkpt lat="43.22832" lon="2.37402"><ele>105.3</ele></trkpt><trkpt lat="43.22784" lon="2.37227"><ele>106.2</ele></trkpt><trkpt lat="43.22776" lon="2.37043"><ele>105</ele></trkpt><trkpt lat="43.2274" lon="2.36938"><ele>105.6</ele></trkpt><trkpt lat="43.22674" lon="2.36863"><ele>104.6</ele></trkpt><trkpt lat="43.22583" lon="2.3685"><ele>105</ele></trkpt><trkpt lat="43.2247" lon="2.36819"><ele>104.7</ele></trkpt><trkpt lat="43.2241" lon="2.36704"><ele>104.5</ele></trkpt><trkpt lat="43.2239" lon="2.36607"><ele>106.1</ele></trkpt><trkpt lat="43.22403" lon="2.36243"><ele>107.7</ele></trkpt><trkpt lat="43.22239" lon="2.35721"><ele>103.7</ele></trkpt><trkpt lat="43.22195" lon="2.35648"><ele>105</ele></trkpt><trkpt lat="43.21758" lon="2.35314"><ele>105.5</ele></trkpt><trkpt lat="43.21711" lon="2.35193"><ele>108</ele></trkpt><trkpt lat="43.2165" lon="2.35195"><ele>108</ele></trkpt>
</trkseg>
</trk>

</gpx>