<?xml version="1.0" encoding="UTF-8" standalone="no" ?>
<gpx xmlns="http://www.topografix.com/GPX/1/1"
     creator="TourInSoft"
     version="1.1"
     xmlns:xsi="http://www.w3.org/2001/XMLSchema-instance"
     xsi:schemaLocation="http://www.topografix.com/GPX/1/1 http://www.topografix.com/GPX/1/1/gpx.xsd">
<wpt lat="43.68881" lon="4.13444">
<ele>11</ele>
<name>Lunel en Petite Camargue</name>
<desc>La Grande Traversée de l’Hérault à VTT par la Passa Meridia Meridia prend son départ tout en douceur aux portes de la Petite Camargue, au cœur des traditions taurines. Le Vidourle, fleuve imprévisible, vous guide jusqu’à l’oppidum d’Ambrussum et au pont romain d’Ambroix, vestige de la Via Domitia.  Garrigues, vignobles et villages accueillants sont omniprésents et accompagnent la suite de votre parcours vers une halte à Entre-Vignes pour découvrir un site unique valorisant le vignoble languedocien : Viavino. Entre vignes et pinèdes, se profilent ensuite des rencontres magistrales à Castries:  un aqueduc imaginé comme le Canal du Midi par Pierre-Paul Riquet, et un château en forme de petit Versailles… Encore un beau château et un merveilleux point de vue à Assas, avant de rentrer dans les vignobles et garrigues du Pic Saint-Loup.</desc>
</wpt>
<wpt lat="43.70195" lon="3.89663">
<ele>128.1</ele>
<name>Vignobles et garrigues du Pic Saint-Loup </name>
<desc>Les profils altiers du Pic Saint-Loup et de l’Hortus sont omniprésents. Des vignes et des villages aux couleurs chaudes invitent à découvrir un terroir viticole à la renommée amplement méritée. Le thym, les genévriers et les buis accompagnent un parcours agréable et roulant jusqu’à Lauret et la première ‘grimpette’ vers l’univers des causses pastoraux. Changement d’ambiance: la montée sur le Causse de l’Hortus se mérite ! La garrigue et son incomparable biodiversité vous accompagnent vers le village de Ferrières-les-Verreries, où des gentilshommes ont soufflé le verre pendant cinq siècles. Votre aventure se poursuit vers le vallon de Londres entre les vieux mas et les jasses (du latin jacere indiquant où les brebis dorment). Dans cette cuvette marécageuse, les eaux se concentrent sur des sources faisant naître des ruisseaux plus ou moins temporaires, comme le Lamalou et son fameux Ravin des Arcs. On y découvre de charmants villages médiévaux aux incomparables églises romanes: Notre-Dame-de-Londres et Saint-Martin-de-Londres. Au passage, initiez-vous à la pratique du sport local : le Tambourin. Vers le Domaine Départemental de Roussières et Viols-le Fort, de nombreux vestiges de nos ancêtres de l’âge du cuivre bordent le chemin : tombes ovales et statues-menhir, village de Cambous…</desc>
</wpt>
<wpt lat="43.744" lon="3.69562">
<ele>260.2</ele>
<name>Gorges de l’Hérault et Monts de Saint-Guilhem</name>
<desc>Sur les drailles de transhumance, fleuries d’asphodèles au printemps, l'itinéraire prend du relief afin de vous faire entrevoir de beaux points de vue sur les gorges de l’Hérault et les contreforts des Cévennes et du Larzac. Le Pont du Diable, inscrit au Patrimoine Mondial de l’Humanité au titre des Chemins de Compostelle, marque l’entrée dans le Grand Site de France des Gorges de l’Hérault. Le détour vers Saint-Guilhem-le-Désert et l’abbaye de Gellone s’impose… Nouveau changement d’ambiance après Saint-Jean-de-Fos, village de charme et haut lieu du patrimoine potier. Vous attaquez la montée vers l’Hérault d’en haut, avec de merveilleux points de vue sur la vallée de l’Hérault et le Mont St-Baudille (848m d'altitude). Grimpettes soutenues et descentes rapides se succèdent dans une véritable immersion dans la forêt domaniale de St-Guilhem-le-Désert et ses boisements de pins de Salzmann (la version locale du pin laricio Corse). La Maison des Légendes aux Plos offre une halte poétique et écologique avant de rejoindre le Domaine départemental des Lavagnes, et d’attaquer la montée vers le Larzac. </desc>
</wpt>
<wpt lat="43.77307" lon="3.53709">
<ele>505.1</ele>
<name>Causse du Larzac </name>
<desc>Après une montée longue et soutenue, au milieu de lavognes, dolmens et menhirs, vous rejoignez le Pic Baudille (848m). Ce promontoire méridional offre un panorama unique vers le Sud sur les plaines, collines et massifs de l’Hérault jusqu’à la mer Méditerranée et même les Pyrénées lorsque le temps est clair. Au Nord, une belle descente vous guide vers une surprenante traversée du Causse du Larzac.  Classé au Patrimoine mondial de l’Humanité par l’UNESCO au titre de la culture de l'agro-pastoralisme méditerranéen, le territoire du Larzac est unique.  La diversité des paysages de la forêt domaniale de Notre-Dame-de-Parlatges, des steppes dolomitiques et karstiques, des paysages caussenards transformés par l’homme en vastes pelouses sèches… sont un voyage dans le voyage, surprenant et mystique.  Le village du Caylar, surplombé par son Roc Castel, et dont la place centrale est ornée d’un étonnant arbre sculpté, annonce l’entrée dans un nouveau monde : le Haut Languedoc.</desc>
</wpt>
<wpt lat="43.80737" lon="3.26856">
<ele>721.2</ele>
<name>l’Escandorgue et la Vallée du Gravezon </name>
<desc>L’Escandorgue vous accueille pour une nouvelle traversée atypique et mystique au travers de la magie de sa forêt mystérieuse et de ses formations géologiques surprenantes, cœur du Geoparc Terres d’Hérault. Grotte de Labeil, temple boudhiste du Lerab-Ling, communautés mystiques perdues sur les hauteurs campagnardes de l’Hérault marquent la transition entre Lodévois-Larzac et Parc Naturel Régional du Haut-Languedoc. La grande descente vers la vallée du Gravezon permet de rencontrer une nouvelle diversité d'essences d'arbres et de cultures. Un tracé en courbes douces, épousant les formes tourmentées de la forêt domaniale des Monts d’Orb. Joncels offre un patrimoine riche et une halte accueillante et authentique sur les traces des pèlerins de Compostelle. Lunas, village de caractère à la confluence des vallées du Gravezon et de la Nize, est l’occasion d’une pause rafraichissante.</desc>
</wpt>
<wpt lat="43.70743" lon="3.19342">
<ele>276.3</ele>
<name>Vallée et Monts d’Orb</name>
<desc>La bonne montée vers le plateau de Dio offre de beaux points de vues sur le Rocher du Redondel. Puis l’itinéraire se fait doux dans la forêt puis sur la traversée du plateau vers les hauteurs de Dio, offrant de belles perspectives vers la suite du programme. L’arrivée à Dio est un choc visuel : à l’abri de blanches falaises calcaires et émergeant des terres rouges caractéristiques des environs du lac du Salagou, le village se blottit sous l’imposante silhouette de son château, véritable forteresse de légende. De Dio, on glisse doucement entre ruffes rouges et vignobles vers la vallée de l’Orb. La balade est salutaire. A partir de la traversée de l’Orb à la Tour-sur-Orb, on entre en mode ‘montagne’ pour passer de 200m plus de 1100m d’altitude ! Mais ça vaut le coup d’œil : l’attaque est tranquille jusqu’à Boussagues, ancienne cité médiévale fortifiée ; puis vers Camplong, cité minière nichée dans le vallon magique de l’Espaze. Une longue montée va suivre pour découvrir le haut du vallon de l'Espaze, qui concentre une exceptionnelle richesse géologique et botanique,
et les cols des Monts d'Orb : Clares, Peyremale, Serviès... Les pins et les cerfs sont les maîtres des lieux.
</desc>
</wpt>
<wpt lat="43.7082" lon="3.07765">
<ele>835.3</ele>
<name>la montagne héraultaise </name>
<desc>Régulièrement proche des 1000 mètres d’altitude, l’itinéraire franchit de nombreux cols emblématiques du Parc Naturel Régional du Haut-Languedoc. Il emprunte de larges pistes forestières et des chemins parfois caillouteux, mais offre des panoramas extraordinaires. A la limite entre les départements de l’Hérault et de l’Aveyron, le parcours s’autorise à pénétrer sur le territoire du Parc Régional des Grands Causses, en traversant la forêt domaniale du Haut-Dourdou. De larges pistes forestières au profil raisonnablement ascendant vous mènent au point culminant de l’itinéraire : l’Espinouse, sommet de l’Hérault, affiche 1124 mètres d’altitude et offre d’innombrables points de vues. Comme la rivière Agout qui prend sa source sur ces sommets, l’itinéraire vous invite à redescendre dans la forêt domaniale du Caroux-Espinouse vers l’altitude plus raisonnable de 1000m, voire plus bas vers le charmant village de Cambon. En évitant de déranger les mouflons, seigneurs des lieux ! </desc>
</wpt>
<wpt lat="43.6021" lon="2.85118">
<ele>1005.1</ele>
<name>le Somail et le plateau des lacs </name>
<desc>La traversée touche bientôt à sa fin sur les hauteurs héraultaises par le Col de Fontfroide à 973 mètres d’altitude.  Suivant les crêtes dominant de près de 800m la vallée du Jaur, vous traversez la forêt domaniale du Somail, haut lieu de la Résistance durant la seconde guerre mondiale, immortalisé par la Stèle de Sieyres rendant hommage au maquis Latourette et à Jean Bène. L’arrivée sur les rives du lac de Vesoles, aux allures de carte postale de paysage québécois, mérite une halte bucolique. La fin de l’itinéraire sera globalement descendante et agréable dans la forêt du Somail, pour rejoindre La Salvetat-sur-Agoût.</desc>
</wpt>
<wpt lat="43.60092" lon="2.70417">
<ele>696.8</ele>
<name>La Salvetat-sur-Agoût</name>
<desc>Le village a un charme fou ! Surplombant un méandre de l’Agoût, étape sur la Voie d’Arles vers Compostelle, et abritant une charcuterie assez exceptionnelle, il a déjà tout pour plaire à l’aventurier fatigué par son long périple. L’eau de la Salvetat fournit même les ‘bulles’ imposées pour trinquer dignement. Mais il y a aussi ‘la Salvetat-Plage’, sur les rives du lac de la Raviège : à ne rater sous aucun prétexte. Le lac est beau, avec des airs de Canada, et l’ambiance sur la plage des Bouldouires à la belle saison est vraiment unique. Familiale, sportive, joyeuse…</desc>
</wpt>
<trk>
<trkseg>
<trkpt lat="43.6889" lon="4.13475"><ele>11</ele></trkpt><trkpt lat="43.68978" lon="4.13703"><ele>11</ele></trkpt><trkpt lat="43.69017" lon="4.13841"><ele>10.7</ele></trkpt><trkpt lat="43.69042" lon="4.13895"><ele>10.4</ele></trkpt><trkpt lat="43.69112" lon="4.14082"><ele>9.1</ele></trkpt><trkpt lat="43.69126" lon="4.14128"><ele>9.7</ele></trkpt><trkpt lat="43.69145" lon="4.14241"><ele>10</ele></trkpt><trkpt lat="43.69154" lon="4.1433"><ele>10</ele></trkpt><trkpt lat="43.69139" lon="4.14404"><ele>10</ele></trkpt><trkpt lat="43.69141" lon="4.14452"><ele>11</ele></trkpt><trkpt lat="43.69153" lon="4.14485"><ele>11</ele></trkpt><trkpt lat="43.69188" lon="4.14491"><ele>10.8</ele></trkpt><trkpt lat="43.69234" lon="4.14421"><ele>10.4</ele></trkpt><trkpt lat="43.69324" lon="4.1423"><ele>10.2</ele></trkpt><trkpt lat="43.69402" lon="4.14206"><ele>11.3</ele></trkpt><trkpt lat="43.69456" lon="4.14234"><ele>12.6</ele></trkpt><trkpt lat="43.69578" lon="4.14249"><ele>15.1</ele></trkpt><trkpt lat="43.69634" lon="4.143"><ele>11.9</ele></trkpt><trkpt lat="43.69702" lon="4.14319"><ele>13.5</ele></trkpt><trkpt lat="43.69725" lon="4.14331"><ele>13.9</ele></trkpt><trkpt lat="43.69813" lon="4.14396"><ele>15</ele></trkpt><trkpt lat="43.69879" lon="4.1448"><ele>15.7</ele></trkpt><trkpt lat="43.6991" lon="4.14511"><ele>16</ele></trkpt><trkpt lat="43.70021" lon="4.14519"><ele>18</ele></trkpt><trkpt lat="43.70198" lon="4.1456"><ele>21.3</ele></trkpt><trkpt lat="43.70411" lon="4.14558"><ele>26.8</ele></trkpt><trkpt lat="43.70433" lon="4.14567"><ele>27.2</ele></trkpt><trkpt lat="43.7046" lon="4.14601"><ele>28.2</ele></trkpt><trkpt lat="43.70516" lon="4.14825"><ele>22.3</ele></trkpt><trkpt lat="43.70586" lon="4.14954"><ele>20.7</ele></trkpt><trkpt lat="43.7065" lon="4.15054"><ele>21</ele></trkpt><trkpt lat="43.70731" lon="4.15169"><ele>23</ele></trkpt><trkpt lat="43.70866" lon="4.15339"><ele>20</ele></trkpt><trkpt lat="43.70895" lon="4.15389"><ele>20</ele></trkpt><trkpt lat="43.7096" lon="4.15417"><ele>18.4</ele></trkpt><trkpt lat="43.71055" lon="4.15477"><ele>15.9</ele></trkpt><trkpt lat="43.71082" lon="4.15518"><ele>13.4</ele></trkpt><trkpt lat="43.71118" lon="4.1552"><ele>13.3</ele></trkpt><trkpt lat="43.71174" lon="4.15505"><ele>14</ele></trkpt><trkpt lat="43.71335" lon="4.15493"><ele>15.4</ele></trkpt><trkpt lat="43.71386" lon="4.15445"><ele>14.5</ele></trkpt><trkpt lat="43.71478" lon="4.15315"><ele>14.8</ele></trkpt><trkpt lat="43.71528" lon="4.15287"><ele>16.3</ele></trkpt><trkpt lat="43.71586" lon="4.1522"><ele>16</ele></trkpt><trkpt lat="43.71787" lon="4.15034"><ele>16</ele></trkpt><trkpt lat="43.7184" lon="4.14968"><ele>17</ele></trkpt><trkpt lat="43.71851" lon="4.14927"><ele>18.1</ele></trkpt><trkpt lat="43.71894" lon="4.14877"><ele>16.3</ele></trkpt><trkpt lat="43.71946" lon="4.14799"><ele>16.5</ele></trkpt><trkpt lat="43.72004" lon="4.14787"><ele>16.5</ele></trkpt><trkpt lat="43.72063" lon="4.14791"><ele>14.4</ele></trkpt><trkpt lat="43.72168" lon="4.14709"><ele>15.7</ele></trkpt><trkpt lat="43.72257" lon="4.14965"><ele>15.1</ele></trkpt><trkpt lat="43.72307" lon="4.14934"><ele>14.9</ele></trkpt><trkpt lat="43.72228" lon="4.14678"><ele>15.3</ele></trkpt><trkpt lat="43.72399" lon="4.14612"><ele>15</ele></trkpt><trkpt lat="43.72521" lon="4.14538"><ele>15</ele></trkpt><trkpt lat="43.72758" lon="4.1441"><ele>18</ele></trkpt><trkpt lat="43.72921" lon="4.14346"><ele>18.9</ele></trkpt><trkpt lat="43.7315" lon="4.14227"><ele>20.4</ele></trkpt><trkpt lat="43.73264" lon="4.14103"><ele>22.1</ele></trkpt><trkpt lat="43.73325" lon="4.14061"><ele>23</ele></trkpt><trkpt lat="43.73338" lon="4.1404"><ele>23.1</ele></trkpt><trkpt lat="43.73367" lon="4.14013"><ele>23.6</ele></trkpt><trkpt lat="43.73366" lon="4.13944"><ele>23</ele></trkpt><trkpt lat="43.73129" lon="4.13566"><ele>28</ele></trkpt><trkpt lat="43.73078" lon="4.1351"><ele>31.3</ele></trkpt><trkpt lat="43.72998" lon="4.13515"><ele>29.8</ele></trkpt><trkpt lat="43.72941" lon="4.13492"><ele>29.5</ele></trkpt><trkpt lat="43.72863" lon="4.13439"><ele>31.3</ele></trkpt><trkpt lat="43.72762" lon="4.13409"><ele>31</ele></trkpt><trkpt lat="43.72684" lon="4.134"><ele>29</ele></trkpt><trkpt lat="43.72641" lon="4.13382"><ele>28.3</ele></trkpt><trkpt lat="43.72581" lon="4.13326"><ele>27.5</ele></trkpt><trkpt lat="43.72478" lon="4.13244"><ele>27.4</ele></trkpt><trkpt lat="43.7243" lon="4.13219"><ele>27.5</ele></trkpt><trkpt lat="43.72296" lon="4.13194"><ele>29</ele></trkpt><trkpt lat="43.72141" lon="4.13156"><ele>32.8</ele></trkpt><trkpt lat="43.72109" lon="4.13144"><ele>31.7</ele></trkpt><trkpt lat="43.71783" lon="4.12932"><ele>27.6</ele></trkpt><trkpt lat="43.7172" lon="4.12854"><ele>29.2</ele></trkpt><trkpt lat="43.717" lon="4.128"><ele>30.2</ele></trkpt><trkpt lat="43.71634" lon="4.12665"><ele>32</ele></trkpt><trkpt lat="43.71575" lon="4.12587"><ele>31.6</ele></trkpt><trkpt lat="43.71484" lon="4.12415"><ele>36.4</ele></trkpt><trkpt lat="43.71463" lon="4.12347"><ele>38.2</ele></trkpt><trkpt lat="43.71441" lon="4.1231"><ele>38.4</ele></trkpt><trkpt lat="43.71356" lon="4.12215"><ele>41.5</ele></trkpt><trkpt lat="43.71358" lon="4.12163"><ele>44.2</ele></trkpt><trkpt lat="43.7135" lon="4.12075"><ele>48.7</ele></trkpt><trkpt lat="43.71365" lon="4.12014"><ele>50</ele></trkpt><trkpt lat="43.71596" lon="4.1217"><ele>53.5</ele></trkpt><trkpt lat="43.71642" lon="4.12179"><ele>55</ele></trkpt><trkpt lat="43.71659" lon="4.12192"><ele>54.3</ele></trkpt><trkpt lat="43.71724" lon="4.12212"><ele>52.4</ele></trkpt><trkpt lat="43.71808" lon="4.12212"><ele>52</ele></trkpt><trkpt lat="43.71959" lon="4.12358"><ele>59</ele></trkpt><trkpt lat="43.7199" lon="4.12382"><ele>60.6</ele></trkpt><trkpt lat="43.7204" lon="4.12413"><ele>62</ele></trkpt><trkpt lat="43.72051" lon="4.12423"><ele>62.2</ele></trkpt><trkpt lat="43.72137" lon="4.12435"><ele>62.1</ele></trkpt><trkpt lat="43.72149" lon="4.12442"><ele>61.6</ele></trkpt><trkpt lat="43.72193" lon="4.12486"><ele>60.6</ele></trkpt><trkpt lat="43.72267" lon="4.12499"><ele>56.7</ele></trkpt><trkpt lat="43.72289" lon="4.12506"><ele>56.3</ele></trkpt><trkpt lat="43.72367" lon="4.12498"><ele>53.5</ele></trkpt><trkpt lat="43.72389" lon="4.12537"><ele>54.7</ele></trkpt><trkpt lat="43.72433" lon="4.12551"><ele>54.8</ele></trkpt><trkpt lat="43.72453" lon="4.12729"><ele>50.9</ele></trkpt><trkpt lat="43.72474" lon="4.12682"><ele>54.5</ele></trkpt><trkpt lat="43.72486" lon="4.12672"><ele>55.4</ele></trkpt><trkpt lat="43.72506" lon="4.12671"><ele>56.4</ele></trkpt><trkpt lat="43.72545" lon="4.12705"><ele>58.2</ele></trkpt><trkpt lat="43.72563" lon="4.12707"><ele>59.1</ele></trkpt><trkpt lat="43.72591" lon="4.12698"><ele>59.4</ele></trkpt><trkpt lat="43.72646" lon="4.12723"><ele>60</ele></trkpt><trkpt lat="43.72681" lon="4.12743"><ele>60.7</ele></trkpt><trkpt lat="43.72815" lon="4.12749"><ele>66.3</ele></trkpt><trkpt lat="43.72737" lon="4.12695"><ele>60.6</ele></trkpt><trkpt lat="43.72695" lon="4.12628"><ele>53.3</ele></trkpt><trkpt lat="43.72677" lon="4.12573"><ele>50</ele></trkpt><trkpt lat="43.72667" lon="4.12491"><ele>43.4</ele></trkpt><trkpt lat="43.72656" lon="4.12468"><ele>42.3</ele></trkpt><trkpt lat="43.72646" lon="4.12415"><ele>38.4</ele></trkpt><trkpt lat="43.72611" lon="4.12356"><ele>35.6</ele></trkpt><trkpt lat="43.72513" lon="4.12258"><ele>30.3</ele></trkpt><trkpt lat="43.72602" lon="4.1231"><ele>31.8</ele></trkpt><trkpt lat="43.72701" lon="4.12374"><ele>34.8</ele></trkpt><trkpt lat="43.72739" lon="4.12386"><ele>35.7</ele></trkpt><trkpt lat="43.72978" lon="4.12282"><ele>26.2</ele></trkpt><trkpt lat="43.72977" lon="4.12241"><ele>23.8</ele></trkpt><trkpt lat="43.72962" lon="4.12178"><ele>21</ele></trkpt><trkpt lat="43.73047" lon="4.12155"><ele>21.3</ele></trkpt><trkpt lat="43.73075" lon="4.12158"><ele>21.4</ele></trkpt><trkpt lat="43.73206" lon="4.12192"><ele>22.8</ele></trkpt><trkpt lat="43.73319" lon="4.12191"><ele>20.7</ele></trkpt><trkpt lat="43.73362" lon="4.12172"><ele>19.4</ele></trkpt><trkpt lat="43.73456" lon="4.12167"><ele>20.7</ele></trkpt><trkpt lat="43.73484" lon="4.12128"><ele>22.9</ele></trkpt><trkpt lat="43.73482" lon="4.12096"><ele>21.8</ele></trkpt><trkpt lat="43.73486" lon="4.12065"><ele>19.5</ele></trkpt><trkpt lat="43.735" lon="4.12055"><ele>19</ele></trkpt><trkpt lat="43.7353" lon="4.12054"><ele>18</ele></trkpt><trkpt lat="43.73564" lon="4.12067"><ele>19</ele></trkpt><trkpt lat="43.73614" lon="4.12109"><ele>18.8</ele></trkpt><trkpt lat="43.73628" lon="4.12105"><ele>18.3</ele></trkpt><trkpt lat="43.73658" lon="4.12064"><ele>16.4</ele></trkpt><trkpt lat="43.73674" lon="4.1194"><ele>16.5</ele></trkpt><trkpt lat="43.73667" lon="4.11854"><ele>16.2</ele></trkpt><trkpt lat="43.73644" lon="4.11767"><ele>18.8</ele></trkpt><trkpt lat="43.73654" lon="4.11693"><ele>18.5</ele></trkpt><trkpt lat="43.73663" lon="4.11663"><ele>18.1</ele></trkpt><trkpt lat="43.73668" lon="4.11629"><ele>18.2</ele></trkpt><trkpt lat="43.73658" lon="4.11596"><ele>19.7</ele></trkpt><trkpt lat="43.73594" lon="4.11472"><ele>19.4</ele></trkpt><trkpt lat="43.73635" lon="4.11402"><ele>19</ele></trkpt><trkpt lat="43.73654" lon="4.11321"><ele>19</ele></trkpt><trkpt lat="43.73661" lon="4.11268"><ele>19</ele></trkpt><trkpt lat="43.7369" lon="4.11196"><ele>19.2</ele></trkpt><trkpt lat="43.73792" lon="4.1102"><ele>21.8</ele></trkpt><trkpt lat="43.73807" lon="4.10921"><ele>19.9</ele></trkpt><trkpt lat="43.7383" lon="4.10863"><ele>21.1</ele></trkpt><trkpt lat="43.73875" lon="4.10786"><ele>21.7</ele></trkpt><trkpt lat="43.73902" lon="4.10757"><ele>21.8</ele></trkpt><trkpt lat="43.73997" lon="4.1068"><ele>23.6</ele></trkpt><trkpt lat="43.74057" lon="4.10625"><ele>23.9</ele></trkpt><trkpt lat="43.74074" lon="4.10579"><ele>24.7</ele></trkpt><trkpt lat="43.74112" lon="4.10556"><ele>25</ele></trkpt><trkpt lat="43.74179" lon="4.1053"><ele>27.4</ele></trkpt><trkpt lat="43.74202" lon="4.10503"><ele>27.5</ele></trkpt><trkpt lat="43.74186" lon="4.1046"><ele>28.8</ele></trkpt><trkpt lat="43.74174" lon="4.10451"><ele>28.8</ele></trkpt><trkpt lat="43.74146" lon="4.10375"><ele>29.6</ele></trkpt><trkpt lat="43.74099" lon="4.10292"><ele>30.8</ele></trkpt><trkpt lat="43.74075" lon="4.1026"><ele>31.3</ele></trkpt><trkpt lat="43.74047" lon="4.10231"><ele>31.4</ele></trkpt><trkpt lat="43.74003" lon="4.102"><ele>31.8</ele></trkpt><trkpt lat="43.73891" lon="4.10098"><ele>34.5</ele></trkpt><trkpt lat="43.73773" lon="4.10016"><ele>37</ele></trkpt><trkpt lat="43.73716" lon="4.0997"><ele>39.1</ele></trkpt><trkpt lat="43.7364" lon="4.09892"><ele>42.7</ele></trkpt><trkpt lat="43.73619" lon="4.09882"><ele>43.8</ele></trkpt><trkpt lat="43.73453" lon="4.09847"><ele>44.6</ele></trkpt><trkpt lat="43.73442" lon="4.0984"><ele>44.2</ele></trkpt><trkpt lat="43.73444" lon="4.09801"><ele>45.5</ele></trkpt><trkpt lat="43.73465" lon="4.09794"><ele>48</ele></trkpt><trkpt lat="43.73497" lon="4.09801"><ele>48.5</ele></trkpt><trkpt lat="43.73543" lon="4.09823"><ele>49.5</ele></trkpt><trkpt lat="43.73705" lon="4.09775"><ele>51</ele></trkpt><trkpt lat="43.73751" lon="4.09754"><ele>52.4</ele></trkpt><trkpt lat="43.73784" lon="4.09751"><ele>51.1</ele></trkpt><trkpt lat="43.73872" lon="4.09716"><ele>46.6</ele></trkpt><trkpt lat="43.73977" lon="4.09658"><ele>40.8</ele></trkpt><trkpt lat="43.74167" lon="4.09532"><ele>35.8</ele></trkpt><trkpt lat="43.7429" lon="4.09398"><ele>31.7</ele></trkpt><trkpt lat="43.74219" lon="4.09316"><ele>31.4</ele></trkpt><trkpt lat="43.74181" lon="4.09262"><ele>33.2</ele></trkpt><trkpt lat="43.74174" lon="4.09228"><ele>34.1</ele></trkpt><trkpt lat="43.74176" lon="4.09179"><ele>33.6</ele></trkpt><trkpt lat="43.74079" lon="4.09069"><ele>37.1</ele></trkpt><trkpt lat="43.73983" lon="4.08996"><ele>36.4</ele></trkpt><trkpt lat="43.73924" lon="4.08928"><ele>37.2</ele></trkpt><trkpt lat="43.73817" lon="4.08839"><ele>36</ele></trkpt><trkpt lat="43.73732" lon="4.08737"><ele>37.6</ele></trkpt><trkpt lat="43.73693" lon="4.08723"><ele>39.1</ele></trkpt><trkpt lat="43.73632" lon="4.08721"><ele>41.2</ele></trkpt><trkpt lat="43.73621" lon="4.08699"><ele>40.8</ele></trkpt><trkpt lat="43.73623" lon="4.08573"><ele>37.4</ele></trkpt><trkpt lat="43.73596" lon="4.08543"><ele>37.8</ele></trkpt><trkpt lat="43.7358" lon="4.08453"><ele>39</ele></trkpt><trkpt lat="43.73524" lon="4.08387"><ele>41</ele></trkpt><trkpt lat="43.73462" lon="4.08337"><ele>42.9</ele></trkpt><trkpt lat="43.73399" lon="4.08319"><ele>45.2</ele></trkpt><trkpt lat="43.73361" lon="4.08265"><ele>48.5</ele></trkpt><trkpt lat="43.73328" lon="4.08162"><ele>57.9</ele></trkpt><trkpt lat="43.73294" lon="4.08131"><ele>61.3</ele></trkpt><trkpt lat="43.73259" lon="4.08131"><ele>61.3</ele></trkpt><trkpt lat="43.73258" lon="4.08136"><ele>61.4</ele></trkpt><trkpt lat="43.73241" lon="4.08084"><ele>58.4</ele></trkpt><trkpt lat="43.73233" lon="4.08044"><ele>55.6</ele></trkpt><trkpt lat="43.73229" lon="4.07963"><ele>51.8</ele></trkpt><trkpt lat="43.73213" lon="4.07883"><ele>49</ele></trkpt><trkpt lat="43.73142" lon="4.07683"><ele>49.9</ele></trkpt><trkpt lat="43.73213" lon="4.07523"><ele>52.6</ele></trkpt><trkpt lat="43.73272" lon="4.07496"><ele>53.4</ele></trkpt><trkpt lat="43.73269" lon="4.07461"><ele>54.7</ele></trkpt><trkpt lat="43.73152" lon="4.07499"><ele>54.1</ele></trkpt><trkpt lat="43.73109" lon="4.07492"><ele>54.3</ele></trkpt><trkpt lat="43.73058" lon="4.0745"><ele>54.9</ele></trkpt><trkpt lat="43.7273" lon="4.06985"><ele>59.9</ele></trkpt><trkpt lat="43.72661" lon="4.06921"><ele>58.7</ele></trkpt><trkpt lat="43.7259" lon="4.06835"><ele>60.2</ele></trkpt><trkpt lat="43.72297" lon="4.06533"><ele>60.7</ele></trkpt><trkpt lat="43.72166" lon="4.06295"><ele>55</ele></trkpt><trkpt lat="43.72004" lon="4.05954"><ele>54.1</ele></trkpt><trkpt lat="43.71839" lon="4.05635"><ele>59</ele></trkpt><trkpt lat="43.71788" lon="4.05546"><ele>57.7</ele></trkpt><trkpt lat="43.71746" lon="4.05481"><ele>55.5</ele></trkpt><trkpt lat="43.71682" lon="4.05394"><ele>53.6</ele></trkpt><trkpt lat="43.71633" lon="4.05109"><ele>51.1</ele></trkpt><trkpt lat="43.71616" lon="4.05039"><ele>50.9</ele></trkpt><trkpt lat="43.71565" lon="4.04942"><ele>50</ele></trkpt><trkpt lat="43.71515" lon="4.04777"><ele>53.5</ele></trkpt><trkpt lat="43.71477" lon="4.04675"><ele>54.9</ele></trkpt><trkpt lat="43.71416" lon="4.04598"><ele>53.5</ele></trkpt><trkpt lat="43.71353" lon="4.0455"><ele>52</ele></trkpt><trkpt lat="43.71275" lon="4.04433"><ele>52.4</ele></trkpt><trkpt lat="43.71252" lon="4.04353"><ele>53</ele></trkpt><trkpt lat="43.7124" lon="4.04322"><ele>53</ele></trkpt><trkpt lat="43.71143" lon="4.04216"><ele>54.3</ele></trkpt><trkpt lat="43.71055" lon="4.04112"><ele>56</ele></trkpt><trkpt lat="43.70978" lon="4.04006"><ele>58.2</ele></trkpt><trkpt lat="43.70934" lon="4.03951"><ele>59.5</ele></trkpt><trkpt lat="43.70883" lon="4.03895"><ele>58.2</ele></trkpt><trkpt lat="43.70818" lon="4.03864"><ele>57.1</ele></trkpt><trkpt lat="43.70773" lon="4.03903"><ele>56.9</ele></trkpt><trkpt lat="43.707" lon="4.03932"><ele>56.2</ele></trkpt><trkpt lat="43.70578" lon="4.0405"><ele>54.3</ele></trkpt><trkpt lat="43.70458" lon="4.04142"><ele>51.5</ele></trkpt><trkpt lat="43.70425" lon="4.04191"><ele>50.3</ele></trkpt><trkpt lat="43.70382" lon="4.04226"><ele>49.8</ele></trkpt><trkpt lat="43.7023" lon="4.04394"><ele>47.9</ele></trkpt><trkpt lat="43.70208" lon="4.04385"><ele>47.5</ele></trkpt><trkpt lat="43.70162" lon="4.04429"><ele>47.4</ele></trkpt><trkpt lat="43.70121" lon="4.04482"><ele>48</ele></trkpt><trkpt lat="43.70078" lon="4.04491"><ele>49.7</ele></trkpt><trkpt lat="43.70016" lon="4.04522"><ele>52.8</ele></trkpt><trkpt lat="43.7001" lon="4.04563"><ele>52.7</ele></trkpt><trkpt lat="43.69882" lon="4.04663"><ele>59.7</ele></trkpt><trkpt lat="43.69861" lon="4.04705"><ele>62</ele></trkpt><trkpt lat="43.69806" lon="4.04755"><ele>66.8</ele></trkpt><trkpt lat="43.69771" lon="4.04753"><ele>66.9</ele></trkpt><trkpt lat="43.69719" lon="4.04762"><ele>65.8</ele></trkpt><trkpt lat="43.69687" lon="4.04747"><ele>63.2</ele></trkpt><trkpt lat="43.69693" lon="4.04635"><ele>61.7</ele></trkpt><trkpt lat="43.69708" lon="4.04587"><ele>61.1</ele></trkpt><trkpt lat="43.69716" lon="4.04535"><ele>58.2</ele></trkpt><trkpt lat="43.69721" lon="4.04425"><ele>53.3</ele></trkpt><trkpt lat="43.69729" lon="4.04354"><ele>51</ele></trkpt><trkpt lat="43.69745" lon="4.04322"><ele>50.5</ele></trkpt><trkpt lat="43.6975" lon="4.04193"><ele>44.9</ele></trkpt><trkpt lat="43.69761" lon="4.04151"><ele>42.8</ele></trkpt><trkpt lat="43.69814" lon="4.04147"><ele>43.2</ele></trkpt><trkpt lat="43.69842" lon="4.04134"><ele>44.1</ele></trkpt><trkpt lat="43.69844" lon="4.04109"><ele>44.5</ele></trkpt><trkpt lat="43.69707" lon="4.03961"><ele>42.7</ele></trkpt><trkpt lat="43.69567" lon="4.03818"><ele>43</ele></trkpt><trkpt lat="43.69557" lon="4.0385"><ele>41.5</ele></trkpt><trkpt lat="43.69481" lon="4.03735"><ele>43.4</ele></trkpt><trkpt lat="43.69404" lon="4.03754"><ele>42.9</ele></trkpt><trkpt lat="43.69382" lon="4.03707"><ele>42.8</ele></trkpt><trkpt lat="43.6922" lon="4.03777"><ele>37</ele></trkpt><trkpt lat="43.69199" lon="4.03826"><ele>36.4</ele></trkpt><trkpt lat="43.69124" lon="4.03822"><ele>35.9</ele></trkpt><trkpt lat="43.69042" lon="4.03737"><ele>38.3</ele></trkpt><trkpt lat="43.69038" lon="4.03688"><ele>37.7</ele></trkpt><trkpt lat="43.69064" lon="4.03625"><ele>38</ele></trkpt><trkpt lat="43.6903" lon="4.03563"><ele>36.1</ele></trkpt><trkpt lat="43.6896" lon="4.03517"><ele>34</ele></trkpt><trkpt lat="43.68885" lon="4.03461"><ele>34.6</ele></trkpt><trkpt lat="43.68823" lon="4.03382"><ele>38.6</ele></trkpt><trkpt lat="43.68828" lon="4.03334"><ele>41.1</ele></trkpt><trkpt lat="43.68845" lon="4.03289"><ele>43.5</ele></trkpt><trkpt lat="43.68846" lon="4.03215"><ele>47.3</ele></trkpt><trkpt lat="43.68834" lon="4.03148"><ele>49</ele></trkpt><trkpt lat="43.68842" lon="4.0309"><ele>48.5</ele></trkpt><trkpt lat="43.68861" lon="4.03032"><ele>48</ele></trkpt><trkpt lat="43.6888" lon="4.02946"><ele>47.3</ele></trkpt><trkpt lat="43.68878" lon="4.02886"><ele>46.3</ele></trkpt><trkpt lat="43.68857" lon="4.02832"><ele>46</ele></trkpt><trkpt lat="43.6884" lon="4.02808"><ele>46</ele></trkpt><trkpt lat="43.68805" lon="4.02693"><ele>43.9</ele></trkpt><trkpt lat="43.68713" lon="4.02685"><ele>42.8</ele></trkpt><trkpt lat="43.68662" lon="4.02667"><ele>42</ele></trkpt><trkpt lat="43.68527" lon="4.02583"><ele>38</ele></trkpt><trkpt lat="43.68361" lon="4.02496"><ele>34</ele></trkpt><trkpt lat="43.68241" lon="4.0244"><ele>33</ele></trkpt><trkpt lat="43.67995" lon="4.02279"><ele>30.8</ele></trkpt><trkpt lat="43.6787" lon="4.02202"><ele>28.1</ele></trkpt><trkpt lat="43.67802" lon="4.02151"><ele>26.9</ele></trkpt><trkpt lat="43.6776" lon="4.02103"><ele>26.4</ele></trkpt><trkpt lat="43.67715" lon="4.02101"><ele>25.7</ele></trkpt><trkpt lat="43.6769" lon="4.02036"><ele>26.6</ele></trkpt><trkpt lat="43.67606" lon="4.0195"><ele>26.7</ele></trkpt><trkpt lat="43.67574" lon="4.01924"><ele>26.7</ele></trkpt><trkpt lat="43.67498" lon="4.01873"><ele>28.6</ele></trkpt><trkpt lat="43.67497" lon="4.01811"><ele>30.6</ele></trkpt><trkpt lat="43.67518" lon="4.01746"><ele>31.5</ele></trkpt><trkpt lat="43.67586" lon="4.0163"><ele>32.2</ele></trkpt><trkpt lat="43.67631" lon="4.01577"><ele>34.2</ele></trkpt><trkpt lat="43.67673" lon="4.01474"><ele>34.5</ele></trkpt><trkpt lat="43.67816" lon="4.01264"><ele>42.9</ele></trkpt><trkpt lat="43.67896" lon="4.0121"><ele>44.4</ele></trkpt><trkpt lat="43.67971" lon="4.01147"><ele>43.5</ele></trkpt><trkpt lat="43.67997" lon="4.01142"><ele>43</ele></trkpt><trkpt lat="43.68011" lon="4.01156"><ele>42.1</ele></trkpt><trkpt lat="43.68064" lon="4.0108"><ele>36.5</ele></trkpt><trkpt lat="43.68088" lon="4.01058"><ele>34.8</ele></trkpt><trkpt lat="43.6814" lon="4.01032"><ele>35.1</ele></trkpt><trkpt lat="43.68204" lon="4.0092"><ele>37.7</ele></trkpt><trkpt lat="43.68292" lon="4.00814"><ele>38.7</ele></trkpt><trkpt lat="43.68429" lon="4.00682"><ele>38.2</ele></trkpt><trkpt lat="43.68442" lon="4.00654"><ele>38</ele></trkpt><trkpt lat="43.68463" lon="4.00551"><ele>38.1</ele></trkpt><trkpt lat="43.68475" lon="4.00513"><ele>39</ele></trkpt><trkpt lat="43.68537" lon="4.00488"><ele>40</ele></trkpt><trkpt lat="43.68621" lon="4.0044"><ele>42.3</ele></trkpt><trkpt lat="43.68714" lon="4.00361"><ele>43.7</ele></trkpt><trkpt lat="43.68771" lon="4.00323"><ele>44.4</ele></trkpt><trkpt lat="43.68918" lon="4.00237"><ele>44.6</ele></trkpt><trkpt lat="43.68981" lon="4.00193"><ele>45.3</ele></trkpt><trkpt lat="43.69097" lon="4.00141"><ele>49.5</ele></trkpt><trkpt lat="43.69133" lon="4.00111"><ele>51</ele></trkpt><trkpt lat="43.69177" lon="4.0002"><ele>53.6</ele></trkpt><trkpt lat="43.69245" lon="3.99907"><ele>53.1</ele></trkpt><trkpt lat="43.69188" lon="3.99907"><ele>54</ele></trkpt><trkpt lat="43.69161" lon="3.99903"><ele>53.9</ele></trkpt><trkpt lat="43.6921" lon="3.99815"><ele>55.7</ele></trkpt><trkpt lat="43.69248" lon="3.99755"><ele>55.7</ele></trkpt><trkpt lat="43.69272" lon="3.99629"><ele>56.4</ele></trkpt><trkpt lat="43.69283" lon="3.99618"><ele>56.8</ele></trkpt><trkpt lat="43.69313" lon="3.99628"><ele>57</ele></trkpt><trkpt lat="43.69328" lon="3.99624"><ele>57</ele></trkpt><trkpt lat="43.69351" lon="3.99596"><ele>56.9</ele></trkpt><trkpt lat="43.69379" lon="3.99543"><ele>58</ele></trkpt><trkpt lat="43.69394" lon="3.99504"><ele>58.7</ele></trkpt><trkpt lat="43.69406" lon="3.99499"><ele>58.4</ele></trkpt><trkpt lat="43.6941" lon="3.99505"><ele>58.1</ele></trkpt><trkpt lat="43.69422" lon="3.99508"><ele>58.2</ele></trkpt><trkpt lat="43.69443" lon="3.99476"><ele>58.3</ele></trkpt><trkpt lat="43.69484" lon="3.9945"><ele>59.7</ele></trkpt><trkpt lat="43.69497" lon="3.99428"><ele>60</ele></trkpt><trkpt lat="43.69505" lon="3.99352"><ele>61.5</ele></trkpt><trkpt lat="43.69503" lon="3.99343"><ele>62.2</ele></trkpt><trkpt lat="43.6941" lon="3.99311"><ele>64.3</ele></trkpt><trkpt lat="43.69172" lon="3.99129"><ele>61.8</ele></trkpt><trkpt lat="43.69119" lon="3.99144"><ele>59.2</ele></trkpt><trkpt lat="43.69104" lon="3.99158"><ele>59.2</ele></trkpt><trkpt lat="43.69068" lon="3.99148"><ele>60.5</ele></trkpt><trkpt lat="43.69031" lon="3.99083"><ele>65</ele></trkpt><trkpt lat="43.6903" lon="3.99007"><ele>67</ele></trkpt><trkpt lat="43.68996" lon="3.9892"><ele>69.2</ele></trkpt><trkpt lat="43.69041" lon="3.98853"><ele>70.9</ele></trkpt><trkpt lat="43.69057" lon="3.98813"><ele>69.4</ele></trkpt><trkpt lat="43.69061" lon="3.98775"><ele>67.7</ele></trkpt><trkpt lat="43.69011" lon="3.98707"><ele>63.2</ele></trkpt><trkpt lat="43.68976" lon="3.98666"><ele>60.2</ele></trkpt><trkpt lat="43.68954" lon="3.98623"><ele>58.3</ele></trkpt><trkpt lat="43.68953" lon="3.98595"><ele>58.3</ele></trkpt><trkpt lat="43.69017" lon="3.98633"><ele>61.5</ele></trkpt><trkpt lat="43.69077" lon="3.98621"><ele>65.4</ele></trkpt><trkpt lat="43.69195" lon="3.98561"><ele>66.4</ele></trkpt><trkpt lat="43.69231" lon="3.98537"><ele>66.4</ele></trkpt><trkpt lat="43.69295" lon="3.98455"><ele>67</ele></trkpt><trkpt lat="43.6932" lon="3.98418"><ele>68.1</ele></trkpt><trkpt lat="43.69396" lon="3.98269"><ele>70.5</ele></trkpt><trkpt lat="43.69435" lon="3.9818"><ele>72.8</ele></trkpt><trkpt lat="43.6945" lon="3.98074"><ele>75.1</ele></trkpt><trkpt lat="43.69432" lon="3.9807"><ele>73.4</ele></trkpt><trkpt lat="43.69414" lon="3.98054"><ele>71.9</ele></trkpt><trkpt lat="43.694" lon="3.98048"><ele>71.7</ele></trkpt><trkpt lat="43.69379" lon="3.98052"><ele>71.2</ele></trkpt><trkpt lat="43.6939" lon="3.98014"><ele>73</ele></trkpt><trkpt lat="43.69403" lon="3.97932"><ele>71.6</ele></trkpt><trkpt lat="43.6942" lon="3.97785"><ele>67.3</ele></trkpt><trkpt lat="43.69422" lon="3.97732"><ele>65.5</ele></trkpt><trkpt lat="43.69449" lon="3.9768"><ele>65.2</ele></trkpt><trkpt lat="43.69452" lon="3.97599"><ele>64.3</ele></trkpt><trkpt lat="43.69469" lon="3.9755"><ele>64.9</ele></trkpt><trkpt lat="43.69515" lon="3.97476"><ele>67.5</ele></trkpt><trkpt lat="43.69533" lon="3.97417"><ele>69.2</ele></trkpt><trkpt lat="43.6954" lon="3.97315"><ele>72.4</ele></trkpt><trkpt lat="43.69536" lon="3.97207"><ele>71.6</ele></trkpt><trkpt lat="43.69537" lon="3.97108"><ele>71.3</ele></trkpt><trkpt lat="43.69512" lon="3.97108"><ele>69.9</ele></trkpt><trkpt lat="43.69488" lon="3.9704"><ele>69.1</ele></trkpt><trkpt lat="43.69477" lon="3.96991"><ele>69.2</ele></trkpt><trkpt lat="43.69471" lon="3.9698"><ele>68.9</ele></trkpt><trkpt lat="43.69459" lon="3.96969"><ele>68</ele></trkpt><trkpt lat="43.69424" lon="3.96837"><ele>67.3</ele></trkpt><trkpt lat="43.69394" lon="3.96751"><ele>66.2</ele></trkpt><trkpt lat="43.69381" lon="3.96692"><ele>65.7</ele></trkpt><trkpt lat="43.69381" lon="3.96601"><ele>64.7</ele></trkpt><trkpt lat="43.69393" lon="3.96465"><ele>64.3</ele></trkpt><trkpt lat="43.69421" lon="3.96418"><ele>65.2</ele></trkpt><trkpt lat="43.69445" lon="3.96346"><ele>65</ele></trkpt><trkpt lat="43.69463" lon="3.96261"><ele>65.7</ele></trkpt><trkpt lat="43.69485" lon="3.96069"><ele>63.5</ele></trkpt><trkpt lat="43.69526" lon="3.96004"><ele>64</ele></trkpt><trkpt lat="43.69563" lon="3.95962"><ele>64.6</ele></trkpt><trkpt lat="43.69584" lon="3.95923"><ele>64.6</ele></trkpt><trkpt lat="43.69604" lon="3.9586"><ele>62.5</ele></trkpt><trkpt lat="43.69607" lon="3.95789"><ele>64.7</ele></trkpt><trkpt lat="43.6959" lon="3.9563"><ele>70.3</ele></trkpt><trkpt lat="43.69589" lon="3.95402"><ele>76.3</ele></trkpt><trkpt lat="43.69574" lon="3.95195"><ele>79.6</ele></trkpt><trkpt lat="43.6957" lon="3.95067"><ele>82.1</ele></trkpt><trkpt lat="43.6955" lon="3.9486"><ele>88.2</ele></trkpt><trkpt lat="43.69507" lon="3.9469"><ele>90.3</ele></trkpt><trkpt lat="43.69483" lon="3.94451"><ele>90.1</ele></trkpt><trkpt lat="43.6946" lon="3.94334"><ele>90.1</ele></trkpt><trkpt lat="43.69696" lon="3.94338"><ele>78</ele></trkpt><trkpt lat="43.69699" lon="3.94288"><ele>80.8</ele></trkpt><trkpt lat="43.69651" lon="3.94257"><ele>81.7</ele></trkpt><trkpt lat="43.69502" lon="3.94084"><ele>90.2</ele></trkpt><trkpt lat="43.69421" lon="3.94036"><ele>99.6</ele></trkpt><trkpt lat="43.69359" lon="3.94088"><ele>102.9</ele></trkpt><trkpt lat="43.69342" lon="3.94071"><ele>103.8</ele></trkpt><trkpt lat="43.6935" lon="3.93864"><ele>105.1</ele></trkpt><trkpt lat="43.69349" lon="3.93824"><ele>105.1</ele></trkpt><trkpt lat="43.69297" lon="3.93578"><ele>103.2</ele></trkpt><trkpt lat="43.69468" lon="3.93399"><ele>97.8</ele></trkpt><trkpt lat="43.69502" lon="3.93395"><ele>97.9</ele></trkpt><trkpt lat="43.69504" lon="3.9343"><ele>96.8</ele></trkpt><trkpt lat="43.69534" lon="3.9353"><ele>95.1</ele></trkpt><trkpt lat="43.69577" lon="3.93568"><ele>95.3</ele></trkpt><trkpt lat="43.69624" lon="3.93655"><ele>96.1</ele></trkpt><trkpt lat="43.69734" lon="3.93729"><ele>93.8</ele></trkpt><trkpt lat="43.69772" lon="3.93747"><ele>93.1</ele></trkpt><trkpt lat="43.69809" lon="3.93759"><ele>93.9</ele></trkpt><trkpt lat="43.6981" lon="3.93716"><ele>95.5</ele></trkpt><trkpt lat="43.69921" lon="3.93593"><ele>109.8</ele></trkpt><trkpt lat="43.69971" lon="3.9353"><ele>116.9</ele></trkpt><trkpt lat="43.69981" lon="3.93481"><ele>117.3</ele></trkpt><trkpt lat="43.69962" lon="3.93423"><ele>116.4</ele></trkpt><trkpt lat="43.69922" lon="3.93379"><ele>114.4</ele></trkpt><trkpt lat="43.69888" lon="3.93335"><ele>114.4</ele></trkpt><trkpt lat="43.69877" lon="3.93307"><ele>113.7</ele></trkpt><trkpt lat="43.69887" lon="3.93249"><ele>113.3</ele></trkpt><trkpt lat="43.69793" lon="3.9306"><ele>108.5</ele></trkpt><trkpt lat="43.6979" lon="3.93022"><ele>104.9</ele></trkpt><trkpt lat="43.69801" lon="3.93005"><ele>102.7</ele></trkpt><trkpt lat="43.69811" lon="3.92971"><ele>102.2</ele></trkpt><trkpt lat="43.69826" lon="3.92954"><ele>102.3</ele></trkpt><trkpt lat="43.69863" lon="3.92929"><ele>105.7</ele></trkpt><trkpt lat="43.69909" lon="3.92938"><ele>107.2</ele></trkpt><trkpt lat="43.69917" lon="3.9293"><ele>108.1</ele></trkpt><trkpt lat="43.69909" lon="3.92892"><ele>112</ele></trkpt><trkpt lat="43.69892" lon="3.92862"><ele>116</ele></trkpt><trkpt lat="43.69871" lon="3.92776"><ele>125.8</ele></trkpt><trkpt lat="43.69829" lon="3.92716"><ele>122.3</ele></trkpt><trkpt lat="43.69702" lon="3.92551"><ele>110.8</ele></trkpt><trkpt lat="43.69659" lon="3.92482"><ele>108.7</ele></trkpt><trkpt lat="43.69631" lon="3.92411"><ele>108.8</ele></trkpt><trkpt lat="43.6956" lon="3.92318"><ele>109.6</ele></trkpt><trkpt lat="43.69516" lon="3.9227"><ele>109.4</ele></trkpt><trkpt lat="43.69443" lon="3.92174"><ele>105.3</ele></trkpt><trkpt lat="43.69387" lon="3.92088"><ele>103</ele></trkpt><trkpt lat="43.69333" lon="3.91986"><ele>105.5</ele></trkpt><trkpt lat="43.69322" lon="3.91957"><ele>104.8</ele></trkpt><trkpt lat="43.69347" lon="3.91876"><ele>107</ele></trkpt><trkpt lat="43.69339" lon="3.91764"><ele>106.4</ele></trkpt><trkpt lat="43.69319" lon="3.9171"><ele>102.8</ele></trkpt><trkpt lat="43.69327" lon="3.91594"><ele>96.1</ele></trkpt><trkpt lat="43.69295" lon="3.91429"><ele>88.5</ele></trkpt><trkpt lat="43.69283" lon="3.91419"><ele>87.4</ele></trkpt><trkpt lat="43.69287" lon="3.91501"><ele>87.4</ele></trkpt><trkpt lat="43.69283" lon="3.91573"><ele>88.6</ele></trkpt><trkpt lat="43.69251" lon="3.91664"><ele>90.9</ele></trkpt><trkpt lat="43.69199" lon="3.91432"><ele>78.5</ele></trkpt><trkpt lat="43.69154" lon="3.91125"><ele>67.5</ele></trkpt><trkpt lat="43.69124" lon="3.91109"><ele>65.9</ele></trkpt><trkpt lat="43.69006" lon="3.9114"><ele>63.3</ele></trkpt><trkpt lat="43.68954" lon="3.91128"><ele>64.8</ele></trkpt><trkpt lat="43.68938" lon="3.91114"><ele>66.2</ele></trkpt><trkpt lat="43.68933" lon="3.91097"><ele>66.4</ele></trkpt><trkpt lat="43.68961" lon="3.90955"><ele>71.3</ele></trkpt><trkpt lat="43.68974" lon="3.9092"><ele>72.2</ele></trkpt><trkpt lat="43.68969" lon="3.90878"><ele>73.6</ele></trkpt><trkpt lat="43.68925" lon="3.90707"><ele>79.1</ele></trkpt><trkpt lat="43.68906" lon="3.90602"><ele>83.3</ele></trkpt><trkpt lat="43.6889" lon="3.90548"><ele>85.6</ele></trkpt><trkpt lat="43.68849" lon="3.90558"><ele>88.7</ele></trkpt><trkpt lat="43.6884" lon="3.90535"><ele>89.7</ele></trkpt><trkpt lat="43.68843" lon="3.90487"><ele>91.2</ele></trkpt><trkpt lat="43.68857" lon="3.90427"><ele>91</ele></trkpt><trkpt lat="43.68861" lon="3.90377"><ele>90.6</ele></trkpt><trkpt lat="43.68802" lon="3.90207"><ele>84</ele></trkpt><trkpt lat="43.68751" lon="3.89922"><ele>74.9</ele></trkpt><trkpt lat="43.68821" lon="3.8986"><ele>76</ele></trkpt><trkpt lat="43.68821" lon="3.89796"><ele>77.7</ele></trkpt><trkpt lat="43.68796" lon="3.89742"><ele>80.2</ele></trkpt><trkpt lat="43.68773" lon="3.89708"><ele>80.6</ele></trkpt><trkpt lat="43.68718" lon="3.89648"><ele>79.1</ele></trkpt><trkpt lat="43.68684" lon="3.89592"><ele>77.6</ele></trkpt><trkpt lat="43.68655" lon="3.89515"><ele>77.8</ele></trkpt><trkpt lat="43.68639" lon="3.89459"><ele>77</ele></trkpt><trkpt lat="43.68772" lon="3.8929"><ele>80.8</ele></trkpt><trkpt lat="43.68846" lon="3.89203"><ele>82.3</ele></trkpt><trkpt lat="43.6896" lon="3.89128"><ele>86</ele></trkpt><trkpt lat="43.69047" lon="3.89236"><ele>95.2</ele></trkpt><trkpt lat="43.69059" lon="3.8924"><ele>95.8</ele></trkpt><trkpt lat="43.69087" lon="3.8923"><ele>96.1</ele></trkpt><trkpt lat="43.69118" lon="3.89253"><ele>96.2</ele></trkpt><trkpt lat="43.69165" lon="3.89324"><ele>98.4</ele></trkpt><trkpt lat="43.69276" lon="3.89379"><ele>102.3</ele></trkpt><trkpt lat="43.69317" lon="3.89366"><ele>103.4</ele></trkpt><trkpt lat="43.69335" lon="3.89343"><ele>105.4</ele></trkpt><trkpt lat="43.69382" lon="3.89341"><ele>107</ele></trkpt><trkpt lat="43.69396" lon="3.89337"><ele>107.3</ele></trkpt><trkpt lat="43.69491" lon="3.8928"><ele>112.5</ele></trkpt><trkpt lat="43.6952" lon="3.89205"><ele>118.9</ele></trkpt><trkpt lat="43.69702" lon="3.89293"><ele>134.7</ele></trkpt><trkpt lat="43.69769" lon="3.8933"><ele>138.6</ele></trkpt><trkpt lat="43.69804" lon="3.89366"><ele>137.2</ele></trkpt><trkpt lat="43.69873" lon="3.8939"><ele>135.3</ele></trkpt><trkpt lat="43.69948" lon="3.89448"><ele>129.7</ele></trkpt><trkpt lat="43.70133" lon="3.89579"><ele>127.6</ele></trkpt><trkpt lat="43.70193" lon="3.89662"><ele>128.2</ele></trkpt><trkpt lat="43.70183" lon="3.89656"><ele>128.2</ele></trkpt><trkpt lat="43.70198" lon="3.89658"><ele>128.2</ele></trkpt><trkpt lat="43.70229" lon="3.89644"><ele>128.2</ele></trkpt><trkpt lat="43.70263" lon="3.89664"><ele>126.5</ele></trkpt><trkpt lat="43.70386" lon="3.89706"><ele>121.2</ele></trkpt><trkpt lat="43.70426" lon="3.89714"><ele>117.5</ele></trkpt><trkpt lat="43.70529" lon="3.89751"><ele>114.9</ele></trkpt><trkpt lat="43.70542" lon="3.89803"><ele>113.1</ele></trkpt><trkpt lat="43.70605" lon="3.89838"><ele>115.4</ele></trkpt><trkpt lat="43.70647" lon="3.89854"><ele>118</ele></trkpt><trkpt lat="43.70653" lon="3.89869"><ele>118.3</ele></trkpt><trkpt lat="43.70687" lon="3.89873"><ele>121.3</ele></trkpt><trkpt lat="43.70734" lon="3.89911"><ele>125.7</ele></trkpt><trkpt lat="43.7074" lon="3.89912"><ele>126.9</ele></trkpt><trkpt lat="43.70767" lon="3.89947"><ele>129.5</ele></trkpt><trkpt lat="43.70808" lon="3.89953"><ele>133.8</ele></trkpt><trkpt lat="43.70815" lon="3.89959"><ele>133.1</ele></trkpt><trkpt lat="43.70831" lon="3.8996"><ele>133.3</ele></trkpt><trkpt lat="43.7085" lon="3.89952"><ele>134</ele></trkpt><trkpt lat="43.70884" lon="3.8983"><ele>137.1</ele></trkpt><trkpt lat="43.709" lon="3.89818"><ele>138.5</ele></trkpt><trkpt lat="43.70933" lon="3.89814"><ele>139.8</ele></trkpt><trkpt lat="43.70991" lon="3.89794"><ele>141</ele></trkpt><trkpt lat="43.71052" lon="3.89747"><ele>140.6</ele></trkpt><trkpt lat="43.71148" lon="3.89703"><ele>132.8</ele></trkpt><trkpt lat="43.7119" lon="3.89692"><ele>125.4</ele></trkpt><trkpt lat="43.71239" lon="3.89689"><ele>120.5</ele></trkpt><trkpt lat="43.71437" lon="3.89706"><ele>109.7</ele></trkpt><trkpt lat="43.71502" lon="3.89723"><ele>107</ele></trkpt><trkpt lat="43.71647" lon="3.89675"><ele>104</ele></trkpt><trkpt lat="43.71727" lon="3.8966"><ele>104.5</ele></trkpt><trkpt lat="43.71814" lon="3.89618"><ele>105.6</ele></trkpt><trkpt lat="43.71861" lon="3.896"><ele>106.4</ele></trkpt><trkpt lat="43.71916" lon="3.89556"><ele>107</ele></trkpt><trkpt lat="43.72036" lon="3.89481"><ele>107.5</ele></trkpt><trkpt lat="43.72086" lon="3.89455"><ele>107.1</ele></trkpt><trkpt lat="43.72134" lon="3.89462"><ele>108</ele></trkpt><trkpt lat="43.72181" lon="3.89452"><ele>108.6</ele></trkpt><trkpt lat="43.72228" lon="3.89467"><ele>108.4</ele></trkpt><trkpt lat="43.72265" lon="3.89468"><ele>107.8</ele></trkpt><trkpt lat="43.72318" lon="3.89399"><ele>109</ele></trkpt><trkpt lat="43.72373" lon="3.89375"><ele>108.8</ele></trkpt><trkpt lat="43.72446" lon="3.89316"><ele>109.6</ele></trkpt><trkpt lat="43.7254" lon="3.89269"><ele>113.2</ele></trkpt><trkpt lat="43.72581" lon="3.89254"><ele>111.5</ele></trkpt><trkpt lat="43.7259" lon="3.89182"><ele>111</ele></trkpt><trkpt lat="43.72626" lon="3.89137"><ele>112</ele></trkpt><trkpt lat="43.72799" lon="3.88993"><ele>116.3</ele></trkpt><trkpt lat="43.72871" lon="3.8888"><ele>120.3</ele></trkpt><trkpt lat="43.72909" lon="3.88836"><ele>122</ele></trkpt><trkpt lat="43.72927" lon="3.8883"><ele>122.1</ele></trkpt><trkpt lat="43.73008" lon="3.8873"><ele>123.6</ele></trkpt><trkpt lat="43.73065" lon="3.8863"><ele>125.1</ele></trkpt><trkpt lat="43.73087" lon="3.88525"><ele>128.1</ele></trkpt><trkpt lat="43.7315" lon="3.88549"><ele>130.1</ele></trkpt><trkpt lat="43.73247" lon="3.88598"><ele>131.5</ele></trkpt><trkpt lat="43.73298" lon="3.88605"><ele>131.1</ele></trkpt><trkpt lat="43.73333" lon="3.88752"><ele>130</ele></trkpt><trkpt lat="43.7338" lon="3.8879"><ele>129.9</ele></trkpt><trkpt lat="43.73443" lon="3.88824"><ele>130.3</ele></trkpt><trkpt lat="43.73486" lon="3.88896"><ele>129.7</ele></trkpt><trkpt lat="43.73528" lon="3.88929"><ele>130</ele></trkpt><trkpt lat="43.73557" lon="3.88957"><ele>130.5</ele></trkpt><trkpt lat="43.73571" lon="3.88966"><ele>130.8</ele></trkpt><trkpt lat="43.7363" lon="3.88983"><ele>133.5</ele></trkpt><trkpt lat="43.73675" lon="3.8904"><ele>137.6</ele></trkpt><trkpt lat="43.7372" lon="3.89139"><ele>139</ele></trkpt><trkpt lat="43.73765" lon="3.89168"><ele>140</ele></trkpt><trkpt lat="43.73811" lon="3.89211"><ele>141.5</ele></trkpt><trkpt lat="43.73884" lon="3.89211"><ele>139.8</ele></trkpt><trkpt lat="43.73931" lon="3.89184"><ele>137.8</ele></trkpt><trkpt lat="43.73986" lon="3.89196"><ele>141.2</ele></trkpt><trkpt lat="43.74034" lon="3.89169"><ele>141.6</ele></trkpt><trkpt lat="43.74079" lon="3.89176"><ele>144.2</ele></trkpt><trkpt lat="43.74142" lon="3.89148"><ele>139.6</ele></trkpt><trkpt lat="43.74219" lon="3.89097"><ele>134.2</ele></trkpt><trkpt lat="43.74232" lon="3.89079"><ele>133.3</ele></trkpt><trkpt lat="43.74285" lon="3.89045"><ele>131.8</ele></trkpt><trkpt lat="43.74335" lon="3.89023"><ele>130.1</ele></trkpt><trkpt lat="43.74403" lon="3.8897"><ele>126.6</ele></trkpt><trkpt lat="43.74483" lon="3.88932"><ele>126.1</ele></trkpt><trkpt lat="43.74523" lon="3.88886"><ele>126</ele></trkpt><trkpt lat="43.7459" lon="3.8887"><ele>126.4</ele></trkpt><trkpt lat="43.74665" lon="3.8884"><ele>130.7</ele></trkpt><trkpt lat="43.74719" lon="3.8881"><ele>131.7</ele></trkpt><trkpt lat="43.74747" lon="3.88819"><ele>131</ele></trkpt><trkpt lat="43.74803" lon="3.88851"><ele>131</ele></trkpt><trkpt lat="43.74881" lon="3.88839"><ele>127.6</ele></trkpt><trkpt lat="43.74899" lon="3.88871"><ele>129.3</ele></trkpt><trkpt lat="43.74926" lon="3.88903"><ele>130.7</ele></trkpt><trkpt lat="43.74945" lon="3.88878"><ele>131</ele></trkpt><trkpt lat="43.74991" lon="3.88792"><ele>128.9</ele></trkpt><trkpt lat="43.75027" lon="3.88735"><ele>127.9</ele></trkpt><trkpt lat="43.75079" lon="3.88721"><ele>129</ele></trkpt><trkpt lat="43.75166" lon="3.88675"><ele>130.7</ele></trkpt><trkpt lat="43.75202" lon="3.88619"><ele>130.5</ele></trkpt><trkpt lat="43.75239" lon="3.88593"><ele>129</ele></trkpt><trkpt lat="43.75274" lon="3.88538"><ele>127</ele></trkpt><trkpt lat="43.7539" lon="3.8843"><ele>132</ele></trkpt><trkpt lat="43.75538" lon="3.88282"><ele>137.9</ele></trkpt><trkpt lat="43.7561" lon="3.88223"><ele>142.9</ele></trkpt><trkpt lat="43.75654" lon="3.882"><ele>145.2</ele></trkpt><trkpt lat="43.75702" lon="3.8818"><ele>145.4</ele></trkpt><trkpt lat="43.75756" lon="3.88148"><ele>143.6</ele></trkpt><trkpt lat="43.75807" lon="3.88086"><ele>141.5</ele></trkpt><trkpt lat="43.75819" lon="3.88066"><ele>140.5</ele></trkpt><trkpt lat="43.75835" lon="3.88088"><ele>136.3</ele></trkpt><trkpt lat="43.75875" lon="3.88159"><ele>118.9</ele></trkpt><trkpt lat="43.75902" lon="3.88172"><ele>114.8</ele></trkpt><trkpt lat="43.75954" lon="3.88172"><ele>110.7</ele></trkpt><trkpt lat="43.75977" lon="3.88176"><ele>108.3</ele></trkpt><trkpt lat="43.75989" lon="3.8816"><ele>106.7</ele></trkpt><trkpt lat="43.76006" lon="3.88174"><ele>104.9</ele></trkpt><trkpt lat="43.76041" lon="3.88243"><ele>103.2</ele></trkpt><trkpt lat="43.7606" lon="3.88242"><ele>103</ele></trkpt><trkpt lat="43.76106" lon="3.88194"><ele>99.8</ele></trkpt><trkpt lat="43.76136" lon="3.88155"><ele>99.1</ele></trkpt><trkpt lat="43.7616" lon="3.88135"><ele>98.7</ele></trkpt><trkpt lat="43.76185" lon="3.88135"><ele>98</ele></trkpt><trkpt lat="43.7622" lon="3.88107"><ele>97.1</ele></trkpt><trkpt lat="43.76227" lon="3.8805"><ele>99</ele></trkpt><trkpt lat="43.76254" lon="3.8799"><ele>98.9</ele></trkpt><trkpt lat="43.76303" lon="3.87908"><ele>98</ele></trkpt><trkpt lat="43.76327" lon="3.87831"><ele>97.1</ele></trkpt><trkpt lat="43.76353" lon="3.87915"><ele>95</ele></trkpt><trkpt lat="43.76384" lon="3.87986"><ele>97.4</ele></trkpt><trkpt lat="43.76363" lon="3.88034"><ele>98.5</ele></trkpt><trkpt lat="43.76408" lon="3.88107"><ele>101.4</ele></trkpt><trkpt lat="43.76476" lon="3.88242"><ele>115</ele></trkpt><trkpt lat="43.7653" lon="3.88146"><ele>107.9</ele></trkpt><trkpt lat="43.76546" lon="3.88127"><ele>108.5</ele></trkpt><trkpt lat="43.7659" lon="3.88106"><ele>110.1</ele></trkpt><trkpt lat="43.76621" lon="3.88075"><ele>108.4</ele></trkpt><trkpt lat="43.76642" lon="3.88044"><ele>106.9</ele></trkpt><trkpt lat="43.76676" lon="3.88005"><ele>105.9</ele></trkpt><trkpt lat="43.76695" lon="3.87992"><ele>105.5</ele></trkpt><trkpt lat="43.76688" lon="3.87956"><ele>103</ele></trkpt><trkpt lat="43.76691" lon="3.8793"><ele>102</ele></trkpt><trkpt lat="43.76723" lon="3.87956"><ele>104.5</ele></trkpt><trkpt lat="43.76781" lon="3.87967"><ele>112.1</ele></trkpt><trkpt lat="43.76807" lon="3.87976"><ele>116.4</ele></trkpt><trkpt lat="43.76809" lon="3.88027"><ele>121.2</ele></trkpt><trkpt lat="43.76823" lon="3.88088"><ele>119.4</ele></trkpt><trkpt lat="43.7684" lon="3.88088"><ele>117.7</ele></trkpt><trkpt lat="43.76864" lon="3.88067"><ele>117.1</ele></trkpt><trkpt lat="43.7687" lon="3.88003"><ele>113.7</ele></trkpt><trkpt lat="43.76922" lon="3.87903"><ele>120.6</ele></trkpt><trkpt lat="43.76935" lon="3.87808"><ele>122.3</ele></trkpt><trkpt lat="43.76989" lon="3.87673"><ele>120.1</ele></trkpt><trkpt lat="43.77089" lon="3.87402"><ele>109.7</ele></trkpt><trkpt lat="43.77111" lon="3.87365"><ele>108.9</ele></trkpt><trkpt lat="43.77089" lon="3.87336"><ele>107.5</ele></trkpt><trkpt lat="43.77085" lon="3.87309"><ele>106.2</ele></trkpt><trkpt lat="43.77089" lon="3.87263"><ele>102.6</ele></trkpt><trkpt lat="43.77139" lon="3.87277"><ele>102.9</ele></trkpt><trkpt lat="43.77186" lon="3.87276"><ele>103</ele></trkpt><trkpt lat="43.77205" lon="3.87292"><ele>103.4</ele></trkpt><trkpt lat="43.77216" lon="3.87294"><ele>103.9</ele></trkpt><trkpt lat="43.77295" lon="3.87194"><ele>103.6</ele></trkpt><trkpt lat="43.77302" lon="3.87177"><ele>102.7</ele></trkpt><trkpt lat="43.77292" lon="3.87168"><ele>102.1</ele></trkpt><trkpt lat="43.77294" lon="3.87127"><ele>104.2</ele></trkpt><trkpt lat="43.77303" lon="3.87074"><ele>105.4</ele></trkpt><trkpt lat="43.77338" lon="3.86947"><ele>108.2</ele></trkpt><trkpt lat="43.77374" lon="3.86956"><ele>109.7</ele></trkpt><trkpt lat="43.77388" lon="3.86963"><ele>110</ele></trkpt><trkpt lat="43.77393" lon="3.87002"><ele>110.1</ele></trkpt><trkpt lat="43.77414" lon="3.87033"><ele>110.7</ele></trkpt><trkpt lat="43.77446" lon="3.87027"><ele>111</ele></trkpt><trkpt lat="43.77463" lon="3.86997"><ele>111.3</ele></trkpt><trkpt lat="43.77464" lon="3.86953"><ele>111.1</ele></trkpt><trkpt lat="43.77498" lon="3.86939"><ele>111.9</ele></trkpt><trkpt lat="43.77556" lon="3.86949"><ele>113</ele></trkpt><trkpt lat="43.77608" lon="3.86967"><ele>113</ele></trkpt><trkpt lat="43.77684" lon="3.86987"><ele>114</ele></trkpt><trkpt lat="43.77769" lon="3.87003"><ele>116</ele></trkpt><trkpt lat="43.7782" lon="3.87007"><ele>116.5</ele></trkpt><trkpt lat="43.77833" lon="3.86966"><ele>117</ele></trkpt><trkpt lat="43.77866" lon="3.86956"><ele>113.3</ele></trkpt><trkpt lat="43.77919" lon="3.86955"><ele>112.4</ele></trkpt><trkpt lat="43.77974" lon="3.86976"><ele>114.1</ele></trkpt><trkpt lat="43.78044" lon="3.86979"><ele>116.7</ele></trkpt><trkpt lat="43.7812" lon="3.86996"><ele>117.5</ele></trkpt><trkpt lat="43.78255" lon="3.86993"><ele>119.3</ele></trkpt><trkpt lat="43.78285" lon="3.86967"><ele>120.2</ele></trkpt><trkpt lat="43.78304" lon="3.86966"><ele>120.2</ele></trkpt><trkpt lat="43.78334" lon="3.86988"><ele>119</ele></trkpt><trkpt lat="43.78402" lon="3.87007"><ele>122.5</ele></trkpt><trkpt lat="43.78523" lon="3.87058"><ele>125.8</ele></trkpt><trkpt lat="43.78574" lon="3.87073"><ele>128.5</ele></trkpt><trkpt lat="43.78624" lon="3.87083"><ele>131.5</ele></trkpt><trkpt lat="43.78654" lon="3.87101"><ele>131.4</ele></trkpt><trkpt lat="43.78757" lon="3.87212"><ele>133.2</ele></trkpt><trkpt lat="43.78828" lon="3.87257"><ele>130.1</ele></trkpt><trkpt lat="43.78876" lon="3.8728"><ele>129</ele></trkpt><trkpt lat="43.78884" lon="3.87302"><ele>129</ele></trkpt><trkpt lat="43.79091" lon="3.87293"><ele>141.4</ele></trkpt><trkpt lat="43.7921" lon="3.87261"><ele>151.7</ele></trkpt><trkpt lat="43.79264" lon="3.87241"><ele>155.2</ele></trkpt><trkpt lat="43.79313" lon="3.87245"><ele>155.6</ele></trkpt><trkpt lat="43.79359" lon="3.87261"><ele>154.3</ele></trkpt><trkpt lat="43.79403" lon="3.87303"><ele>150.7</ele></trkpt><trkpt lat="43.79428" lon="3.87319"><ele>149.7</ele></trkpt><trkpt lat="43.79608" lon="3.87295"><ele>146.4</ele></trkpt><trkpt lat="43.7967" lon="3.87297"><ele>144.9</ele></trkpt><trkpt lat="43.79691" lon="3.87307"><ele>144.1</ele></trkpt><trkpt lat="43.79828" lon="3.87222"><ele>148.6</ele></trkpt><trkpt lat="43.79869" lon="3.87208"><ele>151.3</ele></trkpt><trkpt lat="43.80069" lon="3.87168"><ele>155</ele></trkpt><trkpt lat="43.80116" lon="3.87173"><ele>152.9</ele></trkpt><trkpt lat="43.80197" lon="3.87195"><ele>147.9</ele></trkpt><trkpt lat="43.80324" lon="3.87242"><ele>146.7</ele></trkpt><trkpt lat="43.80406" lon="3.87285"><ele>148</ele></trkpt><trkpt lat="43.80424" lon="3.87238"><ele>148</ele></trkpt><trkpt lat="43.80524" lon="3.87169"><ele>148.9</ele></trkpt><trkpt lat="43.80728" lon="3.8705"><ele>155</ele></trkpt><trkpt lat="43.80814" lon="3.8701"><ele>155.1</ele></trkpt><trkpt lat="43.80875" lon="3.86998"><ele>154.6</ele></trkpt><trkpt lat="43.80936" lon="3.8698"><ele>155.9</ele></trkpt><trkpt lat="43.81002" lon="3.86969"><ele>157.2</ele></trkpt><trkpt lat="43.81058" lon="3.86974"><ele>159.1</ele></trkpt><trkpt lat="43.81082" lon="3.86969"><ele>160</ele></trkpt><trkpt lat="43.81152" lon="3.86941"><ele>161.5</ele></trkpt><trkpt lat="43.81184" lon="3.86935"><ele>163.2</ele></trkpt><trkpt lat="43.81214" lon="3.86895"><ele>163.9</ele></trkpt><trkpt lat="43.81261" lon="3.86886"><ele>166.9</ele></trkpt><trkpt lat="43.81337" lon="3.86836"><ele>171.2</ele></trkpt><trkpt lat="43.81438" lon="3.86792"><ele>173.6</ele></trkpt><trkpt lat="43.81491" lon="3.86776"><ele>175.1</ele></trkpt><trkpt lat="43.81508" lon="3.86804"><ele>174.4</ele></trkpt><trkpt lat="43.81582" lon="3.87065"><ele>166.9</ele></trkpt><trkpt lat="43.81655" lon="3.87159"><ele>167.8</ele></trkpt><trkpt lat="43.81673" lon="3.87333"><ele>164.5</ele></trkpt><trkpt lat="43.81688" lon="3.87417"><ele>163.8</ele></trkpt><trkpt lat="43.81698" lon="3.8753"><ele>163.3</ele></trkpt><trkpt lat="43.81733" lon="3.87653"><ele>166.2</ele></trkpt><trkpt lat="43.81695" lon="3.87718"><ele>165.1</ele></trkpt><trkpt lat="43.81642" lon="3.87798"><ele>162</ele></trkpt><trkpt lat="43.81732" lon="3.87823"><ele>156.6</ele></trkpt><trkpt lat="43.81734" lon="3.87881"><ele>156.3</ele></trkpt><trkpt lat="43.81727" lon="3.87985"><ele>154.8</ele></trkpt><trkpt lat="43.81701" lon="3.8813"><ele>149.7</ele></trkpt><trkpt lat="43.81749" lon="3.88128"><ele>154.5</ele></trkpt><trkpt lat="43.81893" lon="3.88159"><ele>159.3</ele></trkpt><trkpt lat="43.81929" lon="3.88161"><ele>159.6</ele></trkpt><trkpt lat="43.82034" lon="3.88121"><ele>160.6</ele></trkpt><trkpt lat="43.82093" lon="3.88102"><ele>161</ele></trkpt><trkpt lat="43.82206" lon="3.88093"><ele>158.2</ele></trkpt><trkpt lat="43.82434" lon="3.8805"><ele>154.2</ele></trkpt><trkpt lat="43.82683" lon="3.88056"><ele>153.6</ele></trkpt><trkpt lat="43.82924" lon="3.88006"><ele>157.3</ele></trkpt><trkpt lat="43.83001" lon="3.87924"><ele>163.4</ele></trkpt><trkpt lat="43.83058" lon="3.8784"><ele>169.8</ele></trkpt><trkpt lat="43.83074" lon="3.87762"><ele>171.9</ele></trkpt><trkpt lat="43.83109" lon="3.87675"><ele>175.6</ele></trkpt><trkpt lat="43.83124" lon="3.87626"><ele>177.9</ele></trkpt><trkpt lat="43.83174" lon="3.87555"><ele>182</ele></trkpt><trkpt lat="43.83199" lon="3.87513"><ele>184.9</ele></trkpt><trkpt lat="43.83186" lon="3.8744"><ele>185.1</ele></trkpt><trkpt lat="43.83207" lon="3.87043"><ele>186.7</ele></trkpt><trkpt lat="43.83206" lon="3.86959"><ele>187.2</ele></trkpt><trkpt lat="43.83196" lon="3.86897"><ele>188.7</ele></trkpt><trkpt lat="43.83225" lon="3.86819"><ele>193</ele></trkpt><trkpt lat="43.83244" lon="3.86782"><ele>195.7</ele></trkpt><trkpt lat="43.83251" lon="3.86744"><ele>196.5</ele></trkpt><trkpt lat="43.83248" lon="3.86724"><ele>196.9</ele></trkpt><trkpt lat="43.83242" lon="3.86715"><ele>197.1</ele></trkpt><trkpt lat="43.83283" lon="3.86657"><ele>203</ele></trkpt><trkpt lat="43.83292" lon="3.86667"><ele>205.6</ele></trkpt><trkpt lat="43.83334" lon="3.86625"><ele>213.6</ele></trkpt><trkpt lat="43.83347" lon="3.86605"><ele>214.7</ele></trkpt><trkpt lat="43.83344" lon="3.86548"><ele>218</ele></trkpt><trkpt lat="43.83351" lon="3.86502"><ele>221.9</ele></trkpt><trkpt lat="43.83363" lon="3.86475"><ele>224.2</ele></trkpt><trkpt lat="43.83381" lon="3.86449"><ele>225.1</ele></trkpt><trkpt lat="43.83397" lon="3.86408"><ele>224.1</ele></trkpt><trkpt lat="43.83363" lon="3.86364"><ele>222</ele></trkpt><trkpt lat="43.83319" lon="3.86321"><ele>220.4</ele></trkpt><trkpt lat="43.83315" lon="3.86303"><ele>221.2</ele></trkpt><trkpt lat="43.83321" lon="3.86266"><ele>223.2</ele></trkpt><trkpt lat="43.83319" lon="3.86236"><ele>224</ele></trkpt><trkpt lat="43.83284" lon="3.86257"><ele>224.4</ele></trkpt><trkpt lat="43.83268" lon="3.86261"><ele>227.1</ele></trkpt><trkpt lat="43.83258" lon="3.86276"><ele>227.5</ele></trkpt><trkpt lat="43.83206" lon="3.86309"><ele>231.2</ele></trkpt><trkpt lat="43.83202" lon="3.86291"><ele>232.5</ele></trkpt><trkpt lat="43.83207" lon="3.8628"><ele>233.7</ele></trkpt><trkpt lat="43.83208" lon="3.86257"><ele>237</ele></trkpt><trkpt lat="43.83226" lon="3.86249"><ele>238.4</ele></trkpt><trkpt lat="43.83312" lon="3.86059"><ele>267.9</ele></trkpt><trkpt lat="43.83336" lon="3.86045"><ele>269.7</ele></trkpt><trkpt lat="43.83334" lon="3.86037"><ele>272.1</ele></trkpt><trkpt lat="43.83323" lon="3.86031"><ele>274.8</ele></trkpt><trkpt lat="43.83261" lon="3.86065"><ele>277.4</ele></trkpt><trkpt lat="43.83247" lon="3.86067"><ele>279.2</ele></trkpt><trkpt lat="43.8324" lon="3.86061"><ele>279.3</ele></trkpt><trkpt lat="43.83232" lon="3.86009"><ele>284.4</ele></trkpt><trkpt lat="43.83215" lon="3.85975"><ele>288</ele></trkpt><trkpt lat="43.8323" lon="3.85983"><ele>288.1</ele></trkpt><trkpt lat="43.83244" lon="3.85986"><ele>289</ele></trkpt><trkpt lat="43.83243" lon="3.85954"><ele>293.9</ele></trkpt><trkpt lat="43.8326" lon="3.85932"><ele>298.5</ele></trkpt><trkpt lat="43.8329" lon="3.85924"><ele>301</ele></trkpt><trkpt lat="43.83359" lon="3.85871"><ele>311</ele></trkpt><trkpt lat="43.83364" lon="3.85862"><ele>312.6</ele></trkpt><trkpt lat="43.8336" lon="3.85848"><ele>314.9</ele></trkpt><trkpt lat="43.83368" lon="3.85843"><ele>315.1</ele></trkpt><trkpt lat="43.8337" lon="3.85822"><ele>317</ele></trkpt><trkpt lat="43.83386" lon="3.85818"><ele>316.7</ele></trkpt><trkpt lat="43.83406" lon="3.85818"><ele>315.1</ele></trkpt><trkpt lat="43.8342" lon="3.85809"><ele>315.1</ele></trkpt><trkpt lat="43.83529" lon="3.85811"><ele>310.6</ele></trkpt><trkpt lat="43.83578" lon="3.85835"><ele>309.9</ele></trkpt><trkpt lat="43.83625" lon="3.85892"><ele>314.8</ele></trkpt><trkpt lat="43.83677" lon="3.85964"><ele>322.6</ele></trkpt><trkpt lat="43.83692" lon="3.86006"><ele>324.6</ele></trkpt><trkpt lat="43.83722" lon="3.86055"><ele>326</ele></trkpt><trkpt lat="43.8374" lon="3.86078"><ele>327.3</ele></trkpt><trkpt lat="43.83757" lon="3.86112"><ele>329.5</ele></trkpt><trkpt lat="43.83794" lon="3.86132"><ele>331.4</ele></trkpt><trkpt lat="43.83838" lon="3.8615"><ele>332.4</ele></trkpt><trkpt lat="43.83893" lon="3.86166"><ele>333</ele></trkpt><trkpt lat="43.83924" lon="3.86188"><ele>333.3</ele></trkpt><trkpt lat="43.83957" lon="3.86226"><ele>334.1</ele></trkpt><trkpt lat="43.8401" lon="3.86251"><ele>334.7</ele></trkpt><trkpt lat="43.84037" lon="3.8627"><ele>334.5</ele></trkpt><trkpt lat="43.84096" lon="3.8633"><ele>335.4</ele></trkpt><trkpt lat="43.84124" lon="3.86374"><ele>337</ele></trkpt><trkpt lat="43.84225" lon="3.8644"><ele>337.7</ele></trkpt><trkpt lat="43.84266" lon="3.86463"><ele>339.8</ele></trkpt><trkpt lat="43.84283" lon="3.86437"><ele>338.5</ele></trkpt><trkpt lat="43.84359" lon="3.86129"><ele>327.6</ele></trkpt><trkpt lat="43.84412" lon="3.86068"><ele>326.3</ele></trkpt><trkpt lat="43.84493" lon="3.8603"><ele>325.1</ele></trkpt><trkpt lat="43.84532" lon="3.86016"><ele>324.6</ele></trkpt><trkpt lat="43.84584" lon="3.86059"><ele>326</ele></trkpt><trkpt lat="43.84605" lon="3.8606"><ele>326.1</ele></trkpt><trkpt lat="43.84607" lon="3.86101"><ele>327.5</ele></trkpt><trkpt lat="43.84589" lon="3.86196"><ele>329.1</ele></trkpt><trkpt lat="43.84578" lon="3.86225"><ele>330.1</ele></trkpt><trkpt lat="43.84595" lon="3.86259"><ele>331.2</ele></trkpt><trkpt lat="43.84548" lon="3.86357"><ele>333.6</ele></trkpt><trkpt lat="43.84511" lon="3.86408"><ele>335.1</ele></trkpt><trkpt lat="43.84511" lon="3.8644"><ele>337.1</ele></trkpt><trkpt lat="43.84525" lon="3.86461"><ele>338.6</ele></trkpt><trkpt lat="43.84519" lon="3.86501"><ele>340.4</ele></trkpt><trkpt lat="43.84538" lon="3.86497"><ele>339.6</ele></trkpt><trkpt lat="43.84595" lon="3.86368"><ele>334.1</ele></trkpt><trkpt lat="43.84648" lon="3.86347"><ele>332.3</ele></trkpt><trkpt lat="43.84681" lon="3.86366"><ele>333</ele></trkpt><trkpt lat="43.84692" lon="3.86368"><ele>333</ele></trkpt><trkpt lat="43.84788" lon="3.86342"><ele>334.3</ele></trkpt><trkpt lat="43.84815" lon="3.8633"><ele>334</ele></trkpt><trkpt lat="43.84874" lon="3.86358"><ele>334.4</ele></trkpt><trkpt lat="43.84922" lon="3.86395"><ele>333.8</ele></trkpt><trkpt lat="43.84953" lon="3.86433"><ele>333.6</ele></trkpt><trkpt lat="43.85005" lon="3.8642"><ele>333.1</ele></trkpt><trkpt lat="43.85027" lon="3.86411"><ele>332.8</ele></trkpt><trkpt lat="43.85063" lon="3.8638"><ele>332.2</ele></trkpt><trkpt lat="43.85041" lon="3.86249"><ele>331</ele></trkpt><trkpt lat="43.85044" lon="3.86184"><ele>330.6</ele></trkpt><trkpt lat="43.85126" lon="3.86134"><ele>330.9</ele></trkpt><trkpt lat="43.85169" lon="3.86132"><ele>332.1</ele></trkpt><trkpt lat="43.85323" lon="3.86064"><ele>330.4</ele></trkpt><trkpt lat="43.85363" lon="3.86036"><ele>328.3</ele></trkpt><trkpt lat="43.85415" lon="3.86016"><ele>327.6</ele></trkpt><trkpt lat="43.85473" lon="3.85966"><ele>327.8</ele></trkpt><trkpt lat="43.85542" lon="3.85966"><ele>330.3</ele></trkpt><trkpt lat="43.85618" lon="3.8593"><ele>329.9</ele></trkpt><trkpt lat="43.85663" lon="3.85879"><ele>328.1</ele></trkpt><trkpt lat="43.85731" lon="3.85873"><ele>328.3</ele></trkpt><trkpt lat="43.8584" lon="3.85815"><ele>329</ele></trkpt><trkpt lat="43.85858" lon="3.85783"><ele>328.2</ele></trkpt><trkpt lat="43.8589" lon="3.85785"><ele>327</ele></trkpt><trkpt lat="43.85914" lon="3.85809"><ele>326.1</ele></trkpt><trkpt lat="43.86034" lon="3.85745"><ele>326.1</ele></trkpt><trkpt lat="43.86119" lon="3.85695"><ele>324.7</ele></trkpt><trkpt lat="43.86224" lon="3.85659"><ele>322</ele></trkpt><trkpt lat="43.86296" lon="3.85642"><ele>321.1</ele></trkpt><trkpt lat="43.86364" lon="3.8559"><ele>320</ele></trkpt><trkpt lat="43.86418" lon="3.85522"><ele>321.8</ele></trkpt><trkpt lat="43.86591" lon="3.85339"><ele>323</ele></trkpt><trkpt lat="43.8664" lon="3.85315"><ele>323</ele></trkpt><trkpt lat="43.86668" lon="3.85338"><ele>321.8</ele></trkpt><trkpt lat="43.86678" lon="3.85356"><ele>320.8</ele></trkpt><trkpt lat="43.86706" lon="3.85321"><ele>319.9</ele></trkpt><trkpt lat="43.86722" lon="3.85253"><ele>319.9</ele></trkpt><trkpt lat="43.86713" lon="3.85206"><ele>322.3</ele></trkpt><trkpt lat="43.86764" lon="3.85099"><ele>323.4</ele></trkpt><trkpt lat="43.86777" lon="3.85049"><ele>325</ele></trkpt><trkpt lat="43.86806" lon="3.85027"><ele>324</ele></trkpt><trkpt lat="43.86819" lon="3.84956"><ele>325.8</ele></trkpt><trkpt lat="43.86816" lon="3.84869"><ele>326</ele></trkpt><trkpt lat="43.8682" lon="3.84821"><ele>326</ele></trkpt><trkpt lat="43.86869" lon="3.84613"><ele>326.3</ele></trkpt><trkpt lat="43.86897" lon="3.84572"><ele>327.3</ele></trkpt><trkpt lat="43.86858" lon="3.84483"><ele>325.3</ele></trkpt><trkpt lat="43.86843" lon="3.84419"><ele>324.3</ele></trkpt><trkpt lat="43.86799" lon="3.84382"><ele>323.8</ele></trkpt><trkpt lat="43.86645" lon="3.84308"><ele>322</ele></trkpt><trkpt lat="43.86591" lon="3.84247"><ele>322.8</ele></trkpt><trkpt lat="43.86534" lon="3.8409"><ele>324.8</ele></trkpt><trkpt lat="43.865" lon="3.84037"><ele>324</ele></trkpt><trkpt lat="43.86489" lon="3.83901"><ele>325.3</ele></trkpt><trkpt lat="43.8648" lon="3.83686"><ele>318</ele></trkpt><trkpt lat="43.86513" lon="3.83621"><ele>316.2</ele></trkpt><trkpt lat="43.86539" lon="3.83581"><ele>315.2</ele></trkpt><trkpt lat="43.86535" lon="3.83548"><ele>314.9</ele></trkpt><trkpt lat="43.86546" lon="3.83467"><ele>310.7</ele></trkpt><trkpt lat="43.86512" lon="3.834"><ele>309</ele></trkpt><trkpt lat="43.86499" lon="3.83334"><ele>312</ele></trkpt><trkpt lat="43.86445" lon="3.83277"><ele>314</ele></trkpt><trkpt lat="43.8641" lon="3.83229"><ele>312</ele></trkpt><trkpt lat="43.86361" lon="3.83138"><ele>310</ele></trkpt><trkpt lat="43.86349" lon="3.83079"><ele>310.1</ele></trkpt><trkpt lat="43.86367" lon="3.829"><ele>311.8</ele></trkpt><trkpt lat="43.8636" lon="3.82851"><ele>313.1</ele></trkpt><trkpt lat="43.86369" lon="3.82817"><ele>312.4</ele></trkpt><trkpt lat="43.86322" lon="3.82609"><ele>310</ele></trkpt><trkpt lat="43.86293" lon="3.82444"><ele>309</ele></trkpt><trkpt lat="43.86288" lon="3.82366"><ele>311.4</ele></trkpt><trkpt lat="43.86304" lon="3.82322"><ele>312.9</ele></trkpt><trkpt lat="43.8634" lon="3.8231"><ele>313.4</ele></trkpt><trkpt lat="43.86361" lon="3.82324"><ele>311.3</ele></trkpt><trkpt lat="43.8639" lon="3.82334"><ele>308.9</ele></trkpt><trkpt lat="43.86439" lon="3.82338"><ele>306.4</ele></trkpt><trkpt lat="43.8651" lon="3.8231"><ele>302.2</ele></trkpt><trkpt lat="43.86466" lon="3.82044"><ele>301.7</ele></trkpt><trkpt lat="43.86401" lon="3.8194"><ele>300.8</ele></trkpt><trkpt lat="43.86392" lon="3.81932"><ele>300.5</ele></trkpt><trkpt lat="43.86353" lon="3.81919"><ele>300</ele></trkpt><trkpt lat="43.86176" lon="3.81688"><ele>296.5</ele></trkpt><trkpt lat="43.86058" lon="3.81464"><ele>303.1</ele></trkpt><trkpt lat="43.86046" lon="3.81398"><ele>308</ele></trkpt><trkpt lat="43.86026" lon="3.81324"><ele>310.6</ele></trkpt><trkpt lat="43.86003" lon="3.81304"><ele>313.6</ele></trkpt><trkpt lat="43.86001" lon="3.8128"><ele>313.1</ele></trkpt><trkpt lat="43.86011" lon="3.81249"><ele>314.6</ele></trkpt><trkpt lat="43.85932" lon="3.81132"><ele>316.3</ele></trkpt><trkpt lat="43.85908" lon="3.81128"><ele>316.6</ele></trkpt><trkpt lat="43.85902" lon="3.81102"><ele>316</ele></trkpt><trkpt lat="43.85938" lon="3.81026"><ele>310.6</ele></trkpt><trkpt lat="43.85939" lon="3.80977"><ele>307.7</ele></trkpt><trkpt lat="43.8598" lon="3.80924"><ele>304</ele></trkpt><trkpt lat="43.86006" lon="3.80899"><ele>302.1</ele></trkpt><trkpt lat="43.86037" lon="3.80881"><ele>300.7</ele></trkpt><trkpt lat="43.86028" lon="3.80804"><ele>300</ele></trkpt><trkpt lat="43.86023" lon="3.80787"><ele>300.1</ele></trkpt><trkpt lat="43.86025" lon="3.80714"><ele>302</ele></trkpt><trkpt lat="43.86015" lon="3.80654"><ele>302.5</ele></trkpt><trkpt lat="43.86017" lon="3.80471"><ele>302.4</ele></trkpt><trkpt lat="43.86027" lon="3.8036"><ele>301</ele></trkpt><trkpt lat="43.86044" lon="3.803"><ele>299.9</ele></trkpt><trkpt lat="43.86075" lon="3.80283"><ele>297.9</ele></trkpt><trkpt lat="43.86095" lon="3.80231"><ele>295.3</ele></trkpt><trkpt lat="43.86136" lon="3.8029"><ele>292.8</ele></trkpt><trkpt lat="43.8615" lon="3.80316"><ele>291.6</ele></trkpt><trkpt lat="43.86171" lon="3.8038"><ele>288.5</ele></trkpt><trkpt lat="43.86191" lon="3.80462"><ele>283.4</ele></trkpt><trkpt lat="43.86211" lon="3.80579"><ele>277.8</ele></trkpt><trkpt lat="43.86228" lon="3.80794"><ele>268.6</ele></trkpt><trkpt lat="43.86225" lon="3.80854"><ele>266.9</ele></trkpt><trkpt lat="43.86231" lon="3.80873"><ele>266.7</ele></trkpt><trkpt lat="43.86258" lon="3.80861"><ele>268</ele></trkpt><trkpt lat="43.86329" lon="3.80634"><ele>275.2</ele></trkpt><trkpt lat="43.86371" lon="3.80549"><ele>282.3</ele></trkpt><trkpt lat="43.86367" lon="3.80438"><ele>285</ele></trkpt><trkpt lat="43.86369" lon="3.80298"><ele>290.4</ele></trkpt><trkpt lat="43.86372" lon="3.8027"><ele>291.7</ele></trkpt><trkpt lat="43.86391" lon="3.80225"><ele>293.3</ele></trkpt><trkpt lat="43.86402" lon="3.80208"><ele>293.9</ele></trkpt><trkpt lat="43.86417" lon="3.80254"><ele>296</ele></trkpt><trkpt lat="43.86441" lon="3.80368"><ele>298.7</ele></trkpt><trkpt lat="43.86471" lon="3.80474"><ele>299.9</ele></trkpt><trkpt lat="43.86542" lon="3.80578"><ele>303.8</ele></trkpt><trkpt lat="43.86574" lon="3.80596"><ele>305.1</ele></trkpt><trkpt lat="43.86608" lon="3.80601"><ele>305.6</ele></trkpt><trkpt lat="43.86641" lon="3.80582"><ele>305.9</ele></trkpt><trkpt lat="43.86673" lon="3.80551"><ele>305.1</ele></trkpt><trkpt lat="43.86679" lon="3.80541"><ele>304.9</ele></trkpt><trkpt lat="43.86756" lon="3.80504"><ele>306.4</ele></trkpt><trkpt lat="43.86773" lon="3.80505"><ele>307</ele></trkpt><trkpt lat="43.86809" lon="3.80526"><ele>306.7</ele></trkpt><trkpt lat="43.86874" lon="3.80535"><ele>305.3</ele></trkpt><trkpt lat="43.86891" lon="3.80533"><ele>304.5</ele></trkpt><trkpt lat="43.86915" lon="3.80507"><ele>302.3</ele></trkpt><trkpt lat="43.86984" lon="3.80401"><ele>303</ele></trkpt><trkpt lat="43.87006" lon="3.80373"><ele>303.9</ele></trkpt><trkpt lat="43.87065" lon="3.80386"><ele>306.9</ele></trkpt><trkpt lat="43.87116" lon="3.80405"><ele>308.5</ele></trkpt><trkpt lat="43.87137" lon="3.80449"><ele>309.1</ele></trkpt><trkpt lat="43.87196" lon="3.80483"><ele>308.4</ele></trkpt><trkpt lat="43.87206" lon="3.80506"><ele>309.1</ele></trkpt><trkpt lat="43.8729" lon="3.80545"><ele>313.1</ele></trkpt><trkpt lat="43.87305" lon="3.80555"><ele>313.9</ele></trkpt><trkpt lat="43.87332" lon="3.80584"><ele>315.2</ele></trkpt><trkpt lat="43.87349" lon="3.80586"><ele>314.8</ele></trkpt><trkpt lat="43.87371" lon="3.806"><ele>316.4</ele></trkpt><trkpt lat="43.87398" lon="3.80599"><ele>315.9</ele></trkpt><trkpt lat="43.8742" lon="3.80622"><ele>316.7</ele></trkpt><trkpt lat="43.87443" lon="3.80637"><ele>317</ele></trkpt><trkpt lat="43.87462" lon="3.80586"><ele>315.7</ele></trkpt><trkpt lat="43.8747" lon="3.80549"><ele>314.7</ele></trkpt><trkpt lat="43.87473" lon="3.80513"><ele>313.5</ele></trkpt><trkpt lat="43.87464" lon="3.80438"><ele>311.5</ele></trkpt><trkpt lat="43.87465" lon="3.8038"><ele>310.9</ele></trkpt><trkpt lat="43.8749" lon="3.80354"><ele>310.9</ele></trkpt><trkpt lat="43.87641" lon="3.80289"><ele>313.1</ele></trkpt><trkpt lat="43.87688" lon="3.80253"><ele>316.5</ele></trkpt><trkpt lat="43.87727" lon="3.80216"><ele>320.3</ele></trkpt><trkpt lat="43.87747" lon="3.8019"><ele>321.1</ele></trkpt><trkpt lat="43.87773" lon="3.80081"><ele>318.9</ele></trkpt><trkpt lat="43.87777" lon="3.80052"><ele>319.1</ele></trkpt><trkpt lat="43.87754" lon="3.79974"><ele>317.9</ele></trkpt><trkpt lat="43.87774" lon="3.79889"><ele>315.4</ele></trkpt><trkpt lat="43.87775" lon="3.79776"><ele>316.4</ele></trkpt><trkpt lat="43.87744" lon="3.7972"><ele>317</ele></trkpt><trkpt lat="43.87719" lon="3.79688"><ele>317</ele></trkpt><trkpt lat="43.87722" lon="3.79651"><ele>318.4</ele></trkpt><trkpt lat="43.87695" lon="3.79629"><ele>315</ele></trkpt><trkpt lat="43.87665" lon="3.79622"><ele>311.2</ele></trkpt><trkpt lat="43.87644" lon="3.79624"><ele>306.2</ele></trkpt><trkpt lat="43.87655" lon="3.79588"><ele>301.2</ele></trkpt><trkpt lat="43.87645" lon="3.79587"><ele>299.1</ele></trkpt><trkpt lat="43.87622" lon="3.79596"><ele>297.2</ele></trkpt><trkpt lat="43.87578" lon="3.79594"><ele>291.6</ele></trkpt><trkpt lat="43.87532" lon="3.79614"><ele>292</ele></trkpt><trkpt lat="43.87529" lon="3.79599"><ele>291.9</ele></trkpt><trkpt lat="43.87541" lon="3.79521"><ele>286.1</ele></trkpt><trkpt lat="43.87502" lon="3.79422"><ele>282.8</ele></trkpt><trkpt lat="43.87492" lon="3.79383"><ele>285.1</ele></trkpt><trkpt lat="43.87475" lon="3.79336"><ele>285.2</ele></trkpt><trkpt lat="43.8746" lon="3.79307"><ele>283.1</ele></trkpt><trkpt lat="43.87402" lon="3.79262"><ele>278.1</ele></trkpt><trkpt lat="43.87342" lon="3.7923"><ele>275.9</ele></trkpt><trkpt lat="43.87264" lon="3.79148"><ele>269.6</ele></trkpt><trkpt lat="43.87102" lon="3.78995"><ele>260.4</ele></trkpt><trkpt lat="43.8705" lon="3.78983"><ele>258.4</ele></trkpt><trkpt lat="43.86923" lon="3.79002"><ele>256.7</ele></trkpt><trkpt lat="43.86834" lon="3.78965"><ele>257.1</ele></trkpt><trkpt lat="43.86761" lon="3.7894"><ele>259.6</ele></trkpt><trkpt lat="43.86704" lon="3.7894"><ele>254.5</ele></trkpt><trkpt lat="43.86664" lon="3.7897"><ele>252.3</ele></trkpt><trkpt lat="43.86622" lon="3.78979"><ele>248.4</ele></trkpt><trkpt lat="43.86571" lon="3.79009"><ele>243.5</ele></trkpt><trkpt lat="43.86553" lon="3.79025"><ele>240.8</ele></trkpt><trkpt lat="43.86555" lon="3.79156"><ele>237</ele></trkpt><trkpt lat="43.86547" lon="3.79209"><ele>237.2</ele></trkpt><trkpt lat="43.86507" lon="3.79217"><ele>235.3</ele></trkpt><trkpt lat="43.86477" lon="3.7924"><ele>235</ele></trkpt><trkpt lat="43.86454" lon="3.79266"><ele>235.6</ele></trkpt><trkpt lat="43.8643" lon="3.79253"><ele>233.3</ele></trkpt><trkpt lat="43.86405" lon="3.79257"><ele>232.8</ele></trkpt><trkpt lat="43.86384" lon="3.79243"><ele>232</ele></trkpt><trkpt lat="43.86388" lon="3.79166"><ele>231</ele></trkpt><trkpt lat="43.86372" lon="3.79137"><ele>230.4</ele></trkpt><trkpt lat="43.86341" lon="3.79095"><ele>228</ele></trkpt><trkpt lat="43.86324" lon="3.79065"><ele>226.7</ele></trkpt><trkpt lat="43.86286" lon="3.79027"><ele>224.6</ele></trkpt><trkpt lat="43.86248" lon="3.7901"><ele>225.5</ele></trkpt><trkpt lat="43.86204" lon="3.78962"><ele>227.9</ele></trkpt><trkpt lat="43.86142" lon="3.78809"><ele>227.7</ele></trkpt><trkpt lat="43.86115" lon="3.78785"><ele>229.4</ele></trkpt><trkpt lat="43.86106" lon="3.78769"><ele>229.2</ele></trkpt><trkpt lat="43.86075" lon="3.78766"><ele>235.2</ele></trkpt><trkpt lat="43.86055" lon="3.78706"><ele>231.9</ele></trkpt><trkpt lat="43.86041" lon="3.78692"><ele>231.3</ele></trkpt><trkpt lat="43.86043" lon="3.78668"><ele>229.5</ele></trkpt><trkpt lat="43.86028" lon="3.78649"><ele>228.1</ele></trkpt><trkpt lat="43.85981" lon="3.78496"><ele>221.9</ele></trkpt><trkpt lat="43.85897" lon="3.78516"><ele>222.9</ele></trkpt><trkpt lat="43.85771" lon="3.78559"><ele>227</ele></trkpt><trkpt lat="43.85727" lon="3.78577"><ele>226</ele></trkpt><trkpt lat="43.85673" lon="3.7857"><ele>225.8</ele></trkpt><trkpt lat="43.85583" lon="3.78612"><ele>230.1</ele></trkpt><trkpt lat="43.85478" lon="3.78643"><ele>235.1</ele></trkpt><trkpt lat="43.85441" lon="3.78637"><ele>234.8</ele></trkpt><trkpt lat="43.85367" lon="3.78564"><ele>229.5</ele></trkpt><trkpt lat="43.85264" lon="3.78481"><ele>225.8</ele></trkpt><trkpt lat="43.85222" lon="3.78471"><ele>225.9</ele></trkpt><trkpt lat="43.85151" lon="3.78437"><ele>225.5</ele></trkpt><trkpt lat="43.85034" lon="3.78437"><ele>222.7</ele></trkpt><trkpt lat="43.84989" lon="3.78416"><ele>221.4</ele></trkpt><trkpt lat="43.84942" lon="3.78387"><ele>220.9</ele></trkpt><trkpt lat="43.84899" lon="3.78369"><ele>220.9</ele></trkpt><trkpt lat="43.84851" lon="3.78315"><ele>221.1</ele></trkpt><trkpt lat="43.84799" lon="3.78269"><ele>219.6</ele></trkpt><trkpt lat="43.84764" lon="3.78217"><ele>222.6</ele></trkpt><trkpt lat="43.84727" lon="3.78178"><ele>225.6</ele></trkpt><trkpt lat="43.84702" lon="3.7817"><ele>229.6</ele></trkpt><trkpt lat="43.84688" lon="3.78096"><ele>232.2</ele></trkpt><trkpt lat="43.84639" lon="3.78037"><ele>237.6</ele></trkpt><trkpt lat="43.84587" lon="3.77988"><ele>243.3</ele></trkpt><trkpt lat="43.84406" lon="3.77978"><ele>232.4</ele></trkpt><trkpt lat="43.84309" lon="3.77993"><ele>229.8</ele></trkpt><trkpt lat="43.84248" lon="3.78036"><ele>225.8</ele></trkpt><trkpt lat="43.84214" lon="3.78053"><ele>223.8</ele></trkpt><trkpt lat="43.84167" lon="3.78059"><ele>223.5</ele></trkpt><trkpt lat="43.84079" lon="3.7813"><ele>223.5</ele></trkpt><trkpt lat="43.84029" lon="3.78134"><ele>217</ele></trkpt><trkpt lat="43.83954" lon="3.78097"><ele>210.8</ele></trkpt><trkpt lat="43.83906" lon="3.78067"><ele>209</ele></trkpt><trkpt lat="43.83876" lon="3.78038"><ele>206.3</ele></trkpt><trkpt lat="43.83865" lon="3.77988"><ele>204.7</ele></trkpt><trkpt lat="43.83819" lon="3.77935"><ele>203</ele></trkpt><trkpt lat="43.83785" lon="3.77909"><ele>201.4</ele></trkpt><trkpt lat="43.8377" lon="3.77884"><ele>199.2</ele></trkpt><trkpt lat="43.8379" lon="3.77832"><ele>198.3</ele></trkpt><trkpt lat="43.83806" lon="3.77762"><ele>196.5</ele></trkpt><trkpt lat="43.8378" lon="3.77737"><ele>195.1</ele></trkpt><trkpt lat="43.83714" lon="3.77693"><ele>190.7</ele></trkpt><trkpt lat="43.83667" lon="3.77657"><ele>189.7</ele></trkpt><trkpt lat="43.83608" lon="3.77654"><ele>189.5</ele></trkpt><trkpt lat="43.8355" lon="3.77669"><ele>190.2</ele></trkpt><trkpt lat="43.835" lon="3.7769"><ele>193.4</ele></trkpt><trkpt lat="43.83419" lon="3.77695"><ele>191.9</ele></trkpt><trkpt lat="43.83345" lon="3.7767"><ele>194.4</ele></trkpt><trkpt lat="43.83207" lon="3.77672"><ele>200.4</ele></trkpt><trkpt lat="43.8311" lon="3.77678"><ele>190.9</ele></trkpt><trkpt lat="43.83053" lon="3.77664"><ele>186</ele></trkpt><trkpt lat="43.82995" lon="3.77669"><ele>184</ele></trkpt><trkpt lat="43.8287" lon="3.77606"><ele>186</ele></trkpt><trkpt lat="43.82835" lon="3.77607"><ele>188.8</ele></trkpt><trkpt lat="43.82698" lon="3.77729"><ele>192.7</ele></trkpt><trkpt lat="43.82684" lon="3.77738"><ele>193.1</ele></trkpt><trkpt lat="43.8264" lon="3.77739"><ele>193.4</ele></trkpt><trkpt lat="43.82618" lon="3.77639"><ele>194.2</ele></trkpt><trkpt lat="43.82706" lon="3.77624"><ele>197.8</ele></trkpt><trkpt lat="43.82779" lon="3.77589"><ele>198.3</ele></trkpt><trkpt lat="43.82908" lon="3.77473"><ele>199.3</ele></trkpt><trkpt lat="43.82927" lon="3.77449"><ele>199.1</ele></trkpt><trkpt lat="43.83012" lon="3.77305"><ele>196.2</ele></trkpt><trkpt lat="43.83075" lon="3.77247"><ele>195.4</ele></trkpt><trkpt lat="43.83076" lon="3.7721"><ele>196.3</ele></trkpt><trkpt lat="43.83151" lon="3.77131"><ele>196.7</ele></trkpt><trkpt lat="43.83199" lon="3.77027"><ele>198</ele></trkpt><trkpt lat="43.83233" lon="3.76917"><ele>202.6</ele></trkpt><trkpt lat="43.83224" lon="3.76799"><ele>212.1</ele></trkpt><trkpt lat="43.83243" lon="3.76724"><ele>212.5</ele></trkpt><trkpt lat="43.83288" lon="3.76632"><ele>214.8</ele></trkpt><trkpt lat="43.83401" lon="3.76518"><ele>218.4</ele></trkpt><trkpt lat="43.83453" lon="3.76476"><ele>219.9</ele></trkpt><trkpt lat="43.83488" lon="3.76422"><ele>220.8</ele></trkpt><trkpt lat="43.8362" lon="3.76264"><ele>224</ele></trkpt><trkpt lat="43.83744" lon="3.76077"><ele>219.3</ele></trkpt><trkpt lat="43.83743" lon="3.75972"><ele>214.3</ele></trkpt><trkpt lat="43.83757" lon="3.75854"><ele>211.6</ele></trkpt><trkpt lat="43.83725" lon="3.75835"><ele>211.1</ele></trkpt><trkpt lat="43.83633" lon="3.75716"><ele>211</ele></trkpt><trkpt lat="43.83614" lon="3.75715"><ele>210.1</ele></trkpt><trkpt lat="43.83602" lon="3.75718"><ele>209.3</ele></trkpt><trkpt lat="43.83543" lon="3.75763"><ele>207</ele></trkpt><trkpt lat="43.83522" lon="3.75774"><ele>206.7</ele></trkpt><trkpt lat="43.83471" lon="3.75788"><ele>205</ele></trkpt><trkpt lat="43.83337" lon="3.75774"><ele>200.4</ele></trkpt><trkpt lat="43.83295" lon="3.75766"><ele>199</ele></trkpt><trkpt lat="43.83168" lon="3.75712"><ele>200.4</ele></trkpt><trkpt lat="43.83101" lon="3.75738"><ele>198.8</ele></trkpt><trkpt lat="43.83032" lon="3.75751"><ele>198</ele></trkpt><trkpt lat="43.83001" lon="3.75769"><ele>196.7</ele></trkpt><trkpt lat="43.82845" lon="3.75751"><ele>197</ele></trkpt><trkpt lat="43.82798" lon="3.75724"><ele>196.7</ele></trkpt><trkpt lat="43.82667" lon="3.75678"><ele>196</ele></trkpt><trkpt lat="43.82562" lon="3.75633"><ele>193</ele></trkpt><trkpt lat="43.82543" lon="3.75639"><ele>192.5</ele></trkpt><trkpt lat="43.82503" lon="3.75678"><ele>189.3</ele></trkpt><trkpt lat="43.8247" lon="3.75655"><ele>188.7</ele></trkpt><trkpt lat="43.82423" lon="3.75512"><ele>193.6</ele></trkpt><trkpt lat="43.82336" lon="3.75366"><ele>203.8</ele></trkpt><trkpt lat="43.82242" lon="3.75186"><ele>198.8</ele></trkpt><trkpt lat="43.82198" lon="3.75199"><ele>194.9</ele></trkpt><trkpt lat="43.82149" lon="3.75188"><ele>192.8</ele></trkpt><trkpt lat="43.82125" lon="3.7517"><ele>193.3</ele></trkpt><trkpt lat="43.82073" lon="3.75121"><ele>195.9</ele></trkpt><trkpt lat="43.82035" lon="3.75056"><ele>199.2</ele></trkpt><trkpt lat="43.81953" lon="3.75015"><ele>196.4</ele></trkpt><trkpt lat="43.81906" lon="3.74973"><ele>195.2</ele></trkpt><trkpt lat="43.81853" lon="3.74956"><ele>191.9</ele></trkpt><trkpt lat="43.81677" lon="3.74815"><ele>188.7</ele></trkpt><trkpt lat="43.81614" lon="3.74774"><ele>189.4</ele></trkpt><trkpt lat="43.81549" lon="3.74755"><ele>189.4</ele></trkpt><trkpt lat="43.81476" lon="3.74663"><ele>189.1</ele></trkpt><trkpt lat="43.81427" lon="3.74558"><ele>185.5</ele></trkpt><trkpt lat="43.8143" lon="3.74457"><ele>181.7</ele></trkpt><trkpt lat="43.81381" lon="3.74428"><ele>176.3</ele></trkpt><trkpt lat="43.81271" lon="3.74402"><ele>171.1</ele></trkpt><trkpt lat="43.81222" lon="3.74387"><ele>171</ele></trkpt><trkpt lat="43.81196" lon="3.74362"><ele>168.3</ele></trkpt><trkpt lat="43.81128" lon="3.74374"><ele>164.6</ele></trkpt><trkpt lat="43.81141" lon="3.74349"><ele>163.3</ele></trkpt><trkpt lat="43.81144" lon="3.74328"><ele>162.1</ele></trkpt><trkpt lat="43.81151" lon="3.74312"><ele>161.8</ele></trkpt><trkpt lat="43.81128" lon="3.74241"><ele>164.9</ele></trkpt><trkpt lat="43.81092" lon="3.74227"><ele>165.8</ele></trkpt><trkpt lat="43.81073" lon="3.74215"><ele>166.6</ele></trkpt><trkpt lat="43.81043" lon="3.74176"><ele>168.4</ele></trkpt><trkpt lat="43.81022" lon="3.74161"><ele>169.3</ele></trkpt><trkpt lat="43.80936" lon="3.7419"><ele>169.2</ele></trkpt><trkpt lat="43.80871" lon="3.74193"><ele>171.6</ele></trkpt><trkpt lat="43.80852" lon="3.74186"><ele>173.2</ele></trkpt><trkpt lat="43.80712" lon="3.74065"><ele>178</ele></trkpt><trkpt lat="43.80666" lon="3.74019"><ele>179.9</ele></trkpt><trkpt lat="43.8043" lon="3.73924"><ele>180.9</ele></trkpt><trkpt lat="43.80342" lon="3.73892"><ele>185.2</ele></trkpt><trkpt lat="43.80192" lon="3.73851"><ele>198</ele></trkpt><trkpt lat="43.80121" lon="3.7384"><ele>199.4</ele></trkpt><trkpt lat="43.80076" lon="3.7384"><ele>201.2</ele></trkpt><trkpt lat="43.79875" lon="3.73956"><ele>192.6</ele></trkpt><trkpt lat="43.79763" lon="3.74013"><ele>186.7</ele></trkpt><trkpt lat="43.79707" lon="3.74021"><ele>182.1</ele></trkpt><trkpt lat="43.79672" lon="3.7411"><ele>183.7</ele></trkpt><trkpt lat="43.79644" lon="3.73995"><ele>182.7</ele></trkpt><trkpt lat="43.79615" lon="3.73949"><ele>185</ele></trkpt><trkpt lat="43.79566" lon="3.73896"><ele>181.6</ele></trkpt><trkpt lat="43.79515" lon="3.738"><ele>182</ele></trkpt><trkpt lat="43.79473" lon="3.73708"><ele>182</ele></trkpt><trkpt lat="43.7934" lon="3.73476"><ele>184</ele></trkpt><trkpt lat="43.79298" lon="3.73416"><ele>185</ele></trkpt><trkpt lat="43.79285" lon="3.73381"><ele>186.4</ele></trkpt><trkpt lat="43.79278" lon="3.73335"><ele>187.9</ele></trkpt><trkpt lat="43.79261" lon="3.73321"><ele>188.1</ele></trkpt><trkpt lat="43.79249" lon="3.73299"><ele>189.9</ele></trkpt><trkpt lat="43.79226" lon="3.73279"><ele>191.1</ele></trkpt><trkpt lat="43.79223" lon="3.7326"><ele>193</ele></trkpt><trkpt lat="43.79226" lon="3.73213"><ele>197.2</ele></trkpt><trkpt lat="43.79224" lon="3.73194"><ele>197.2</ele></trkpt><trkpt lat="43.79173" lon="3.73145"><ele>195.3</ele></trkpt><trkpt lat="43.79177" lon="3.73127"><ele>196.7</ele></trkpt><trkpt lat="43.79163" lon="3.73087"><ele>198.9</ele></trkpt><trkpt lat="43.7915" lon="3.73071"><ele>200.2</ele></trkpt><trkpt lat="43.79134" lon="3.73074"><ele>199.8</ele></trkpt><trkpt lat="43.79128" lon="3.7305"><ele>200</ele></trkpt><trkpt lat="43.79133" lon="3.73028"><ele>200.8</ele></trkpt><trkpt lat="43.79107" lon="3.72983"><ele>203</ele></trkpt><trkpt lat="43.79077" lon="3.73001"><ele>200</ele></trkpt><trkpt lat="43.79067" lon="3.73014"><ele>197.1</ele></trkpt><trkpt lat="43.79064" lon="3.73037"><ele>194.5</ele></trkpt><trkpt lat="43.79006" lon="3.72984"><ele>194.7</ele></trkpt><trkpt lat="43.7896" lon="3.72898"><ele>200.3</ele></trkpt><trkpt lat="43.78919" lon="3.72835"><ele>202</ele></trkpt><trkpt lat="43.78898" lon="3.72789"><ele>203.1</ele></trkpt><trkpt lat="43.78799" lon="3.72649"><ele>209.6</ele></trkpt><trkpt lat="43.78757" lon="3.72663"><ele>209.8</ele></trkpt><trkpt lat="43.78717" lon="3.72747"><ele>206.5</ele></trkpt><trkpt lat="43.78625" lon="3.72807"><ele>202.8</ele></trkpt><trkpt lat="43.78594" lon="3.72823"><ele>201.5</ele></trkpt><trkpt lat="43.7854" lon="3.72822"><ele>199.4</ele></trkpt><trkpt lat="43.78524" lon="3.72762"><ele>201.9</ele></trkpt><trkpt lat="43.78435" lon="3.72706"><ele>201.6</ele></trkpt><trkpt lat="43.7839" lon="3.72673"><ele>202.1</ele></trkpt><trkpt lat="43.78335" lon="3.72665"><ele>203.2</ele></trkpt><trkpt lat="43.7831" lon="3.72678"><ele>202.7</ele></trkpt><trkpt lat="43.78272" lon="3.72657"><ele>202.1</ele></trkpt><trkpt lat="43.78095" lon="3.72467"><ele>207.9</ele></trkpt><trkpt lat="43.78073" lon="3.72431"><ele>209.4</ele></trkpt><trkpt lat="43.78057" lon="3.72365"><ele>212.8</ele></trkpt><trkpt lat="43.77978" lon="3.72314"><ele>208.4</ele></trkpt><trkpt lat="43.77879" lon="3.72242"><ele>210</ele></trkpt><trkpt lat="43.77785" lon="3.72195"><ele>212.2</ele></trkpt><trkpt lat="43.77727" lon="3.72175"><ele>214.3</ele></trkpt><trkpt lat="43.77697" lon="3.72155"><ele>216.5</ele></trkpt><trkpt lat="43.77659" lon="3.72157"><ele>215</ele></trkpt><trkpt lat="43.77644" lon="3.72136"><ele>216.2</ele></trkpt><trkpt lat="43.77544" lon="3.72093"><ele>215.3</ele></trkpt><trkpt lat="43.77491" lon="3.72074"><ele>214.7</ele></trkpt><trkpt lat="43.77447" lon="3.72041"><ele>213.8</ele></trkpt><trkpt lat="43.77413" lon="3.7199"><ele>216.3</ele></trkpt><trkpt lat="43.774" lon="3.71939"><ele>218.2</ele></trkpt><trkpt lat="43.7724" lon="3.71807"><ele>222.2</ele></trkpt><trkpt lat="43.77202" lon="3.71747"><ele>225.5</ele></trkpt><trkpt lat="43.77192" lon="3.71696"><ele>226.8</ele></trkpt><trkpt lat="43.77125" lon="3.7158"><ele>229.2</ele></trkpt><trkpt lat="43.77084" lon="3.71522"><ele>231.7</ele></trkpt><trkpt lat="43.77036" lon="3.71468"><ele>232.4</ele></trkpt><trkpt lat="43.76979" lon="3.71447"><ele>238</ele></trkpt><trkpt lat="43.76958" lon="3.71396"><ele>243.5</ele></trkpt><trkpt lat="43.76939" lon="3.71307"><ele>253.3</ele></trkpt><trkpt lat="43.76908" lon="3.7124"><ele>260.6</ele></trkpt><trkpt lat="43.76888" lon="3.71211"><ele>262.3</ele></trkpt><trkpt lat="43.76825" lon="3.71155"><ele>263.2</ele></trkpt><trkpt lat="43.76778" lon="3.71104"><ele>266.7</ele></trkpt><trkpt lat="43.76755" lon="3.71037"><ele>272</ele></trkpt><trkpt lat="43.76731" lon="3.70998"><ele>273.6</ele></trkpt><trkpt lat="43.76691" lon="3.7097"><ele>274.8</ele></trkpt><trkpt lat="43.7663" lon="3.70919"><ele>274.1</ele></trkpt><trkpt lat="43.76612" lon="3.70899"><ele>274.7</ele></trkpt><trkpt lat="43.76553" lon="3.70789"><ele>279.6</ele></trkpt><trkpt lat="43.7655" lon="3.70724"><ele>281</ele></trkpt><trkpt lat="43.76538" lon="3.70692"><ele>283.1</ele></trkpt><trkpt lat="43.76498" lon="3.70629"><ele>287.3</ele></trkpt><trkpt lat="43.76494" lon="3.7063"><ele>287.3</ele></trkpt><trkpt lat="43.7649" lon="3.7067"><ele>286.5</ele></trkpt><trkpt lat="43.76494" lon="3.70703"><ele>287.5</ele></trkpt><trkpt lat="43.76515" lon="3.70754"><ele>287.1</ele></trkpt><trkpt lat="43.76523" lon="3.70791"><ele>287</ele></trkpt><trkpt lat="43.76509" lon="3.70902"><ele>284.1</ele></trkpt><trkpt lat="43.76506" lon="3.70954"><ele>283.8</ele></trkpt><trkpt lat="43.76501" lon="3.70976"><ele>284.2</ele></trkpt><trkpt lat="43.76464" lon="3.71027"><ele>282.1</ele></trkpt><trkpt lat="43.76438" lon="3.71095"><ele>274.3</ele></trkpt><trkpt lat="43.76416" lon="3.71166"><ele>268</ele></trkpt><trkpt lat="43.7642" lon="3.71236"><ele>266.1</ele></trkpt><trkpt lat="43.76433" lon="3.71286"><ele>264.7</ele></trkpt><trkpt lat="43.76447" lon="3.71306"><ele>264.1</ele></trkpt><trkpt lat="43.76447" lon="3.71336"><ele>263.9</ele></trkpt><trkpt lat="43.76492" lon="3.71386"><ele>263.7</ele></trkpt><trkpt lat="43.76519" lon="3.71429"><ele>262.6</ele></trkpt><trkpt lat="43.76522" lon="3.71547"><ele>260.1</ele></trkpt><trkpt lat="43.76491" lon="3.71558"><ele>260.3</ele></trkpt><trkpt lat="43.76472" lon="3.71572"><ele>260.4</ele></trkpt><trkpt lat="43.76456" lon="3.71591"><ele>260.3</ele></trkpt><trkpt lat="43.76435" lon="3.71595"><ele>260.3</ele></trkpt><trkpt lat="43.76418" lon="3.71594"><ele>260</ele></trkpt><trkpt lat="43.76391" lon="3.71613"><ele>260</ele></trkpt><trkpt lat="43.76314" lon="3.71633"><ele>260.2</ele></trkpt><trkpt lat="43.76299" lon="3.71648"><ele>260.2</ele></trkpt><trkpt lat="43.76278" lon="3.71647"><ele>260.7</ele></trkpt><trkpt lat="43.76253" lon="3.71669"><ele>259.9</ele></trkpt><trkpt lat="43.76233" lon="3.71692"><ele>259.1</ele></trkpt><trkpt lat="43.76213" lon="3.71702"><ele>258.9</ele></trkpt><trkpt lat="43.76191" lon="3.71731"><ele>258.1</ele></trkpt><trkpt lat="43.76169" lon="3.71751"><ele>258</ele></trkpt><trkpt lat="43.76163" lon="3.71747"><ele>258.1</ele></trkpt><trkpt lat="43.76115" lon="3.71756"><ele>258</ele></trkpt><trkpt lat="43.76052" lon="3.71752"><ele>257.9</ele></trkpt><trkpt lat="43.76001" lon="3.71754"><ele>257</ele></trkpt><trkpt lat="43.75923" lon="3.71769"><ele>255.1</ele></trkpt><trkpt lat="43.75917" lon="3.71773"><ele>255</ele></trkpt><trkpt lat="43.75873" lon="3.71883"><ele>254.4</ele></trkpt><trkpt lat="43.75849" lon="3.71919"><ele>254</ele></trkpt><trkpt lat="43.75838" lon="3.71901"><ele>254</ele></trkpt><trkpt lat="43.75832" lon="3.71881"><ele>254</ele></trkpt><trkpt lat="43.7581" lon="3.71834"><ele>254.2</ele></trkpt><trkpt lat="43.75792" lon="3.71721"><ele>251.1</ele></trkpt><trkpt lat="43.75769" lon="3.71646"><ele>253.7</ele></trkpt><trkpt lat="43.75755" lon="3.71614"><ele>254.2</ele></trkpt><trkpt lat="43.75724" lon="3.71559"><ele>255.9</ele></trkpt><trkpt lat="43.75716" lon="3.71532"><ele>256</ele></trkpt><trkpt lat="43.75692" lon="3.71497"><ele>256</ele></trkpt><trkpt lat="43.75669" lon="3.71503"><ele>256</ele></trkpt><trkpt lat="43.75644" lon="3.71522"><ele>256</ele></trkpt><trkpt lat="43.75637" lon="3.71543"><ele>256</ele></trkpt><trkpt lat="43.7559" lon="3.7158"><ele>256</ele></trkpt><trkpt lat="43.75584" lon="3.71589"><ele>255.8</ele></trkpt><trkpt lat="43.75582" lon="3.71609"><ele>255.1</ele></trkpt><trkpt lat="43.75585" lon="3.71619"><ele>255.3</ele></trkpt><trkpt lat="43.7558" lon="3.71639"><ele>255.9</ele></trkpt><trkpt lat="43.75559" lon="3.71682"><ele>255</ele></trkpt><trkpt lat="43.75601" lon="3.71717"><ele>252.7</ele></trkpt><trkpt lat="43.75606" lon="3.71717"><ele>252.5</ele></trkpt><trkpt lat="43.7561" lon="3.71746"><ele>250.4</ele></trkpt><trkpt lat="43.75605" lon="3.71782"><ele>247.5</ele></trkpt><trkpt lat="43.75578" lon="3.71818"><ele>246.5</ele></trkpt><trkpt lat="43.75525" lon="3.71867"><ele>245.3</ele></trkpt><trkpt lat="43.75495" lon="3.71883"><ele>245</ele></trkpt><trkpt lat="43.75484" lon="3.71909"><ele>244.8</ele></trkpt><trkpt lat="43.75468" lon="3.71924"><ele>244.3</ele></trkpt><trkpt lat="43.75426" lon="3.71941"><ele>243.8</ele></trkpt><trkpt lat="43.75415" lon="3.71951"><ele>243.3</ele></trkpt><trkpt lat="43.75392" lon="3.71986"><ele>242.8</ele></trkpt><trkpt lat="43.75374" lon="3.72003"><ele>243.5</ele></trkpt><trkpt lat="43.75357" lon="3.7203"><ele>242.2</ele></trkpt><trkpt lat="43.75336" lon="3.72046"><ele>241.8</ele></trkpt><trkpt lat="43.75318" lon="3.72043"><ele>241.4</ele></trkpt><trkpt lat="43.75304" lon="3.72033"><ele>241</ele></trkpt><trkpt lat="43.75274" lon="3.72027"><ele>240.1</ele></trkpt><trkpt lat="43.75258" lon="3.72031"><ele>240</ele></trkpt><trkpt lat="43.75236" lon="3.72007"><ele>242.9</ele></trkpt><trkpt lat="43.75229" lon="3.71964"><ele>244.5</ele></trkpt><trkpt lat="43.75237" lon="3.71893"><ele>247.9</ele></trkpt><trkpt lat="43.75236" lon="3.71872"><ele>248.9</ele></trkpt><trkpt lat="43.75241" lon="3.71837"><ele>251.1</ele></trkpt><trkpt lat="43.75246" lon="3.71829"><ele>251.4</ele></trkpt><trkpt lat="43.75243" lon="3.71822"><ele>252</ele></trkpt><trkpt lat="43.75225" lon="3.7182"><ele>252.4</ele></trkpt><trkpt lat="43.75216" lon="3.71803"><ele>252.6</ele></trkpt><trkpt lat="43.75213" lon="3.71787"><ele>252.3</ele></trkpt><trkpt lat="43.75231" lon="3.71749"><ele>253</ele></trkpt><trkpt lat="43.75202" lon="3.71683"><ele>250.7</ele></trkpt><trkpt lat="43.7519" lon="3.71646"><ele>250</ele></trkpt><trkpt lat="43.75195" lon="3.71629"><ele>249.6</ele></trkpt><trkpt lat="43.75322" lon="3.71607"><ele>247.9</ele></trkpt><trkpt lat="43.75338" lon="3.71598"><ele>248</ele></trkpt><trkpt lat="43.7537" lon="3.71593"><ele>248.3</ele></trkpt><trkpt lat="43.75384" lon="3.71583"><ele>248.8</ele></trkpt><trkpt lat="43.75415" lon="3.71499"><ele>248.8</ele></trkpt><trkpt lat="43.75413" lon="3.71431"><ele>247.1</ele></trkpt><trkpt lat="43.75417" lon="3.71382"><ele>245.8</ele></trkpt><trkpt lat="43.75463" lon="3.713"><ele>247.8</ele></trkpt><trkpt lat="43.75446" lon="3.71269"><ele>249.6</ele></trkpt><trkpt lat="43.75429" lon="3.71222"><ele>252</ele></trkpt><trkpt lat="43.75405" lon="3.71127"><ele>252.4</ele></trkpt><trkpt lat="43.75403" lon="3.71061"><ele>253</ele></trkpt><trkpt lat="43.75416" lon="3.7102"><ele>254.2</ele></trkpt><trkpt lat="43.75402" lon="3.70951"><ele>254.3</ele></trkpt><trkpt lat="43.75382" lon="3.70733"><ele>254.5</ele></trkpt><trkpt lat="43.75376" lon="3.70533"><ele>256.7</ele></trkpt><trkpt lat="43.75365" lon="3.7042"><ele>259.3</ele></trkpt><trkpt lat="43.75328" lon="3.70224"><ele>261.6</ele></trkpt><trkpt lat="43.75328" lon="3.70161"><ele>261.3</ele></trkpt><trkpt lat="43.7532" lon="3.70124"><ele>261.4</ele></trkpt><trkpt lat="43.75277" lon="3.7008"><ele>262.1</ele></trkpt><trkpt lat="43.75258" lon="3.70053"><ele>261.8</ele></trkpt><trkpt lat="43.75246" lon="3.70015"><ele>263.2</ele></trkpt><trkpt lat="43.75232" lon="3.69899"><ele>266.8</ele></trkpt><trkpt lat="43.75227" lon="3.69824"><ele>267.6</ele></trkpt><trkpt lat="43.75169" lon="3.69665"><ele>266.2</ele></trkpt><trkpt lat="43.75138" lon="3.69591"><ele>267.8</ele></trkpt><trkpt lat="43.75098" lon="3.69549"><ele>270</ele></trkpt><trkpt lat="43.75069" lon="3.69538"><ele>269.5</ele></trkpt><trkpt lat="43.75055" lon="3.69547"><ele>269</ele></trkpt><trkpt lat="43.75018" lon="3.69541"><ele>267.2</ele></trkpt><trkpt lat="43.75008" lon="3.69532"><ele>267.1</ele></trkpt><trkpt lat="43.7496" lon="3.69519"><ele>264.9</ele></trkpt><trkpt lat="43.74937" lon="3.69501"><ele>264.2</ele></trkpt><trkpt lat="43.7492" lon="3.69497"><ele>262.5</ele></trkpt><trkpt lat="43.74872" lon="3.69509"><ele>259.7</ele></trkpt><trkpt lat="43.74844" lon="3.69509"><ele>258.2</ele></trkpt><trkpt lat="43.74703" lon="3.69486"><ele>255.5</ele></trkpt><trkpt lat="43.74605" lon="3.69455"><ele>255.6</ele></trkpt><trkpt lat="43.7459" lon="3.69456"><ele>255.6</ele></trkpt><trkpt lat="43.74503" lon="3.69434"><ele>256.3</ele></trkpt><trkpt lat="43.74464" lon="3.69444"><ele>256.6</ele></trkpt><trkpt lat="43.74446" lon="3.6946"><ele>257.4</ele></trkpt><trkpt lat="43.74401" lon="3.69515"><ele>260.6</ele></trkpt><trkpt lat="43.7439" lon="3.69522"><ele>261</ele></trkpt><trkpt lat="43.74383" lon="3.69505"><ele>260.9</ele></trkpt><trkpt lat="43.74378" lon="3.69417"><ele>262.2</ele></trkpt><trkpt lat="43.74372" lon="3.69369"><ele>262.2</ele></trkpt><trkpt lat="43.74378" lon="3.69334"><ele>262.4</ele></trkpt><trkpt lat="43.74355" lon="3.69185"><ele>267.5</ele></trkpt><trkpt lat="43.74355" lon="3.69119"><ele>269.4</ele></trkpt><trkpt lat="43.7433" lon="3.69076"><ele>273.4</ele></trkpt><trkpt lat="43.74308" lon="3.68999"><ele>277.9</ele></trkpt><trkpt lat="43.743" lon="3.68958"><ele>277.7</ele></trkpt><trkpt lat="43.74291" lon="3.68881"><ele>276.9</ele></trkpt><trkpt lat="43.74219" lon="3.68726"><ele>272.2</ele></trkpt><trkpt lat="43.74187" lon="3.68645"><ele>270</ele></trkpt><trkpt lat="43.7413" lon="3.68534"><ele>267.5</ele></trkpt><trkpt lat="43.74103" lon="3.68441"><ele>269.1</ele></trkpt><trkpt lat="43.74088" lon="3.68348"><ele>272</ele></trkpt><trkpt lat="43.74068" lon="3.68263"><ele>276.9</ele></trkpt><trkpt lat="43.74058" lon="3.68189"><ele>284.3</ele></trkpt><trkpt lat="43.74057" lon="3.68086"><ele>289.9</ele></trkpt><trkpt lat="43.74045" lon="3.68045"><ele>290.1</ele></trkpt><trkpt lat="43.74061" lon="3.67925"><ele>297.1</ele></trkpt><trkpt lat="43.74047" lon="3.67873"><ele>298.4</ele></trkpt><trkpt lat="43.73991" lon="3.6781"><ele>300.7</ele></trkpt><trkpt lat="43.73958" lon="3.67756"><ele>300.7</ele></trkpt><trkpt lat="43.73952" lon="3.67723"><ele>301.5</ele></trkpt><trkpt lat="43.73967" lon="3.67617"><ele>305.4</ele></trkpt><trkpt lat="43.73946" lon="3.67515"><ele>308.6</ele></trkpt><trkpt lat="43.73946" lon="3.6749"><ele>309.5</ele></trkpt><trkpt lat="43.73961" lon="3.67484"><ele>310.4</ele></trkpt><trkpt lat="43.74016" lon="3.67481"><ele>313.8</ele></trkpt><trkpt lat="43.74027" lon="3.67468"><ele>314.9</ele></trkpt><trkpt lat="43.74032" lon="3.67315"><ele>323.6</ele></trkpt><trkpt lat="43.74014" lon="3.67271"><ele>325.4</ele></trkpt><trkpt lat="43.74013" lon="3.67253"><ele>326.3</ele></trkpt><trkpt lat="43.74018" lon="3.67234"><ele>326.1</ele></trkpt><trkpt lat="43.74038" lon="3.67214"><ele>327.7</ele></trkpt><trkpt lat="43.74067" lon="3.67143"><ele>330.6</ele></trkpt><trkpt lat="43.74093" lon="3.67155"><ele>334.6</ele></trkpt><trkpt lat="43.74106" lon="3.67179"><ele>337.9</ele></trkpt><trkpt lat="43.74109" lon="3.67215"><ele>341.8</ele></trkpt><trkpt lat="43.74143" lon="3.67174"><ele>344.6</ele></trkpt><trkpt lat="43.74163" lon="3.67116"><ele>344.4</ele></trkpt><trkpt lat="43.74174" lon="3.67053"><ele>344.9</ele></trkpt><trkpt lat="43.74169" lon="3.66959"><ele>348.5</ele></trkpt><trkpt lat="43.74206" lon="3.66884"><ele>354.6</ele></trkpt><trkpt lat="43.74252" lon="3.66826"><ele>357.1</ele></trkpt><trkpt lat="43.74262" lon="3.66808"><ele>358.3</ele></trkpt><trkpt lat="43.74276" lon="3.66745"><ele>356.7</ele></trkpt><trkpt lat="43.74261" lon="3.66649"><ele>354.5</ele></trkpt><trkpt lat="43.74234" lon="3.6653"><ele>351.3</ele></trkpt><trkpt lat="43.74154" lon="3.66218"><ele>350.1</ele></trkpt><trkpt lat="43.74169" lon="3.66114"><ele>354.6</ele></trkpt><trkpt lat="43.74189" lon="3.66027"><ele>358.6</ele></trkpt><trkpt lat="43.74192" lon="3.65978"><ele>360.1</ele></trkpt><trkpt lat="43.74192" lon="3.65833"><ele>367.2</ele></trkpt><trkpt lat="43.74148" lon="3.65754"><ele>373.5</ele></trkpt><trkpt lat="43.74127" lon="3.65691"><ele>375.5</ele></trkpt><trkpt lat="43.74086" lon="3.65653"><ele>372.2</ele></trkpt><trkpt lat="43.74078" lon="3.65608"><ele>369.4</ele></trkpt><trkpt lat="43.74018" lon="3.65514"><ele>356.2</ele></trkpt><trkpt lat="43.73986" lon="3.65475"><ele>351.6</ele></trkpt><trkpt lat="43.73956" lon="3.6542"><ele>347.2</ele></trkpt><trkpt lat="43.73954" lon="3.65376"><ele>343.2</ele></trkpt><trkpt lat="43.73906" lon="3.65271"><ele>334.9</ele></trkpt><trkpt lat="43.73897" lon="3.6526"><ele>333.4</ele></trkpt><trkpt lat="43.73883" lon="3.65251"><ele>331.9</ele></trkpt><trkpt lat="43.73836" lon="3.65231"><ele>328.4</ele></trkpt><trkpt lat="43.73806" lon="3.652"><ele>326</ele></trkpt><trkpt lat="43.73774" lon="3.65158"><ele>324.7</ele></trkpt><trkpt lat="43.73706" lon="3.6504"><ele>324.2</ele></trkpt><trkpt lat="43.73654" lon="3.64984"><ele>322.9</ele></trkpt><trkpt lat="43.73626" lon="3.64947"><ele>322</ele></trkpt><trkpt lat="43.73578" lon="3.64973"><ele>318.8</ele></trkpt><trkpt lat="43.73516" lon="3.64915"><ele>316.6</ele></trkpt><trkpt lat="43.73477" lon="3.64918"><ele>315.2</ele></trkpt><trkpt lat="43.73452" lon="3.64914"><ele>313.5</ele></trkpt><trkpt lat="43.73423" lon="3.64903"><ele>312.2</ele></trkpt><trkpt lat="43.73361" lon="3.64794"><ele>310</ele></trkpt><trkpt lat="43.73357" lon="3.64766"><ele>309.8</ele></trkpt><trkpt lat="43.73367" lon="3.64681"><ele>309.3</ele></trkpt><trkpt lat="43.73406" lon="3.64526"><ele>314.7</ele></trkpt><trkpt lat="43.73305" lon="3.64405"><ele>314.4</ele></trkpt><trkpt lat="43.73294" lon="3.64399"><ele>313.5</ele></trkpt><trkpt lat="43.73276" lon="3.64397"><ele>311.9</ele></trkpt><trkpt lat="43.73258" lon="3.64385"><ele>310.5</ele></trkpt><trkpt lat="43.73169" lon="3.6427"><ele>305.1</ele></trkpt><trkpt lat="43.7312" lon="3.64217"><ele>302.8</ele></trkpt><trkpt lat="43.73102" lon="3.64177"><ele>299.7</ele></trkpt><trkpt lat="43.73077" lon="3.64142"><ele>298.6</ele></trkpt><trkpt lat="43.73041" lon="3.64107"><ele>297.3</ele></trkpt><trkpt lat="43.73024" lon="3.64075"><ele>295.4</ele></trkpt><trkpt lat="43.72982" lon="3.63954"><ele>295.9</ele></trkpt><trkpt lat="43.72925" lon="3.63758"><ele>296</ele></trkpt><trkpt lat="43.72947" lon="3.63736"><ele>297</ele></trkpt><trkpt lat="43.7295" lon="3.63718"><ele>297.4</ele></trkpt><trkpt lat="43.72941" lon="3.63685"><ele>297.9</ele></trkpt><trkpt lat="43.72929" lon="3.63659"><ele>297.4</ele></trkpt><trkpt lat="43.72948" lon="3.63634"><ele>298.1</ele></trkpt><trkpt lat="43.72966" lon="3.63603"><ele>298.7</ele></trkpt><trkpt lat="43.72959" lon="3.63584"><ele>298.1</ele></trkpt><trkpt lat="43.72947" lon="3.63585"><ele>297.2</ele></trkpt><trkpt lat="43.72937" lon="3.63578"><ele>296.7</ele></trkpt><trkpt lat="43.7293" lon="3.63547"><ele>296.5</ele></trkpt><trkpt lat="43.72923" lon="3.63487"><ele>295.1</ele></trkpt><trkpt lat="43.73002" lon="3.63428"><ele>299.1</ele></trkpt><trkpt lat="43.73018" lon="3.6341"><ele>299.7</ele></trkpt><trkpt lat="43.73026" lon="3.63337"><ele>300.9</ele></trkpt><trkpt lat="43.73046" lon="3.63266"><ele>301.4</ele></trkpt><trkpt lat="43.73034" lon="3.63203"><ele>300.9</ele></trkpt><trkpt lat="43.73095" lon="3.63047"><ele>304</ele></trkpt><trkpt lat="43.73105" lon="3.62981"><ele>304.8</ele></trkpt><trkpt lat="43.73087" lon="3.62908"><ele>306.5</ele></trkpt><trkpt lat="43.73066" lon="3.62782"><ele>308.4</ele></trkpt><trkpt lat="43.73053" lon="3.62737"><ele>308.4</ele></trkpt><trkpt lat="43.73033" lon="3.62717"><ele>308.4</ele></trkpt><trkpt lat="43.73027" lon="3.62641"><ele>310</ele></trkpt><trkpt lat="43.73043" lon="3.62632"><ele>310.8</ele></trkpt><trkpt lat="43.73071" lon="3.62642"><ele>311.6</ele></trkpt><trkpt lat="43.7311" lon="3.62624"><ele>313</ele></trkpt><trkpt lat="43.73096" lon="3.62559"><ele>312.5</ele></trkpt><trkpt lat="43.73104" lon="3.62507"><ele>311.8</ele></trkpt><trkpt lat="43.73102" lon="3.62481"><ele>310.5</ele></trkpt><trkpt lat="43.73107" lon="3.62391"><ele>307.9</ele></trkpt><trkpt lat="43.73126" lon="3.62271"><ele>305.5</ele></trkpt><trkpt lat="43.73116" lon="3.62251"><ele>305.2</ele></trkpt><trkpt lat="43.73122" lon="3.62216"><ele>304.9</ele></trkpt><trkpt lat="43.73103" lon="3.62093"><ele>304</ele></trkpt><trkpt lat="43.73067" lon="3.62041"><ele>301.4</ele></trkpt><trkpt lat="43.73057" lon="3.62001"><ele>300.9</ele></trkpt><trkpt lat="43.73086" lon="3.61905"><ele>298.8</ele></trkpt><trkpt lat="43.73049" lon="3.6176"><ele>296.7</ele></trkpt><trkpt lat="43.73001" lon="3.61542"><ele>295.6</ele></trkpt><trkpt lat="43.72978" lon="3.61291"><ele>284.3</ele></trkpt><trkpt lat="43.72957" lon="3.61261"><ele>280.9</ele></trkpt><trkpt lat="43.72912" lon="3.61236"><ele>276.7</ele></trkpt><trkpt lat="43.72885" lon="3.61228"><ele>274.3</ele></trkpt><trkpt lat="43.72845" lon="3.61188"><ele>267.8</ele></trkpt><trkpt lat="43.72805" lon="3.61181"><ele>263.5</ele></trkpt><trkpt lat="43.72788" lon="3.61172"><ele>259.9</ele></trkpt><trkpt lat="43.72817" lon="3.61112"><ele>253</ele></trkpt><trkpt lat="43.72853" lon="3.61056"><ele>246.8</ele></trkpt><trkpt lat="43.7288" lon="3.61005"><ele>242.2</ele></trkpt><trkpt lat="43.72873" lon="3.60983"><ele>240.2</ele></trkpt><trkpt lat="43.72816" lon="3.60952"><ele>234.7</ele></trkpt><trkpt lat="43.72612" lon="3.61035"><ele>216.9</ele></trkpt><trkpt lat="43.72555" lon="3.61082"><ele>213.8</ele></trkpt><trkpt lat="43.72499" lon="3.61156"><ele>210.5</ele></trkpt><trkpt lat="43.7245" lon="3.61243"><ele>206.7</ele></trkpt><trkpt lat="43.72375" lon="3.61349"><ele>199.3</ele></trkpt><trkpt lat="43.72298" lon="3.6136"><ele>196.7</ele></trkpt><trkpt lat="43.72268" lon="3.61357"><ele>195.2</ele></trkpt><trkpt lat="43.72136" lon="3.61314"><ele>188.8</ele></trkpt><trkpt lat="43.72062" lon="3.6133"><ele>180.5</ele></trkpt><trkpt lat="43.72035" lon="3.61309"><ele>177.2</ele></trkpt><trkpt lat="43.72028" lon="3.61307"><ele>175.9</ele></trkpt><trkpt lat="43.72035" lon="3.61351"><ele>174.1</ele></trkpt><trkpt lat="43.71979" lon="3.61397"><ele>168.3</ele></trkpt><trkpt lat="43.71907" lon="3.61443"><ele>165.1</ele></trkpt><trkpt lat="43.71874" lon="3.61443"><ele>166.3</ele></trkpt><trkpt lat="43.71813" lon="3.61507"><ele>165.8</ele></trkpt><trkpt lat="43.7177" lon="3.61559"><ele>164.5</ele></trkpt><trkpt lat="43.71705" lon="3.61577"><ele>166.1</ele></trkpt><trkpt lat="43.71711" lon="3.61459"><ele>177.6</ele></trkpt><trkpt lat="43.71746" lon="3.61371"><ele>184.8</ele></trkpt><trkpt lat="43.71781" lon="3.61321"><ele>191</ele></trkpt><trkpt lat="43.71871" lon="3.61205"><ele>193.4</ele></trkpt><trkpt lat="43.71934" lon="3.61108"><ele>184.6</ele></trkpt><trkpt lat="43.71953" lon="3.61064"><ele>184.3</ele></trkpt><trkpt lat="43.72003" lon="3.61008"><ele>182.1</ele></trkpt><trkpt lat="43.72005" lon="3.60902"><ele>189.2</ele></trkpt><trkpt lat="43.71931" lon="3.60852"><ele>193.1</ele></trkpt><trkpt lat="43.71988" lon="3.60799"><ele>195.5</ele></trkpt><trkpt lat="43.72" lon="3.60782"><ele>195</ele></trkpt><trkpt lat="43.7206" lon="3.6064"><ele>193.8</ele></trkpt><trkpt lat="43.72105" lon="3.6061"><ele>194</ele></trkpt><trkpt lat="43.72121" lon="3.60591"><ele>195.1</ele></trkpt><trkpt lat="43.72175" lon="3.6055"><ele>198.4</ele></trkpt><trkpt lat="43.72171" lon="3.60501"><ele>199.3</ele></trkpt><trkpt lat="43.72142" lon="3.60444"><ele>201.1</ele></trkpt><trkpt lat="43.72135" lon="3.60405"><ele>202.3</ele></trkpt><trkpt lat="43.7215" lon="3.60319"><ele>207.2</ele></trkpt><trkpt lat="43.72138" lon="3.60295"><ele>207.9</ele></trkpt><trkpt lat="43.72134" lon="3.60263"><ele>209.3</ele></trkpt><trkpt lat="43.72124" lon="3.60236"><ele>210.4</ele></trkpt><trkpt lat="43.72119" lon="3.60192"><ele>211.1</ele></trkpt><trkpt lat="43.72075" lon="3.60153"><ele>205.7</ele></trkpt><trkpt lat="43.72032" lon="3.60125"><ele>202.1</ele></trkpt><trkpt lat="43.71981" lon="3.60129"><ele>199</ele></trkpt><trkpt lat="43.7191" lon="3.60117"><ele>201.2</ele></trkpt><trkpt lat="43.71889" lon="3.60123"><ele>202.8</ele></trkpt><trkpt lat="43.71865" lon="3.60144"><ele>201</ele></trkpt><trkpt lat="43.71846" lon="3.60143"><ele>202.5</ele></trkpt><trkpt lat="43.71839" lon="3.60153"><ele>201.6</ele></trkpt><trkpt lat="43.7179" lon="3.6018"><ele>201.7</ele></trkpt><trkpt lat="43.71772" lon="3.60181"><ele>202.5</ele></trkpt><trkpt lat="43.71747" lon="3.60217"><ele>200.3</ele></trkpt><trkpt lat="43.71715" lon="3.60204"><ele>199.7</ele></trkpt><trkpt lat="43.71702" lon="3.60204"><ele>198.6</ele></trkpt><trkpt lat="43.71603" lon="3.60232"><ele>190.1</ele></trkpt><trkpt lat="43.71548" lon="3.60239"><ele>186.5</ele></trkpt><trkpt lat="43.71502" lon="3.60225"><ele>184</ele></trkpt><trkpt lat="43.71477" lon="3.60198"><ele>181.7</ele></trkpt><trkpt lat="43.71457" lon="3.60183"><ele>180.9</ele></trkpt><trkpt lat="43.71442" lon="3.60184"><ele>180.4</ele></trkpt><trkpt lat="43.7143" lon="3.60172"><ele>180.5</ele></trkpt><trkpt lat="43.71423" lon="3.6014"><ele>178.5</ele></trkpt><trkpt lat="43.71399" lon="3.60094"><ele>170.7</ele></trkpt><trkpt lat="43.71434" lon="3.60045"><ele>164.7</ele></trkpt><trkpt lat="43.7141" lon="3.60015"><ele>158.3</ele></trkpt><trkpt lat="43.71432" lon="3.59973"><ele>153.2</ele></trkpt><trkpt lat="43.71414" lon="3.59939"><ele>147.4</ele></trkpt><trkpt lat="43.71431" lon="3.59882"><ele>144.5</ele></trkpt><trkpt lat="43.71433" lon="3.59791"><ele>138.4</ele></trkpt><trkpt lat="43.71449" lon="3.59613"><ele>125</ele></trkpt><trkpt lat="43.71451" lon="3.59552"><ele>119.7</ele></trkpt><trkpt lat="43.71467" lon="3.59494"><ele>115.7</ele></trkpt><trkpt lat="43.71461" lon="3.59455"><ele>118.2</ele></trkpt><trkpt lat="43.71412" lon="3.59356"><ele>131.2</ele></trkpt><trkpt lat="43.71423" lon="3.59284"><ele>139.6</ele></trkpt><trkpt lat="43.7144" lon="3.59244"><ele>142.8</ele></trkpt><trkpt lat="43.71476" lon="3.59213"><ele>142.9</ele></trkpt><trkpt lat="43.71519" lon="3.59147"><ele>136.7</ele></trkpt><trkpt lat="43.71533" lon="3.59108"><ele>132.1</ele></trkpt><trkpt lat="43.71415" lon="3.59111"><ele>121.9</ele></trkpt><trkpt lat="43.71402" lon="3.59035"><ele>130.1</ele></trkpt><trkpt lat="43.71372" lon="3.58962"><ele>130</ele></trkpt><trkpt lat="43.71286" lon="3.58847"><ele>126.1</ele></trkpt><trkpt lat="43.71182" lon="3.58688"><ele>109.4</ele></trkpt><trkpt lat="43.71188" lon="3.58574"><ele>109.4</ele></trkpt><trkpt lat="43.71179" lon="3.58498"><ele>109.9</ele></trkpt><trkpt lat="43.71151" lon="3.58379"><ele>113.2</ele></trkpt><trkpt lat="43.71138" lon="3.58293"><ele>115.4</ele></trkpt><trkpt lat="43.711" lon="3.58155"><ele>116.1</ele></trkpt><trkpt lat="43.71035" lon="3.57957"><ele>112.4</ele></trkpt><trkpt lat="43.70978" lon="3.57885"><ele>104.9</ele></trkpt><trkpt lat="43.70938" lon="3.5781"><ele>102.9</ele></trkpt><trkpt lat="43.70892" lon="3.5769"><ele>101.3</ele></trkpt><trkpt lat="43.70858" lon="3.57573"><ele>102.1</ele></trkpt><trkpt lat="43.70861" lon="3.57537"><ele>103.7</ele></trkpt><trkpt lat="43.70847" lon="3.57492"><ele>101.6</ele></trkpt><trkpt lat="43.70852" lon="3.57442"><ele>97.9</ele></trkpt><trkpt lat="43.70844" lon="3.57378"><ele>94.9</ele></trkpt><trkpt lat="43.70848" lon="3.5725"><ele>97.1</ele></trkpt><trkpt lat="43.70847" lon="3.57075"><ele>100.2</ele></trkpt><trkpt lat="43.70771" lon="3.56875"><ele>95.8</ele></trkpt><trkpt lat="43.70761" lon="3.56743"><ele>95.4</ele></trkpt><trkpt lat="43.70753" lon="3.56723"><ele>95.4</ele></trkpt><trkpt lat="43.70753" lon="3.56689"><ele>95.4</ele></trkpt><trkpt lat="43.70728" lon="3.56612"><ele>93.8</ele></trkpt><trkpt lat="43.707" lon="3.56493"><ele>90.4</ele></trkpt><trkpt lat="43.70677" lon="3.5637"><ele>88.2</ele></trkpt><trkpt lat="43.70675" lon="3.5617"><ele>75.7</ele></trkpt><trkpt lat="43.70688" lon="3.56134"><ele>75</ele></trkpt><trkpt lat="43.707" lon="3.56081"><ele>75.8</ele></trkpt><trkpt lat="43.70703" lon="3.56049"><ele>74.7</ele></trkpt><trkpt lat="43.70694" lon="3.56033"><ele>71.1</ele></trkpt><trkpt lat="43.70707" lon="3.55987"><ele>69.9</ele></trkpt><trkpt lat="43.70719" lon="3.55921"><ele>65.5</ele></trkpt><trkpt lat="43.70722" lon="3.55881"><ele>63.3</ele></trkpt><trkpt lat="43.70767" lon="3.55786"><ele>57.8</ele></trkpt><trkpt lat="43.70755" lon="3.55719"><ele>47.7</ele></trkpt><trkpt lat="43.70716" lon="3.55618"><ele>63.4</ele></trkpt><trkpt lat="43.7062" lon="3.55548"><ele>69.3</ele></trkpt><trkpt lat="43.70597" lon="3.55535"><ele>74.2</ele></trkpt><trkpt lat="43.70537" lon="3.55531"><ele>79.5</ele></trkpt><trkpt lat="43.70437" lon="3.5544"><ele>86.7</ele></trkpt><trkpt lat="43.70359" lon="3.5536"><ele>89.1</ele></trkpt><trkpt lat="43.70238" lon="3.55266"><ele>92.5</ele></trkpt><trkpt lat="43.70205" lon="3.55168"><ele>98.2</ele></trkpt><trkpt lat="43.70217" lon="3.55187"><ele>96.8</ele></trkpt><trkpt lat="43.70148" lon="3.55019"><ele>101.2</ele></trkpt><trkpt lat="43.70139" lon="3.54945"><ele>103</ele></trkpt><trkpt lat="43.70143" lon="3.54893"><ele>104.7</ele></trkpt><trkpt lat="43.70161" lon="3.5482"><ele>107.2</ele></trkpt><trkpt lat="43.70168" lon="3.54748"><ele>109.2</ele></trkpt><trkpt lat="43.70164" lon="3.5466"><ele>112.4</ele></trkpt><trkpt lat="43.7015" lon="3.54531"><ele>119.8</ele></trkpt><trkpt lat="43.70172" lon="3.54443"><ele>124.2</ele></trkpt><trkpt lat="43.70159" lon="3.54341"><ele>129</ele></trkpt><trkpt lat="43.70158" lon="3.54167"><ele>133.4</ele></trkpt><trkpt lat="43.70213" lon="3.54165"><ele>138</ele></trkpt><trkpt lat="43.70271" lon="3.54088"><ele>141.9</ele></trkpt><trkpt lat="43.70303" lon="3.53996"><ele>145.6</ele></trkpt><trkpt lat="43.70319" lon="3.53857"><ele>151.3</ele></trkpt><trkpt lat="43.70337" lon="3.53814"><ele>154.7</ele></trkpt><trkpt lat="43.70292" lon="3.53745"><ele>156.6</ele></trkpt><trkpt lat="43.70252" lon="3.53508"><ele>165.1</ele></trkpt><trkpt lat="43.70244" lon="3.53439"><ele>166.9</ele></trkpt><trkpt lat="43.70259" lon="3.53423"><ele>170</ele></trkpt><trkpt lat="43.70255" lon="3.53454"><ele>170.2</ele></trkpt><trkpt lat="43.70273" lon="3.53503"><ele>172.1</ele></trkpt><trkpt lat="43.70288" lon="3.53531"><ele>174.5</ele></trkpt><trkpt lat="43.70329" lon="3.53668"><ele>177.3</ele></trkpt><trkpt lat="43.70358" lon="3.53694"><ele>180.4</ele></trkpt><trkpt lat="43.70394" lon="3.53701"><ele>185</ele></trkpt><trkpt lat="43.70405" lon="3.53727"><ele>184.1</ele></trkpt><trkpt lat="43.70432" lon="3.53752"><ele>186.3</ele></trkpt><trkpt lat="43.7048" lon="3.53752"><ele>193.5</ele></trkpt><trkpt lat="43.70474" lon="3.53849"><ele>195.3</ele></trkpt><trkpt lat="43.70484" lon="3.53942"><ele>198.4</ele></trkpt><trkpt lat="43.70542" lon="3.54063"><ele>208.3</ele></trkpt><trkpt lat="43.70572" lon="3.54143"><ele>213.2</ele></trkpt><trkpt lat="43.70622" lon="3.5418"><ele>217.5</ele></trkpt><trkpt lat="43.70682" lon="3.54176"><ele>223.4</ele></trkpt><trkpt lat="43.70769" lon="3.54154"><ele>227.5</ele></trkpt><trkpt lat="43.70672" lon="3.54107"><ele>237</ele></trkpt><trkpt lat="43.70651" lon="3.5404"><ele>241.3</ele></trkpt><trkpt lat="43.70628" lon="3.53893"><ele>251.1</ele></trkpt><trkpt lat="43.70646" lon="3.53803"><ele>258.5</ele></trkpt><trkpt lat="43.70679" lon="3.53709"><ele>264.6</ele></trkpt><trkpt lat="43.70699" lon="3.53673"><ele>268.4</ele></trkpt><trkpt lat="43.70723" lon="3.53639"><ele>271.1</ele></trkpt><trkpt lat="43.70758" lon="3.5364"><ele>275.5</ele></trkpt><trkpt lat="43.70788" lon="3.53661"><ele>280.3</ele></trkpt><trkpt lat="43.70756" lon="3.53686"><ele>281.1</ele></trkpt><trkpt lat="43.70749" lon="3.53729"><ele>283.3</ele></trkpt><trkpt lat="43.70774" lon="3.53804"><ele>291.3</ele></trkpt><trkpt lat="43.70786" lon="3.53831"><ele>292.3</ele></trkpt><trkpt lat="43.70922" lon="3.53812"><ele>298</ele></trkpt><trkpt lat="43.7103" lon="3.53802"><ele>309.2</ele></trkpt><trkpt lat="43.71139" lon="3.53784"><ele>316</ele></trkpt><trkpt lat="43.71383" lon="3.53752"><ele>336.2</ele></trkpt><trkpt lat="43.71485" lon="3.53732"><ele>345.6</ele></trkpt><trkpt lat="43.71569" lon="3.5373"><ele>348.1</ele></trkpt><trkpt lat="43.71654" lon="3.5375"><ele>349</ele></trkpt><trkpt lat="43.71722" lon="3.53752"><ele>349</ele></trkpt><trkpt lat="43.71856" lon="3.53719"><ele>346.7</ele></trkpt><trkpt lat="43.71972" lon="3.53701"><ele>348.2</ele></trkpt><trkpt lat="43.72083" lon="3.53658"><ele>346</ele></trkpt><trkpt lat="43.72101" lon="3.53597"><ele>346.3</ele></trkpt><trkpt lat="43.7219" lon="3.53513"><ele>352.2</ele></trkpt><trkpt lat="43.72238" lon="3.53437"><ele>358.1</ele></trkpt><trkpt lat="43.72232" lon="3.53388"><ele>361.7</ele></trkpt><trkpt lat="43.72228" lon="3.53283"><ele>367.7</ele></trkpt><trkpt lat="43.72218" lon="3.5322"><ele>369</ele></trkpt><trkpt lat="43.7226" lon="3.53261"><ele>374.6</ele></trkpt><trkpt lat="43.72288" lon="3.53303"><ele>376.5</ele></trkpt><trkpt lat="43.72314" lon="3.53327"><ele>377.6</ele></trkpt><trkpt lat="43.72351" lon="3.53314"><ele>381.9</ele></trkpt><trkpt lat="43.724" lon="3.5331"><ele>382.1</ele></trkpt><trkpt lat="43.72366" lon="3.53287"><ele>386.9</ele></trkpt><trkpt lat="43.72348" lon="3.53264"><ele>388.8</ele></trkpt><trkpt lat="43.72325" lon="3.53152"><ele>394.8</ele></trkpt><trkpt lat="43.7233" lon="3.53085"><ele>397.7</ele></trkpt><trkpt lat="43.72392" lon="3.5293"><ele>411.5</ele></trkpt><trkpt lat="43.7241" lon="3.5292"><ele>414.9</ele></trkpt><trkpt lat="43.72388" lon="3.52992"><ele>413.2</ele></trkpt><trkpt lat="43.72388" lon="3.53047"><ele>414.8</ele></trkpt><trkpt lat="43.724" lon="3.5307"><ele>416.3</ele></trkpt><trkpt lat="43.72447" lon="3.5309"><ele>420.1</ele></trkpt><trkpt lat="43.72428" lon="3.53039"><ele>422.7</ele></trkpt><trkpt lat="43.72461" lon="3.52972"><ele>428.8</ele></trkpt><trkpt lat="43.72475" lon="3.52933"><ele>433.4</ele></trkpt><trkpt lat="43.72496" lon="3.53004"><ele>435.5</ele></trkpt><trkpt lat="43.72504" lon="3.52872"><ele>442.5</ele></trkpt><trkpt lat="43.7253" lon="3.52776"><ele>451.7</ele></trkpt><trkpt lat="43.72526" lon="3.52732"><ele>453.7</ele></trkpt><trkpt lat="43.72533" lon="3.52663"><ele>455.7</ele></trkpt><trkpt lat="43.72619" lon="3.52554"><ele>471.3</ele></trkpt><trkpt lat="43.72654" lon="3.52486"><ele>473.9</ele></trkpt><trkpt lat="43.72698" lon="3.52428"><ele>483.6</ele></trkpt><trkpt lat="43.72751" lon="3.524"><ele>490</ele></trkpt><trkpt lat="43.72789" lon="3.5234"><ele>485.8</ele></trkpt><trkpt lat="43.72802" lon="3.52314"><ele>487.8</ele></trkpt><trkpt lat="43.72827" lon="3.52276"><ele>489</ele></trkpt><trkpt lat="43.72853" lon="3.52247"><ele>491.2</ele></trkpt><trkpt lat="43.72898" lon="3.52222"><ele>492.4</ele></trkpt><trkpt lat="43.72911" lon="3.52236"><ele>492.4</ele></trkpt><trkpt lat="43.72876" lon="3.52337"><ele>488.6</ele></trkpt><trkpt lat="43.72881" lon="3.52368"><ele>490.4</ele></trkpt><trkpt lat="43.7297" lon="3.52378"><ele>500.9</ele></trkpt><trkpt lat="43.72975" lon="3.52394"><ele>499.5</ele></trkpt><trkpt lat="43.72947" lon="3.52433"><ele>498.6</ele></trkpt><trkpt lat="43.72937" lon="3.52471"><ele>499.9</ele></trkpt><trkpt lat="43.72935" lon="3.52558"><ele>506.9</ele></trkpt><trkpt lat="43.72944" lon="3.52583"><ele>509.9</ele></trkpt><trkpt lat="43.72981" lon="3.52585"><ele>511.9</ele></trkpt><trkpt lat="43.73026" lon="3.52575"><ele>518.3</ele></trkpt><trkpt lat="43.73074" lon="3.52589"><ele>524</ele></trkpt><trkpt lat="43.73104" lon="3.52629"><ele>527.3</ele></trkpt><trkpt lat="43.73161" lon="3.52675"><ele>532.7</ele></trkpt><trkpt lat="43.73253" lon="3.52724"><ele>543.9</ele></trkpt><trkpt lat="43.73313" lon="3.52526"><ele>554.4</ele></trkpt><trkpt lat="43.73482" lon="3.52281"><ele>551.5</ele></trkpt><trkpt lat="43.73508" lon="3.52211"><ele>546.3</ele></trkpt><trkpt lat="43.73544" lon="3.52178"><ele>539.8</ele></trkpt><trkpt lat="43.73516" lon="3.52107"><ele>540.3</ele></trkpt><trkpt lat="43.73504" lon="3.52063"><ele>539.8</ele></trkpt><trkpt lat="43.73525" lon="3.52025"><ele>531.7</ele></trkpt><trkpt lat="43.73551" lon="3.51869"><ele>523.3</ele></trkpt><trkpt lat="43.73578" lon="3.51748"><ele>512.1</ele></trkpt><trkpt lat="43.73532" lon="3.51779"><ele>519.8</ele></trkpt><trkpt lat="43.7353" lon="3.51732"><ele>518.3</ele></trkpt><trkpt lat="43.73517" lon="3.51659"><ele>509.5</ele></trkpt><trkpt lat="43.73492" lon="3.51619"><ele>506.1</ele></trkpt><trkpt lat="43.73526" lon="3.51558"><ele>496.8</ele></trkpt><trkpt lat="43.73553" lon="3.51495"><ele>488.9</ele></trkpt><trkpt lat="43.73558" lon="3.51467"><ele>488.1</ele></trkpt><trkpt lat="43.73601" lon="3.51393"><ele>474.4</ele></trkpt><trkpt lat="43.73601" lon="3.51299"><ele>467.3</ele></trkpt><trkpt lat="43.73651" lon="3.51239"><ele>459.6</ele></trkpt><trkpt lat="43.73675" lon="3.51172"><ele>460.1</ele></trkpt><trkpt lat="43.73697" lon="3.51146"><ele>455.8</ele></trkpt><trkpt lat="43.73699" lon="3.51101"><ele>453.6</ele></trkpt><trkpt lat="43.73759" lon="3.50961"><ele>443.3</ele></trkpt><trkpt lat="43.738" lon="3.50941"><ele>435</ele></trkpt><trkpt lat="43.73837" lon="3.50896"><ele>431.7</ele></trkpt><trkpt lat="43.73851" lon="3.50856"><ele>430.7</ele></trkpt><trkpt lat="43.73885" lon="3.50868"><ele>428.4</ele></trkpt><trkpt lat="43.73976" lon="3.50835"><ele>429.9</ele></trkpt><trkpt lat="43.74019" lon="3.50768"><ele>429.7</ele></trkpt><trkpt lat="43.74061" lon="3.50694"><ele>431.9</ele></trkpt><trkpt lat="43.74044" lon="3.50784"><ele>426</ele></trkpt><trkpt lat="43.74017" lon="3.50874"><ele>422.7</ele></trkpt><trkpt lat="43.7398" lon="3.50913"><ele>419.7</ele></trkpt><trkpt lat="43.7397" lon="3.50962"><ele>418.6</ele></trkpt><trkpt lat="43.73922" lon="3.51003"><ele>414.7</ele></trkpt><trkpt lat="43.73902" lon="3.51054"><ele>411.9</ele></trkpt><trkpt lat="43.73914" lon="3.51087"><ele>409.9</ele></trkpt><trkpt lat="43.73951" lon="3.51113"><ele>407.8</ele></trkpt><trkpt lat="43.73989" lon="3.51131"><ele>403.3</ele></trkpt><trkpt lat="43.74011" lon="3.51102"><ele>404.5</ele></trkpt><trkpt lat="43.7403" lon="3.51109"><ele>400.2</ele></trkpt><trkpt lat="43.74053" lon="3.51157"><ele>394</ele></trkpt><trkpt lat="43.74111" lon="3.51148"><ele>394</ele></trkpt><trkpt lat="43.74136" lon="3.51184"><ele>387.5</ele></trkpt><trkpt lat="43.74161" lon="3.51184"><ele>387.5</ele></trkpt><trkpt lat="43.74193" lon="3.51204"><ele>380.9</ele></trkpt><trkpt lat="43.74256" lon="3.51154"><ele>377</ele></trkpt><trkpt lat="43.74286" lon="3.51068"><ele>373.5</ele></trkpt><trkpt lat="43.74308" lon="3.51022"><ele>372</ele></trkpt><trkpt lat="43.7433" lon="3.51117"><ele>367.3</ele></trkpt><trkpt lat="43.74317" lon="3.51132"><ele>366.7</ele></trkpt><trkpt lat="43.74288" lon="3.51216"><ele>362.3</ele></trkpt><trkpt lat="43.74253" lon="3.51242"><ele>359.7</ele></trkpt><trkpt lat="43.7422" lon="3.51307"><ele>351.2</ele></trkpt><trkpt lat="43.74208" lon="3.51358"><ele>350.4</ele></trkpt><trkpt lat="43.74212" lon="3.51452"><ele>343.3</ele></trkpt><trkpt lat="43.74186" lon="3.51494"><ele>336.8</ele></trkpt><trkpt lat="43.74182" lon="3.5153"><ele>332.6</ele></trkpt><trkpt lat="43.74203" lon="3.51554"><ele>327.7</ele></trkpt><trkpt lat="43.74257" lon="3.51587"><ele>330.2</ele></trkpt><trkpt lat="43.74279" lon="3.51593"><ele>331.9</ele></trkpt><trkpt lat="43.743" lon="3.51614"><ele>333</ele></trkpt><trkpt lat="43.74322" lon="3.51615"><ele>335.3</ele></trkpt><trkpt lat="43.74339" lon="3.51637"><ele>336.7</ele></trkpt><trkpt lat="43.74368" lon="3.51656"><ele>341.7</ele></trkpt><trkpt lat="43.74412" lon="3.51665"><ele>343.3</ele></trkpt><trkpt lat="43.74436" lon="3.51683"><ele>345.2</ele></trkpt><trkpt lat="43.74463" lon="3.51683"><ele>347</ele></trkpt><trkpt lat="43.74503" lon="3.51697"><ele>349.6</ele></trkpt><trkpt lat="43.74547" lon="3.51699"><ele>354.4</ele></trkpt><trkpt lat="43.74593" lon="3.51687"><ele>364</ele></trkpt><trkpt lat="43.74621" lon="3.51716"><ele>371.7</ele></trkpt><trkpt lat="43.7472" lon="3.51792"><ele>368.4</ele></trkpt><trkpt lat="43.74761" lon="3.5184"><ele>371.7</ele></trkpt><trkpt lat="43.74791" lon="3.5185"><ele>370.8</ele></trkpt><trkpt lat="43.74827" lon="3.51894"><ele>374.7</ele></trkpt><trkpt lat="43.74849" lon="3.51931"><ele>379.3</ele></trkpt><trkpt lat="43.74865" lon="3.51968"><ele>378.4</ele></trkpt><trkpt lat="43.74857" lon="3.52022"><ele>385</ele></trkpt><trkpt lat="43.74863" lon="3.52038"><ele>385.4</ele></trkpt><trkpt lat="43.74862" lon="3.52073"><ele>388.2</ele></trkpt><trkpt lat="43.74837" lon="3.5209"><ele>392.6</ele></trkpt><trkpt lat="43.74851" lon="3.52214"><ele>395.9</ele></trkpt><trkpt lat="43.74872" lon="3.52232"><ele>397.6</ele></trkpt><trkpt lat="43.7487" lon="3.5228"><ele>399.7</ele></trkpt><trkpt lat="43.74851" lon="3.52329"><ele>400.3</ele></trkpt><trkpt lat="43.74835" lon="3.52388"><ele>399.4</ele></trkpt><trkpt lat="43.74839" lon="3.52425"><ele>402.8</ele></trkpt><trkpt lat="43.7488" lon="3.52436"><ele>403.2</ele></trkpt><trkpt lat="43.74919" lon="3.52461"><ele>405.5</ele></trkpt><trkpt lat="43.74933" lon="3.52485"><ele>406.5</ele></trkpt><trkpt lat="43.74954" lon="3.52498"><ele>405</ele></trkpt><trkpt lat="43.74996" lon="3.5261"><ele>407.1</ele></trkpt><trkpt lat="43.75022" lon="3.52641"><ele>409.6</ele></trkpt><trkpt lat="43.75066" lon="3.52654"><ele>412</ele></trkpt><trkpt lat="43.75032" lon="3.52714"><ele>413.1</ele></trkpt><trkpt lat="43.75016" lon="3.52757"><ele>415.7</ele></trkpt><trkpt lat="43.74984" lon="3.5275"><ele>415.8</ele></trkpt><trkpt lat="43.74953" lon="3.52789"><ele>418.7</ele></trkpt><trkpt lat="43.74934" lon="3.52828"><ele>423.6</ele></trkpt><trkpt lat="43.74951" lon="3.52957"><ele>432.8</ele></trkpt><trkpt lat="43.74948" lon="3.53015"><ele>441.4</ele></trkpt><trkpt lat="43.74896" lon="3.5311"><ele>439.7</ele></trkpt><trkpt lat="43.74866" lon="3.53131"><ele>443.2</ele></trkpt><trkpt lat="43.74827" lon="3.53144"><ele>445.1</ele></trkpt><trkpt lat="43.74798" lon="3.53174"><ele>449</ele></trkpt><trkpt lat="43.74716" lon="3.53146"><ele>455.8</ele></trkpt><trkpt lat="43.74679" lon="3.53138"><ele>460.3</ele></trkpt><trkpt lat="43.74651" lon="3.53079"><ele>464.9</ele></trkpt><trkpt lat="43.74635" lon="3.53193"><ele>473.1</ele></trkpt><trkpt lat="43.74648" lon="3.53231"><ele>476.9</ele></trkpt><trkpt lat="43.74647" lon="3.53306"><ele>487</ele></trkpt><trkpt lat="43.74678" lon="3.53312"><ele>483.5</ele></trkpt><trkpt lat="43.74718" lon="3.53292"><ele>481.4</ele></trkpt><trkpt lat="43.7476" lon="3.53294"><ele>482.2</ele></trkpt><trkpt lat="43.74807" lon="3.53324"><ele>484.1</ele></trkpt><trkpt lat="43.7487" lon="3.53291"><ele>482.6</ele></trkpt><trkpt lat="43.74908" lon="3.53243"><ele>476.7</ele></trkpt><trkpt lat="43.74965" lon="3.533"><ele>487.1</ele></trkpt><trkpt lat="43.74982" lon="3.53288"><ele>481.7</ele></trkpt><trkpt lat="43.7502" lon="3.53352"><ele>486.2</ele></trkpt><trkpt lat="43.75074" lon="3.53328"><ele>481.7</ele></trkpt><trkpt lat="43.75093" lon="3.53351"><ele>487.7</ele></trkpt><trkpt lat="43.75112" lon="3.5334"><ele>484</ele></trkpt><trkpt lat="43.75126" lon="3.53313"><ele>480.5</ele></trkpt><trkpt lat="43.75149" lon="3.53313"><ele>484.2</ele></trkpt><trkpt lat="43.75157" lon="3.53303"><ele>483.7</ele></trkpt><trkpt lat="43.75166" lon="3.5328"><ele>483.9</ele></trkpt><trkpt lat="43.75189" lon="3.5329"><ele>482.4</ele></trkpt><trkpt lat="43.75189" lon="3.53376"><ele>484.5</ele></trkpt><trkpt lat="43.75197" lon="3.53408"><ele>486.4</ele></trkpt><trkpt lat="43.75218" lon="3.53429"><ele>483.7</ele></trkpt><trkpt lat="43.75226" lon="3.53443"><ele>484.8</ele></trkpt><trkpt lat="43.75247" lon="3.5342"><ele>482.2</ele></trkpt><trkpt lat="43.75261" lon="3.53397"><ele>482.4</ele></trkpt><trkpt lat="43.75323" lon="3.53366"><ele>482.2</ele></trkpt><trkpt lat="43.75334" lon="3.53323"><ele>480</ele></trkpt><trkpt lat="43.75355" lon="3.53317"><ele>484.1</ele></trkpt><trkpt lat="43.7538" lon="3.53328"><ele>485.1</ele></trkpt><trkpt lat="43.75403" lon="3.53309"><ele>484.3</ele></trkpt><trkpt lat="43.75412" lon="3.53256"><ele>482</ele></trkpt><trkpt lat="43.75434" lon="3.53254"><ele>483.9</ele></trkpt><trkpt lat="43.75452" lon="3.53338"><ele>497.5</ele></trkpt><trkpt lat="43.75479" lon="3.53355"><ele>493.6</ele></trkpt><trkpt lat="43.75495" lon="3.53433"><ele>494.1</ele></trkpt><trkpt lat="43.75515" lon="3.53458"><ele>492.3</ele></trkpt><trkpt lat="43.7552" lon="3.53476"><ele>493.3</ele></trkpt><trkpt lat="43.75543" lon="3.53493"><ele>496.3</ele></trkpt><trkpt lat="43.75555" lon="3.53465"><ele>494.4</ele></trkpt><trkpt lat="43.75561" lon="3.53439"><ele>495.4</ele></trkpt><trkpt lat="43.75565" lon="3.53388"><ele>494.7</ele></trkpt><trkpt lat="43.75585" lon="3.53352"><ele>496.4</ele></trkpt><trkpt lat="43.75611" lon="3.53339"><ele>500.6</ele></trkpt><trkpt lat="43.7564" lon="3.53312"><ele>500.5</ele></trkpt><trkpt lat="43.75661" lon="3.53313"><ele>501.7</ele></trkpt><trkpt lat="43.75652" lon="3.53403"><ele>502.9</ele></trkpt><trkpt lat="43.75682" lon="3.5343"><ele>503.1</ele></trkpt><trkpt lat="43.75723" lon="3.5342"><ele>499.8</ele></trkpt><trkpt lat="43.75737" lon="3.53357"><ele>499.8</ele></trkpt><trkpt lat="43.7576" lon="3.53333"><ele>501.7</ele></trkpt><trkpt lat="43.75777" lon="3.53342"><ele>503.6</ele></trkpt><trkpt lat="43.75803" lon="3.53406"><ele>508.1</ele></trkpt><trkpt lat="43.75834" lon="3.53453"><ele>509.7</ele></trkpt><trkpt lat="43.7584" lon="3.53503"><ele>513.5</ele></trkpt><trkpt lat="43.75856" lon="3.53518"><ele>511</ele></trkpt><trkpt lat="43.75888" lon="3.5351"><ele>508.7</ele></trkpt><trkpt lat="43.75903" lon="3.53519"><ele>504.9</ele></trkpt><trkpt lat="43.75906" lon="3.53539"><ele>503.5</ele></trkpt><trkpt lat="43.75877" lon="3.53593"><ele>505.5</ele></trkpt><trkpt lat="43.75871" lon="3.53599"><ele>506.8</ele></trkpt><trkpt lat="43.75862" lon="3.53649"><ele>502.5</ele></trkpt><trkpt lat="43.75864" lon="3.53672"><ele>502.8</ele></trkpt><trkpt lat="43.75876" lon="3.53702"><ele>505.2</ele></trkpt><trkpt lat="43.759" lon="3.5369"><ele>501.1</ele></trkpt><trkpt lat="43.7597" lon="3.53633"><ele>506.1</ele></trkpt><trkpt lat="43.75987" lon="3.53603"><ele>506.9</ele></trkpt><trkpt lat="43.75998" lon="3.53592"><ele>508.9</ele></trkpt><trkpt lat="43.76015" lon="3.53548"><ele>508.2</ele></trkpt><trkpt lat="43.76035" lon="3.53541"><ele>510.5</ele></trkpt><trkpt lat="43.7609" lon="3.53475"><ele>506.9</ele></trkpt><trkpt lat="43.76115" lon="3.53453"><ele>505.4</ele></trkpt><trkpt lat="43.76166" lon="3.53425"><ele>498.5</ele></trkpt><trkpt lat="43.76221" lon="3.53423"><ele>492.4</ele></trkpt><trkpt lat="43.7623" lon="3.5342"><ele>491.8</ele></trkpt><trkpt lat="43.76251" lon="3.53429"><ele>489.1</ele></trkpt><trkpt lat="43.7627" lon="3.53484"><ele>484.7</ele></trkpt><trkpt lat="43.76279" lon="3.53539"><ele>480.9</ele></trkpt><trkpt lat="43.76256" lon="3.5357"><ele>487.3</ele></trkpt><trkpt lat="43.76283" lon="3.53567"><ele>483.4</ele></trkpt><trkpt lat="43.7632" lon="3.53521"><ele>472.9</ele></trkpt><trkpt lat="43.76347" lon="3.53511"><ele>470.2</ele></trkpt><trkpt lat="43.76372" lon="3.53513"><ele>468</ele></trkpt><trkpt lat="43.76414" lon="3.53504"><ele>466</ele></trkpt><trkpt lat="43.76449" lon="3.5346"><ele>465.3</ele></trkpt><trkpt lat="43.76466" lon="3.53407"><ele>467.6</ele></trkpt><trkpt lat="43.7646" lon="3.53354"><ele>468.1</ele></trkpt><trkpt lat="43.76476" lon="3.53323"><ele>467.5</ele></trkpt><trkpt lat="43.76502" lon="3.53311"><ele>466.3</ele></trkpt><trkpt lat="43.76545" lon="3.53307"><ele>468.3</ele></trkpt><trkpt lat="43.76568" lon="3.53285"><ele>469.1</ele></trkpt><trkpt lat="43.76568" lon="3.53226"><ele>467</ele></trkpt><trkpt lat="43.76581" lon="3.53188"><ele>467.3</ele></trkpt><trkpt lat="43.76593" lon="3.53175"><ele>467.3</ele></trkpt><trkpt lat="43.76605" lon="3.53138"><ele>466</ele></trkpt><trkpt lat="43.76606" lon="3.5312"><ele>466</ele></trkpt><trkpt lat="43.76598" lon="3.53093"><ele>466.3</ele></trkpt><trkpt lat="43.76579" lon="3.53053"><ele>467.5</ele></trkpt><trkpt lat="43.76591" lon="3.53038"><ele>468.7</ele></trkpt><trkpt lat="43.76591" lon="3.53017"><ele>469.8</ele></trkpt><trkpt lat="43.76582" lon="3.53001"><ele>470</ele></trkpt><trkpt lat="43.76583" lon="3.52974"><ele>470.9</ele></trkpt><trkpt lat="43.76594" lon="3.52948"><ele>471.8</ele></trkpt><trkpt lat="43.76622" lon="3.52945"><ele>473.8</ele></trkpt><trkpt lat="43.76661" lon="3.52929"><ele>477</ele></trkpt><trkpt lat="43.76681" lon="3.52906"><ele>479.1</ele></trkpt><trkpt lat="43.76727" lon="3.52869"><ele>482.9</ele></trkpt><trkpt lat="43.76744" lon="3.52827"><ele>484.7</ele></trkpt><trkpt lat="43.76807" lon="3.52824"><ele>490.5</ele></trkpt><trkpt lat="43.7682" lon="3.52851"><ele>490.9</ele></trkpt><trkpt lat="43.76843" lon="3.52863"><ele>493</ele></trkpt><trkpt lat="43.76856" lon="3.52889"><ele>492.6</ele></trkpt><trkpt lat="43.76908" lon="3.52944"><ele>494.1</ele></trkpt><trkpt lat="43.76907" lon="3.5296"><ele>492.8</ele></trkpt><trkpt lat="43.76915" lon="3.5298"><ele>492.3</ele></trkpt><trkpt lat="43.76936" lon="3.52992"><ele>493.2</ele></trkpt><trkpt lat="43.76974" lon="3.53053"><ele>491.3</ele></trkpt><trkpt lat="43.76977" lon="3.53069"><ele>490.2</ele></trkpt><trkpt lat="43.77021" lon="3.53134"><ele>489.5</ele></trkpt><trkpt lat="43.77043" lon="3.53154"><ele>491.6</ele></trkpt><trkpt lat="43.77082" lon="3.53143"><ele>494.8</ele></trkpt><trkpt lat="43.77111" lon="3.53139"><ele>497</ele></trkpt><trkpt lat="43.77151" lon="3.5315"><ele>500.6</ele></trkpt><trkpt lat="43.77171" lon="3.53182"><ele>502.5</ele></trkpt><trkpt lat="43.77242" lon="3.53197"><ele>510.2</ele></trkpt><trkpt lat="43.77251" lon="3.5324"><ele>511.1</ele></trkpt><trkpt lat="43.7725" lon="3.53326"><ele>512</ele></trkpt><trkpt lat="43.77265" lon="3.53359"><ele>510.7</ele></trkpt><trkpt lat="43.7727" lon="3.53411"><ele>508.9</ele></trkpt><trkpt lat="43.77288" lon="3.53488"><ele>507.8</ele></trkpt><trkpt lat="43.77312" lon="3.53582"><ele>506.8</ele></trkpt><trkpt lat="43.77309" lon="3.53706"><ele>504.8</ele></trkpt><trkpt lat="43.77357" lon="3.53774"><ele>507.6</ele></trkpt><trkpt lat="43.77411" lon="3.53761"><ele>507</ele></trkpt><trkpt lat="43.77447" lon="3.53724"><ele>511</ele></trkpt><trkpt lat="43.77541" lon="3.53742"><ele>516.3</ele></trkpt><trkpt lat="43.77575" lon="3.53764"><ele>519.4</ele></trkpt><trkpt lat="43.77612" lon="3.53781"><ele>523.1</ele></trkpt><trkpt lat="43.77652" lon="3.5379"><ele>527.9</ele></trkpt><trkpt lat="43.77674" lon="3.53783"><ele>531</ele></trkpt><trkpt lat="43.77745" lon="3.53778"><ele>543.3</ele></trkpt><trkpt lat="43.77747" lon="3.53718"><ele>542.9</ele></trkpt><trkpt lat="43.77711" lon="3.53673"><ele>540.3</ele></trkpt><trkpt lat="43.77673" lon="3.53595"><ele>541.6</ele></trkpt><trkpt lat="43.77587" lon="3.53338"><ele>545.4</ele></trkpt><trkpt lat="43.77569" lon="3.53217"><ele>551.4</ele></trkpt><trkpt lat="43.77559" lon="3.53178"><ele>553.6</ele></trkpt><trkpt lat="43.77542" lon="3.53063"><ele>559.8</ele></trkpt><trkpt lat="43.77514" lon="3.53"><ele>563</ele></trkpt><trkpt lat="43.7741" lon="3.52882"><ele>572.4</ele></trkpt><trkpt lat="43.77394" lon="3.5283"><ele>581.7</ele></trkpt><trkpt lat="43.77326" lon="3.52788"><ele>585.5</ele></trkpt><trkpt lat="43.7729" lon="3.52755"><ele>588.7</ele></trkpt><trkpt lat="43.77249" lon="3.52695"><ele>593.5</ele></trkpt><trkpt lat="43.77233" lon="3.52637"><ele>597.1</ele></trkpt><trkpt lat="43.7724" lon="3.5255"><ele>605.3</ele></trkpt><trkpt lat="43.77205" lon="3.5252"><ele>604.5</ele></trkpt><trkpt lat="43.77186" lon="3.52441"><ele>612.7</ele></trkpt><trkpt lat="43.77105" lon="3.52399"><ele>620.3</ele></trkpt><trkpt lat="43.77053" lon="3.5234"><ele>626</ele></trkpt><trkpt lat="43.77045" lon="3.52202"><ele>629.8</ele></trkpt><trkpt lat="43.7697" lon="3.52165"><ele>631.3</ele></trkpt><trkpt lat="43.76927" lon="3.52121"><ele>636.3</ele></trkpt><trkpt lat="43.76902" lon="3.52053"><ele>645</ele></trkpt><trkpt lat="43.76885" lon="3.5203"><ele>648.8</ele></trkpt><trkpt lat="43.76841" lon="3.52017"><ele>655.5</ele></trkpt><trkpt lat="43.76771" lon="3.51979"><ele>660.5</ele></trkpt><trkpt lat="43.76735" lon="3.51949"><ele>661.8</ele></trkpt><trkpt lat="43.76653" lon="3.51892"><ele>664</ele></trkpt><trkpt lat="43.76585" lon="3.51812"><ele>661.4</ele></trkpt><trkpt lat="43.76582" lon="3.51766"><ele>664.5</ele></trkpt><trkpt lat="43.76552" lon="3.51738"><ele>663.8</ele></trkpt><trkpt lat="43.76526" lon="3.51695"><ele>665.3</ele></trkpt><trkpt lat="43.7649" lon="3.51648"><ele>663.2</ele></trkpt><trkpt lat="43.76473" lon="3.51609"><ele>664.6</ele></trkpt><trkpt lat="43.76467" lon="3.51555"><ele>668.3</ele></trkpt><trkpt lat="43.76481" lon="3.515"><ele>674.8</ele></trkpt><trkpt lat="43.76449" lon="3.51462"><ele>679.1</ele></trkpt><trkpt lat="43.76419" lon="3.51333"><ele>686.5</ele></trkpt><trkpt lat="43.76389" lon="3.51252"><ele>692.7</ele></trkpt><trkpt lat="43.76367" lon="3.51223"><ele>699.4</ele></trkpt><trkpt lat="43.7629" lon="3.5119"><ele>705.9</ele></trkpt><trkpt lat="43.76246" lon="3.51176"><ele>707.9</ele></trkpt><trkpt lat="43.76226" lon="3.51149"><ele>708.9</ele></trkpt><trkpt lat="43.76224" lon="3.51019"><ele>713.6</ele></trkpt><trkpt lat="43.76206" lon="3.5092"><ele>724.7</ele></trkpt><trkpt lat="43.76193" lon="3.50892"><ele>727.3</ele></trkpt><trkpt lat="43.76187" lon="3.50869"><ele>729.2</ele></trkpt><trkpt lat="43.76181" lon="3.50807"><ele>731.5</ele></trkpt><trkpt lat="43.76172" lon="3.50762"><ele>732.9</ele></trkpt><trkpt lat="43.76152" lon="3.507"><ele>738.2</ele></trkpt><trkpt lat="43.76121" lon="3.50653"><ele>743.2</ele></trkpt><trkpt lat="43.76052" lon="3.50583"><ele>751.7</ele></trkpt><trkpt lat="43.76025" lon="3.50524"><ele>757.1</ele></trkpt><trkpt lat="43.75998" lon="3.5043"><ele>764.6</ele></trkpt><trkpt lat="43.75955" lon="3.50395"><ele>759.7</ele></trkpt><trkpt lat="43.75932" lon="3.50358"><ele>762</ele></trkpt><trkpt lat="43.75924" lon="3.50315"><ele>766.5</ele></trkpt><trkpt lat="43.75902" lon="3.50273"><ele>766.5</ele></trkpt><trkpt lat="43.75889" lon="3.50262"><ele>765</ele></trkpt><trkpt lat="43.75872" lon="3.50266"><ele>763.2</ele></trkpt><trkpt lat="43.75842" lon="3.50246"><ele>761</ele></trkpt><trkpt lat="43.75832" lon="3.5023"><ele>758.7</ele></trkpt><trkpt lat="43.7582" lon="3.50229"><ele>757.8</ele></trkpt><trkpt lat="43.75795" lon="3.50216"><ele>754.9</ele></trkpt><trkpt lat="43.75779" lon="3.50219"><ele>754.6</ele></trkpt><trkpt lat="43.75764" lon="3.50195"><ele>750.6</ele></trkpt><trkpt lat="43.75711" lon="3.50185"><ele>749</ele></trkpt><trkpt lat="43.7564" lon="3.50188"><ele>748.6</ele></trkpt><trkpt lat="43.75645" lon="3.50102"><ele>743.7</ele></trkpt><trkpt lat="43.7565" lon="3.5007"><ele>741.8</ele></trkpt><trkpt lat="43.75567" lon="3.50076"><ele>732.7</ele></trkpt><trkpt lat="43.7545" lon="3.49982"><ele>731.5</ele></trkpt><trkpt lat="43.75435" lon="3.49987"><ele>733</ele></trkpt><trkpt lat="43.75391" lon="3.49979"><ele>738.5</ele></trkpt><trkpt lat="43.75378" lon="3.49955"><ele>739.6</ele></trkpt><trkpt lat="43.75332" lon="3.49955"><ele>744.6</ele></trkpt><trkpt lat="43.75307" lon="3.49977"><ele>747.7</ele></trkpt><trkpt lat="43.75282" lon="3.49973"><ele>750.5</ele></trkpt><trkpt lat="43.75264" lon="3.49985"><ele>752.3</ele></trkpt><trkpt lat="43.75255" lon="3.50014"><ele>752.7</ele></trkpt><trkpt lat="43.75167" lon="3.49958"><ele>759.5</ele></trkpt><trkpt lat="43.7514" lon="3.49954"><ele>759.3</ele></trkpt><trkpt lat="43.75118" lon="3.49938"><ele>759.8</ele></trkpt><trkpt lat="43.75102" lon="3.49947"><ele>760.4</ele></trkpt><trkpt lat="43.7508" lon="3.49942"><ele>761.1</ele></trkpt><trkpt lat="43.75054" lon="3.49978"><ele>762</ele></trkpt><trkpt lat="43.75004" lon="3.49966"><ele>763.2</ele></trkpt><trkpt lat="43.74981" lon="3.49929"><ele>765.2</ele></trkpt><trkpt lat="43.74935" lon="3.49877"><ele>770.3</ele></trkpt><trkpt lat="43.74858" lon="3.49717"><ele>784.8</ele></trkpt><trkpt lat="43.74834" lon="3.4966"><ele>782</ele></trkpt><trkpt lat="43.74806" lon="3.49634"><ele>780.8</ele></trkpt><trkpt lat="43.74792" lon="3.4955"><ele>780.7</ele></trkpt><trkpt lat="43.74806" lon="3.49501"><ele>783</ele></trkpt><trkpt lat="43.74767" lon="3.49424"><ele>785.7</ele></trkpt><trkpt lat="43.74748" lon="3.49409"><ele>787.2</ele></trkpt><trkpt lat="43.74738" lon="3.49373"><ele>788</ele></trkpt><trkpt lat="43.74713" lon="3.49334"><ele>792</ele></trkpt><trkpt lat="43.7471" lon="3.49271"><ele>791.4</ele></trkpt><trkpt lat="43.7463" lon="3.49195"><ele>787.8</ele></trkpt><trkpt lat="43.74598" lon="3.49149"><ele>783.4</ele></trkpt><trkpt lat="43.74553" lon="3.49148"><ele>787.2</ele></trkpt><trkpt lat="43.74482" lon="3.4912"><ele>789.1</ele></trkpt><trkpt lat="43.74431" lon="3.48988"><ele>798.6</ele></trkpt><trkpt lat="43.74403" lon="3.48955"><ele>804.8</ele></trkpt><trkpt lat="43.74362" lon="3.48872"><ele>814.2</ele></trkpt><trkpt lat="43.74362" lon="3.48839"><ele>812.3</ele></trkpt><trkpt lat="43.74435" lon="3.48795"><ele>812.9</ele></trkpt><trkpt lat="43.74506" lon="3.48771"><ele>816</ele></trkpt><trkpt lat="43.74514" lon="3.48698"><ele>816.4</ele></trkpt><trkpt lat="43.745" lon="3.48655"><ele>819.4</ele></trkpt><trkpt lat="43.74453" lon="3.48628"><ele>822.9</ele></trkpt><trkpt lat="43.74447" lon="3.48562"><ele>819.7</ele></trkpt><trkpt lat="43.7448" lon="3.48525"><ele>815.8</ele></trkpt><trkpt lat="43.74514" lon="3.48549"><ele>815.3</ele></trkpt><trkpt lat="43.7461" lon="3.48581"><ele>800.8</ele></trkpt><trkpt lat="43.74657" lon="3.48622"><ele>794.4</ele></trkpt><trkpt lat="43.74694" lon="3.48649"><ele>790.4</ele></trkpt><trkpt lat="43.74703" lon="3.48661"><ele>788.7</ele></trkpt><trkpt lat="43.74724" lon="3.48712"><ele>785.6</ele></trkpt><trkpt lat="43.74805" lon="3.48776"><ele>774.9</ele></trkpt><trkpt lat="43.7491" lon="3.48759"><ele>758.6</ele></trkpt><trkpt lat="43.74948" lon="3.48696"><ele>750.2</ele></trkpt><trkpt lat="43.74992" lon="3.48659"><ele>742.8</ele></trkpt><trkpt lat="43.75063" lon="3.48687"><ele>737.1</ele></trkpt><trkpt lat="43.75105" lon="3.48656"><ele>729.7</ele></trkpt><trkpt lat="43.75195" lon="3.48622"><ele>717.1</ele></trkpt><trkpt lat="43.75235" lon="3.48611"><ele>713.5</ele></trkpt><trkpt lat="43.75286" lon="3.4864"><ele>708.4</ele></trkpt><trkpt lat="43.75335" lon="3.48639"><ele>703.7</ele></trkpt><trkpt lat="43.75368" lon="3.48579"><ele>700.2</ele></trkpt><trkpt lat="43.75359" lon="3.48524"><ele>696.8</ele></trkpt><trkpt lat="43.7531" lon="3.48396"><ele>690</ele></trkpt><trkpt lat="43.75255" lon="3.48332"><ele>686.3</ele></trkpt><trkpt lat="43.75211" lon="3.48287"><ele>682.3</ele></trkpt><trkpt lat="43.75194" lon="3.48246"><ele>680.9</ele></trkpt><trkpt lat="43.7521" lon="3.48198"><ele>680.3</ele></trkpt><trkpt lat="43.75256" lon="3.48175"><ele>680.7</ele></trkpt><trkpt lat="43.7529" lon="3.48113"><ele>682.1</ele></trkpt><trkpt lat="43.75322" lon="3.47984"><ele>680.6</ele></trkpt><trkpt lat="43.75333" lon="3.47862"><ele>677</ele></trkpt><trkpt lat="43.75317" lon="3.47247"><ele>679.6</ele></trkpt><trkpt lat="43.75317" lon="3.46929"><ele>686.7</ele></trkpt><trkpt lat="43.75371" lon="3.46828"><ele>687.6</ele></trkpt><trkpt lat="43.75408" lon="3.46788"><ele>689.5</ele></trkpt><trkpt lat="43.75426" lon="3.46726"><ele>691.9</ele></trkpt><trkpt lat="43.75455" lon="3.46705"><ele>693</ele></trkpt><trkpt lat="43.7545" lon="3.46659"><ele>694.2</ele></trkpt><trkpt lat="43.75494" lon="3.4659"><ele>693.2</ele></trkpt><trkpt lat="43.75523" lon="3.46564"><ele>692.3</ele></trkpt><trkpt lat="43.75606" lon="3.46566"><ele>691.2</ele></trkpt><trkpt lat="43.75636" lon="3.46594"><ele>692.7</ele></trkpt><trkpt lat="43.7573" lon="3.4664"><ele>691.6</ele></trkpt><trkpt lat="43.75793" lon="3.46647"><ele>689.3</ele></trkpt><trkpt lat="43.75826" lon="3.46628"><ele>688</ele></trkpt><trkpt lat="43.75879" lon="3.46637"><ele>688.3</ele></trkpt><trkpt lat="43.76216" lon="3.46759"><ele>694.1</ele></trkpt><trkpt lat="43.76264" lon="3.46758"><ele>692.5</ele></trkpt><trkpt lat="43.76347" lon="3.46721"><ele>692.4</ele></trkpt><trkpt lat="43.76461" lon="3.4669"><ele>696.7</ele></trkpt><trkpt lat="43.76569" lon="3.46651"><ele>700.6</ele></trkpt><trkpt lat="43.76669" lon="3.46642"><ele>699.1</ele></trkpt><trkpt lat="43.76705" lon="3.46635"><ele>697.3</ele></trkpt><trkpt lat="43.76765" lon="3.46616"><ele>694.4</ele></trkpt><trkpt lat="43.76766" lon="3.46588"><ele>691.9</ele></trkpt><trkpt lat="43.7678" lon="3.46565"><ele>689.7</ele></trkpt><trkpt lat="43.76785" lon="3.46497"><ele>685.8</ele></trkpt><trkpt lat="43.76823" lon="3.4649"><ele>684.4</ele></trkpt><trkpt lat="43.76896" lon="3.46495"><ele>682.1</ele></trkpt><trkpt lat="43.76884" lon="3.46425"><ele>682</ele></trkpt><trkpt lat="43.76873" lon="3.46411"><ele>682.2</ele></trkpt><trkpt lat="43.76874" lon="3.4639"><ele>683</ele></trkpt><trkpt lat="43.76866" lon="3.46342"><ele>685.3</ele></trkpt><trkpt lat="43.76825" lon="3.46293"><ele>686.2</ele></trkpt><trkpt lat="43.76825" lon="3.46258"><ele>686.9</ele></trkpt><trkpt lat="43.76841" lon="3.46256"><ele>687.2</ele></trkpt><trkpt lat="43.76859" lon="3.46233"><ele>688.5</ele></trkpt><trkpt lat="43.76882" lon="3.46235"><ele>689.7</ele></trkpt><trkpt lat="43.76929" lon="3.46218"><ele>694.1</ele></trkpt><trkpt lat="43.76961" lon="3.46257"><ele>693.1</ele></trkpt><trkpt lat="43.76972" lon="3.46254"><ele>693.7</ele></trkpt><trkpt lat="43.76987" lon="3.46267"><ele>693.3</ele></trkpt><trkpt lat="43.76998" lon="3.46258"><ele>694.4</ele></trkpt><trkpt lat="43.77008" lon="3.46215"><ele>697.8</ele></trkpt><trkpt lat="43.77018" lon="3.46202"><ele>699.2</ele></trkpt><trkpt lat="43.76997" lon="3.46176"><ele>701.8</ele></trkpt><trkpt lat="43.76985" lon="3.46151"><ele>703.9</ele></trkpt><trkpt lat="43.76949" lon="3.4611"><ele>704.6</ele></trkpt><trkpt lat="43.76943" lon="3.46091"><ele>705.2</ele></trkpt><trkpt lat="43.76912" lon="3.46058"><ele>704.3</ele></trkpt><trkpt lat="43.76901" lon="3.46041"><ele>704.1</ele></trkpt><trkpt lat="43.76917" lon="3.45979"><ele>706.1</ele></trkpt><trkpt lat="43.76929" lon="3.45971"><ele>708.3</ele></trkpt><trkpt lat="43.76932" lon="3.45957"><ele>710</ele></trkpt><trkpt lat="43.76886" lon="3.45904"><ele>716.4</ele></trkpt><trkpt lat="43.7687" lon="3.45894"><ele>717.6</ele></trkpt><trkpt lat="43.76886" lon="3.45832"><ele>721.9</ele></trkpt><trkpt lat="43.76859" lon="3.45815"><ele>721.4</ele></trkpt><trkpt lat="43.76857" lon="3.45778"><ele>722.7</ele></trkpt><trkpt lat="43.76873" lon="3.45738"><ele>725.9</ele></trkpt><trkpt lat="43.76889" lon="3.45731"><ele>726.7</ele></trkpt><trkpt lat="43.7692" lon="3.45692"><ele>726</ele></trkpt><trkpt lat="43.76965" lon="3.45677"><ele>726.1</ele></trkpt><trkpt lat="43.77011" lon="3.45668"><ele>726.4</ele></trkpt><trkpt lat="43.77044" lon="3.45654"><ele>728.2</ele></trkpt><trkpt lat="43.77061" lon="3.45627"><ele>730.1</ele></trkpt><trkpt lat="43.77065" lon="3.45602"><ele>732.3</ele></trkpt><trkpt lat="43.77104" lon="3.45589"><ele>736.8</ele></trkpt><trkpt lat="43.77158" lon="3.45588"><ele>743.6</ele></trkpt><trkpt lat="43.7719" lon="3.45564"><ele>747.6</ele></trkpt><trkpt lat="43.7721" lon="3.45526"><ele>750.3</ele></trkpt><trkpt lat="43.77267" lon="3.4548"><ele>756.8</ele></trkpt><trkpt lat="43.77275" lon="3.45457"><ele>756.3</ele></trkpt><trkpt lat="43.77297" lon="3.45454"><ele>760.6</ele></trkpt><trkpt lat="43.77332" lon="3.45401"><ele>763.2</ele></trkpt><trkpt lat="43.77355" lon="3.45352"><ele>761.5</ele></trkpt><trkpt lat="43.77373" lon="3.45329"><ele>761.6</ele></trkpt><trkpt lat="43.77375" lon="3.45304"><ele>760.6</ele></trkpt><trkpt lat="43.77392" lon="3.45269"><ele>762.5</ele></trkpt><trkpt lat="43.77389" lon="3.45193"><ele>757.8</ele></trkpt><trkpt lat="43.77419" lon="3.45098"><ele>756.4</ele></trkpt><trkpt lat="43.77444" lon="3.45036"><ele>754.3</ele></trkpt><trkpt lat="43.7747" lon="3.44928"><ele>764.8</ele></trkpt><trkpt lat="43.77471" lon="3.4488"><ele>767.7</ele></trkpt><trkpt lat="43.77459" lon="3.44831"><ele>770.5</ele></trkpt><trkpt lat="43.77461" lon="3.44779"><ele>771.2</ele></trkpt><trkpt lat="43.775" lon="3.44661"><ele>772.8</ele></trkpt><trkpt lat="43.77522" lon="3.44639"><ele>772</ele></trkpt><trkpt lat="43.77556" lon="3.4463"><ele>774.4</ele></trkpt><trkpt lat="43.77581" lon="3.44642"><ele>775.8</ele></trkpt><trkpt lat="43.77613" lon="3.44702"><ele>775.8</ele></trkpt><trkpt lat="43.77627" lon="3.44755"><ele>775.7</ele></trkpt><trkpt lat="43.7763" lon="3.44789"><ele>777.3</ele></trkpt><trkpt lat="43.77641" lon="3.44808"><ele>778.4</ele></trkpt><trkpt lat="43.77653" lon="3.44874"><ele>781</ele></trkpt><trkpt lat="43.77677" lon="3.44911"><ele>780.5</ele></trkpt><trkpt lat="43.77718" lon="3.4496"><ele>778.8</ele></trkpt><trkpt lat="43.77722" lon="3.44996"><ele>779</ele></trkpt><trkpt lat="43.77732" lon="3.45032"><ele>780</ele></trkpt><trkpt lat="43.77761" lon="3.45057"><ele>780.9</ele></trkpt><trkpt lat="43.77814" lon="3.45091"><ele>775.4</ele></trkpt><trkpt lat="43.77818" lon="3.45103"><ele>774.3</ele></trkpt><trkpt lat="43.77855" lon="3.45145"><ele>774.8</ele></trkpt><trkpt lat="43.7787" lon="3.45179"><ele>775</ele></trkpt><trkpt lat="43.77893" lon="3.45209"><ele>778.9</ele></trkpt><trkpt lat="43.77935" lon="3.45233"><ele>783.1</ele></trkpt><trkpt lat="43.77961" lon="3.45253"><ele>786</ele></trkpt><trkpt lat="43.77964" lon="3.45263"><ele>787.4</ele></trkpt><trkpt lat="43.77977" lon="3.45276"><ele>789</ele></trkpt><trkpt lat="43.77988" lon="3.45295"><ele>790.7</ele></trkpt><trkpt lat="43.7799" lon="3.4531"><ele>791.5</ele></trkpt><trkpt lat="43.77962" lon="3.4537"><ele>792.3</ele></trkpt><trkpt lat="43.77908" lon="3.45447"><ele>791.9</ele></trkpt><trkpt lat="43.77884" lon="3.45512"><ele>790.8</ele></trkpt><trkpt lat="43.77892" lon="3.45554"><ele>788.7</ele></trkpt><trkpt lat="43.7789" lon="3.45582"><ele>788.8</ele></trkpt><trkpt lat="43.77875" lon="3.4562"><ele>789.5</ele></trkpt><trkpt lat="43.77872" lon="3.45657"><ele>789.6</ele></trkpt><trkpt lat="43.77898" lon="3.45817"><ele>781.7</ele></trkpt><trkpt lat="43.77894" lon="3.45855"><ele>779</ele></trkpt><trkpt lat="43.77868" lon="3.45909"><ele>773.9</ele></trkpt><trkpt lat="43.77832" lon="3.45936"><ele>772.9</ele></trkpt><trkpt lat="43.77806" lon="3.4595"><ele>771</ele></trkpt><trkpt lat="43.77784" lon="3.45944"><ele>771.3</ele></trkpt><trkpt lat="43.77768" lon="3.45949"><ele>769.2</ele></trkpt><trkpt lat="43.77741" lon="3.45942"><ele>770.8</ele></trkpt><trkpt lat="43.77729" lon="3.45954"><ele>769.8</ele></trkpt><trkpt lat="43.77686" lon="3.46031"><ele>763.6</ele></trkpt><trkpt lat="43.77662" lon="3.46085"><ele>760.3</ele></trkpt><trkpt lat="43.77632" lon="3.4612"><ele>757.1</ele></trkpt><trkpt lat="43.77589" lon="3.46139"><ele>754</ele></trkpt><trkpt lat="43.77562" lon="3.46143"><ele>751.6</ele></trkpt><trkpt lat="43.77562" lon="3.46156"><ele>748.8</ele></trkpt><trkpt lat="43.77625" lon="3.46189"><ele>745.4</ele></trkpt><trkpt lat="43.77662" lon="3.46248"><ele>741.7</ele></trkpt><trkpt lat="43.77704" lon="3.46289"><ele>736.3</ele></trkpt><trkpt lat="43.77734" lon="3.46357"><ele>729.9</ele></trkpt><trkpt lat="43.77796" lon="3.46459"><ele>717.5</ele></trkpt><trkpt lat="43.77831" lon="3.46484"><ele>713.8</ele></trkpt><trkpt lat="43.77897" lon="3.46472"><ele>708.3</ele></trkpt><trkpt lat="43.77878" lon="3.46521"><ele>705.1</ele></trkpt><trkpt lat="43.779" lon="3.46543"><ele>701.4</ele></trkpt><trkpt lat="43.77915" lon="3.46537"><ele>700.5</ele></trkpt><trkpt lat="43.77929" lon="3.46496"><ele>701.2</ele></trkpt><trkpt lat="43.77948" lon="3.4636"><ele>689.9</ele></trkpt><trkpt lat="43.77961" lon="3.46362"><ele>686.2</ele></trkpt><trkpt lat="43.77975" lon="3.46403"><ele>680.9</ele></trkpt><trkpt lat="43.7799" lon="3.46399"><ele>677.5</ele></trkpt><trkpt lat="43.77999" lon="3.46393"><ele>674.2</ele></trkpt><trkpt lat="43.78013" lon="3.46364"><ele>671.5</ele></trkpt><trkpt lat="43.78023" lon="3.46329"><ele>667.2</ele></trkpt><trkpt lat="43.78054" lon="3.46319"><ele>664.5</ele></trkpt><trkpt lat="43.78075" lon="3.46287"><ele>660.1</ele></trkpt><trkpt lat="43.78101" lon="3.46287"><ele>658.2</ele></trkpt><trkpt lat="43.78131" lon="3.46268"><ele>655.7</ele></trkpt><trkpt lat="43.78187" lon="3.46257"><ele>656.2</ele></trkpt><trkpt lat="43.78282" lon="3.46255"><ele>651.7</ele></trkpt><trkpt lat="43.78289" lon="3.46245"><ele>650.9</ele></trkpt><trkpt lat="43.78356" lon="3.4624"><ele>648.6</ele></trkpt><trkpt lat="43.78442" lon="3.46239"><ele>645.2</ele></trkpt><trkpt lat="43.78453" lon="3.46218"><ele>644.3</ele></trkpt><trkpt lat="43.78465" lon="3.46213"><ele>644.6</ele></trkpt><trkpt lat="43.7854" lon="3.46219"><ele>641.7</ele></trkpt><trkpt lat="43.78714" lon="3.46189"><ele>638.1</ele></trkpt><trkpt lat="43.78746" lon="3.4618"><ele>638.2</ele></trkpt><trkpt lat="43.78775" lon="3.46163"><ele>637</ele></trkpt><trkpt lat="43.78783" lon="3.46164"><ele>636.2</ele></trkpt><trkpt lat="43.78798" lon="3.46157"><ele>636</ele></trkpt><trkpt lat="43.78844" lon="3.46116"><ele>635</ele></trkpt><trkpt lat="43.78862" lon="3.46084"><ele>634.1</ele></trkpt><trkpt lat="43.789" lon="3.46031"><ele>631.7</ele></trkpt><trkpt lat="43.78925" lon="3.46017"><ele>631</ele></trkpt><trkpt lat="43.78969" lon="3.45974"><ele>629.3</ele></trkpt><trkpt lat="43.78957" lon="3.45957"><ele>630.9</ele></trkpt><trkpt lat="43.78952" lon="3.45943"><ele>632.4</ele></trkpt><trkpt lat="43.78963" lon="3.45935"><ele>632.5</ele></trkpt><trkpt lat="43.78985" lon="3.45873"><ele>637.2</ele></trkpt><trkpt lat="43.79001" lon="3.45807"><ele>637.7</ele></trkpt><trkpt lat="43.79008" lon="3.45763"><ele>636.4</ele></trkpt><trkpt lat="43.79022" lon="3.45741"><ele>633.8</ele></trkpt><trkpt lat="43.79015" lon="3.45732"><ele>634.4</ele></trkpt><trkpt lat="43.79038" lon="3.45688"><ele>629.8</ele></trkpt><trkpt lat="43.79039" lon="3.45647"><ele>630.4</ele></trkpt><trkpt lat="43.7907" lon="3.45548"><ele>629.9</ele></trkpt><trkpt lat="43.79063" lon="3.4549"><ele>631.5</ele></trkpt><trkpt lat="43.79073" lon="3.45432"><ele>630.5</ele></trkpt><trkpt lat="43.79054" lon="3.45268"><ele>630.3</ele></trkpt><trkpt lat="43.79016" lon="3.45079"><ele>624.7</ele></trkpt><trkpt lat="43.78966" lon="3.44924"><ele>623</ele></trkpt><trkpt lat="43.78944" lon="3.4476"><ele>622</ele></trkpt><trkpt lat="43.78896" lon="3.44537"><ele>625.7</ele></trkpt><trkpt lat="43.78867" lon="3.4446"><ele>629.5</ele></trkpt><trkpt lat="43.7885" lon="3.44391"><ele>631.6</ele></trkpt><trkpt lat="43.78833" lon="3.44275"><ele>635</ele></trkpt><trkpt lat="43.78827" lon="3.44201"><ele>641.2</ele></trkpt><trkpt lat="43.78815" lon="3.44177"><ele>645.5</ele></trkpt><trkpt lat="43.78813" lon="3.44155"><ele>648.5</ele></trkpt><trkpt lat="43.78806" lon="3.44153"><ele>649.9</ele></trkpt><trkpt lat="43.78779" lon="3.44085"><ele>659.7</ele></trkpt><trkpt lat="43.78756" lon="3.4398"><ele>666.1</ele></trkpt><trkpt lat="43.78749" lon="3.43908"><ele>669.1</ele></trkpt><trkpt lat="43.78731" lon="3.43867"><ele>672</ele></trkpt><trkpt lat="43.78739" lon="3.43792"><ele>671.3</ele></trkpt><trkpt lat="43.7871" lon="3.43725"><ele>670</ele></trkpt><trkpt lat="43.78684" lon="3.43617"><ele>668.1</ele></trkpt><trkpt lat="43.78682" lon="3.43534"><ele>662</ele></trkpt><trkpt lat="43.78796" lon="3.43335"><ele>647.4</ele></trkpt><trkpt lat="43.78849" lon="3.43235"><ele>643</ele></trkpt><trkpt lat="43.78919" lon="3.43086"><ele>632</ele></trkpt><trkpt lat="43.78936" lon="3.43037"><ele>630.4</ele></trkpt><trkpt lat="43.78952" lon="3.4301"><ele>629.3</ele></trkpt><trkpt lat="43.78991" lon="3.4296"><ele>627.6</ele></trkpt><trkpt lat="43.79109" lon="3.42902"><ele>624</ele></trkpt><trkpt lat="43.79175" lon="3.42838"><ele>622.7</ele></trkpt><trkpt lat="43.79279" lon="3.4272"><ele>623</ele></trkpt><trkpt lat="43.79261" lon="3.42688"><ele>622.3</ele></trkpt><trkpt lat="43.79262" lon="3.42598"><ele>623</ele></trkpt><trkpt lat="43.79251" lon="3.42542"><ele>623</ele></trkpt><trkpt lat="43.79289" lon="3.42532"><ele>623</ele></trkpt><trkpt lat="43.79354" lon="3.42629"><ele>623.7</ele></trkpt><trkpt lat="43.79488" lon="3.42441"><ele>627.6</ele></trkpt><trkpt lat="43.79546" lon="3.42467"><ele>628</ele></trkpt><trkpt lat="43.79583" lon="3.425"><ele>629</ele></trkpt><trkpt lat="43.79629" lon="3.42512"><ele>630.2</ele></trkpt><trkpt lat="43.79728" lon="3.4236"><ele>633.2</ele></trkpt><trkpt lat="43.79789" lon="3.4238"><ele>634</ele></trkpt><trkpt lat="43.79843" lon="3.42388"><ele>634.4</ele></trkpt><trkpt lat="43.79872" lon="3.42357"><ele>635.5</ele></trkpt><trkpt lat="43.7996" lon="3.42314"><ele>637.7</ele></trkpt><trkpt lat="43.80087" lon="3.42236"><ele>638</ele></trkpt><trkpt lat="43.80189" lon="3.42254"><ele>639.2</ele></trkpt><trkpt lat="43.80229" lon="3.4222"><ele>640</ele></trkpt><trkpt lat="43.80289" lon="3.42238"><ele>641.4</ele></trkpt><trkpt lat="43.80402" lon="3.42212"><ele>645.5</ele></trkpt><trkpt lat="43.80459" lon="3.4226"><ele>647.4</ele></trkpt><trkpt lat="43.80495" lon="3.42265"><ele>648.8</ele></trkpt><trkpt lat="43.80603" lon="3.42229"><ele>654.7</ele></trkpt><trkpt lat="43.80811" lon="3.42191"><ele>663.1</ele></trkpt><trkpt lat="43.80854" lon="3.42191"><ele>664.6</ele></trkpt><trkpt lat="43.80918" lon="3.42337"><ele>666</ele></trkpt><trkpt lat="43.80991" lon="3.42485"><ele>663.1</ele></trkpt><trkpt lat="43.81049" lon="3.42572"><ele>664.9</ele></trkpt><trkpt lat="43.81077" lon="3.42626"><ele>665.2</ele></trkpt><trkpt lat="43.81137" lon="3.42767"><ele>662.1</ele></trkpt><trkpt lat="43.81258" lon="3.4285"><ele>656.3</ele></trkpt><trkpt lat="43.81347" lon="3.42888"><ele>652</ele></trkpt><trkpt lat="43.81398" lon="3.42922"><ele>649.9</ele></trkpt><trkpt lat="43.8166" lon="3.43035"><ele>649.8</ele></trkpt><trkpt lat="43.81745" lon="3.43097"><ele>649.7</ele></trkpt><trkpt lat="43.81813" lon="3.43122"><ele>649.8</ele></trkpt><trkpt lat="43.82037" lon="3.43272"><ele>650.3</ele></trkpt><trkpt lat="43.82087" lon="3.43293"><ele>650.1</ele></trkpt><trkpt lat="43.82144" lon="3.43301"><ele>650.2</ele></trkpt><trkpt lat="43.82228" lon="3.43273"><ele>651</ele></trkpt><trkpt lat="43.82392" lon="3.43273"><ele>653</ele></trkpt><trkpt lat="43.82454" lon="3.43264"><ele>652.8</ele></trkpt><trkpt lat="43.82494" lon="3.43224"><ele>653.9</ele></trkpt><trkpt lat="43.82552" lon="3.43211"><ele>653.4</ele></trkpt><trkpt lat="43.8279" lon="3.43189"><ele>655.8</ele></trkpt><trkpt lat="43.82833" lon="3.43177"><ele>658.2</ele></trkpt><trkpt lat="43.82916" lon="3.43199"><ele>660</ele></trkpt><trkpt lat="43.82967" lon="3.43209"><ele>664</ele></trkpt><trkpt lat="43.83022" lon="3.43173"><ele>668.8</ele></trkpt><trkpt lat="43.83154" lon="3.43127"><ele>679.2</ele></trkpt><trkpt lat="43.83214" lon="3.43137"><ele>683.3</ele></trkpt><trkpt lat="43.83265" lon="3.43182"><ele>691</ele></trkpt><trkpt lat="43.83273" lon="3.43136"><ele>686.6</ele></trkpt><trkpt lat="43.83297" lon="3.43108"><ele>686</ele></trkpt><trkpt lat="43.83328" lon="3.43086"><ele>684.3</ele></trkpt><trkpt lat="43.83367" lon="3.43097"><ele>689</ele></trkpt><trkpt lat="43.83406" lon="3.43141"><ele>697.6</ele></trkpt><trkpt lat="43.83436" lon="3.43189"><ele>695.8</ele></trkpt><trkpt lat="43.83458" lon="3.43241"><ele>693</ele></trkpt><trkpt lat="43.83496" lon="3.43232"><ele>692.1</ele></trkpt><trkpt lat="43.83571" lon="3.43172"><ele>684.6</ele></trkpt><trkpt lat="43.83605" lon="3.43104"><ele>678.7</ele></trkpt><trkpt lat="43.83622" lon="3.43044"><ele>677.3</ele></trkpt><trkpt lat="43.83622" lon="3.43027"><ele>677</ele></trkpt><trkpt lat="43.83602" lon="3.42959"><ele>676.1</ele></trkpt><trkpt lat="43.83584" lon="3.42882"><ele>675.8</ele></trkpt><trkpt lat="43.83585" lon="3.42847"><ele>674</ele></trkpt><trkpt lat="43.83618" lon="3.42775"><ele>667.8</ele></trkpt><trkpt lat="43.83648" lon="3.42742"><ele>665.7</ele></trkpt><trkpt lat="43.83666" lon="3.42575"><ele>666.3</ele></trkpt><trkpt lat="43.83671" lon="3.425"><ele>669.7</ele></trkpt><trkpt lat="43.83726" lon="3.42339"><ele>682.1</ele></trkpt><trkpt lat="43.83754" lon="3.42275"><ele>686.8</ele></trkpt><trkpt lat="43.8382" lon="3.42205"><ele>685</ele></trkpt><trkpt lat="43.83865" lon="3.4214"><ele>684.4</ele></trkpt><trkpt lat="43.83895" lon="3.42072"><ele>682</ele></trkpt><trkpt lat="43.83922" lon="3.41938"><ele>679.8</ele></trkpt><trkpt lat="43.83947" lon="3.4192"><ele>678.9</ele></trkpt><trkpt lat="43.83965" lon="3.41866"><ele>678.3</ele></trkpt><trkpt lat="43.84037" lon="3.41779"><ele>676</ele></trkpt><trkpt lat="43.84123" lon="3.41619"><ele>676</ele></trkpt><trkpt lat="43.84136" lon="3.41583"><ele>676.1</ele></trkpt><trkpt lat="43.84155" lon="3.41561"><ele>676.3</ele></trkpt><trkpt lat="43.84179" lon="3.41492"><ele>676.7</ele></trkpt><trkpt lat="43.84281" lon="3.41408"><ele>676.4</ele></trkpt><trkpt lat="43.84311" lon="3.41392"><ele>677</ele></trkpt><trkpt lat="43.84345" lon="3.41326"><ele>678.6</ele></trkpt><trkpt lat="43.84417" lon="3.41243"><ele>683</ele></trkpt><trkpt lat="43.84458" lon="3.41167"><ele>686.5</ele></trkpt><trkpt lat="43.84539" lon="3.41122"><ele>693.2</ele></trkpt><trkpt lat="43.84576" lon="3.41047"><ele>699.9</ele></trkpt><trkpt lat="43.84613" lon="3.40985"><ele>703.4</ele></trkpt><trkpt lat="43.84628" lon="3.40831"><ele>706.9</ele></trkpt><trkpt lat="43.84631" lon="3.4076"><ele>709.4</ele></trkpt><trkpt lat="43.84618" lon="3.40711"><ele>715.9</ele></trkpt><trkpt lat="43.84616" lon="3.4064"><ele>724.5</ele></trkpt><trkpt lat="43.84647" lon="3.40586"><ele>728.1</ele></trkpt><trkpt lat="43.84655" lon="3.40538"><ele>732.3</ele></trkpt><trkpt lat="43.84703" lon="3.40474"><ele>735.2</ele></trkpt><trkpt lat="43.84735" lon="3.40402"><ele>738.4</ele></trkpt><trkpt lat="43.84741" lon="3.40305"><ele>739.6</ele></trkpt><trkpt lat="43.8476" lon="3.40261"><ele>740.2</ele></trkpt><trkpt lat="43.84784" lon="3.40224"><ele>744.9</ele></trkpt><trkpt lat="43.84809" lon="3.40214"><ele>748.9</ele></trkpt><trkpt lat="43.84819" lon="3.40165"><ele>754.3</ele></trkpt><trkpt lat="43.84852" lon="3.40132"><ele>760.6</ele></trkpt><trkpt lat="43.84884" lon="3.40078"><ele>766</ele></trkpt><trkpt lat="43.84897" lon="3.40047"><ele>767.1</ele></trkpt><trkpt lat="43.84924" lon="3.3991"><ele>765.2</ele></trkpt><trkpt lat="43.84975" lon="3.39865"><ele>767</ele></trkpt><trkpt lat="43.85017" lon="3.39662"><ele>761.5</ele></trkpt><trkpt lat="43.85107" lon="3.39563"><ele>761.5</ele></trkpt><trkpt lat="43.85128" lon="3.39523"><ele>761.2</ele></trkpt><trkpt lat="43.85166" lon="3.39478"><ele>761.8</ele></trkpt><trkpt lat="43.85231" lon="3.39355"><ele>757.8</ele></trkpt><trkpt lat="43.85274" lon="3.39266"><ele>758.1</ele></trkpt><trkpt lat="43.853" lon="3.3914"><ele>758.1</ele></trkpt><trkpt lat="43.85329" lon="3.39085"><ele>763.2</ele></trkpt><trkpt lat="43.8534" lon="3.39025"><ele>768.2</ele></trkpt><trkpt lat="43.8533" lon="3.38972"><ele>770.8</ele></trkpt><trkpt lat="43.85299" lon="3.38964"><ele>768.5</ele></trkpt><trkpt lat="43.85286" lon="3.38854"><ele>766.8</ele></trkpt><trkpt lat="43.85284" lon="3.38809"><ele>767.2</ele></trkpt><trkpt lat="43.85316" lon="3.38729"><ele>765.9</ele></trkpt><trkpt lat="43.85387" lon="3.38614"><ele>766.6</ele></trkpt><trkpt lat="43.85457" lon="3.3847"><ele>769.8</ele></trkpt><trkpt lat="43.85466" lon="3.38411"><ele>771.7</ele></trkpt><trkpt lat="43.85513" lon="3.38372"><ele>776.5</ele></trkpt><trkpt lat="43.85542" lon="3.38306"><ele>775.6</ele></trkpt><trkpt lat="43.85588" lon="3.38238"><ele>777.2</ele></trkpt><trkpt lat="43.8563" lon="3.38206"><ele>778.7</ele></trkpt><trkpt lat="43.85672" lon="3.38146"><ele>781</ele></trkpt><trkpt lat="43.85777" lon="3.38049"><ele>769.6</ele></trkpt><trkpt lat="43.8579" lon="3.37953"><ele>764.6</ele></trkpt><trkpt lat="43.85779" lon="3.37896"><ele>763.8</ele></trkpt><trkpt lat="43.85801" lon="3.3785"><ele>760.4</ele></trkpt><trkpt lat="43.85822" lon="3.37852"><ele>756.7</ele></trkpt><trkpt lat="43.85826" lon="3.37906"><ele>755.3</ele></trkpt><trkpt lat="43.85868" lon="3.37991"><ele>750.5</ele></trkpt><trkpt lat="43.85881" lon="3.3808"><ele>746.7</ele></trkpt><trkpt lat="43.85907" lon="3.38105"><ele>744.6</ele></trkpt><trkpt lat="43.85956" lon="3.38106"><ele>736.4</ele></trkpt><trkpt lat="43.85995" lon="3.38133"><ele>733.9</ele></trkpt><trkpt lat="43.86013" lon="3.38126"><ele>730.5</ele></trkpt><trkpt lat="43.86026" lon="3.38108"><ele>726.8</ele></trkpt><trkpt lat="43.86018" lon="3.38062"><ele>722.4</ele></trkpt><trkpt lat="43.86051" lon="3.38004"><ele>714.8</ele></trkpt><trkpt lat="43.86189" lon="3.37878"><ele>706.6</ele></trkpt><trkpt lat="43.86239" lon="3.37856"><ele>705.3</ele></trkpt><trkpt lat="43.86321" lon="3.37779"><ele>703.7</ele></trkpt><trkpt lat="43.86389" lon="3.37581"><ele>709.1</ele></trkpt><trkpt lat="43.86387" lon="3.37433"><ele>709.9</ele></trkpt><trkpt lat="43.86445" lon="3.37324"><ele>710.4</ele></trkpt><trkpt lat="43.86508" lon="3.37034"><ele>711.9</ele></trkpt><trkpt lat="43.8654" lon="3.36947"><ele>714.9</ele></trkpt><trkpt lat="43.86555" lon="3.36777"><ele>711</ele></trkpt><trkpt lat="43.86625" lon="3.36712"><ele>710.2</ele></trkpt><trkpt lat="43.86713" lon="3.36576"><ele>710.8</ele></trkpt><trkpt lat="43.86751" lon="3.36498"><ele>708.8</ele></trkpt><trkpt lat="43.86795" lon="3.36449"><ele>706.3</ele></trkpt><trkpt lat="43.86835" lon="3.36434"><ele>707</ele></trkpt><trkpt lat="43.86888" lon="3.36432"><ele>708</ele></trkpt><trkpt lat="43.86879" lon="3.36375"><ele>706.1</ele></trkpt><trkpt lat="43.86849" lon="3.36319"><ele>706.1</ele></trkpt><trkpt lat="43.86797" lon="3.36256"><ele>711.1</ele></trkpt><trkpt lat="43.86778" lon="3.36167"><ele>718</ele></trkpt><trkpt lat="43.86772" lon="3.36044"><ele>719.6</ele></trkpt><trkpt lat="43.86778" lon="3.36027"><ele>719</ele></trkpt><trkpt lat="43.86814" lon="3.35966"><ele>717.5</ele></trkpt><trkpt lat="43.86819" lon="3.35921"><ele>717.5</ele></trkpt><trkpt lat="43.86842" lon="3.35855"><ele>716.6</ele></trkpt><trkpt lat="43.86865" lon="3.35691"><ele>715.5</ele></trkpt><trkpt lat="43.86874" lon="3.35592"><ele>713.7</ele></trkpt><trkpt lat="43.86864" lon="3.35563"><ele>713.8</ele></trkpt><trkpt lat="43.8688" lon="3.35518"><ele>713.9</ele></trkpt><trkpt lat="43.8689" lon="3.35476"><ele>714.8</ele></trkpt><trkpt lat="43.8686" lon="3.35328"><ele>714</ele></trkpt><trkpt lat="43.86817" lon="3.35188"><ele>713.5</ele></trkpt><trkpt lat="43.86778" lon="3.35112"><ele>713</ele></trkpt><trkpt lat="43.86747" lon="3.35038"><ele>712</ele></trkpt><trkpt lat="43.86717" lon="3.34938"><ele>714.2</ele></trkpt><trkpt lat="43.86702" lon="3.34755"><ele>718.1</ele></trkpt><trkpt lat="43.86783" lon="3.34617"><ele>732.5</ele></trkpt><trkpt lat="43.86815" lon="3.34546"><ele>739.5</ele></trkpt><trkpt lat="43.86816" lon="3.34479"><ele>743.6</ele></trkpt><trkpt lat="43.86808" lon="3.34412"><ele>746.7</ele></trkpt><trkpt lat="43.86755" lon="3.3425"><ele>744.5</ele></trkpt><trkpt lat="43.8673" lon="3.34199"><ele>742.9</ele></trkpt><trkpt lat="43.86696" lon="3.34095"><ele>735.7</ele></trkpt><trkpt lat="43.86698" lon="3.34062"><ele>734.1</ele></trkpt><trkpt lat="43.8669" lon="3.34032"><ele>732.6</ele></trkpt><trkpt lat="43.86669" lon="3.34011"><ele>732.1</ele></trkpt><trkpt lat="43.86653" lon="3.34004"><ele>731.9</ele></trkpt><trkpt lat="43.86616" lon="3.3395"><ele>731.2</ele></trkpt><trkpt lat="43.86553" lon="3.33895"><ele>731.1</ele></trkpt><trkpt lat="43.86529" lon="3.33852"><ele>733</ele></trkpt><trkpt lat="43.86461" lon="3.33771"><ele>733.2</ele></trkpt><trkpt lat="43.86439" lon="3.33685"><ele>732.1</ele></trkpt><trkpt lat="43.86431" lon="3.33628"><ele>731</ele></trkpt><trkpt lat="43.86447" lon="3.33558"><ele>731.9</ele></trkpt><trkpt lat="43.8644" lon="3.33483"><ele>734</ele></trkpt><trkpt lat="43.86413" lon="3.33362"><ele>732.4</ele></trkpt><trkpt lat="43.86422" lon="3.3329"><ele>735</ele></trkpt><trkpt lat="43.86418" lon="3.33246"><ele>735.9</ele></trkpt><trkpt lat="43.86422" lon="3.33223"><ele>735.8</ele></trkpt><trkpt lat="43.8644" lon="3.33171"><ele>736.8</ele></trkpt><trkpt lat="43.86444" lon="3.33136"><ele>737</ele></trkpt><trkpt lat="43.86426" lon="3.33096"><ele>737.7</ele></trkpt><trkpt lat="43.86407" lon="3.33086"><ele>737.7</ele></trkpt><trkpt lat="43.86373" lon="3.33017"><ele>737.4</ele></trkpt><trkpt lat="43.86363" lon="3.3299"><ele>736</ele></trkpt><trkpt lat="43.86339" lon="3.32949"><ele>734.9</ele></trkpt><trkpt lat="43.86337" lon="3.32897"><ele>734.1</ele></trkpt><trkpt lat="43.86323" lon="3.32857"><ele>732.8</ele></trkpt><trkpt lat="43.86344" lon="3.32803"><ele>734.1</ele></trkpt><trkpt lat="43.86348" lon="3.32777"><ele>735.5</ele></trkpt><trkpt lat="43.86321" lon="3.32723"><ele>736.4</ele></trkpt><trkpt lat="43.86354" lon="3.32683"><ele>735.9</ele></trkpt><trkpt lat="43.86399" lon="3.32644"><ele>735.2</ele></trkpt><trkpt lat="43.86458" lon="3.32578"><ele>731.3</ele></trkpt><trkpt lat="43.86461" lon="3.32526"><ele>731.7</ele></trkpt><trkpt lat="43.86437" lon="3.32457"><ele>734.4</ele></trkpt><trkpt lat="43.86415" lon="3.32422"><ele>734</ele></trkpt><trkpt lat="43.8641" lon="3.32375"><ele>732.6</ele></trkpt><trkpt lat="43.86424" lon="3.32334"><ele>732.7</ele></trkpt><trkpt lat="43.86364" lon="3.32212"><ele>735.4</ele></trkpt><trkpt lat="43.86353" lon="3.32183"><ele>738.9</ele></trkpt><trkpt lat="43.86345" lon="3.32146"><ele>742.7</ele></trkpt><trkpt lat="43.86354" lon="3.32112"><ele>745.7</ele></trkpt><trkpt lat="43.86339" lon="3.32059"><ele>748</ele></trkpt><trkpt lat="43.86347" lon="3.32031"><ele>749.4</ele></trkpt><trkpt lat="43.86349" lon="3.31964"><ele>749.8</ele></trkpt><trkpt lat="43.8636" lon="3.31951"><ele>750.3</ele></trkpt><trkpt lat="43.86355" lon="3.3194"><ele>749.2</ele></trkpt><trkpt lat="43.86379" lon="3.31872"><ele>749.1</ele></trkpt><trkpt lat="43.86399" lon="3.31837"><ele>748.9</ele></trkpt><trkpt lat="43.86399" lon="3.31813"><ele>747.7</ele></trkpt><trkpt lat="43.86396" lon="3.31806"><ele>747.3</ele></trkpt><trkpt lat="43.86392" lon="3.31809"><ele>747.2</ele></trkpt><trkpt lat="43.86401" lon="3.31809"><ele>747.6</ele></trkpt><trkpt lat="43.86379" lon="3.31764"><ele>745.3</ele></trkpt><trkpt lat="43.86349" lon="3.3172"><ele>744</ele></trkpt><trkpt lat="43.86327" lon="3.31694"><ele>743</ele></trkpt><trkpt lat="43.86237" lon="3.31642"><ele>743</ele></trkpt><trkpt lat="43.86244" lon="3.31603"><ele>742.6</ele></trkpt><trkpt lat="43.86247" lon="3.31533"><ele>741.2</ele></trkpt><trkpt lat="43.86238" lon="3.31515"><ele>740.8</ele></trkpt><trkpt lat="43.8621" lon="3.31493"><ele>739</ele></trkpt><trkpt lat="43.86212" lon="3.3142"><ele>737.1</ele></trkpt><trkpt lat="43.86223" lon="3.31366"><ele>736.2</ele></trkpt><trkpt lat="43.86179" lon="3.31286"><ele>735.1</ele></trkpt><trkpt lat="43.86126" lon="3.31259"><ele>736.1</ele></trkpt><trkpt lat="43.86042" lon="3.31063"><ele>741.5</ele></trkpt><trkpt lat="43.86003" lon="3.31059"><ele>740.3</ele></trkpt><trkpt lat="43.85967" lon="3.31061"><ele>736</ele></trkpt><trkpt lat="43.85951" lon="3.31045"><ele>734.9</ele></trkpt><trkpt lat="43.8595" lon="3.31001"><ele>736.2</ele></trkpt><trkpt lat="43.85954" lon="3.30975"><ele>735.4</ele></trkpt><trkpt lat="43.85979" lon="3.30956"><ele>736.6</ele></trkpt><trkpt lat="43.86064" lon="3.30981"><ele>739.4</ele></trkpt><trkpt lat="43.86077" lon="3.30978"><ele>739.6</ele></trkpt><trkpt lat="43.86079" lon="3.30958"><ele>740</ele></trkpt><trkpt lat="43.86068" lon="3.30866"><ele>741.5</ele></trkpt><trkpt lat="43.86039" lon="3.30754"><ele>743.7</ele></trkpt><trkpt lat="43.8601" lon="3.30717"><ele>743.7</ele></trkpt><trkpt lat="43.85973" lon="3.30679"><ele>743.4</ele></trkpt><trkpt lat="43.8593" lon="3.30659"><ele>741.3</ele></trkpt><trkpt lat="43.85913" lon="3.30647"><ele>740.7</ele></trkpt><trkpt lat="43.85893" lon="3.30622"><ele>739.7</ele></trkpt><trkpt lat="43.85874" lon="3.30581"><ele>741</ele></trkpt><trkpt lat="43.8583" lon="3.30524"><ele>739.9</ele></trkpt><trkpt lat="43.85808" lon="3.30504"><ele>739.1</ele></trkpt><trkpt lat="43.85789" lon="3.30497"><ele>738.7</ele></trkpt><trkpt lat="43.8576" lon="3.3035"><ele>737.7</ele></trkpt><trkpt lat="43.85707" lon="3.30228"><ele>744.4</ele></trkpt><trkpt lat="43.85668" lon="3.30075"><ele>752.3</ele></trkpt><trkpt lat="43.85649" lon="3.29987"><ele>751.9</ele></trkpt><trkpt lat="43.85627" lon="3.29945"><ele>747.6</ele></trkpt><trkpt lat="43.85574" lon="3.2972"><ele>743.5</ele></trkpt><trkpt lat="43.85548" lon="3.29638"><ele>742</ele></trkpt><trkpt lat="43.85522" lon="3.29576"><ele>741.9</ele></trkpt><trkpt lat="43.85475" lon="3.29493"><ele>740.9</ele></trkpt><trkpt lat="43.85442" lon="3.29344"><ele>740</ele></trkpt><trkpt lat="43.85365" lon="3.29115"><ele>738.9</ele></trkpt><trkpt lat="43.85338" lon="3.28968"><ele>740.7</ele></trkpt><trkpt lat="43.85302" lon="3.28851"><ele>738.5</ele></trkpt><trkpt lat="43.85249" lon="3.28717"><ele>737.8</ele></trkpt><trkpt lat="43.85242" lon="3.28681"><ele>736.7</ele></trkpt><trkpt lat="43.8522" lon="3.28635"><ele>737.1</ele></trkpt><trkpt lat="43.85189" lon="3.28589"><ele>739</ele></trkpt><trkpt lat="43.85006" lon="3.28628"><ele>743.2</ele></trkpt><trkpt lat="43.84841" lon="3.28659"><ele>751</ele></trkpt><trkpt lat="43.84794" lon="3.28637"><ele>747</ele></trkpt><trkpt lat="43.84739" lon="3.28655"><ele>739.2</ele></trkpt><trkpt lat="43.84724" lon="3.28613"><ele>735.7</ele></trkpt><trkpt lat="43.847" lon="3.28585"><ele>729.9</ele></trkpt><trkpt lat="43.84609" lon="3.28512"><ele>719.8</ele></trkpt><trkpt lat="43.84571" lon="3.28463"><ele>717.7</ele></trkpt><trkpt lat="43.84501" lon="3.28433"><ele>711</ele></trkpt><trkpt lat="43.84453" lon="3.28397"><ele>707.7</ele></trkpt><trkpt lat="43.84325" lon="3.2832"><ele>697.2</ele></trkpt><trkpt lat="43.84283" lon="3.28248"><ele>695.2</ele></trkpt><trkpt lat="43.84245" lon="3.2815"><ele>694.3</ele></trkpt><trkpt lat="43.84232" lon="3.28101"><ele>693.9</ele></trkpt><trkpt lat="43.84216" lon="3.2794"><ele>691.8</ele></trkpt><trkpt lat="43.84203" lon="3.27921"><ele>691.3</ele></trkpt><trkpt lat="43.84074" lon="3.27902"><ele>687.5</ele></trkpt><trkpt lat="43.84014" lon="3.27886"><ele>686.3</ele></trkpt><trkpt lat="43.83997" lon="3.27886"><ele>685.6</ele></trkpt><trkpt lat="43.83979" lon="3.27899"><ele>684.9</ele></trkpt><trkpt lat="43.83971" lon="3.27882"><ele>684</ele></trkpt><trkpt lat="43.83962" lon="3.2779"><ele>683.8</ele></trkpt><trkpt lat="43.83948" lon="3.27783"><ele>683.8</ele></trkpt><trkpt lat="43.83876" lon="3.27822"><ele>681.9</ele></trkpt><trkpt lat="43.83763" lon="3.27814"><ele>682.2</ele></trkpt><trkpt lat="43.83721" lon="3.27804"><ele>681.1</ele></trkpt><trkpt lat="43.83685" lon="3.27787"><ele>681</ele></trkpt><trkpt lat="43.83649" lon="3.27765"><ele>680.5</ele></trkpt><trkpt lat="43.83624" lon="3.27764"><ele>679.7</ele></trkpt><trkpt lat="43.83584" lon="3.2779"><ele>679</ele></trkpt><trkpt lat="43.83557" lon="3.278"><ele>679.2</ele></trkpt><trkpt lat="43.83524" lon="3.27797"><ele>680.1</ele></trkpt><trkpt lat="43.83441" lon="3.27708"><ele>684.5</ele></trkpt><trkpt lat="43.8341" lon="3.27653"><ele>686.7</ele></trkpt><trkpt lat="43.83381" lon="3.27619"><ele>688.4</ele></trkpt><trkpt lat="43.83356" lon="3.27596"><ele>688.7</ele></trkpt><trkpt lat="43.83318" lon="3.27572"><ele>688.6</ele></trkpt><trkpt lat="43.83294" lon="3.27572"><ele>688.8</ele></trkpt><trkpt lat="43.83267" lon="3.27526"><ele>690.5</ele></trkpt><trkpt lat="43.83159" lon="3.2741"><ele>695.2</ele></trkpt><trkpt lat="43.83122" lon="3.27378"><ele>695.5</ele></trkpt><trkpt lat="43.83082" lon="3.27352"><ele>696.3</ele></trkpt><trkpt lat="43.83074" lon="3.27328"><ele>697.1</ele></trkpt><trkpt lat="43.83082" lon="3.27285"><ele>698</ele></trkpt><trkpt lat="43.83099" lon="3.27229"><ele>698.9</ele></trkpt><trkpt lat="43.83097" lon="3.27206"><ele>699.9</ele></trkpt><trkpt lat="43.83004" lon="3.27089"><ele>701.9</ele></trkpt><trkpt lat="43.82965" lon="3.27028"><ele>703</ele></trkpt><trkpt lat="43.82893" lon="3.26896"><ele>705.7</ele></trkpt><trkpt lat="43.82824" lon="3.2679"><ele>707.2</ele></trkpt><trkpt lat="43.82705" lon="3.26629"><ele>707.1</ele></trkpt><trkpt lat="43.82649" lon="3.26567"><ele>706.2</ele></trkpt><trkpt lat="43.82603" lon="3.26522"><ele>705.7</ele></trkpt><trkpt lat="43.82562" lon="3.26476"><ele>705</ele></trkpt><trkpt lat="43.82523" lon="3.26448"><ele>703</ele></trkpt><trkpt lat="43.82476" lon="3.26374"><ele>701.1</ele></trkpt><trkpt lat="43.82447" lon="3.26369"><ele>700.5</ele></trkpt><trkpt lat="43.82379" lon="3.26397"><ele>698.4</ele></trkpt><trkpt lat="43.82319" lon="3.26435"><ele>697</ele></trkpt><trkpt lat="43.82244" lon="3.26502"><ele>697.6</ele></trkpt><trkpt lat="43.82224" lon="3.26494"><ele>697.9</ele></trkpt><trkpt lat="43.82184" lon="3.26432"><ele>699.2</ele></trkpt><trkpt lat="43.82109" lon="3.26462"><ele>697.8</ele></trkpt><trkpt lat="43.82073" lon="3.26432"><ele>702.5</ele></trkpt><trkpt lat="43.8205" lon="3.26407"><ele>704</ele></trkpt><trkpt lat="43.82023" lon="3.26418"><ele>702.5</ele></trkpt><trkpt lat="43.8198" lon="3.26535"><ele>702.8</ele></trkpt><trkpt lat="43.81977" lon="3.26579"><ele>706.5</ele></trkpt><trkpt lat="43.81998" lon="3.26665"><ele>708.2</ele></trkpt><trkpt lat="43.81989" lon="3.26744"><ele>709.8</ele></trkpt><trkpt lat="43.81962" lon="3.26814"><ele>710.8</ele></trkpt><trkpt lat="43.8192" lon="3.26865"><ele>712</ele></trkpt><trkpt lat="43.81885" lon="3.26896"><ele>713.3</ele></trkpt><trkpt lat="43.81838" lon="3.26898"><ele>715.6</ele></trkpt><trkpt lat="43.81767" lon="3.26873"><ele>715.6</ele></trkpt><trkpt lat="43.81703" lon="3.26867"><ele>721.1</ele></trkpt><trkpt lat="43.8167" lon="3.26859"><ele>725.4</ele></trkpt><trkpt lat="43.81631" lon="3.26879"><ele>730.9</ele></trkpt><trkpt lat="43.81478" lon="3.26893"><ele>724.6</ele></trkpt><trkpt lat="43.81374" lon="3.26917"><ele>721.6</ele></trkpt><trkpt lat="43.81333" lon="3.26942"><ele>723.6</ele></trkpt><trkpt lat="43.81267" lon="3.26946"><ele>728.4</ele></trkpt><trkpt lat="43.81168" lon="3.26931"><ele>732.4</ele></trkpt><trkpt lat="43.81131" lon="3.26936"><ele>735.3</ele></trkpt><trkpt lat="43.81059" lon="3.26899"><ele>738.5</ele></trkpt><trkpt lat="43.80987" lon="3.26883"><ele>737.7</ele></trkpt><trkpt lat="43.8096" lon="3.26869"><ele>735.7</ele></trkpt><trkpt lat="43.80933" lon="3.26843"><ele>734.6</ele></trkpt><trkpt lat="43.80876" lon="3.26852"><ele>732.4</ele></trkpt><trkpt lat="43.80852" lon="3.26865"><ele>731.1</ele></trkpt><trkpt lat="43.80761" lon="3.26848"><ele>723.8</ele></trkpt><trkpt lat="43.8073" lon="3.26821"><ele>721.5</ele></trkpt><trkpt lat="43.80722" lon="3.26799"><ele>721</ele></trkpt><trkpt lat="43.80756" lon="3.26742"><ele>719.6</ele></trkpt><trkpt lat="43.80753" lon="3.26713"><ele>719.5</ele></trkpt><trkpt lat="43.80721" lon="3.26695"><ele>716.1</ele></trkpt><trkpt lat="43.80682" lon="3.267"><ele>716.9</ele></trkpt><trkpt lat="43.80674" lon="3.26671"><ele>717.8</ele></trkpt><trkpt lat="43.807" lon="3.26611"><ele>720.4</ele></trkpt><trkpt lat="43.80685" lon="3.26508"><ele>723.8</ele></trkpt><trkpt lat="43.80691" lon="3.26449"><ele>725.1</ele></trkpt><trkpt lat="43.80701" lon="3.26409"><ele>726</ele></trkpt><trkpt lat="43.80731" lon="3.26365"><ele>727.4</ele></trkpt><trkpt lat="43.80783" lon="3.26318"><ele>730.9</ele></trkpt><trkpt lat="43.8078" lon="3.26298"><ele>732.4</ele></trkpt><trkpt lat="43.80747" lon="3.26299"><ele>732.7</ele></trkpt><trkpt lat="43.80691" lon="3.26325"><ele>735.6</ele></trkpt><trkpt lat="43.80664" lon="3.26318"><ele>735.5</ele></trkpt><trkpt lat="43.80654" lon="3.26304"><ele>738</ele></trkpt><trkpt lat="43.80657" lon="3.26271"><ele>738.9</ele></trkpt><trkpt lat="43.80703" lon="3.26232"><ele>738.1</ele></trkpt><trkpt lat="43.80747" lon="3.26216"><ele>735.3</ele></trkpt><trkpt lat="43.80771" lon="3.26214"><ele>734.3</ele></trkpt><trkpt lat="43.80776" lon="3.26154"><ele>729.6</ele></trkpt><trkpt lat="43.80788" lon="3.26092"><ele>726</ele></trkpt><trkpt lat="43.80802" lon="3.26055"><ele>725.6</ele></trkpt><trkpt lat="43.80789" lon="3.26015"><ele>725.4</ele></trkpt><trkpt lat="43.80705" lon="3.25936"><ele>725.7</ele></trkpt><trkpt lat="43.80635" lon="3.25895"><ele>729.1</ele></trkpt><trkpt lat="43.80602" lon="3.25869"><ele>732.2</ele></trkpt><trkpt lat="43.80575" lon="3.2584"><ele>735.4</ele></trkpt><trkpt lat="43.80557" lon="3.25783"><ele>736.3</ele></trkpt><trkpt lat="43.80506" lon="3.25783"><ele>733.6</ele></trkpt><trkpt lat="43.80474" lon="3.25776"><ele>731.1</ele></trkpt><trkpt lat="43.80433" lon="3.25755"><ele>727.7</ele></trkpt><trkpt lat="43.80378" lon="3.25699"><ele>725.2</ele></trkpt><trkpt lat="43.80278" lon="3.25707"><ele>721.5</ele></trkpt><trkpt lat="43.80229" lon="3.25741"><ele>725</ele></trkpt><trkpt lat="43.80212" lon="3.25767"><ele>727.4</ele></trkpt><trkpt lat="43.80201" lon="3.25845"><ele>730.5</ele></trkpt><trkpt lat="43.80192" lon="3.2585"><ele>733.4</ele></trkpt><trkpt lat="43.80168" lon="3.25825"><ele>736.1</ele></trkpt><trkpt lat="43.80132" lon="3.25868"><ele>739.2</ele></trkpt><trkpt lat="43.80094" lon="3.25888"><ele>738.4</ele></trkpt><trkpt lat="43.80074" lon="3.25903"><ele>738.7</ele></trkpt><trkpt lat="43.8006" lon="3.25897"><ele>735.7</ele></trkpt><trkpt lat="43.80051" lon="3.25859"><ele>732.9</ele></trkpt><trkpt lat="43.80025" lon="3.25869"><ele>730</ele></trkpt><trkpt lat="43.80006" lon="3.25868"><ele>727.7</ele></trkpt><trkpt lat="43.79974" lon="3.25844"><ele>729.3</ele></trkpt><trkpt lat="43.79914" lon="3.2583"><ele>728.4</ele></trkpt><trkpt lat="43.79876" lon="3.25809"><ele>727.4</ele></trkpt><trkpt lat="43.79819" lon="3.25813"><ele>724.9</ele></trkpt><trkpt lat="43.79734" lon="3.25855"><ele>723.3</ele></trkpt><trkpt lat="43.79698" lon="3.25877"><ele>724.4</ele></trkpt><trkpt lat="43.79666" lon="3.25887"><ele>722.1</ele></trkpt><trkpt lat="43.79626" lon="3.25888"><ele>724</ele></trkpt><trkpt lat="43.79612" lon="3.25879"><ele>724.7</ele></trkpt><trkpt lat="43.79594" lon="3.25853"><ele>725.5</ele></trkpt><trkpt lat="43.79572" lon="3.25833"><ele>726</ele></trkpt><trkpt lat="43.79536" lon="3.25822"><ele>727.1</ele></trkpt><trkpt lat="43.79476" lon="3.25794"><ele>730.9</ele></trkpt><trkpt lat="43.79499" lon="3.25734"><ele>731.6</ele></trkpt><trkpt lat="43.79491" lon="3.25574"><ele>741.5</ele></trkpt><trkpt lat="43.79494" lon="3.25478"><ele>747.6</ele></trkpt><trkpt lat="43.795" lon="3.25425"><ele>750.4</ele></trkpt><trkpt lat="43.79517" lon="3.25398"><ele>749.3</ele></trkpt><trkpt lat="43.79508" lon="3.25313"><ele>752.2</ele></trkpt><trkpt lat="43.79593" lon="3.25205"><ele>756.4</ele></trkpt><trkpt lat="43.79585" lon="3.25189"><ele>758.8</ele></trkpt><trkpt lat="43.79549" lon="3.25174"><ele>763.8</ele></trkpt><trkpt lat="43.79465" lon="3.25198"><ele>773.9</ele></trkpt><trkpt lat="43.79442" lon="3.25223"><ele>775.8</ele></trkpt><trkpt lat="43.79413" lon="3.25305"><ele>780.7</ele></trkpt><trkpt lat="43.79382" lon="3.25335"><ele>782.8</ele></trkpt><trkpt lat="43.7934" lon="3.25356"><ele>787</ele></trkpt><trkpt lat="43.79285" lon="3.25356"><ele>792.8</ele></trkpt><trkpt lat="43.79265" lon="3.2534"><ele>795</ele></trkpt><trkpt lat="43.79268" lon="3.25247"><ele>801.2</ele></trkpt><trkpt lat="43.79277" lon="3.25147"><ele>809.6</ele></trkpt><trkpt lat="43.79296" lon="3.25064"><ele>814.1</ele></trkpt><trkpt lat="43.79305" lon="3.25043"><ele>816.4</ele></trkpt><trkpt lat="43.79345" lon="3.25"><ele>820.4</ele></trkpt><trkpt lat="43.79373" lon="3.24981"><ele>820.9</ele></trkpt><trkpt lat="43.79392" lon="3.24961"><ele>821.8</ele></trkpt><trkpt lat="43.79406" lon="3.24939"><ele>822.8</ele></trkpt><trkpt lat="43.79432" lon="3.2485"><ele>828.1</ele></trkpt><trkpt lat="43.79441" lon="3.24791"><ele>828.6</ele></trkpt><trkpt lat="43.79474" lon="3.24705"><ele>827.5</ele></trkpt><trkpt lat="43.79553" lon="3.24555"><ele>828.3</ele></trkpt><trkpt lat="43.79583" lon="3.24471"><ele>829.9</ele></trkpt><trkpt lat="43.79603" lon="3.24398"><ele>833.4</ele></trkpt><trkpt lat="43.79633" lon="3.24212"><ele>830.7</ele></trkpt><trkpt lat="43.79635" lon="3.24157"><ele>828</ele></trkpt><trkpt lat="43.7954" lon="3.24188"><ele>827.4</ele></trkpt><trkpt lat="43.79514" lon="3.242"><ele>826.3</ele></trkpt><trkpt lat="43.7941" lon="3.24213"><ele>823.1</ele></trkpt><trkpt lat="43.79294" lon="3.2422"><ele>819.3</ele></trkpt><trkpt lat="43.79255" lon="3.24235"><ele>817.5</ele></trkpt><trkpt lat="43.79127" lon="3.24379"><ele>812.4</ele></trkpt><trkpt lat="43.79039" lon="3.24447"><ele>808</ele></trkpt><trkpt lat="43.7897" lon="3.24413"><ele>811.9</ele></trkpt><trkpt lat="43.78888" lon="3.24349"><ele>812.9</ele></trkpt><trkpt lat="43.78799" lon="3.24352"><ele>815.8</ele></trkpt><trkpt lat="43.78755" lon="3.24341"><ele>817.6</ele></trkpt><trkpt lat="43.78747" lon="3.24325"><ele>816.8</ele></trkpt><trkpt lat="43.78727" lon="3.24312"><ele>817.7</ele></trkpt><trkpt lat="43.78709" lon="3.24261"><ele>817.6</ele></trkpt><trkpt lat="43.78705" lon="3.24153"><ele>818.4</ele></trkpt><trkpt lat="43.78727" lon="3.24088"><ele>818.5</ele></trkpt><trkpt lat="43.78825" lon="3.24002"><ele>813.2</ele></trkpt><trkpt lat="43.78898" lon="3.2393"><ele>809.3</ele></trkpt><trkpt lat="43.78904" lon="3.23914"><ele>807.7</ele></trkpt><trkpt lat="43.78908" lon="3.2388"><ele>803.7</ele></trkpt><trkpt lat="43.7885" lon="3.23869"><ele>801.9</ele></trkpt><trkpt lat="43.78955" lon="3.2378"><ele>778.5</ele></trkpt><trkpt lat="43.78913" lon="3.23747"><ele>772.8</ele></trkpt><trkpt lat="43.78954" lon="3.23667"><ele>756</ele></trkpt><trkpt lat="43.78996" lon="3.23598"><ele>744.3</ele></trkpt><trkpt lat="43.79025" lon="3.23452"><ele>734.1</ele></trkpt><trkpt lat="43.79028" lon="3.23381"><ele>732.8</ele></trkpt><trkpt lat="43.79039" lon="3.23311"><ele>732.2</ele></trkpt><trkpt lat="43.79056" lon="3.23284"><ele>733.3</ele></trkpt><trkpt lat="43.79059" lon="3.23261"><ele>731.7</ele></trkpt><trkpt lat="43.79068" lon="3.2324"><ele>734.3</ele></trkpt><trkpt lat="43.79073" lon="3.23172"><ele>725.4</ele></trkpt><trkpt lat="43.79078" lon="3.2315"><ele>720.7</ele></trkpt><trkpt lat="43.79093" lon="3.23137"><ele>718.7</ele></trkpt><trkpt lat="43.79111" lon="3.23134"><ele>719.3</ele></trkpt><trkpt lat="43.79129" lon="3.23087"><ele>717.8</ele></trkpt><trkpt lat="43.79148" lon="3.23074"><ele>712.5</ele></trkpt><trkpt lat="43.79169" lon="3.23078"><ele>711.7</ele></trkpt><trkpt lat="43.79207" lon="3.23053"><ele>706.1</ele></trkpt><trkpt lat="43.79239" lon="3.2305"><ele>706.6</ele></trkpt><trkpt lat="43.79254" lon="3.23015"><ele>700.5</ele></trkpt><trkpt lat="43.79269" lon="3.22991"><ele>696</ele></trkpt><trkpt lat="43.79342" lon="3.22949"><ele>688.8</ele></trkpt><trkpt lat="43.7936" lon="3.22932"><ele>685.2</ele></trkpt><trkpt lat="43.79372" lon="3.22906"><ele>684.3</ele></trkpt><trkpt lat="43.79382" lon="3.22787"><ele>671.4</ele></trkpt><trkpt lat="43.79361" lon="3.22769"><ele>665.4</ele></trkpt><trkpt lat="43.79358" lon="3.22756"><ele>663.9</ele></trkpt><trkpt lat="43.7936" lon="3.2272"><ele>659.7</ele></trkpt><trkpt lat="43.79357" lon="3.22698"><ele>657.5</ele></trkpt><trkpt lat="43.79377" lon="3.22491"><ele>653.5</ele></trkpt><trkpt lat="43.79383" lon="3.22459"><ele>647.1</ele></trkpt><trkpt lat="43.79391" lon="3.22492"><ele>641.2</ele></trkpt><trkpt lat="43.79409" lon="3.22527"><ele>638.2</ele></trkpt><trkpt lat="43.7943" lon="3.22539"><ele>636.1</ele></trkpt><trkpt lat="43.79482" lon="3.2254"><ele>636.1</ele></trkpt><trkpt lat="43.79491" lon="3.22545"><ele>635.7</ele></trkpt><trkpt lat="43.79503" lon="3.22545"><ele>635.1</ele></trkpt><trkpt lat="43.79524" lon="3.22532"><ele>640.8</ele></trkpt><trkpt lat="43.79535" lon="3.22533"><ele>643.3</ele></trkpt><trkpt lat="43.79549" lon="3.22522"><ele>646.7</ele></trkpt><trkpt lat="43.79584" lon="3.22517"><ele>651.4</ele></trkpt><trkpt lat="43.796" lon="3.22501"><ele>654.8</ele></trkpt><trkpt lat="43.79626" lon="3.22487"><ele>660.6</ele></trkpt><trkpt lat="43.79636" lon="3.22448"><ele>658.9</ele></trkpt><trkpt lat="43.79636" lon="3.22426"><ele>656.6</ele></trkpt><trkpt lat="43.79659" lon="3.22422"><ele>657.7</ele></trkpt><trkpt lat="43.79708" lon="3.22429"><ele>661</ele></trkpt><trkpt lat="43.79731" lon="3.22425"><ele>661.1</ele></trkpt><trkpt lat="43.79737" lon="3.22406"><ele>662.5</ele></trkpt><trkpt lat="43.79723" lon="3.22342"><ele>660.4</ele></trkpt><trkpt lat="43.79694" lon="3.22279"><ele>662.7</ele></trkpt><trkpt lat="43.79658" lon="3.22183"><ele>663.4</ele></trkpt><trkpt lat="43.79585" lon="3.22027"><ele>667.2</ele></trkpt><trkpt lat="43.7958" lon="3.21988"><ele>669.5</ele></trkpt><trkpt lat="43.79605" lon="3.21923"><ele>678.2</ele></trkpt><trkpt lat="43.79602" lon="3.21853"><ele>683.2</ele></trkpt><trkpt lat="43.79581" lon="3.21707"><ele>691.1</ele></trkpt><trkpt lat="43.79592" lon="3.21687"><ele>693.5</ele></trkpt><trkpt lat="43.79709" lon="3.21637"><ele>699.8</ele></trkpt><trkpt lat="43.79794" lon="3.21486"><ele>690.8</ele></trkpt><trkpt lat="43.79982" lon="3.21259"><ele>680.6</ele></trkpt><trkpt lat="43.80025" lon="3.21321"><ele>680.2</ele></trkpt><trkpt lat="43.80032" lon="3.21312"><ele>679.9</ele></trkpt><trkpt lat="43.80039" lon="3.21313"><ele>679.7</ele></trkpt><trkpt lat="43.80006" lon="3.21205"><ele>680.6</ele></trkpt><trkpt lat="43.80002" lon="3.21228"><ele>680</ele></trkpt><trkpt lat="43.79815" lon="3.21466"><ele>689.7</ele></trkpt><trkpt lat="43.79768" lon="3.21531"><ele>694</ele></trkpt><trkpt lat="43.797" lon="3.21641"><ele>699.6</ele></trkpt><trkpt lat="43.79645" lon="3.21662"><ele>696.3</ele></trkpt><trkpt lat="43.79585" lon="3.21694"><ele>693.2</ele></trkpt><trkpt lat="43.79581" lon="3.21713"><ele>690.9</ele></trkpt><trkpt lat="43.79605" lon="3.21893"><ele>679.6</ele></trkpt><trkpt lat="43.79599" lon="3.21934"><ele>675.8</ele></trkpt><trkpt lat="43.79579" lon="3.2199"><ele>668.9</ele></trkpt><trkpt lat="43.79585" lon="3.22023"><ele>667.9</ele></trkpt><trkpt lat="43.79649" lon="3.22163"><ele>663.4</ele></trkpt><trkpt lat="43.79721" lon="3.22339"><ele>659.7</ele></trkpt><trkpt lat="43.79733" lon="3.22382"><ele>663.1</ele></trkpt><trkpt lat="43.79736" lon="3.22416"><ele>661.5</ele></trkpt><trkpt lat="43.79726" lon="3.22429"><ele>660.8</ele></trkpt><trkpt lat="43.7964" lon="3.22423"><ele>656.8</ele></trkpt><trkpt lat="43.79627" lon="3.22484"><ele>660.5</ele></trkpt><trkpt lat="43.79589" lon="3.22509"><ele>652.1</ele></trkpt><trkpt lat="43.79582" lon="3.2252"><ele>651.3</ele></trkpt><trkpt lat="43.79551" lon="3.22522"><ele>647.2</ele></trkpt><trkpt lat="43.79536" lon="3.22533"><ele>643.5</ele></trkpt><trkpt lat="43.79518" lon="3.22533"><ele>639.2</ele></trkpt><trkpt lat="43.79497" lon="3.22547"><ele>634.8</ele></trkpt><trkpt lat="43.79467" lon="3.22534"><ele>635.1</ele></trkpt><trkpt lat="43.79429" lon="3.22537"><ele>635.8</ele></trkpt><trkpt lat="43.79405" lon="3.22523"><ele>639.4</ele></trkpt><trkpt lat="43.79387" lon="3.2247"><ele>643.6</ele></trkpt><trkpt lat="43.79372" lon="3.22371"><ele>650.1</ele></trkpt><trkpt lat="43.79357" lon="3.22351"><ele>651.8</ele></trkpt><trkpt lat="43.79331" lon="3.22328"><ele>652.4</ele></trkpt><trkpt lat="43.79319" lon="3.22292"><ele>655.3</ele></trkpt><trkpt lat="43.79314" lon="3.22287"><ele>656.2</ele></trkpt><trkpt lat="43.79313" lon="3.22271"><ele>654.9</ele></trkpt><trkpt lat="43.79334" lon="3.22238"><ele>652</ele></trkpt><trkpt lat="43.79335" lon="3.22201"><ele>648.7</ele></trkpt><trkpt lat="43.7933" lon="3.22172"><ele>645</ele></trkpt><trkpt lat="43.79168" lon="3.21864"><ele>649.3</ele></trkpt><trkpt lat="43.79153" lon="3.21781"><ele>650.7</ele></trkpt><trkpt lat="43.79132" lon="3.21734"><ele>652.6</ele></trkpt><trkpt lat="43.79095" lon="3.21675"><ele>653.7</ele></trkpt><trkpt lat="43.79065" lon="3.21637"><ele>659.1</ele></trkpt><trkpt lat="43.79046" lon="3.21599"><ele>660.8</ele></trkpt><trkpt lat="43.79034" lon="3.2155"><ele>663.9</ele></trkpt><trkpt lat="43.79029" lon="3.21501"><ele>666.6</ele></trkpt><trkpt lat="43.79009" lon="3.21476"><ele>672.6</ele></trkpt><trkpt lat="43.78979" lon="3.21415"><ele>674</ele></trkpt><trkpt lat="43.78953" lon="3.21377"><ele>678.4</ele></trkpt><trkpt lat="43.78934" lon="3.21365"><ele>682.6</ele></trkpt><trkpt lat="43.789" lon="3.21336"><ele>686.9</ele></trkpt><trkpt lat="43.78888" lon="3.21316"><ele>688</ele></trkpt><trkpt lat="43.78887" lon="3.21294"><ele>687.1</ele></trkpt><trkpt lat="43.78868" lon="3.21282"><ele>690.9</ele></trkpt><trkpt lat="43.78861" lon="3.21269"><ele>692.3</ele></trkpt><trkpt lat="43.78861" lon="3.21253"><ele>692.9</ele></trkpt><trkpt lat="43.78879" lon="3.21215"><ele>690.7</ele></trkpt><trkpt lat="43.78904" lon="3.21136"><ele>688.9</ele></trkpt><trkpt lat="43.78891" lon="3.21102"><ele>688.7</ele></trkpt><trkpt lat="43.78884" lon="3.21058"><ele>686.8</ele></trkpt><trkpt lat="43.78902" lon="3.20993"><ele>684.3</ele></trkpt><trkpt lat="43.78918" lon="3.20949"><ele>681.7</ele></trkpt><trkpt lat="43.78888" lon="3.20878"><ele>680.3</ele></trkpt><trkpt lat="43.78833" lon="3.20709"><ele>665.4</ele></trkpt><trkpt lat="43.78815" lon="3.20642"><ele>657.8</ele></trkpt><trkpt lat="43.78805" lon="3.20571"><ele>652.9</ele></trkpt><trkpt lat="43.78793" lon="3.20533"><ele>650.7</ele></trkpt><trkpt lat="43.78737" lon="3.20425"><ele>647.3</ele></trkpt><trkpt lat="43.78687" lon="3.20291"><ele>643.8</ele></trkpt><trkpt lat="43.78608" lon="3.20131"><ele>635.9</ele></trkpt><trkpt lat="43.78557" lon="3.20065"><ele>626.8</ele></trkpt><trkpt lat="43.78502" lon="3.19984"><ele>617.8</ele></trkpt><trkpt lat="43.78426" lon="3.19853"><ele>605.8</ele></trkpt><trkpt lat="43.78395" lon="3.19788"><ele>601.3</ele></trkpt><trkpt lat="43.78363" lon="3.19791"><ele>597.9</ele></trkpt><trkpt lat="43.78323" lon="3.19769"><ele>596.4</ele></trkpt><trkpt lat="43.78259" lon="3.1978"><ele>593.6</ele></trkpt><trkpt lat="43.78226" lon="3.1973"><ele>589.9</ele></trkpt><trkpt lat="43.7821" lon="3.19679"><ele>583.5</ele></trkpt><trkpt lat="43.78182" lon="3.19657"><ele>582.7</ele></trkpt><trkpt lat="43.78168" lon="3.19638"><ele>582.7</ele></trkpt><trkpt lat="43.78164" lon="3.19721"><ele>579.2</ele></trkpt><trkpt lat="43.78152" lon="3.19712"><ele>575.8</ele></trkpt><trkpt lat="43.78125" lon="3.19649"><ele>570.5</ele></trkpt><trkpt lat="43.78096" lon="3.19598"><ele>568.5</ele></trkpt><trkpt lat="43.78071" lon="3.19563"><ele>565.7</ele></trkpt><trkpt lat="43.78032" lon="3.19568"><ele>561.9</ele></trkpt><trkpt lat="43.77964" lon="3.1957"><ele>560.3</ele></trkpt><trkpt lat="43.77912" lon="3.19618"><ele>559.3</ele></trkpt><trkpt lat="43.77892" lon="3.19611"><ele>560.8</ele></trkpt><trkpt lat="43.77864" lon="3.19549"><ele>556.5</ele></trkpt><trkpt lat="43.77845" lon="3.1953"><ele>555.5</ele></trkpt><trkpt lat="43.77819" lon="3.19538"><ele>554.4</ele></trkpt><trkpt lat="43.77807" lon="3.19557"><ele>555.4</ele></trkpt><trkpt lat="43.77806" lon="3.19584"><ele>556</ele></trkpt><trkpt lat="43.77817" lon="3.19732"><ele>552.6</ele></trkpt><trkpt lat="43.77813" lon="3.19861"><ele>549.8</ele></trkpt><trkpt lat="43.77804" lon="3.19892"><ele>546.8</ele></trkpt><trkpt lat="43.77796" lon="3.199"><ele>546.1</ele></trkpt><trkpt lat="43.77784" lon="3.19892"><ele>544.8</ele></trkpt><trkpt lat="43.77774" lon="3.19856"><ele>543.8</ele></trkpt><trkpt lat="43.77761" lon="3.19784"><ele>542.4</ele></trkpt><trkpt lat="43.7775" lon="3.19765"><ele>541.5</ele></trkpt><trkpt lat="43.77731" lon="3.19608"><ele>551</ele></trkpt><trkpt lat="43.7771" lon="3.19558"><ele>553.8</ele></trkpt><trkpt lat="43.77638" lon="3.19517"><ele>568.8</ele></trkpt><trkpt lat="43.77599" lon="3.195"><ele>572.7</ele></trkpt><trkpt lat="43.77483" lon="3.19564"><ele>587.5</ele></trkpt><trkpt lat="43.77453" lon="3.19551"><ele>589.7</ele></trkpt><trkpt lat="43.77432" lon="3.19532"><ele>591.7</ele></trkpt><trkpt lat="43.77388" lon="3.1948"><ele>595.1</ele></trkpt><trkpt lat="43.77364" lon="3.19439"><ele>596.3</ele></trkpt><trkpt lat="43.77337" lon="3.19428"><ele>596.6</ele></trkpt><trkpt lat="43.77279" lon="3.19512"><ele>598.4</ele></trkpt><trkpt lat="43.77218" lon="3.19547"><ele>605.5</ele></trkpt><trkpt lat="43.77153" lon="3.19591"><ele>615.1</ele></trkpt><trkpt lat="43.77122" lon="3.19622"><ele>616.6</ele></trkpt><trkpt lat="43.77086" lon="3.19667"><ele>616.9</ele></trkpt><trkpt lat="43.77053" lon="3.19684"><ele>616.4</ele></trkpt><trkpt lat="43.77009" lon="3.1987"><ele>605.4</ele></trkpt><trkpt lat="43.76982" lon="3.19916"><ele>601.4</ele></trkpt><trkpt lat="43.76884" lon="3.19984"><ele>591.3</ele></trkpt><trkpt lat="43.76788" lon="3.20026"><ele>579.7</ele></trkpt><trkpt lat="43.76738" lon="3.20029"><ele>574.2</ele></trkpt><trkpt lat="43.76708" lon="3.2002"><ele>570.2</ele></trkpt><trkpt lat="43.76676" lon="3.20016"><ele>567.3</ele></trkpt><trkpt lat="43.76655" lon="3.20026"><ele>567.8</ele></trkpt><trkpt lat="43.76651" lon="3.2004"><ele>566.2</ele></trkpt><trkpt lat="43.76689" lon="3.20072"><ele>565.2</ele></trkpt><trkpt lat="43.76741" lon="3.20104"><ele>563.5</ele></trkpt><trkpt lat="43.76818" lon="3.2016"><ele>563.3</ele></trkpt><trkpt lat="43.76902" lon="3.20199"><ele>562.1</ele></trkpt><trkpt lat="43.76966" lon="3.20239"><ele>560.1</ele></trkpt><trkpt lat="43.7704" lon="3.20316"><ele>561.1</ele></trkpt><trkpt lat="43.77067" lon="3.20379"><ele>557.8</ele></trkpt><trkpt lat="43.77076" lon="3.20429"><ele>555.9</ele></trkpt><trkpt lat="43.77079" lon="3.20473"><ele>554.9</ele></trkpt><trkpt lat="43.77078" lon="3.2058"><ele>555.5</ele></trkpt><trkpt lat="43.77064" lon="3.2064"><ele>558.4</ele></trkpt><trkpt lat="43.77053" lon="3.20654"><ele>556.6</ele></trkpt><trkpt lat="43.77028" lon="3.20647"><ele>556.8</ele></trkpt><trkpt lat="43.77008" lon="3.20631"><ele>549.9</ele></trkpt><trkpt lat="43.76941" lon="3.20605"><ele>549.1</ele></trkpt><trkpt lat="43.76838" lon="3.20653"><ele>548.6</ele></trkpt><trkpt lat="43.7676" lon="3.20663"><ele>547.4</ele></trkpt><trkpt lat="43.76675" lon="3.20683"><ele>544.1</ele></trkpt><trkpt lat="43.76675" lon="3.207"><ele>544.5</ele></trkpt><trkpt lat="43.76741" lon="3.20769"><ele>547.4</ele></trkpt><trkpt lat="43.76787" lon="3.20831"><ele>548.7</ele></trkpt><trkpt lat="43.76804" lon="3.20874"><ele>547.8</ele></trkpt><trkpt lat="43.76797" lon="3.20898"><ele>547.9</ele></trkpt><trkpt lat="43.76748" lon="3.20953"><ele>545.8</ele></trkpt><trkpt lat="43.76721" lon="3.21006"><ele>546.7</ele></trkpt><trkpt lat="43.76712" lon="3.21056"><ele>546</ele></trkpt><trkpt lat="43.76728" lon="3.21186"><ele>546.6</ele></trkpt><trkpt lat="43.76756" lon="3.21269"><ele>546.5</ele></trkpt><trkpt lat="43.76801" lon="3.21363"><ele>546.5</ele></trkpt><trkpt lat="43.76794" lon="3.21409"><ele>547.4</ele></trkpt><trkpt lat="43.76794" lon="3.21479"><ele>548.4</ele></trkpt><trkpt lat="43.76773" lon="3.21534"><ele>547.6</ele></trkpt><trkpt lat="43.76773" lon="3.21609"><ele>548.7</ele></trkpt><trkpt lat="43.76787" lon="3.21669"><ele>550</ele></trkpt><trkpt lat="43.76809" lon="3.21716"><ele>550.8</ele></trkpt><trkpt lat="43.76843" lon="3.21811"><ele>552.2</ele></trkpt><trkpt lat="43.76838" lon="3.21822"><ele>550.6</ele></trkpt><trkpt lat="43.76825" lon="3.21837"><ele>549.4</ele></trkpt><trkpt lat="43.76786" lon="3.21864"><ele>549</ele></trkpt><trkpt lat="43.76723" lon="3.21892"><ele>545.7</ele></trkpt><trkpt lat="43.76731" lon="3.22001"><ele>547.5</ele></trkpt><trkpt lat="43.7677" lon="3.22059"><ele>550.8</ele></trkpt><trkpt lat="43.76782" lon="3.22112"><ele>549.8</ele></trkpt><trkpt lat="43.76804" lon="3.22137"><ele>551.9</ele></trkpt><trkpt lat="43.76805" lon="3.22155"><ele>553.5</ele></trkpt><trkpt lat="43.7676" lon="3.22212"><ele>549.6</ele></trkpt><trkpt lat="43.76759" lon="3.22249"><ele>550.8</ele></trkpt><trkpt lat="43.76797" lon="3.22347"><ele>549.7</ele></trkpt><trkpt lat="43.76821" lon="3.22421"><ele>549.1</ele></trkpt><trkpt lat="43.7681" lon="3.22441"><ele>549.1</ele></trkpt><trkpt lat="43.76754" lon="3.22457"><ele>543.3</ele></trkpt><trkpt lat="43.76738" lon="3.22676"><ele>540.3</ele></trkpt><trkpt lat="43.76747" lon="3.22756"><ele>538.7</ele></trkpt><trkpt lat="43.76766" lon="3.22793"><ele>540.9</ele></trkpt><trkpt lat="43.7678" lon="3.2283"><ele>537.8</ele></trkpt><trkpt lat="43.76766" lon="3.22843"><ele>539</ele></trkpt><trkpt lat="43.76725" lon="3.22833"><ele>536.8</ele></trkpt><trkpt lat="43.76654" lon="3.22888"><ele>544.9</ele></trkpt><trkpt lat="43.76647" lon="3.22873"><ele>547.2</ele></trkpt><trkpt lat="43.76665" lon="3.22805"><ele>542.2</ele></trkpt><trkpt lat="43.76657" lon="3.22764"><ele>541.8</ele></trkpt><trkpt lat="43.76602" lon="3.22617"><ele>538.9</ele></trkpt><trkpt lat="43.76576" lon="3.22607"><ele>542.7</ele></trkpt><trkpt lat="43.76557" lon="3.22586"><ele>543.7</ele></trkpt><trkpt lat="43.76572" lon="3.22544"><ele>541.2</ele></trkpt><trkpt lat="43.76574" lon="3.22508"><ele>538.7</ele></trkpt><trkpt lat="43.7655" lon="3.22471"><ele>538.1</ele></trkpt><trkpt lat="43.76519" lon="3.22463"><ele>541.2</ele></trkpt><trkpt lat="43.76513" lon="3.22438"><ele>540.6</ele></trkpt><trkpt lat="43.76543" lon="3.22377"><ele>534.6</ele></trkpt><trkpt lat="43.76531" lon="3.22325"><ele>536.9</ele></trkpt><trkpt lat="43.76464" lon="3.2215"><ele>536.4</ele></trkpt><trkpt lat="43.7642" lon="3.22141"><ele>538.2</ele></trkpt><trkpt lat="43.76378" lon="3.22146"><ele>538.4</ele></trkpt><trkpt lat="43.76327" lon="3.22178"><ele>547.8</ele></trkpt><trkpt lat="43.76302" lon="3.22163"><ele>553.1</ele></trkpt><trkpt lat="43.76296" lon="3.2213"><ele>544.6</ele></trkpt><trkpt lat="43.76359" lon="3.21954"><ele>536.6</ele></trkpt><trkpt lat="43.76385" lon="3.21856"><ele>534.8</ele></trkpt><trkpt lat="43.76386" lon="3.21771"><ele>536.7</ele></trkpt><trkpt lat="43.76378" lon="3.21727"><ele>534.3</ele></trkpt><trkpt lat="43.76329" lon="3.21693"><ele>534.2</ele></trkpt><trkpt lat="43.7633" lon="3.21669"><ele>537</ele></trkpt><trkpt lat="43.76386" lon="3.21564"><ele>534.9</ele></trkpt><trkpt lat="43.7639" lon="3.21549"><ele>535.6</ele></trkpt><trkpt lat="43.76392" lon="3.21503"><ele>535.1</ele></trkpt><trkpt lat="43.76355" lon="3.21328"><ele>539.1</ele></trkpt><trkpt lat="43.76317" lon="3.2131"><ele>542.3</ele></trkpt><trkpt lat="43.76234" lon="3.21314"><ele>544</ele></trkpt><trkpt lat="43.76176" lon="3.21322"><ele>545</ele></trkpt><trkpt lat="43.76149" lon="3.21317"><ele>544.7</ele></trkpt><trkpt lat="43.76141" lon="3.21297"><ele>543.8</ele></trkpt><trkpt lat="43.76158" lon="3.21197"><ele>545.2</ele></trkpt><trkpt lat="43.76162" lon="3.21143"><ele>547.7</ele></trkpt><trkpt lat="43.76213" lon="3.21045"><ele>547.6</ele></trkpt><trkpt lat="43.76235" lon="3.20978"><ele>542.2</ele></trkpt><trkpt lat="43.76181" lon="3.20868"><ele>539.2</ele></trkpt><trkpt lat="43.76179" lon="3.20847"><ele>541.3</ele></trkpt><trkpt lat="43.76204" lon="3.20795"><ele>537.1</ele></trkpt><trkpt lat="43.76226" lon="3.20765"><ele>531.1</ele></trkpt><trkpt lat="43.76217" lon="3.20596"><ele>524</ele></trkpt><trkpt lat="43.76194" lon="3.2054"><ele>522.7</ele></trkpt><trkpt lat="43.76152" lon="3.2049"><ele>520.3</ele></trkpt><trkpt lat="43.76132" lon="3.20401"><ele>511.5</ele></trkpt><trkpt lat="43.76096" lon="3.204"><ele>512.4</ele></trkpt><trkpt lat="43.76054" lon="3.20412"><ele>509.3</ele></trkpt><trkpt lat="43.76008" lon="3.20449"><ele>510</ele></trkpt><trkpt lat="43.75952" lon="3.2047"><ele>506.7</ele></trkpt><trkpt lat="43.75946" lon="3.20452"><ele>503.7</ele></trkpt><trkpt lat="43.7595" lon="3.20389"><ele>496.6</ele></trkpt><trkpt lat="43.76003" lon="3.20258"><ele>488.1</ele></trkpt><trkpt lat="43.76041" lon="3.20202"><ele>484</ele></trkpt><trkpt lat="43.76064" lon="3.20174"><ele>479.2</ele></trkpt><trkpt lat="43.76079" lon="3.20125"><ele>476.6</ele></trkpt><trkpt lat="43.76069" lon="3.20083"><ele>475.1</ele></trkpt><trkpt lat="43.76038" lon="3.20034"><ele>470.7</ele></trkpt><trkpt lat="43.76019" lon="3.20012"><ele>467.9</ele></trkpt><trkpt lat="43.75965" lon="3.19991"><ele>463.9</ele></trkpt><trkpt lat="43.75909" lon="3.19986"><ele>464.3</ele></trkpt><trkpt lat="43.75887" lon="3.19888"><ele>454.4</ele></trkpt><trkpt lat="43.75869" lon="3.19854"><ele>449.4</ele></trkpt><trkpt lat="43.75827" lon="3.19862"><ele>448</ele></trkpt><trkpt lat="43.75775" lon="3.19845"><ele>443.9</ele></trkpt><trkpt lat="43.75762" lon="3.19833"><ele>443.3</ele></trkpt><trkpt lat="43.75745" lon="3.19774"><ele>437.1</ele></trkpt><trkpt lat="43.75757" lon="3.19758"><ele>435.7</ele></trkpt><trkpt lat="43.75794" lon="3.19741"><ele>430.9</ele></trkpt><trkpt lat="43.75807" lon="3.19697"><ele>431.4</ele></trkpt><trkpt lat="43.75825" lon="3.1968"><ele>426.8</ele></trkpt><trkpt lat="43.75828" lon="3.19667"><ele>426</ele></trkpt><trkpt lat="43.75813" lon="3.19632"><ele>422.4</ele></trkpt><trkpt lat="43.75786" lon="3.19635"><ele>422.7</ele></trkpt><trkpt lat="43.75752" lon="3.19613"><ele>418.3</ele></trkpt><trkpt lat="43.75708" lon="3.1955"><ele>413.9</ele></trkpt><trkpt lat="43.75694" lon="3.19542"><ele>413.5</ele></trkpt><trkpt lat="43.7566" lon="3.19553"><ele>414</ele></trkpt><trkpt lat="43.75644" lon="3.19548"><ele>413.8</ele></trkpt><trkpt lat="43.75604" lon="3.19502"><ele>409.8</ele></trkpt><trkpt lat="43.75583" lon="3.1947"><ele>408.5</ele></trkpt><trkpt lat="43.75558" lon="3.19464"><ele>406.5</ele></trkpt><trkpt lat="43.75444" lon="3.19478"><ele>399.7</ele></trkpt><trkpt lat="43.75422" lon="3.19467"><ele>396.5</ele></trkpt><trkpt lat="43.75404" lon="3.19472"><ele>396.1</ele></trkpt><trkpt lat="43.75383" lon="3.19472"><ele>392.9</ele></trkpt><trkpt lat="43.75356" lon="3.19487"><ele>391.8</ele></trkpt><trkpt lat="43.75332" lon="3.1948"><ele>387.8</ele></trkpt><trkpt lat="43.75287" lon="3.19483"><ele>385.5</ele></trkpt><trkpt lat="43.75274" lon="3.19508"><ele>388.8</ele></trkpt><trkpt lat="43.75221" lon="3.19525"><ele>389.1</ele></trkpt><trkpt lat="43.75079" lon="3.19513"><ele>382.3</ele></trkpt><trkpt lat="43.74878" lon="3.19526"><ele>376.4</ele></trkpt><trkpt lat="43.74777" lon="3.19546"><ele>375.5</ele></trkpt><trkpt lat="43.74752" lon="3.19564"><ele>376.7</ele></trkpt><trkpt lat="43.74716" lon="3.19579"><ele>374.7</ele></trkpt><trkpt lat="43.74689" lon="3.19606"><ele>372.8</ele></trkpt><trkpt lat="43.74648" lon="3.19668"><ele>370.8</ele></trkpt><trkpt lat="43.74622" lon="3.19761"><ele>374.5</ele></trkpt><trkpt lat="43.74626" lon="3.19823"><ele>371.7</ele></trkpt><trkpt lat="43.74623" lon="3.1986"><ele>370.5</ele></trkpt><trkpt lat="43.74613" lon="3.19882"><ele>369.1</ele></trkpt><trkpt lat="43.746" lon="3.19881"><ele>369</ele></trkpt><trkpt lat="43.74583" lon="3.19858"><ele>367.8</ele></trkpt><trkpt lat="43.7455" lon="3.19852"><ele>369.1</ele></trkpt><trkpt lat="43.74506" lon="3.19755"><ele>369.8</ele></trkpt><trkpt lat="43.74492" lon="3.19739"><ele>369.9</ele></trkpt><trkpt lat="43.74469" lon="3.19736"><ele>371.7</ele></trkpt><trkpt lat="43.74397" lon="3.19756"><ele>373.5</ele></trkpt><trkpt lat="43.74362" lon="3.1977"><ele>368.9</ele></trkpt><trkpt lat="43.74356" lon="3.1979"><ele>368.9</ele></trkpt><trkpt lat="43.74349" lon="3.19843"><ele>366.5</ele></trkpt><trkpt lat="43.74298" lon="3.19874"><ele>362</ele></trkpt><trkpt lat="43.74277" lon="3.19876"><ele>361.3</ele></trkpt><trkpt lat="43.74257" lon="3.19848"><ele>358.9</ele></trkpt><trkpt lat="43.74226" lon="3.19829"><ele>355.6</ele></trkpt><trkpt lat="43.74171" lon="3.19804"><ele>352.7</ele></trkpt><trkpt lat="43.74141" lon="3.19795"><ele>351.8</ele></trkpt><trkpt lat="43.74107" lon="3.19811"><ele>356</ele></trkpt><trkpt lat="43.74073" lon="3.19813"><ele>354.6</ele></trkpt><trkpt lat="43.74022" lon="3.19844"><ele>354.1</ele></trkpt><trkpt lat="43.74008" lon="3.19863"><ele>354.4</ele></trkpt><trkpt lat="43.73982" lon="3.19885"><ele>354.3</ele></trkpt><trkpt lat="43.73914" lon="3.19925"><ele>347.1</ele></trkpt><trkpt lat="43.73865" lon="3.19937"><ele>340.6</ele></trkpt><trkpt lat="43.73847" lon="3.19946"><ele>339.7</ele></trkpt><trkpt lat="43.7379" lon="3.19944"><ele>332.4</ele></trkpt><trkpt lat="43.73766" lon="3.19919"><ele>328.3</ele></trkpt><trkpt lat="43.73751" lon="3.19915"><ele>328.1</ele></trkpt><trkpt lat="43.7373" lon="3.19918"><ele>327.4</ele></trkpt><trkpt lat="43.73703" lon="3.19954"><ele>328.2</ele></trkpt><trkpt lat="43.73683" lon="3.1997"><ele>327.2</ele></trkpt><trkpt lat="43.73639" lon="3.19984"><ele>326.9</ele></trkpt><trkpt lat="43.73608" lon="3.19989"><ele>326</ele></trkpt><trkpt lat="43.73565" lon="3.19985"><ele>324.8</ele></trkpt><trkpt lat="43.73539" lon="3.19969"><ele>324.6</ele></trkpt><trkpt lat="43.73516" lon="3.19949"><ele>324.2</ele></trkpt><trkpt lat="43.735" lon="3.19956"><ele>324.4</ele></trkpt><trkpt lat="43.7348" lon="3.19989"><ele>324.4</ele></trkpt><trkpt lat="43.7347" lon="3.19967"><ele>323.7</ele></trkpt><trkpt lat="43.73475" lon="3.19933"><ele>325.8</ele></trkpt><trkpt lat="43.73485" lon="3.19911"><ele>325.6</ele></trkpt><trkpt lat="43.73491" lon="3.19836"><ele>330.9</ele></trkpt><trkpt lat="43.73532" lon="3.1978"><ele>335.4</ele></trkpt><trkpt lat="43.73541" lon="3.19747"><ele>340.1</ele></trkpt><trkpt lat="43.73549" lon="3.19668"><ele>346.8</ele></trkpt><trkpt lat="43.73575" lon="3.19681"><ele>350.2</ele></trkpt><trkpt lat="43.7359" lon="3.19675"><ele>354.4</ele></trkpt><trkpt lat="43.73622" lon="3.19635"><ele>363.3</ele></trkpt><trkpt lat="43.73637" lon="3.19624"><ele>365.5</ele></trkpt><trkpt lat="43.73654" lon="3.19625"><ele>367.4</ele></trkpt><trkpt lat="43.73665" lon="3.1963"><ele>367.4</ele></trkpt><trkpt lat="43.73683" lon="3.19627"><ele>367.8</ele></trkpt><trkpt lat="43.73723" lon="3.19584"><ele>373.9</ele></trkpt><trkpt lat="43.73724" lon="3.19556"><ele>375</ele></trkpt><trkpt lat="43.73734" lon="3.19549"><ele>376.1</ele></trkpt><trkpt lat="43.73752" lon="3.19545"><ele>376.6</ele></trkpt><trkpt lat="43.73767" lon="3.19511"><ele>380.6</ele></trkpt><trkpt lat="43.73767" lon="3.19434"><ele>387.7</ele></trkpt><trkpt lat="43.7374" lon="3.1944"><ele>387.6</ele></trkpt><trkpt lat="43.73707" lon="3.19429"><ele>390.3</ele></trkpt><trkpt lat="43.73693" lon="3.19438"><ele>389.1</ele></trkpt><trkpt lat="43.73686" lon="3.1945"><ele>387.6</ele></trkpt><trkpt lat="43.73696" lon="3.19447"><ele>387.8</ele></trkpt><trkpt lat="43.73679" lon="3.1945"><ele>387.6</ele></trkpt><trkpt lat="43.7367" lon="3.19446"><ele>387.9</ele></trkpt><trkpt lat="43.73662" lon="3.19426"><ele>390.3</ele></trkpt><trkpt lat="43.73625" lon="3.19414"><ele>393.6</ele></trkpt><trkpt lat="43.73623" lon="3.19388"><ele>395.2</ele></trkpt><trkpt lat="43.73614" lon="3.19367"><ele>398.3</ele></trkpt><trkpt lat="43.73599" lon="3.1936"><ele>400.7</ele></trkpt><trkpt lat="43.73551" lon="3.19386"><ele>397.2</ele></trkpt><trkpt lat="43.73506" lon="3.19363"><ele>403.9</ele></trkpt><trkpt lat="43.73479" lon="3.19368"><ele>403</ele></trkpt><trkpt lat="43.73469" lon="3.19376"><ele>402.3</ele></trkpt><trkpt lat="43.73434" lon="3.19433"><ele>405.7</ele></trkpt><trkpt lat="43.73403" lon="3.19434"><ele>410.8</ele></trkpt><trkpt lat="43.73223" lon="3.19473"><ele>423.7</ele></trkpt><trkpt lat="43.7316" lon="3.19506"><ele>431.3</ele></trkpt><trkpt lat="43.73138" lon="3.19508"><ele>434.3</ele></trkpt><trkpt lat="43.73133" lon="3.1947"><ele>438.3</ele></trkpt><trkpt lat="43.73142" lon="3.19465"><ele>442.4</ele></trkpt><trkpt lat="43.73158" lon="3.19469"><ele>442.8</ele></trkpt><trkpt lat="43.73174" lon="3.19457"><ele>446.2</ele></trkpt><trkpt lat="43.73226" lon="3.19393"><ele>455.7</ele></trkpt><trkpt lat="43.73271" lon="3.19354"><ele>460.9</ele></trkpt><trkpt lat="43.73293" lon="3.1933"><ele>461</ele></trkpt><trkpt lat="43.73309" lon="3.19303"><ele>465</ele></trkpt><trkpt lat="43.73305" lon="3.19293"><ele>469.2</ele></trkpt><trkpt lat="43.73293" lon="3.19305"><ele>468.4</ele></trkpt><trkpt lat="43.73258" lon="3.19305"><ele>471.8</ele></trkpt><trkpt lat="43.73224" lon="3.19288"><ele>474.6</ele></trkpt><trkpt lat="43.73191" lon="3.19292"><ele>474.8</ele></trkpt><trkpt lat="43.73179" lon="3.19287"><ele>474.9</ele></trkpt><trkpt lat="43.73158" lon="3.19253"><ele>477.1</ele></trkpt><trkpt lat="43.73114" lon="3.19163"><ele>482.2</ele></trkpt><trkpt lat="43.73089" lon="3.19125"><ele>483.8</ele></trkpt><trkpt lat="43.73082" lon="3.19098"><ele>485.2</ele></trkpt><trkpt lat="43.73081" lon="3.19079"><ele>485.7</ele></trkpt><trkpt lat="43.73085" lon="3.19049"><ele>488.2</ele></trkpt><trkpt lat="43.73067" lon="3.1902"><ele>487.5</ele></trkpt><trkpt lat="43.73066" lon="3.18873"><ele>492.9</ele></trkpt><trkpt lat="43.73076" lon="3.18823"><ele>498.7</ele></trkpt><trkpt lat="43.73074" lon="3.18797"><ele>500.1</ele></trkpt><trkpt lat="43.73069" lon="3.1878"><ele>500.3</ele></trkpt><trkpt lat="43.73073" lon="3.18742"><ele>500.8</ele></trkpt><trkpt lat="43.73067" lon="3.18691"><ele>502.3</ele></trkpt><trkpt lat="43.73037" lon="3.18626"><ele>501</ele></trkpt><trkpt lat="43.73005" lon="3.18573"><ele>502.5</ele></trkpt><trkpt lat="43.73012" lon="3.18527"><ele>501.4</ele></trkpt><trkpt lat="43.73012" lon="3.18495"><ele>501.6</ele></trkpt><trkpt lat="43.73039" lon="3.18403"><ele>496.3</ele></trkpt><trkpt lat="43.73042" lon="3.18361"><ele>492.9</ele></trkpt><trkpt lat="43.73038" lon="3.18309"><ele>490.1</ele></trkpt><trkpt lat="43.73041" lon="3.18281"><ele>488.7</ele></trkpt><trkpt lat="43.73054" lon="3.18249"><ele>486.2</ele></trkpt><trkpt lat="43.73045" lon="3.18217"><ele>486.9</ele></trkpt><trkpt lat="43.73051" lon="3.18201"><ele>486</ele></trkpt><trkpt lat="43.73058" lon="3.18195"><ele>485.6</ele></trkpt><trkpt lat="43.73056" lon="3.18186"><ele>481.6</ele></trkpt><trkpt lat="43.73046" lon="3.18172"><ele>475.5</ele></trkpt><trkpt lat="43.73025" lon="3.18176"><ele>479.1</ele></trkpt><trkpt lat="43.72992" lon="3.1816"><ele>481.4</ele></trkpt><trkpt lat="43.72939" lon="3.18151"><ele>474.2</ele></trkpt><trkpt lat="43.72935" lon="3.18142"><ele>469.5</ele></trkpt><trkpt lat="43.72939" lon="3.18136"><ele>467.2</ele></trkpt><trkpt lat="43.72935" lon="3.18133"><ele>465.5</ele></trkpt><trkpt lat="43.72919" lon="3.18135"><ele>464.7</ele></trkpt><trkpt lat="43.72802" lon="3.18073"><ele>448</ele></trkpt><trkpt lat="43.7279" lon="3.18051"><ele>442.5</ele></trkpt><trkpt lat="43.7278" lon="3.18048"><ele>442.9</ele></trkpt><trkpt lat="43.72765" lon="3.18054"><ele>442.4</ele></trkpt><trkpt lat="43.72707" lon="3.18134"><ele>443.9</ele></trkpt><trkpt lat="43.72691" lon="3.18168"><ele>443.3</ele></trkpt><trkpt lat="43.72679" lon="3.18185"><ele>443.5</ele></trkpt><trkpt lat="43.72639" lon="3.18208"><ele>440.5</ele></trkpt><trkpt lat="43.72582" lon="3.18277"><ele>437.9</ele></trkpt><trkpt lat="43.7257" lon="3.18277"><ele>437.8</ele></trkpt><trkpt lat="43.72544" lon="3.18259"><ele>434.1</ele></trkpt><trkpt lat="43.72531" lon="3.18244"><ele>432.9</ele></trkpt><trkpt lat="43.72517" lon="3.18235"><ele>434.4</ele></trkpt><trkpt lat="43.7249" lon="3.1819"><ele>431.1</ele></trkpt><trkpt lat="43.72483" lon="3.1816"><ele>430.3</ele></trkpt><trkpt lat="43.72472" lon="3.18142"><ele>431.5</ele></trkpt><trkpt lat="43.72442" lon="3.18128"><ele>431.8</ele></trkpt><trkpt lat="43.72419" lon="3.1813"><ele>434.2</ele></trkpt><trkpt lat="43.72388" lon="3.18145"><ele>435.2</ele></trkpt><trkpt lat="43.72324" lon="3.18254"><ele>440.5</ele></trkpt><trkpt lat="43.72302" lon="3.18286"><ele>441.6</ele></trkpt><trkpt lat="43.72252" lon="3.18333"><ele>443.3</ele></trkpt><trkpt lat="43.72204" lon="3.18364"><ele>445.6</ele></trkpt><trkpt lat="43.72162" lon="3.18363"><ele>443.6</ele></trkpt><trkpt lat="43.72124" lon="3.18344"><ele>441</ele></trkpt><trkpt lat="43.72088" lon="3.18339"><ele>439.8</ele></trkpt><trkpt lat="43.72039" lon="3.18307"><ele>438.9</ele></trkpt><trkpt lat="43.71984" lon="3.18252"><ele>436.6</ele></trkpt><trkpt lat="43.71959" lon="3.18211"><ele>432.9</ele></trkpt><trkpt lat="43.71822" lon="3.18166"><ele>435.7</ele></trkpt><trkpt lat="43.71801" lon="3.18143"><ele>437.1</ele></trkpt><trkpt lat="43.71759" lon="3.18076"><ele>438.2</ele></trkpt><trkpt lat="43.71753" lon="3.18059"><ele>438.4</ele></trkpt><trkpt lat="43.71747" lon="3.17999"><ele>437.6</ele></trkpt><trkpt lat="43.71734" lon="3.17958"><ele>437.2</ele></trkpt><trkpt lat="43.71715" lon="3.17954"><ele>438.8</ele></trkpt><trkpt lat="43.71671" lon="3.1798"><ele>444.1</ele></trkpt><trkpt lat="43.71625" lon="3.18017"><ele>448.8</ele></trkpt><trkpt lat="43.71553" lon="3.181"><ele>456.1</ele></trkpt><trkpt lat="43.71586" lon="3.18084"><ele>459.1</ele></trkpt><trkpt lat="43.71622" lon="3.18058"><ele>461.6</ele></trkpt><trkpt lat="43.71676" lon="3.1804"><ele>465.7</ele></trkpt><trkpt lat="43.71696" lon="3.18044"><ele>467.4</ele></trkpt><trkpt lat="43.71739" lon="3.18204"><ele>479.7</ele></trkpt><trkpt lat="43.71717" lon="3.182"><ele>483.6</ele></trkpt><trkpt lat="43.71667" lon="3.18167"><ele>491.9</ele></trkpt><trkpt lat="43.71647" lon="3.18183"><ele>494.7</ele></trkpt><trkpt lat="43.71586" lon="3.1827"><ele>496.8</ele></trkpt><trkpt lat="43.71502" lon="3.18371"><ele>491.5</ele></trkpt><trkpt lat="43.71486" lon="3.18422"><ele>492.1</ele></trkpt><trkpt lat="43.71467" lon="3.185"><ele>492.2</ele></trkpt><trkpt lat="43.71463" lon="3.18532"><ele>492.3</ele></trkpt><trkpt lat="43.7147" lon="3.1857"><ele>493.7</ele></trkpt><trkpt lat="43.71484" lon="3.18616"><ele>493.7</ele></trkpt><trkpt lat="43.71506" lon="3.18671"><ele>486.5</ele></trkpt><trkpt lat="43.71509" lon="3.18742"><ele>479.9</ele></trkpt><trkpt lat="43.71608" lon="3.18734"><ele>481.3</ele></trkpt><trkpt lat="43.71643" lon="3.18783"><ele>476.7</ele></trkpt><trkpt lat="43.71701" lon="3.18802"><ele>472</ele></trkpt><trkpt lat="43.71765" lon="3.18851"><ele>468.7</ele></trkpt><trkpt lat="43.71879" lon="3.18916"><ele>465</ele></trkpt><trkpt lat="43.7189" lon="3.18925"><ele>464.8</ele></trkpt><trkpt lat="43.719" lon="3.18941"><ele>465.3</ele></trkpt><trkpt lat="43.71903" lon="3.18991"><ele>466.7</ele></trkpt><trkpt lat="43.71883" lon="3.19076"><ele>465.6</ele></trkpt><trkpt lat="43.71857" lon="3.19166"><ele>462.9</ele></trkpt><trkpt lat="43.71832" lon="3.19199"><ele>460.2</ele></trkpt><trkpt lat="43.71827" lon="3.1923"><ele>454.3</ele></trkpt><trkpt lat="43.71851" lon="3.19239"><ele>453.6</ele></trkpt><trkpt lat="43.71906" lon="3.19239"><ele>446.5</ele></trkpt><trkpt lat="43.71945" lon="3.19228"><ele>440</ele></trkpt><trkpt lat="43.71997" lon="3.19205"><ele>436.3</ele></trkpt><trkpt lat="43.72038" lon="3.192"><ele>432.9</ele></trkpt><trkpt lat="43.72076" lon="3.19205"><ele>429.9</ele></trkpt><trkpt lat="43.72105" lon="3.192"><ele>426.9</ele></trkpt><trkpt lat="43.72121" lon="3.19175"><ele>425.6</ele></trkpt><trkpt lat="43.72131" lon="3.19176"><ele>424.1</ele></trkpt><trkpt lat="43.72137" lon="3.19196"><ele>421.1</ele></trkpt><trkpt lat="43.72128" lon="3.19217"><ele>418.8</ele></trkpt><trkpt lat="43.71997" lon="3.19372"><ele>412.4</ele></trkpt><trkpt lat="43.71982" lon="3.19383"><ele>410.6</ele></trkpt><trkpt lat="43.71963" lon="3.19386"><ele>409.9</ele></trkpt><trkpt lat="43.71902" lon="3.19376"><ele>406.5</ele></trkpt><trkpt lat="43.7186" lon="3.19384"><ele>404.9</ele></trkpt><trkpt lat="43.71802" lon="3.19387"><ele>407.3</ele></trkpt><trkpt lat="43.71772" lon="3.19395"><ele>404.6</ele></trkpt><trkpt lat="43.71763" lon="3.19384"><ele>405.2</ele></trkpt><trkpt lat="43.71766" lon="3.1933"><ele>409</ele></trkpt><trkpt lat="43.71754" lon="3.19258"><ele>408.9</ele></trkpt><trkpt lat="43.71738" lon="3.19204"><ele>408.5</ele></trkpt><trkpt lat="43.71721" lon="3.19161"><ele>407.4</ele></trkpt><trkpt lat="43.71717" lon="3.19097"><ele>408.9</ele></trkpt><trkpt lat="43.71707" lon="3.19071"><ele>408.5</ele></trkpt><trkpt lat="43.71698" lon="3.19057"><ele>407.8</ele></trkpt><trkpt lat="43.71671" lon="3.1906"><ele>407</ele></trkpt><trkpt lat="43.71649" lon="3.19057"><ele>407.7</ele></trkpt><trkpt lat="43.71628" lon="3.19049"><ele>408.8</ele></trkpt><trkpt lat="43.71602" lon="3.19054"><ele>407.3</ele></trkpt><trkpt lat="43.71572" lon="3.19066"><ele>404.2</ele></trkpt><trkpt lat="43.71545" lon="3.19066"><ele>403.5</ele></trkpt><trkpt lat="43.71454" lon="3.19096"><ele>390.9</ele></trkpt><trkpt lat="43.71426" lon="3.191"><ele>388.4</ele></trkpt><trkpt lat="43.71358" lon="3.19083"><ele>387</ele></trkpt><trkpt lat="43.71343" lon="3.19088"><ele>385.7</ele></trkpt><trkpt lat="43.71322" lon="3.19069"><ele>386.6</ele></trkpt><trkpt lat="43.71314" lon="3.19053"><ele>387.2</ele></trkpt><trkpt lat="43.71306" lon="3.19052"><ele>385.3</ele></trkpt><trkpt lat="43.71173" lon="3.19183"><ele>365.2</ele></trkpt><trkpt lat="43.71147" lon="3.19198"><ele>362.9</ele></trkpt><trkpt lat="43.71127" lon="3.19198"><ele>358.6</ele></trkpt><trkpt lat="43.71117" lon="3.19209"><ele>358.8</ele></trkpt><trkpt lat="43.71107" lon="3.19235"><ele>361</ele></trkpt><trkpt lat="43.71039" lon="3.19293"><ele>351.3</ele></trkpt><trkpt lat="43.7101" lon="3.19291"><ele>349</ele></trkpt><trkpt lat="43.70991" lon="3.19294"><ele>348.5</ele></trkpt><trkpt lat="43.71003" lon="3.19325"><ele>346.6</ele></trkpt><trkpt lat="43.71019" lon="3.19348"><ele>344</ele></trkpt><trkpt lat="43.71101" lon="3.19365"><ele>346.9</ele></trkpt><trkpt lat="43.71138" lon="3.19401"><ele>342.1</ele></trkpt><trkpt lat="43.71195" lon="3.19438"><ele>340.4</ele></trkpt><trkpt lat="43.71213" lon="3.19461"><ele>333.9</ele></trkpt><trkpt lat="43.71241" lon="3.19475"><ele>335.8</ele></trkpt><trkpt lat="43.71263" lon="3.19499"><ele>330.3</ele></trkpt><trkpt lat="43.71281" lon="3.19509"><ele>330.3</ele></trkpt><trkpt lat="43.7131" lon="3.19501"><ele>327.9</ele></trkpt><trkpt lat="43.71367" lon="3.19446"><ele>323.5</ele></trkpt><trkpt lat="43.71369" lon="3.19454"><ele>321.1</ele></trkpt><trkpt lat="43.71333" lon="3.19498"><ele>319.9</ele></trkpt><trkpt lat="43.713" lon="3.19557"><ele>311.7</ele></trkpt><trkpt lat="43.71275" lon="3.19552"><ele>311</ele></trkpt><trkpt lat="43.71251" lon="3.19535"><ele>310.8</ele></trkpt><trkpt lat="43.71181" lon="3.19495"><ele>305.3</ele></trkpt><trkpt lat="43.71097" lon="3.1947"><ele>300</ele></trkpt><trkpt lat="43.71014" lon="3.19482"><ele>292.5</ele></trkpt><trkpt lat="43.70948" lon="3.19478"><ele>287.9</ele></trkpt><trkpt lat="43.70943" lon="3.19495"><ele>283.1</ele></trkpt><trkpt lat="43.7091" lon="3.19486"><ele>281.8</ele></trkpt><trkpt lat="43.70896" lon="3.19488"><ele>281</ele></trkpt><trkpt lat="43.70889" lon="3.19503"><ele>279.9</ele></trkpt><trkpt lat="43.7088" lon="3.19501"><ele>279</ele></trkpt><trkpt lat="43.7087" lon="3.19486"><ele>279.3</ele></trkpt><trkpt lat="43.70848" lon="3.19473"><ele>279.5</ele></trkpt><trkpt lat="43.70801" lon="3.19459"><ele>278.4</ele></trkpt><trkpt lat="43.70777" lon="3.19429"><ele>277.5</ele></trkpt><trkpt lat="43.70733" lon="3.1933"><ele>274.1</ele></trkpt><trkpt lat="43.70693" lon="3.19345"><ele>273.6</ele></trkpt><trkpt lat="43.70701" lon="3.19375"><ele>273.7</ele></trkpt><trkpt lat="43.70707" lon="3.19417"><ele>274.2</ele></trkpt><trkpt lat="43.70682" lon="3.19477"><ele>277.1</ele></trkpt><trkpt lat="43.70671" lon="3.19479"><ele>277.4</ele></trkpt><trkpt lat="43.70657" lon="3.19519"><ele>279.7</ele></trkpt><trkpt lat="43.70614" lon="3.1957"><ele>284.8</ele></trkpt><trkpt lat="43.70601" lon="3.1963"><ele>287.9</ele></trkpt><trkpt lat="43.70605" lon="3.19685"><ele>288.5</ele></trkpt><trkpt lat="43.70616" lon="3.19711"><ele>289.2</ele></trkpt><trkpt lat="43.7061" lon="3.19779"><ele>291.3</ele></trkpt><trkpt lat="43.70602" lon="3.19792"><ele>292.4</ele></trkpt><trkpt lat="43.70532" lon="3.19834"><ele>295.1</ele></trkpt><trkpt lat="43.70501" lon="3.19845"><ele>298.5</ele></trkpt><trkpt lat="43.70461" lon="3.19887"><ele>299.9</ele></trkpt><trkpt lat="43.70449" lon="3.19892"><ele>302.1</ele></trkpt><trkpt lat="43.70419" lon="3.19927"><ele>302.1</ele></trkpt><trkpt lat="43.7041" lon="3.19947"><ele>301.1</ele></trkpt><trkpt lat="43.70405" lon="3.19949"><ele>304.6</ele></trkpt><trkpt lat="43.70406" lon="3.19938"><ele>305.8</ele></trkpt><trkpt lat="43.7042" lon="3.19912"><ele>306.8</ele></trkpt><trkpt lat="43.70546" lon="3.19767"><ele>316.8</ele></trkpt><trkpt lat="43.7055" lon="3.19727"><ele>321.6</ele></trkpt><trkpt lat="43.70544" lon="3.19645"><ele>327.4</ele></trkpt><trkpt lat="43.70545" lon="3.19604"><ele>330.4</ele></trkpt><trkpt lat="43.70553" lon="3.19554"><ele>333.8</ele></trkpt><trkpt lat="43.70548" lon="3.19552"><ele>337.2</ele></trkpt><trkpt lat="43.7053" lon="3.19618"><ele>338.8</ele></trkpt><trkpt lat="43.70515" lon="3.197"><ele>342.8</ele></trkpt><trkpt lat="43.70496" lon="3.1974"><ele>344.5</ele></trkpt><trkpt lat="43.7044" lon="3.19787"><ele>349</ele></trkpt><trkpt lat="43.70411" lon="3.19807"><ele>352.7</ele></trkpt><trkpt lat="43.70344" lon="3.19891"><ele>358.9</ele></trkpt><trkpt lat="43.70325" lon="3.19933"><ele>360.6</ele></trkpt><trkpt lat="43.70296" lon="3.19984"><ele>362.7</ele></trkpt><trkpt lat="43.70289" lon="3.1999"><ele>364.7</ele></trkpt><trkpt lat="43.70276" lon="3.20046"><ele>365.4</ele></trkpt><trkpt lat="43.7025" lon="3.20103"><ele>369.8</ele></trkpt><trkpt lat="43.70228" lon="3.20142"><ele>372</ele></trkpt><trkpt lat="43.7019" lon="3.20187"><ele>376.3</ele></trkpt><trkpt lat="43.70155" lon="3.20215"><ele>377.3</ele></trkpt><trkpt lat="43.70107" lon="3.20227"><ele>382</ele></trkpt><trkpt lat="43.69942" lon="3.2023"><ele>391.5</ele></trkpt><trkpt lat="43.69928" lon="3.20224"><ele>391.4</ele></trkpt><trkpt lat="43.69907" lon="3.20199"><ele>398.3</ele></trkpt><trkpt lat="43.69878" lon="3.20205"><ele>395.6</ele></trkpt><trkpt lat="43.6986" lon="3.20197"><ele>397.7</ele></trkpt><trkpt lat="43.69821" lon="3.20136"><ele>406.4</ele></trkpt><trkpt lat="43.69811" lon="3.20138"><ele>406.1</ele></trkpt><trkpt lat="43.69782" lon="3.20169"><ele>405.6</ele></trkpt><trkpt lat="43.69759" lon="3.2018"><ele>409.1</ele></trkpt><trkpt lat="43.69728" lon="3.20183"><ele>411.7</ele></trkpt><trkpt lat="43.69648" lon="3.20111"><ele>427</ele></trkpt><trkpt lat="43.69625" lon="3.2014"><ele>427.7</ele></trkpt><trkpt lat="43.696" lon="3.2018"><ele>430</ele></trkpt><trkpt lat="43.69476" lon="3.20238"><ele>445.2</ele></trkpt><trkpt lat="43.694" lon="3.20222"><ele>458.1</ele></trkpt><trkpt lat="43.69324" lon="3.20217"><ele>463.6</ele></trkpt><trkpt lat="43.69258" lon="3.20093"><ele>481.7</ele></trkpt><trkpt lat="43.69232" lon="3.2003"><ele>489</ele></trkpt><trkpt lat="43.69225" lon="3.19983"><ele>493.6</ele></trkpt><trkpt lat="43.6918" lon="3.19983"><ele>500</ele></trkpt><trkpt lat="43.69168" lon="3.20029"><ele>498.1</ele></trkpt><trkpt lat="43.69152" lon="3.20055"><ele>503.1</ele></trkpt><trkpt lat="43.69143" lon="3.20084"><ele>502.7</ele></trkpt><trkpt lat="43.69078" lon="3.20203"><ele>515.5</ele></trkpt><trkpt lat="43.69061" lon="3.20226"><ele>516.8</ele></trkpt><trkpt lat="43.69028" lon="3.20245"><ele>519.9</ele></trkpt><trkpt lat="43.68965" lon="3.20232"><ele>528.9</ele></trkpt><trkpt lat="43.68929" lon="3.2022"><ele>529.7</ele></trkpt><trkpt lat="43.6889" lon="3.20172"><ele>536.7</ele></trkpt><trkpt lat="43.6883" lon="3.19992"><ele>551.6</ele></trkpt><trkpt lat="43.68807" lon="3.19937"><ele>556.4</ele></trkpt><trkpt lat="43.68763" lon="3.19873"><ele>561.7</ele></trkpt><trkpt lat="43.68745" lon="3.19831"><ele>566.5</ele></trkpt><trkpt lat="43.68733" lon="3.19788"><ele>570.1</ele></trkpt><trkpt lat="43.68719" lon="3.19786"><ele>570.3</ele></trkpt><trkpt lat="43.68645" lon="3.19831"><ele>577.2</ele></trkpt><trkpt lat="43.68592" lon="3.19858"><ele>582.4</ele></trkpt><trkpt lat="43.6856" lon="3.19868"><ele>584.3</ele></trkpt><trkpt lat="43.68468" lon="3.20004"><ele>588.1</ele></trkpt><trkpt lat="43.68282" lon="3.20258"><ele>588</ele></trkpt><trkpt lat="43.68188" lon="3.20169"><ele>585.5</ele></trkpt><trkpt lat="43.67924" lon="3.19951"><ele>588</ele></trkpt><trkpt lat="43.67824" lon="3.20119"><ele>594.5</ele></trkpt><trkpt lat="43.67772" lon="3.20218"><ele>594.2</ele></trkpt><trkpt lat="43.67749" lon="3.20293"><ele>593</ele></trkpt><trkpt lat="43.67719" lon="3.20415"><ele>591</ele></trkpt><trkpt lat="43.67704" lon="3.20433"><ele>591</ele></trkpt><trkpt lat="43.67667" lon="3.20445"><ele>591</ele></trkpt><trkpt lat="43.67584" lon="3.20506"><ele>588.5</ele></trkpt><trkpt lat="43.67558" lon="3.2052"><ele>588.5</ele></trkpt><trkpt lat="43.67476" lon="3.20602"><ele>584.3</ele></trkpt><trkpt lat="43.67432" lon="3.20631"><ele>580.1</ele></trkpt><trkpt lat="43.67364" lon="3.20634"><ele>574.6</ele></trkpt><trkpt lat="43.67323" lon="3.20609"><ele>570.7</ele></trkpt><trkpt lat="43.67319" lon="3.20619"><ele>568.9</ele></trkpt><trkpt lat="43.67338" lon="3.20659"><ele>567.3</ele></trkpt><trkpt lat="43.67363" lon="3.20694"><ele>566.3</ele></trkpt><trkpt lat="43.67357" lon="3.20705"><ele>565.1</ele></trkpt><trkpt lat="43.67307" lon="3.20663"><ele>559</ele></trkpt><trkpt lat="43.67268" lon="3.20655"><ele>555</ele></trkpt><trkpt lat="43.67186" lon="3.20691"><ele>547.8</ele></trkpt><trkpt lat="43.67185" lon="3.207"><ele>544.7</ele></trkpt><trkpt lat="43.67201" lon="3.20703"><ele>541.7</ele></trkpt><trkpt lat="43.67227" lon="3.20698"><ele>542.9</ele></trkpt><trkpt lat="43.67237" lon="3.20702"><ele>543.8</ele></trkpt><trkpt lat="43.67236" lon="3.20712"><ele>542.6</ele></trkpt><trkpt lat="43.67209" lon="3.20716"><ele>537.8</ele></trkpt><trkpt lat="43.67169" lon="3.20732"><ele>532.7</ele></trkpt><trkpt lat="43.67158" lon="3.20731"><ele>532.2</ele></trkpt><trkpt lat="43.67167" lon="3.20741"><ele>529.9</ele></trkpt><trkpt lat="43.67195" lon="3.20737"><ele>528.8</ele></trkpt><trkpt lat="43.67205" lon="3.20741"><ele>530.5</ele></trkpt><trkpt lat="43.67203" lon="3.20778"><ele>524.4</ele></trkpt><trkpt lat="43.67208" lon="3.2081"><ele>526.6</ele></trkpt><trkpt lat="43.67193" lon="3.2094"><ele>509</ele></trkpt><trkpt lat="43.67198" lon="3.20994"><ele>507.6</ele></trkpt><trkpt lat="43.67207" lon="3.21028"><ele>506</ele></trkpt><trkpt lat="43.67228" lon="3.21074"><ele>506.1</ele></trkpt><trkpt lat="43.67242" lon="3.21119"><ele>501.7</ele></trkpt><trkpt lat="43.67241" lon="3.21135"><ele>499.8</ele></trkpt><trkpt lat="43.67236" lon="3.21148"><ele>500.8</ele></trkpt><trkpt lat="43.67214" lon="3.21159"><ele>496.8</ele></trkpt><trkpt lat="43.67188" lon="3.21179"><ele>493.3</ele></trkpt><trkpt lat="43.67174" lon="3.21199"><ele>491.7</ele></trkpt><trkpt lat="43.67149" lon="3.21254"><ele>492.6</ele></trkpt><trkpt lat="43.67144" lon="3.21248"><ele>489</ele></trkpt><trkpt lat="43.67175" lon="3.21165"><ele>484.6</ele></trkpt><trkpt lat="43.67193" lon="3.21131"><ele>482.9</ele></trkpt><trkpt lat="43.67194" lon="3.21114"><ele>482</ele></trkpt><trkpt lat="43.6717" lon="3.21046"><ele>478.9</ele></trkpt><trkpt lat="43.67113" lon="3.20922"><ele>465.4</ele></trkpt><trkpt lat="43.67106" lon="3.20884"><ele>463.2</ele></trkpt><trkpt lat="43.67095" lon="3.2087"><ele>462</ele></trkpt><trkpt lat="43.67054" lon="3.20849"><ele>458.6</ele></trkpt><trkpt lat="43.67047" lon="3.20852"><ele>456.2</ele></trkpt><trkpt lat="43.6707" lon="3.20894"><ele>453.1</ele></trkpt><trkpt lat="43.67068" lon="3.20901"><ele>451.8</ele></trkpt><trkpt lat="43.67062" lon="3.20902"><ele>450.2</ele></trkpt><trkpt lat="43.67039" lon="3.20877"><ele>449.2</ele></trkpt><trkpt lat="43.67034" lon="3.20882"><ele>447.4</ele></trkpt><trkpt lat="43.67051" lon="3.20914"><ele>446.2</ele></trkpt><trkpt lat="43.6705" lon="3.2092"><ele>445.1</ele></trkpt><trkpt lat="43.67044" lon="3.20922"><ele>443.4</ele></trkpt><trkpt lat="43.66995" lon="3.20887"><ele>435.7</ele></trkpt><trkpt lat="43.66985" lon="3.20885"><ele>434.6</ele></trkpt><trkpt lat="43.66972" lon="3.20892"><ele>431.7</ele></trkpt><trkpt lat="43.66963" lon="3.20908"><ele>429</ele></trkpt><trkpt lat="43.66958" lon="3.20927"><ele>426.5</ele></trkpt><trkpt lat="43.66956" lon="3.20968"><ele>421.6</ele></trkpt><trkpt lat="43.66953" lon="3.20976"><ele>420.4</ele></trkpt><trkpt lat="43.66946" lon="3.20966"><ele>420</ele></trkpt><trkpt lat="43.66945" lon="3.20955"><ele>421</ele></trkpt><trkpt lat="43.6694" lon="3.20949"><ele>421</ele></trkpt><trkpt lat="43.66939" lon="3.20951"><ele>420.7</ele></trkpt><trkpt lat="43.66918" lon="3.20921"><ele>422.5</ele></trkpt><trkpt lat="43.66873" lon="3.20872"><ele>424</ele></trkpt><trkpt lat="43.66838" lon="3.20812"><ele>424.7</ele></trkpt><trkpt lat="43.66805" lon="3.2077"><ele>422.3</ele></trkpt><trkpt lat="43.66759" lon="3.20634"><ele>425.1</ele></trkpt><trkpt lat="43.66738" lon="3.20442"><ele>421.5</ele></trkpt><trkpt lat="43.66729" lon="3.20385"><ele>418.2</ele></trkpt><trkpt lat="43.66699" lon="3.20309"><ele>413.8</ele></trkpt><trkpt lat="43.667" lon="3.2029"><ele>411.9</ele></trkpt><trkpt lat="43.66693" lon="3.20271"><ele>410</ele></trkpt><trkpt lat="43.66685" lon="3.20182"><ele>398.3</ele></trkpt><trkpt lat="43.66698" lon="3.20051"><ele>387.1</ele></trkpt><trkpt lat="43.66714" lon="3.20005"><ele>373.3</ele></trkpt><trkpt lat="43.66758" lon="3.19977"><ele>368.8</ele></trkpt><trkpt lat="43.66768" lon="3.19901"><ele>365.1</ele></trkpt><trkpt lat="43.66717" lon="3.19844"><ele>357.2</ele></trkpt><trkpt lat="43.66696" lon="3.19838"><ele>352.2</ele></trkpt><trkpt lat="43.6665" lon="3.1984"><ele>342.2</ele></trkpt><trkpt lat="43.66635" lon="3.19849"><ele>337.8</ele></trkpt><trkpt lat="43.66614" lon="3.19848"><ele>333.1</ele></trkpt><trkpt lat="43.66604" lon="3.19832"><ele>331.4</ele></trkpt><trkpt lat="43.66596" lon="3.19799"><ele>326.2</ele></trkpt><trkpt lat="43.66569" lon="3.19746"><ele>313.8</ele></trkpt><trkpt lat="43.66562" lon="3.19687"><ele>311.5</ele></trkpt><trkpt lat="43.66539" lon="3.19677"><ele>307.7</ele></trkpt><trkpt lat="43.66521" lon="3.19664"><ele>305.7</ele></trkpt><trkpt lat="43.66496" lon="3.19635"><ele>301.7</ele></trkpt><trkpt lat="43.6648" lon="3.1956"><ele>295.4</ele></trkpt><trkpt lat="43.66443" lon="3.19464"><ele>289.7</ele></trkpt><trkpt lat="43.66432" lon="3.19347"><ele>286.1</ele></trkpt><trkpt lat="43.66419" lon="3.19324"><ele>284.2</ele></trkpt><trkpt lat="43.66412" lon="3.19304"><ele>283.7</ele></trkpt><trkpt lat="43.66436" lon="3.19222"><ele>281.7</ele></trkpt><trkpt lat="43.6644" lon="3.19109"><ele>276.8</ele></trkpt><trkpt lat="43.66428" lon="3.19014"><ele>272.8</ele></trkpt><trkpt lat="43.66437" lon="3.18933"><ele>270.3</ele></trkpt><trkpt lat="43.66707" lon="3.18408"><ele>258.4</ele></trkpt><trkpt lat="43.66619" lon="3.18346"><ele>255.7</ele></trkpt><trkpt lat="43.6658" lon="3.18326"><ele>255.1</ele></trkpt><trkpt lat="43.66511" lon="3.18313"><ele>256.3</ele></trkpt><trkpt lat="43.66473" lon="3.18295"><ele>255.6</ele></trkpt><trkpt lat="43.66454" lon="3.18274"><ele>255.1</ele></trkpt><trkpt lat="43.66448" lon="3.18226"><ele>255</ele></trkpt><trkpt lat="43.6644" lon="3.182"><ele>253</ele></trkpt><trkpt lat="43.66447" lon="3.18139"><ele>250.8</ele></trkpt><trkpt lat="43.66435" lon="3.18105"><ele>248.3</ele></trkpt><trkpt lat="43.66412" lon="3.18088"><ele>246.7</ele></trkpt><trkpt lat="43.66345" lon="3.18127"><ele>248.6</ele></trkpt><trkpt lat="43.66309" lon="3.18139"><ele>249.9</ele></trkpt><trkpt lat="43.66208" lon="3.18119"><ele>253.4</ele></trkpt><trkpt lat="43.66133" lon="3.18108"><ele>257.2</ele></trkpt><trkpt lat="43.66065" lon="3.18089"><ele>261.1</ele></trkpt><trkpt lat="43.66028" lon="3.18097"><ele>264.5</ele></trkpt><trkpt lat="43.66003" lon="3.18063"><ele>266.2</ele></trkpt><trkpt lat="43.65956" lon="3.18051"><ele>270.8</ele></trkpt><trkpt lat="43.65831" lon="3.18033"><ele>280.9</ele></trkpt><trkpt lat="43.65883" lon="3.1778"><ele>297.5</ele></trkpt><trkpt lat="43.65834" lon="3.17711"><ele>296</ele></trkpt><trkpt lat="43.65823" lon="3.1769"><ele>296.3</ele></trkpt><trkpt lat="43.65811" lon="3.17654"><ele>297.8</ele></trkpt><trkpt lat="43.65794" lon="3.1762"><ele>301</ele></trkpt><trkpt lat="43.65794" lon="3.17603"><ele>302.3</ele></trkpt><trkpt lat="43.65803" lon="3.17589"><ele>303.1</ele></trkpt><trkpt lat="43.65842" lon="3.17581"><ele>304.7</ele></trkpt><trkpt lat="43.65853" lon="3.17565"><ele>305.5</ele></trkpt><trkpt lat="43.65855" lon="3.1754"><ele>306.2</ele></trkpt><trkpt lat="43.65845" lon="3.17504"><ele>310.7</ele></trkpt><trkpt lat="43.65853" lon="3.17488"><ele>310.9</ele></trkpt><trkpt lat="43.65861" lon="3.1748"><ele>311.5</ele></trkpt><trkpt lat="43.65891" lon="3.17477"><ele>311.6</ele></trkpt><trkpt lat="43.65906" lon="3.17472"><ele>311.2</ele></trkpt><trkpt lat="43.65915" lon="3.17432"><ele>313.4</ele></trkpt><trkpt lat="43.65916" lon="3.17404"><ele>316.1</ele></trkpt><trkpt lat="43.65926" lon="3.17389"><ele>317.3</ele></trkpt><trkpt lat="43.65948" lon="3.17377"><ele>317.2</ele></trkpt><trkpt lat="43.65971" lon="3.1731"><ele>319.6</ele></trkpt><trkpt lat="43.66005" lon="3.17244"><ele>322.8</ele></trkpt><trkpt lat="43.66006" lon="3.17237"><ele>322.7</ele></trkpt><trkpt lat="43.66" lon="3.1723"><ele>324</ele></trkpt><trkpt lat="43.6599" lon="3.1724"><ele>326.3</ele></trkpt><trkpt lat="43.65982" lon="3.17255"><ele>327.2</ele></trkpt><trkpt lat="43.65934" lon="3.17304"><ele>331.9</ele></trkpt><trkpt lat="43.6593" lon="3.17298"><ele>334.1</ele></trkpt><trkpt lat="43.65937" lon="3.17277"><ele>336.2</ele></trkpt><trkpt lat="43.65951" lon="3.17257"><ele>334.6</ele></trkpt><trkpt lat="43.65954" lon="3.17236"><ele>335.4</ele></trkpt><trkpt lat="43.65947" lon="3.17216"><ele>337.6</ele></trkpt><trkpt lat="43.65935" lon="3.17211"><ele>338.7</ele></trkpt><trkpt lat="43.65916" lon="3.17214"><ele>341.5</ele></trkpt><trkpt lat="43.65901" lon="3.17212"><ele>344.5</ele></trkpt><trkpt lat="43.65887" lon="3.172"><ele>344.7</ele></trkpt><trkpt lat="43.6586" lon="3.1719"><ele>345.6</ele></trkpt><trkpt lat="43.65832" lon="3.17169"><ele>348.9</ele></trkpt><trkpt lat="43.65824" lon="3.17131"><ele>346.6</ele></trkpt><trkpt lat="43.65824" lon="3.17097"><ele>345.2</ele></trkpt><trkpt lat="43.65844" lon="3.17053"><ele>345.2</ele></trkpt><trkpt lat="43.65859" lon="3.17035"><ele>343.4</ele></trkpt><trkpt lat="43.65865" lon="3.17019"><ele>342.8</ele></trkpt><trkpt lat="43.65857" lon="3.17004"><ele>342.9</ele></trkpt><trkpt lat="43.65809" lon="3.16961"><ele>335.5</ele></trkpt><trkpt lat="43.65799" lon="3.16915"><ele>332.5</ele></trkpt><trkpt lat="43.65805" lon="3.16876"><ele>330.5</ele></trkpt><trkpt lat="43.65817" lon="3.16845"><ele>325.1</ele></trkpt><trkpt lat="43.65821" lon="3.1679"><ele>323</ele></trkpt><trkpt lat="43.65814" lon="3.16748"><ele>322.8</ele></trkpt><trkpt lat="43.65783" lon="3.16697"><ele>322</ele></trkpt><trkpt lat="43.65752" lon="3.16684"><ele>320.8</ele></trkpt><trkpt lat="43.65699" lon="3.16632"><ele>320.4</ele></trkpt><trkpt lat="43.65617" lon="3.16606"><ele>313.9</ele></trkpt><trkpt lat="43.65604" lon="3.16572"><ele>312.6</ele></trkpt><trkpt lat="43.65611" lon="3.1649"><ele>309.3</ele></trkpt><trkpt lat="43.65567" lon="3.16396"><ele>305</ele></trkpt><trkpt lat="43.65524" lon="3.16324"><ele>304</ele></trkpt><trkpt lat="43.65522" lon="3.16277"><ele>303.9</ele></trkpt><trkpt lat="43.65525" lon="3.16232"><ele>302.9</ele></trkpt><trkpt lat="43.65546" lon="3.16213"><ele>302.5</ele></trkpt><trkpt lat="43.65578" lon="3.16213"><ele>295.9</ele></trkpt><trkpt lat="43.65596" lon="3.16186"><ele>294.2</ele></trkpt><trkpt lat="43.65597" lon="3.16148"><ele>291.9</ele></trkpt><trkpt lat="43.65592" lon="3.16131"><ele>292.9</ele></trkpt><trkpt lat="43.65624" lon="3.16079"><ele>287.6</ele></trkpt><trkpt lat="43.65637" lon="3.16043"><ele>286.2</ele></trkpt><trkpt lat="43.65663" lon="3.15932"><ele>281.3</ele></trkpt><trkpt lat="43.65698" lon="3.15881"><ele>277.3</ele></trkpt><trkpt lat="43.65768" lon="3.15801"><ele>270.4</ele></trkpt><trkpt lat="43.65773" lon="3.15813"><ele>267.5</ele></trkpt><trkpt lat="43.65752" lon="3.1585"><ele>264.9</ele></trkpt><trkpt lat="43.65726" lon="3.15882"><ele>263.9</ele></trkpt><trkpt lat="43.65704" lon="3.15933"><ele>260.3</ele></trkpt><trkpt lat="43.65696" lon="3.15994"><ele>254.8</ele></trkpt><trkpt lat="43.657" lon="3.1605"><ele>255.7</ele></trkpt><trkpt lat="43.6571" lon="3.16045"><ele>251.6</ele></trkpt><trkpt lat="43.65707" lon="3.16004"><ele>248.9</ele></trkpt><trkpt lat="43.65715" lon="3.15971"><ele>245.7</ele></trkpt><trkpt lat="43.65732" lon="3.15938"><ele>245.5</ele></trkpt><trkpt lat="43.65802" lon="3.15881"><ele>236.7</ele></trkpt><trkpt lat="43.65839" lon="3.15859"><ele>233.7</ele></trkpt><trkpt lat="43.65877" lon="3.1586"><ele>230</ele></trkpt><trkpt lat="43.65905" lon="3.1583"><ele>227.4</ele></trkpt><trkpt lat="43.65959" lon="3.15821"><ele>226</ele></trkpt><trkpt lat="43.65977" lon="3.1581"><ele>225.1</ele></trkpt><trkpt lat="43.65942" lon="3.15702"><ele>224.3</ele></trkpt><trkpt lat="43.65924" lon="3.15666"><ele>224.5</ele></trkpt><trkpt lat="43.65903" lon="3.15609"><ele>224.4</ele></trkpt><trkpt lat="43.65883" lon="3.15583"><ele>224.8</ele></trkpt><trkpt lat="43.65764" lon="3.15363"><ele>223.8</ele></trkpt><trkpt lat="43.6569" lon="3.15314"><ele>225.7</ele></trkpt><trkpt lat="43.65659" lon="3.15308"><ele>228.5</ele></trkpt><trkpt lat="43.65626" lon="3.1528"><ele>228.7</ele></trkpt><trkpt lat="43.65584" lon="3.15268"><ele>229</ele></trkpt><trkpt lat="43.65564" lon="3.15218"><ele>224.3</ele></trkpt><trkpt lat="43.65537" lon="3.15189"><ele>222.9</ele></trkpt><trkpt lat="43.65512" lon="3.15171"><ele>222.2</ele></trkpt><trkpt lat="43.65474" lon="3.1515"><ele>223.3</ele></trkpt><trkpt lat="43.65521" lon="3.15113"><ele>217.1</ele></trkpt><trkpt lat="43.65537" lon="3.15104"><ele>218.7</ele></trkpt><trkpt lat="43.65578" lon="3.14969"><ele>222.2</ele></trkpt><trkpt lat="43.65581" lon="3.14946"><ele>223.8</ele></trkpt><trkpt lat="43.65484" lon="3.14897"><ele>223.7</ele></trkpt><trkpt lat="43.65448" lon="3.14882"><ele>224.7</ele></trkpt><trkpt lat="43.65272" lon="3.14917"><ele>222.2</ele></trkpt><trkpt lat="43.65177" lon="3.14947"><ele>222.9</ele></trkpt><trkpt lat="43.65164" lon="3.14925"><ele>225</ele></trkpt><trkpt lat="43.65139" lon="3.14904"><ele>225.8</ele></trkpt><trkpt lat="43.65118" lon="3.14842"><ele>227.7</ele></trkpt><trkpt lat="43.65119" lon="3.14685"><ele>232.5</ele></trkpt><trkpt lat="43.65106" lon="3.14616"><ele>233.3</ele></trkpt><trkpt lat="43.65104" lon="3.14588"><ele>233.2</ele></trkpt><trkpt lat="43.6509" lon="3.14547"><ele>234.3</ele></trkpt><trkpt lat="43.65072" lon="3.14453"><ele>240.1</ele></trkpt><trkpt lat="43.65063" lon="3.14341"><ele>240.8</ele></trkpt><trkpt lat="43.65109" lon="3.14252"><ele>244</ele></trkpt><trkpt lat="43.65112" lon="3.1422"><ele>247</ele></trkpt><trkpt lat="43.65106" lon="3.14147"><ele>250.4</ele></trkpt><trkpt lat="43.65077" lon="3.14061"><ele>255.5</ele></trkpt><trkpt lat="43.65056" lon="3.14012"><ele>259.5</ele></trkpt><trkpt lat="43.65034" lon="3.13944"><ele>263.6</ele></trkpt><trkpt lat="43.65009" lon="3.13834"><ele>265.8</ele></trkpt><trkpt lat="43.64989" lon="3.13713"><ele>268.3</ele></trkpt><trkpt lat="43.64994" lon="3.13675"><ele>264.9</ele></trkpt><trkpt lat="43.65034" lon="3.1364"><ele>269.4</ele></trkpt><trkpt lat="43.65067" lon="3.13588"><ele>273.7</ele></trkpt><trkpt lat="43.65105" lon="3.13434"><ele>284.9</ele></trkpt><trkpt lat="43.65128" lon="3.13294"><ele>295.6</ele></trkpt><trkpt lat="43.65193" lon="3.13122"><ele>308</ele></trkpt><trkpt lat="43.65269" lon="3.13089"><ele>314</ele></trkpt><trkpt lat="43.65269" lon="3.13056"><ele>319.6</ele></trkpt><trkpt lat="43.65283" lon="3.13008"><ele>324.4</ele></trkpt><trkpt lat="43.65292" lon="3.12932"><ele>335</ele></trkpt><trkpt lat="43.6533" lon="3.12971"><ele>332.7</ele></trkpt><trkpt lat="43.65345" lon="3.12973"><ele>333</ele></trkpt><trkpt lat="43.65394" lon="3.12937"><ele>336.7</ele></trkpt><trkpt lat="43.65403" lon="3.12915"><ele>339.7</ele></trkpt><trkpt lat="43.6542" lon="3.12909"><ele>340.2</ele></trkpt><trkpt lat="43.65428" lon="3.1293"><ele>342.8</ele></trkpt><trkpt lat="43.65446" lon="3.13007"><ele>347.9</ele></trkpt><trkpt lat="43.65462" lon="3.13033"><ele>349.9</ele></trkpt><trkpt lat="43.65522" lon="3.13077"><ele>357.4</ele></trkpt><trkpt lat="43.6558" lon="3.1307"><ele>363.3</ele></trkpt><trkpt lat="43.65599" lon="3.13085"><ele>364.9</ele></trkpt><trkpt lat="43.65618" lon="3.13122"><ele>366.5</ele></trkpt><trkpt lat="43.6565" lon="3.13136"><ele>370</ele></trkpt><trkpt lat="43.65686" lon="3.13131"><ele>375.1</ele></trkpt><trkpt lat="43.65696" lon="3.13155"><ele>373.5</ele></trkpt><trkpt lat="43.6566" lon="3.13203"><ele>377</ele></trkpt><trkpt lat="43.65624" lon="3.13231"><ele>377.8</ele></trkpt><trkpt lat="43.65577" lon="3.13327"><ele>381.8</ele></trkpt><trkpt lat="43.65606" lon="3.13393"><ele>379.9</ele></trkpt><trkpt lat="43.65656" lon="3.13411"><ele>381</ele></trkpt><trkpt lat="43.6568" lon="3.13447"><ele>379.9</ele></trkpt><trkpt lat="43.65695" lon="3.13515"><ele>374.8</ele></trkpt><trkpt lat="43.65739" lon="3.13515"><ele>371.6</ele></trkpt><trkpt lat="43.65794" lon="3.13465"><ele>369.4</ele></trkpt><trkpt lat="43.65857" lon="3.13476"><ele>365.9</ele></trkpt><trkpt lat="43.65908" lon="3.1346"><ele>361.9</ele></trkpt><trkpt lat="43.65948" lon="3.13398"><ele>363.1</ele></trkpt><trkpt lat="43.65977" lon="3.13414"><ele>361.4</ele></trkpt><trkpt lat="43.66031" lon="3.13457"><ele>365.5</ele></trkpt><trkpt lat="43.66053" lon="3.13467"><ele>365.8</ele></trkpt><trkpt lat="43.66053" lon="3.13467"><ele>365.8</ele></trkpt><trkpt lat="43.66059" lon="3.13474"><ele>366.2</ele></trkpt><trkpt lat="43.66064" lon="3.1348"><ele>367</ele></trkpt><trkpt lat="43.66071" lon="3.13486"><ele>367.7</ele></trkpt><trkpt lat="43.66079" lon="3.13492"><ele>368.2</ele></trkpt><trkpt lat="43.66086" lon="3.13498"><ele>368.5</ele></trkpt><trkpt lat="43.66093" lon="3.13504"><ele>368.8</ele></trkpt><trkpt lat="43.66096" lon="3.13508"><ele>369.4</ele></trkpt><trkpt lat="43.661" lon="3.13512"><ele>370</ele></trkpt><trkpt lat="43.66104" lon="3.13516"><ele>370.7</ele></trkpt><trkpt lat="43.66107" lon="3.1352"><ele>371.4</ele></trkpt><trkpt lat="43.66111" lon="3.13524"><ele>372.1</ele></trkpt><trkpt lat="43.66115" lon="3.13528"><ele>373.4</ele></trkpt><trkpt lat="43.66118" lon="3.13532"><ele>374.5</ele></trkpt><trkpt lat="43.66122" lon="3.13537"><ele>375.6</ele></trkpt><trkpt lat="43.66128" lon="3.13538"><ele>376.1</ele></trkpt><trkpt lat="43.66133" lon="3.1354"><ele>376.6</ele></trkpt><trkpt lat="43.66139" lon="3.13541"><ele>377</ele></trkpt><trkpt lat="43.66145" lon="3.13543"><ele>378.2</ele></trkpt><trkpt lat="43.66151" lon="3.1354"><ele>379.1</ele></trkpt><trkpt lat="43.66158" lon="3.13538"><ele>379.9</ele></trkpt><trkpt lat="43.66165" lon="3.13536"><ele>380.8</ele></trkpt><trkpt lat="43.66171" lon="3.13533"><ele>381.7</ele></trkpt><trkpt lat="43.66175" lon="3.1353"><ele>382.2</ele></trkpt><trkpt lat="43.6618" lon="3.13527"><ele>382.7</ele></trkpt><trkpt lat="43.66184" lon="3.13524"><ele>383.2</ele></trkpt><trkpt lat="43.66188" lon="3.13521"><ele>383.8</ele></trkpt><trkpt lat="43.66192" lon="3.13518"><ele>384.5</ele></trkpt><trkpt lat="43.66197" lon="3.13515"><ele>385.2</ele></trkpt><trkpt lat="43.66201" lon="3.13512"><ele>386</ele></trkpt><trkpt lat="43.66205" lon="3.13509"><ele>386.8</ele></trkpt><trkpt lat="43.66211" lon="3.13507"><ele>388.2</ele></trkpt><trkpt lat="43.66218" lon="3.13505"><ele>389.5</ele></trkpt><trkpt lat="43.66224" lon="3.13502"><ele>390.7</ele></trkpt><trkpt lat="43.66231" lon="3.135"><ele>391.2</ele></trkpt><trkpt lat="43.66238" lon="3.135"><ele>392.3</ele></trkpt><trkpt lat="43.66246" lon="3.135"><ele>393.4</ele></trkpt><trkpt lat="43.66253" lon="3.13501"><ele>394.5</ele></trkpt><trkpt lat="43.6626" lon="3.13501"><ele>395.6</ele></trkpt><trkpt lat="43.66268" lon="3.13499"><ele>396.2</ele></trkpt><trkpt lat="43.66275" lon="3.13497"><ele>396.8</ele></trkpt><trkpt lat="43.66282" lon="3.13495"><ele>397.2</ele></trkpt><trkpt lat="43.6629" lon="3.13493"><ele>397.4</ele></trkpt><trkpt lat="43.66298" lon="3.13494"><ele>398.5</ele></trkpt><trkpt lat="43.66307" lon="3.13495"><ele>399.6</ele></trkpt><trkpt lat="43.66316" lon="3.13496"><ele>400.4</ele></trkpt><trkpt lat="43.66325" lon="3.13497"><ele>401.2</ele></trkpt><trkpt lat="43.66333" lon="3.13499"><ele>402.5</ele></trkpt><trkpt lat="43.66341" lon="3.13501"><ele>403.2</ele></trkpt><trkpt lat="43.6635" lon="3.13503"><ele>403.8</ele></trkpt><trkpt lat="43.66358" lon="3.13505"><ele>404.5</ele></trkpt><trkpt lat="43.66365" lon="3.13506"><ele>404.8</ele></trkpt><trkpt lat="43.66371" lon="3.13508"><ele>404.9</ele></trkpt><trkpt lat="43.66378" lon="3.1351"><ele>405.1</ele></trkpt><trkpt lat="43.66384" lon="3.13511"><ele>405.3</ele></trkpt><trkpt lat="43.6639" lon="3.13512"><ele>405.2</ele></trkpt><trkpt lat="43.66395" lon="3.13513"><ele>405.3</ele></trkpt><trkpt lat="43.664" lon="3.13513"><ele>405.4</ele></trkpt><trkpt lat="43.66405" lon="3.13514"><ele>405.5</ele></trkpt><trkpt lat="43.66412" lon="3.13516"><ele>406.2</ele></trkpt><trkpt lat="43.6642" lon="3.13519"><ele>406.5</ele></trkpt><trkpt lat="43.66427" lon="3.13521"><ele>405.9</ele></trkpt><trkpt lat="43.66434" lon="3.13523"><ele>405.4</ele></trkpt><trkpt lat="43.66441" lon="3.1353"><ele>406.4</ele></trkpt><trkpt lat="43.66448" lon="3.13537"><ele>406.4</ele></trkpt><trkpt lat="43.66455" lon="3.13543"><ele>406.1</ele></trkpt><trkpt lat="43.66462" lon="3.1355"><ele>405.7</ele></trkpt><trkpt lat="43.66465" lon="3.13556"><ele>406.4</ele></trkpt><trkpt lat="43.66469" lon="3.13563"><ele>406.6</ele></trkpt><trkpt lat="43.66472" lon="3.13569"><ele>406.9</ele></trkpt><trkpt lat="43.66476" lon="3.13576"><ele>407.4</ele></trkpt><trkpt lat="43.66479" lon="3.13582"><ele>408</ele></trkpt><trkpt lat="43.66483" lon="3.13589"><ele>408</ele></trkpt><trkpt lat="43.66486" lon="3.13595"><ele>408.2</ele></trkpt><trkpt lat="43.6649" lon="3.13602"><ele>408.6</ele></trkpt><trkpt lat="43.66493" lon="3.13607"><ele>409</ele></trkpt><trkpt lat="43.66496" lon="3.13612"><ele>409.4</ele></trkpt><trkpt lat="43.665" lon="3.13618"><ele>409.3</ele></trkpt><trkpt lat="43.66503" lon="3.13623"><ele>409.6</ele></trkpt><trkpt lat="43.66506" lon="3.13629"><ele>410.1</ele></trkpt><trkpt lat="43.6651" lon="3.13634"><ele>410.7</ele></trkpt><trkpt lat="43.66513" lon="3.13639"><ele>411.4</ele></trkpt><trkpt lat="43.66516" lon="3.13645"><ele>411.3</ele></trkpt><trkpt lat="43.66522" lon="3.1365"><ele>411.6</ele></trkpt><trkpt lat="43.66527" lon="3.13654"><ele>411.8</ele></trkpt><trkpt lat="43.66533" lon="3.13659"><ele>412.5</ele></trkpt><trkpt lat="43.66538" lon="3.13664"><ele>413.4</ele></trkpt><trkpt lat="43.66545" lon="3.13666"><ele>414.7</ele></trkpt><trkpt lat="43.66552" lon="3.13667"><ele>416.1</ele></trkpt><trkpt lat="43.66559" lon="3.13669"><ele>416.8</ele></trkpt><trkpt lat="43.66565" lon="3.1367"><ele>417.3</ele></trkpt><trkpt lat="43.66572" lon="3.13672"><ele>417.7</ele></trkpt><trkpt lat="43.66579" lon="3.13673"><ele>418.3</ele></trkpt><trkpt lat="43.66586" lon="3.13675"><ele>418.9</ele></trkpt><trkpt lat="43.66593" lon="3.13676"><ele>419.7</ele></trkpt><trkpt lat="43.66595" lon="3.13682"><ele>419.4</ele></trkpt><trkpt lat="43.66598" lon="3.13688"><ele>419.3</ele></trkpt><trkpt lat="43.666" lon="3.13694"><ele>419.3</ele></trkpt><trkpt lat="43.66603" lon="3.137"><ele>419.1</ele></trkpt><trkpt lat="43.66605" lon="3.13706"><ele>419</ele></trkpt><trkpt lat="43.66608" lon="3.13712"><ele>419.1</ele></trkpt><trkpt lat="43.6661" lon="3.13718"><ele>419.1</ele></trkpt><trkpt lat="43.66612" lon="3.13724"><ele>419.4</ele></trkpt><trkpt lat="43.66615" lon="3.13733"><ele>419.4</ele></trkpt><trkpt lat="43.66618" lon="3.13741"><ele>419.6</ele></trkpt><trkpt lat="43.6662" lon="3.1375"><ele>419.7</ele></trkpt><trkpt lat="43.66623" lon="3.13759"><ele>419.4</ele></trkpt><trkpt lat="43.66626" lon="3.13768"><ele>419.2</ele></trkpt><trkpt lat="43.66628" lon="3.13776"><ele>419</ele></trkpt><trkpt lat="43.66631" lon="3.13785"><ele>419.1</ele></trkpt><trkpt lat="43.66634" lon="3.13794"><ele>419.4</ele></trkpt><trkpt lat="43.66636" lon="3.13803"><ele>419.6</ele></trkpt><trkpt lat="43.66638" lon="3.13812"><ele>420.5</ele></trkpt><trkpt lat="43.6664" lon="3.13822"><ele>421.4</ele></trkpt><trkpt lat="43.66642" lon="3.13831"><ele>422</ele></trkpt><trkpt lat="43.66644" lon="3.1384"><ele>422.1</ele></trkpt><trkpt lat="43.66646" lon="3.13849"><ele>422.2</ele></trkpt><trkpt lat="43.66649" lon="3.13859"><ele>422.3</ele></trkpt><trkpt lat="43.66651" lon="3.13868"><ele>422.7</ele></trkpt><trkpt lat="43.66653" lon="3.13877"><ele>423.1</ele></trkpt><trkpt lat="43.66654" lon="3.13887"><ele>423.6</ele></trkpt><trkpt lat="43.66656" lon="3.13896"><ele>424</ele></trkpt><trkpt lat="43.66658" lon="3.13905"><ele>424.4</ele></trkpt><trkpt lat="43.6666" lon="3.13915"><ele>424.7</ele></trkpt><trkpt lat="43.66662" lon="3.13924"><ele>425</ele></trkpt><trkpt lat="43.66664" lon="3.13934"><ele>425.4</ele></trkpt><trkpt lat="43.66666" lon="3.13943"><ele>425.7</ele></trkpt><trkpt lat="43.66669" lon="3.13948"><ele>426.3</ele></trkpt><trkpt lat="43.66672" lon="3.13953"><ele>426.7</ele></trkpt><trkpt lat="43.66675" lon="3.13957"><ele>427</ele></trkpt><trkpt lat="43.66678" lon="3.13962"><ele>427.3</ele></trkpt><trkpt lat="43.66681" lon="3.13967"><ele>427.7</ele></trkpt><trkpt lat="43.66684" lon="3.13972"><ele>427.9</ele></trkpt><trkpt lat="43.66688" lon="3.13976"><ele>428.1</ele></trkpt><trkpt lat="43.66691" lon="3.13981"><ele>428.2</ele></trkpt><trkpt lat="43.66695" lon="3.13983"><ele>428.9</ele></trkpt><trkpt lat="43.667" lon="3.13985"><ele>429.2</ele></trkpt><trkpt lat="43.66704" lon="3.13987"><ele>429.5</ele></trkpt><trkpt lat="43.66709" lon="3.13989"><ele>429.7</ele></trkpt><trkpt lat="43.66713" lon="3.13991"><ele>429.8</ele></trkpt><trkpt lat="43.66718" lon="3.13992"><ele>429.9</ele></trkpt><trkpt lat="43.66722" lon="3.13994"><ele>430</ele></trkpt><trkpt lat="43.66727" lon="3.13996"><ele>429.1</ele></trkpt><trkpt lat="43.66732" lon="3.13992"><ele>429.2</ele></trkpt><trkpt lat="43.66737" lon="3.13987"><ele>429.3</ele></trkpt><trkpt lat="43.66742" lon="3.13982"><ele>429.4</ele></trkpt><trkpt lat="43.66747" lon="3.13978"><ele>429.5</ele></trkpt><trkpt lat="43.66751" lon="3.13971"><ele>429.8</ele></trkpt><trkpt lat="43.66756" lon="3.13964"><ele>429.5</ele></trkpt><trkpt lat="43.6676" lon="3.13957"><ele>429.3</ele></trkpt><trkpt lat="43.66765" lon="3.1395"><ele>429.3</ele></trkpt><trkpt lat="43.66769" lon="3.13943"><ele>429.5</ele></trkpt><trkpt lat="43.66774" lon="3.13936"><ele>429.8</ele></trkpt><trkpt lat="43.66778" lon="3.13929"><ele>430.3</ele></trkpt><trkpt lat="43.66783" lon="3.13922"><ele>430.4</ele></trkpt><trkpt lat="43.66787" lon="3.13916"><ele>430.6</ele></trkpt><trkpt lat="43.66791" lon="3.1391"><ele>430.8</ele></trkpt><trkpt lat="43.66794" lon="3.13904"><ele>431</ele></trkpt><trkpt lat="43.66798" lon="3.13898"><ele>431.2</ele></trkpt><trkpt lat="43.66802" lon="3.13892"><ele>431.3</ele></trkpt><trkpt lat="43.66806" lon="3.13886"><ele>431.5</ele></trkpt><trkpt lat="43.6681" lon="3.1388"><ele>431.8</ele></trkpt><trkpt lat="43.66814" lon="3.13874"><ele>432.2</ele></trkpt><trkpt lat="43.66818" lon="3.13868"><ele>432.5</ele></trkpt><trkpt lat="43.66822" lon="3.13862"><ele>432.8</ele></trkpt><trkpt lat="43.66825" lon="3.13856"><ele>432.9</ele></trkpt><trkpt lat="43.66829" lon="3.1385"><ele>433</ele></trkpt><trkpt lat="43.66833" lon="3.13844"><ele>433.2</ele></trkpt><trkpt lat="43.66837" lon="3.13838"><ele>433.2</ele></trkpt><trkpt lat="43.66841" lon="3.13832"><ele>433.3</ele></trkpt><trkpt lat="43.66845" lon="3.13826"><ele>433.2</ele></trkpt><trkpt lat="43.66851" lon="3.13817"><ele>432.8</ele></trkpt><trkpt lat="43.66858" lon="3.13809"><ele>432.4</ele></trkpt><trkpt lat="43.66864" lon="3.138"><ele>432.3</ele></trkpt><trkpt lat="43.6687" lon="3.13792"><ele>432.4</ele></trkpt><trkpt lat="43.66877" lon="3.13783"><ele>432.4</ele></trkpt><trkpt lat="43.66883" lon="3.13775"><ele>432.4</ele></trkpt><trkpt lat="43.66889" lon="3.13766"><ele>432.2</ele></trkpt><trkpt lat="43.66896" lon="3.13757"><ele>432.3</ele></trkpt><trkpt lat="43.66904" lon="3.13755"><ele>431.6</ele></trkpt><trkpt lat="43.66912" lon="3.13753"><ele>431</ele></trkpt><trkpt lat="43.6692" lon="3.13751"><ele>430.5</ele></trkpt><trkpt lat="43.66928" lon="3.13748"><ele>430</ele></trkpt><trkpt lat="43.66936" lon="3.13746"><ele>429.5</ele></trkpt><trkpt lat="43.66944" lon="3.13744"><ele>428.9</ele></trkpt><trkpt lat="43.66952" lon="3.13742"><ele>428.1</ele></trkpt><trkpt lat="43.6696" lon="3.1374"><ele>427.3</ele></trkpt><trkpt lat="43.66969" lon="3.13738"><ele>426.3</ele></trkpt><trkpt lat="43.66978" lon="3.13736"><ele>425.4</ele></trkpt><trkpt lat="43.66986" lon="3.13734"><ele>424.6</ele></trkpt><trkpt lat="43.66995" lon="3.13732"><ele>423.9</ele></trkpt><trkpt lat="43.67004" lon="3.1373"><ele>423.1</ele></trkpt><trkpt lat="43.67013" lon="3.13728"><ele>422.3</ele></trkpt><trkpt lat="43.67022" lon="3.13726"><ele>421.4</ele></trkpt><trkpt lat="43.67031" lon="3.13724"><ele>420.5</ele></trkpt><trkpt lat="43.67039" lon="3.13725"><ele>419.5</ele></trkpt><trkpt lat="43.67047" lon="3.13727"><ele>418.5</ele></trkpt><trkpt lat="43.67055" lon="3.13728"><ele>417.4</ele></trkpt><trkpt lat="43.67063" lon="3.13729"><ele>417</ele></trkpt><trkpt lat="43.67069" lon="3.13732"><ele>416.6</ele></trkpt><trkpt lat="43.67075" lon="3.13735"><ele>416.3</ele></trkpt><trkpt lat="43.67081" lon="3.13738"><ele>415.9</ele></trkpt><trkpt lat="43.67087" lon="3.13741"><ele>415.6</ele></trkpt><trkpt lat="43.67093" lon="3.13744"><ele>415.4</ele></trkpt><trkpt lat="43.67099" lon="3.13746"><ele>415.2</ele></trkpt><trkpt lat="43.67105" lon="3.13749"><ele>415</ele></trkpt><trkpt lat="43.67111" lon="3.13752"><ele>414.9</ele></trkpt><trkpt lat="43.67116" lon="3.13759"><ele>414.8</ele></trkpt><trkpt lat="43.67122" lon="3.13765"><ele>414.6</ele></trkpt><trkpt lat="43.67128" lon="3.13772"><ele>414.4</ele></trkpt><trkpt lat="43.67133" lon="3.13778"><ele>414</ele></trkpt><trkpt lat="43.67142" lon="3.1378"><ele>413.8</ele></trkpt><trkpt lat="43.6715" lon="3.13781"><ele>413.6</ele></trkpt><trkpt lat="43.67158" lon="3.13783"><ele>413.4</ele></trkpt><trkpt lat="43.67166" lon="3.13784"><ele>413.1</ele></trkpt><trkpt lat="43.67174" lon="3.13786"><ele>412.8</ele></trkpt><trkpt lat="43.67182" lon="3.13787"><ele>412.7</ele></trkpt><trkpt lat="43.6719" lon="3.13789"><ele>412.6</ele></trkpt><trkpt lat="43.67198" lon="3.1379"><ele>412.8</ele></trkpt><trkpt lat="43.67202" lon="3.13797"><ele>413</ele></trkpt><trkpt lat="43.67207" lon="3.13803"><ele>413.3</ele></trkpt><trkpt lat="43.67211" lon="3.13809"><ele>413.6</ele></trkpt><trkpt lat="43.67215" lon="3.13815"><ele>413.9</ele></trkpt><trkpt lat="43.67219" lon="3.13822"><ele>414.4</ele></trkpt><trkpt lat="43.67224" lon="3.13828"><ele>415.3</ele></trkpt><trkpt lat="43.67228" lon="3.13834"><ele>416.2</ele></trkpt><trkpt lat="43.67232" lon="3.13841"><ele>416.7</ele></trkpt><trkpt lat="43.67236" lon="3.13846"><ele>417.2</ele></trkpt><trkpt lat="43.67239" lon="3.13852"><ele>417.7</ele></trkpt><trkpt lat="43.67242" lon="3.13857"><ele>418.2</ele></trkpt><trkpt lat="43.67245" lon="3.13863"><ele>418.9</ele></trkpt><trkpt lat="43.67249" lon="3.13868"><ele>419.9</ele></trkpt><trkpt lat="43.67252" lon="3.13874"><ele>421</ele></trkpt><trkpt lat="43.67255" lon="3.13879"><ele>422</ele></trkpt><trkpt lat="43.67259" lon="3.13885"><ele>423</ele></trkpt><trkpt lat="43.67262" lon="3.1389"><ele>423.9</ele></trkpt><trkpt lat="43.67265" lon="3.13896"><ele>424.5</ele></trkpt><trkpt lat="43.67269" lon="3.13901"><ele>424.9</ele></trkpt><trkpt lat="43.67272" lon="3.13907"><ele>425.4</ele></trkpt><trkpt lat="43.67275" lon="3.13912"><ele>425.7</ele></trkpt><trkpt lat="43.67279" lon="3.13918"><ele>426.1</ele></trkpt><trkpt lat="43.67282" lon="3.13923"><ele>426.5</ele></trkpt><trkpt lat="43.67285" lon="3.13929"><ele>426.9</ele></trkpt><trkpt lat="43.67289" lon="3.13933"><ele>427.4</ele></trkpt><trkpt lat="43.67293" lon="3.13937"><ele>428</ele></trkpt><trkpt lat="43.67297" lon="3.13941"><ele>428.5</ele></trkpt><trkpt lat="43.67301" lon="3.13944"><ele>429</ele></trkpt><trkpt lat="43.67305" lon="3.13948"><ele>429.5</ele></trkpt><trkpt lat="43.67309" lon="3.13952"><ele>430</ele></trkpt><trkpt lat="43.67312" lon="3.13956"><ele>430.4</ele></trkpt><trkpt lat="43.67316" lon="3.1396"><ele>430.8</ele></trkpt><trkpt lat="43.6732" lon="3.13964"><ele>431</ele></trkpt><trkpt lat="43.67324" lon="3.13968"><ele>431.2</ele></trkpt><trkpt lat="43.67328" lon="3.13972"><ele>431.3</ele></trkpt><trkpt lat="43.67332" lon="3.13976"><ele>431.4</ele></trkpt><trkpt lat="43.67336" lon="3.1398"><ele>431.7</ele></trkpt><trkpt lat="43.6734" lon="3.13984"><ele>432</ele></trkpt><trkpt lat="43.67344" lon="3.13987"><ele>432.4</ele></trkpt><trkpt lat="43.67347" lon="3.13991"><ele>432.6</ele></trkpt><trkpt lat="43.67356" lon="3.13993"><ele>434</ele></trkpt><trkpt lat="43.67364" lon="3.13994"><ele>435.1</ele></trkpt><trkpt lat="43.67372" lon="3.13996"><ele>435.5</ele></trkpt><trkpt lat="43.67381" lon="3.13997"><ele>435.9</ele></trkpt><trkpt lat="43.67388" lon="3.13992"><ele>437.4</ele></trkpt><trkpt lat="43.67395" lon="3.13986"><ele>438</ele></trkpt><trkpt lat="43.67402" lon="3.13981"><ele>438.6</ele></trkpt><trkpt lat="43.67409" lon="3.13975"><ele>439.6</ele></trkpt><trkpt lat="43.67416" lon="3.13969"><ele>440.6</ele></trkpt><trkpt lat="43.67423" lon="3.13964"><ele>441</ele></trkpt><trkpt lat="43.6743" lon="3.13958"><ele>441.5</ele></trkpt><trkpt lat="43.67438" lon="3.13953"><ele>442.2</ele></trkpt><trkpt lat="43.67442" lon="3.13949"><ele>443</ele></trkpt><trkpt lat="43.67446" lon="3.13944"><ele>443.8</ele></trkpt><trkpt lat="43.6745" lon="3.1394"><ele>444.2</ele></trkpt><trkpt lat="43.67455" lon="3.13936"><ele>444.7</ele></trkpt><trkpt lat="43.67459" lon="3.13932"><ele>445.1</ele></trkpt><trkpt lat="43.67463" lon="3.13928"><ele>445.6</ele></trkpt><trkpt lat="43.67467" lon="3.13923"><ele>446</ele></trkpt><trkpt lat="43.67472" lon="3.13919"><ele>446.5</ele></trkpt><trkpt lat="43.67476" lon="3.13915"><ele>447.1</ele></trkpt><trkpt lat="43.6748" lon="3.13911"><ele>447.9</ele></trkpt><trkpt lat="43.67484" lon="3.13907"><ele>448.6</ele></trkpt><trkpt lat="43.67489" lon="3.13902"><ele>449.2</ele></trkpt><trkpt lat="43.67493" lon="3.13898"><ele>449.8</ele></trkpt><trkpt lat="43.67497" lon="3.13894"><ele>450.2</ele></trkpt><trkpt lat="43.67501" lon="3.1389"><ele>450.6</ele></trkpt><trkpt lat="43.67506" lon="3.13886"><ele>451.2</ele></trkpt><trkpt lat="43.67509" lon="3.13881"><ele>452.1</ele></trkpt><trkpt lat="43.67513" lon="3.13876"><ele>453</ele></trkpt><trkpt lat="43.67517" lon="3.13872"><ele>453.8</ele></trkpt><trkpt lat="43.67521" lon="3.13867"><ele>454.6</ele></trkpt><trkpt lat="43.67524" lon="3.13862"><ele>455.3</ele></trkpt><trkpt lat="43.67528" lon="3.13857"><ele>455.9</ele></trkpt><trkpt lat="43.67532" lon="3.13853"><ele>456.3</ele></trkpt><trkpt lat="43.67536" lon="3.13848"><ele>457</ele></trkpt><trkpt lat="43.67539" lon="3.13843"><ele>457.8</ele></trkpt><trkpt lat="43.67543" lon="3.13839"><ele>458.7</ele></trkpt><trkpt lat="43.67547" lon="3.13834"><ele>459.7</ele></trkpt><trkpt lat="43.67551" lon="3.13829"><ele>460.2</ele></trkpt><trkpt lat="43.67554" lon="3.13825"><ele>460.4</ele></trkpt><trkpt lat="43.67558" lon="3.1382"><ele>460.2</ele></trkpt><trkpt lat="43.67562" lon="3.13815"><ele>460.1</ele></trkpt><trkpt lat="43.67566" lon="3.13811"><ele>460.2</ele></trkpt><trkpt lat="43.67569" lon="3.13805"><ele>460.9</ele></trkpt><trkpt lat="43.67572" lon="3.13799"><ele>461.8</ele></trkpt><trkpt lat="43.67575" lon="3.13793"><ele>462.5</ele></trkpt><trkpt lat="43.67578" lon="3.13787"><ele>463.2</ele></trkpt><trkpt lat="43.67581" lon="3.13781"><ele>463.8</ele></trkpt><trkpt lat="43.67584" lon="3.13775"><ele>464</ele></trkpt><trkpt lat="43.67588" lon="3.13769"><ele>463.8</ele></trkpt><trkpt lat="43.67591" lon="3.13763"><ele>463.6</ele></trkpt><trkpt lat="43.67594" lon="3.13752"><ele>464.6</ele></trkpt><trkpt lat="43.67597" lon="3.1374"><ele>465.8</ele></trkpt><trkpt lat="43.676" lon="3.13729"><ele>467.1</ele></trkpt><trkpt lat="43.67603" lon="3.13718"><ele>468.1</ele></trkpt><trkpt lat="43.67605" lon="3.13712"><ele>468</ele></trkpt><trkpt lat="43.67607" lon="3.13706"><ele>467.9</ele></trkpt><trkpt lat="43.67609" lon="3.13701"><ele>467.9</ele></trkpt><trkpt lat="43.67611" lon="3.13695"><ele>467.8</ele></trkpt><trkpt lat="43.67613" lon="3.1369"><ele>468.1</ele></trkpt><trkpt lat="43.67616" lon="3.13684"><ele>468.6</ele></trkpt><trkpt lat="43.67618" lon="3.13679"><ele>469</ele></trkpt><trkpt lat="43.6762" lon="3.13673"><ele>469.6</ele></trkpt><trkpt lat="43.67622" lon="3.13668"><ele>470.1</ele></trkpt><trkpt lat="43.67624" lon="3.13662"><ele>470.6</ele></trkpt><trkpt lat="43.67626" lon="3.13656"><ele>471.3</ele></trkpt><trkpt lat="43.67629" lon="3.13651"><ele>472</ele></trkpt><trkpt lat="43.67631" lon="3.13645"><ele>472.8</ele></trkpt><trkpt lat="43.67633" lon="3.1364"><ele>473.7</ele></trkpt><trkpt lat="43.67635" lon="3.13634"><ele>474</ele></trkpt><trkpt lat="43.67637" lon="3.13629"><ele>474.1</ele></trkpt><trkpt lat="43.6764" lon="3.13623"><ele>473.9</ele></trkpt><trkpt lat="43.67642" lon="3.13618"><ele>473.7</ele></trkpt><trkpt lat="43.67645" lon="3.13612"><ele>473.6</ele></trkpt><trkpt lat="43.67647" lon="3.13607"><ele>474.1</ele></trkpt><trkpt lat="43.6765" lon="3.13601"><ele>474.7</ele></trkpt><trkpt lat="43.67652" lon="3.13595"><ele>475.3</ele></trkpt><trkpt lat="43.67655" lon="3.1359"><ele>475.9</ele></trkpt><trkpt lat="43.67657" lon="3.13584"><ele>476.5</ele></trkpt><trkpt lat="43.6766" lon="3.13579"><ele>476.7</ele></trkpt><trkpt lat="43.67662" lon="3.13573"><ele>476.9</ele></trkpt><trkpt lat="43.67665" lon="3.13568"><ele>477.1</ele></trkpt><trkpt lat="43.67667" lon="3.13562"><ele>477.4</ele></trkpt><trkpt lat="43.6767" lon="3.13557"><ele>477.6</ele></trkpt><trkpt lat="43.67672" lon="3.13551"><ele>478.3</ele></trkpt><trkpt lat="43.67675" lon="3.13546"><ele>479.2</ele></trkpt><trkpt lat="43.67677" lon="3.1354"><ele>480.1</ele></trkpt><trkpt lat="43.67682" lon="3.13534"><ele>480.7</ele></trkpt><trkpt lat="43.67686" lon="3.13527"><ele>481.3</ele></trkpt><trkpt lat="43.6769" lon="3.13521"><ele>481.2</ele></trkpt><trkpt lat="43.67694" lon="3.13515"><ele>481</ele></trkpt><trkpt lat="43.67698" lon="3.13508"><ele>481.1</ele></trkpt><trkpt lat="43.67703" lon="3.13502"><ele>481.5</ele></trkpt><trkpt lat="43.67707" lon="3.13496"><ele>482.5</ele></trkpt><trkpt lat="43.67711" lon="3.13489"><ele>483.6</ele></trkpt><trkpt lat="43.67716" lon="3.13483"><ele>484.4</ele></trkpt><trkpt lat="43.67721" lon="3.13477"><ele>485.1</ele></trkpt><trkpt lat="43.67726" lon="3.1347"><ele>485.6</ele></trkpt><trkpt lat="43.6773" lon="3.13464"><ele>486</ele></trkpt><trkpt lat="43.67735" lon="3.13458"><ele>486.5</ele></trkpt><trkpt lat="43.67739" lon="3.13452"><ele>487</ele></trkpt><trkpt lat="43.67743" lon="3.13446"><ele>487.5</ele></trkpt><trkpt lat="43.67747" lon="3.1344"><ele>487.9</ele></trkpt><trkpt lat="43.67752" lon="3.13434"><ele>488.2</ele></trkpt><trkpt lat="43.67756" lon="3.13428"><ele>488.6</ele></trkpt><trkpt lat="43.6776" lon="3.13422"><ele>489</ele></trkpt><trkpt lat="43.67764" lon="3.13416"><ele>489.5</ele></trkpt><trkpt lat="43.67769" lon="3.13408"><ele>490.1</ele></trkpt><trkpt lat="43.67774" lon="3.13399"><ele>490.3</ele></trkpt><trkpt lat="43.67779" lon="3.13391"><ele>490.3</ele></trkpt><trkpt lat="43.67784" lon="3.13382"><ele>491.3</ele></trkpt><trkpt lat="43.67789" lon="3.13374"><ele>492.5</ele></trkpt><trkpt lat="43.67794" lon="3.13366"><ele>493.5</ele></trkpt><trkpt lat="43.67799" lon="3.13357"><ele>494.1</ele></trkpt><trkpt lat="43.67803" lon="3.13349"><ele>494</ele></trkpt><trkpt lat="43.67807" lon="3.13343"><ele>493.9</ele></trkpt><trkpt lat="43.67811" lon="3.13338"><ele>494.3</ele></trkpt><trkpt lat="43.67814" lon="3.13333"><ele>494.9</ele></trkpt><trkpt lat="43.67818" lon="3.13327"><ele>495.8</ele></trkpt><trkpt lat="43.67821" lon="3.13323"><ele>496.4</ele></trkpt><trkpt lat="43.67824" lon="3.13318"><ele>496.8</ele></trkpt><trkpt lat="43.67827" lon="3.13313"><ele>497.1</ele></trkpt><trkpt lat="43.6783" lon="3.13309"><ele>497.3</ele></trkpt><trkpt lat="43.67833" lon="3.13304"><ele>497.4</ele></trkpt><trkpt lat="43.67836" lon="3.133"><ele>498</ele></trkpt><trkpt lat="43.67839" lon="3.13295"><ele>498.6</ele></trkpt><trkpt lat="43.67842" lon="3.1329"><ele>499.2</ele></trkpt><trkpt lat="43.67846" lon="3.13286"><ele>499.6</ele></trkpt><trkpt lat="43.6785" lon="3.13281"><ele>499.9</ele></trkpt><trkpt lat="43.67854" lon="3.13277"><ele>500.2</ele></trkpt><trkpt lat="43.67858" lon="3.13272"><ele>500.4</ele></trkpt><trkpt lat="43.67862" lon="3.13267"><ele>500.4</ele></trkpt><trkpt lat="43.67866" lon="3.13263"><ele>500.5</ele></trkpt><trkpt lat="43.6787" lon="3.13258"><ele>500.7</ele></trkpt><trkpt lat="43.67873" lon="3.13254"><ele>501</ele></trkpt><trkpt lat="43.67876" lon="3.13248"><ele>501.8</ele></trkpt><trkpt lat="43.67878" lon="3.13242"><ele>502.6</ele></trkpt><trkpt lat="43.6788" lon="3.13236"><ele>503.3</ele></trkpt><trkpt lat="43.67882" lon="3.1323"><ele>503.9</ele></trkpt><trkpt lat="43.67884" lon="3.13224"><ele>504.5</ele></trkpt><trkpt lat="43.67887" lon="3.13218"><ele>504.9</ele></trkpt><trkpt lat="43.67889" lon="3.13212"><ele>505.1</ele></trkpt><trkpt lat="43.67891" lon="3.13206"><ele>505.6</ele></trkpt><trkpt lat="43.67893" lon="3.13195"><ele>506.9</ele></trkpt><trkpt lat="43.67895" lon="3.13184"><ele>508.1</ele></trkpt><trkpt lat="43.67897" lon="3.13173"><ele>509.3</ele></trkpt><trkpt lat="43.67899" lon="3.13162"><ele>510.1</ele></trkpt><trkpt lat="43.67906" lon="3.13162"><ele>510.1</ele></trkpt><trkpt lat="43.67914" lon="3.13162"><ele>510.2</ele></trkpt><trkpt lat="43.67921" lon="3.13162"><ele>510.7</ele></trkpt><trkpt lat="43.67929" lon="3.13162"><ele>511.5</ele></trkpt><trkpt lat="43.67936" lon="3.13155"><ele>512.5</ele></trkpt><trkpt lat="43.67943" lon="3.13149"><ele>513.4</ele></trkpt><trkpt lat="43.67949" lon="3.13142"><ele>514.6</ele></trkpt><trkpt lat="43.67956" lon="3.13136"><ele>515.8</ele></trkpt><trkpt lat="43.67962" lon="3.13127"><ele>516.8</ele></trkpt><trkpt lat="43.67967" lon="3.13118"><ele>517.9</ele></trkpt><trkpt lat="43.67973" lon="3.13109"><ele>519.3</ele></trkpt><trkpt lat="43.67978" lon="3.13101"><ele>521.3</ele></trkpt><trkpt lat="43.67982" lon="3.13093"><ele>522.5</ele></trkpt><trkpt lat="43.67985" lon="3.13084"><ele>523.6</ele></trkpt><trkpt lat="43.67989" lon="3.13077"><ele>524.7</ele></trkpt><trkpt lat="43.67993" lon="3.13069"><ele>525.3</ele></trkpt><trkpt lat="43.67993" lon="3.13062"><ele>524.9</ele></trkpt><trkpt lat="43.67994" lon="3.13054"><ele>524.8</ele></trkpt><trkpt lat="43.67992" lon="3.13045"><ele>526</ele></trkpt><trkpt lat="43.67991" lon="3.13037"><ele>527.3</ele></trkpt><trkpt lat="43.67986" lon="3.13032"><ele>527.8</ele></trkpt><trkpt lat="43.67981" lon="3.13027"><ele>528.5</ele></trkpt><trkpt lat="43.67976" lon="3.13022"><ele>529</ele></trkpt><trkpt lat="43.67972" lon="3.13017"><ele>529.4</ele></trkpt><trkpt lat="43.67966" lon="3.13013"><ele>529.3</ele></trkpt><trkpt lat="43.67961" lon="3.13009"><ele>529.3</ele></trkpt><trkpt lat="43.67956" lon="3.13005"><ele>529.6</ele></trkpt><trkpt lat="43.6795" lon="3.13001"><ele>530.1</ele></trkpt><trkpt lat="43.67946" lon="3.12997"><ele>530.4</ele></trkpt><trkpt lat="43.67941" lon="3.12992"><ele>530.4</ele></trkpt><trkpt lat="43.67936" lon="3.12987"><ele>530.4</ele></trkpt><trkpt lat="43.67932" lon="3.12983"><ele>530.2</ele></trkpt><trkpt lat="43.67927" lon="3.12978"><ele>530</ele></trkpt><trkpt lat="43.67922" lon="3.12973"><ele>529.6</ele></trkpt><trkpt lat="43.67918" lon="3.12969"><ele>529.1</ele></trkpt><trkpt lat="43.67913" lon="3.12964"><ele>529.1</ele></trkpt><trkpt lat="43.67908" lon="3.12959"><ele>528.9</ele></trkpt><trkpt lat="43.67904" lon="3.12955"><ele>528.5</ele></trkpt><trkpt lat="43.67899" lon="3.1295"><ele>527.7</ele></trkpt><trkpt lat="43.67895" lon="3.12946"><ele>526.8</ele></trkpt><trkpt lat="43.6789" lon="3.12941"><ele>526.1</ele></trkpt><trkpt lat="43.67885" lon="3.12936"><ele>525.1</ele></trkpt><trkpt lat="43.67881" lon="3.12932"><ele>524.2</ele></trkpt><trkpt lat="43.67876" lon="3.12927"><ele>523.4</ele></trkpt><trkpt lat="43.67874" lon="3.1292"><ele>523.6</ele></trkpt><trkpt lat="43.67872" lon="3.12913"><ele>523.8</ele></trkpt><trkpt lat="43.67869" lon="3.12906"><ele>524</ele></trkpt><trkpt lat="43.67867" lon="3.12899"><ele>524.1</ele></trkpt><trkpt lat="43.67864" lon="3.12894"><ele>523.5</ele></trkpt><trkpt lat="43.6786" lon="3.1289"><ele>522.8</ele></trkpt><trkpt lat="43.67857" lon="3.12885"><ele>522.5</ele></trkpt><trkpt lat="43.67854" lon="3.1288"><ele>522.2</ele></trkpt><trkpt lat="43.6785" lon="3.12876"><ele>522</ele></trkpt><trkpt lat="43.67847" lon="3.12871"><ele>521.9</ele></trkpt><trkpt lat="43.67844" lon="3.12866"><ele>521.9</ele></trkpt><trkpt lat="43.6784" lon="3.12862"><ele>522</ele></trkpt><trkpt lat="43.67837" lon="3.12858"><ele>521.7</ele></trkpt><trkpt lat="43.67833" lon="3.12854"><ele>521.2</ele></trkpt><trkpt lat="43.67829" lon="3.1285"><ele>520.9</ele></trkpt><trkpt lat="43.67825" lon="3.12846"><ele>520.7</ele></trkpt><trkpt lat="43.67821" lon="3.12842"><ele>520.4</ele></trkpt><trkpt lat="43.67818" lon="3.12838"><ele>520.1</ele></trkpt><trkpt lat="43.67814" lon="3.12834"><ele>519.9</ele></trkpt><trkpt lat="43.6781" lon="3.1283"><ele>519.8</ele></trkpt><trkpt lat="43.67806" lon="3.12827"><ele>519.2</ele></trkpt><trkpt lat="43.67802" lon="3.12825"><ele>519</ele></trkpt><trkpt lat="43.67797" lon="3.12822"><ele>518.7</ele></trkpt><trkpt lat="43.67793" lon="3.1282"><ele>518.4</ele></trkpt><trkpt lat="43.67789" lon="3.12817"><ele>518</ele></trkpt><trkpt lat="43.67785" lon="3.12815"><ele>517.6</ele></trkpt><trkpt lat="43.6778" lon="3.12812"><ele>517.2</ele></trkpt><trkpt lat="43.67776" lon="3.1281"><ele>516.9</ele></trkpt><trkpt lat="43.6777" lon="3.12804"><ele>516.6</ele></trkpt><trkpt lat="43.67763" lon="3.12799"><ele>516.8</ele></trkpt><trkpt lat="43.67757" lon="3.12793"><ele>516.5</ele></trkpt><trkpt lat="43.6775" lon="3.12788"><ele>515.7</ele></trkpt><trkpt lat="43.67744" lon="3.12783"><ele>515.4</ele></trkpt><trkpt lat="43.67738" lon="3.12777"><ele>514.8</ele></trkpt><trkpt lat="43.67731" lon="3.12772"><ele>514.6</ele></trkpt><trkpt lat="43.67725" lon="3.12766"><ele>513.9</ele></trkpt><trkpt lat="43.67718" lon="3.12759"><ele>513.6</ele></trkpt><trkpt lat="43.67711" lon="3.12752"><ele>513.6</ele></trkpt><trkpt lat="43.67705" lon="3.12745"><ele>513.7</ele></trkpt><trkpt lat="43.67698" lon="3.12737"><ele>513.7</ele></trkpt><trkpt lat="43.67691" lon="3.1273"><ele>513.6</ele></trkpt><trkpt lat="43.67684" lon="3.12723"><ele>513.6</ele></trkpt><trkpt lat="43.67678" lon="3.12716"><ele>513.2</ele></trkpt><trkpt lat="43.67671" lon="3.12708"><ele>512.7</ele></trkpt><trkpt lat="43.6767" lon="3.12698"><ele>512.3</ele></trkpt><trkpt lat="43.67669" lon="3.12687"><ele>511.3</ele></trkpt><trkpt lat="43.67667" lon="3.12676"><ele>510.1</ele></trkpt><trkpt lat="43.67666" lon="3.12666"><ele>509</ele></trkpt><trkpt lat="43.67669" lon="3.12658"><ele>508.8</ele></trkpt><trkpt lat="43.67672" lon="3.1265"><ele>508.4</ele></trkpt><trkpt lat="43.67675" lon="3.12642"><ele>507.9</ele></trkpt><trkpt lat="43.67678" lon="3.12634"><ele>506.3</ele></trkpt><trkpt lat="43.67682" lon="3.12628"><ele>505.3</ele></trkpt><trkpt lat="43.67686" lon="3.12623"><ele>504.6</ele></trkpt><trkpt lat="43.67689" lon="3.12618"><ele>504.1</ele></trkpt><trkpt lat="43.67693" lon="3.12613"><ele>503.9</ele></trkpt><trkpt lat="43.67696" lon="3.12608"><ele>503.5</ele></trkpt><trkpt lat="43.677" lon="3.12603"><ele>502.8</ele></trkpt><trkpt lat="43.67703" lon="3.12598"><ele>502.1</ele></trkpt><trkpt lat="43.67707" lon="3.12593"><ele>501.4</ele></trkpt><trkpt lat="43.67712" lon="3.12586"><ele>500.5</ele></trkpt><trkpt lat="43.67717" lon="3.1258"><ele>500</ele></trkpt><trkpt lat="43.67722" lon="3.12573"><ele>500.2</ele></trkpt><trkpt lat="43.67727" lon="3.12567"><ele>500.2</ele></trkpt><trkpt lat="43.67733" lon="3.1256"><ele>499.6</ele></trkpt><trkpt lat="43.67739" lon="3.12553"><ele>498.5</ele></trkpt><trkpt lat="43.67745" lon="3.12547"><ele>497.8</ele></trkpt><trkpt lat="43.6775" lon="3.1254"><ele>497.9</ele></trkpt><trkpt lat="43.67756" lon="3.12533"><ele>497.6</ele></trkpt><trkpt lat="43.67762" lon="3.12526"><ele>496.7</ele></trkpt><trkpt lat="43.67768" lon="3.12519"><ele>495.8</ele></trkpt><trkpt lat="43.67774" lon="3.12513"><ele>495.1</ele></trkpt><trkpt lat="43.67782" lon="3.1251"><ele>495.2</ele></trkpt><trkpt lat="43.67791" lon="3.12507"><ele>494.6</ele></trkpt><trkpt lat="43.67799" lon="3.12504"><ele>493.6</ele></trkpt><trkpt lat="43.67807" lon="3.12501"><ele>492.3</ele></trkpt><trkpt lat="43.67811" lon="3.12497"><ele>491.8</ele></trkpt><trkpt lat="43.67815" lon="3.12493"><ele>491.3</ele></trkpt><trkpt lat="43.67819" lon="3.12489"><ele>490.9</ele></trkpt><trkpt lat="43.67824" lon="3.12485"><ele>490.5</ele></trkpt><trkpt lat="43.67828" lon="3.12481"><ele>490.2</ele></trkpt><trkpt lat="43.67832" lon="3.12477"><ele>489.9</ele></trkpt><trkpt lat="43.67836" lon="3.12474"><ele>489.8</ele></trkpt><trkpt lat="43.6784" lon="3.1247"><ele>489.4</ele></trkpt><trkpt lat="43.67847" lon="3.12464"><ele>488.7</ele></trkpt><trkpt lat="43.67854" lon="3.12458"><ele>487.9</ele></trkpt><trkpt lat="43.6786" lon="3.12452"><ele>487.1</ele></trkpt><trkpt lat="43.67867" lon="3.12445"><ele>485.5</ele></trkpt><trkpt lat="43.67874" lon="3.12443"><ele>484.9</ele></trkpt><trkpt lat="43.6788" lon="3.12441"><ele>484.4</ele></trkpt><trkpt lat="43.67887" lon="3.12439"><ele>483.9</ele></trkpt><trkpt lat="43.67894" lon="3.12437"><ele>483.3</ele></trkpt><trkpt lat="43.679" lon="3.12435"><ele>482.7</ele></trkpt><trkpt lat="43.67907" lon="3.12433"><ele>482.4</ele></trkpt><trkpt lat="43.67914" lon="3.12431"><ele>482.3</ele></trkpt><trkpt lat="43.6792" lon="3.12428"><ele>482.7</ele></trkpt><trkpt lat="43.67921" lon="3.12421"><ele>482</ele></trkpt><trkpt lat="43.67922" lon="3.12414"><ele>481.4</ele></trkpt><trkpt lat="43.67923" lon="3.12406"><ele>480.9</ele></trkpt><trkpt lat="43.67924" lon="3.12399"><ele>480.6</ele></trkpt><trkpt lat="43.67924" lon="3.12391"><ele>480</ele></trkpt><trkpt lat="43.67923" lon="3.12384"><ele>479.4</ele></trkpt><trkpt lat="43.67923" lon="3.12376"><ele>478.9</ele></trkpt><trkpt lat="43.67923" lon="3.12368"><ele>478.4</ele></trkpt><trkpt lat="43.67922" lon="3.12361"><ele>477.8</ele></trkpt><trkpt lat="43.67922" lon="3.12353"><ele>477.3</ele></trkpt><trkpt lat="43.67922" lon="3.12346"><ele>476.8</ele></trkpt><trkpt lat="43.67921" lon="3.12338"><ele>476.3</ele></trkpt><trkpt lat="43.67922" lon="3.12326"><ele>475.5</ele></trkpt><trkpt lat="43.67923" lon="3.12314"><ele>474.3</ele></trkpt><trkpt lat="43.67924" lon="3.12302"><ele>472.9</ele></trkpt><trkpt lat="43.67924" lon="3.1229"><ele>471.4</ele></trkpt><trkpt lat="43.67926" lon="3.12282"><ele>470.7</ele></trkpt><trkpt lat="43.67927" lon="3.12273"><ele>470</ele></trkpt><trkpt lat="43.67928" lon="3.12264"><ele>469.3</ele></trkpt><trkpt lat="43.67929" lon="3.12255"><ele>468.6</ele></trkpt><trkpt lat="43.67933" lon="3.12244"><ele>467.9</ele></trkpt><trkpt lat="43.67936" lon="3.12233"><ele>466.2</ele></trkpt><trkpt lat="43.67939" lon="3.12222"><ele>464.3</ele></trkpt><trkpt lat="43.67943" lon="3.12211"><ele>464.8</ele></trkpt><trkpt lat="43.67944" lon="3.12202"><ele>465.3</ele></trkpt><trkpt lat="43.67946" lon="3.12194"><ele>465.8</ele></trkpt><trkpt lat="43.67948" lon="3.12185"><ele>466</ele></trkpt><trkpt lat="43.6795" lon="3.12176"><ele>466.1</ele></trkpt><trkpt lat="43.67951" lon="3.12165"><ele>465.5</ele></trkpt><trkpt lat="43.67953" lon="3.12154"><ele>464</ele></trkpt><trkpt lat="43.67954" lon="3.12144"><ele>462.7</ele></trkpt><trkpt lat="43.67955" lon="3.12133"><ele>461.6</ele></trkpt><trkpt lat="43.67955" lon="3.12123"><ele>460.2</ele></trkpt><trkpt lat="43.67955" lon="3.12114"><ele>458.7</ele></trkpt><trkpt lat="43.67955" lon="3.12105"><ele>459.2</ele></trkpt><trkpt lat="43.67955" lon="3.12096"><ele>460.6</ele></trkpt><trkpt lat="43.67953" lon="3.12086"><ele>461.1</ele></trkpt><trkpt lat="43.67951" lon="3.12077"><ele>460.5</ele></trkpt><trkpt lat="43.67949" lon="3.12068"><ele>459</ele></trkpt><trkpt lat="43.67947" lon="3.12059"><ele>457.5</ele></trkpt><trkpt lat="43.67943" lon="3.1205"><ele>455.6</ele></trkpt><trkpt lat="43.67939" lon="3.12042"><ele>454.4</ele></trkpt><trkpt lat="43.67935" lon="3.12033"><ele>453.2</ele></trkpt><trkpt lat="43.67931" lon="3.12024"><ele>452.7</ele></trkpt><trkpt lat="43.67927" lon="3.12015"><ele>452.8</ele></trkpt><trkpt lat="43.67923" lon="3.12006"><ele>452.8</ele></trkpt><trkpt lat="43.67919" lon="3.11997"><ele>452.3</ele></trkpt><trkpt lat="43.67916" lon="3.11988"><ele>450.4</ele></trkpt><trkpt lat="43.67914" lon="3.11981"><ele>449.6</ele></trkpt><trkpt lat="43.67912" lon="3.11973"><ele>449</ele></trkpt><trkpt lat="43.67911" lon="3.11966"><ele>449</ele></trkpt><trkpt lat="43.67909" lon="3.11958"><ele>449</ele></trkpt><trkpt lat="43.67908" lon="3.11951"><ele>449</ele></trkpt><trkpt lat="43.67906" lon="3.11943"><ele>448.8</ele></trkpt><trkpt lat="43.67905" lon="3.11936"><ele>448</ele></trkpt><trkpt lat="43.67903" lon="3.11928"><ele>447.3</ele></trkpt><trkpt lat="43.67902" lon="3.11921"><ele>446.7</ele></trkpt><trkpt lat="43.67901" lon="3.11913"><ele>446.3</ele></trkpt><trkpt lat="43.679" lon="3.11906"><ele>446.2</ele></trkpt><trkpt lat="43.67899" lon="3.11899"><ele>446.1</ele></trkpt><trkpt lat="43.67898" lon="3.11891"><ele>446</ele></trkpt><trkpt lat="43.67897" lon="3.11884"><ele>445.6</ele></trkpt><trkpt lat="43.67896" lon="3.11876"><ele>445</ele></trkpt><trkpt lat="43.67895" lon="3.11869"><ele>444.5</ele></trkpt><trkpt lat="43.67894" lon="3.11859"><ele>443.9</ele></trkpt><trkpt lat="43.67892" lon="3.11849"><ele>443</ele></trkpt><trkpt lat="43.67891" lon="3.11839"><ele>442.2</ele></trkpt><trkpt lat="43.6789" lon="3.11829"><ele>441.3</ele></trkpt><trkpt lat="43.67892" lon="3.11822"><ele>441.5</ele></trkpt><trkpt lat="43.67893" lon="3.11815"><ele>441.7</ele></trkpt><trkpt lat="43.67895" lon="3.11808"><ele>441.7</ele></trkpt><trkpt lat="43.67896" lon="3.11802"><ele>440.4</ele></trkpt><trkpt lat="43.67902" lon="3.11796"><ele>439.6</ele></trkpt><trkpt lat="43.67908" lon="3.1179"><ele>438.7</ele></trkpt><trkpt lat="43.67913" lon="3.11784"><ele>437.7</ele></trkpt><trkpt lat="43.67919" lon="3.11778"><ele>436.5</ele></trkpt><trkpt lat="43.67924" lon="3.11774"><ele>435.6</ele></trkpt><trkpt lat="43.67928" lon="3.1177"><ele>434.9</ele></trkpt><trkpt lat="43.67932" lon="3.11765"><ele>434.5</ele></trkpt><trkpt lat="43.67937" lon="3.11761"><ele>434.2</ele></trkpt><trkpt lat="43.6794" lon="3.11754"><ele>432.8</ele></trkpt><trkpt lat="43.67943" lon="3.11747"><ele>432.5</ele></trkpt><trkpt lat="43.67945" lon="3.11739"><ele>432.7</ele></trkpt><trkpt lat="43.67946" lon="3.11732"><ele>433.1</ele></trkpt><trkpt lat="43.67947" lon="3.11724"><ele>433.4</ele></trkpt><trkpt lat="43.67949" lon="3.11717"><ele>432.8</ele></trkpt><trkpt lat="43.67951" lon="3.11711"><ele>432.4</ele></trkpt><trkpt lat="43.67953" lon="3.11705"><ele>431.8</ele></trkpt><trkpt lat="43.67955" lon="3.11699"><ele>431</ele></trkpt><trkpt lat="43.67957" lon="3.11692"><ele>429.9</ele></trkpt><trkpt lat="43.67963" lon="3.11687"><ele>429.8</ele></trkpt><trkpt lat="43.67968" lon="3.11682"><ele>429.9</ele></trkpt><trkpt lat="43.67973" lon="3.11677"><ele>430.1</ele></trkpt><trkpt lat="43.67979" lon="3.11672"><ele>428.9</ele></trkpt><trkpt lat="43.67983" lon="3.11667"><ele>427.1</ele></trkpt><trkpt lat="43.67987" lon="3.11662"><ele>425.2</ele></trkpt><trkpt lat="43.67994" lon="3.1166"><ele>424.8</ele></trkpt><trkpt lat="43.68001" lon="3.11658"><ele>424.6</ele></trkpt><trkpt lat="43.68008" lon="3.11657"><ele>423.7</ele></trkpt><trkpt lat="43.68015" lon="3.11655"><ele>422.8</ele></trkpt><trkpt lat="43.68022" lon="3.11657"><ele>422.9</ele></trkpt><trkpt lat="43.68029" lon="3.11659"><ele>422.8</ele></trkpt><trkpt lat="43.68035" lon="3.11665"><ele>423.3</ele></trkpt><trkpt lat="43.68041" lon="3.1167"><ele>425</ele></trkpt><trkpt lat="43.68048" lon="3.11669"><ele>423.1</ele></trkpt><trkpt lat="43.68056" lon="3.11667"><ele>421.1</ele></trkpt><trkpt lat="43.68063" lon="3.11665"><ele>420.3</ele></trkpt><trkpt lat="43.68071" lon="3.11663"><ele>419.8</ele></trkpt><trkpt lat="43.68076" lon="3.1166"><ele>418.8</ele></trkpt><trkpt lat="43.6808" lon="3.11656"><ele>418</ele></trkpt><trkpt lat="43.68085" lon="3.11652"><ele>417.7</ele></trkpt><trkpt lat="43.6809" lon="3.11649"><ele>417.5</ele></trkpt><trkpt lat="43.68094" lon="3.11645"><ele>417</ele></trkpt><trkpt lat="43.68099" lon="3.11641"><ele>416.3</ele></trkpt><trkpt lat="43.68103" lon="3.11637"><ele>415.7</ele></trkpt><trkpt lat="43.68107" lon="3.11633"><ele>415.5</ele></trkpt><trkpt lat="43.68112" lon="3.11624"><ele>415.1</ele></trkpt><trkpt lat="43.68116" lon="3.11615"><ele>415.1</ele></trkpt><trkpt lat="43.68121" lon="3.11606"><ele>414.3</ele></trkpt><trkpt lat="43.68125" lon="3.11597"><ele>413</ele></trkpt><trkpt lat="43.6813" lon="3.11593"><ele>412.9</ele></trkpt><trkpt lat="43.68135" lon="3.11589"><ele>412.8</ele></trkpt><trkpt lat="43.6814" lon="3.11585"><ele>412.4</ele></trkpt><trkpt lat="43.68145" lon="3.1158"><ele>410.8</ele></trkpt><trkpt lat="43.68153" lon="3.11577"><ele>409.9</ele></trkpt><trkpt lat="43.68161" lon="3.11575"><ele>409.1</ele></trkpt><trkpt lat="43.68168" lon="3.11573"><ele>408.6</ele></trkpt><trkpt lat="43.68175" lon="3.11571"><ele>408.1</ele></trkpt><trkpt lat="43.68182" lon="3.1157"><ele>407.6</ele></trkpt><trkpt lat="43.68188" lon="3.11568"><ele>407.2</ele></trkpt><trkpt lat="43.68197" lon="3.11572"><ele>407.6</ele></trkpt><trkpt lat="43.68205" lon="3.11576"><ele>406.9</ele></trkpt><trkpt lat="43.68214" lon="3.1158"><ele>406.7</ele></trkpt><trkpt lat="43.68222" lon="3.11583"><ele>407.1</ele></trkpt><trkpt lat="43.68227" lon="3.11585"><ele>406.7</ele></trkpt><trkpt lat="43.68232" lon="3.11586"><ele>406.4</ele></trkpt><trkpt lat="43.68237" lon="3.11587"><ele>406</ele></trkpt><trkpt lat="43.68241" lon="3.11589"><ele>405.6</ele></trkpt><trkpt lat="43.68246" lon="3.1159"><ele>405.1</ele></trkpt><trkpt lat="43.68251" lon="3.11592"><ele>404.7</ele></trkpt><trkpt lat="43.68256" lon="3.11593"><ele>404.2</ele></trkpt><trkpt lat="43.68261" lon="3.11594"><ele>403.7</ele></trkpt><trkpt lat="43.68269" lon="3.11596"><ele>402.8</ele></trkpt><trkpt lat="43.68278" lon="3.11598"><ele>402</ele></trkpt><trkpt lat="43.68286" lon="3.116"><ele>401.4</ele></trkpt><trkpt lat="43.68294" lon="3.11603"><ele>400.9</ele></trkpt><trkpt lat="43.68303" lon="3.11605"><ele>400.4</ele></trkpt><trkpt lat="43.68311" lon="3.11607"><ele>400.2</ele></trkpt><trkpt lat="43.68319" lon="3.11609"><ele>399.9</ele></trkpt><trkpt lat="43.68328" lon="3.11611"><ele>399.7</ele></trkpt><trkpt lat="43.68332" lon="3.11612"><ele>399.5</ele></trkpt><trkpt lat="43.68337" lon="3.11613"><ele>399.2</ele></trkpt><trkpt lat="43.68342" lon="3.11614"><ele>399</ele></trkpt><trkpt lat="43.68346" lon="3.11614"><ele>398.7</ele></trkpt><trkpt lat="43.68351" lon="3.11615"><ele>398.5</ele></trkpt><trkpt lat="43.68356" lon="3.11616"><ele>398.3</ele></trkpt><trkpt lat="43.6836" lon="3.11617"><ele>398</ele></trkpt><trkpt lat="43.68365" lon="3.11618"><ele>397.5</ele></trkpt><trkpt lat="43.68371" lon="3.1162"><ele>397.1</ele></trkpt><trkpt lat="43.68376" lon="3.11622"><ele>396.6</ele></trkpt><trkpt lat="43.68382" lon="3.11624"><ele>396.1</ele></trkpt><trkpt lat="43.68387" lon="3.11625"><ele>395.5</ele></trkpt><trkpt lat="43.68392" lon="3.11629"><ele>395.6</ele></trkpt><trkpt lat="43.68396" lon="3.11632"><ele>395.7</ele></trkpt><trkpt lat="43.684" lon="3.11636"><ele>395.9</ele></trkpt><trkpt lat="43.68405" lon="3.11639"><ele>396.1</ele></trkpt><trkpt lat="43.68409" lon="3.11643"><ele>396.1</ele></trkpt><trkpt lat="43.68413" lon="3.11646"><ele>395.8</ele></trkpt><trkpt lat="43.68418" lon="3.1165"><ele>395.4</ele></trkpt><trkpt lat="43.68422" lon="3.11653"><ele>394.8</ele></trkpt><trkpt lat="43.6843" lon="3.11657"><ele>393.4</ele></trkpt><trkpt lat="43.68437" lon="3.11661"><ele>392.4</ele></trkpt><trkpt lat="43.68445" lon="3.11664"><ele>391.7</ele></trkpt><trkpt lat="43.68453" lon="3.11668"><ele>390.5</ele></trkpt><trkpt lat="43.68458" lon="3.11672"><ele>390.6</ele></trkpt><trkpt lat="43.68463" lon="3.11676"><ele>390.5</ele></trkpt><trkpt lat="43.68468" lon="3.1168"><ele>390.4</ele></trkpt><trkpt lat="43.68473" lon="3.11684"><ele>390.2</ele></trkpt><trkpt lat="43.68478" lon="3.11688"><ele>390.4</ele></trkpt><trkpt lat="43.68483" lon="3.11692"><ele>390.5</ele></trkpt><trkpt lat="43.68488" lon="3.11696"><ele>390.5</ele></trkpt><trkpt lat="43.68493" lon="3.117"><ele>390.7</ele></trkpt><trkpt lat="43.68497" lon="3.11703"><ele>390.8</ele></trkpt><trkpt lat="43.68501" lon="3.11707"><ele>391</ele></trkpt><trkpt lat="43.68505" lon="3.1171"><ele>391.2</ele></trkpt><trkpt lat="43.68509" lon="3.11713"><ele>391.3</ele></trkpt><trkpt lat="43.68513" lon="3.11717"><ele>391.2</ele></trkpt><trkpt lat="43.68517" lon="3.1172"><ele>391.1</ele></trkpt><trkpt lat="43.68521" lon="3.11723"><ele>390.7</ele></trkpt><trkpt lat="43.68525" lon="3.11727"><ele>389.9</ele></trkpt><trkpt lat="43.68528" lon="3.11733"><ele>389.7</ele></trkpt><trkpt lat="43.68532" lon="3.11738"><ele>390.2</ele></trkpt><trkpt lat="43.68535" lon="3.11744"><ele>390.8</ele></trkpt><trkpt lat="43.68539" lon="3.1175"><ele>391.5</ele></trkpt><trkpt lat="43.68544" lon="3.11746"><ele>389.7</ele></trkpt><trkpt lat="43.68549" lon="3.11741"><ele>387.8</ele></trkpt><trkpt lat="43.68546" lon="3.11734"><ele>386.6</ele></trkpt><trkpt lat="43.68543" lon="3.11726"><ele>385.6</ele></trkpt><trkpt lat="43.68536" lon="3.11719"><ele>385.3</ele></trkpt><trkpt lat="43.68529" lon="3.11712"><ele>385</ele></trkpt><trkpt lat="43.68521" lon="3.11706"><ele>385</ele></trkpt><trkpt lat="43.68514" lon="3.11699"><ele>384.4</ele></trkpt><trkpt lat="43.68507" lon="3.11692"><ele>383.5</ele></trkpt><trkpt lat="43.685" lon="3.11685"><ele>383</ele></trkpt><trkpt lat="43.68492" lon="3.11678"><ele>382.6</ele></trkpt><trkpt lat="43.68485" lon="3.11671"><ele>381.8</ele></trkpt><trkpt lat="43.6848" lon="3.11665"><ele>380.8</ele></trkpt><trkpt lat="43.68474" lon="3.11659"><ele>380.1</ele></trkpt><trkpt lat="43.68469" lon="3.11653"><ele>379.7</ele></trkpt><trkpt lat="43.68464" lon="3.11648"><ele>379.3</ele></trkpt><trkpt lat="43.68458" lon="3.11642"><ele>378.6</ele></trkpt><trkpt lat="43.68453" lon="3.11636"><ele>377.7</ele></trkpt><trkpt lat="43.68448" lon="3.1163"><ele>377</ele></trkpt><trkpt lat="43.68442" lon="3.11624"><ele>376.6</ele></trkpt><trkpt lat="43.68437" lon="3.11616"><ele>375.5</ele></trkpt><trkpt lat="43.68431" lon="3.11607"><ele>374.4</ele></trkpt><trkpt lat="43.68426" lon="3.11599"><ele>373.6</ele></trkpt><trkpt lat="43.6842" lon="3.1159"><ele>372.9</ele></trkpt><trkpt lat="43.68415" lon="3.11587"><ele>373.3</ele></trkpt><trkpt lat="43.6841" lon="3.11583"><ele>372.7</ele></trkpt><trkpt lat="43.68406" lon="3.11579"><ele>371.8</ele></trkpt><trkpt lat="43.68401" lon="3.11576"><ele>371</ele></trkpt><trkpt lat="43.68396" lon="3.11573"><ele>370.7</ele></trkpt><trkpt lat="43.68391" lon="3.11571"><ele>370.5</ele></trkpt><trkpt lat="43.68387" lon="3.11568"><ele>370.2</ele></trkpt><trkpt lat="43.68382" lon="3.11565"><ele>369.6</ele></trkpt><trkpt lat="43.68377" lon="3.11563"><ele>369</ele></trkpt><trkpt lat="43.68373" lon="3.1156"><ele>368.3</ele></trkpt><trkpt lat="43.68368" lon="3.11558"><ele>367.4</ele></trkpt><trkpt lat="43.68363" lon="3.11555"><ele>366.5</ele></trkpt><trkpt lat="43.68355" lon="3.11551"><ele>365.6</ele></trkpt><trkpt lat="43.68347" lon="3.11547"><ele>365.1</ele></trkpt><trkpt lat="43.68339" lon="3.11544"><ele>364.8</ele></trkpt><trkpt lat="43.68331" lon="3.1154"><ele>364.5</ele></trkpt><trkpt lat="43.68323" lon="3.11536"><ele>363.8</ele></trkpt><trkpt lat="43.68316" lon="3.11532"><ele>362.7</ele></trkpt><trkpt lat="43.68308" lon="3.11529"><ele>361.3</ele></trkpt><trkpt lat="43.683" lon="3.11525"><ele>360.5</ele></trkpt><trkpt lat="43.68293" lon="3.11521"><ele>359.8</ele></trkpt><trkpt lat="43.68286" lon="3.11517"><ele>359.3</ele></trkpt><trkpt lat="43.6828" lon="3.11512"><ele>359.1</ele></trkpt><trkpt lat="43.68273" lon="3.11508"><ele>358.7</ele></trkpt><trkpt lat="43.68267" lon="3.11504"><ele>358</ele></trkpt><trkpt lat="43.6826" lon="3.115"><ele>357</ele></trkpt><trkpt lat="43.68253" lon="3.11496"><ele>356.2</ele></trkpt><trkpt lat="43.68247" lon="3.11492"><ele>356.3</ele></trkpt><trkpt lat="43.6824" lon="3.11486"><ele>356.3</ele></trkpt><trkpt lat="43.68234" lon="3.1148"><ele>355.8</ele></trkpt><trkpt lat="43.68227" lon="3.11474"><ele>354.7</ele></trkpt><trkpt lat="43.6822" lon="3.11468"><ele>353.9</ele></trkpt><trkpt lat="43.68214" lon="3.11462"><ele>353.5</ele></trkpt><trkpt lat="43.68207" lon="3.11456"><ele>352.9</ele></trkpt><trkpt lat="43.68201" lon="3.1145"><ele>352</ele></trkpt><trkpt lat="43.68194" lon="3.11444"><ele>350.9</ele></trkpt><trkpt lat="43.68189" lon="3.11443"><ele>350.2</ele></trkpt><trkpt lat="43.68183" lon="3.11441"><ele>349.4</ele></trkpt><trkpt lat="43.68178" lon="3.1144"><ele>348.8</ele></trkpt><trkpt lat="43.68173" lon="3.11438"><ele>348.3</ele></trkpt><trkpt lat="43.68167" lon="3.11437"><ele>347.9</ele></trkpt><trkpt lat="43.68162" lon="3.11435"><ele>347.9</ele></trkpt><trkpt lat="43.68157" lon="3.11434"><ele>347.9</ele></trkpt><trkpt lat="43.68151" lon="3.11432"><ele>347.8</ele></trkpt><trkpt lat="43.68146" lon="3.11431"><ele>347.7</ele></trkpt><trkpt lat="43.6814" lon="3.11429"><ele>347.6</ele></trkpt><trkpt lat="43.68135" lon="3.11427"><ele>346.8</ele></trkpt><trkpt lat="43.6813" lon="3.11426"><ele>345.9</ele></trkpt><trkpt lat="43.68124" lon="3.11424"><ele>345</ele></trkpt><trkpt lat="43.68119" lon="3.11423"><ele>344.2</ele></trkpt><trkpt lat="43.68114" lon="3.11421"><ele>343.6</ele></trkpt><trkpt lat="43.68108" lon="3.1142"><ele>342.8</ele></trkpt><trkpt lat="43.68101" lon="3.11418"><ele>341.8</ele></trkpt><trkpt lat="43.68094" lon="3.11417"><ele>340.7</ele></trkpt><trkpt lat="43.68087" lon="3.11415"><ele>339.6</ele></trkpt><trkpt lat="43.6808" lon="3.11413"><ele>338.4</ele></trkpt><trkpt lat="43.68072" lon="3.11411"><ele>336.9</ele></trkpt><trkpt lat="43.68066" lon="3.11413"><ele>336.7</ele></trkpt><trkpt lat="43.6806" lon="3.11414"><ele>336.6</ele></trkpt><trkpt lat="43.68054" lon="3.11416"><ele>336.5</ele></trkpt><trkpt lat="43.68048" lon="3.11417"><ele>336.4</ele></trkpt><trkpt lat="43.68042" lon="3.11419"><ele>336.2</ele></trkpt><trkpt lat="43.68036" lon="3.1142"><ele>335.9</ele></trkpt><trkpt lat="43.68029" lon="3.11422"><ele>335.5</ele></trkpt><trkpt lat="43.68023" lon="3.11423"><ele>334.6</ele></trkpt><trkpt lat="43.68016" lon="3.11428"><ele>333.8</ele></trkpt><trkpt lat="43.68009" lon="3.11432"><ele>332.8</ele></trkpt><trkpt lat="43.68003" lon="3.11436"><ele>331.6</ele></trkpt><trkpt lat="43.67996" lon="3.11441"><ele>331.3</ele></trkpt><trkpt lat="43.67989" lon="3.11445"><ele>331.7</ele></trkpt><trkpt lat="43.67982" lon="3.11449"><ele>332</ele></trkpt><trkpt lat="43.67975" lon="3.11454"><ele>331.9</ele></trkpt><trkpt lat="43.67968" lon="3.11458"><ele>331.1</ele></trkpt><trkpt lat="43.67963" lon="3.1146"><ele>330.2</ele></trkpt><trkpt lat="43.67959" lon="3.11463"><ele>329.4</ele></trkpt><trkpt lat="43.67954" lon="3.11465"><ele>328.5</ele></trkpt><trkpt lat="43.67949" lon="3.11467"><ele>327.6</ele></trkpt><trkpt lat="43.67944" lon="3.11469"><ele>326.7</ele></trkpt><trkpt lat="43.6794" lon="3.11471"><ele>326.2</ele></trkpt><trkpt lat="43.67935" lon="3.11473"><ele>326</ele></trkpt><trkpt lat="43.6793" lon="3.11476"><ele>326</ele></trkpt><trkpt lat="43.67922" lon="3.11477"><ele>325</ele></trkpt><trkpt lat="43.67914" lon="3.11478"><ele>324.1</ele></trkpt><trkpt lat="43.67906" lon="3.11479"><ele>323.3</ele></trkpt><trkpt lat="43.67898" lon="3.1148"><ele>322.4</ele></trkpt><trkpt lat="43.67893" lon="3.11477"><ele>321.3</ele></trkpt><trkpt lat="43.67889" lon="3.11474"><ele>320.3</ele></trkpt><trkpt lat="43.67884" lon="3.11472"><ele>319.8</ele></trkpt><trkpt lat="43.67879" lon="3.11469"><ele>319.4</ele></trkpt><trkpt lat="43.67875" lon="3.11467"><ele>319.2</ele></trkpt><trkpt lat="43.67871" lon="3.11464"><ele>319</ele></trkpt><trkpt lat="43.67866" lon="3.11462"><ele>318.8</ele></trkpt><trkpt lat="43.67862" lon="3.1146"><ele>318.6</ele></trkpt><trkpt lat="43.67858" lon="3.11469"><ele>318.7</ele></trkpt><trkpt lat="43.67854" lon="3.11478"><ele>318.5</ele></trkpt><trkpt lat="43.67851" lon="3.11482"><ele>318.3</ele></trkpt><trkpt lat="43.67848" lon="3.11487"><ele>318</ele></trkpt><trkpt lat="43.67845" lon="3.11492"><ele>317.8</ele></trkpt><trkpt lat="43.67841" lon="3.11497"><ele>317.6</ele></trkpt><trkpt lat="43.67836" lon="3.11505"><ele>317.6</ele></trkpt><trkpt lat="43.6783" lon="3.11513"><ele>317.5</ele></trkpt><trkpt lat="43.67824" lon="3.11522"><ele>317.3</ele></trkpt><trkpt lat="43.67818" lon="3.1153"><ele>317.1</ele></trkpt><trkpt lat="43.67813" lon="3.11535"><ele>317.2</ele></trkpt><trkpt lat="43.67807" lon="3.11541"><ele>317.1</ele></trkpt><trkpt lat="43.67802" lon="3.11546"><ele>317.2</ele></trkpt><trkpt lat="43.67796" lon="3.11551"><ele>317.2</ele></trkpt><trkpt lat="43.6779" lon="3.11556"><ele>316.9</ele></trkpt><trkpt lat="43.67784" lon="3.11561"><ele>317.2</ele></trkpt><trkpt lat="43.67778" lon="3.11566"><ele>317.3</ele></trkpt><trkpt lat="43.67772" lon="3.11571"><ele>317.4</ele></trkpt><trkpt lat="43.67768" lon="3.11577"><ele>317.6</ele></trkpt><trkpt lat="43.67764" lon="3.11584"><ele>317.4</ele></trkpt><trkpt lat="43.67759" lon="3.1159"><ele>317.3</ele></trkpt><trkpt lat="43.67755" lon="3.11596"><ele>317.1</ele></trkpt><trkpt lat="43.6775" lon="3.11602"><ele>316.8</ele></trkpt><trkpt lat="43.67746" lon="3.11609"><ele>316.8</ele></trkpt><trkpt lat="43.67741" lon="3.11615"><ele>317</ele></trkpt><trkpt lat="43.67737" lon="3.11621"><ele>317.3</ele></trkpt><trkpt lat="43.67734" lon="3.11627"><ele>317.4</ele></trkpt><trkpt lat="43.6773" lon="3.11632"><ele>317.3</ele></trkpt><trkpt lat="43.67727" lon="3.11637"><ele>317.2</ele></trkpt><trkpt lat="43.67724" lon="3.11642"><ele>317.3</ele></trkpt><trkpt lat="43.6772" lon="3.11647"><ele>317.7</ele></trkpt><trkpt lat="43.67717" lon="3.11652"><ele>318.1</ele></trkpt><trkpt lat="43.67714" lon="3.11657"><ele>318.2</ele></trkpt><trkpt lat="43.6771" lon="3.11663"><ele>318.1</ele></trkpt><trkpt lat="43.67706" lon="3.11669"><ele>317.8</ele></trkpt><trkpt lat="43.67701" lon="3.11676"><ele>317.8</ele></trkpt><trkpt lat="43.67697" lon="3.11683"><ele>317.5</ele></trkpt><trkpt lat="43.67692" lon="3.1169"><ele>317.4</ele></trkpt><trkpt lat="43.67688" lon="3.11696"><ele>317.8</ele></trkpt><trkpt lat="43.67683" lon="3.11703"><ele>318.3</ele></trkpt><trkpt lat="43.67679" lon="3.1171"><ele>318.4</ele></trkpt><trkpt lat="43.67674" lon="3.11717"><ele>318</ele></trkpt><trkpt lat="43.67669" lon="3.11724"><ele>317.4</ele></trkpt><trkpt lat="43.67664" lon="3.11731"><ele>317.6</ele></trkpt><trkpt lat="43.6766" lon="3.11738"><ele>317.9</ele></trkpt><trkpt lat="43.67655" lon="3.11745"><ele>317.8</ele></trkpt><trkpt lat="43.6765" lon="3.11752"><ele>317.3</ele></trkpt><trkpt lat="43.67645" lon="3.11759"><ele>316.9</ele></trkpt><trkpt lat="43.6764" lon="3.11766"><ele>316.4</ele></trkpt><trkpt lat="43.67635" lon="3.11773"><ele>316.5</ele></trkpt><trkpt lat="43.6763" lon="3.1178"><ele>316.5</ele></trkpt><trkpt lat="43.67625" lon="3.11786"><ele>316.4</ele></trkpt><trkpt lat="43.67621" lon="3.11792"><ele>316.1</ele></trkpt><trkpt lat="43.67616" lon="3.11799"><ele>315.6</ele></trkpt><trkpt lat="43.67611" lon="3.11805"><ele>314.9</ele></trkpt><trkpt lat="43.67606" lon="3.11811"><ele>315.4</ele></trkpt><trkpt lat="43.67601" lon="3.11818"><ele>315.4</ele></trkpt><trkpt lat="43.67596" lon="3.11824"><ele>314.9</ele></trkpt><trkpt lat="43.67588" lon="3.1183"><ele>313.4</ele></trkpt><trkpt lat="43.67581" lon="3.11835"><ele>312</ele></trkpt><trkpt lat="43.67577" lon="3.11831"><ele>311.7</ele></trkpt><trkpt lat="43.67574" lon="3.11828"><ele>311.5</ele></trkpt><trkpt lat="43.6757" lon="3.11824"><ele>311.2</ele></trkpt><trkpt lat="43.67566" lon="3.1182"><ele>310.8</ele></trkpt><trkpt lat="43.6756" lon="3.11815"><ele>310</ele></trkpt><trkpt lat="43.67554" lon="3.1181"><ele>309</ele></trkpt><trkpt lat="43.67548" lon="3.11805"><ele>308.4</ele></trkpt><trkpt lat="43.67541" lon="3.11799"><ele>307.7</ele></trkpt><trkpt lat="43.67536" lon="3.11796"><ele>307.2</ele></trkpt><trkpt lat="43.67532" lon="3.11793"><ele>306.5</ele></trkpt><trkpt lat="43.67527" lon="3.1179"><ele>305.9</ele></trkpt><trkpt lat="43.67522" lon="3.11787"><ele>306</ele></trkpt><trkpt lat="43.67518" lon="3.11783"><ele>306.3</ele></trkpt><trkpt lat="43.67514" lon="3.11779"><ele>306.9</ele></trkpt><trkpt lat="43.67511" lon="3.11774"><ele>307.8</ele></trkpt><trkpt lat="43.67507" lon="3.1177"><ele>308.9</ele></trkpt><trkpt lat="43.67502" lon="3.11772"><ele>309.4</ele></trkpt><trkpt lat="43.67498" lon="3.11775"><ele>310</ele></trkpt><trkpt lat="43.67494" lon="3.1178"><ele>310.2</ele></trkpt><trkpt lat="43.67491" lon="3.11785"><ele>310.2</ele></trkpt><trkpt lat="43.67487" lon="3.1179"><ele>310.2</ele></trkpt><trkpt lat="43.67484" lon="3.11795"><ele>310.2</ele></trkpt><trkpt lat="43.6748" lon="3.118"><ele>310.1</ele></trkpt><trkpt lat="43.67476" lon="3.11806"><ele>310</ele></trkpt><trkpt lat="43.67473" lon="3.11811"><ele>309.7</ele></trkpt><trkpt lat="43.67469" lon="3.11816"><ele>309.1</ele></trkpt><trkpt lat="43.67463" lon="3.11818"><ele>309.8</ele></trkpt><trkpt lat="43.67457" lon="3.11821"><ele>310.5</ele></trkpt><trkpt lat="43.67452" lon="3.11823"><ele>311.3</ele></trkpt><trkpt lat="43.67446" lon="3.11825"><ele>312.1</ele></trkpt><trkpt lat="43.67441" lon="3.11826"><ele>312.7</ele></trkpt><trkpt lat="43.67436" lon="3.11827"><ele>313</ele></trkpt><trkpt lat="43.67431" lon="3.11828"><ele>313.4</ele></trkpt><trkpt lat="43.67426" lon="3.11828"><ele>313.8</ele></trkpt><trkpt lat="43.67421" lon="3.11829"><ele>314.2</ele></trkpt><trkpt lat="43.67416" lon="3.1183"><ele>314.5</ele></trkpt><trkpt lat="43.67411" lon="3.11831"><ele>314.6</ele></trkpt><trkpt lat="43.67406" lon="3.11832"><ele>314.6</ele></trkpt><trkpt lat="43.67397" lon="3.1183"><ele>315.2</ele></trkpt><trkpt lat="43.67388" lon="3.11828"><ele>315.5</ele></trkpt><trkpt lat="43.67383" lon="3.11823"><ele>315</ele></trkpt><trkpt lat="43.67377" lon="3.11818"><ele>314.8</ele></trkpt><trkpt lat="43.67371" lon="3.11817"><ele>314.1</ele></trkpt><trkpt lat="43.67366" lon="3.11815"><ele>313.6</ele></trkpt><trkpt lat="43.67361" lon="3.11814"><ele>313.3</ele></trkpt><trkpt lat="43.67355" lon="3.11813"><ele>314.4</ele></trkpt><trkpt lat="43.67348" lon="3.11813"><ele>315.4</ele></trkpt><trkpt lat="43.67341" lon="3.11814"><ele>316.5</ele></trkpt><trkpt lat="43.67334" lon="3.11815"><ele>317.6</ele></trkpt><trkpt lat="43.67327" lon="3.11816"><ele>318.6</ele></trkpt><trkpt lat="43.67321" lon="3.11817"><ele>319.4</ele></trkpt><trkpt lat="43.67315" lon="3.11818"><ele>320.2</ele></trkpt><trkpt lat="43.67309" lon="3.11819"><ele>321</ele></trkpt><trkpt lat="43.67303" lon="3.11821"><ele>321.8</ele></trkpt><trkpt lat="43.67298" lon="3.11823"><ele>322.5</ele></trkpt><trkpt lat="43.67292" lon="3.11824"><ele>323.1</ele></trkpt><trkpt lat="43.67287" lon="3.11826"><ele>323.7</ele></trkpt><trkpt lat="43.67281" lon="3.11828"><ele>324.2</ele></trkpt><trkpt lat="43.67274" lon="3.11832"><ele>324.3</ele></trkpt><trkpt lat="43.67267" lon="3.11836"><ele>324.3</ele></trkpt><trkpt lat="43.6726" lon="3.1184"><ele>324.4</ele></trkpt><trkpt lat="43.67253" lon="3.11845"><ele>324.5</ele></trkpt><trkpt lat="43.67301" lon="3.11815"><ele>322.4</ele></trkpt><trkpt lat="43.67381" lon="3.11818"><ele>315.4</ele></trkpt><trkpt lat="43.67409" lon="3.11841"><ele>313.8</ele></trkpt><trkpt lat="43.67466" lon="3.11818"><ele>309.2</ele></trkpt><trkpt lat="43.67509" lon="3.11766"><ele>308.9</ele></trkpt><trkpt lat="43.67575" lon="3.11844"><ele>312.3</ele></trkpt><trkpt lat="43.67663" lon="3.11732"><ele>317.6</ele></trkpt><trkpt lat="43.67718" lon="3.1164"><ele>315.6</ele></trkpt><trkpt lat="43.6777" lon="3.11569"><ele>316.7</ele></trkpt><trkpt lat="43.67829" lon="3.11519"><ele>317.8</ele></trkpt><trkpt lat="43.67855" lon="3.11453"><ele>318</ele></trkpt><trkpt lat="43.6792" lon="3.11483"><ele>326.3</ele></trkpt><trkpt lat="43.67972" lon="3.114"><ele>322.4</ele></trkpt><trkpt lat="43.68081" lon="3.1139"><ele>330.2</ele></trkpt><trkpt lat="43.6811" lon="3.11393"><ele>330.9</ele></trkpt><trkpt lat="43.68238" lon="3.11442"><ele>338.1</ele></trkpt><trkpt lat="43.68327" lon="3.11504"><ele>348.4</ele></trkpt><trkpt lat="43.68431" lon="3.11556"><ele>355.6</ele></trkpt><trkpt lat="43.68467" lon="3.11615"><ele>365.3</ele></trkpt><trkpt lat="43.68553" lon="3.11687"><ele>367</ele></trkpt><trkpt lat="43.68602" lon="3.11717"><ele>370.7</ele></trkpt><trkpt lat="43.6865" lon="3.11791"><ele>378.9</ele></trkpt><trkpt lat="43.68713" lon="3.11851"><ele>383.3</ele></trkpt><trkpt lat="43.68743" lon="3.11888"><ele>388.6</ele></trkpt><trkpt lat="43.68772" lon="3.11905"><ele>386.4</ele></trkpt><trkpt lat="43.68778" lon="3.11974"><ele>392.7</ele></trkpt><trkpt lat="43.68829" lon="3.1196"><ele>392.9</ele></trkpt><trkpt lat="43.6887" lon="3.11994"><ele>397.8</ele></trkpt><trkpt lat="43.68882" lon="3.12038"><ele>404.4</ele></trkpt><trkpt lat="43.6889" lon="3.12056"><ele>404.9</ele></trkpt><trkpt lat="43.68918" lon="3.1208"><ele>402.6</ele></trkpt><trkpt lat="43.689" lon="3.12171"><ele>412.6</ele></trkpt><trkpt lat="43.68964" lon="3.12182"><ele>409.8</ele></trkpt><trkpt lat="43.68983" lon="3.12327"><ele>417.2</ele></trkpt><trkpt lat="43.68969" lon="3.12522"><ele>427.9</ele></trkpt><trkpt lat="43.69028" lon="3.12695"><ele>425.1</ele></trkpt><trkpt lat="43.69061" lon="3.12693"><ele>430.3</ele></trkpt><trkpt lat="43.69069" lon="3.12522"><ele>429</ele></trkpt><trkpt lat="43.69099" lon="3.12402"><ele>425.2</ele></trkpt><trkpt lat="43.69213" lon="3.12409"><ele>438.7</ele></trkpt><trkpt lat="43.69321" lon="3.12366"><ele>438</ele></trkpt><trkpt lat="43.69459" lon="3.12295"><ele>444.6</ele></trkpt><trkpt lat="43.6947" lon="3.12337"><ele>451.1</ele></trkpt><trkpt lat="43.69468" lon="3.12382"><ele>455.6</ele></trkpt><trkpt lat="43.69527" lon="3.12451"><ele>458.8</ele></trkpt><trkpt lat="43.69586" lon="3.1242"><ele>458.5</ele></trkpt><trkpt lat="43.69708" lon="3.12423"><ele>462.1</ele></trkpt><trkpt lat="43.69717" lon="3.12383"><ele>466.3</ele></trkpt><trkpt lat="43.69653" lon="3.12328"><ele>461.3</ele></trkpt><trkpt lat="43.69663" lon="3.12267"><ele>466.7</ele></trkpt><trkpt lat="43.69734" lon="3.12208"><ele>473.6</ele></trkpt><trkpt lat="43.69697" lon="3.12111"><ele>473.7</ele></trkpt><trkpt lat="43.69704" lon="3.12025"><ele>484.2</ele></trkpt><trkpt lat="43.69764" lon="3.11951"><ele>495.3</ele></trkpt><trkpt lat="43.69836" lon="3.11844"><ele>511.5</ele></trkpt><trkpt lat="43.69905" lon="3.11791"><ele>518.6</ele></trkpt><trkpt lat="43.70001" lon="3.11783"><ele>529.7</ele></trkpt><trkpt lat="43.70086" lon="3.11724"><ele>539.7</ele></trkpt><trkpt lat="43.70213" lon="3.1172"><ele>550.6</ele></trkpt><trkpt lat="43.70271" lon="3.11715"><ele>557.3</ele></trkpt><trkpt lat="43.7028" lon="3.11746"><ele>559.9</ele></trkpt><trkpt lat="43.70235" lon="3.11785"><ele>561</ele></trkpt><trkpt lat="43.70205" lon="3.11841"><ele>563.3</ele></trkpt><trkpt lat="43.70205" lon="3.11894"><ele>562.8</ele></trkpt><trkpt lat="43.70234" lon="3.11932"><ele>572.4</ele></trkpt><trkpt lat="43.70171" lon="3.11976"><ele>569.7</ele></trkpt><trkpt lat="43.70013" lon="3.12017"><ele>574.5</ele></trkpt><trkpt lat="43.69968" lon="3.12051"><ele>576</ele></trkpt><trkpt lat="43.69976" lon="3.12111"><ele>580</ele></trkpt><trkpt lat="43.70037" lon="3.12161"><ele>577.6</ele></trkpt><trkpt lat="43.7009" lon="3.12159"><ele>584.8</ele></trkpt><trkpt lat="43.70174" lon="3.12196"><ele>589.8</ele></trkpt><trkpt lat="43.70245" lon="3.12314"><ele>590.3</ele></trkpt><trkpt lat="43.70345" lon="3.12145"><ele>596.1</ele></trkpt><trkpt lat="43.70383" lon="3.12136"><ele>594</ele></trkpt><trkpt lat="43.704" lon="3.12068"><ele>597.1</ele></trkpt><trkpt lat="43.70456" lon="3.11992"><ele>603.1</ele></trkpt><trkpt lat="43.70511" lon="3.11983"><ele>600.6</ele></trkpt><trkpt lat="43.70599" lon="3.11889"><ele>607.6</ele></trkpt><trkpt lat="43.70621" lon="3.11819"><ele>617.8</ele></trkpt><trkpt lat="43.7068" lon="3.11831"><ele>614.1</ele></trkpt><trkpt lat="43.70769" lon="3.11879"><ele>611.1</ele></trkpt><trkpt lat="43.70778" lon="3.11759"><ele>614.9</ele></trkpt><trkpt lat="43.70687" lon="3.11691"><ele>618.2</ele></trkpt><trkpt lat="43.70652" lon="3.11615"><ele>620.5</ele></trkpt><trkpt lat="43.70672" lon="3.11529"><ele>619.9</ele></trkpt><trkpt lat="43.70592" lon="3.11459"><ele>621.4</ele></trkpt><trkpt lat="43.70496" lon="3.11397"><ele>624.2</ele></trkpt><trkpt lat="43.70507" lon="3.11339"><ele>627.2</ele></trkpt><trkpt lat="43.70572" lon="3.11262"><ele>629.1</ele></trkpt><trkpt lat="43.70633" lon="3.11014"><ele>642.2</ele></trkpt><trkpt lat="43.70666" lon="3.10991"><ele>640.1</ele></trkpt><trkpt lat="43.7069" lon="3.10944"><ele>644.8</ele></trkpt><trkpt lat="43.70756" lon="3.10956"><ele>639.6</ele></trkpt><trkpt lat="43.70812" lon="3.10918"><ele>646.7</ele></trkpt><trkpt lat="43.70811" lon="3.1085"><ele>652.3</ele></trkpt><trkpt lat="43.70747" lon="3.10761"><ele>660.8</ele></trkpt><trkpt lat="43.70765" lon="3.10573"><ele>664.5</ele></trkpt><trkpt lat="43.70819" lon="3.10501"><ele>657.8</ele></trkpt><trkpt lat="43.7087" lon="3.10486"><ele>658.1</ele></trkpt><trkpt lat="43.70884" lon="3.10367"><ele>647.9</ele></trkpt><trkpt lat="43.70921" lon="3.10301"><ele>646.4</ele></trkpt><trkpt lat="43.70916" lon="3.10225"><ele>641.7</ele></trkpt><trkpt lat="43.70862" lon="3.10122"><ele>634.8</ele></trkpt><trkpt lat="43.70824" lon="3.09984"><ele>639.6</ele></trkpt><trkpt lat="43.70887" lon="3.09905"><ele>646.8</ele></trkpt><trkpt lat="43.70931" lon="3.09802"><ele>649.7</ele></trkpt><trkpt lat="43.70967" lon="3.09706"><ele>654.4</ele></trkpt><trkpt lat="43.71006" lon="3.09633"><ele>660.8</ele></trkpt><trkpt lat="43.70999" lon="3.0959"><ele>657.4</ele></trkpt><trkpt lat="43.70951" lon="3.09544"><ele>657</ele></trkpt><trkpt lat="43.7091" lon="3.09473"><ele>666.5</ele></trkpt><trkpt lat="43.70844" lon="3.09441"><ele>666.4</ele></trkpt><trkpt lat="43.70797" lon="3.09399"><ele>668.1</ele></trkpt><trkpt lat="43.70856" lon="3.09344"><ele>676.9</ele></trkpt><trkpt lat="43.7094" lon="3.09326"><ele>682.9</ele></trkpt><trkpt lat="43.71024" lon="3.09271"><ele>691.7</ele></trkpt><trkpt lat="43.7116" lon="3.09134"><ele>701</ele></trkpt><trkpt lat="43.71201" lon="3.09024"><ele>713</ele></trkpt><trkpt lat="43.71254" lon="3.08952"><ele>719.2</ele></trkpt><trkpt lat="43.71254" lon="3.08876"><ele>723.7</ele></trkpt><trkpt lat="43.71195" lon="3.08718"><ele>740.9</ele></trkpt><trkpt lat="43.71174" lon="3.08536"><ele>755.8</ele></trkpt><trkpt lat="43.71151" lon="3.08433"><ele>765.3</ele></trkpt><trkpt lat="43.71154" lon="3.08281"><ele>778</ele></trkpt><trkpt lat="43.71137" lon="3.08205"><ele>790.8</ele></trkpt><trkpt lat="43.71156" lon="3.08149"><ele>790.3</ele></trkpt><trkpt lat="43.71235" lon="3.08028"><ele>802.5</ele></trkpt><trkpt lat="43.71135" lon="3.08108"><ele>815</ele></trkpt><trkpt lat="43.71098" lon="3.08206"><ele>817.9</ele></trkpt><trkpt lat="43.71081" lon="3.08346"><ele>816.5</ele></trkpt><trkpt lat="43.71039" lon="3.08412"><ele>816.3</ele></trkpt><trkpt lat="43.71066" lon="3.08318"><ele>828.7</ele></trkpt><trkpt lat="43.7107" lon="3.0814"><ele>845.5</ele></trkpt><trkpt lat="43.71081" lon="3.08068"><ele>854</ele></trkpt><trkpt lat="43.71095" lon="3.08008"><ele>857.8</ele></trkpt><trkpt lat="43.71141" lon="3.07958"><ele>862.8</ele></trkpt><trkpt lat="43.71152" lon="3.07934"><ele>865.2</ele></trkpt><trkpt lat="43.71142" lon="3.07927"><ele>863.6</ele></trkpt><trkpt lat="43.71111" lon="3.07929"><ele>860.7</ele></trkpt><trkpt lat="43.7109" lon="3.07925"><ele>859</ele></trkpt><trkpt lat="43.71071" lon="3.07917"><ele>857.5</ele></trkpt><trkpt lat="43.71033" lon="3.07889"><ele>854.3</ele></trkpt><trkpt lat="43.71014" lon="3.07862"><ele>852.6</ele></trkpt><trkpt lat="43.71005" lon="3.07827"><ele>849.6</ele></trkpt><trkpt lat="43.71004" lon="3.07777"><ele>847.5</ele></trkpt><trkpt lat="43.70984" lon="3.07758"><ele>845.5</ele></trkpt><trkpt lat="43.7095" lon="3.0775"><ele>844</ele></trkpt><trkpt lat="43.70896" lon="3.07771"><ele>842.3</ele></trkpt><trkpt lat="43.7085" lon="3.07751"><ele>838.4</ele></trkpt><trkpt lat="43.708" lon="3.07742"><ele>837.9</ele></trkpt><trkpt lat="43.7082" lon="3.07734"><ele>836.7</ele></trkpt><trkpt lat="43.7089" lon="3.0773"><ele>832</ele></trkpt><trkpt lat="43.70919" lon="3.07709"><ele>827.8</ele></trkpt><trkpt lat="43.70961" lon="3.07696"><ele>826.7</ele></trkpt><trkpt lat="43.70992" lon="3.07678"><ele>823.6</ele></trkpt><trkpt lat="43.71042" lon="3.07707"><ele>818.7</ele></trkpt><trkpt lat="43.71002" lon="3.07641"><ele>812</ele></trkpt><trkpt lat="43.70929" lon="3.07641"><ele>807.6</ele></trkpt><trkpt lat="43.70867" lon="3.07618"><ele>802.4</ele></trkpt><trkpt lat="43.70848" lon="3.07596"><ele>802</ele></trkpt><trkpt lat="43.70834" lon="3.07363"><ele>787.3</ele></trkpt><trkpt lat="43.70905" lon="3.07383"><ele>782.7</ele></trkpt><trkpt lat="43.71043" lon="3.07291"><ele>765</ele></trkpt><trkpt lat="43.70932" lon="3.0745"><ele>752</ele></trkpt><trkpt lat="43.70932" lon="3.07468"><ele>753.2</ele></trkpt><trkpt lat="43.70954" lon="3.07482"><ele>752.3</ele></trkpt><trkpt lat="43.71014" lon="3.07461"><ele>744.3</ele></trkpt><trkpt lat="43.71054" lon="3.07465"><ele>739</ele></trkpt><trkpt lat="43.71096" lon="3.07515"><ele>743.4</ele></trkpt><trkpt lat="43.71122" lon="3.07479"><ele>736.6</ele></trkpt><trkpt lat="43.71194" lon="3.07413"><ele>726.5</ele></trkpt><trkpt lat="43.71234" lon="3.07409"><ele>729.5</ele></trkpt><trkpt lat="43.71295" lon="3.07262"><ele>707.8</ele></trkpt><trkpt lat="43.71334" lon="3.07328"><ele>710.2</ele></trkpt><trkpt lat="43.71375" lon="3.07341"><ele>708.9</ele></trkpt><trkpt lat="43.71369" lon="3.07308"><ele>699.8</ele></trkpt><trkpt lat="43.71406" lon="3.07269"><ele>704</ele></trkpt><trkpt lat="43.71374" lon="3.0723"><ele>693.8</ele></trkpt><trkpt lat="43.71374" lon="3.07173"><ele>692.3</ele></trkpt><trkpt lat="43.71386" lon="3.07147"><ele>691.9</ele></trkpt><trkpt lat="43.71465" lon="3.07025"><ele>670.5</ele></trkpt><trkpt lat="43.7157" lon="3.06841"><ele>649</ele></trkpt><trkpt lat="43.71627" lon="3.06829"><ele>648.2</ele></trkpt><trkpt lat="43.71692" lon="3.06767"><ele>635.1</ele></trkpt><trkpt lat="43.71731" lon="3.06747"><ele>634.9</ele></trkpt><trkpt lat="43.71788" lon="3.06694"><ele>630</ele></trkpt><trkpt lat="43.71805" lon="3.06673"><ele>629.5</ele></trkpt><trkpt lat="43.71835" lon="3.06605"><ele>622.8</ele></trkpt><trkpt lat="43.71856" lon="3.06572"><ele>618.7</ele></trkpt><trkpt lat="43.71915" lon="3.06519"><ele>613.6</ele></trkpt><trkpt lat="43.7196" lon="3.06496"><ele>611.5</ele></trkpt><trkpt lat="43.7199" lon="3.06466"><ele>609.2</ele></trkpt><trkpt lat="43.72016" lon="3.06446"><ele>606.9</ele></trkpt><trkpt lat="43.72061" lon="3.06419"><ele>600.9</ele></trkpt><trkpt lat="43.72085" lon="3.06412"><ele>598.2</ele></trkpt><trkpt lat="43.72141" lon="3.06411"><ele>594.4</ele></trkpt><trkpt lat="43.72091" lon="3.06377"><ele>587</ele></trkpt><trkpt lat="43.72019" lon="3.06373"><ele>585</ele></trkpt><trkpt lat="43.72028" lon="3.06364"><ele>582.8</ele></trkpt><trkpt lat="43.72029" lon="3.06353"><ele>580.8</ele></trkpt><trkpt lat="43.72049" lon="3.06346"><ele>579.4</ele></trkpt><trkpt lat="43.72036" lon="3.0637"><ele>584.7</ele></trkpt><trkpt lat="43.72077" lon="3.06373"><ele>586.1</ele></trkpt><trkpt lat="43.72118" lon="3.06392"><ele>590.9</ele></trkpt><trkpt lat="43.72146" lon="3.06413"><ele>594.6</ele></trkpt><trkpt lat="43.72116" lon="3.06409"><ele>597.3</ele></trkpt><trkpt lat="43.72065" lon="3.06418"><ele>600.5</ele></trkpt><trkpt lat="43.72019" lon="3.06441"><ele>605.4</ele></trkpt><trkpt lat="43.71977" lon="3.06478"><ele>609.2</ele></trkpt><trkpt lat="43.71957" lon="3.065"><ele>612.3</ele></trkpt><trkpt lat="43.71907" lon="3.06523"><ele>613.9</ele></trkpt><trkpt lat="43.71882" lon="3.0654"><ele>615.2</ele></trkpt><trkpt lat="43.71837" lon="3.06594"><ele>618.9</ele></trkpt><trkpt lat="43.71809" lon="3.06664"><ele>627.5</ele></trkpt><trkpt lat="43.7178" lon="3.06711"><ele>633.7</ele></trkpt><trkpt lat="43.71756" lon="3.06725"><ele>630.8</ele></trkpt><trkpt lat="43.71736" lon="3.06754"><ele>639.1</ele></trkpt><trkpt lat="43.71697" lon="3.06766"><ele>636</ele></trkpt><trkpt lat="43.71638" lon="3.06816"><ele>645</ele></trkpt><trkpt lat="43.71618" lon="3.06838"><ele>649.9</ele></trkpt><trkpt lat="43.71571" lon="3.06846"><ele>651.1</ele></trkpt><trkpt lat="43.71499" lon="3.0696"><ele>664.9</ele></trkpt><trkpt lat="43.7147" lon="3.07012"><ele>669.7</ele></trkpt><trkpt lat="43.71451" lon="3.07057"><ele>677.5</ele></trkpt><trkpt lat="43.71384" lon="3.07144"><ele>689.3</ele></trkpt><trkpt lat="43.71369" lon="3.0722"><ele>692.3</ele></trkpt><trkpt lat="43.71406" lon="3.07272"><ele>704.6</ele></trkpt><trkpt lat="43.71368" lon="3.07316"><ele>700.9</ele></trkpt><trkpt lat="43.71376" lon="3.0735"><ele>711.3</ele></trkpt><trkpt lat="43.7134" lon="3.07344"><ele>714.4</ele></trkpt><trkpt lat="43.71292" lon="3.07267"><ele>709.8</ele></trkpt><trkpt lat="43.71233" lon="3.07386"><ele>722.5</ele></trkpt><trkpt lat="43.71226" lon="3.07416"><ele>728.3</ele></trkpt><trkpt lat="43.71191" lon="3.07416"><ele>727</ele></trkpt><trkpt lat="43.71134" lon="3.07467"><ele>735</ele></trkpt><trkpt lat="43.71109" lon="3.07481"><ele>734.8</ele></trkpt><trkpt lat="43.71094" lon="3.07519"><ele>744.3</ele></trkpt><trkpt lat="43.71052" lon="3.07468"><ele>740.5</ele></trkpt><trkpt lat="43.70999" lon="3.07461"><ele>744.9</ele></trkpt><trkpt lat="43.70955" lon="3.07491"><ele>755.6</ele></trkpt><trkpt lat="43.70928" lon="3.07458"><ele>753.7</ele></trkpt><trkpt lat="43.70965" lon="3.07395"><ele>759.7</ele></trkpt><trkpt lat="43.71049" lon="3.07291"><ele>762.7</ele></trkpt><trkpt lat="43.71006" lon="3.07311"><ele>773.1</ele></trkpt><trkpt lat="43.70948" lon="3.07355"><ele>779</ele></trkpt><trkpt lat="43.70911" lon="3.07397"><ele>776.6</ele></trkpt><trkpt lat="43.70836" lon="3.07353"><ele>789.6</ele></trkpt><trkpt lat="43.7084" lon="3.07549"><ele>799.8</ele></trkpt><trkpt lat="43.70851" lon="3.07603"><ele>802.2</ele></trkpt><trkpt lat="43.70901" lon="3.07638"><ele>806.3</ele></trkpt><trkpt lat="43.71004" lon="3.07631"><ele>808.3</ele></trkpt><trkpt lat="43.71044" lon="3.07707"><ele>817.8</ele></trkpt><trkpt lat="43.70989" lon="3.0768"><ele>824</ele></trkpt><trkpt lat="43.70916" lon="3.07725"><ele>831.9</ele></trkpt><trkpt lat="43.70876" lon="3.07741"><ele>835</ele></trkpt><trkpt lat="43.70819" lon="3.07735"><ele>836.9</ele></trkpt><trkpt lat="43.70785" lon="3.07745"><ele>838.2</ele></trkpt><trkpt lat="43.70747" lon="3.07715"><ele>840.9</ele></trkpt><trkpt lat="43.70729" lon="3.07616"><ele>845.8</ele></trkpt><trkpt lat="43.70728" lon="3.07451"><ele>857.2</ele></trkpt><trkpt lat="43.70723" lon="3.0737"><ele>859.5</ele></trkpt><trkpt lat="43.70704" lon="3.07302"><ele>864</ele></trkpt><trkpt lat="43.7068" lon="3.07262"><ele>871</ele></trkpt><trkpt lat="43.70712" lon="3.07173"><ele>880.1</ele></trkpt><trkpt lat="43.70764" lon="3.07115"><ele>886.8</ele></trkpt><trkpt lat="43.70858" lon="3.07084"><ele>894</ele></trkpt><trkpt lat="43.70908" lon="3.06932"><ele>910.4</ele></trkpt><trkpt lat="43.70999" lon="3.06824"><ele>919.3</ele></trkpt><trkpt lat="43.7102" lon="3.06744"><ele>927.9</ele></trkpt><trkpt lat="43.71066" lon="3.06653"><ele>934.2</ele></trkpt><trkpt lat="43.71086" lon="3.0653"><ele>943.4</ele></trkpt><trkpt lat="43.71033" lon="3.06505"><ele>942.4</ele></trkpt><trkpt lat="43.70989" lon="3.06501"><ele>942.4</ele></trkpt><trkpt lat="43.70964" lon="3.06523"><ele>942.1</ele></trkpt><trkpt lat="43.70894" lon="3.06712"><ele>939.3</ele></trkpt><trkpt lat="43.70877" lon="3.06745"><ele>939.1</ele></trkpt><trkpt lat="43.70821" lon="3.06812"><ele>936.9</ele></trkpt><trkpt lat="43.70768" lon="3.06827"><ele>933.9</ele></trkpt><trkpt lat="43.70753" lon="3.06827"><ele>933.9</ele></trkpt><trkpt lat="43.70655" lon="3.06792"><ele>927.7</ele></trkpt><trkpt lat="43.706" lon="3.06743"><ele>918.4</ele></trkpt><trkpt lat="43.70588" lon="3.06685"><ele>918.3</ele></trkpt><trkpt lat="43.70558" lon="3.06632"><ele>918</ele></trkpt><trkpt lat="43.70513" lon="3.06583"><ele>917</ele></trkpt><trkpt lat="43.70472" lon="3.06578"><ele>919.6</ele></trkpt><trkpt lat="43.70433" lon="3.06512"><ele>924</ele></trkpt><trkpt lat="43.70434" lon="3.06409"><ele>925.4</ele></trkpt><trkpt lat="43.7041" lon="3.06293"><ele>935.8</ele></trkpt><trkpt lat="43.70443" lon="3.06252"><ele>931.1</ele></trkpt><trkpt lat="43.7047" lon="3.06208"><ele>931.7</ele></trkpt><trkpt lat="43.70502" lon="3.06184"><ele>928.1</ele></trkpt><trkpt lat="43.70507" lon="3.05991"><ele>925.7</ele></trkpt><trkpt lat="43.70476" lon="3.05862"><ele>917.5</ele></trkpt><trkpt lat="43.70386" lon="3.05866"><ele>913.3</ele></trkpt><trkpt lat="43.7023" lon="3.05762"><ele>901.1</ele></trkpt><trkpt lat="43.7012" lon="3.06055"><ele>926.3</ele></trkpt><trkpt lat="43.70013" lon="3.06031"><ele>921.9</ele></trkpt><trkpt lat="43.69908" lon="3.05979"><ele>926.5</ele></trkpt><trkpt lat="43.69825" lon="3.05906"><ele>916.9</ele></trkpt><trkpt lat="43.69762" lon="3.05919"><ele>910.3</ele></trkpt><trkpt lat="43.69669" lon="3.0605"><ele>906.8</ele></trkpt><trkpt lat="43.6958" lon="3.06098"><ele>904.9</ele></trkpt><trkpt lat="43.69469" lon="3.06042"><ele>901</ele></trkpt><trkpt lat="43.69373" lon="3.05987"><ele>912.3</ele></trkpt><trkpt lat="43.69373" lon="3.05941"><ele>911.4</ele></trkpt><trkpt lat="43.69408" lon="3.05844"><ele>915.8</ele></trkpt><trkpt lat="43.69487" lon="3.05763"><ele>903.7</ele></trkpt><trkpt lat="43.69531" lon="3.05649"><ele>893.9</ele></trkpt><trkpt lat="43.69516" lon="3.05412"><ele>889.9</ele></trkpt><trkpt lat="43.69534" lon="3.05324"><ele>891.1</ele></trkpt><trkpt lat="43.69568" lon="3.05223"><ele>882.7</ele></trkpt><trkpt lat="43.69568" lon="3.05169"><ele>875.3</ele></trkpt><trkpt lat="43.69597" lon="3.051"><ele>867.9</ele></trkpt><trkpt lat="43.69649" lon="3.05013"><ele>858.8</ele></trkpt><trkpt lat="43.6963" lon="3.04914"><ele>850.4</ele></trkpt><trkpt lat="43.69667" lon="3.04874"><ele>847.9</ele></trkpt><trkpt lat="43.69712" lon="3.04715"><ele>840</ele></trkpt><trkpt lat="43.69724" lon="3.04531"><ele>835.7</ele></trkpt><trkpt lat="43.6968" lon="3.04408"><ele>834.4</ele></trkpt><trkpt lat="43.69614" lon="3.04375"><ele>834.4</ele></trkpt><trkpt lat="43.69505" lon="3.04387"><ele>827.5</ele></trkpt><trkpt lat="43.69526" lon="3.0436"><ele>825.9</ele></trkpt><trkpt lat="43.6963" lon="3.04316"><ele>819.3</ele></trkpt><trkpt lat="43.69514" lon="3.04316"><ele>819.7</ele></trkpt><trkpt lat="43.69506" lon="3.04167"><ele>797</ele></trkpt><trkpt lat="43.69417" lon="3.03984"><ele>773.5</ele></trkpt><trkpt lat="43.69383" lon="3.03923"><ele>768.2</ele></trkpt><trkpt lat="43.69372" lon="3.03824"><ele>767</ele></trkpt><trkpt lat="43.69337" lon="3.03718"><ele>778.2</ele></trkpt><trkpt lat="43.6932" lon="3.03598"><ele>789.8</ele></trkpt><trkpt lat="43.69288" lon="3.03528"><ele>786.3</ele></trkpt><trkpt lat="43.69279" lon="3.03433"><ele>802.3</ele></trkpt><trkpt lat="43.6923" lon="3.0334"><ele>803.5</ele></trkpt><trkpt lat="43.69231" lon="3.03205"><ele>805.9</ele></trkpt><trkpt lat="43.69266" lon="3.03024"><ele>808.5</ele></trkpt><trkpt lat="43.69314" lon="3.02992"><ele>811</ele></trkpt><trkpt lat="43.69355" lon="3.0291"><ele>814.9</ele></trkpt><trkpt lat="43.69313" lon="3.02809"><ele>808.3</ele></trkpt><trkpt lat="43.69293" lon="3.02692"><ele>793.6</ele></trkpt><trkpt lat="43.6932" lon="3.02584"><ele>791</ele></trkpt><trkpt lat="43.69368" lon="3.02576"><ele>797.5</ele></trkpt><trkpt lat="43.69458" lon="3.02379"><ele>820.3</ele></trkpt><trkpt lat="43.69445" lon="3.02336"><ele>823.1</ele></trkpt><trkpt lat="43.6944" lon="3.02283"><ele>820.1</ele></trkpt><trkpt lat="43.69442" lon="3.02245"><ele>822.3</ele></trkpt><trkpt lat="43.69472" lon="3.0211"><ele>837</ele></trkpt><trkpt lat="43.69556" lon="3.01958"><ele>850.1</ele></trkpt><trkpt lat="43.69629" lon="3.01851"><ele>862.7</ele></trkpt><trkpt lat="43.69698" lon="3.01767"><ele>870</ele></trkpt><trkpt lat="43.69724" lon="3.01687"><ele>878.1</ele></trkpt><trkpt lat="43.69775" lon="3.01654"><ele>882</ele></trkpt><trkpt lat="43.69828" lon="3.0154"><ele>890.1</ele></trkpt><trkpt lat="43.69903" lon="3.01423"><ele>896.3</ele></trkpt><trkpt lat="43.69981" lon="3.01429"><ele>903.3</ele></trkpt><trkpt lat="43.70059" lon="3.014"><ele>913.2</ele></trkpt><trkpt lat="43.7016" lon="3.01376"><ele>911.2</ele></trkpt><trkpt lat="43.70267" lon="3.01287"><ele>959.1</ele></trkpt><trkpt lat="43.70344" lon="3.0128"><ele>978.1</ele></trkpt><trkpt lat="43.70356" lon="3.01246"><ele>980.3</ele></trkpt><trkpt lat="43.70367" lon="3.01229"><ele>979.6</ele></trkpt><trkpt lat="43.70427" lon="3.01214"><ele>978</ele></trkpt><trkpt lat="43.70453" lon="3.01179"><ele>972.9</ele></trkpt><trkpt lat="43.70474" lon="3.01159"><ele>969.2</ele></trkpt><trkpt lat="43.70524" lon="3.01166"><ele>963.9</ele></trkpt><trkpt lat="43.70568" lon="3.01216"><ele>957.5</ele></trkpt><trkpt lat="43.706" lon="3.01262"><ele>959.5</ele></trkpt><trkpt lat="43.70638" lon="3.01262"><ele>953.8</ele></trkpt><trkpt lat="43.70594" lon="3.01174"><ele>942.8</ele></trkpt><trkpt lat="43.70575" lon="3.01127"><ele>938.6</ele></trkpt><trkpt lat="43.70579" lon="3.01054"><ele>929.8</ele></trkpt><trkpt lat="43.70567" lon="3.01033"><ele>930.4</ele></trkpt><trkpt lat="43.70576" lon="3.00952"><ele>924</ele></trkpt><trkpt lat="43.7061" lon="3.00846"><ele>914.1</ele></trkpt><trkpt lat="43.70629" lon="3.00701"><ele>910.5</ele></trkpt><trkpt lat="43.706" lon="3.00587"><ele>903</ele></trkpt><trkpt lat="43.70577" lon="3.00513"><ele>898.1</ele></trkpt><trkpt lat="43.70575" lon="3.00468"><ele>893.9</ele></trkpt><trkpt lat="43.70606" lon="3.0029"><ele>887.7</ele></trkpt><trkpt lat="43.70615" lon="3.00254"><ele>885.4</ele></trkpt><trkpt lat="43.70676" lon="3.00169"><ele>880.3</ele></trkpt><trkpt lat="43.70674" lon="3.00122"><ele>888.7</ele></trkpt><trkpt lat="43.7071" lon="3.00075"><ele>881.8</ele></trkpt><trkpt lat="43.70755" lon="2.99903"><ele>881.9</ele></trkpt><trkpt lat="43.70722" lon="2.99815"><ele>885.2</ele></trkpt><trkpt lat="43.70588" lon="2.99792"><ele>905.2</ele></trkpt><trkpt lat="43.70594" lon="2.99748"><ele>909.7</ele></trkpt><trkpt lat="43.70641" lon="2.99723"><ele>909.5</ele></trkpt><trkpt lat="43.70595" lon="2.99701"><ele>918.7</ele></trkpt><trkpt lat="43.70514" lon="2.99719"><ele>927.7</ele></trkpt><trkpt lat="43.70552" lon="2.9963"><ele>930.3</ele></trkpt><trkpt lat="43.70596" lon="2.9956"><ele>934.2</ele></trkpt><trkpt lat="43.70642" lon="2.99478"><ele>939.9</ele></trkpt><trkpt lat="43.70641" lon="2.99422"><ele>941.3</ele></trkpt><trkpt lat="43.70596" lon="2.99402"><ele>940</ele></trkpt><trkpt lat="43.70557" lon="2.99353"><ele>944.3</ele></trkpt><trkpt lat="43.7055" lon="2.99198"><ele>956.5</ele></trkpt><trkpt lat="43.70517" lon="2.99115"><ele>961.1</ele></trkpt><trkpt lat="43.70531" lon="2.99022"><ele>970.6</ele></trkpt><trkpt lat="43.70489" lon="2.98962"><ele>971.4</ele></trkpt><trkpt lat="43.70486" lon="2.98896"><ele>976.5</ele></trkpt><trkpt lat="43.70464" lon="2.9886"><ele>968.6</ele></trkpt><trkpt lat="43.70461" lon="2.988"><ele>972.9</ele></trkpt><trkpt lat="43.70427" lon="2.98798"><ele>967.2</ele></trkpt><trkpt lat="43.70384" lon="2.98757"><ele>970.8</ele></trkpt><trkpt lat="43.70388" lon="2.98682"><ele>977.6</ele></trkpt><trkpt lat="43.70397" lon="2.98658"><ele>980.1</ele></trkpt><trkpt lat="43.70413" lon="2.98629"><ele>982.8</ele></trkpt><trkpt lat="43.70461" lon="2.98567"><ele>989.1</ele></trkpt><trkpt lat="43.70569" lon="2.9852"><ele>993.4</ele></trkpt><trkpt lat="43.70711" lon="2.98539"><ele>999.6</ele></trkpt><trkpt lat="43.70769" lon="2.98486"><ele>998.6</ele></trkpt><trkpt lat="43.70748" lon="2.98315"><ele>989.8</ele></trkpt><trkpt lat="43.7075" lon="2.98232"><ele>995.5</ele></trkpt><trkpt lat="43.70707" lon="2.98197"><ele>986.9</ele></trkpt><trkpt lat="43.70668" lon="2.98077"><ele>983.6</ele></trkpt><trkpt lat="43.70678" lon="2.98"><ele>981.9</ele></trkpt><trkpt lat="43.70656" lon="2.97865"><ele>972.9</ele></trkpt><trkpt lat="43.70648" lon="2.9778"><ele>968.4</ele></trkpt><trkpt lat="43.70565" lon="2.97663"><ele>963.3</ele></trkpt><trkpt lat="43.70552" lon="2.97559"><ele>955.5</ele></trkpt><trkpt lat="43.70648" lon="2.97396"><ele>945.4</ele></trkpt><trkpt lat="43.70585" lon="2.97337"><ele>942.9</ele></trkpt><trkpt lat="43.7055" lon="2.97318"><ele>944.3</ele></trkpt><trkpt lat="43.7052" lon="2.97281"><ele>946.3</ele></trkpt><trkpt lat="43.70509" lon="2.97142"><ele>943.6</ele></trkpt><trkpt lat="43.7054" lon="2.97083"><ele>940.9</ele></trkpt><trkpt lat="43.70497" lon="2.9696"><ele>944</ele></trkpt><trkpt lat="43.70538" lon="2.96911"><ele>940.7</ele></trkpt><trkpt lat="43.70527" lon="2.9682"><ele>938</ele></trkpt><trkpt lat="43.70397" lon="2.96612"><ele>932.5</ele></trkpt><trkpt lat="43.70351" lon="2.96602"><ele>931.8</ele></trkpt><trkpt lat="43.70321" lon="2.96477"><ele>923.6</ele></trkpt><trkpt lat="43.70287" lon="2.96398"><ele>921.2</ele></trkpt><trkpt lat="43.70236" lon="2.96209"><ele>907.7</ele></trkpt><trkpt lat="43.70133" lon="2.96056"><ele>899.2</ele></trkpt><trkpt lat="43.70073" lon="2.95935"><ele>895.1</ele></trkpt><trkpt lat="43.70061" lon="2.95891"><ele>890.2</ele></trkpt><trkpt lat="43.70075" lon="2.9589"><ele>889.4</ele></trkpt><trkpt lat="43.7016" lon="2.95994"><ele>885.3</ele></trkpt><trkpt lat="43.70317" lon="2.96089"><ele>878</ele></trkpt><trkpt lat="43.7037" lon="2.96003"><ele>873</ele></trkpt><trkpt lat="43.70209" lon="2.95927"><ele>876.3</ele></trkpt><trkpt lat="43.70201" lon="2.95918"><ele>876.6</ele></trkpt><trkpt lat="43.70176" lon="2.95866"><ele>877.2</ele></trkpt><trkpt lat="43.70156" lon="2.95834"><ele>877.2</ele></trkpt><trkpt lat="43.70121" lon="2.95811"><ele>878.7</ele></trkpt><trkpt lat="43.69967" lon="2.95795"><ele>883.7</ele></trkpt><trkpt lat="43.69945" lon="2.95784"><ele>883</ele></trkpt><trkpt lat="43.69946" lon="2.9574"><ele>882.1</ele></trkpt><trkpt lat="43.69871" lon="2.95453"><ele>878.4</ele></trkpt><trkpt lat="43.69759" lon="2.95266"><ele>878.8</ele></trkpt><trkpt lat="43.6967" lon="2.9515"><ele>875.7</ele></trkpt><trkpt lat="43.69671" lon="2.95037"><ele>872.4</ele></trkpt><trkpt lat="43.69588" lon="2.94723"><ele>872.1</ele></trkpt><trkpt lat="43.69566" lon="2.94651"><ele>866.5</ele></trkpt><trkpt lat="43.69575" lon="2.94458"><ele>860.9</ele></trkpt><trkpt lat="43.69556" lon="2.94289"><ele>851.7</ele></trkpt><trkpt lat="43.69493" lon="2.93991"><ele>849.5</ele></trkpt><trkpt lat="43.6941" lon="2.9378"><ele>845.4</ele></trkpt><trkpt lat="43.69398" lon="2.93663"><ele>842.6</ele></trkpt><trkpt lat="43.69341" lon="2.9362"><ele>830</ele></trkpt><trkpt lat="43.69275" lon="2.93689"><ele>841.8</ele></trkpt><trkpt lat="43.69273" lon="2.93623"><ele>837.3</ele></trkpt><trkpt lat="43.69295" lon="2.93531"><ele>842.1</ele></trkpt><trkpt lat="43.69255" lon="2.93481"><ele>842</ele></trkpt><trkpt lat="43.69215" lon="2.93415"><ele>833.9</ele></trkpt><trkpt lat="43.69185" lon="2.93393"><ele>835.9</ele></trkpt><trkpt lat="43.69144" lon="2.9334"><ele>841.1</ele></trkpt><trkpt lat="43.691" lon="2.9323"><ele>837.3</ele></trkpt><trkpt lat="43.69072" lon="2.932"><ele>841.9</ele></trkpt><trkpt lat="43.69062" lon="2.93078"><ele>839.5</ele></trkpt><trkpt lat="43.6903" lon="2.92975"><ele>841.6</ele></trkpt><trkpt lat="43.6897" lon="2.92933"><ele>839.2</ele></trkpt><trkpt lat="43.68913" lon="2.92863"><ele>841</ele></trkpt><trkpt lat="43.68855" lon="2.92946"><ele>854.1</ele></trkpt><trkpt lat="43.68807" lon="2.92894"><ele>853.1</ele></trkpt><trkpt lat="43.68742" lon="2.92784"><ele>852.7</ele></trkpt><trkpt lat="43.68737" lon="2.92706"><ele>852.5</ele></trkpt><trkpt lat="43.68726" lon="2.92642"><ele>853</ele></trkpt><trkpt lat="43.68682" lon="2.92528"><ele>850.6</ele></trkpt><trkpt lat="43.68664" lon="2.92443"><ele>845.8</ele></trkpt><trkpt lat="43.6866" lon="2.92387"><ele>841.6</ele></trkpt><trkpt lat="43.68677" lon="2.92337"><ele>838.9</ele></trkpt><trkpt lat="43.68663" lon="2.92383"><ele>841.3</ele></trkpt><trkpt lat="43.68588" lon="2.92427"><ele>846.1</ele></trkpt><trkpt lat="43.68571" lon="2.92442"><ele>847.4</ele></trkpt><trkpt lat="43.68488" lon="2.92544"><ele>851.4</ele></trkpt><trkpt lat="43.68414" lon="2.92662"><ele>851.2</ele></trkpt><trkpt lat="43.6837" lon="2.92702"><ele>850</ele></trkpt><trkpt lat="43.68291" lon="2.92798"><ele>845.2</ele></trkpt><trkpt lat="43.68206" lon="2.92962"><ele>836.4</ele></trkpt><trkpt lat="43.68134" lon="2.92992"><ele>835.4</ele></trkpt><trkpt lat="43.6807" lon="2.9298"><ele>840.1</ele></trkpt><trkpt lat="43.68029" lon="2.92989"><ele>842.7</ele></trkpt><trkpt lat="43.67981" lon="2.92987"><ele>848.5</ele></trkpt><trkpt lat="43.67898" lon="2.92962"><ele>852.2</ele></trkpt><trkpt lat="43.67867" lon="2.92985"><ele>853.1</ele></trkpt><trkpt lat="43.67846" lon="2.92979"><ele>855.2</ele></trkpt><trkpt lat="43.67828" lon="2.92984"><ele>856</ele></trkpt><trkpt lat="43.67791" lon="2.93009"><ele>857.6</ele></trkpt><trkpt lat="43.67756" lon="2.9304"><ele>855.4</ele></trkpt><trkpt lat="43.67728" lon="2.9303"><ele>855.5</ele></trkpt><trkpt lat="43.67705" lon="2.93"><ele>857.6</ele></trkpt><trkpt lat="43.67681" lon="2.93048"><ele>856.3</ele></trkpt><trkpt lat="43.67665" lon="2.93094"><ele>855.7</ele></trkpt><trkpt lat="43.67613" lon="2.93123"><ele>856.8</ele></trkpt><trkpt lat="43.67541" lon="2.93141"><ele>861.3</ele></trkpt><trkpt lat="43.67477" lon="2.93126"><ele>867.6</ele></trkpt><trkpt lat="43.67437" lon="2.93068"><ele>873.4</ele></trkpt><trkpt lat="43.67358" lon="2.93063"><ele>878.8</ele></trkpt><trkpt lat="43.67304" lon="2.93034"><ele>886.5</ele></trkpt><trkpt lat="43.6728" lon="2.93026"><ele>888.8</ele></trkpt><trkpt lat="43.67248" lon="2.92954"><ele>885.9</ele></trkpt><trkpt lat="43.67196" lon="2.92899"><ele>880.3</ele></trkpt><trkpt lat="43.67168" lon="2.92859"><ele>878.7</ele></trkpt><trkpt lat="43.67158" lon="2.92805"><ele>875.9</ele></trkpt><trkpt lat="43.67139" lon="2.92795"><ele>877.2</ele></trkpt><trkpt lat="43.67119" lon="2.92771"><ele>876</ele></trkpt><trkpt lat="43.67095" lon="2.92759"><ele>876.7</ele></trkpt><trkpt lat="43.67076" lon="2.9267"><ele>883.3</ele></trkpt><trkpt lat="43.67077" lon="2.92636"><ele>883.3</ele></trkpt><trkpt lat="43.67048" lon="2.92609"><ele>882.9</ele></trkpt><trkpt lat="43.67019" lon="2.92595"><ele>881.9</ele></trkpt><trkpt lat="43.66983" lon="2.92524"><ele>876.5</ele></trkpt><trkpt lat="43.66951" lon="2.92521"><ele>873.7</ele></trkpt><trkpt lat="43.66922" lon="2.92528"><ele>872.9</ele></trkpt><trkpt lat="43.66866" lon="2.92506"><ele>865.8</ele></trkpt><trkpt lat="43.66859" lon="2.92485"><ele>866</ele></trkpt><trkpt lat="43.66875" lon="2.92463"><ele>867</ele></trkpt><trkpt lat="43.669" lon="2.92449"><ele>865.6</ele></trkpt><trkpt lat="43.66912" lon="2.92426"><ele>869.2</ele></trkpt><trkpt lat="43.66947" lon="2.92424"><ele>870.3</ele></trkpt><trkpt lat="43.66983" lon="2.92405"><ele>872.7</ele></trkpt><trkpt lat="43.67011" lon="2.9237"><ele>875.8</ele></trkpt><trkpt lat="43.67019" lon="2.92327"><ele>881.7</ele></trkpt><trkpt lat="43.6709" lon="2.92254"><ele>880.6</ele></trkpt><trkpt lat="43.67115" lon="2.9224"><ele>881.5</ele></trkpt><trkpt lat="43.67149" lon="2.92201"><ele>881</ele></trkpt><trkpt lat="43.67184" lon="2.92137"><ele>882.2</ele></trkpt><trkpt lat="43.67201" lon="2.92058"><ele>884.9</ele></trkpt><trkpt lat="43.67189" lon="2.92013"><ele>889.5</ele></trkpt><trkpt lat="43.67152" lon="2.91967"><ele>894.5</ele></trkpt><trkpt lat="43.67116" lon="2.91934"><ele>898.4</ele></trkpt><trkpt lat="43.67084" lon="2.91924"><ele>902.9</ele></trkpt><trkpt lat="43.67054" lon="2.91929"><ele>905</ele></trkpt><trkpt lat="43.66996" lon="2.91862"><ele>911.4</ele></trkpt><trkpt lat="43.66972" lon="2.92016"><ele>920.1</ele></trkpt><trkpt lat="43.66935" lon="2.92161"><ele>926.1</ele></trkpt><trkpt lat="43.66909" lon="2.92206"><ele>928.9</ele></trkpt><trkpt lat="43.6685" lon="2.92239"><ele>934</ele></trkpt><trkpt lat="43.66795" lon="2.9232"><ele>938.5</ele></trkpt><trkpt lat="43.66774" lon="2.92346"><ele>939.9</ele></trkpt><trkpt lat="43.66734" lon="2.92377"><ele>938.6</ele></trkpt><trkpt lat="43.66696" lon="2.92383"><ele>937.3</ele></trkpt><trkpt lat="43.66624" lon="2.92326"><ele>938.6</ele></trkpt><trkpt lat="43.66598" lon="2.92311"><ele>936.2</ele></trkpt><trkpt lat="43.66531" lon="2.92289"><ele>939.9</ele></trkpt><trkpt lat="43.66552" lon="2.92367"><ele>937.1</ele></trkpt><trkpt lat="43.66573" lon="2.92495"><ele>940</ele></trkpt><trkpt lat="43.66531" lon="2.92519"><ele>942.4</ele></trkpt><trkpt lat="43.66442" lon="2.92523"><ele>949</ele></trkpt><trkpt lat="43.66383" lon="2.92521"><ele>951.4</ele></trkpt><trkpt lat="43.66245" lon="2.92479"><ele>961.3</ele></trkpt><trkpt lat="43.66332" lon="2.9247"><ele>967.8</ele></trkpt><trkpt lat="43.66376" lon="2.9247"><ele>970.7</ele></trkpt><trkpt lat="43.6631" lon="2.92439"><ele>977.6</ele></trkpt><trkpt lat="43.66241" lon="2.92428"><ele>977</ele></trkpt><trkpt lat="43.66229" lon="2.92412"><ele>981.4</ele></trkpt><trkpt lat="43.66332" lon="2.92421"><ele>985.5</ele></trkpt><trkpt lat="43.66362" lon="2.9239"><ele>987.8</ele></trkpt><trkpt lat="43.66364" lon="2.92318"><ele>991.8</ele></trkpt><trkpt lat="43.66333" lon="2.92242"><ele>996.5</ele></trkpt><trkpt lat="43.66289" lon="2.92167"><ele>1001.8</ele></trkpt><trkpt lat="43.66257" lon="2.92135"><ele>1003.4</ele></trkpt><trkpt lat="43.6621" lon="2.92127"><ele>1009.5</ele></trkpt><trkpt lat="43.66176" lon="2.92093"><ele>1011.8</ele></trkpt><trkpt lat="43.66125" lon="2.92057"><ele>1015.4</ele></trkpt><trkpt lat="43.66111" lon="2.92052"><ele>1016.2</ele></trkpt><trkpt lat="43.66052" lon="2.92047"><ele>1023.9</ele></trkpt><trkpt lat="43.66022" lon="2.9194"><ele>1026.1</ele></trkpt><trkpt lat="43.65969" lon="2.91851"><ele>1033.4</ele></trkpt><trkpt lat="43.65994" lon="2.91956"><ele>1035.9</ele></trkpt><trkpt lat="43.65997" lon="2.91986"><ele>1036.2</ele></trkpt><trkpt lat="43.65985" lon="2.92057"><ele>1039.3</ele></trkpt><trkpt lat="43.65988" lon="2.92116"><ele>1040.9</ele></trkpt><trkpt lat="43.66008" lon="2.92158"><ele>1041.6</ele></trkpt><trkpt lat="43.65983" lon="2.9218"><ele>1042.1</ele></trkpt><trkpt lat="43.65895" lon="2.92205"><ele>1043.6</ele></trkpt><trkpt lat="43.65814" lon="2.92238"><ele>1044.3</ele></trkpt><trkpt lat="43.65683" lon="2.92165"><ele>1050.5</ele></trkpt><trkpt lat="43.65671" lon="2.92162"><ele>1051.5</ele></trkpt><trkpt lat="43.65491" lon="2.92172"><ele>1055.3</ele></trkpt><trkpt lat="43.6546" lon="2.92237"><ele>1054.4</ele></trkpt><trkpt lat="43.65457" lon="2.92288"><ele>1054.5</ele></trkpt><trkpt lat="43.65421" lon="2.92318"><ele>1057.4</ele></trkpt><trkpt lat="43.65362" lon="2.92307"><ele>1060</ele></trkpt><trkpt lat="43.65343" lon="2.92296"><ele>1060.9</ele></trkpt><trkpt lat="43.65317" lon="2.92391"><ele>1062.6</ele></trkpt><trkpt lat="43.65279" lon="2.9249"><ele>1064.5</ele></trkpt><trkpt lat="43.65162" lon="2.92363"><ele>1058</ele></trkpt><trkpt lat="43.65025" lon="2.92237"><ele>1054.3</ele></trkpt><trkpt lat="43.64836" lon="2.92056"><ele>1049</ele></trkpt><trkpt lat="43.64716" lon="2.92063"><ele>1036.9</ele></trkpt><trkpt lat="43.64635" lon="2.92018"><ele>1025.7</ele></trkpt><trkpt lat="43.64569" lon="2.92042"><ele>1022</ele></trkpt><trkpt lat="43.64378" lon="2.92131"><ele>1008.9</ele></trkpt><trkpt lat="43.64297" lon="2.92268"><ele>1009</ele></trkpt><trkpt lat="43.64255" lon="2.92333"><ele>1005.4</ele></trkpt><trkpt lat="43.64202" lon="2.92401"><ele>1004</ele></trkpt><trkpt lat="43.64147" lon="2.92446"><ele>1002.2</ele></trkpt><trkpt lat="43.64027" lon="2.92516"><ele>1000.6</ele></trkpt><trkpt lat="43.63992" lon="2.92578"><ele>1001.1</ele></trkpt><trkpt lat="43.63976" lon="2.92623"><ele>1001.2</ele></trkpt><trkpt lat="43.63912" lon="2.92665"><ele>999.4</ele></trkpt><trkpt lat="43.63867" lon="2.92685"><ele>998.8</ele></trkpt><trkpt lat="43.63797" lon="2.92756"><ele>997.4</ele></trkpt><trkpt lat="43.63753" lon="2.92767"><ele>992.9</ele></trkpt><trkpt lat="43.63701" lon="2.92824"><ele>992.4</ele></trkpt><trkpt lat="43.63643" lon="2.92837"><ele>991.9</ele></trkpt><trkpt lat="43.63568" lon="2.92832"><ele>990.9</ele></trkpt><trkpt lat="43.63483" lon="2.92798"><ele>987.8</ele></trkpt><trkpt lat="43.6326" lon="2.92622"><ele>1006.1</ele></trkpt><trkpt lat="43.63077" lon="2.92592"><ele>1022.5</ele></trkpt><trkpt lat="43.62956" lon="2.92685"><ele>1032.5</ele></trkpt><trkpt lat="43.62887" lon="2.92797"><ele>1036.4</ele></trkpt><trkpt lat="43.62874" lon="2.92936"><ele>1037.5</ele></trkpt><trkpt lat="43.62788" lon="2.93065"><ele>1033.6</ele></trkpt><trkpt lat="43.62678" lon="2.92929"><ele>1036.9</ele></trkpt><trkpt lat="43.62616" lon="2.92858"><ele>1041.8</ele></trkpt><trkpt lat="43.62609" lon="2.92844"><ele>1042.1</ele></trkpt><trkpt lat="43.62569" lon="2.92398"><ele>1046.9</ele></trkpt><trkpt lat="43.62395" lon="2.92233"><ele>1035.9</ele></trkpt><trkpt lat="43.62389" lon="2.91908"><ele>1032.4</ele></trkpt><trkpt lat="43.62184" lon="2.91752"><ele>1046.9</ele></trkpt><trkpt lat="43.62063" lon="2.91651"><ele>1041.4</ele></trkpt><trkpt lat="43.61997" lon="2.91617"><ele>1038.4</ele></trkpt><trkpt lat="43.61829" lon="2.9164"><ele>1037.8</ele></trkpt><trkpt lat="43.61803" lon="2.91638"><ele>1036.9</ele></trkpt><trkpt lat="43.61696" lon="2.91613"><ele>1036.9</ele></trkpt><trkpt lat="43.61526" lon="2.91451"><ele>1037.8</ele></trkpt><trkpt lat="43.61407" lon="2.91296"><ele>1024.6</ele></trkpt><trkpt lat="43.61352" lon="2.91185"><ele>1017.8</ele></trkpt><trkpt lat="43.61249" lon="2.91095"><ele>1016.5</ele></trkpt><trkpt lat="43.6122" lon="2.90996"><ele>1016.1</ele></trkpt><trkpt lat="43.61168" lon="2.90965"><ele>1014.4</ele></trkpt><trkpt lat="43.61142" lon="2.90871"><ele>1015.1</ele></trkpt><trkpt lat="43.61142" lon="2.90745"><ele>1015.6</ele></trkpt><trkpt lat="43.6109" lon="2.90649"><ele>1015.1</ele></trkpt><trkpt lat="43.60976" lon="2.90618"><ele>1016.8</ele></trkpt><trkpt lat="43.60842" lon="2.9066"><ele>1019.9</ele></trkpt><trkpt lat="43.60619" lon="2.90662"><ele>1031.4</ele></trkpt><trkpt lat="43.60556" lon="2.90681"><ele>1033.5</ele></trkpt><trkpt lat="43.60439" lon="2.90636"><ele>1039.3</ele></trkpt><trkpt lat="43.60411" lon="2.90558"><ele>1041.2</ele></trkpt><trkpt lat="43.60381" lon="2.90438"><ele>1044.2</ele></trkpt><trkpt lat="43.60297" lon="2.90352"><ele>1048.7</ele></trkpt><trkpt lat="43.6026" lon="2.90292"><ele>1048.9</ele></trkpt><trkpt lat="43.6024" lon="2.90099"><ele>1055.3</ele></trkpt><trkpt lat="43.60265" lon="2.90066"><ele>1056.4</ele></trkpt><trkpt lat="43.60294" lon="2.90045"><ele>1055.7</ele></trkpt><trkpt lat="43.6034" lon="2.89982"><ele>1052.9</ele></trkpt><trkpt lat="43.60358" lon="2.89952"><ele>1051.3</ele></trkpt><trkpt lat="43.60393" lon="2.8987"><ele>1048</ele></trkpt><trkpt lat="43.60426" lon="2.89823"><ele>1043.3</ele></trkpt><trkpt lat="43.60433" lon="2.89788"><ele>1041.4</ele></trkpt><trkpt lat="43.60423" lon="2.89752"><ele>1041.6</ele></trkpt><trkpt lat="43.60339" lon="2.8961"><ele>1032.5</ele></trkpt><trkpt lat="43.60302" lon="2.89458"><ele>1023.8</ele></trkpt><trkpt lat="43.60294" lon="2.89442"><ele>1023</ele></trkpt><trkpt lat="43.60292" lon="2.89392"><ele>1017.8</ele></trkpt><trkpt lat="43.60284" lon="2.89341"><ele>1014</ele></trkpt><trkpt lat="43.60286" lon="2.89296"><ele>1010.4</ele></trkpt><trkpt lat="43.6028" lon="2.89272"><ele>1008.9</ele></trkpt><trkpt lat="43.60202" lon="2.89196"><ele>998.3</ele></trkpt><trkpt lat="43.60164" lon="2.89192"><ele>997.5</ele></trkpt><trkpt lat="43.60145" lon="2.89179"><ele>994.3</ele></trkpt><trkpt lat="43.60137" lon="2.89142"><ele>991</ele></trkpt><trkpt lat="43.6016" lon="2.89127"><ele>989.1</ele></trkpt><trkpt lat="43.60198" lon="2.89109"><ele>985.6</ele></trkpt><trkpt lat="43.60239" lon="2.89095"><ele>981.8</ele></trkpt><trkpt lat="43.60293" lon="2.89088"><ele>979.3</ele></trkpt><trkpt lat="43.60304" lon="2.89052"><ele>975.9</ele></trkpt><trkpt lat="43.60265" lon="2.88995"><ele>972.6</ele></trkpt><trkpt lat="43.60236" lon="2.88933"><ele>972.6</ele></trkpt><trkpt lat="43.60231" lon="2.88907"><ele>976.5</ele></trkpt><trkpt lat="43.60191" lon="2.88903"><ele>974.1</ele></trkpt><trkpt lat="43.60208" lon="2.88855"><ele>985.5</ele></trkpt><trkpt lat="43.60268" lon="2.88869"><ele>984.6</ele></trkpt><trkpt lat="43.6034" lon="2.88857"><ele>992.1</ele></trkpt><trkpt lat="43.60399" lon="2.8883"><ele>995.9</ele></trkpt><trkpt lat="43.60447" lon="2.8879"><ele>999.8</ele></trkpt><trkpt lat="43.60399" lon="2.88743"><ele>1003.7</ele></trkpt><trkpt lat="43.60308" lon="2.88681"><ele>1009.8</ele></trkpt><trkpt lat="43.6021" lon="2.88652"><ele>1013.3</ele></trkpt><trkpt lat="43.60155" lon="2.88641"><ele>1015.1</ele></trkpt><trkpt lat="43.60137" lon="2.88612"><ele>1016.7</ele></trkpt><trkpt lat="43.60137" lon="2.88536"><ele>1024.5</ele></trkpt><trkpt lat="43.60151" lon="2.88405"><ele>1030.3</ele></trkpt><trkpt lat="43.60169" lon="2.88347"><ele>1035.8</ele></trkpt><trkpt lat="43.60154" lon="2.88217"><ele>1042.4</ele></trkpt><trkpt lat="43.60144" lon="2.88162"><ele>1046.5</ele></trkpt><trkpt lat="43.60113" lon="2.88061"><ele>1050.7</ele></trkpt><trkpt lat="43.60106" lon="2.88019"><ele>1051.8</ele></trkpt><trkpt lat="43.60101" lon="2.87926"><ele>1054.4</ele></trkpt><trkpt lat="43.60146" lon="2.87567"><ele>1055.6</ele></trkpt><trkpt lat="43.6015" lon="2.87479"><ele>1050.7</ele></trkpt><trkpt lat="43.60151" lon="2.87304"><ele>1039.2</ele></trkpt><trkpt lat="43.60081" lon="2.87117"><ele>1034.1</ele></trkpt><trkpt lat="43.60023" lon="2.87041"><ele>1039.7</ele></trkpt><trkpt lat="43.60007" lon="2.86941"><ele>1047.2</ele></trkpt><trkpt lat="43.60104" lon="2.86871"><ele>1048.2</ele></trkpt><trkpt lat="43.60156" lon="2.86803"><ele>1044.9</ele></trkpt><trkpt lat="43.602" lon="2.86705"><ele>1045.9</ele></trkpt><trkpt lat="43.60243" lon="2.86598"><ele>1048.5</ele></trkpt><trkpt lat="43.60266" lon="2.86489"><ele>1045</ele></trkpt><trkpt lat="43.60275" lon="2.86206"><ele>1031.3</ele></trkpt><trkpt lat="43.60322" lon="2.86099"><ele>1028.5</ele></trkpt><trkpt lat="43.60334" lon="2.85961"><ele>1024</ele></trkpt><trkpt lat="43.60325" lon="2.85818"><ele>1021.1</ele></trkpt><trkpt lat="43.60297" lon="2.85722"><ele>1019.1</ele></trkpt><trkpt lat="43.60316" lon="2.85691"><ele>1021.2</ele></trkpt><trkpt lat="43.60537" lon="2.85471"><ele>1034.7</ele></trkpt><trkpt lat="43.60554" lon="2.85436"><ele>1035.1</ele></trkpt><trkpt lat="43.60563" lon="2.85403"><ele>1033.3</ele></trkpt><trkpt lat="43.60569" lon="2.85355"><ele>1031.1</ele></trkpt><trkpt lat="43.60547" lon="2.85303"><ele>1026.3</ele></trkpt><trkpt lat="43.60451" lon="2.85253"><ele>1022.5</ele></trkpt><trkpt lat="43.60324" lon="2.85217"><ele>1015.4</ele></trkpt><trkpt lat="43.60296" lon="2.85204"><ele>1014.1</ele></trkpt><trkpt lat="43.60174" lon="2.85124"><ele>1005.9</ele></trkpt><trkpt lat="43.60167" lon="2.85104"><ele>1004.5</ele></trkpt><trkpt lat="43.60384" lon="2.85092"><ele>996.6</ele></trkpt><trkpt lat="43.60693" lon="2.85049"><ele>993</ele></trkpt><trkpt lat="43.60789" lon="2.85163"><ele>981.4</ele></trkpt><trkpt lat="43.60835" lon="2.8526"><ele>976.8</ele></trkpt><trkpt lat="43.60916" lon="2.85297"><ele>965.2</ele></trkpt><trkpt lat="43.61057" lon="2.85459"><ele>943.8</ele></trkpt><trkpt lat="43.61128" lon="2.85552"><ele>938.2</ele></trkpt><trkpt lat="43.61176" lon="2.85552"><ele>937.3</ele></trkpt><trkpt lat="43.61214" lon="2.85605"><ele>938.2</ele></trkpt><trkpt lat="43.61314" lon="2.85625"><ele>933.4</ele></trkpt><trkpt lat="43.61354" lon="2.8562"><ele>929.3</ele></trkpt><trkpt lat="43.61365" lon="2.85622"><ele>928.2</ele></trkpt><trkpt lat="43.61456" lon="2.85674"><ele>920.5</ele></trkpt><trkpt lat="43.61536" lon="2.85673"><ele>911.6</ele></trkpt><trkpt lat="43.61573" lon="2.85668"><ele>906.6</ele></trkpt><trkpt lat="43.61612" lon="2.85615"><ele>900.8</ele></trkpt><trkpt lat="43.61632" lon="2.85608"><ele>895.2</ele></trkpt><trkpt lat="43.61637" lon="2.85701"><ele>891.1</ele></trkpt><trkpt lat="43.61685" lon="2.85769"><ele>884.9</ele></trkpt><trkpt lat="43.61755" lon="2.8584"><ele>880.6</ele></trkpt><trkpt lat="43.61766" lon="2.85839"><ele>878.6</ele></trkpt><trkpt lat="43.61749" lon="2.85779"><ele>876.1</ele></trkpt><trkpt lat="43.61724" lon="2.85762"><ele>875.4</ele></trkpt><trkpt lat="43.61711" lon="2.85725"><ele>875.8</ele></trkpt><trkpt lat="43.6173" lon="2.8569"><ele>872.6</ele></trkpt><trkpt lat="43.61759" lon="2.85663"><ele>871.5</ele></trkpt><trkpt lat="43.6179" lon="2.85711"><ele>872.6</ele></trkpt><trkpt lat="43.61805" lon="2.85717"><ele>872.8</ele></trkpt><trkpt lat="43.61821" lon="2.85766"><ele>874.3</ele></trkpt><trkpt lat="43.61812" lon="2.85768"><ele>874.2</ele></trkpt><trkpt lat="43.6181" lon="2.85775"><ele>874.1</ele></trkpt><trkpt lat="43.61805" lon="2.85778"><ele>874</ele></trkpt><trkpt lat="43.61824" lon="2.85765"><ele>874.4</ele></trkpt><trkpt lat="43.61804" lon="2.85714"><ele>872.7</ele></trkpt><trkpt lat="43.61787" lon="2.85709"><ele>872.5</ele></trkpt><trkpt lat="43.61758" lon="2.85662"><ele>871.5</ele></trkpt><trkpt lat="43.61723" lon="2.85702"><ele>873.2</ele></trkpt><trkpt lat="43.6171" lon="2.85726"><ele>876</ele></trkpt><trkpt lat="43.61722" lon="2.85752"><ele>875.1</ele></trkpt><trkpt lat="43.61745" lon="2.85778"><ele>876</ele></trkpt><trkpt lat="43.61759" lon="2.85805"><ele>876.3</ele></trkpt><trkpt lat="43.61763" lon="2.85841"><ele>879.4</ele></trkpt><trkpt lat="43.61718" lon="2.85802"><ele>881.6</ele></trkpt><trkpt lat="43.61687" lon="2.85768"><ele>884.2</ele></trkpt><trkpt lat="43.61675" lon="2.85722"><ele>883.6</ele></trkpt><trkpt lat="43.61642" lon="2.85704"><ele>890.2</ele></trkpt><trkpt lat="43.61634" lon="2.85686"><ele>891.9</ele></trkpt><trkpt lat="43.61635" lon="2.85624"><ele>895</ele></trkpt><trkpt lat="43.61623" lon="2.85609"><ele>897.7</ele></trkpt><trkpt lat="43.6157" lon="2.8567"><ele>907.1</ele></trkpt><trkpt lat="43.61533" lon="2.8567"><ele>911.7</ele></trkpt><trkpt lat="43.61513" lon="2.85674"><ele>914.1</ele></trkpt><trkpt lat="43.61477" lon="2.85667"><ele>917.5</ele></trkpt><trkpt lat="43.61458" lon="2.8567"><ele>919.9</ele></trkpt><trkpt lat="43.61363" lon="2.85624"><ele>928.9</ele></trkpt><trkpt lat="43.61297" lon="2.85623"><ele>934.5</ele></trkpt><trkpt lat="43.61214" lon="2.85606"><ele>938.2</ele></trkpt><trkpt lat="43.61173" lon="2.85558"><ele>937.9</ele></trkpt><trkpt lat="43.61132" lon="2.85551"><ele>938</ele></trkpt><trkpt lat="43.6093" lon="2.85322"><ele>965.2</ele></trkpt><trkpt lat="43.60866" lon="2.85267"><ele>972.3</ele></trkpt><trkpt lat="43.60823" lon="2.85241"><ele>978</ele></trkpt><trkpt lat="43.60785" lon="2.85161"><ele>982.2</ele></trkpt><trkpt lat="43.60761" lon="2.85118"><ele>986.2</ele></trkpt><trkpt lat="43.60723" lon="2.85089"><ele>991.1</ele></trkpt><trkpt lat="43.60707" lon="2.85063"><ele>992.6</ele></trkpt><trkpt lat="43.60668" lon="2.85059"><ele>993.2</ele></trkpt><trkpt lat="43.60166" lon="2.85101"><ele>1004.3</ele></trkpt><trkpt lat="43.60174" lon="2.85054"><ele>1002.5</ele></trkpt><trkpt lat="43.60194" lon="2.84992"><ele>1000.4</ele></trkpt><trkpt lat="43.60236" lon="2.84943"><ele>998.6</ele></trkpt><trkpt lat="43.60267" lon="2.84896"><ele>997.9</ele></trkpt><trkpt lat="43.6027" lon="2.84849"><ele>997.4</ele></trkpt><trkpt lat="43.60265" lon="2.84814"><ele>996</ele></trkpt><trkpt lat="43.60253" lon="2.84774"><ele>994.3</ele></trkpt><trkpt lat="43.60233" lon="2.84753"><ele>992.4</ele></trkpt><trkpt lat="43.60183" lon="2.84744"><ele>990.5</ele></trkpt><trkpt lat="43.60118" lon="2.84751"><ele>987.6</ele></trkpt><trkpt lat="43.60076" lon="2.84772"><ele>987.7</ele></trkpt><trkpt lat="43.60054" lon="2.84754"><ele>984.3</ele></trkpt><trkpt lat="43.60063" lon="2.84719"><ele>980.1</ele></trkpt><trkpt lat="43.60105" lon="2.84644"><ele>975.9</ele></trkpt><trkpt lat="43.60129" lon="2.84588"><ele>973.5</ele></trkpt><trkpt lat="43.60127" lon="2.84565"><ele>973.1</ele></trkpt><trkpt lat="43.60048" lon="2.84548"><ele>971.3</ele></trkpt><trkpt lat="43.60023" lon="2.84495"><ele>974.5</ele></trkpt><trkpt lat="43.59992" lon="2.84361"><ele>978.4</ele></trkpt><trkpt lat="43.59973" lon="2.84315"><ele>977.7</ele></trkpt><trkpt lat="43.59884" lon="2.83978"><ele>972.9</ele></trkpt><trkpt lat="43.59817" lon="2.83959"><ele>977.7</ele></trkpt><trkpt lat="43.59718" lon="2.84034"><ele>984.1</ele></trkpt><trkpt lat="43.59688" lon="2.84053"><ele>985.4</ele></trkpt><trkpt lat="43.59597" lon="2.84093"><ele>990.1</ele></trkpt><trkpt lat="43.59513" lon="2.84118"><ele>991.3</ele></trkpt><trkpt lat="43.59372" lon="2.84093"><ele>1001.4</ele></trkpt><trkpt lat="43.59334" lon="2.84133"><ele>1003.1</ele></trkpt><trkpt lat="43.59338" lon="2.84245"><ele>1005.7</ele></trkpt><trkpt lat="43.59314" lon="2.84286"><ele>1005.8</ele></trkpt><trkpt lat="43.59266" lon="2.84301"><ele>1007.7</ele></trkpt><trkpt lat="43.59222" lon="2.84272"><ele>1010.8</ele></trkpt><trkpt lat="43.59193" lon="2.84215"><ele>1010.3</ele></trkpt><trkpt lat="43.59173" lon="2.84125"><ele>1016</ele></trkpt><trkpt lat="43.59189" lon="2.8406"><ele>1017.3</ele></trkpt><trkpt lat="43.59178" lon="2.83971"><ele>1019.5</ele></trkpt><trkpt lat="43.5923" lon="2.83839"><ele>1026.6</ele></trkpt><trkpt lat="43.59231" lon="2.83759"><ele>1029.2</ele></trkpt><trkpt lat="43.59214" lon="2.83681"><ele>1034.1</ele></trkpt><trkpt lat="43.59263" lon="2.83615"><ele>1037.6</ele></trkpt><trkpt lat="43.59247" lon="2.83574"><ele>1041</ele></trkpt><trkpt lat="43.59214" lon="2.83562"><ele>1045.1</ele></trkpt><trkpt lat="43.59109" lon="2.83607"><ele>1053</ele></trkpt><trkpt lat="43.59041" lon="2.83652"><ele>1055.5</ele></trkpt><trkpt lat="43.5898" lon="2.83661"><ele>1058.6</ele></trkpt><trkpt lat="43.58933" lon="2.83634"><ele>1059.3</ele></trkpt><trkpt lat="43.58858" lon="2.8355"><ele>1063.4</ele></trkpt><trkpt lat="43.58703" lon="2.83659"><ele>1064.7</ele></trkpt><trkpt lat="43.58627" lon="2.83667"><ele>1066.6</ele></trkpt><trkpt lat="43.58621" lon="2.8325"><ele>1068.7</ele></trkpt><trkpt lat="43.58546" lon="2.83272"><ele>1063.6</ele></trkpt><trkpt lat="43.58469" lon="2.83274"><ele>1058.8</ele></trkpt><trkpt lat="43.58392" lon="2.83372"><ele>1049.4</ele></trkpt><trkpt lat="43.58304" lon="2.83419"><ele>1041.5</ele></trkpt><trkpt lat="43.58213" lon="2.8345"><ele>1032.4</ele></trkpt><trkpt lat="43.58106" lon="2.83421"><ele>1030.5</ele></trkpt><trkpt lat="43.58057" lon="2.83361"><ele>1028.3</ele></trkpt><trkpt lat="43.5803" lon="2.83273"><ele>1026.6</ele></trkpt><trkpt lat="43.58027" lon="2.8317"><ele>1026.8</ele></trkpt><trkpt lat="43.57989" lon="2.83087"><ele>1032.1</ele></trkpt><trkpt lat="43.57919" lon="2.83084"><ele>1030.1</ele></trkpt><trkpt lat="43.57932" lon="2.82928"><ele>1041.8</ele></trkpt><trkpt lat="43.57946" lon="2.82882"><ele>1043</ele></trkpt><trkpt lat="43.58051" lon="2.82796"><ele>1048.4</ele></trkpt><trkpt lat="43.58074" lon="2.82759"><ele>1048.7</ele></trkpt><trkpt lat="43.57948" lon="2.82662"><ele>1050.3</ele></trkpt><trkpt lat="43.57897" lon="2.82481"><ele>1043.5</ele></trkpt><trkpt lat="43.57701" lon="2.82428"><ele>1044.2</ele></trkpt><trkpt lat="43.57638" lon="2.82387"><ele>1043.1</ele></trkpt><trkpt lat="43.57537" lon="2.82343"><ele>1035.8</ele></trkpt><trkpt lat="43.57415" lon="2.82359"><ele>1038.2</ele></trkpt><trkpt lat="43.57238" lon="2.82235"><ele>1028.6</ele></trkpt><trkpt lat="43.57282" lon="2.8203"><ele>1020.5</ele></trkpt><trkpt lat="43.57307" lon="2.81989"><ele>1017.9</ele></trkpt><trkpt lat="43.57231" lon="2.81983"><ele>1017.5</ele></trkpt><trkpt lat="43.57186" lon="2.81916"><ele>1013.9</ele></trkpt><trkpt lat="43.57173" lon="2.81703"><ele>999.9</ele></trkpt><trkpt lat="43.57155" lon="2.81636"><ele>1000.4</ele></trkpt><trkpt lat="43.57208" lon="2.81447"><ele>999</ele></trkpt><trkpt lat="43.57234" lon="2.81284"><ele>997.9</ele></trkpt><trkpt lat="43.57232" lon="2.81008"><ele>997.3</ele></trkpt><trkpt lat="43.5722" lon="2.80833"><ele>994.4</ele></trkpt><trkpt lat="43.57184" lon="2.80726"><ele>993.7</ele></trkpt><trkpt lat="43.57122" lon="2.80641"><ele>997</ele></trkpt><trkpt lat="43.57031" lon="2.80559"><ele>1000.3</ele></trkpt><trkpt lat="43.56907" lon="2.80627"><ele>1000.5</ele></trkpt><trkpt lat="43.56866" lon="2.80677"><ele>1001.4</ele></trkpt><trkpt lat="43.56842" lon="2.8069"><ele>1003.2</ele></trkpt><trkpt lat="43.56817" lon="2.80652"><ele>1000.7</ele></trkpt><trkpt lat="43.56799" lon="2.80508"><ele>982.8</ele></trkpt><trkpt lat="43.56806" lon="2.80419"><ele>977.2</ele></trkpt><trkpt lat="43.5676" lon="2.80312"><ele>975</ele></trkpt><trkpt lat="43.5669" lon="2.80228"><ele>975.1</ele></trkpt><trkpt lat="43.56618" lon="2.80212"><ele>974.2</ele></trkpt><trkpt lat="43.56534" lon="2.80178"><ele>972.6</ele></trkpt><trkpt lat="43.56481" lon="2.80146"><ele>972.3</ele></trkpt><trkpt lat="43.56423" lon="2.80163"><ele>973.3</ele></trkpt><trkpt lat="43.56331" lon="2.80171"><ele>976.6</ele></trkpt><trkpt lat="43.563" lon="2.80155"><ele>978</ele></trkpt><trkpt lat="43.56257" lon="2.80084"><ele>979.3</ele></trkpt><trkpt lat="43.56178" lon="2.80086"><ele>980.2</ele></trkpt><trkpt lat="43.5612" lon="2.80105"><ele>978.6</ele></trkpt><trkpt lat="43.5609" lon="2.80109"><ele>980.3</ele></trkpt><trkpt lat="43.56052" lon="2.80091"><ele>979.4</ele></trkpt><trkpt lat="43.55943" lon="2.8014"><ele>976</ele></trkpt><trkpt lat="43.55901" lon="2.80173"><ele>973.3</ele></trkpt><trkpt lat="43.55874" lon="2.80235"><ele>974.1</ele></trkpt><trkpt lat="43.55842" lon="2.80232"><ele>974</ele></trkpt><trkpt lat="43.55794" lon="2.80171"><ele>975</ele></trkpt><trkpt lat="43.55725" lon="2.80074"><ele>975.1</ele></trkpt><trkpt lat="43.55643" lon="2.79944"><ele>975.8</ele></trkpt><trkpt lat="43.55487" lon="2.79901"><ele>976.5</ele></trkpt><trkpt lat="43.55346" lon="2.79884"><ele>979.2</ele></trkpt><trkpt lat="43.55309" lon="2.79893"><ele>980.9</ele></trkpt><trkpt lat="43.55238" lon="2.79881"><ele>984</ele></trkpt><trkpt lat="43.5531" lon="2.79726"><ele>976.8</ele></trkpt><trkpt lat="43.55311" lon="2.79675"><ele>973.6</ele></trkpt><trkpt lat="43.55339" lon="2.79592"><ele>968.7</ele></trkpt><trkpt lat="43.5534" lon="2.79544"><ele>968.2</ele></trkpt><trkpt lat="43.55309" lon="2.79503"><ele>967.3</ele></trkpt><trkpt lat="43.55307" lon="2.79325"><ele>966.2</ele></trkpt><trkpt lat="43.55284" lon="2.793"><ele>969</ele></trkpt><trkpt lat="43.55275" lon="2.79283"><ele>970.8</ele></trkpt><trkpt lat="43.5524" lon="2.79274"><ele>973.3</ele></trkpt><trkpt lat="43.55183" lon="2.79218"><ele>977.8</ele></trkpt><trkpt lat="43.55457" lon="2.78396"><ele>972.7</ele></trkpt><trkpt lat="43.55523" lon="2.78188"><ele>961.5</ele></trkpt><trkpt lat="43.55561" lon="2.78105"><ele>956.4</ele></trkpt><trkpt lat="43.55643" lon="2.78011"><ele>950.8</ele></trkpt><trkpt lat="43.55542" lon="2.77889"><ele>946</ele></trkpt><trkpt lat="43.55435" lon="2.77772"><ele>949.1</ele></trkpt><trkpt lat="43.55488" lon="2.7771"><ele>953.9</ele></trkpt><trkpt lat="43.5552" lon="2.77661"><ele>955.7</ele></trkpt><trkpt lat="43.55508" lon="2.77587"><ele>957.1</ele></trkpt><trkpt lat="43.55492" lon="2.77331"><ele>959.5</ele></trkpt><trkpt lat="43.55503" lon="2.77272"><ele>960.6</ele></trkpt><trkpt lat="43.55531" lon="2.77218"><ele>957.1</ele></trkpt><trkpt lat="43.5556" lon="2.77172"><ele>957.1</ele></trkpt><trkpt lat="43.55617" lon="2.77122"><ele>955.3</ele></trkpt><trkpt lat="43.55691" lon="2.77068"><ele>951.4</ele></trkpt><trkpt lat="43.55728" lon="2.77051"><ele>950.3</ele></trkpt><trkpt lat="43.55783" lon="2.77056"><ele>948</ele></trkpt><trkpt lat="43.55814" lon="2.77054"><ele>947.5</ele></trkpt><trkpt lat="43.55826" lon="2.77049"><ele>946.7</ele></trkpt><trkpt lat="43.55839" lon="2.77035"><ele>946.1</ele></trkpt><trkpt lat="43.55832" lon="2.7699"><ele>943.9</ele></trkpt><trkpt lat="43.55835" lon="2.76966"><ele>943.6</ele></trkpt><trkpt lat="43.55845" lon="2.7694"><ele>942.9</ele></trkpt><trkpt lat="43.55878" lon="2.76886"><ele>941.6</ele></trkpt><trkpt lat="43.55897" lon="2.76837"><ele>939.5</ele></trkpt><trkpt lat="43.55927" lon="2.76778"><ele>939.1</ele></trkpt><trkpt lat="43.55946" lon="2.76755"><ele>938.6</ele></trkpt><trkpt lat="43.5597" lon="2.76736"><ele>938.9</ele></trkpt><trkpt lat="43.56033" lon="2.76697"><ele>937.8</ele></trkpt><trkpt lat="43.56123" lon="2.76655"><ele>938.7</ele></trkpt><trkpt lat="43.56156" lon="2.76629"><ele>936.5</ele></trkpt><trkpt lat="43.56176" lon="2.76587"><ele>934.5</ele></trkpt><trkpt lat="43.56189" lon="2.76505"><ele>933.8</ele></trkpt><trkpt lat="43.56207" lon="2.76462"><ele>936.3</ele></trkpt><trkpt lat="43.56269" lon="2.76381"><ele>940.2</ele></trkpt><trkpt lat="43.56273" lon="2.76368"><ele>940.8</ele></trkpt><trkpt lat="43.56264" lon="2.76353"><ele>943</ele></trkpt><trkpt lat="43.56244" lon="2.76358"><ele>943.8</ele></trkpt><trkpt lat="43.56201" lon="2.76407"><ele>942.5</ele></trkpt><trkpt lat="43.56143" lon="2.76409"><ele>943.2</ele></trkpt><trkpt lat="43.56108" lon="2.76375"><ele>947.8</ele></trkpt><trkpt lat="43.5611" lon="2.76354"><ele>949.8</ele></trkpt><trkpt lat="43.56224" lon="2.76271"><ele>955.3</ele></trkpt><trkpt lat="43.56269" lon="2.76276"><ele>956.9</ele></trkpt><trkpt lat="43.56295" lon="2.7627"><ele>957.8</ele></trkpt><trkpt lat="43.56316" lon="2.76251"><ele>959.5</ele></trkpt><trkpt lat="43.56363" lon="2.76191"><ele>962.9</ele></trkpt><trkpt lat="43.56372" lon="2.76161"><ele>963.8</ele></trkpt><trkpt lat="43.56385" lon="2.76135"><ele>965.7</ele></trkpt><trkpt lat="43.56406" lon="2.76122"><ele>966</ele></trkpt><trkpt lat="43.5643" lon="2.76114"><ele>966.2</ele></trkpt><trkpt lat="43.56457" lon="2.76091"><ele>967.9</ele></trkpt><trkpt lat="43.56493" lon="2.7608"><ele>968.6</ele></trkpt><trkpt lat="43.56562" lon="2.76018"><ele>971.7</ele></trkpt><trkpt lat="43.56633" lon="2.75972"><ele>975.8</ele></trkpt><trkpt lat="43.56654" lon="2.75952"><ele>977.4</ele></trkpt><trkpt lat="43.56674" lon="2.75902"><ele>976.5</ele></trkpt><trkpt lat="43.56686" lon="2.75884"><ele>976.5</ele></trkpt><trkpt lat="43.56724" lon="2.75863"><ele>975.1</ele></trkpt><trkpt lat="43.56774" lon="2.75881"><ele>973.6</ele></trkpt><trkpt lat="43.56786" lon="2.75873"><ele>973.3</ele></trkpt><trkpt lat="43.56808" lon="2.75824"><ele>971.8</ele></trkpt><trkpt lat="43.56859" lon="2.75741"><ele>969.3</ele></trkpt><trkpt lat="43.56885" lon="2.75732"><ele>969.6</ele></trkpt><trkpt lat="43.56907" lon="2.75744"><ele>970.4</ele></trkpt><trkpt lat="43.56916" lon="2.75737"><ele>969.6</ele></trkpt><trkpt lat="43.56913" lon="2.75667"><ele>966.6</ele></trkpt><trkpt lat="43.56924" lon="2.75631"><ele>965.8</ele></trkpt><trkpt lat="43.56986" lon="2.75566"><ele>970.2</ele></trkpt><trkpt lat="43.57025" lon="2.75503"><ele>975.1</ele></trkpt><trkpt lat="43.57056" lon="2.75434"><ele>964.3</ele></trkpt><trkpt lat="43.57089" lon="2.75375"><ele>962.2</ele></trkpt><trkpt lat="43.57131" lon="2.75319"><ele>960.3</ele></trkpt><trkpt lat="43.57134" lon="2.75292"><ele>959.5</ele></trkpt><trkpt lat="43.57094" lon="2.75238"><ele>957.8</ele></trkpt><trkpt lat="43.57087" lon="2.75208"><ele>955.8</ele></trkpt><trkpt lat="43.57087" lon="2.75189"><ele>954.9</ele></trkpt><trkpt lat="43.57093" lon="2.75163"><ele>953.6</ele></trkpt><trkpt lat="43.57118" lon="2.75115"><ele>951.6</ele></trkpt><trkpt lat="43.57129" lon="2.75061"><ele>949.9</ele></trkpt><trkpt lat="43.57132" lon="2.75015"><ele>949</ele></trkpt><trkpt lat="43.57111" lon="2.74993"><ele>948.7</ele></trkpt><trkpt lat="43.57076" lon="2.74981"><ele>946.8</ele></trkpt><trkpt lat="43.56941" lon="2.74754"><ele>948.2</ele></trkpt><trkpt lat="43.56917" lon="2.74664"><ele>947.2</ele></trkpt><trkpt lat="43.56913" lon="2.74595"><ele>950.7</ele></trkpt><trkpt lat="43.56871" lon="2.74524"><ele>951.8</ele></trkpt><trkpt lat="43.56863" lon="2.74499"><ele>952.4</ele></trkpt><trkpt lat="43.56866" lon="2.74411"><ele>956.1</ele></trkpt><trkpt lat="43.56877" lon="2.74353"><ele>959.3</ele></trkpt><trkpt lat="43.56848" lon="2.74314"><ele>959.1</ele></trkpt><trkpt lat="43.56812" lon="2.74312"><ele>958.1</ele></trkpt><trkpt lat="43.56771" lon="2.74316"><ele>957.7</ele></trkpt><trkpt lat="43.56763" lon="2.74308"><ele>958.3</ele></trkpt><trkpt lat="43.56808" lon="2.74172"><ele>965.4</ele></trkpt><trkpt lat="43.56816" lon="2.74162"><ele>966.1</ele></trkpt><trkpt lat="43.56826" lon="2.74166"><ele>967.9</ele></trkpt><trkpt lat="43.56819" lon="2.74231"><ele>968.7</ele></trkpt><trkpt lat="43.56828" lon="2.74246"><ele>970.7</ele></trkpt><trkpt lat="43.56833" lon="2.74247"><ele>971.9</ele></trkpt><trkpt lat="43.5684" lon="2.74243"><ele>973.1</ele></trkpt><trkpt lat="43.56852" lon="2.74207"><ele>975.5</ele></trkpt><trkpt lat="43.56872" lon="2.7417"><ele>977.9</ele></trkpt><trkpt lat="43.56983" lon="2.74032"><ele>988.7</ele></trkpt><trkpt lat="43.57037" lon="2.73978"><ele>993.2</ele></trkpt><trkpt lat="43.57114" lon="2.7393"><ele>998.9</ele></trkpt><trkpt lat="43.57172" lon="2.73907"><ele>1004.9</ele></trkpt><trkpt lat="43.57195" lon="2.73857"><ele>1005.9</ele></trkpt><trkpt lat="43.57183" lon="2.73815"><ele>1004.7</ele></trkpt><trkpt lat="43.57129" lon="2.73783"><ele>1007</ele></trkpt><trkpt lat="43.57087" lon="2.73773"><ele>1007.9</ele></trkpt><trkpt lat="43.57078" lon="2.73761"><ele>1008.2</ele></trkpt><trkpt lat="43.57071" lon="2.73731"><ele>1009.3</ele></trkpt><trkpt lat="43.57066" lon="2.73594"><ele>1017.6</ele></trkpt><trkpt lat="43.5705" lon="2.73568"><ele>1017.7</ele></trkpt><trkpt lat="43.5701" lon="2.73531"><ele>1018.7</ele></trkpt><trkpt lat="43.56918" lon="2.73475"><ele>1017.4</ele></trkpt><trkpt lat="43.56815" lon="2.73433"><ele>1010.6</ele></trkpt><trkpt lat="43.56803" lon="2.73401"><ele>1011.1</ele></trkpt><trkpt lat="43.56789" lon="2.73312"><ele>1005.5</ele></trkpt><trkpt lat="43.56782" lon="2.73206"><ele>1002</ele></trkpt><trkpt lat="43.5675" lon="2.73118"><ele>998</ele></trkpt><trkpt lat="43.56752" lon="2.73082"><ele>997</ele></trkpt><trkpt lat="43.56806" lon="2.7294"><ele>993.9</ele></trkpt><trkpt lat="43.56828" lon="2.72933"><ele>994.1</ele></trkpt><trkpt lat="43.56839" lon="2.72934"><ele>994</ele></trkpt><trkpt lat="43.56862" lon="2.72893"><ele>989.3</ele></trkpt><trkpt lat="43.56904" lon="2.72864"><ele>985.9</ele></trkpt><trkpt lat="43.56996" lon="2.72748"><ele>973.4</ele></trkpt><trkpt lat="43.57057" lon="2.72691"><ele>966.1</ele></trkpt><trkpt lat="43.5712" lon="2.72655"><ele>960.4</ele></trkpt><trkpt lat="43.57223" lon="2.72519"><ele>957.5</ele></trkpt><trkpt lat="43.57271" lon="2.72439"><ele>952.9</ele></trkpt><trkpt lat="43.57312" lon="2.7238"><ele>948.9</ele></trkpt><trkpt lat="43.57344" lon="2.7237"><ele>946.8</ele></trkpt><trkpt lat="43.57376" lon="2.72382"><ele>944.5</ele></trkpt><trkpt lat="43.57422" lon="2.72388"><ele>943.9</ele></trkpt><trkpt lat="43.57558" lon="2.72437"><ele>941.8</ele></trkpt><trkpt lat="43.57639" lon="2.72419"><ele>942</ele></trkpt><trkpt lat="43.57659" lon="2.72399"><ele>941.8</ele></trkpt><trkpt lat="43.57678" lon="2.72323"><ele>942.6</ele></trkpt><trkpt lat="43.57694" lon="2.72309"><ele>944.9</ele></trkpt><trkpt lat="43.57719" lon="2.72309"><ele>943.1</ele></trkpt><trkpt lat="43.57749" lon="2.7232"><ele>942</ele></trkpt><trkpt lat="43.57776" lon="2.72315"><ele>941.4</ele></trkpt><trkpt lat="43.57824" lon="2.72268"><ele>945.6</ele></trkpt><trkpt lat="43.57916" lon="2.72131"><ele>954.9</ele></trkpt><trkpt lat="43.57999" lon="2.7195"><ele>954.4</ele></trkpt><trkpt lat="43.58034" lon="2.7185"><ele>943.1</ele></trkpt><trkpt lat="43.58034" lon="2.71787"><ele>938.4</ele></trkpt><trkpt lat="43.58022" lon="2.71678"><ele>932.4</ele></trkpt><trkpt lat="43.58019" lon="2.71604"><ele>930.1</ele></trkpt><trkpt lat="43.58" lon="2.71576"><ele>929</ele></trkpt><trkpt lat="43.57986" lon="2.71537"><ele>927.1</ele></trkpt><trkpt lat="43.57969" lon="2.71395"><ele>925.7</ele></trkpt><trkpt lat="43.57986" lon="2.71223"><ele>928</ele></trkpt><trkpt lat="43.5819" lon="2.71197"><ele>907.7</ele></trkpt><trkpt lat="43.58328" lon="2.71199"><ele>887.3</ele></trkpt><trkpt lat="43.58385" lon="2.71216"><ele>881.4</ele></trkpt><trkpt lat="43.58424" lon="2.71213"><ele>880.6</ele></trkpt><trkpt lat="43.58465" lon="2.71226"><ele>880.6</ele></trkpt><trkpt lat="43.58507" lon="2.71249"><ele>880</ele></trkpt><trkpt lat="43.58569" lon="2.71319"><ele>875.5</ele></trkpt><trkpt lat="43.58579" lon="2.7136"><ele>871.1</ele></trkpt><trkpt lat="43.586" lon="2.71362"><ele>869.7</ele></trkpt><trkpt lat="43.58747" lon="2.71461"><ele>854.6</ele></trkpt><trkpt lat="43.58788" lon="2.71485"><ele>851.6</ele></trkpt><trkpt lat="43.59056" lon="2.7153"><ele>847.9</ele></trkpt><trkpt lat="43.59135" lon="2.71518"><ele>846.8</ele></trkpt><trkpt lat="43.592" lon="2.71462"><ele>844.9</ele></trkpt><trkpt lat="43.5926" lon="2.7143"><ele>840.7</ele></trkpt><trkpt lat="43.59286" lon="2.71378"><ele>838.3</ele></trkpt><trkpt lat="43.59316" lon="2.71295"><ele>833</ele></trkpt><trkpt lat="43.59346" lon="2.71239"><ele>829.1</ele></trkpt><trkpt lat="43.5939" lon="2.71193"><ele>825.9</ele></trkpt><trkpt lat="43.59424" lon="2.71168"><ele>825.3</ele></trkpt><trkpt lat="43.59423" lon="2.71146"><ele>823.3</ele></trkpt><trkpt lat="43.59345" lon="2.71182"><ele>820.1</ele></trkpt><trkpt lat="43.59318" lon="2.71165"><ele>817.9</ele></trkpt><trkpt lat="43.5931" lon="2.71009"><ele>813.1</ele></trkpt><trkpt lat="43.59351" lon="2.70919"><ele>803</ele></trkpt><trkpt lat="43.5936" lon="2.70862"><ele>798.5</ele></trkpt><trkpt lat="43.59375" lon="2.70828"><ele>794.5</ele></trkpt><trkpt lat="43.5942" lon="2.70794"><ele>783.2</ele></trkpt><trkpt lat="43.59421" lon="2.70824"><ele>777.7</ele></trkpt><trkpt lat="43.59492" lon="2.70738"><ele>768.7</ele></trkpt><trkpt lat="43.59486" lon="2.70804"><ele>763.7</ele></trkpt><trkpt lat="43.59515" lon="2.70755"><ele>759.2</ele></trkpt><trkpt lat="43.59514" lon="2.70698"><ele>762.4</ele></trkpt><trkpt lat="43.59562" lon="2.70597"><ele>749.6</ele></trkpt><trkpt lat="43.596" lon="2.70545"><ele>745.9</ele></trkpt><trkpt lat="43.59626" lon="2.70497"><ele>741.8</ele></trkpt><trkpt lat="43.59667" lon="2.70466"><ele>729.3</ele></trkpt><trkpt lat="43.59687" lon="2.70482"><ele>723.2</ele></trkpt><trkpt lat="43.59695" lon="2.70521"><ele>719.3</ele></trkpt><trkpt lat="43.59713" lon="2.70496"><ele>716.3</ele></trkpt><trkpt lat="43.59726" lon="2.70438"><ele>713.9</ele></trkpt><trkpt lat="43.59726" lon="2.70399"><ele>714.2</ele></trkpt><trkpt lat="43.59739" lon="2.7037"><ele>714.3</ele></trkpt><trkpt lat="43.59779" lon="2.70365"><ele>710.8</ele></trkpt><trkpt lat="43.59784" lon="2.7035"><ele>711</ele></trkpt><trkpt lat="43.59784" lon="2.7032"><ele>713</ele></trkpt><trkpt lat="43.59795" lon="2.70266"><ele>712.7</ele></trkpt><trkpt lat="43.59796" lon="2.70343"><ele>707.2</ele></trkpt><trkpt lat="43.59807" lon="2.70359"><ele>702.8</ele></trkpt><trkpt lat="43.59823" lon="2.70356"><ele>699.8</ele></trkpt><trkpt lat="43.59823" lon="2.70238"><ele>695</ele></trkpt><trkpt lat="43.59841" lon="2.70125"><ele>690.2</ele></trkpt><trkpt lat="43.59854" lon="2.701"><ele>690.7</ele></trkpt><trkpt lat="43.59925" lon="2.70162"><ele>688.3</ele></trkpt><trkpt lat="43.59924" lon="2.70228"><ele>687.9</ele></trkpt><trkpt lat="43.59952" lon="2.70275"><ele>685.8</ele></trkpt><trkpt lat="43.60055" lon="2.70349"><ele>694.1</ele></trkpt><trkpt lat="43.60086" lon="2.704"><ele>697.9</ele></trkpt>
</trkseg>
</trk>

</gpx>